utc_iso,unix_ms,received_queue_size
2026-05-23T16:37:20.9712040Z,1779554240971,0
2026-05-23T16:37:21.7470150Z,1779554241747,0
2026-05-23T16:37:21.7981140Z,1779554241798,0
2026-05-23T16:37:21.8395870Z,1779554241839,0
2026-05-23T16:37:21.8790180Z,1779554241879,0
2026-05-23T16:37:21.9184750Z,1779554241918,0
2026-05-23T16:37:21.9589270Z,1779554241958,0
2026-05-23T16:37:21.9978130Z,1779554241997,0
2026-05-23T16:37:22.0366150Z,1779554242036,0
2026-05-23T16:37:22.0750410Z,1779554242075,0
2026-05-23T16:37:22.1139480Z,1779554242113,0
2026-05-23T16:37:22.1535150Z,1779554242153,0
2026-05-23T16:37:22.1944530Z,1779554242194,0
2026-05-23T16:37:22.2334110Z,1779554242233,0
2026-05-23T16:37:22.2729610Z,1779554242272,0
2026-05-23T16:37:22.3118760Z,1779554242311,0
2026-05-23T16:37:22.3511630Z,1779554242351,0
2026-05-23T16:37:22.3903410Z,1779554242390,0
2026-05-23T16:37:22.4292220Z,1779554242429,0
2026-05-23T16:37:22.4678360Z,1779554242467,0
2026-05-23T16:37:22.5069280Z,1779554242506,0
2026-05-23T16:37:22.5456640Z,1779554242545,0
2026-05-23T16:37:22.5845940Z,1779554242584,0
2026-05-23T16:37:22.6240590Z,1779554242624,0
2026-05-23T16:37:22.6631550Z,1779554242663,0
2026-05-23T16:37:22.7020430Z,1779554242702,0
2026-05-23T16:37:22.7415740Z,1779554242741,0
2026-05-23T16:37:22.7805310Z,1779554242780,0
2026-05-23T16:37:22.8194820Z,1779554242819,0
2026-05-23T16:37:22.8594710Z,1779554242859,0
2026-05-23T16:37:22.8985300Z,1779554242898,0
2026-05-23T16:37:22.9376470Z,1779554242937,0
2026-05-23T16:37:22.9772330Z,1779554242977,0
2026-05-23T16:37:23.0155820Z,1779554243015,0
2026-05-23T16:37:23.0539150Z,1779554243053,0
2026-05-23T16:37:23.0950200Z,1779554243095,0
2026-05-23T16:37:23.1337710Z,1779554243133,0
2026-05-23T16:37:23.1726190Z,1779554243172,0
2026-05-23T16:37:23.2140680Z,1779554243214,0
2026-05-23T16:37:23.2528510Z,1779554243252,0
2026-05-23T16:37:23.2913270Z,1779554243291,0
2026-05-23T16:37:23.3304290Z,1779554243330,0
2026-05-23T16:37:23.3690530Z,1779554243369,0
2026-05-23T16:37:23.4111660Z,1779554243411,0
2026-05-23T16:37:23.4483580Z,1779554243448,0
2026-05-23T16:37:23.4882920Z,1779554243488,0
2026-05-23T16:37:23.5272010Z,1779554243527,0
2026-05-23T16:37:23.5654730Z,1779554243565,0
2026-05-23T16:37:23.6034350Z,1779554243603,0
2026-05-23T16:37:23.6409660Z,1779554243640,0
2026-05-23T16:37:23.6801510Z,1779554243680,0
2026-05-23T16:37:23.7195260Z,1779554243719,0
2026-05-23T16:37:23.7590350Z,1779554243759,0
2026-05-23T16:37:23.7983670Z,1779554243798,0
2026-05-23T16:37:23.8369210Z,1779554243836,0
2026-05-23T16:37:23.8759920Z,1779554243875,0
2026-05-23T16:37:23.9144480Z,1779554243914,0
2026-05-23T16:37:23.9526580Z,1779554243952,0
2026-05-23T16:37:23.9906290Z,1779554243990,0
2026-05-23T16:37:24.0307680Z,1779554244030,0
2026-05-23T16:37:24.0716940Z,1779554244071,0
2026-05-23T16:37:24.1113010Z,1779554244111,0
2026-05-23T16:37:24.1503130Z,1779554244150,0
2026-05-23T16:37:24.1892760Z,1779554244189,0
2026-05-23T16:37:24.2281220Z,1779554244228,0
2026-05-23T16:37:24.2670950Z,1779554244267,0
2026-05-23T16:37:24.3058330Z,1779554244305,0
2026-05-23T16:37:24.3445930Z,1779554244344,0
2026-05-23T16:37:24.3834490Z,1779554244383,0
2026-05-23T16:37:24.4220230Z,1779554244422,0
2026-05-23T16:37:24.4605130Z,1779554244460,0
2026-05-23T16:37:24.4992520Z,1779554244499,0
2026-05-23T16:37:24.5365350Z,1779554244536,0
2026-05-23T16:37:24.5744520Z,1779554244574,0
2026-05-23T16:37:24.6129960Z,1779554244612,0
2026-05-23T16:37:24.6511380Z,1779554244651,0
2026-05-23T16:37:24.6894260Z,1779554244689,0
2026-05-23T16:37:24.7280130Z,1779554244728,0
2026-05-23T16:37:24.7661420Z,1779554244766,0
2026-05-23T16:37:24.8051370Z,1779554244805,0
2026-05-23T16:37:24.8435660Z,1779554244843,0
2026-05-23T16:37:24.8826090Z,1779554244882,0
2026-05-23T16:37:24.9226780Z,1779554244922,0
2026-05-23T16:37:24.9613060Z,1779554244961,0
2026-05-23T16:37:24.9995140Z,1779554244999,0
2026-05-23T16:37:25.0382400Z,1779554245038,0
2026-05-23T16:37:25.0780250Z,1779554245078,0
2026-05-23T16:37:25.1163470Z,1779554245116,0
2026-05-23T16:37:25.1544510Z,1779554245154,0
2026-05-23T16:37:25.1929760Z,1779554245192,0
2026-05-23T16:37:25.2309440Z,1779554245230,0
2026-05-23T16:37:25.2691460Z,1779554245269,0
2026-05-23T16:37:25.3076720Z,1779554245307,0
2026-05-23T16:37:25.3463940Z,1779554245346,0
2026-05-23T16:37:25.3845110Z,1779554245384,0
2026-05-23T16:37:25.4230990Z,1779554245423,0
2026-05-23T16:37:25.4617060Z,1779554245461,0
2026-05-23T16:37:25.5002520Z,1779554245500,0
2026-05-23T16:37:25.5385250Z,1779554245538,0
2026-05-23T16:37:25.5769590Z,1779554245576,0
2026-05-23T16:37:25.6155960Z,1779554245615,0
2026-05-23T16:37:25.6537660Z,1779554245653,0
2026-05-23T16:37:25.6923070Z,1779554245692,0
2026-05-23T16:37:25.7309460Z,1779554245730,0
2026-05-23T16:37:25.7695540Z,1779554245769,0
2026-05-23T16:37:25.8084130Z,1779554245808,0
2026-05-23T16:37:25.8467430Z,1779554245846,0
2026-05-23T16:37:25.8853680Z,1779554245885,0
2026-05-23T16:37:25.9243020Z,1779554245924,0
2026-05-23T16:37:25.9626440Z,1779554245962,0
2026-05-23T16:37:26.0011190Z,1779554246001,0
2026-05-23T16:37:26.0397130Z,1779554246039,0
2026-05-23T16:37:26.0777420Z,1779554246077,0
2026-05-23T16:37:26.1161200Z,1779554246116,0
2026-05-23T16:37:26.1551440Z,1779554246155,0
2026-05-23T16:37:26.1941470Z,1779554246194,0
2026-05-23T16:37:26.2403880Z,1779554246240,0
2026-05-23T16:37:26.2796820Z,1779554246279,0
2026-05-23T16:37:26.3183700Z,1779554246318,0
2026-05-23T16:37:26.3645690Z,1779554246364,0
2026-05-23T16:37:26.4031010Z,1779554246403,0
2026-05-23T16:37:26.4415260Z,1779554246441,0
2026-05-23T16:37:26.4801700Z,1779554246480,0
2026-05-23T16:37:26.5188960Z,1779554246518,0
2026-05-23T16:37:26.5588320Z,1779554246558,0
2026-05-23T16:37:26.5971860Z,1779554246597,0
2026-05-23T16:37:26.6357680Z,1779554246635,0
2026-05-23T16:37:26.6747330Z,1779554246674,0
2026-05-23T16:37:26.7147900Z,1779554246714,0
2026-05-23T16:37:26.7533130Z,1779554246753,0
2026-05-23T16:37:26.7920560Z,1779554246792,0
2026-05-23T16:37:26.8309400Z,1779554246830,0
2026-05-23T16:37:26.8693170Z,1779554246869,0
2026-05-23T16:37:26.9074070Z,1779554246907,0
2026-05-23T16:37:26.9472970Z,1779554246947,0
2026-05-23T16:37:26.9861320Z,1779554246986,0
2026-05-23T16:37:27.0245040Z,1779554247024,0
2026-05-23T16:37:27.0632810Z,1779554247063,0
2026-05-23T16:37:27.1041410Z,1779554247104,0
2026-05-23T16:37:27.1429650Z,1779554247142,0
2026-05-23T16:37:27.1815420Z,1779554247181,0
2026-05-23T16:37:27.2205750Z,1779554247220,0
2026-05-23T16:37:27.2602890Z,1779554247260,0
2026-05-23T16:37:27.2978670Z,1779554247297,0
2026-05-23T16:37:27.3369180Z,1779554247336,0
2026-05-23T16:37:27.3764520Z,1779554247376,0
2026-05-23T16:37:27.4149870Z,1779554247414,0
2026-05-23T16:37:27.4535850Z,1779554247453,0
2026-05-23T16:37:27.4926430Z,1779554247492,0
2026-05-23T16:37:27.5313120Z,1779554247531,0
2026-05-23T16:37:27.5702510Z,1779554247570,0
2026-05-23T16:37:27.6089440Z,1779554247608,0
2026-05-23T16:37:27.6466920Z,1779554247646,0
2026-05-23T16:37:27.6852950Z,1779554247685,0
2026-05-23T16:37:27.7238650Z,1779554247723,0
2026-05-23T16:37:27.7635380Z,1779554247763,0
2026-05-23T16:37:27.8025000Z,1779554247802,0
2026-05-23T16:37:27.8423800Z,1779554247842,0
2026-05-23T16:37:27.8817120Z,1779554247881,0
2026-05-23T16:37:27.9213030Z,1779554247921,0
2026-05-23T16:37:27.9612870Z,1779554247961,0
2026-05-23T16:37:28.0026280Z,1779554248002,0
2026-05-23T16:37:28.0413360Z,1779554248041,0
2026-05-23T16:37:28.0797710Z,1779554248079,0
2026-05-23T16:37:28.1196330Z,1779554248119,0
2026-05-23T16:37:28.1597530Z,1779554248159,0
2026-05-23T16:37:28.1996280Z,1779554248199,0
2026-05-23T16:37:28.2392490Z,1779554248239,0
2026-05-23T16:37:28.2787140Z,1779554248278,0
2026-05-23T16:37:28.3170800Z,1779554248317,0
2026-05-23T16:37:28.3571500Z,1779554248357,0
2026-05-23T16:37:28.3957170Z,1779554248395,0
2026-05-23T16:37:28.4339300Z,1779554248433,0
2026-05-23T16:37:28.4726960Z,1779554248472,0
2026-05-23T16:37:28.5113020Z,1779554248511,0
2026-05-23T16:37:28.5494630Z,1779554248549,0
2026-05-23T16:37:28.5878370Z,1779554248587,0
2026-05-23T16:37:28.6264760Z,1779554248626,0
2026-05-23T16:37:28.6643300Z,1779554248664,0
2026-05-23T16:37:28.7026100Z,1779554248702,0
2026-05-23T16:37:28.7410960Z,1779554248741,0
2026-05-23T16:37:28.7797950Z,1779554248779,0
2026-05-23T16:37:28.8186650Z,1779554248818,0
2026-05-23T16:37:28.8569650Z,1779554248856,0
2026-05-23T16:37:28.8962040Z,1779554248896,0
2026-05-23T16:37:28.9344670Z,1779554248934,0
2026-05-23T16:37:28.9732870Z,1779554248973,0
2026-05-23T16:37:29.0123670Z,1779554249012,0
2026-05-23T16:37:29.0510000Z,1779554249051,0
2026-05-23T16:37:29.0894310Z,1779554249089,0
2026-05-23T16:37:29.1284130Z,1779554249128,0
2026-05-23T16:37:29.1668550Z,1779554249166,0
2026-05-23T16:37:29.2060990Z,1779554249206,0
2026-05-23T16:37:29.2441550Z,1779554249244,0
2026-05-23T16:37:29.2830290Z,1779554249283,0
2026-05-23T16:37:29.3269640Z,1779554249326,0
2026-05-23T16:37:29.3700720Z,1779554249370,0
2026-05-23T16:37:29.4126210Z,1779554249412,0
2026-05-23T16:37:29.4548820Z,1779554249454,0
2026-05-23T16:37:29.4978690Z,1779554249497,0
2026-05-23T16:37:29.5374350Z,1779554249537,0
2026-05-23T16:37:29.5766380Z,1779554249576,0
2026-05-23T16:37:29.6156640Z,1779554249615,0
2026-05-23T16:37:29.6538040Z,1779554249653,0
2026-05-23T16:37:29.6922430Z,1779554249692,0
2026-05-23T16:37:29.7314850Z,1779554249731,0
2026-05-23T16:37:29.7709040Z,1779554249770,0
2026-05-23T16:37:29.8094370Z,1779554249809,0
2026-05-23T16:37:29.8481350Z,1779554249848,0
2026-05-23T16:37:29.8865950Z,1779554249886,0
2026-05-23T16:37:29.9248710Z,1779554249924,0
2026-05-23T16:37:29.9629670Z,1779554249962,0
2026-05-23T16:37:30.0018430Z,1779554250001,0
2026-05-23T16:37:30.0402910Z,1779554250040,0
2026-05-23T16:37:30.0783750Z,1779554250078,0
2026-05-23T16:37:30.1170480Z,1779554250117,0
2026-05-23T16:37:30.1554770Z,1779554250155,0
2026-05-23T16:37:30.1953260Z,1779554250195,0
2026-05-23T16:37:30.2343210Z,1779554250234,0
2026-05-23T16:37:30.2730970Z,1779554250273,0
2026-05-23T16:37:30.3118970Z,1779554250311,0
2026-05-23T16:37:30.3507410Z,1779554250350,0
2026-05-23T16:37:30.3900420Z,1779554250390,0
2026-05-23T16:37:30.4284710Z,1779554250428,0
2026-05-23T16:37:30.4669510Z,1779554250466,0
2026-05-23T16:37:30.5049110Z,1779554250504,0
2026-05-23T16:37:30.5431660Z,1779554250543,0
2026-05-23T16:37:30.5822380Z,1779554250582,0
2026-05-23T16:37:30.6194540Z,1779554250619,0
2026-05-23T16:37:30.6577300Z,1779554250657,0
2026-05-23T16:37:30.6959670Z,1779554250695,0
2026-05-23T16:37:30.7342090Z,1779554250734,0
2026-05-23T16:37:30.7725680Z,1779554250772,0
2026-05-23T16:37:30.8112970Z,1779554250811,0
2026-05-23T16:37:30.8497210Z,1779554250849,0
2026-05-23T16:37:30.8880590Z,1779554250888,0
2026-05-23T16:37:30.9267360Z,1779554250926,0
2026-05-23T16:37:30.9644740Z,1779554250964,0
2026-05-23T16:37:31.0026310Z,1779554251002,0
2026-05-23T16:37:31.0410420Z,1779554251041,0
2026-05-23T16:37:31.0796760Z,1779554251079,0
2026-05-23T16:37:31.1180170Z,1779554251118,0
2026-05-23T16:37:31.1572970Z,1779554251157,0
2026-05-23T16:37:31.1958770Z,1779554251195,0
2026-05-23T16:37:31.2345410Z,1779554251234,0
2026-05-23T16:37:31.2728970Z,1779554251272,0
2026-05-23T16:37:31.3112400Z,1779554251311,0
2026-05-23T16:37:31.3496160Z,1779554251349,0
2026-05-23T16:37:31.3885170Z,1779554251388,0
2026-05-23T16:37:31.4269170Z,1779554251426,0
2026-05-23T16:37:31.4649660Z,1779554251464,0
2026-05-23T16:37:31.5032970Z,1779554251503,0
2026-05-23T16:37:31.5401610Z,1779554251540,0
2026-05-23T16:37:31.5787570Z,1779554251578,0
2026-05-23T16:37:31.6171800Z,1779554251617,0
2026-05-23T16:37:31.6550890Z,1779554251655,0
2026-05-23T16:37:31.6939910Z,1779554251693,0
2026-05-23T16:37:31.7323010Z,1779554251732,0
2026-05-23T16:37:31.7706870Z,1779554251770,0
2026-05-23T16:37:31.8094300Z,1779554251809,0
2026-05-23T16:37:31.8474450Z,1779554251847,0
2026-05-23T16:37:31.8861780Z,1779554251886,0
2026-05-23T16:37:31.9243820Z,1779554251924,0
2026-05-23T16:37:31.9627050Z,1779554251962,0
2026-05-23T16:37:32.0010040Z,1779554252001,0
2026-05-23T16:37:32.0393990Z,1779554252039,0
2026-05-23T16:37:32.0776530Z,1779554252077,0
2026-05-23T16:37:32.1181890Z,1779554252118,0
2026-05-23T16:37:32.1563940Z,1779554252156,0
2026-05-23T16:37:32.1946270Z,1779554252194,0
2026-05-23T16:37:32.2331550Z,1779554252233,0
2026-05-23T16:37:32.2716840Z,1779554252271,0
2026-05-23T16:37:32.3109990Z,1779554252310,0
2026-05-23T16:37:32.3497760Z,1779554252349,0
2026-05-23T16:37:32.3885550Z,1779554252388,0
2026-05-23T16:37:32.4272080Z,1779554252427,0
2026-05-23T16:37:32.4654870Z,1779554252465,0
2026-05-23T16:37:32.5037940Z,1779554252503,0
2026-05-23T16:37:32.5425870Z,1779554252542,0
2026-05-23T16:37:32.5816920Z,1779554252581,0
2026-05-23T16:37:32.6204000Z,1779554252620,0
2026-05-23T16:37:32.6588440Z,1779554252658,0
2026-05-23T16:37:32.6962590Z,1779554252696,0
2026-05-23T16:37:32.7343340Z,1779554252734,0
2026-05-23T16:37:32.7729110Z,1779554252772,0
2026-05-23T16:37:32.8113170Z,1779554252811,0
2026-05-23T16:37:32.8498680Z,1779554252849,0
2026-05-23T16:37:32.8883650Z,1779554252888,0
2026-05-23T16:37:32.9285640Z,1779554252928,0
2026-05-23T16:37:32.9708940Z,1779554252970,0
2026-05-23T16:37:33.0119710Z,1779554253011,0
2026-05-23T16:37:33.0581470Z,1779554253058,0
2026-05-23T16:37:33.1027650Z,1779554253102,0
2026-05-23T16:37:33.1436110Z,1779554253143,0
2026-05-23T16:37:33.1832810Z,1779554253183,0
2026-05-23T16:37:33.2224900Z,1779554253222,0
2026-05-23T16:37:33.2610940Z,1779554253261,0
2026-05-23T16:37:33.2990790Z,1779554253299,0
2026-05-23T16:37:33.3374210Z,1779554253337,0
2026-05-23T16:37:33.3763170Z,1779554253376,0
2026-05-23T16:37:33.4146630Z,1779554253414,0
2026-05-23T16:37:33.4533850Z,1779554253453,0
2026-05-23T16:37:33.4917840Z,1779554253491,0
2026-05-23T16:37:33.5301370Z,1779554253530,0
2026-05-23T16:37:33.5689490Z,1779554253568,0
2026-05-23T16:37:33.6079480Z,1779554253607,0
2026-05-23T16:37:33.6462280Z,1779554253646,0
2026-05-23T16:37:33.6844390Z,1779554253684,0
2026-05-23T16:37:33.7219070Z,1779554253721,0
2026-05-23T16:37:33.7615040Z,1779554253761,0
2026-05-23T16:37:33.7998680Z,1779554253799,0
2026-05-23T16:37:33.8392500Z,1779554253839,0
2026-05-23T16:37:33.8784930Z,1779554253878,0
2026-05-23T16:37:33.9171710Z,1779554253917,0
2026-05-23T16:37:33.9565120Z,1779554253956,0
2026-05-23T16:37:33.9958770Z,1779554253995,0
2026-05-23T16:37:34.0346180Z,1779554254034,0
2026-05-23T16:37:34.0732960Z,1779554254073,0
2026-05-23T16:37:34.1120080Z,1779554254112,0
2026-05-23T16:37:34.1510150Z,1779554254151,0
2026-05-23T16:37:34.1896260Z,1779554254189,0
2026-05-23T16:37:34.2286190Z,1779554254228,0
2026-05-23T16:37:34.2658920Z,1779554254265,0
2026-05-23T16:37:34.3045780Z,1779554254304,0
2026-05-23T16:37:34.3454500Z,1779554254345,0
2026-05-23T16:37:34.3840640Z,1779554254384,0
2026-05-23T16:37:34.4225050Z,1779554254422,0
2026-05-23T16:37:34.4609130Z,1779554254460,0
2026-05-23T16:37:34.4997850Z,1779554254499,0
2026-05-23T16:37:34.5390540Z,1779554254539,0
2026-05-23T16:37:34.5781650Z,1779554254578,0
2026-05-23T16:37:34.6162220Z,1779554254616,0
2026-05-23T16:37:34.6533930Z,1779554254653,0
2026-05-23T16:37:34.6919260Z,1779554254691,0
2026-05-23T16:37:34.7301650Z,1779554254730,0
2026-05-23T16:37:34.7686350Z,1779554254768,0
2026-05-23T16:37:34.8073140Z,1779554254807,0
2026-05-23T16:37:34.8460510Z,1779554254846,0
2026-05-23T16:37:34.8846190Z,1779554254884,0
2026-05-23T16:37:34.9233690Z,1779554254923,0
2026-05-23T16:37:34.9632900Z,1779554254963,0
2026-05-23T16:37:35.0024410Z,1779554255002,0
2026-05-23T16:37:35.0411150Z,1779554255041,0
2026-05-23T16:37:35.0799370Z,1779554255079,0
2026-05-23T16:37:35.1191510Z,1779554255119,0
2026-05-23T16:37:35.1581400Z,1779554255158,0
2026-05-23T16:37:35.1975550Z,1779554255197,0
2026-05-23T16:37:35.2371890Z,1779554255237,0
2026-05-23T16:37:35.2760740Z,1779554255276,0
2026-05-23T16:37:35.3144250Z,1779554255314,0
2026-05-23T16:37:35.3533520Z,1779554255353,0
2026-05-23T16:37:35.3930760Z,1779554255393,0
2026-05-23T16:37:35.4320690Z,1779554255432,0
2026-05-23T16:37:35.4709040Z,1779554255470,0
2026-05-23T16:37:35.5109220Z,1779554255510,0
2026-05-23T16:37:35.5490700Z,1779554255549,0
2026-05-23T16:37:35.5883760Z,1779554255588,0
2026-05-23T16:37:35.6270500Z,1779554255627,0
2026-05-23T16:37:35.6661460Z,1779554255666,0
2026-05-23T16:37:35.7075080Z,1779554255707,0
2026-05-23T16:37:35.7469050Z,1779554255746,0
2026-05-23T16:37:35.7858820Z,1779554255785,0
2026-05-23T16:37:35.8274420Z,1779554255827,0
2026-05-23T16:37:35.8667650Z,1779554255866,0
2026-05-23T16:37:35.9061490Z,1779554255906,0
2026-05-23T16:37:35.9450430Z,1779554255945,0
2026-05-23T16:37:35.9837260Z,1779554255983,0
2026-05-23T16:37:36.0219390Z,1779554256021,0
2026-05-23T16:37:36.0602180Z,1779554256060,0
2026-05-23T16:37:36.0983570Z,1779554256098,0
2026-05-23T16:37:36.1366040Z,1779554256136,0
2026-05-23T16:37:36.1749690Z,1779554256174,0
2026-05-23T16:37:36.2144610Z,1779554256214,0
2026-05-23T16:37:36.2534910Z,1779554256253,0
2026-05-23T16:37:36.2929610Z,1779554256292,0
2026-05-23T16:37:36.3315670Z,1779554256331,0
2026-05-23T16:37:36.3705130Z,1779554256370,0
2026-05-23T16:37:36.4096520Z,1779554256409,0
2026-05-23T16:37:36.4478180Z,1779554256447,0
2026-05-23T16:37:36.4864070Z,1779554256486,0
2026-05-23T16:37:36.5248750Z,1779554256524,0
2026-05-23T16:37:36.5642610Z,1779554256564,0
2026-05-23T16:37:36.6025450Z,1779554256602,0
2026-05-23T16:37:36.6411310Z,1779554256641,0
2026-05-23T16:37:36.6804810Z,1779554256680,0
2026-05-23T16:37:36.7189000Z,1779554256718,0
2026-05-23T16:37:36.7574860Z,1779554256757,0
2026-05-23T16:37:36.7958840Z,1779554256795,0
2026-05-23T16:37:36.8346340Z,1779554256834,0
2026-05-23T16:37:36.8735080Z,1779554256873,0
2026-05-23T16:37:36.9121140Z,1779554256912,0
2026-05-23T16:37:36.9506080Z,1779554256950,0
2026-05-23T16:37:36.9890550Z,1779554256989,0
2026-05-23T16:37:37.0294750Z,1779554257029,0
2026-05-23T16:37:37.0670150Z,1779554257067,0
2026-05-23T16:37:37.1065220Z,1779554257106,0
2026-05-23T16:37:37.1470820Z,1779554257147,0
2026-05-23T16:37:37.1858890Z,1779554257185,0
2026-05-23T16:37:37.2250110Z,1779554257225,0
2026-05-23T16:37:37.2640720Z,1779554257264,0
2026-05-23T16:37:37.3037390Z,1779554257303,0
2026-05-23T16:37:37.3429080Z,1779554257342,0
2026-05-23T16:37:37.3816430Z,1779554257381,0
2026-05-23T16:37:37.4212930Z,1779554257421,0
2026-05-23T16:37:37.4605680Z,1779554257460,0
2026-05-23T16:37:37.4992620Z,1779554257499,0
2026-05-23T16:37:37.5381900Z,1779554257538,0
2026-05-23T16:37:37.5770540Z,1779554257577,0
2026-05-23T16:37:37.6160010Z,1779554257616,0
2026-05-23T16:37:37.6542190Z,1779554257654,0
2026-05-23T16:37:37.6927920Z,1779554257692,0
2026-05-23T16:37:37.7311470Z,1779554257731,0
2026-05-23T16:37:37.7694930Z,1779554257769,0
2026-05-23T16:37:37.8080390Z,1779554257808,0
2026-05-23T16:37:37.8464860Z,1779554257846,0
2026-05-23T16:37:37.8847190Z,1779554257884,0
2026-05-23T16:37:37.9237550Z,1779554257923,0
2026-05-23T16:37:37.9623340Z,1779554257962,0
2026-05-23T16:37:38.0008180Z,1779554258000,0
2026-05-23T16:37:38.0393520Z,1779554258039,0
2026-05-23T16:37:38.0767880Z,1779554258076,0
2026-05-23T16:37:38.1149760Z,1779554258114,0
2026-05-23T16:37:38.1536600Z,1779554258153,0
2026-05-23T16:37:38.1920330Z,1779554258192,0
2026-05-23T16:37:38.2303530Z,1779554258230,0
2026-05-23T16:37:38.2690840Z,1779554258269,0
2026-05-23T16:37:38.3075620Z,1779554258307,0
2026-05-23T16:37:38.3478760Z,1779554258347,0
2026-05-23T16:37:38.3869160Z,1779554258386,0
2026-05-23T16:37:38.4259290Z,1779554258425,0
2026-05-23T16:37:38.4638140Z,1779554258463,0
2026-05-23T16:37:38.5021140Z,1779554258502,0
2026-05-23T16:37:38.5405670Z,1779554258540,0
2026-05-23T16:37:38.5795420Z,1779554258579,0
2026-05-23T16:37:38.6210990Z,1779554258621,0
2026-05-23T16:37:38.6604160Z,1779554258660,0
2026-05-23T16:37:38.6992490Z,1779554258699,0
2026-05-23T16:37:38.7378490Z,1779554258737,0
2026-05-23T16:37:38.7762200Z,1779554258776,0
2026-05-23T16:37:38.8149230Z,1779554258814,0
2026-05-23T16:37:38.8572280Z,1779554258857,0
2026-05-23T16:37:38.8975780Z,1779554258897,0
2026-05-23T16:37:38.9363650Z,1779554258936,0
2026-05-23T16:37:38.9773310Z,1779554258977,0
2026-05-23T16:37:39.0156930Z,1779554259015,0
2026-05-23T16:37:39.0552250Z,1779554259055,0
2026-05-23T16:37:39.0939750Z,1779554259093,0
2026-05-23T16:37:39.1328860Z,1779554259132,0
2026-05-23T16:37:39.1713110Z,1779554259171,0
2026-05-23T16:37:39.2097700Z,1779554259209,0
2026-05-23T16:37:39.2478890Z,1779554259247,0
2026-05-23T16:37:39.2876350Z,1779554259287,0
2026-05-23T16:37:39.3307620Z,1779554259330,0
2026-05-23T16:37:39.3730250Z,1779554259373,0
2026-05-23T16:37:39.4181220Z,1779554259418,0
2026-05-23T16:37:39.4608090Z,1779554259460,0
2026-05-23T16:37:39.5034250Z,1779554259503,0
2026-05-23T16:37:39.5441170Z,1779554259544,0
2026-05-23T16:37:39.5826720Z,1779554259582,0
2026-05-23T16:37:39.6213420Z,1779554259621,0
2026-05-23T16:37:39.6600670Z,1779554259660,0
2026-05-23T16:37:39.7052190Z,1779554259705,0
2026-05-23T16:37:39.7441340Z,1779554259744,0
2026-05-23T16:37:39.7828700Z,1779554259782,0
2026-05-23T16:37:39.8219170Z,1779554259821,0
2026-05-23T16:37:39.8605990Z,1779554259860,0
2026-05-23T16:37:39.8993620Z,1779554259899,0
2026-05-23T16:37:39.9387030Z,1779554259938,0
2026-05-23T16:37:39.9778180Z,1779554259977,0
2026-05-23T16:37:40.0163710Z,1779554260016,0
2026-05-23T16:37:40.0546230Z,1779554260054,0
2026-05-23T16:37:40.0932770Z,1779554260093,0
2026-05-23T16:37:40.1312930Z,1779554260131,0
2026-05-23T16:37:40.1696570Z,1779554260169,0
2026-05-23T16:37:40.2080900Z,1779554260208,0
2026-05-23T16:37:40.2461330Z,1779554260246,0
2026-05-23T16:37:40.2844740Z,1779554260284,0
2026-05-23T16:37:40.3235300Z,1779554260323,0
2026-05-23T16:37:40.3623410Z,1779554260362,0
2026-05-23T16:37:40.4012490Z,1779554260401,0
2026-05-23T16:37:40.4396660Z,1779554260439,0
2026-05-23T16:37:40.4783240Z,1779554260478,0
2026-05-23T16:37:40.5177870Z,1779554260517,0
2026-05-23T16:37:40.5565760Z,1779554260556,0
2026-05-23T16:37:40.5949510Z,1779554260594,0
2026-05-23T16:37:40.6337850Z,1779554260633,0
2026-05-23T16:37:40.6722050Z,1779554260672,0
2026-05-23T16:37:40.7103610Z,1779554260710,0
2026-05-23T16:37:40.7487840Z,1779554260748,0
2026-05-23T16:37:40.7872270Z,1779554260787,0
2026-05-23T16:37:40.8257670Z,1779554260825,0
2026-05-23T16:37:40.8647370Z,1779554260864,0
2026-05-23T16:37:40.9030830Z,1779554260903,0
2026-05-23T16:37:40.9415240Z,1779554260941,0
2026-05-23T16:37:40.9801700Z,1779554260980,0
2026-05-23T16:37:41.0185810Z,1779554261018,0
2026-05-23T16:37:41.0570690Z,1779554261057,0
2026-05-23T16:37:41.0954650Z,1779554261095,0
2026-05-23T16:37:41.1332390Z,1779554261133,0
2026-05-23T16:37:41.1715040Z,1779554261171,0
2026-05-23T16:37:41.2102050Z,1779554261210,0
2026-05-23T16:37:41.2482060Z,1779554261248,0
2026-05-23T16:37:41.2864690Z,1779554261286,0
2026-05-23T16:37:41.3249310Z,1779554261324,0
2026-05-23T16:37:41.3629100Z,1779554261362,0
2026-05-23T16:37:41.4010940Z,1779554261401,0
2026-05-23T16:37:41.4397240Z,1779554261439,0
2026-05-23T16:37:41.4777660Z,1779554261477,0
2026-05-23T16:37:41.5173850Z,1779554261517,0
2026-05-23T16:37:41.5564900Z,1779554261556,0
2026-05-23T16:37:41.5947800Z,1779554261594,0
2026-05-23T16:37:41.6333230Z,1779554261633,0
2026-05-23T16:37:41.6721670Z,1779554261672,0
2026-05-23T16:37:41.7104700Z,1779554261710,0
2026-05-23T16:37:41.7489890Z,1779554261748,0
2026-05-23T16:37:41.7888020Z,1779554261788,0
2026-05-23T16:37:41.8274290Z,1779554261827,0
2026-05-23T16:37:41.8656120Z,1779554261865,0
2026-05-23T16:37:41.9032480Z,1779554261903,0
2026-05-23T16:37:41.9415900Z,1779554261941,0
2026-05-23T16:37:41.9805250Z,1779554261980,0
2026-05-23T16:37:42.0188830Z,1779554262018,0
2026-05-23T16:37:42.0574030Z,1779554262057,0
2026-05-23T16:37:42.0963680Z,1779554262096,0
2026-05-23T16:37:42.1349720Z,1779554262134,0
2026-05-23T16:37:42.1734170Z,1779554262173,0
2026-05-23T16:37:42.2118330Z,1779554262211,0
2026-05-23T16:37:42.2509040Z,1779554262250,0
2026-05-23T16:37:42.2894700Z,1779554262289,0
2026-05-23T16:37:42.3279220Z,1779554262327,0
2026-05-23T16:37:42.3674850Z,1779554262367,0
2026-05-23T16:37:42.4061980Z,1779554262406,0
2026-05-23T16:37:42.4446950Z,1779554262444,0
2026-05-23T16:37:42.4832230Z,1779554262483,0
2026-05-23T16:37:42.5217820Z,1779554262521,0
2026-05-23T16:37:42.5603680Z,1779554262560,0
2026-05-23T16:37:42.5988340Z,1779554262598,0
2026-05-23T16:37:42.6367740Z,1779554262636,0
2026-05-23T16:37:42.6754750Z,1779554262675,0
2026-05-23T16:37:42.7139770Z,1779554262713,0
2026-05-23T16:37:42.7527790Z,1779554262752,0
2026-05-23T16:37:42.7911110Z,1779554262791,0
2026-05-23T16:37:42.8295210Z,1779554262829,0
2026-05-23T16:37:42.8677740Z,1779554262867,0
2026-05-23T16:37:42.9065280Z,1779554262906,0
2026-05-23T16:37:42.9453380Z,1779554262945,0
2026-05-23T16:37:42.9842850Z,1779554262984,0
2026-05-23T16:37:43.0227100Z,1779554263022,0
2026-05-23T16:37:43.0612820Z,1779554263061,0
2026-05-23T16:37:43.1000650Z,1779554263100,0
2026-05-23T16:37:43.1390070Z,1779554263139,0
2026-05-23T16:37:43.1777900Z,1779554263177,0
2026-05-23T16:37:43.2148460Z,1779554263214,0
2026-05-23T16:37:43.2538350Z,1779554263253,0
2026-05-23T16:37:43.2923700Z,1779554263292,0
2026-05-23T16:37:43.3304370Z,1779554263330,0
2026-05-23T16:37:43.3688570Z,1779554263368,0
2026-05-23T16:37:43.4073740Z,1779554263407,0
2026-05-23T16:37:43.4458570Z,1779554263445,0
2026-05-23T16:37:43.4841680Z,1779554263484,0
2026-05-23T16:37:43.5224900Z,1779554263522,0
2026-05-23T16:37:43.5608700Z,1779554263560,0
2026-05-23T16:37:43.5996230Z,1779554263599,0
2026-05-23T16:37:43.6384120Z,1779554263638,0
2026-05-23T16:37:43.6770790Z,1779554263677,0
2026-05-23T16:37:43.7145910Z,1779554263714,0
2026-05-23T16:37:43.7525990Z,1779554263752,0
2026-05-23T16:37:43.7907070Z,1779554263790,0
2026-05-23T16:37:43.8304120Z,1779554263830,0
2026-05-23T16:37:43.8751090Z,1779554263875,0
2026-05-23T16:37:43.9176670Z,1779554263917,0
2026-05-23T16:37:43.9585940Z,1779554263958,0
2026-05-23T16:37:44.0017670Z,1779554264001,0
2026-05-23T16:37:44.0454040Z,1779554264045,0
2026-05-23T16:37:44.0851070Z,1779554264085,0
2026-05-23T16:37:44.1240290Z,1779554264124,0
2026-05-23T16:37:44.1648730Z,1779554264164,0
2026-05-23T16:37:44.2069160Z,1779554264206,0
2026-05-23T16:37:44.2479820Z,1779554264247,0
2026-05-23T16:37:44.2868890Z,1779554264286,0
2026-05-23T16:37:44.3265360Z,1779554264326,0
2026-05-23T16:37:44.3674120Z,1779554264367,0
2026-05-23T16:37:44.4073780Z,1779554264407,0
2026-05-23T16:37:44.4512260Z,1779554264451,0
2026-05-23T16:37:44.4950620Z,1779554264495,0
2026-05-23T16:37:44.5381570Z,1779554264538,0
2026-05-23T16:37:44.5815550Z,1779554264581,0
2026-05-23T16:37:44.6243300Z,1779554264624,0
2026-05-23T16:37:44.6685360Z,1779554264668,0
2026-05-23T16:37:44.7115730Z,1779554264711,0
2026-05-23T16:37:44.7549730Z,1779554264754,0
2026-05-23T16:37:44.7945100Z,1779554264794,0
2026-05-23T16:37:44.8413570Z,1779554264841,0
2026-05-23T16:37:44.8893110Z,1779554264889,0
2026-05-23T16:37:44.9301580Z,1779554264930,0
2026-05-23T16:37:44.9694070Z,1779554264969,0
2026-05-23T16:37:45.0086630Z,1779554265008,0
2026-05-23T16:37:45.0468470Z,1779554265046,0
2026-05-23T16:37:45.0849310Z,1779554265084,0
2026-05-23T16:37:45.1234640Z,1779554265123,0
2026-05-23T16:37:45.1634290Z,1779554265163,0
2026-05-23T16:37:45.2034140Z,1779554265203,0
2026-05-23T16:37:45.2441900Z,1779554265244,0
2026-05-23T16:37:45.2852970Z,1779554265285,0
2026-05-23T16:37:45.3262760Z,1779554265326,0
2026-05-23T16:37:45.3664770Z,1779554265366,0
2026-05-23T16:37:45.4060420Z,1779554265406,0
2026-05-23T16:37:45.4569150Z,1779554265456,0
2026-05-23T16:37:45.5013130Z,1779554265501,0
2026-05-23T16:37:45.5407240Z,1779554265540,0
2026-05-23T16:37:45.5776690Z,1779554265577,0
2026-05-23T16:37:45.6148090Z,1779554265614,0
2026-05-23T16:37:45.6517010Z,1779554265651,0
2026-05-23T16:37:45.6914560Z,1779554265691,0
2026-05-23T16:37:45.7302420Z,1779554265730,0
2026-05-23T16:37:45.7689920Z,1779554265768,0
2026-05-23T16:37:45.8151480Z,1779554265815,0
2026-05-23T16:37:45.8554140Z,1779554265855,0
2026-05-23T16:37:45.8958870Z,1779554265895,0
2026-05-23T16:37:45.9329860Z,1779554265932,0
2026-05-23T16:37:45.9733640Z,1779554265973,0
2026-05-23T16:37:46.0133950Z,1779554266013,0
2026-05-23T16:37:46.0522770Z,1779554266052,0
2026-05-23T16:37:46.0960540Z,1779554266096,0
2026-05-23T16:37:46.1346400Z,1779554266134,0
2026-05-23T16:37:46.1741350Z,1779554266174,0
2026-05-23T16:37:46.2131950Z,1779554266213,0
2026-05-23T16:37:46.2516050Z,1779554266251,0
2026-05-23T16:37:46.2885060Z,1779554266288,0
2026-05-23T16:37:46.3249800Z,1779554266324,0
2026-05-23T16:37:46.3630000Z,1779554266363,0
2026-05-23T16:37:46.4002640Z,1779554266400,0
2026-05-23T16:37:46.4370340Z,1779554266437,0
2026-05-23T16:37:46.4744000Z,1779554266474,0
2026-05-23T16:37:46.5121890Z,1779554266512,0
2026-05-23T16:37:46.5489370Z,1779554266548,0
2026-05-23T16:37:46.5863940Z,1779554266586,0
2026-05-23T16:37:46.6264870Z,1779554266626,0
2026-05-23T16:37:46.6634810Z,1779554266663,0
2026-05-23T16:37:46.7001560Z,1779554266700,0
2026-05-23T16:37:46.7369470Z,1779554266736,0
2026-05-23T16:37:46.7764980Z,1779554266776,0
2026-05-23T16:37:46.8132040Z,1779554266813,0
2026-05-23T16:37:46.8508740Z,1779554266850,0
2026-05-23T16:37:46.8880020Z,1779554266888,0
2026-05-23T16:37:46.9246070Z,1779554266924,0
2026-05-23T16:37:46.9627490Z,1779554266962,0
2026-05-23T16:37:47.0012310Z,1779554267001,0
2026-05-23T16:37:47.0408150Z,1779554267040,0
2026-05-23T16:37:47.0779680Z,1779554267077,0
2026-05-23T16:37:47.1147520Z,1779554267114,0
2026-05-23T16:37:47.1525350Z,1779554267152,0
2026-05-23T16:37:47.1909850Z,1779554267190,0
2026-05-23T16:37:47.2278680Z,1779554267227,0
2026-05-23T16:37:47.2644640Z,1779554267264,0
2026-05-23T16:37:47.3014730Z,1779554267301,0
2026-05-23T16:37:47.3386610Z,1779554267338,0
2026-05-23T16:37:47.3751990Z,1779554267375,0
2026-05-23T16:37:47.4120660Z,1779554267412,0
2026-05-23T16:37:47.4490370Z,1779554267449,0
2026-05-23T16:37:47.4857700Z,1779554267485,0
2026-05-23T16:37:47.5224050Z,1779554267522,0
2026-05-23T16:37:47.5596680Z,1779554267559,0
2026-05-23T16:37:47.5964810Z,1779554267596,0
2026-05-23T16:37:47.6330210Z,1779554267633,0
2026-05-23T16:37:47.6699200Z,1779554267669,0
2026-05-23T16:37:47.7066020Z,1779554267706,0
2026-05-23T16:37:47.7428830Z,1779554267742,0
2026-05-23T16:37:47.7803830Z,1779554267780,0
2026-05-23T16:37:47.8172570Z,1779554267817,0
2026-05-23T16:37:47.8536810Z,1779554267853,0
2026-05-23T16:37:47.8916320Z,1779554267891,0
2026-05-23T16:37:47.9284280Z,1779554267928,0
2026-05-23T16:37:47.9649540Z,1779554267964,0
2026-05-23T16:37:48.0016460Z,1779554268001,0
2026-05-23T16:37:48.0387070Z,1779554268038,0
2026-05-23T16:37:48.0770540Z,1779554268077,0
2026-05-23T16:37:48.1343610Z,1779554268134,0
2026-05-23T16:37:48.1796390Z,1779554268179,0
2026-05-23T16:37:48.2355270Z,1779554268235,0
2026-05-23T16:37:48.2764570Z,1779554268276,0
2026-05-23T16:37:48.3220150Z,1779554268322,0
2026-05-23T16:37:48.3677430Z,1779554268367,0
2026-05-23T16:37:48.4067160Z,1779554268406,0
2026-05-23T16:37:48.4434730Z,1779554268443,0
2026-05-23T16:37:48.4869290Z,1779554268486,0
2026-05-23T16:37:48.5240030Z,1779554268524,0
2026-05-23T16:37:48.5609210Z,1779554268560,0
2026-05-23T16:37:48.5976070Z,1779554268597,0
2026-05-23T16:37:48.6342990Z,1779554268634,0
2026-05-23T16:37:48.6707610Z,1779554268670,0
2026-05-23T16:37:48.7073060Z,1779554268707,0
2026-05-23T16:37:48.7437460Z,1779554268743,0
2026-05-23T16:37:48.7804770Z,1779554268780,0
2026-05-23T16:37:48.8173290Z,1779554268817,0
2026-05-23T16:37:48.8537580Z,1779554268853,0
2026-05-23T16:37:48.8946140Z,1779554268894,0
2026-05-23T16:37:48.9383760Z,1779554268938,0
2026-05-23T16:37:48.9766290Z,1779554268976,0
2026-05-23T16:37:49.0131920Z,1779554269013,0
2026-05-23T16:37:49.0501320Z,1779554269050,0
2026-05-23T16:37:49.0870360Z,1779554269087,0
2026-05-23T16:37:49.1236920Z,1779554269123,0
2026-05-23T16:37:49.1609660Z,1779554269160,0
2026-05-23T16:37:49.1983570Z,1779554269198,0
2026-05-23T16:37:49.2357130Z,1779554269235,0
2026-05-23T16:37:49.2733210Z,1779554269273,0
2026-05-23T16:37:49.3168050Z,1779554269316,0
2026-05-23T16:37:49.3579510Z,1779554269357,0
2026-05-23T16:37:49.4013070Z,1779554269401,0
2026-05-23T16:37:49.4419540Z,1779554269441,0
2026-05-23T16:37:49.4911350Z,1779554269491,0
2026-05-23T16:37:49.5409830Z,1779554269540,0
2026-05-23T16:37:49.5797760Z,1779554269579,0
2026-05-23T16:37:49.6175270Z,1779554269617,0
2026-05-23T16:37:49.6546830Z,1779554269654,0
2026-05-23T16:37:49.6913670Z,1779554269691,0
2026-05-23T16:37:49.7284360Z,1779554269728,0
2026-05-23T16:37:49.7662890Z,1779554269766,0
2026-05-23T16:37:49.8031160Z,1779554269803,0
2026-05-23T16:37:49.8397360Z,1779554269839,0
2026-05-23T16:37:49.8766680Z,1779554269876,0
2026-05-23T16:37:49.9157640Z,1779554269915,0
2026-05-23T16:37:49.9596750Z,1779554269959,0
2026-05-23T16:37:49.9971190Z,1779554269997,0
2026-05-23T16:37:50.0337560Z,1779554270033,0
2026-05-23T16:37:50.0707820Z,1779554270070,0
2026-05-23T16:37:50.1076650Z,1779554270107,0
2026-05-23T16:37:50.1443170Z,1779554270144,0
2026-05-23T16:37:50.1828740Z,1779554270182,0
2026-05-23T16:37:50.2198630Z,1779554270219,0
2026-05-23T16:37:50.2565920Z,1779554270256,0
2026-05-23T16:37:50.2951440Z,1779554270295,0
2026-05-23T16:37:50.3321090Z,1779554270332,0
2026-05-23T16:37:50.3706580Z,1779554270370,0
2026-05-23T16:37:50.4100920Z,1779554270410,0
2026-05-23T16:37:50.4540040Z,1779554270454,0
2026-05-23T16:37:50.4950090Z,1779554270495,0
2026-05-23T16:37:50.5389280Z,1779554270538,0
2026-05-23T16:37:50.5802510Z,1779554270580,0
2026-05-23T16:37:50.6197670Z,1779554270619,0
2026-05-23T16:37:50.6601240Z,1779554270660,0
2026-05-23T16:37:50.7047180Z,1779554270704,0
2026-05-23T16:37:50.7439790Z,1779554270743,0
2026-05-23T16:37:50.7833470Z,1779554270783,0
2026-05-23T16:37:50.8215070Z,1779554270821,0
2026-05-23T16:37:50.8596170Z,1779554270859,0
2026-05-23T16:37:50.8969750Z,1779554270896,0
2026-05-23T16:37:50.9353250Z,1779554270935,0
2026-05-23T16:37:50.9745640Z,1779554270974,0
2026-05-23T16:37:51.0241320Z,1779554271024,0
2026-05-23T16:37:51.0658010Z,1779554271065,0
2026-05-23T16:37:51.1042520Z,1779554271104,0
2026-05-23T16:37:51.1428290Z,1779554271142,0
2026-05-23T16:37:51.1810770Z,1779554271181,0
2026-05-23T16:37:51.2184340Z,1779554271218,0
2026-05-23T16:37:51.2550130Z,1779554271255,0
2026-05-23T16:37:51.2927220Z,1779554271292,0
2026-05-23T16:37:51.3313360Z,1779554271331,0
2026-05-23T16:37:51.3694900Z,1779554271369,0
2026-05-23T16:37:51.4094250Z,1779554271409,0
2026-05-23T16:37:51.4514730Z,1779554271451,0
2026-05-23T16:37:51.4907360Z,1779554271490,0
2026-05-23T16:37:51.5419880Z,1779554271541,0
2026-05-23T16:37:51.5832350Z,1779554271583,0
2026-05-23T16:37:51.6211750Z,1779554271621,0
2026-05-23T16:37:51.6585300Z,1779554271658,0
2026-05-23T16:37:51.6954430Z,1779554271695,0
2026-05-23T16:37:51.7316550Z,1779554271731,0
2026-05-23T16:37:51.7685890Z,1779554271768,0
2026-05-23T16:37:51.8061270Z,1779554271806,0
2026-05-23T16:37:51.8437780Z,1779554271843,0
2026-05-23T16:37:51.8818160Z,1779554271881,0
2026-05-23T16:37:51.9196240Z,1779554271919,0
2026-05-23T16:37:51.9580940Z,1779554271958,0
2026-05-23T16:37:52.0077440Z,1779554272007,0
2026-05-23T16:37:52.0494620Z,1779554272049,0
2026-05-23T16:37:52.0965040Z,1779554272096,0
2026-05-23T16:37:52.1709500Z,1779554272170,0
2026-05-23T16:37:52.2129890Z,1779554272212,0
2026-05-23T16:37:52.2663560Z,1779554272266,0
2026-05-23T16:37:52.3105900Z,1779554272310,0
2026-05-23T16:37:52.3501590Z,1779554272350,0
2026-05-23T16:37:52.3897620Z,1779554272389,0
2026-05-23T16:37:52.4293070Z,1779554272429,0
2026-05-23T16:37:52.4692830Z,1779554272469,0
2026-05-23T16:37:52.5095990Z,1779554272509,0
2026-05-23T16:37:52.5513940Z,1779554272551,0
2026-05-23T16:37:52.5950860Z,1779554272595,0
2026-05-23T16:37:52.6341430Z,1779554272634,0
2026-05-23T16:37:52.6717940Z,1779554272671,0
2026-05-23T16:37:52.7104910Z,1779554272710,0
2026-05-23T16:37:52.7491440Z,1779554272749,0
2026-05-23T16:37:52.7879840Z,1779554272787,0
2026-05-23T16:37:52.8276470Z,1779554272827,0
2026-05-23T16:37:52.8666120Z,1779554272866,0
2026-05-23T16:37:52.9051690Z,1779554272905,0
2026-05-23T16:37:52.9441740Z,1779554272944,0
2026-05-23T16:37:52.9839830Z,1779554272983,0
2026-05-23T16:37:53.0305690Z,1779554273030,0
2026-05-23T16:37:53.0690820Z,1779554273069,0
2026-05-23T16:37:53.1071570Z,1779554273107,0
2026-05-23T16:37:53.1473880Z,1779554273147,0
2026-05-23T16:37:53.1859960Z,1779554273185,0
2026-05-23T16:37:53.2249190Z,1779554273224,0
2026-05-23T16:37:53.2712250Z,1779554273271,0
2026-05-23T16:37:53.3113340Z,1779554273311,0
2026-05-23T16:37:53.3500210Z,1779554273350,0
2026-05-23T16:37:53.3897250Z,1779554273389,0
2026-05-23T16:37:53.4284280Z,1779554273428,0
2026-05-23T16:37:53.4663710Z,1779554273466,0
2026-05-23T16:37:53.5113740Z,1779554273511,0
2026-05-23T16:37:53.5522660Z,1779554273552,0
2026-05-23T16:37:53.5978940Z,1779554273597,0
2026-05-23T16:37:53.6380510Z,1779554273638,0
2026-05-23T16:37:53.6754640Z,1779554273675,0
2026-05-23T16:37:53.7140310Z,1779554273714,0
2026-05-23T16:37:53.7536900Z,1779554273753,0
2026-05-23T16:37:53.7926370Z,1779554273792,0
2026-05-23T16:37:53.8330320Z,1779554273833,0
2026-05-23T16:37:53.8747650Z,1779554273874,0
2026-05-23T16:37:53.9129510Z,1779554273912,0
2026-05-23T16:37:53.9514900Z,1779554273951,0
2026-05-23T16:37:53.9903050Z,1779554273990,0
2026-05-23T16:37:54.0307320Z,1779554274030,0
2026-05-23T16:37:54.0738720Z,1779554274073,0
2026-05-23T16:37:54.1175140Z,1779554274117,0
2026-05-23T16:37:54.1551330Z,1779554274155,0
2026-05-23T16:37:54.1942950Z,1779554274194,0
2026-05-23T16:37:54.2326820Z,1779554274232,0
2026-05-23T16:37:54.2718100Z,1779554274271,0
2026-05-23T16:37:54.3123300Z,1779554274312,0
2026-05-23T16:37:54.3515650Z,1779554274351,0
2026-05-23T16:37:54.3905740Z,1779554274390,0
2026-05-23T16:37:54.4291220Z,1779554274429,0
2026-05-23T16:37:54.4679100Z,1779554274467,0
2026-05-23T16:37:54.5071820Z,1779554274507,0
2026-05-23T16:37:54.5470220Z,1779554274547,0
2026-05-23T16:37:54.5965070Z,1779554274596,0
2026-05-23T16:37:54.6350500Z,1779554274635,0
2026-05-23T16:37:54.6735870Z,1779554274673,0
2026-05-23T16:37:54.7125160Z,1779554274712,0
2026-05-23T16:37:54.7502030Z,1779554274750,0
2026-05-23T16:37:54.7886710Z,1779554274788,0
2026-05-23T16:37:54.8269640Z,1779554274826,0
2026-05-23T16:37:54.8652730Z,1779554274865,0
2026-05-23T16:37:54.9036260Z,1779554274903,0
2026-05-23T16:37:54.9420560Z,1779554274942,0
2026-05-23T16:37:54.9791070Z,1779554274979,0
2026-05-23T16:37:55.0175970Z,1779554275017,0
2026-05-23T16:37:55.0629010Z,1779554275062,0
2026-05-23T16:37:55.1008550Z,1779554275100,0
2026-05-23T16:37:55.1535220Z,1779554275153,0
2026-05-23T16:37:55.1578290Z,1779554275157,0
2026-05-23T16:37:55.1923940Z,1779554275192,0
2026-05-23T16:37:55.2269430Z,1779554275226,0
2026-05-23T16:37:55.3011060Z,1779554275301,0
2026-05-23T16:37:55.3042750Z,1779554275304,0
2026-05-23T16:37:55.3383890Z,1779554275338,0
2026-05-23T16:37:55.3726560Z,1779554275372,0
2026-05-23T16:37:55.4074870Z,1779554275407,0
2026-05-23T16:37:55.4414470Z,1779554275441,0
2026-05-23T16:37:55.4761100Z,1779554275476,0
2026-05-23T16:37:55.5103620Z,1779554275510,0
2026-05-23T16:37:55.5447390Z,1779554275544,0
2026-05-23T16:37:55.5797540Z,1779554275579,0
2026-05-23T16:37:55.6590950Z,1779554275659,0
2026-05-23T16:37:55.6634690Z,1779554275663,0
2026-05-23T16:37:55.6974610Z,1779554275697,0
2026-05-23T16:37:55.7320100Z,1779554275732,0
2026-05-23T16:37:55.7663800Z,1779554275766,0
2026-05-23T16:37:55.8003820Z,1779554275800,0
2026-05-23T16:37:55.8347470Z,1779554275834,0
2026-05-23T16:37:55.8690440Z,1779554275869,0
2026-05-23T16:37:55.9031980Z,1779554275903,0
2026-05-23T16:37:55.9383490Z,1779554275938,0
2026-05-23T16:37:55.9719010Z,1779554275971,0
2026-05-23T16:37:56.0064510Z,1779554276006,0
2026-05-23T16:37:56.0406180Z,1779554276040,0
2026-05-23T16:37:56.0752950Z,1779554276075,0
2026-05-23T16:37:56.1182740Z,1779554276118,0
2026-05-23T16:37:56.1939250Z,1779554276193,0
2026-05-23T16:37:56.1980920Z,1779554276198,0
2026-05-23T16:37:56.2315810Z,1779554276231,0
2026-05-23T16:37:56.2662530Z,1779554276266,0
2026-05-23T16:37:56.3356830Z,1779554276335,0
2026-05-23T16:37:56.3394300Z,1779554276339,0
2026-05-23T16:37:56.3732450Z,1779554276373,0
2026-05-23T16:37:56.4579810Z,1779554276457,0
2026-05-23T16:37:56.4628080Z,1779554276462,0
2026-05-23T16:37:56.4964450Z,1779554276496,1
2026-05-23T16:37:56.5304840Z,1779554276530,1
2026-05-23T16:37:56.5652300Z,1779554276565,1
2026-05-23T16:37:56.6004750Z,1779554276600,1
2026-05-23T16:37:56.6435290Z,1779554276643,0
2026-05-23T16:37:56.7891330Z,1779554276789,4
2026-05-23T16:37:56.7930690Z,1779554276793,0
2026-05-23T16:37:56.8273920Z,1779554276827,1
2026-05-23T16:37:56.8619060Z,1779554276861,1
2026-05-23T16:37:56.8963710Z,1779554276896,0
2026-05-23T16:37:56.9304330Z,1779554276930,1
2026-05-23T16:37:56.9669290Z,1779554276966,1
2026-05-23T16:37:56.9991550Z,1779554276999,1
2026-05-23T16:37:57.0334920Z,1779554277033,1
2026-05-23T16:37:57.0684760Z,1779554277068,1
2026-05-23T16:37:57.1441930Z,1779554277144,1
2026-05-23T16:37:57.1481170Z,1779554277148,0
2026-05-23T16:37:57.1833800Z,1779554277183,1
2026-05-23T16:37:57.2228150Z,1779554277222,1
2026-05-23T16:37:57.2958570Z,1779554277295,2
2026-05-23T16:37:57.3004620Z,1779554277300,0
2026-05-23T16:37:57.3345800Z,1779554277334,1
2026-05-23T16:37:57.3687190Z,1779554277368,1
2026-05-23T16:37:57.4029550Z,1779554277402,0
2026-05-23T16:37:57.4373160Z,1779554277437,1
2026-05-23T16:37:57.4728950Z,1779554277472,1
2026-05-23T16:37:57.5057500Z,1779554277505,1
2026-05-23T16:37:57.5400040Z,1779554277540,1
2026-05-23T16:37:57.5743470Z,1779554277574,1
2026-05-23T16:37:57.6094670Z,1779554277609,1
2026-05-23T16:37:57.6539550Z,1779554277653,0
2026-05-23T16:37:57.7265980Z,1779554277726,2
2026-05-23T16:37:57.7304990Z,1779554277730,1
2026-05-23T16:37:57.7663030Z,1779554277766,0
2026-05-23T16:37:57.8061200Z,1779554277806,1
2026-05-23T16:37:57.8392240Z,1779554277839,1
2026-05-23T16:37:57.8730600Z,1779554277873,1
2026-05-23T16:37:57.9432120Z,1779554277943,1
2026-05-23T16:37:57.9477840Z,1779554277947,1
2026-05-23T16:37:57.9811520Z,1779554277981,0
2026-05-23T16:37:58.0161250Z,1779554278016,1
2026-05-23T16:37:58.0500510Z,1779554278050,1
2026-05-23T16:37:58.1216780Z,1779554278121,2
2026-05-23T16:37:58.1259850Z,1779554278125,0
2026-05-23T16:37:58.2014310Z,1779554278201,2
2026-05-23T16:37:58.2075120Z,1779554278207,0
2026-05-23T16:37:58.2415030Z,1779554278241,1
2026-05-23T16:37:58.2852760Z,1779554278285,0
2026-05-23T16:37:58.3176200Z,1779554278317,1
2026-05-23T16:37:58.3517500Z,1779554278351,1
2026-05-23T16:37:58.3864920Z,1779554278386,1
2026-05-23T16:37:58.4209490Z,1779554278420,1
2026-05-23T16:37:58.4552520Z,1779554278455,1
2026-05-23T16:37:58.4894210Z,1779554278489,0
2026-05-23T16:37:58.5237580Z,1779554278523,1
2026-05-23T16:37:58.5586510Z,1779554278558,1
2026-05-23T16:37:58.5927320Z,1779554278592,1
2026-05-23T16:37:58.6275100Z,1779554278627,1
2026-05-23T16:37:58.6709420Z,1779554278670,0
2026-05-23T16:37:58.7441250Z,1779554278744,2
2026-05-23T16:37:58.7483730Z,1779554278748,0
2026-05-23T16:37:58.7819460Z,1779554278781,1
2026-05-23T16:37:58.8167900Z,1779554278816,1
2026-05-23T16:37:58.8510400Z,1779554278851,1
2026-05-23T16:37:58.8850080Z,1779554278885,1
2026-05-23T16:37:58.9198430Z,1779554278919,0
2026-05-23T16:37:58.9536030Z,1779554278953,1
2026-05-23T16:37:58.9883210Z,1779554278988,1
2026-05-23T16:37:59.0225240Z,1779554279022,1
2026-05-23T16:37:59.0572820Z,1779554279057,0
2026-05-23T16:37:59.0914920Z,1779554279091,1
2026-05-23T16:37:59.1266440Z,1779554279126,1
2026-05-23T16:37:59.1612190Z,1779554279161,1
2026-05-23T16:37:59.2063040Z,1779554279206,1
2026-05-23T16:37:59.2799420Z,1779554279279,2
2026-05-23T16:37:59.2841860Z,1779554279284,0
2026-05-23T16:37:59.3242140Z,1779554279324,1
2026-05-23T16:37:59.3625960Z,1779554279362,1
2026-05-23T16:37:59.4022500Z,1779554279402,1
2026-05-23T16:37:59.4406440Z,1779554279440,0
2026-05-23T16:37:59.4797210Z,1779554279479,1
2026-05-23T16:37:59.5190160Z,1779554279519,1
2026-05-23T16:37:59.5531100Z,1779554279553,1
2026-05-23T16:37:59.5877440Z,1779554279587,1
2026-05-23T16:37:59.6219070Z,1779554279621,1
2026-05-23T16:37:59.6570240Z,1779554279657,1
2026-05-23T16:37:59.6995630Z,1779554279699,0
2026-05-23T16:37:59.7325660Z,1779554279732,1
2026-05-23T16:37:59.7762710Z,1779554279776,2
2026-05-23T16:37:59.8089180Z,1779554279808,0
2026-05-23T16:37:59.8434160Z,1779554279843,1
2026-05-23T16:37:59.8779180Z,1779554279877,1
2026-05-23T16:37:59.9123340Z,1779554279912,1
2026-05-23T16:37:59.9471570Z,1779554279947,0
2026-05-23T16:37:59.9809790Z,1779554279980,1
2026-05-23T16:38:00.0162210Z,1779554280016,1
2026-05-23T16:38:00.0506060Z,1779554280050,1
2026-05-23T16:38:00.0847460Z,1779554280084,1
2026-05-23T16:38:00.1195730Z,1779554280119,1
2026-05-23T16:38:00.1539250Z,1779554280153,1
2026-05-23T16:38:00.1976410Z,1779554280197,0
2026-05-23T16:38:00.2709900Z,1779554280270,2
2026-05-23T16:38:00.2774900Z,1779554280277,0
2026-05-23T16:38:00.3108860Z,1779554280310,1
2026-05-23T16:38:00.3454420Z,1779554280345,1
2026-05-23T16:38:00.3796390Z,1779554280379,1
2026-05-23T16:38:00.4138830Z,1779554280413,1
2026-05-23T16:38:00.4484940Z,1779554280448,0
2026-05-23T16:38:00.4828520Z,1779554280482,1
2026-05-23T16:38:00.5185150Z,1779554280518,1
2026-05-23T16:38:00.5607430Z,1779554280560,1
2026-05-23T16:38:00.5936830Z,1779554280593,1
2026-05-23T16:38:00.6284240Z,1779554280628,1
2026-05-23T16:38:00.7033490Z,1779554280703,1
2026-05-23T16:38:00.7071120Z,1779554280707,0
2026-05-23T16:38:00.7420600Z,1779554280742,1
2026-05-23T16:38:00.7837810Z,1779554280783,2
2026-05-23T16:38:00.8168270Z,1779554280816,0
2026-05-23T16:38:00.8511370Z,1779554280851,1
2026-05-23T16:38:00.8855280Z,1779554280885,1
2026-05-23T16:38:00.9197020Z,1779554280919,1
2026-05-23T16:38:00.9538700Z,1779554280953,0
2026-05-23T16:38:00.9882840Z,1779554280988,1
2026-05-23T16:38:01.0223840Z,1779554281022,1
2026-05-23T16:38:01.0569410Z,1779554281056,1
2026-05-23T16:38:01.0914190Z,1779554281091,1
2026-05-23T16:38:01.1260510Z,1779554281126,1
2026-05-23T16:38:01.1597980Z,1779554281159,0
2026-05-23T16:38:01.2354470Z,1779554281235,2
2026-05-23T16:38:01.2391990Z,1779554281239,0
2026-05-23T16:38:01.2729630Z,1779554281272,1
2026-05-23T16:38:01.3487900Z,1779554281348,2
2026-05-23T16:38:01.3526980Z,1779554281352,0
2026-05-23T16:38:01.3868520Z,1779554281386,1
2026-05-23T16:38:01.4211030Z,1779554281421,0
2026-05-23T16:38:01.4558030Z,1779554281455,1
2026-05-23T16:38:01.4899450Z,1779554281489,1
2026-05-23T16:38:01.5239890Z,1779554281523,1
2026-05-23T16:38:01.5586430Z,1779554281558,1
2026-05-23T16:38:01.5924680Z,1779554281592,0
2026-05-23T16:38:01.6271830Z,1779554281627,1
2026-05-23T16:38:01.6615540Z,1779554281661,1
2026-05-23T16:38:01.6961760Z,1779554281696,1
2026-05-23T16:38:01.7708870Z,1779554281770,2
2026-05-23T16:38:01.7744340Z,1779554281774,0
2026-05-23T16:38:01.8094750Z,1779554281809,1
2026-05-23T16:38:01.8518770Z,1779554281851,0
2026-05-23T16:38:01.8846630Z,1779554281884,1
2026-05-23T16:38:01.9189260Z,1779554281918,1
2026-05-23T16:38:01.9529940Z,1779554281952,1
2026-05-23T16:38:01.9876490Z,1779554281987,1
2026-05-23T16:38:02.0215520Z,1779554282021,1
2026-05-23T16:38:02.0561550Z,1779554282056,0
2026-05-23T16:38:02.0903290Z,1779554282090,1
2026-05-23T16:38:02.1243790Z,1779554282124,1
2026-05-23T16:38:02.1587550Z,1779554282158,1
2026-05-23T16:38:02.1929850Z,1779554282192,1
2026-05-23T16:38:02.2283390Z,1779554282228,0
2026-05-23T16:38:02.2705570Z,1779554282270,1
2026-05-23T16:38:02.3041610Z,1779554282304,1
2026-05-23T16:38:02.3463450Z,1779554282346,1
2026-05-23T16:38:02.3791270Z,1779554282379,1
2026-05-23T16:38:02.4134790Z,1779554282413,1
2026-05-23T16:38:02.4477990Z,1779554282447,1
2026-05-23T16:38:02.4825240Z,1779554282482,0
2026-05-23T16:38:02.5168050Z,1779554282516,1
2026-05-23T16:38:02.5506560Z,1779554282550,1
2026-05-23T16:38:02.5855680Z,1779554282585,1
2026-05-23T16:38:02.6193560Z,1779554282619,1
2026-05-23T16:38:02.6533300Z,1779554282653,1
2026-05-23T16:38:02.6881880Z,1779554282688,0
2026-05-23T16:38:02.7220300Z,1779554282722,1
2026-05-23T16:38:02.7581790Z,1779554282758,1
2026-05-23T16:38:02.8012200Z,1779554282801,1
2026-05-23T16:38:02.8347350Z,1779554282834,1
2026-05-23T16:38:02.8768000Z,1779554282876,1
2026-05-23T16:38:02.9101140Z,1779554282910,1
2026-05-23T16:38:02.9441540Z,1779554282944,0
2026-05-23T16:38:02.9788610Z,1779554282978,1
2026-05-23T16:38:03.0128780Z,1779554283012,1
2026-05-23T16:38:03.0475140Z,1779554283047,1
2026-05-23T16:38:03.0814670Z,1779554283081,1
2026-05-23T16:38:03.1165470Z,1779554283116,0
2026-05-23T16:38:03.1502090Z,1779554283150,1
2026-05-23T16:38:03.1844070Z,1779554283184,1
2026-05-23T16:38:03.2195840Z,1779554283219,1
2026-05-23T16:38:03.2539590Z,1779554283253,0
2026-05-23T16:38:03.2981870Z,1779554283298,2
2026-05-23T16:38:03.3711830Z,1779554283371,1
2026-05-23T16:38:03.3752060Z,1779554283375,0
2026-05-23T16:38:03.4089520Z,1779554283408,1
2026-05-23T16:38:03.4435810Z,1779554283443,1
2026-05-23T16:38:03.4779520Z,1779554283477,1
2026-05-23T16:38:03.5121210Z,1779554283512,0
2026-05-23T16:38:03.5467750Z,1779554283546,1
2026-05-23T16:38:03.5807320Z,1779554283580,1
2026-05-23T16:38:03.6151510Z,1779554283615,1
2026-05-23T16:38:03.6500920Z,1779554283650,1
2026-05-23T16:38:03.6838890Z,1779554283683,1
2026-05-23T16:38:03.7189820Z,1779554283718,0
2026-05-23T16:38:03.7950810Z,1779554283795,2
2026-05-23T16:38:03.7990240Z,1779554283799,0
2026-05-23T16:38:03.8339610Z,1779554283833,1
2026-05-23T16:38:03.8761850Z,1779554283876,1
2026-05-23T16:38:03.9088340Z,1779554283908,1
2026-05-23T16:38:03.9433720Z,1779554283943,1
2026-05-23T16:38:03.9783500Z,1779554283978,1
2026-05-23T16:38:04.0125340Z,1779554284012,0
2026-05-23T16:38:04.0474830Z,1779554284047,1
2026-05-23T16:38:04.0816610Z,1779554284081,1
2026-05-23T16:38:04.1157440Z,1779554284115,1
2026-05-23T16:38:04.1505550Z,1779554284150,0
2026-05-23T16:38:04.1848130Z,1779554284184,1
2026-05-23T16:38:04.2189040Z,1779554284218,1
2026-05-23T16:38:04.2535920Z,1779554284253,1
2026-05-23T16:38:04.3301420Z,1779554284330,2
2026-05-23T16:38:04.3338470Z,1779554284333,0
2026-05-23T16:38:04.3688970Z,1779554284368,1
2026-05-23T16:38:04.4109390Z,1779554284410,0
2026-05-23T16:38:04.4438360Z,1779554284443,1
2026-05-23T16:38:04.4784630Z,1779554284478,1
2026-05-23T16:38:04.5125300Z,1779554284512,1
2026-05-23T16:38:04.5470750Z,1779554284547,1
2026-05-23T16:38:04.5811950Z,1779554284581,1
2026-05-23T16:38:04.6159730Z,1779554284615,1
2026-05-23T16:38:04.6500470Z,1779554284650,0
2026-05-23T16:38:04.6846600Z,1779554284684,1
2026-05-23T16:38:04.7193030Z,1779554284719,1
2026-05-23T16:38:04.7534580Z,1779554284753,1
2026-05-23T16:38:04.7884650Z,1779554284788,0
2026-05-23T16:38:04.8310410Z,1779554284831,2
2026-05-23T16:38:04.8641950Z,1779554284864,0
2026-05-23T16:38:04.9069210Z,1779554284906,1
2026-05-23T16:38:04.9397730Z,1779554284939,1
2026-05-23T16:38:04.9741660Z,1779554284974,1
2026-05-23T16:38:05.0087740Z,1779554285008,1
2026-05-23T16:38:05.0430580Z,1779554285043,0
2026-05-23T16:38:05.0775050Z,1779554285077,1
2026-05-23T16:38:05.1116320Z,1779554285111,1
2026-05-23T16:38:05.1461670Z,1779554285146,1
2026-05-23T16:38:05.1803070Z,1779554285180,1
2026-05-23T16:38:05.2145220Z,1779554285214,1
2026-05-23T16:38:05.2492570Z,1779554285249,1
2026-05-23T16:38:05.2843370Z,1779554285284,0
2026-05-23T16:38:05.3203830Z,1779554285320,1
2026-05-23T16:38:05.3953520Z,1779554285395,2
2026-05-23T16:38:05.3989930Z,1779554285398,0
2026-05-23T16:38:05.4326400Z,1779554285432,1
2026-05-23T16:38:05.4673660Z,1779554285467,1
2026-05-23T16:38:05.5014050Z,1779554285501,1
2026-05-23T16:38:05.5361470Z,1779554285536,0
2026-05-23T16:38:05.5702470Z,1779554285570,1
2026-05-23T16:38:05.6045290Z,1779554285604,1
2026-05-23T16:38:05.6390550Z,1779554285639,1
2026-05-23T16:38:05.6732210Z,1779554285673,0
2026-05-23T16:38:05.7075840Z,1779554285707,1
2026-05-23T16:38:05.7416750Z,1779554285741,1
2026-05-23T16:38:05.7766170Z,1779554285776,1
2026-05-23T16:38:05.8112260Z,1779554285811,1
2026-05-23T16:38:05.8540040Z,1779554285854,1
2026-05-23T16:38:05.8879690Z,1779554285887,1
2026-05-23T16:38:05.9231440Z,1779554285923,0
2026-05-23T16:38:05.9646720Z,1779554285964,1
2026-05-23T16:38:05.9979750Z,1779554285997,1
2026-05-23T16:38:06.0319140Z,1779554286031,1
2026-05-23T16:38:06.0666220Z,1779554286066,1
2026-05-23T16:38:06.1010990Z,1779554286101,1
2026-05-23T16:38:06.1350830Z,1779554286135,0
2026-05-23T16:38:06.1697910Z,1779554286169,1
2026-05-23T16:38:06.2037560Z,1779554286203,1
2026-05-23T16:38:06.2386950Z,1779554286238,1
2026-05-23T16:38:06.2727720Z,1779554286272,1
2026-05-23T16:38:06.3488280Z,1779554286348,1
2026-05-23T16:38:06.3523180Z,1779554286352,1
2026-05-23T16:38:06.3871630Z,1779554286387,0
2026-05-23T16:38:06.4621000Z,1779554286462,2
2026-05-23T16:38:06.4656380Z,1779554286465,0
2026-05-23T16:38:06.4992500Z,1779554286499,1
2026-05-23T16:38:06.5337180Z,1779554286533,1
2026-05-23T16:38:06.5679880Z,1779554286567,1
2026-05-23T16:38:06.6018550Z,1779554286601,1
2026-05-23T16:38:06.6364220Z,1779554286636,0
2026-05-23T16:38:06.6705460Z,1779554286670,1
2026-05-23T16:38:06.7048350Z,1779554286704,1
2026-05-23T16:38:06.7392420Z,1779554286739,1
2026-05-23T16:38:06.7732360Z,1779554286773,1
2026-05-23T16:38:06.8079250Z,1779554286807,0
2026-05-23T16:38:06.8504660Z,1779554286850,1
2026-05-23T16:38:06.8832380Z,1779554286883,1
2026-05-23T16:38:06.9188960Z,1779554286918,1
2026-05-23T16:38:06.9601960Z,1779554286960,1
2026-05-23T16:38:06.9931500Z,1779554286993,1
2026-05-23T16:38:07.0273270Z,1779554287027,0
2026-05-23T16:38:07.0614610Z,1779554287061,1
2026-05-23T16:38:07.0959990Z,1779554287095,1
2026-05-23T16:38:07.1300230Z,1779554287130,1
2026-05-23T16:38:07.1643170Z,1779554287164,1
2026-05-23T16:38:07.1986610Z,1779554287198,0
2026-05-23T16:38:07.2331600Z,1779554287233,1
2026-05-23T16:38:07.2676250Z,1779554287267,1
2026-05-23T16:38:07.3014620Z,1779554287301,1
2026-05-23T16:38:07.3369260Z,1779554287336,0
2026-05-23T16:38:07.3796360Z,1779554287379,2
2026-05-23T16:38:07.4127090Z,1779554287412,1
2026-05-23T16:38:07.4551420Z,1779554287455,0
2026-05-23T16:38:07.5280380Z,1779554287528,2
2026-05-23T16:38:07.5315290Z,1779554287531,0
2026-05-23T16:38:07.5657040Z,1779554287565,1
2026-05-23T16:38:07.5998830Z,1779554287599,1
2026-05-23T16:38:07.6342670Z,1779554287634,1
2026-05-23T16:38:07.6684040Z,1779554287668,1
2026-05-23T16:38:07.7026180Z,1779554287702,0
2026-05-23T16:38:07.7372090Z,1779554287737,1
2026-05-23T16:38:07.7710970Z,1779554287771,1
2026-05-23T16:38:07.8059770Z,1779554287805,1
2026-05-23T16:38:07.8403650Z,1779554287840,0
2026-05-23T16:38:07.8764050Z,1779554287876,1
2026-05-23T16:38:07.9185540Z,1779554287918,2
2026-05-23T16:38:07.9522790Z,1779554287952,0
2026-05-23T16:38:07.9938750Z,1779554287993,1
2026-05-23T16:38:08.0275470Z,1779554288027,1
2026-05-23T16:38:08.0611190Z,1779554288061,1
2026-05-23T16:38:08.0960740Z,1779554288096,0
2026-05-23T16:38:08.1300270Z,1779554288130,1
2026-05-23T16:38:08.1646130Z,1779554288164,1
2026-05-23T16:38:08.1991570Z,1779554288199,1
2026-05-23T16:38:08.2332760Z,1779554288233,1
2026-05-23T16:38:08.2678430Z,1779554288267,1
2026-05-23T16:38:08.3021300Z,1779554288302,1
2026-05-23T16:38:08.3374400Z,1779554288337,0
2026-05-23T16:38:08.3721450Z,1779554288372,1
2026-05-23T16:38:08.4145730Z,1779554288414,1
2026-05-23T16:38:08.4881800Z,1779554288488,2
2026-05-23T16:38:08.4915010Z,1779554288491,0
2026-05-23T16:38:08.5256760Z,1779554288525,1
2026-05-23T16:38:08.5600640Z,1779554288560,1
2026-05-23T16:38:08.5950900Z,1779554288595,0
2026-05-23T16:38:08.6290230Z,1779554288629,1
2026-05-23T16:38:08.6636160Z,1779554288663,1
2026-05-23T16:38:08.6978450Z,1779554288697,1
2026-05-23T16:38:08.7322410Z,1779554288732,0
2026-05-23T16:38:08.7668670Z,1779554288766,1
2026-05-23T16:38:08.8006680Z,1779554288800,1
2026-05-23T16:38:08.8354650Z,1779554288835,1
2026-05-23T16:38:08.8705590Z,1779554288870,1
2026-05-23T16:38:08.9060020Z,1779554288906,1
2026-05-23T16:38:08.9481320Z,1779554288948,1
2026-05-23T16:38:09.0213590Z,1779554289021,2
2026-05-23T16:38:09.0250440Z,1779554289025,0
2026-05-23T16:38:09.0588480Z,1779554289058,0
2026-05-23T16:38:09.0932540Z,1779554289093,1
2026-05-23T16:38:09.1274890Z,1779554289127,1
2026-05-23T16:38:09.1621840Z,1779554289162,1
2026-05-23T16:38:09.1966120Z,1779554289196,1
2026-05-23T16:38:09.2308940Z,1779554289230,0
2026-05-23T16:38:09.2649950Z,1779554289264,1
2026-05-23T16:38:09.3023930Z,1779554289302,1
2026-05-23T16:38:09.3404160Z,1779554289340,1
2026-05-23T16:38:09.3786010Z,1779554289378,1
2026-05-23T16:38:09.4581620Z,1779554289458,2
2026-05-23T16:38:09.4620790Z,1779554289462,0
2026-05-23T16:38:09.5002100Z,1779554289500,1
2026-05-23T16:38:09.5426570Z,1779554289542,1
2026-05-23T16:38:09.5771080Z,1779554289577,1
2026-05-23T16:38:09.6114780Z,1779554289611,0
2026-05-23T16:38:09.6458030Z,1779554289645,1
2026-05-23T16:38:09.6799860Z,1779554289679,1
2026-05-23T16:38:09.7143280Z,1779554289714,1
2026-05-23T16:38:09.7489360Z,1779554289748,0
2026-05-23T16:38:09.7828080Z,1779554289782,1
2026-05-23T16:38:09.8176200Z,1779554289817,1
2026-05-23T16:38:09.8522410Z,1779554289852,1
2026-05-23T16:38:09.8871750Z,1779554289887,1
2026-05-23T16:38:09.9296360Z,1779554289929,1
2026-05-23T16:38:09.9628730Z,1779554289962,1
2026-05-23T16:38:09.9976430Z,1779554289997,0
2026-05-23T16:38:10.0395620Z,1779554290039,2
2026-05-23T16:38:10.0725290Z,1779554290072,0
2026-05-23T16:38:10.1070320Z,1779554290107,1
2026-05-23T16:38:10.1411720Z,1779554290141,1
2026-05-23T16:38:10.1757620Z,1779554290175,1
2026-05-23T16:38:10.2097040Z,1779554290209,1
2026-05-23T16:38:10.2440280Z,1779554290244,0
2026-05-23T16:38:10.2787480Z,1779554290278,1
2026-05-23T16:38:10.3125830Z,1779554290312,1
2026-05-23T16:38:10.3471500Z,1779554290347,1
2026-05-23T16:38:10.3816740Z,1779554290381,0
2026-05-23T16:38:10.4163590Z,1779554290416,1
2026-05-23T16:38:10.4590650Z,1779554290459,1
2026-05-23T16:38:10.5325580Z,1779554290532,2
2026-05-23T16:38:10.5366330Z,1779554290536,0
2026-05-23T16:38:10.5700540Z,1779554290570,1
2026-05-23T16:38:10.6044830Z,1779554290604,1
2026-05-23T16:38:10.6386590Z,1779554290638,0
2026-05-23T16:38:10.6729410Z,1779554290672,1
2026-05-23T16:38:10.7076190Z,1779554290707,1
2026-05-23T16:38:10.7414300Z,1779554290741,1
2026-05-23T16:38:10.7763010Z,1779554290776,1
2026-05-23T16:38:10.8104930Z,1779554290810,1
2026-05-23T16:38:10.8445580Z,1779554290844,0
2026-05-23T16:38:10.8790580Z,1779554290879,1
2026-05-23T16:38:10.9136490Z,1779554290913,1
2026-05-23T16:38:10.9488390Z,1779554290948,1
2026-05-23T16:38:10.9915360Z,1779554290991,1
2026-05-23T16:38:11.0651780Z,1779554291065,2
2026-05-23T16:38:11.0690420Z,1779554291069,0
2026-05-23T16:38:11.1024390Z,1779554291102,1
2026-05-23T16:38:11.1370500Z,1779554291137,0
2026-05-23T16:38:11.1709080Z,1779554291170,1
2026-05-23T16:38:11.2053050Z,1779554291205,1
2026-05-23T16:38:11.2399720Z,1779554291239,1
2026-05-23T16:38:11.2744440Z,1779554291274,0
2026-05-23T16:38:11.3085040Z,1779554291308,1
2026-05-23T16:38:11.3425240Z,1779554291342,1
2026-05-23T16:38:11.3772080Z,1779554291377,1
2026-05-23T16:38:11.4115140Z,1779554291411,1
2026-05-23T16:38:11.4870150Z,1779554291487,2
2026-05-23T16:38:11.4905310Z,1779554291490,0
2026-05-23T16:38:11.5247670Z,1779554291524,0
2026-05-23T16:38:11.5671690Z,1779554291567,1
2026-05-23T16:38:11.5998580Z,1779554291599,1
2026-05-23T16:38:11.6341210Z,1779554291634,1
2026-05-23T16:38:11.6685670Z,1779554291668,1
2026-05-23T16:38:11.7027270Z,1779554291702,1
2026-05-23T16:38:11.7371230Z,1779554291737,1
2026-05-23T16:38:11.7714370Z,1779554291771,0
2026-05-23T16:38:11.8062210Z,1779554291806,1
2026-05-23T16:38:11.8402060Z,1779554291840,1
2026-05-23T16:38:11.8743990Z,1779554291874,1
2026-05-23T16:38:11.9090670Z,1779554291909,0
2026-05-23T16:38:11.9430040Z,1779554291943,1
2026-05-23T16:38:11.9864040Z,1779554291986,2
2026-05-23T16:38:12.0191450Z,1779554292019,0
2026-05-23T16:38:12.0618130Z,1779554292061,1
2026-05-23T16:38:12.0944160Z,1779554292094,1
2026-05-23T16:38:12.1290490Z,1779554292129,1
2026-05-23T16:38:12.1631010Z,1779554292163,0
2026-05-23T16:38:12.1985860Z,1779554292198,1
2026-05-23T16:38:12.2322600Z,1779554292232,1
2026-05-23T16:38:12.2665390Z,1779554292266,1
2026-05-23T16:38:12.3005850Z,1779554292300,1
2026-05-23T16:38:12.3348120Z,1779554292334,1
2026-05-23T16:38:12.3694280Z,1779554292369,1
2026-05-23T16:38:12.4037090Z,1779554292403,0
2026-05-23T16:38:12.4384050Z,1779554292438,1
2026-05-23T16:38:12.4820230Z,1779554292482,1
2026-05-23T16:38:12.5549120Z,1779554292554,2
2026-05-23T16:38:12.5586030Z,1779554292558,0
2026-05-23T16:38:12.5923170Z,1779554292592,1
2026-05-23T16:38:12.6273360Z,1779554292627,1
2026-05-23T16:38:12.6611200Z,1779554292661,0
2026-05-23T16:38:12.6959070Z,1779554292695,1
2026-05-23T16:38:12.7299080Z,1779554292729,1
2026-05-23T16:38:12.7641800Z,1779554292764,1
2026-05-23T16:38:12.7991410Z,1779554292799,0
2026-05-23T16:38:12.8333540Z,1779554292833,1
2026-05-23T16:38:12.8679380Z,1779554292867,1
2026-05-23T16:38:12.9017850Z,1779554292901,1
2026-05-23T16:38:12.9367150Z,1779554292936,1
2026-05-23T16:38:12.9712390Z,1779554292971,1
2026-05-23T16:38:13.0152790Z,1779554293015,1
2026-05-23T16:38:13.0890170Z,1779554293089,1
2026-05-23T16:38:13.0924840Z,1779554293092,1
2026-05-23T16:38:13.1268500Z,1779554293126,0
2026-05-23T16:38:13.1612020Z,1779554293161,1
2026-05-23T16:38:13.1958160Z,1779554293195,1
2026-05-23T16:38:13.2300040Z,1779554293230,1
2026-05-23T16:38:13.2647250Z,1779554293264,1
2026-05-23T16:38:13.2990190Z,1779554293299,0
2026-05-23T16:38:13.3332520Z,1779554293333,1
2026-05-23T16:38:13.3678550Z,1779554293367,1
2026-05-23T16:38:13.4019840Z,1779554293401,1
2026-05-23T16:38:13.4369300Z,1779554293436,0
2026-05-23T16:38:13.5122920Z,1779554293512,2
2026-05-23T16:38:13.5174210Z,1779554293517,1
2026-05-23T16:38:13.5518710Z,1779554293551,0
2026-05-23T16:38:13.5940220Z,1779554293594,1
2026-05-23T16:38:13.6271090Z,1779554293627,1
2026-05-23T16:38:13.6613050Z,1779554293661,1
2026-05-23T16:38:13.6960860Z,1779554293696,1
2026-05-23T16:38:13.7300880Z,1779554293730,1
2026-05-23T16:38:13.7645160Z,1779554293764,0
2026-05-23T16:38:13.7991900Z,1779554293799,1
2026-05-23T16:38:13.8332820Z,1779554293833,1
2026-05-23T16:38:13.8677670Z,1779554293867,1
2026-05-23T16:38:13.9016930Z,1779554293901,1
2026-05-23T16:38:13.9363420Z,1779554293936,0
2026-05-23T16:38:13.9710400Z,1779554293971,1
2026-05-23T16:38:14.0466550Z,1779554294046,2
2026-05-23T16:38:14.0511600Z,1779554294051,0
2026-05-23T16:38:14.0852350Z,1779554294085,1
2026-05-23T16:38:14.1279500Z,1779554294127,1
2026-05-23T16:38:14.1605580Z,1779554294160,1
2026-05-23T16:38:14.1947000Z,1779554294194,0
2026-05-23T16:38:14.2294580Z,1779554294229,1
2026-05-23T16:38:14.2636190Z,1779554294263,1
2026-05-23T16:38:14.2979280Z,1779554294297,1
2026-05-23T16:38:14.3321040Z,1779554294332,1
2026-05-23T16:38:14.3664940Z,1779554294366,1
2026-05-23T16:38:14.4006640Z,1779554294400,0
2026-05-23T16:38:14.4349990Z,1779554294434,1
2026-05-23T16:38:14.4696490Z,1779554294469,1
2026-05-23T16:38:14.5038640Z,1779554294503,1
2026-05-23T16:38:14.5469160Z,1779554294546,1
2026-05-23T16:38:14.5804840Z,1779554294580,0
2026-05-23T16:38:14.6161300Z,1779554294616,2
2026-05-23T16:38:14.6582440Z,1779554294658,1
2026-05-23T16:38:14.6906610Z,1779554294690,0
2026-05-23T16:38:14.7252430Z,1779554294725,1
2026-05-23T16:38:14.7594210Z,1779554294759,1
2026-05-23T16:38:14.7935160Z,1779554294793,1
2026-05-23T16:38:14.8283960Z,1779554294828,0
2026-05-23T16:38:14.8627730Z,1779554294862,1
2026-05-23T16:38:14.8967430Z,1779554294896,1
2026-05-23T16:38:14.9309650Z,1779554294930,1
2026-05-23T16:38:14.9655320Z,1779554294965,0
2026-05-23T16:38:15.0001000Z,1779554295000,1
2026-05-23T16:38:15.0351180Z,1779554295035,1
2026-05-23T16:38:15.0776080Z,1779554295077,1
2026-05-23T16:38:15.1100780Z,1779554295110,1
2026-05-23T16:38:15.1517990Z,1779554295151,1
2026-05-23T16:38:15.1847800Z,1779554295184,1
2026-05-23T16:38:15.2191480Z,1779554295219,0
2026-05-23T16:38:15.2532750Z,1779554295253,1
2026-05-23T16:38:15.2876380Z,1779554295287,1
2026-05-23T16:38:15.3217780Z,1779554295321,1
2026-05-23T16:38:15.3563090Z,1779554295356,1
2026-05-23T16:38:15.3905840Z,1779554295390,1
2026-05-23T16:38:15.4246660Z,1779554295424,1
2026-05-23T16:38:15.4592320Z,1779554295459,0
2026-05-23T16:38:15.4929940Z,1779554295492,1
2026-05-23T16:38:15.5279290Z,1779554295527,1
2026-05-23T16:38:15.5708540Z,1779554295570,1
2026-05-23T16:38:15.6434580Z,1779554295643,1
2026-05-23T16:38:15.6470190Z,1779554295647,1
2026-05-23T16:38:15.6808140Z,1779554295680,0
2026-05-23T16:38:15.7150840Z,1779554295715,1
2026-05-23T16:38:15.7499080Z,1779554295749,1
2026-05-23T16:38:15.7834940Z,1779554295783,1
2026-05-23T16:38:15.8182240Z,1779554295818,1
2026-05-23T16:38:15.8520890Z,1779554295852,0
2026-05-23T16:38:15.8866180Z,1779554295886,1
2026-05-23T16:38:15.9208830Z,1779554295920,1
2026-05-23T16:38:15.9548360Z,1779554295954,1
2026-05-23T16:38:15.9889830Z,1779554295988,0
2026-05-23T16:38:16.0236180Z,1779554296023,1
2026-05-23T16:38:16.0591080Z,1779554296059,1
2026-05-23T16:38:16.1013020Z,1779554296101,1
2026-05-23T16:38:16.1747060Z,1779554296174,2
2026-05-23T16:38:16.1782890Z,1779554296178,0
2026-05-23T16:38:16.2116020Z,1779554296211,1
2026-05-23T16:38:16.2466230Z,1779554296246,1
2026-05-23T16:38:16.2808480Z,1779554296280,1
2026-05-23T16:38:16.3147010Z,1779554296314,0
2026-05-23T16:38:16.3495520Z,1779554296349,1
2026-05-23T16:38:16.3835730Z,1779554296383,1
2026-05-23T16:38:16.4181130Z,1779554296418,1
2026-05-23T16:38:16.4522120Z,1779554296452,1
2026-05-23T16:38:16.4865100Z,1779554296486,0
2026-05-23T16:38:16.5211430Z,1779554296521,1
2026-05-23T16:38:16.5969880Z,1779554296596,2
2026-05-23T16:38:16.6005980Z,1779554296600,0
2026-05-23T16:38:16.6353970Z,1779554296635,1
2026-05-23T16:38:16.6771810Z,1779554296677,1
2026-05-23T16:38:16.7099650Z,1779554296709,1
2026-05-23T16:38:16.7441350Z,1779554296744,0
2026-05-23T16:38:16.7788270Z,1779554296778,1
2026-05-23T16:38:16.8127540Z,1779554296812,1
2026-05-23T16:38:16.8476090Z,1779554296847,1
2026-05-23T16:38:16.8817650Z,1779554296881,1
2026-05-23T16:38:16.9162410Z,1779554296916,1
2026-05-23T16:38:16.9502950Z,1779554296950,1
2026-05-23T16:38:16.9848370Z,1779554296984,0
2026-05-23T16:38:17.0193500Z,1779554297019,1
2026-05-23T16:38:17.0535840Z,1779554297053,1
2026-05-23T16:38:17.1296820Z,1779554297129,1
2026-05-23T16:38:17.1331530Z,1779554297133,1
2026-05-23T16:38:17.1684010Z,1779554297168,1
2026-05-23T16:38:17.2103680Z,1779554297210,1
2026-05-23T16:38:17.2434600Z,1779554297243,0
2026-05-23T16:38:17.2781400Z,1779554297278,1
2026-05-23T16:38:17.3125780Z,1779554297312,1
2026-05-23T16:38:17.3470040Z,1779554297347,1
2026-05-23T16:38:17.3812490Z,1779554297381,0
2026-05-23T16:38:17.4160960Z,1779554297416,1
2026-05-23T16:38:17.4501350Z,1779554297450,1
2026-05-23T16:38:17.4843890Z,1779554297484,1
2026-05-23T16:38:17.5191430Z,1779554297519,1
2026-05-23T16:38:17.5535870Z,1779554297553,1
2026-05-23T16:38:17.5888820Z,1779554297588,0
2026-05-23T16:38:17.6311110Z,1779554297631,1
2026-05-23T16:38:17.6641850Z,1779554297664,1
2026-05-23T16:38:17.7070110Z,1779554297707,1
2026-05-23T16:38:17.7397570Z,1779554297739,1
2026-05-23T16:38:17.7741110Z,1779554297774,1
2026-05-23T16:38:17.8086780Z,1779554297808,1
2026-05-23T16:38:17.8428710Z,1779554297842,0
2026-05-23T16:38:17.8775510Z,1779554297877,1
2026-05-23T16:38:17.9116310Z,1779554297911,1
2026-05-23T16:38:17.9466410Z,1779554297946,1
2026-05-23T16:38:17.9806370Z,1779554297980,1
2026-05-23T16:38:18.0151170Z,1779554298015,0
2026-05-23T16:38:18.0497990Z,1779554298049,1
2026-05-23T16:38:18.0842050Z,1779554298084,1
2026-05-23T16:38:18.1198770Z,1779554298119,1
2026-05-23T16:38:18.1623580Z,1779554298162,1
2026-05-23T16:38:18.1961780Z,1779554298196,1
2026-05-23T16:38:18.2300080Z,1779554298230,1
2026-05-23T16:38:18.2644480Z,1779554298264,0
2026-05-23T16:38:18.2996530Z,1779554298299,1
2026-05-23T16:38:18.3329600Z,1779554298332,1
2026-05-23T16:38:18.3679930Z,1779554298367,1
2026-05-23T16:38:18.4018760Z,1779554298401,1
2026-05-23T16:38:18.4364060Z,1779554298436,1
2026-05-23T16:38:18.4707120Z,1779554298470,0
2026-05-23T16:38:18.5047700Z,1779554298504,1
2026-05-23T16:38:18.5399450Z,1779554298539,1
2026-05-23T16:38:18.5743130Z,1779554298574,1
2026-05-23T16:38:18.6090790Z,1779554298609,1
2026-05-23T16:38:18.6511030Z,1779554298651,0
2026-05-23T16:38:18.7243650Z,1779554298724,2
2026-05-23T16:38:18.7280790Z,1779554298728,1
2026-05-23T16:38:18.7615210Z,1779554298761,0
2026-05-23T16:38:18.7958740Z,1779554298795,1
2026-05-23T16:38:18.8298960Z,1779554298829,1
2026-05-23T16:38:18.8646860Z,1779554298864,1
2026-05-23T16:38:18.8990220Z,1779554298899,0
2026-05-23T16:38:18.9329890Z,1779554298932,1
2026-05-23T16:38:18.9675860Z,1779554298967,1
2026-05-23T16:38:19.0015340Z,1779554299001,1
2026-05-23T16:38:19.0358920Z,1779554299035,1
2026-05-23T16:38:19.0700050Z,1779554299070,1
2026-05-23T16:38:19.1046100Z,1779554299104,0
2026-05-23T16:38:19.1402440Z,1779554299140,1
2026-05-23T16:38:19.1825860Z,1779554299182,1
2026-05-23T16:38:19.2559090Z,1779554299255,2
2026-05-23T16:38:19.2593990Z,1779554299259,0
2026-05-23T16:38:19.2952750Z,1779554299295,1
2026-05-23T16:38:19.3339030Z,1779554299333,1
2026-05-23T16:38:19.3725470Z,1779554299372,1
2026-05-23T16:38:19.4108400Z,1779554299410,1
2026-05-23T16:38:19.4502350Z,1779554299450,1
2026-05-23T16:38:19.4885290Z,1779554299488,1
2026-05-23T16:38:19.5264490Z,1779554299526,0
2026-05-23T16:38:19.5619600Z,1779554299561,1
2026-05-23T16:38:19.5962150Z,1779554299596,1
2026-05-23T16:38:19.6305470Z,1779554299630,1
2026-05-23T16:38:19.6738460Z,1779554299673,1
2026-05-23T16:38:19.7066570Z,1779554299706,1
2026-05-23T16:38:19.7486460Z,1779554299748,1
2026-05-23T16:38:19.7817970Z,1779554299781,0
2026-05-23T16:38:19.8162640Z,1779554299816,1
2026-05-23T16:38:19.8503980Z,1779554299850,1
2026-05-23T16:38:19.8846450Z,1779554299884,1
2026-05-23T16:38:19.9191370Z,1779554299919,1
2026-05-23T16:38:19.9531730Z,1779554299953,1
2026-05-23T16:38:19.9879750Z,1779554299987,1
2026-05-23T16:38:20.0218050Z,1779554300021,0
2026-05-23T16:38:20.0563870Z,1779554300056,1
2026-05-23T16:38:20.0905470Z,1779554300090,1
2026-05-23T16:38:20.1251400Z,1779554300125,1
2026-05-23T16:38:20.1601590Z,1779554300160,0
2026-05-23T16:38:20.2022900Z,1779554300202,2
2026-05-23T16:38:20.2360290Z,1779554300236,0
2026-05-23T16:38:20.2773820Z,1779554300277,1
2026-05-23T16:38:20.3105780Z,1779554300310,1
2026-05-23T16:38:20.3446490Z,1779554300344,1
2026-05-23T16:38:20.3792320Z,1779554300379,1
2026-05-23T16:38:20.4134470Z,1779554300413,0
2026-05-23T16:38:20.4477410Z,1779554300447,1
2026-05-23T16:38:20.4817840Z,1779554300481,1
2026-05-23T16:38:20.5163540Z,1779554300516,1
2026-05-23T16:38:20.5504860Z,1779554300550,1
2026-05-23T16:38:20.5848870Z,1779554300584,1
2026-05-23T16:38:20.6198840Z,1779554300619,0
2026-05-23T16:38:20.6541350Z,1779554300654,1
2026-05-23T16:38:20.6973130Z,1779554300697,1
2026-05-23T16:38:20.7709080Z,1779554300770,2
2026-05-23T16:38:20.7744190Z,1779554300774,0
2026-05-23T16:38:20.8089510Z,1779554300808,1
2026-05-23T16:38:20.8427870Z,1779554300842,1
2026-05-23T16:38:20.8771540Z,1779554300877,1
2026-05-23T16:38:20.9112970Z,1779554300911,0
2026-05-23T16:38:20.9457190Z,1779554300945,1
2026-05-23T16:38:20.9798380Z,1779554300979,1
2026-05-23T16:38:21.0142230Z,1779554301014,1
2026-05-23T16:38:21.0490480Z,1779554301049,0
2026-05-23T16:38:21.0827700Z,1779554301082,1
2026-05-23T16:38:21.1175350Z,1779554301117,1
2026-05-23T16:38:21.1518080Z,1779554301151,1
2026-05-23T16:38:21.1874220Z,1779554301187,1
2026-05-23T16:38:21.2291550Z,1779554301229,1
2026-05-23T16:38:21.3033000Z,1779554301303,2
2026-05-23T16:38:21.3072030Z,1779554301307,0
2026-05-23T16:38:21.3408050Z,1779554301340,1
2026-05-23T16:38:21.3754460Z,1779554301375,1
2026-05-23T16:38:21.4099010Z,1779554301409,0
2026-05-23T16:38:21.4440630Z,1779554301444,1
2026-05-23T16:38:21.4789540Z,1779554301478,1
2026-05-23T16:38:21.5130800Z,1779554301513,1
2026-05-23T16:38:21.5472440Z,1779554301547,0
2026-05-23T16:38:21.5818140Z,1779554301581,1
2026-05-23T16:38:21.6162970Z,1779554301616,1
2026-05-23T16:38:21.6509970Z,1779554301650,1
2026-05-23T16:38:21.7263500Z,1779554301726,2
2026-05-23T16:38:21.7300900Z,1779554301730,0
2026-05-23T16:38:21.7641920Z,1779554301764,1
2026-05-23T16:38:21.8080580Z,1779554301808,1
2026-05-23T16:38:21.8403840Z,1779554301840,1
2026-05-23T16:38:21.8747570Z,1779554301874,0
2026-05-23T16:38:21.9095330Z,1779554301909,1
2026-05-23T16:38:21.9435550Z,1779554301943,1
2026-05-23T16:38:21.9783790Z,1779554301978,1
2026-05-23T16:38:22.0129150Z,1779554302012,1
2026-05-23T16:38:22.0471060Z,1779554302047,0
2026-05-23T16:38:22.0812490Z,1779554302081,1
2026-05-23T16:38:22.1160780Z,1779554302116,1
2026-05-23T16:38:22.1501210Z,1779554302150,1
2026-05-23T16:38:22.1848920Z,1779554302184,0
2026-05-23T16:38:22.2280280Z,1779554302228,2
2026-05-23T16:38:22.2618470Z,1779554302261,1
2026-05-23T16:38:22.3038980Z,1779554302303,0
2026-05-23T16:38:22.3374990Z,1779554302337,1
2026-05-23T16:38:22.3712080Z,1779554302371,1
2026-05-23T16:38:22.4060210Z,1779554302406,1
2026-05-23T16:38:22.4402380Z,1779554302440,0
2026-05-23T16:38:22.4746380Z,1779554302474,1
2026-05-23T16:38:22.5091170Z,1779554302509,1
2026-05-23T16:38:22.5434480Z,1779554302543,1
2026-05-23T16:38:22.5778650Z,1779554302577,1
2026-05-23T16:38:22.6121350Z,1779554302612,1
2026-05-23T16:38:22.6471100Z,1779554302647,0
2026-05-23T16:38:22.6811340Z,1779554302681,1
2026-05-23T16:38:22.7165950Z,1779554302716,1
2026-05-23T16:38:22.7589130Z,1779554302758,1
2026-05-23T16:38:22.7921360Z,1779554302792,1
2026-05-23T16:38:22.8351730Z,1779554302835,1
2026-05-23T16:38:22.8684440Z,1779554302868,1
2026-05-23T16:38:22.9029650Z,1779554302902,1
2026-05-23T16:38:22.9372150Z,1779554302937,0
2026-05-23T16:38:22.9715480Z,1779554302971,1
2026-05-23T16:38:23.0059220Z,1779554303005,1
2026-05-23T16:38:23.0403110Z,1779554303040,1
2026-05-23T16:38:23.0745060Z,1779554303074,0
2026-05-23T16:38:23.1089520Z,1779554303108,1
2026-05-23T16:38:23.1431010Z,1779554303143,1
2026-05-23T16:38:23.1776180Z,1779554303177,1
2026-05-23T16:38:23.2120230Z,1779554303212,1
2026-05-23T16:38:23.2549890Z,1779554303254,1
2026-05-23T16:38:23.2903640Z,1779554303290,1
2026-05-23T16:38:23.3242440Z,1779554303324,0
2026-05-23T16:38:23.3667740Z,1779554303366,2
2026-05-23T16:38:23.3994970Z,1779554303399,0
2026-05-23T16:38:23.4336090Z,1779554303433,1
2026-05-23T16:38:23.4679920Z,1779554303467,1
2026-05-23T16:38:23.5021660Z,1779554303502,1
2026-05-23T16:38:23.5366680Z,1779554303536,1
2026-05-23T16:38:23.5705400Z,1779554303570,0
2026-05-23T16:38:23.6052020Z,1779554303605,1
2026-05-23T16:38:23.6398430Z,1779554303639,1
2026-05-23T16:38:23.6739260Z,1779554303673,1
2026-05-23T16:38:23.7089040Z,1779554303708,0
2026-05-23T16:38:23.7435570Z,1779554303743,1
2026-05-23T16:38:23.7862870Z,1779554303786,1
2026-05-23T16:38:23.8597750Z,1779554303859,2
2026-05-23T16:38:23.8637690Z,1779554303863,0
2026-05-23T16:38:23.8978910Z,1779554303897,1
2026-05-23T16:38:23.9321030Z,1779554303932,1
2026-05-23T16:38:23.9666040Z,1779554303966,1
2026-05-23T16:38:24.0006780Z,1779554304000,1
2026-05-23T16:38:24.0356950Z,1779554304035,0
2026-05-23T16:38:24.0699950Z,1779554304069,1
2026-05-23T16:38:24.1038510Z,1779554304103,1
2026-05-23T16:38:24.1387380Z,1779554304138,1
2026-05-23T16:38:24.1723820Z,1779554304172,1
2026-05-23T16:38:24.2075860Z,1779554304207,0
2026-05-23T16:38:24.2823190Z,1779554304282,2
2026-05-23T16:38:24.2863960Z,1779554304286,0
2026-05-23T16:38:24.3205840Z,1779554304320,1
2026-05-23T16:38:24.3632030Z,1779554304363,1
2026-05-23T16:38:24.3952910Z,1779554304395,1
2026-05-23T16:38:24.4299430Z,1779554304429,1
2026-05-23T16:38:24.4639440Z,1779554304463,0
2026-05-23T16:38:24.4981300Z,1779554304498,1
2026-05-23T16:38:24.5321980Z,1779554304532,1
2026-05-23T16:38:24.5669080Z,1779554304566,1
2026-05-23T16:38:24.6007630Z,1779554304600,1
2026-05-23T16:38:24.6350480Z,1779554304635,1
2026-05-23T16:38:24.6698410Z,1779554304669,1
2026-05-23T16:38:24.7037940Z,1779554304703,0
2026-05-23T16:38:24.7384790Z,1779554304738,1
2026-05-23T16:38:24.8141400Z,1779554304814,2
2026-05-23T16:38:24.8180610Z,1779554304818,0
2026-05-23T16:38:24.8530250Z,1779554304853,1
2026-05-23T16:38:24.8954350Z,1779554304895,1
2026-05-23T16:38:24.9281300Z,1779554304928,1
2026-05-23T16:38:24.9623330Z,1779554304962,0
2026-05-23T16:38:24.9967970Z,1779554304996,1
2026-05-23T16:38:25.0304730Z,1779554305030,1
2026-05-23T16:38:25.0649940Z,1779554305064,1
2026-05-23T16:38:25.0997280Z,1779554305099,0
2026-05-23T16:38:25.1336170Z,1779554305133,1
2026-05-23T16:38:25.1677770Z,1779554305167,1
2026-05-23T16:38:25.2018670Z,1779554305201,1
2026-05-23T16:38:25.2368430Z,1779554305236,1
2026-05-23T16:38:25.2715680Z,1779554305271,1
2026-05-23T16:38:25.3139780Z,1779554305313,1
2026-05-23T16:38:25.3471760Z,1779554305347,0
2026-05-23T16:38:25.3895000Z,1779554305389,2
2026-05-23T16:38:25.4224480Z,1779554305422,0
2026-05-23T16:38:25.4569300Z,1779554305456,1
2026-05-23T16:38:25.4911260Z,1779554305491,1
2026-05-23T16:38:25.5257950Z,1779554305525,1
2026-05-23T16:38:25.5598030Z,1779554305559,1
2026-05-23T16:38:25.5941470Z,1779554305594,0
2026-05-23T16:38:25.6288440Z,1779554305628,1
2026-05-23T16:38:25.6627650Z,1779554305662,1
2026-05-23T16:38:25.6974180Z,1779554305697,1
2026-05-23T16:38:25.7316600Z,1779554305731,1
2026-05-23T16:38:25.7665360Z,1779554305766,1
2026-05-23T16:38:25.8097550Z,1779554305809,1
2026-05-23T16:38:25.8844160Z,1779554305884,1
2026-05-23T16:38:25.8881980Z,1779554305888,0
2026-05-23T16:38:25.9225480Z,1779554305922,1
2026-05-23T16:38:25.9570800Z,1779554305957,1
2026-05-23T16:38:25.9911360Z,1779554305991,1
2026-05-23T16:38:26.0257600Z,1779554306025,1
2026-05-23T16:38:26.0600660Z,1779554306060,1
2026-05-23T16:38:26.0947900Z,1779554306094,0
2026-05-23T16:38:26.1290110Z,1779554306129,1
2026-05-23T16:38:26.1632210Z,1779554306163,1
2026-05-23T16:38:26.1985540Z,1779554306198,1
2026-05-23T16:38:26.2426470Z,1779554306242,1
2026-05-23T16:38:26.2769570Z,1779554306276,1
2026-05-23T16:38:26.3119290Z,1779554306311,1
2026-05-23T16:38:26.3540630Z,1779554306354,0
2026-05-23T16:38:26.4277420Z,1779554306427,2
2026-05-23T16:38:26.4310410Z,1779554306431,0
2026-05-23T16:38:26.4649820Z,1779554306464,1
2026-05-23T16:38:26.4998700Z,1779554306499,1
2026-05-23T16:38:26.5342160Z,1779554306534,1
2026-05-23T16:38:26.5687620Z,1779554306568,1
2026-05-23T16:38:26.6031370Z,1779554306603,0
2026-05-23T16:38:26.6376670Z,1779554306637,1
2026-05-23T16:38:26.6720010Z,1779554306672,1
2026-05-23T16:38:26.7066590Z,1779554306706,1
2026-05-23T16:38:26.7407550Z,1779554306740,1
2026-05-23T16:38:26.7758330Z,1779554306775,1
2026-05-23T16:38:26.8516440Z,1779554306851,1
2026-05-23T16:38:26.8554030Z,1779554306855,0
2026-05-23T16:38:26.8892260Z,1779554306889,1
2026-05-23T16:38:26.9317980Z,1779554306931,1
2026-05-23T16:38:26.9644610Z,1779554306964,1
2026-05-23T16:38:26.9993230Z,1779554306999,1
2026-05-23T16:38:27.0334760Z,1779554307033,1
2026-05-23T16:38:27.0678300Z,1779554307067,1
2026-05-23T16:38:27.1020770Z,1779554307102,0
2026-05-23T16:38:27.1364310Z,1779554307136,1
2026-05-23T16:38:27.1704050Z,1779554307170,1
2026-05-23T16:38:27.2048870Z,1779554307204,1
2026-05-23T16:38:27.2398790Z,1779554307239,0
2026-05-23T16:38:27.2741550Z,1779554307274,1
2026-05-23T16:38:27.3090660Z,1779554307309,1
2026-05-23T16:38:27.3510440Z,1779554307351,1
2026-05-23T16:38:27.3842180Z,1779554307384,1
2026-05-23T16:38:27.4201480Z,1779554307420,1
2026-05-23T16:38:27.4617630Z,1779554307461,1
2026-05-23T16:38:27.4954440Z,1779554307495,0
2026-05-23T16:38:27.5371140Z,1779554307537,2
2026-05-23T16:38:27.5702240Z,1779554307570,0
2026-05-23T16:38:27.6042900Z,1779554307604,1
2026-05-23T16:38:27.6389310Z,1779554307638,1
2026-05-23T16:38:27.6733880Z,1779554307673,1
2026-05-23T16:38:27.7076380Z,1779554307707,1
2026-05-23T16:38:27.7415810Z,1779554307741,0
2026-05-23T16:38:27.7764490Z,1779554307776,1
2026-05-23T16:38:27.8107540Z,1779554307810,1
2026-05-23T16:38:27.8463640Z,1779554307846,1
2026-05-23T16:38:27.8886080Z,1779554307888,1
2026-05-23T16:38:27.9214800Z,1779554307921,1
2026-05-23T16:38:27.9641950Z,1779554307964,1
2026-05-23T16:38:27.9970340Z,1779554307997,0
2026-05-23T16:38:28.0309660Z,1779554308030,1
2026-05-23T16:38:28.0656540Z,1779554308065,1
2026-05-23T16:38:28.0998470Z,1779554308099,1
2026-05-23T16:38:28.1342910Z,1779554308134,1
2026-05-23T16:38:28.1687250Z,1779554308168,1
2026-05-23T16:38:28.2037360Z,1779554308203,1
2026-05-23T16:38:28.2372290Z,1779554308237,0
2026-05-23T16:38:28.2712330Z,1779554308271,1
2026-05-23T16:38:28.3064200Z,1779554308306,1
2026-05-23T16:38:28.3409340Z,1779554308340,1
2026-05-23T16:38:28.3835430Z,1779554308383,1
2026-05-23T16:38:28.4564190Z,1779554308456,2
2026-05-23T16:38:28.4599220Z,1779554308459,0
2026-05-23T16:38:28.4934200Z,1779554308493,0
2026-05-23T16:38:28.5282690Z,1779554308528,1
2026-05-23T16:38:28.5621940Z,1779554308562,1
2026-05-23T16:38:28.5965640Z,1779554308596,1
2026-05-23T16:38:28.6309870Z,1779554308630,1
2026-05-23T16:38:28.6649340Z,1779554308664,1
2026-05-23T16:38:28.6993200Z,1779554308699,0
2026-05-23T16:38:28.7334830Z,1779554308733,1
2026-05-23T16:38:28.7678710Z,1779554308767,1
2026-05-23T16:38:28.8018990Z,1779554308801,1
2026-05-23T16:38:28.8365680Z,1779554308836,1
2026-05-23T16:38:28.8719080Z,1779554308871,0
2026-05-23T16:38:28.9143530Z,1779554308914,2
2026-05-23T16:38:28.9876490Z,1779554308987,1
2026-05-23T16:38:28.9912380Z,1779554308991,0
2026-05-23T16:38:29.0254210Z,1779554309025,1
2026-05-23T16:38:29.0599350Z,1779554309059,1
2026-05-23T16:38:29.0936330Z,1779554309093,1
2026-05-23T16:38:29.1282100Z,1779554309128,0
2026-05-23T16:38:29.1626590Z,1779554309162,1
2026-05-23T16:38:29.1965040Z,1779554309196,1
2026-05-23T16:38:29.2307610Z,1779554309230,1
2026-05-23T16:38:29.2649250Z,1779554309264,1
2026-05-23T16:38:29.3021720Z,1779554309302,1
2026-05-23T16:38:29.3402250Z,1779554309340,1
2026-05-23T16:38:29.4196090Z,1779554309419,2
2026-05-23T16:38:29.4237150Z,1779554309423,0
2026-05-23T16:38:29.4636030Z,1779554309463,1
2026-05-23T16:38:29.5053750Z,1779554309505,0
2026-05-23T16:38:29.5424520Z,1779554309542,1
2026-05-23T16:38:29.5780500Z,1779554309578,1
2026-05-23T16:38:29.6124660Z,1779554309612,1
2026-05-23T16:38:29.6468390Z,1779554309646,1
2026-05-23T16:38:29.6809750Z,1779554309680,1
2026-05-23T16:38:29.7152020Z,1779554309715,1
2026-05-23T16:38:29.7495450Z,1779554309749,0
2026-05-23T16:38:29.7836190Z,1779554309783,1
2026-05-23T16:38:29.8183950Z,1779554309818,1
2026-05-23T16:38:29.8528460Z,1779554309852,1
2026-05-23T16:38:29.8882150Z,1779554309888,0
2026-05-23T16:38:29.9299520Z,1779554309929,2
2026-05-23T16:38:29.9636320Z,1779554309963,1
2026-05-23T16:38:30.0053620Z,1779554310005,0
2026-05-23T16:38:30.0389550Z,1779554310038,1
2026-05-23T16:38:30.0727400Z,1779554310072,1
2026-05-23T16:38:30.1073050Z,1779554310107,1
2026-05-23T16:38:30.1418650Z,1779554310141,0
2026-05-23T16:38:30.1762510Z,1779554310176,2
2026-05-23T16:38:30.2099560Z,1779554310209,0
2026-05-23T16:38:30.2444560Z,1779554310244,1
2026-05-23T16:38:30.2792960Z,1779554310279,1
2026-05-23T16:38:30.3130370Z,1779554310313,1
2026-05-23T16:38:30.3478370Z,1779554310347,1
2026-05-23T16:38:30.3821960Z,1779554310382,0
2026-05-23T16:38:30.4250080Z,1779554310425,1
2026-05-23T16:38:30.4994710Z,1779554310499,2
2026-05-23T16:38:30.5044350Z,1779554310504,0
2026-05-23T16:38:30.5386910Z,1779554310538,1
2026-05-23T16:38:30.5731060Z,1779554310573,1
2026-05-23T16:38:30.6076880Z,1779554310607,1
2026-05-23T16:38:30.6418640Z,1779554310641,0
2026-05-23T16:38:30.6768310Z,1779554310676,1
2026-05-23T16:38:30.7106870Z,1779554310710,1
2026-05-23T16:38:30.7450220Z,1779554310745,1
2026-05-23T16:38:30.7798730Z,1779554310779,1
2026-05-23T16:38:30.8141440Z,1779554310814,1
2026-05-23T16:38:30.8489200Z,1779554310848,0
2026-05-23T16:38:30.9243390Z,1779554310924,2
2026-05-23T16:38:30.9282140Z,1779554310928,0
2026-05-23T16:38:30.9617970Z,1779554310961,1
2026-05-23T16:38:30.9962140Z,1779554310996,1
2026-05-23T16:38:31.0309700Z,1779554311030,1
2026-05-23T16:38:31.0653220Z,1779554311065,1
2026-05-23T16:38:31.0996550Z,1779554311099,0
2026-05-23T16:38:31.1339800Z,1779554311133,1
2026-05-23T16:38:31.1686610Z,1779554311168,1
2026-05-23T16:38:31.2024910Z,1779554311202,1
2026-05-23T16:38:31.2369890Z,1779554311236,1
2026-05-23T16:38:31.2712720Z,1779554311271,0
2026-05-23T16:38:31.3060770Z,1779554311306,1
2026-05-23T16:38:31.3399790Z,1779554311339,1
2026-05-23T16:38:31.3751560Z,1779554311375,1
2026-05-23T16:38:31.4509770Z,1779554311450,2
2026-05-23T16:38:31.4555180Z,1779554311455,0
2026-05-23T16:38:31.4904280Z,1779554311490,1
2026-05-23T16:38:31.5327510Z,1779554311532,0
2026-05-23T16:38:31.5658950Z,1779554311565,1
2026-05-23T16:38:31.5997750Z,1779554311599,1
2026-05-23T16:38:31.6342560Z,1779554311634,1
2026-05-23T16:38:31.6688090Z,1779554311668,1
2026-05-23T16:38:31.7026980Z,1779554311702,1
2026-05-23T16:38:31.7374920Z,1779554311737,0
2026-05-23T16:38:31.7715670Z,1779554311771,1
2026-05-23T16:38:31.8061020Z,1779554311806,1
2026-05-23T16:38:31.8403870Z,1779554311840,1
2026-05-23T16:38:31.8747840Z,1779554311874,1
2026-05-23T16:38:31.9096970Z,1779554311909,0
2026-05-23T16:38:31.9520850Z,1779554311952,2
2026-05-23T16:38:31.9850570Z,1779554311985,0
2026-05-23T16:38:32.0210850Z,1779554312021,1
2026-05-23T16:38:32.0625520Z,1779554312062,1
2026-05-23T16:38:32.0958050Z,1779554312095,1
2026-05-23T16:38:32.1295830Z,1779554312129,1
2026-05-23T16:38:32.1640370Z,1779554312164,0
2026-05-23T16:38:32.1985750Z,1779554312198,1
2026-05-23T16:38:32.2324030Z,1779554312232,1
2026-05-23T16:38:32.2670820Z,1779554312267,1
2026-05-23T16:38:32.3011390Z,1779554312301,1
2026-05-23T16:38:32.3353630Z,1779554312335,1
2026-05-23T16:38:32.3704160Z,1779554312370,0
2026-05-23T16:38:32.4044100Z,1779554312404,1
2026-05-23T16:38:32.4396140Z,1779554312439,1
2026-05-23T16:38:32.4824120Z,1779554312482,1
2026-05-23T16:38:32.5158480Z,1779554312515,1
2026-05-23T16:38:32.5579850Z,1779554312557,1
2026-05-23T16:38:32.5912540Z,1779554312591,1
2026-05-23T16:38:32.6252550Z,1779554312625,1
2026-05-23T16:38:32.6598580Z,1779554312659,0
2026-05-23T16:38:32.6940700Z,1779554312694,1
2026-05-23T16:38:32.7285480Z,1779554312728,1
2026-05-23T16:38:32.7626120Z,1779554312762,1
2026-05-23T16:38:32.7974600Z,1779554312797,0
2026-05-23T16:38:32.8312720Z,1779554312831,1
2026-05-23T16:38:32.8657960Z,1779554312865,1
2026-05-23T16:38:32.8999140Z,1779554312899,1
2026-05-23T16:38:32.9344740Z,1779554312934,1
2026-05-23T16:38:32.9792520Z,1779554312979,1
2026-05-23T16:38:33.0526720Z,1779554313052,1
2026-05-23T16:38:33.0566900Z,1779554313056,1
2026-05-23T16:38:33.0904580Z,1779554313090,1
2026-05-23T16:38:33.1246850Z,1779554313124,0
2026-05-23T16:38:33.1588490Z,1779554313158,1
2026-05-23T16:38:33.1930470Z,1779554313193,1
2026-05-23T16:38:33.2273660Z,1779554313227,1
2026-05-23T16:38:33.2613500Z,1779554313261,1
2026-05-23T16:38:33.2958710Z,1779554313295,0
2026-05-23T16:38:33.3299500Z,1779554313329,1
2026-05-23T16:38:33.3642420Z,1779554313364,1
2026-05-23T16:38:33.3987290Z,1779554313398,1
2026-05-23T16:38:33.4332780Z,1779554313433,0
2026-05-23T16:38:33.4682600Z,1779554313468,1
2026-05-23T16:38:33.5100330Z,1779554313510,2
2026-05-23T16:38:33.5826530Z,1779554313582,1
2026-05-23T16:38:33.5861050Z,1779554313586,0
2026-05-23T16:38:33.6197030Z,1779554313619,1
2026-05-23T16:38:33.6542960Z,1779554313654,1
2026-05-23T16:38:33.6887110Z,1779554313688,1
2026-05-23T16:38:33.7228840Z,1779554313722,1
2026-05-23T16:38:33.7578950Z,1779554313757,1
2026-05-23T16:38:33.7921110Z,1779554313792,0
2026-05-23T16:38:33.8262030Z,1779554313826,1
2026-05-23T16:38:33.8603720Z,1779554313860,1
2026-05-23T16:38:33.8945370Z,1779554313894,1
2026-05-23T16:38:33.9293830Z,1779554313929,0
2026-05-23T16:38:34.0045530Z,1779554314004,2
2026-05-23T16:38:34.0086510Z,1779554314008,0
2026-05-23T16:38:34.0427000Z,1779554314042,1
2026-05-23T16:38:34.0852200Z,1779554314085,1
2026-05-23T16:38:34.1182730Z,1779554314118,1
2026-05-23T16:38:34.1521970Z,1779554314152,1
2026-05-23T16:38:34.1871750Z,1779554314187,0
2026-05-23T16:38:34.2209560Z,1779554314220,1
2026-05-23T16:38:34.2552130Z,1779554314255,1
2026-05-23T16:38:34.2897430Z,1779554314289,1
2026-05-23T16:38:34.3241370Z,1779554314324,1
2026-05-23T16:38:34.3584290Z,1779554314358,1
2026-05-23T16:38:34.3925010Z,1779554314392,1
2026-05-23T16:38:34.4271060Z,1779554314427,0
2026-05-23T16:38:34.4613340Z,1779554314461,1
2026-05-23T16:38:34.5375480Z,1779554314537,2
2026-05-23T16:38:34.5480790Z,1779554314548,0
2026-05-23T16:38:34.5822380Z,1779554314582,1
2026-05-23T16:38:34.6238800Z,1779554314623,1
2026-05-23T16:38:34.6572390Z,1779554314657,1
2026-05-23T16:38:34.6913410Z,1779554314691,0
2026-05-23T16:38:34.7258500Z,1779554314725,1
2026-05-23T16:38:34.7602970Z,1779554314760,1
2026-05-23T16:38:34.7942740Z,1779554314794,1
2026-05-23T16:38:34.8292310Z,1779554314829,0
2026-05-23T16:38:34.8633260Z,1779554314863,1
2026-05-23T16:38:34.8978950Z,1779554314897,1
2026-05-23T16:38:34.9320090Z,1779554314932,1
2026-05-23T16:38:34.9668080Z,1779554314966,1
2026-05-23T16:38:35.0018560Z,1779554315001,1
2026-05-23T16:38:35.0446830Z,1779554315044,1
2026-05-23T16:38:35.0785420Z,1779554315078,0
2026-05-23T16:38:35.1210050Z,1779554315121,1
2026-05-23T16:38:35.1539720Z,1779554315153,1
2026-05-23T16:38:35.1888140Z,1779554315188,1
2026-05-23T16:38:35.2228460Z,1779554315222,1
2026-05-23T16:38:35.2577940Z,1779554315257,1
2026-05-23T16:38:35.2920520Z,1779554315292,0
2026-05-23T16:38:35.3265780Z,1779554315326,1
2026-05-23T16:38:35.3613580Z,1779554315361,1
2026-05-23T16:38:35.3955220Z,1779554315395,1
2026-05-23T16:38:35.4301890Z,1779554315430,1
2026-05-23T16:38:35.4646230Z,1779554315464,0
2026-05-23T16:38:35.5005570Z,1779554315500,1
2026-05-23T16:38:35.5422580Z,1779554315542,1
2026-05-23T16:38:35.5758670Z,1779554315575,1
2026-05-23T16:38:35.6107080Z,1779554315610,1
2026-05-23T16:38:35.6526580Z,1779554315652,1
2026-05-23T16:38:35.6858940Z,1779554315685,1
2026-05-23T16:38:35.7200720Z,1779554315720,0
2026-05-23T16:38:35.7545620Z,1779554315754,1
2026-05-23T16:38:35.7893840Z,1779554315789,1
2026-05-23T16:38:35.8235290Z,1779554315823,1
2026-05-23T16:38:35.8585820Z,1779554315858,0
2026-05-23T16:38:35.8923970Z,1779554315892,1
2026-05-23T16:38:35.9271000Z,1779554315927,1
2026-05-23T16:38:35.9612470Z,1779554315961,1
2026-05-23T16:38:35.9965030Z,1779554315996,1
2026-05-23T16:38:36.0312490Z,1779554316031,1
2026-05-23T16:38:36.0737710Z,1779554316073,1
2026-05-23T16:38:36.1477870Z,1779554316147,1
2026-05-23T16:38:36.1510920Z,1779554316151,0
2026-05-23T16:38:36.1848640Z,1779554316184,1
2026-05-23T16:38:36.2198270Z,1779554316219,1
2026-05-23T16:38:36.2540070Z,1779554316254,1
2026-05-23T16:38:36.2887400Z,1779554316288,1
2026-05-23T16:38:36.3228390Z,1779554316322,1
2026-05-23T16:38:36.3573970Z,1779554316357,0
2026-05-23T16:38:36.3915850Z,1779554316391,1
2026-05-23T16:38:36.4261980Z,1779554316426,1
2026-05-23T16:38:36.4601290Z,1779554316460,1
2026-05-23T16:38:36.4950450Z,1779554316495,0
2026-05-23T16:38:36.5707310Z,1779554316570,2
2026-05-23T16:38:36.5741850Z,1779554316574,1
2026-05-23T16:38:36.6090660Z,1779554316609,0
2026-05-23T16:38:36.6505740Z,1779554316650,1
2026-05-23T16:38:36.6835360Z,1779554316683,1
2026-05-23T16:38:36.7179450Z,1779554316717,1
2026-05-23T16:38:36.7523320Z,1779554316752,0
2026-05-23T16:38:36.7867330Z,1779554316786,1
2026-05-23T16:38:36.8207490Z,1779554316820,1
2026-05-23T16:38:36.8556790Z,1779554316855,1
2026-05-23T16:38:36.8898780Z,1779554316889,1
2026-05-23T16:38:36.9239880Z,1779554316923,1
2026-05-23T16:38:36.9586560Z,1779554316958,1
2026-05-23T16:38:36.9926090Z,1779554316992,0
2026-05-23T16:38:37.0272270Z,1779554317027,1
2026-05-23T16:38:37.1032930Z,1779554317103,2
2026-05-23T16:38:37.1075790Z,1779554317107,0
2026-05-23T16:38:37.1423560Z,1779554317142,1
2026-05-23T16:38:37.1843300Z,1779554317184,1
2026-05-23T16:38:37.2173660Z,1779554317217,1
2026-05-23T16:38:37.2514020Z,1779554317251,0
2026-05-23T16:38:37.2862230Z,1779554317286,1
2026-05-23T16:38:37.3202310Z,1779554317320,1
2026-05-23T16:38:37.3545230Z,1779554317354,1
2026-05-23T16:38:37.3894100Z,1779554317389,1
2026-05-23T16:38:37.4234540Z,1779554317423,1
2026-05-23T16:38:37.4576560Z,1779554317457,0
2026-05-23T16:38:37.4916850Z,1779554317491,1
2026-05-23T16:38:37.5264580Z,1779554317526,1
2026-05-23T16:38:37.5612010Z,1779554317561,1
2026-05-23T16:38:37.6037850Z,1779554317603,1
2026-05-23T16:38:37.6368890Z,1779554317636,0
2026-05-23T16:38:37.6789690Z,1779554317678,1
2026-05-23T16:38:37.7118090Z,1779554317711,1
2026-05-23T16:38:37.7464850Z,1779554317746,1
2026-05-23T16:38:37.7804120Z,1779554317780,1
2026-05-23T16:38:37.8146620Z,1779554317814,1
2026-05-23T16:38:37.8493680Z,1779554317849,0
2026-05-23T16:38:37.8833590Z,1779554317883,1
2026-05-23T16:38:37.9178750Z,1779554317917,1
2026-05-23T16:38:37.9519540Z,1779554317951,1
2026-05-23T16:38:37.9864730Z,1779554317986,1
2026-05-23T16:38:38.0207170Z,1779554318020,0
2026-05-23T16:38:38.0553980Z,1779554318055,1
2026-05-23T16:38:38.0985380Z,1779554318098,1
2026-05-23T16:38:38.1712750Z,1779554318171,2
2026-05-23T16:38:38.1747390Z,1779554318174,0
2026-05-23T16:38:38.2087850Z,1779554318208,1
2026-05-23T16:38:38.2428070Z,1779554318242,1
2026-05-23T16:38:38.2772650Z,1779554318277,0
2026-05-23T16:38:38.3113260Z,1779554318311,1
2026-05-23T16:38:38.3459580Z,1779554318345,1
2026-05-23T16:38:38.3798910Z,1779554318379,1
2026-05-23T16:38:38.4140420Z,1779554318414,1
2026-05-23T16:38:38.4486200Z,1779554318448,1
2026-05-23T16:38:38.4825810Z,1779554318482,1
2026-05-23T16:38:38.5169820Z,1779554318516,0
2026-05-23T16:38:38.5516750Z,1779554318551,1
2026-05-23T16:38:38.5874640Z,1779554318587,1
2026-05-23T16:38:38.6292840Z,1779554318629,1
2026-05-23T16:38:38.7033900Z,1779554318703,2
2026-05-23T16:38:38.7071940Z,1779554318707,0
2026-05-23T16:38:38.7408710Z,1779554318740,1
2026-05-23T16:38:38.7752240Z,1779554318775,0
2026-05-23T16:38:38.8096820Z,1779554318809,1
2026-05-23T16:38:38.8433650Z,1779554318843,1
2026-05-23T16:38:38.8785310Z,1779554318878,1
2026-05-23T16:38:38.9121360Z,1779554318912,1
2026-05-23T16:38:38.9467250Z,1779554318946,1
2026-05-23T16:38:38.9809270Z,1779554318980,0
2026-05-23T16:38:39.0152840Z,1779554319015,1
2026-05-23T16:38:39.0500680Z,1779554319050,1
2026-05-23T16:38:39.1250910Z,1779554319125,2
2026-05-23T16:38:39.1291590Z,1779554319129,0
2026-05-23T16:38:39.1633680Z,1779554319163,1
2026-05-23T16:38:39.2055580Z,1779554319205,1
2026-05-23T16:38:39.2387830Z,1779554319238,1
2026-05-23T16:38:39.2730690Z,1779554319273,0
2026-05-23T16:38:39.3101750Z,1779554319310,1
2026-05-23T16:38:39.3501170Z,1779554319350,1
2026-05-23T16:38:39.3880430Z,1779554319388,1
2026-05-23T16:38:39.4262180Z,1779554319426,1
2026-05-23T16:38:39.4658160Z,1779554319465,1
2026-05-23T16:38:39.5037410Z,1779554319503,1
2026-05-23T16:38:39.5417670Z,1779554319541,1
2026-05-23T16:38:39.5756370Z,1779554319575,1
2026-05-23T16:38:39.6110730Z,1779554319611,0
2026-05-23T16:38:39.6530770Z,1779554319653,1
2026-05-23T16:38:39.6867680Z,1779554319686,1
2026-05-23T16:38:39.7288400Z,1779554319728,1
2026-05-23T16:38:39.7620820Z,1779554319762,1
2026-05-23T16:38:39.7965230Z,1779554319796,1
2026-05-23T16:38:39.8308980Z,1779554319830,1
2026-05-23T16:38:39.8655890Z,1779554319865,1
2026-05-23T16:38:39.8998320Z,1779554319899,0
2026-05-23T16:38:39.9341720Z,1779554319934,1
2026-05-23T16:38:39.9686790Z,1779554319968,1
2026-05-23T16:38:40.0029020Z,1779554320002,1
2026-05-23T16:38:40.0375610Z,1779554320037,0
2026-05-23T16:38:40.0718950Z,1779554320071,1
2026-05-23T16:38:40.1066330Z,1779554320106,1
2026-05-23T16:38:40.1485630Z,1779554320148,1
2026-05-23T16:38:40.1817920Z,1779554320181,1
2026-05-23T16:38:40.2175730Z,1779554320217,1
2026-05-23T16:38:40.2593390Z,1779554320259,1
2026-05-23T16:38:40.2923990Z,1779554320292,0
2026-05-23T16:38:40.3270610Z,1779554320327,1
2026-05-23T16:38:40.3612030Z,1779554320361,1
2026-05-23T16:38:40.3959170Z,1779554320395,1
2026-05-23T16:38:40.4300700Z,1779554320430,1
2026-05-23T16:38:40.4643750Z,1779554320464,1
2026-05-23T16:38:40.4988940Z,1779554320498,1
2026-05-23T16:38:40.5331270Z,1779554320533,0
2026-05-23T16:38:40.5674730Z,1779554320567,1
2026-05-23T16:38:40.6021750Z,1779554320602,1
2026-05-23T16:38:40.6372810Z,1779554320637,1
2026-05-23T16:38:40.6793200Z,1779554320679,1
2026-05-23T16:38:40.7525220Z,1779554320752,2
2026-05-23T16:38:40.7561580Z,1779554320756,0
2026-05-23T16:38:40.7897160Z,1779554320789,0
2026-05-23T16:38:40.8243390Z,1779554320824,1
2026-05-23T16:38:40.8587090Z,1779554320858,1
2026-05-23T16:38:40.8927710Z,1779554320892,1
2026-05-23T16:38:40.9278080Z,1779554320927,1
2026-05-23T16:38:40.9615360Z,1779554320961,0
2026-05-23T16:38:40.9959700Z,1779554320995,1
2026-05-23T16:38:41.0301990Z,1779554321030,1
2026-05-23T16:38:41.0642440Z,1779554321064,1
2026-05-23T16:38:41.0990700Z,1779554321099,1
2026-05-23T16:38:41.1742010Z,1779554321174,1
2026-05-23T16:38:41.1783470Z,1779554321178,0
2026-05-23T16:38:41.2130640Z,1779554321213,1
2026-05-23T16:38:41.2546960Z,1779554321254,1
2026-05-23T16:38:41.2879480Z,1779554321287,1
2026-05-23T16:38:41.3218770Z,1779554321321,1
2026-05-23T16:38:41.3565330Z,1779554321356,1
2026-05-23T16:38:41.3907030Z,1779554321390,1
2026-05-23T16:38:41.4249970Z,1779554321424,0
2026-05-23T16:38:41.4595320Z,1779554321459,1
2026-05-23T16:38:41.4933200Z,1779554321493,1
2026-05-23T16:38:41.5280230Z,1779554321528,1
2026-05-23T16:38:41.5623310Z,1779554321562,0
2026-05-23T16:38:41.5966380Z,1779554321596,1
2026-05-23T16:38:41.6311280Z,1779554321631,1
2026-05-23T16:38:41.7066320Z,1779554321706,2
2026-05-23T16:38:41.7103470Z,1779554321710,0
2026-05-23T16:38:41.7447930Z,1779554321744,1
2026-05-23T16:38:41.7863190Z,1779554321786,1
2026-05-23T16:38:41.8189710Z,1779554321818,1
2026-05-23T16:38:41.8535990Z,1779554321853,1
2026-05-23T16:38:41.8880180Z,1779554321888,0
2026-05-23T16:38:41.9218660Z,1779554321921,1
2026-05-23T16:38:41.9565630Z,1779554321956,1
2026-05-23T16:38:41.9905510Z,1779554321990,1
2026-05-23T16:38:42.0249880Z,1779554322024,1
2026-05-23T16:38:42.0591840Z,1779554322059,0
2026-05-23T16:38:42.0932070Z,1779554322093,1
2026-05-23T16:38:42.1278450Z,1779554322127,1
2026-05-23T16:38:42.1625030Z,1779554322162,1
2026-05-23T16:38:42.2049960Z,1779554322204,1
2026-05-23T16:38:42.2380360Z,1779554322238,1
2026-05-23T16:38:42.2797640Z,1779554322279,1
2026-05-23T16:38:42.3128080Z,1779554322312,0
2026-05-23T16:38:42.3473980Z,1779554322347,1
2026-05-23T16:38:42.3811790Z,1779554322381,1
2026-05-23T16:38:42.4160490Z,1779554322416,1
2026-05-23T16:38:42.4496920Z,1779554322449,1
2026-05-23T16:38:42.4839780Z,1779554322483,1
2026-05-23T16:38:42.5185620Z,1779554322518,0
2026-05-23T16:38:42.5526090Z,1779554322552,1
2026-05-23T16:38:42.5876080Z,1779554322587,1
2026-05-23T16:38:42.6218140Z,1779554322621,1
2026-05-23T16:38:42.6564230Z,1779554322656,1
2026-05-23T16:38:42.6913380Z,1779554322691,0
2026-05-23T16:38:42.7335520Z,1779554322733,2
2026-05-23T16:38:42.7676690Z,1779554322767,0
2026-05-23T16:38:42.8088440Z,1779554322808,1
2026-05-23T16:38:42.8417780Z,1779554322841,1
2026-05-23T16:38:42.8763950Z,1779554322876,1
2026-05-23T16:38:42.9105290Z,1779554322910,1
2026-05-23T16:38:42.9447810Z,1779554322944,0
2026-05-23T16:38:42.9794230Z,1779554322979,1
2026-05-23T16:38:43.0131880Z,1779554323013,1
2026-05-23T16:38:43.0479120Z,1779554323047,1
2026-05-23T16:38:43.0820020Z,1779554323082,1
2026-05-23T16:38:43.1163270Z,1779554323116,1
2026-05-23T16:38:43.1508370Z,1779554323150,0
2026-05-23T16:38:43.1864640Z,1779554323186,1
2026-05-23T16:38:43.2288390Z,1779554323228,1
2026-05-23T16:38:43.3020640Z,1779554323302,2
2026-05-23T16:38:43.3055740Z,1779554323305,0
2026-05-23T16:38:43.3392710Z,1779554323339,1
2026-05-23T16:38:43.3737070Z,1779554323373,1
2026-05-23T16:38:43.4078640Z,1779554323407,0
2026-05-23T16:38:43.4422400Z,1779554323442,1
2026-05-23T16:38:43.4767950Z,1779554323476,1
2026-05-23T16:38:43.5108420Z,1779554323510,1
2026-05-23T16:38:43.5451760Z,1779554323545,1
2026-05-23T16:38:43.5799560Z,1779554323579,0
2026-05-23T16:38:43.6139470Z,1779554323613,1
2026-05-23T16:38:43.6492190Z,1779554323649,1
2026-05-23T16:38:43.6832950Z,1779554323683,1
2026-05-23T16:38:43.7186910Z,1779554323718,0
2026-05-23T16:38:43.7609280Z,1779554323760,2
2026-05-23T16:38:43.7940230Z,1779554323794,0
2026-05-23T16:38:43.8286660Z,1779554323828,1
2026-05-23T16:38:43.8628510Z,1779554323862,1
2026-05-23T16:38:43.8976150Z,1779554323897,1
2026-05-23T16:38:43.9314480Z,1779554323931,1
2026-05-23T16:38:43.9659270Z,1779554323965,0
2026-05-23T16:38:44.0002070Z,1779554324000,1
2026-05-23T16:38:44.0346980Z,1779554324034,1
2026-05-23T16:38:44.0695300Z,1779554324069,1
2026-05-23T16:38:44.1037720Z,1779554324103,1
2026-05-23T16:38:44.1385750Z,1779554324138,1
2026-05-23T16:38:44.1729290Z,1779554324172,1
2026-05-23T16:38:44.2489440Z,1779554324248,1
2026-05-23T16:38:44.2523160Z,1779554324252,0
2026-05-23T16:38:44.2869600Z,1779554324286,1
2026-05-23T16:38:44.3291070Z,1779554324329,1
2026-05-23T16:38:44.3621040Z,1779554324362,1
2026-05-23T16:38:44.3968640Z,1779554324396,1
2026-05-23T16:38:44.4313080Z,1779554324431,1
2026-05-23T16:38:44.4655170Z,1779554324465,0
2026-05-23T16:38:44.5001650Z,1779554324500,1
2026-05-23T16:38:44.5344100Z,1779554324534,1
2026-05-23T16:38:44.5688310Z,1779554324568,1
2026-05-23T16:38:44.6030210Z,1779554324603,0
2026-05-23T16:38:44.6381800Z,1779554324638,1
2026-05-23T16:38:44.6720220Z,1779554324672,1
2026-05-23T16:38:44.7070660Z,1779554324707,1
2026-05-23T16:38:44.7823090Z,1779554324782,2
2026-05-23T16:38:44.7861020Z,1779554324786,0
2026-05-23T16:38:44.8205890Z,1779554324820,1
2026-05-23T16:38:44.8630840Z,1779554324863,1
2026-05-23T16:38:44.8962330Z,1779554324896,1
2026-05-23T16:38:44.9304380Z,1779554324930,0
2026-05-23T16:38:44.9649560Z,1779554324964,1
2026-05-23T16:38:44.9993430Z,1779554324999,1
2026-05-23T16:38:45.0335570Z,1779554325033,1
2026-05-23T16:38:45.0682850Z,1779554325068,1
2026-05-23T16:38:45.1023430Z,1779554325102,0
2026-05-23T16:38:45.1369280Z,1779554325136,1
2026-05-23T16:38:45.1712070Z,1779554325171,1
2026-05-23T16:38:45.2063050Z,1779554325206,1
2026-05-23T16:38:45.2407180Z,1779554325240,1
2026-05-23T16:38:45.2832980Z,1779554325283,1
2026-05-23T16:38:45.3171260Z,1779554325317,1
2026-05-23T16:38:45.3583970Z,1779554325358,0
2026-05-23T16:38:45.3914200Z,1779554325391,1
2026-05-23T16:38:45.4257930Z,1779554325425,1
2026-05-23T16:38:45.4601300Z,1779554325460,1
2026-05-23T16:38:45.5358990Z,1779554325535,2
2026-05-23T16:38:45.5396320Z,1779554325539,0
2026-05-23T16:38:45.5734340Z,1779554325573,1
2026-05-23T16:38:45.6080990Z,1779554325608,0
2026-05-23T16:38:45.6415080Z,1779554325641,1
2026-05-23T16:38:45.6762170Z,1779554325676,1
2026-05-23T16:38:45.7108110Z,1779554325710,1
2026-05-23T16:38:45.7456070Z,1779554325745,1
2026-05-23T16:38:45.7884850Z,1779554325788,1
2026-05-23T16:38:45.8614700Z,1779554325861,1
2026-05-23T16:38:45.8652940Z,1779554325865,0
2026-05-23T16:38:45.8986550Z,1779554325898,1
2026-05-23T16:38:45.9331460Z,1779554325933,1
2026-05-23T16:38:45.9678620Z,1779554325967,1
2026-05-23T16:38:46.0019070Z,1779554326001,1
2026-05-23T16:38:46.0363370Z,1779554326036,1
2026-05-23T16:38:46.0703290Z,1779554326070,0
2026-05-23T16:38:46.1046510Z,1779554326104,1
2026-05-23T16:38:46.1392900Z,1779554326139,1
2026-05-23T16:38:46.1733190Z,1779554326173,1
2026-05-23T16:38:46.2079380Z,1779554326207,1
2026-05-23T16:38:46.2425680Z,1779554326242,0
2026-05-23T16:38:46.2779930Z,1779554326277,1
2026-05-23T16:38:46.3199600Z,1779554326319,1
2026-05-23T16:38:46.3927230Z,1779554326392,2
2026-05-23T16:38:46.3961910Z,1779554326396,0
2026-05-23T16:38:46.4299010Z,1779554326429,1
2026-05-23T16:38:46.4642930Z,1779554326464,1
2026-05-23T16:38:46.4986210Z,1779554326498,0
2026-05-23T16:38:46.5327650Z,1779554326532,1
2026-05-23T16:38:46.5673250Z,1779554326567,1
2026-05-23T16:38:46.6010760Z,1779554326601,1
2026-05-23T16:38:46.6352930Z,1779554326635,1
2026-05-23T16:38:46.6702490Z,1779554326670,1
2026-05-23T16:38:46.7037240Z,1779554326703,0
2026-05-23T16:38:46.7387950Z,1779554326738,1
2026-05-23T16:38:46.8142400Z,1779554326814,2
2026-05-23T16:38:46.8179750Z,1779554326817,0
2026-05-23T16:38:46.8518400Z,1779554326851,1
2026-05-23T16:38:46.8943590Z,1779554326894,1
2026-05-23T16:38:46.9274900Z,1779554326927,1
2026-05-23T16:38:46.9611370Z,1779554326961,1
2026-05-23T16:38:46.9959160Z,1779554326995,0
2026-05-23T16:38:47.0299570Z,1779554327029,1
2026-05-23T16:38:47.0643920Z,1779554327064,1
2026-05-23T16:38:47.0986350Z,1779554327098,1
2026-05-23T16:38:47.1327350Z,1779554327132,0
2026-05-23T16:38:47.1673540Z,1779554327167,1
2026-05-23T16:38:47.2013770Z,1779554327201,1
2026-05-23T16:38:47.2361740Z,1779554327236,1
2026-05-23T16:38:47.2704410Z,1779554327270,1
2026-05-23T16:38:47.3135920Z,1779554327313,1
2026-05-23T16:38:47.3465670Z,1779554327346,1
2026-05-23T16:38:47.3888740Z,1779554327388,0
2026-05-23T16:38:47.4219800Z,1779554327421,1
2026-05-23T16:38:47.4564470Z,1779554327456,1
2026-05-23T16:38:47.4905030Z,1779554327490,1
2026-05-23T16:38:47.5251600Z,1779554327525,1
2026-05-23T16:38:47.5597240Z,1779554327559,1
2026-05-23T16:38:47.5935230Z,1779554327593,1
2026-05-23T16:38:47.6282030Z,1779554327628,0
2026-05-23T16:38:47.6621370Z,1779554327662,1
2026-05-23T16:38:47.6968170Z,1779554327696,1
2026-05-23T16:38:47.7311840Z,1779554327731,1
2026-05-23T16:38:47.7653590Z,1779554327765,0
2026-05-23T16:38:47.8007000Z,1779554327800,1
2026-05-23T16:38:47.8426200Z,1779554327842,2
2026-05-23T16:38:47.8766730Z,1779554327876,0
2026-05-23T16:38:47.9186980Z,1779554327918,1
2026-05-23T16:38:47.9514360Z,1779554327951,1
2026-05-23T16:38:47.9858510Z,1779554327985,1
2026-05-23T16:38:48.0198460Z,1779554328019,1
2026-05-23T16:38:48.0541440Z,1779554328054,1
2026-05-23T16:38:48.0888070Z,1779554328088,0
2026-05-23T16:38:48.1228380Z,1779554328122,1
2026-05-23T16:38:48.1578780Z,1779554328157,1
2026-05-23T16:38:48.1912860Z,1779554328191,1
2026-05-23T16:38:48.2261740Z,1779554328226,1
2026-05-23T16:38:48.2602030Z,1779554328260,0
2026-05-23T16:38:48.2947510Z,1779554328294,1
2026-05-23T16:38:48.3390240Z,1779554328339,1
2026-05-23T16:38:48.3884670Z,1779554328388,1
2026-05-23T16:38:48.4080320Z,1779554328408,1
2026-05-23T16:38:48.4440500Z,1779554328444,1
2026-05-23T16:38:48.4851720Z,1779554328485,1
2026-05-23T16:38:48.5183820Z,1779554328518,0
2026-05-23T16:38:48.5525970Z,1779554328552,1
2026-05-23T16:38:48.5875880Z,1779554328587,1
2026-05-23T16:38:48.6216700Z,1779554328621,1
2026-05-23T16:38:48.6562350Z,1779554328656,1
2026-05-23T16:38:48.6910870Z,1779554328691,1
2026-05-23T16:38:48.7249970Z,1779554328724,1
2026-05-23T16:38:48.7596270Z,1779554328759,0
2026-05-23T16:38:48.7944250Z,1779554328794,1
2026-05-23T16:38:48.8299680Z,1779554328829,1
2026-05-23T16:38:48.8721750Z,1779554328872,1
2026-05-23T16:38:48.9456220Z,1779554328945,2
2026-05-23T16:38:48.9493070Z,1779554328949,0
2026-05-23T16:38:48.9830320Z,1779554328983,1
2026-05-23T16:38:49.0179480Z,1779554329017,0
2026-05-23T16:38:49.0516320Z,1779554329051,1
2026-05-23T16:38:49.0862900Z,1779554329086,1
2026-05-23T16:38:49.1208110Z,1779554329120,1
2026-05-23T16:38:49.1552340Z,1779554329155,0
2026-05-23T16:38:49.1895920Z,1779554329189,1
2026-05-23T16:38:49.2239960Z,1779554329223,1
2026-05-23T16:38:49.2586360Z,1779554329258,1
2026-05-23T16:38:49.2973910Z,1779554329297,1
2026-05-23T16:38:49.3747980Z,1779554329374,2
2026-05-23T16:38:49.3802870Z,1779554329380,0
2026-05-23T16:38:49.4179000Z,1779554329417,1
2026-05-23T16:38:49.4598410Z,1779554329459,1
2026-05-23T16:38:49.4972200Z,1779554329497,1
2026-05-23T16:38:49.5345790Z,1779554329534,1
2026-05-23T16:38:49.5694320Z,1779554329569,1
2026-05-23T16:38:49.6032270Z,1779554329603,0
2026-05-23T16:38:49.6380370Z,1779554329638,1
2026-05-23T16:38:49.6720730Z,1779554329672,1
2026-05-23T16:38:49.7066360Z,1779554329706,1
2026-05-23T16:38:49.7409940Z,1779554329740,1
2026-05-23T16:38:49.7753860Z,1779554329775,0
2026-05-23T16:38:49.8100980Z,1779554329810,1
2026-05-23T16:38:49.8445460Z,1779554329844,1
2026-05-23T16:38:49.8879790Z,1779554329887,1
2026-05-23T16:38:49.9206690Z,1779554329920,1
2026-05-23T16:38:49.9632520Z,1779554329963,1
2026-05-23T16:38:49.9963200Z,1779554329996,1
2026-05-23T16:38:50.0304190Z,1779554330030,0
2026-05-23T16:38:50.0644940Z,1779554330064,1
2026-05-23T16:38:50.0992770Z,1779554330099,1
2026-05-23T16:38:50.1333150Z,1779554330133,1
2026-05-23T16:38:50.1676500Z,1779554330167,1
2026-05-23T16:38:50.2019330Z,1779554330201,1
2026-05-23T16:38:50.2364070Z,1779554330236,0
2026-05-23T16:38:50.2703280Z,1779554330270,1
2026-05-23T16:38:50.3048120Z,1779554330304,1
2026-05-23T16:38:50.3395120Z,1779554330339,1
2026-05-23T16:38:50.3744260Z,1779554330374,1
2026-05-23T16:38:50.4166510Z,1779554330416,0
2026-05-23T16:38:50.4501960Z,1779554330450,1
2026-05-23T16:38:50.4919550Z,1779554330491,1
2026-05-23T16:38:50.5653750Z,1779554330565,2
2026-05-23T16:38:50.5690630Z,1779554330569,0
2026-05-23T16:38:50.6028840Z,1779554330602,1
2026-05-23T16:38:50.6379130Z,1779554330637,1
2026-05-23T16:38:50.6714910Z,1779554330671,0
2026-05-23T16:38:50.7062810Z,1779554330706,1
2026-05-23T16:38:50.7402490Z,1779554330740,1
2026-05-23T16:38:50.7744340Z,1779554330774,1
2026-05-23T16:38:50.8088010Z,1779554330808,1
2026-05-23T16:38:50.8430150Z,1779554330843,1
2026-05-23T16:38:50.8794900Z,1779554330879,1
2026-05-23T16:38:50.9205620Z,1779554330920,0
2026-05-23T16:38:50.9934290Z,1779554330993,2
2026-05-23T16:38:50.9968820Z,1779554330996,0
2026-05-23T16:38:51.0304030Z,1779554331030,1
2026-05-23T16:38:51.0648130Z,1779554331064,1
2026-05-23T16:38:51.0994060Z,1779554331099,1
2026-05-23T16:38:51.1334040Z,1779554331133,1
2026-05-23T16:38:51.1679800Z,1779554331167,0
2026-05-23T16:38:51.2018530Z,1779554331201,1
2026-05-23T16:38:51.2363570Z,1779554331236,1
2026-05-23T16:38:51.2702030Z,1779554331270,1
2026-05-23T16:38:51.3047370Z,1779554331304,1
2026-05-23T16:38:51.3395830Z,1779554331339,1
2026-05-23T16:38:51.4152070Z,1779554331415,1
2026-05-23T16:38:51.4188990Z,1779554331418,0
2026-05-23T16:38:51.4532740Z,1779554331453,1
2026-05-23T16:38:51.4944460Z,1779554331494,1
2026-05-23T16:38:51.5277440Z,1779554331527,1
2026-05-23T16:38:51.5616550Z,1779554331561,1
2026-05-23T16:38:51.5963230Z,1779554331596,1
2026-05-23T16:38:51.6303630Z,1779554331630,1
2026-05-23T16:38:51.6645230Z,1779554331664,0
2026-05-23T16:38:51.6990890Z,1779554331699,1
2026-05-23T16:38:51.7326730Z,1779554331732,1
2026-05-23T16:38:51.7674110Z,1779554331767,1
2026-05-23T16:38:51.8014520Z,1779554331801,0
2026-05-23T16:38:51.8359440Z,1779554331835,1
2026-05-23T16:38:51.8705600Z,1779554331870,1
2026-05-23T16:38:51.9459670Z,1779554331945,2
2026-05-23T16:38:51.9503640Z,1779554331950,0
2026-05-23T16:38:51.9852570Z,1779554331985,1
2026-05-23T16:38:52.0275860Z,1779554332027,1
2026-05-23T16:38:52.0599040Z,1779554332059,0
2026-05-23T16:38:52.0943190Z,1779554332094,1
2026-05-23T16:38:52.1288320Z,1779554332128,1
2026-05-23T16:38:52.1631520Z,1779554332163,1
2026-05-23T16:38:52.1979590Z,1779554332197,1
2026-05-23T16:38:52.2324880Z,1779554332232,1
2026-05-23T16:38:52.2660680Z,1779554332266,0
2026-05-23T16:38:52.3002100Z,1779554332300,1
2026-05-23T16:38:52.3345800Z,1779554332334,1
2026-05-23T16:38:52.3694540Z,1779554332369,1
2026-05-23T16:38:52.4041380Z,1779554332404,1
2026-05-23T16:38:52.4474040Z,1779554332447,0
2026-05-23T16:38:52.4801390Z,1779554332480,1
2026-05-23T16:38:52.5159460Z,1779554332515,1
2026-05-23T16:38:52.5582620Z,1779554332558,1
2026-05-23T16:38:52.5910430Z,1779554332591,1
2026-05-23T16:38:52.6253380Z,1779554332625,1
2026-05-23T16:38:52.6600250Z,1779554332660,1
2026-05-23T16:38:52.6943110Z,1779554332694,0
2026-05-23T16:38:52.7290030Z,1779554332729,1
2026-05-23T16:38:52.7629510Z,1779554332762,1
2026-05-23T16:38:52.7973780Z,1779554332797,1
2026-05-23T16:38:52.8315220Z,1779554332831,1
2026-05-23T16:38:52.8663680Z,1779554332866,1
2026-05-23T16:38:52.9006780Z,1779554332900,1
2026-05-23T16:38:52.9365260Z,1779554332936,0
2026-05-23T16:38:52.9790410Z,1779554332979,1
2026-05-23T16:38:53.0121590Z,1779554333012,1
2026-05-23T16:38:53.0547320Z,1779554333054,1
2026-05-23T16:38:53.0877640Z,1779554333087,1
2026-05-23T16:38:53.1221570Z,1779554333122,1
2026-05-23T16:38:53.1568920Z,1779554333156,1
2026-05-23T16:38:53.1911290Z,1779554333191,0
2026-05-23T16:38:53.2256880Z,1779554333225,1
2026-05-23T16:38:53.2599170Z,1779554333259,1
2026-05-23T16:38:53.2945170Z,1779554333294,1
2026-05-23T16:38:53.3291120Z,1779554333329,1
2026-05-23T16:38:53.3631780Z,1779554333363,0
2026-05-23T16:38:53.3980930Z,1779554333398,1
2026-05-23T16:38:53.4327720Z,1779554333432,1
2026-05-23T16:38:53.4749570Z,1779554333474,1
2026-05-23T16:38:53.5491220Z,1779554333549,2
2026-05-23T16:38:53.5524970Z,1779554333552,0
2026-05-23T16:38:53.5866840Z,1779554333586,1
2026-05-23T16:38:53.6212130Z,1779554333621,1
2026-05-23T16:38:53.6559580Z,1779554333655,0
2026-05-23T16:38:53.6900260Z,1779554333690,1
2026-05-23T16:38:53.7242060Z,1779554333724,1
2026-05-23T16:38:53.7586760Z,1779554333758,1
2026-05-23T16:38:53.7930270Z,1779554333793,1
2026-05-23T16:38:53.8278290Z,1779554333827,0
2026-05-23T16:38:53.8619620Z,1779554333861,1
2026-05-23T16:38:53.8967580Z,1779554333896,1
2026-05-23T16:38:53.9728740Z,1779554333972,2
2026-05-23T16:38:53.9769470Z,1779554333976,0
2026-05-23T16:38:54.0109160Z,1779554334010,1
2026-05-23T16:38:54.0531500Z,1779554334053,1
2026-05-23T16:38:54.0863960Z,1779554334086,0
2026-05-23T16:38:54.1204220Z,1779554334120,1
2026-05-23T16:38:54.1548690Z,1779554334154,1
2026-05-23T16:38:54.1894860Z,1779554334189,1
2026-05-23T16:38:54.2235830Z,1779554334223,1
2026-05-23T16:38:54.2578760Z,1779554334257,1
2026-05-23T16:38:54.2920770Z,1779554334292,1
2026-05-23T16:38:54.3264460Z,1779554334326,0
2026-05-23T16:38:54.3605660Z,1779554334360,1
2026-05-23T16:38:54.3949700Z,1779554334394,1
2026-05-23T16:38:54.4299710Z,1779554334429,1
2026-05-23T16:38:54.5052260Z,1779554334505,2
2026-05-23T16:38:54.5097500Z,1779554334509,0
2026-05-23T16:38:54.5434950Z,1779554334543,1
2026-05-23T16:38:54.5850900Z,1779554334585,0
2026-05-23T16:38:54.6182410Z,1779554334618,1
2026-05-23T16:38:54.6520340Z,1779554334652,1
2026-05-23T16:38:54.6865990Z,1779554334686,1
2026-05-23T16:38:54.7208750Z,1779554334720,1
2026-05-23T16:38:54.7559450Z,1779554334755,1
2026-05-23T16:38:54.7896680Z,1779554334789,0
2026-05-23T16:38:54.8237800Z,1779554334823,1
2026-05-23T16:38:54.8584760Z,1779554334858,1
2026-05-23T16:38:54.8926130Z,1779554334892,1
2026-05-23T16:38:54.9272750Z,1779554334927,1
2026-05-23T16:38:54.9619810Z,1779554334961,0
2026-05-23T16:38:55.0044880Z,1779554335004,1
2026-05-23T16:38:55.0377090Z,1779554335037,1
2026-05-23T16:38:55.0797880Z,1779554335079,1
2026-05-23T16:38:55.1127780Z,1779554335112,1
2026-05-23T16:38:55.1473570Z,1779554335147,1
2026-05-23T16:38:55.1812630Z,1779554335181,1
2026-05-23T16:38:55.2160730Z,1779554335216,0
2026-05-23T16:38:55.2500580Z,1779554335250,1
2026-05-23T16:38:55.2841690Z,1779554335284,1
2026-05-23T16:38:55.3187910Z,1779554335318,1
2026-05-23T16:38:55.3530020Z,1779554335353,0
2026-05-23T16:38:55.3872030Z,1779554335387,1
2026-05-23T16:38:55.4214450Z,1779554335421,1
2026-05-23T16:38:55.4558870Z,1779554335455,1
2026-05-23T16:38:55.4910610Z,1779554335491,1
2026-05-23T16:38:55.5333460Z,1779554335533,1
2026-05-23T16:38:55.5665340Z,1779554335566,1
2026-05-23T16:38:55.6088160Z,1779554335608,0
2026-05-23T16:38:55.6419480Z,1779554335641,1
2026-05-23T16:38:55.6761970Z,1779554335676,1
2026-05-23T16:38:55.7102400Z,1779554335710,1
2026-05-23T16:38:55.7445180Z,1779554335744,1
2026-05-23T16:38:55.7791840Z,1779554335779,1
2026-05-23T16:38:55.8133270Z,1779554335813,1
2026-05-23T16:38:55.8476730Z,1779554335847,0
2026-05-23T16:38:55.8818520Z,1779554335881,1
2026-05-23T16:38:55.9162900Z,1779554335916,1
2026-05-23T16:38:55.9508000Z,1779554335950,1
2026-05-23T16:38:55.9862020Z,1779554335986,0
2026-05-23T16:38:56.0274500Z,1779554336027,2
2026-05-23T16:38:56.1012910Z,1779554336101,1
2026-05-23T16:38:56.1045730Z,1779554336104,0
2026-05-23T16:38:56.1385410Z,1779554336138,1
2026-05-23T16:38:56.1728710Z,1779554336172,1
2026-05-23T16:38:56.2073080Z,1779554336207,1
2026-05-23T16:38:56.2413580Z,1779554336241,1
2026-05-23T16:38:56.2757030Z,1779554336275,1
2026-05-23T16:38:56.3099240Z,1779554336309,1
2026-05-23T16:38:56.3440630Z,1779554336344,0
2026-05-23T16:38:56.3788760Z,1779554336378,1
2026-05-23T16:38:56.4126120Z,1779554336412,1
2026-05-23T16:38:56.4472520Z,1779554336447,1
2026-05-23T16:38:56.4828180Z,1779554336482,0
2026-05-23T16:38:56.5180490Z,1779554336518,1
2026-05-23T16:38:56.5604710Z,1779554336560,1
2026-05-23T16:38:56.5934180Z,1779554336593,1
2026-05-23T16:38:56.6276280Z,1779554336627,1
2026-05-23T16:38:56.6617640Z,1779554336661,1
2026-05-23T16:38:56.6966260Z,1779554336696,1
2026-05-23T16:38:56.7304760Z,1779554336730,0
2026-05-23T16:38:56.7649230Z,1779554336764,1
2026-05-23T16:38:56.7994990Z,1779554336799,1
2026-05-23T16:38:56.8333610Z,1779554336833,1
2026-05-23T16:38:56.8681800Z,1779554336868,1
2026-05-23T16:38:56.9023370Z,1779554336902,1
2026-05-23T16:38:56.9368380Z,1779554336936,0
2026-05-23T16:38:56.9714080Z,1779554336971,1
2026-05-23T16:38:57.0474400Z,1779554337047,2
2026-05-23T16:38:57.0507500Z,1779554337050,0
2026-05-23T16:38:57.0847860Z,1779554337084,1
2026-05-23T16:38:57.1603890Z,1779554337160,2
2026-05-23T16:38:57.1636370Z,1779554337163,0
2026-05-23T16:38:57.1978540Z,1779554337197,1
2026-05-23T16:38:57.2324480Z,1779554337232,0
2026-05-23T16:38:57.2667330Z,1779554337266,1
2026-05-23T16:38:57.3007850Z,1779554337300,1
2026-05-23T16:38:57.3353100Z,1779554337335,1
2026-05-23T16:38:57.3700050Z,1779554337370,0
2026-05-23T16:38:57.4042890Z,1779554337404,1
2026-05-23T16:38:57.4388960Z,1779554337438,1
2026-05-23T16:38:57.4733640Z,1779554337473,1
2026-05-23T16:38:57.5082840Z,1779554337508,1
2026-05-23T16:38:57.5501330Z,1779554337550,1
2026-05-23T16:38:57.5830440Z,1779554337583,1
2026-05-23T16:38:57.6188720Z,1779554337618,0
2026-05-23T16:38:57.6609120Z,1779554337660,2
2026-05-23T16:38:57.6939000Z,1779554337693,0
2026-05-23T16:38:57.7284260Z,1779554337728,1
2026-05-23T16:38:57.7627120Z,1779554337762,1
2026-05-23T16:38:57.7975860Z,1779554337797,1
2026-05-23T16:38:57.8315950Z,1779554337831,1
2026-05-23T16:38:57.8665100Z,1779554337866,0
2026-05-23T16:38:57.9003260Z,1779554337900,1
2026-05-23T16:38:57.9348300Z,1779554337934,1
2026-05-23T16:38:57.9696900Z,1779554337969,1
2026-05-23T16:38:58.0040760Z,1779554338004,1
2026-05-23T16:38:58.0395370Z,1779554338039,1
2026-05-23T16:38:58.0817450Z,1779554338081,1
2026-05-23T16:38:58.1148660Z,1779554338114,0
2026-05-23T16:38:58.1568890Z,1779554338156,1
2026-05-23T16:38:58.1898060Z,1779554338189,1
2026-05-23T16:38:58.2242290Z,1779554338224,1
2026-05-23T16:38:58.2587510Z,1779554338258,1
2026-05-23T16:38:58.2934550Z,1779554338293,1
2026-05-23T16:38:58.3281580Z,1779554338328,1
2026-05-23T16:38:58.3622690Z,1779554338362,0
2026-05-23T16:38:58.3968680Z,1779554338396,1
2026-05-23T16:38:58.4308960Z,1779554338430,1
2026-05-23T16:38:58.4652800Z,1779554338465,1
2026-05-23T16:38:58.4997990Z,1779554338499,0
2026-05-23T16:38:58.5345660Z,1779554338534,1
2026-05-23T16:38:58.5782260Z,1779554338578,1
2026-05-23T16:38:58.6514740Z,1779554338651,2
2026-05-23T16:38:58.6624600Z,1779554338662,0
2026-05-23T16:38:58.6961820Z,1779554338696,1
2026-05-23T16:38:58.7300830Z,1779554338730,1
2026-05-23T16:38:58.7645500Z,1779554338764,0
2026-05-23T16:38:58.7989780Z,1779554338798,2
2026-05-23T16:38:58.8333890Z,1779554338833,0
2026-05-23T16:38:58.8682090Z,1779554338868,1
2026-05-23T16:38:58.9017220Z,1779554338901,1
2026-05-23T16:38:58.9367870Z,1779554338936,1
2026-05-23T16:38:58.9706540Z,1779554338970,1
2026-05-23T16:38:59.0053780Z,1779554339005,0
2026-05-23T16:38:59.0404280Z,1779554339040,1
2026-05-23T16:38:59.0750040Z,1779554339075,1
2026-05-23T16:38:59.1191310Z,1779554339119,1
2026-05-23T16:38:59.1916850Z,1779554339191,2
2026-05-23T16:38:59.1958380Z,1779554339195,0
2026-05-23T16:38:59.2295030Z,1779554339229,1
2026-05-23T16:38:59.2640470Z,1779554339264,0
2026-05-23T16:38:59.2990830Z,1779554339299,1
2026-05-23T16:38:59.3334610Z,1779554339333,1
2026-05-23T16:38:59.3725710Z,1779554339372,1
2026-05-23T16:38:59.4105590Z,1779554339410,1
2026-05-23T16:38:59.4505090Z,1779554339450,1
2026-05-23T16:38:59.4885810Z,1779554339488,1
2026-05-23T16:38:59.5261820Z,1779554339526,1
2026-05-23T16:38:59.5651120Z,1779554339565,1
2026-05-23T16:38:59.6081790Z,1779554339608,1
2026-05-23T16:38:59.6412850Z,1779554339641,0
2026-05-23T16:38:59.6834980Z,1779554339683,2
2026-05-23T16:38:59.7163120Z,1779554339716,0
2026-05-23T16:38:59.7506100Z,1779554339750,1
2026-05-23T16:38:59.7849260Z,1779554339784,1
2026-05-23T16:38:59.8193290Z,1779554339819,1
2026-05-23T16:38:59.8535030Z,1779554339853,1
2026-05-23T16:38:59.8878830Z,1779554339887,0
2026-05-23T16:38:59.9221860Z,1779554339922,1
2026-05-23T16:38:59.9566560Z,1779554339956,1
2026-05-23T16:38:59.9905380Z,1779554339990,1
2026-05-23T16:39:00.0257160Z,1779554340025,0
2026-05-23T16:39:00.0604430Z,1779554340060,1
2026-05-23T16:39:00.0953590Z,1779554340095,1
2026-05-23T16:39:00.1380460Z,1779554340138,1
2026-05-23T16:39:00.1709700Z,1779554340170,1
2026-05-23T16:39:00.2134650Z,1779554340213,1
2026-05-23T16:39:00.2464580Z,1779554340246,1
2026-05-23T16:39:00.2807110Z,1779554340280,1
2026-05-23T16:39:00.3149000Z,1779554340314,1
2026-05-23T16:39:00.3492980Z,1779554340349,0
2026-05-23T16:39:00.3832980Z,1779554340383,1
2026-05-23T16:39:00.4177540Z,1779554340417,1
2026-05-23T16:39:00.4520400Z,1779554340452,1
2026-05-23T16:39:00.4862870Z,1779554340486,1
2026-05-23T16:39:00.5205720Z,1779554340520,0
2026-05-23T16:39:00.5551910Z,1779554340555,1
2026-05-23T16:39:00.5901540Z,1779554340590,1
2026-05-23T16:39:00.6323910Z,1779554340632,1
2026-05-23T16:39:00.6659140Z,1779554340665,1
2026-05-23T16:39:00.7081250Z,1779554340708,1
2026-05-23T16:39:00.7409340Z,1779554340740,1
2026-05-23T16:39:00.7760560Z,1779554340776,0
2026-05-23T16:39:00.8101940Z,1779554340810,1
2026-05-23T16:39:00.8442570Z,1779554340844,1
2026-05-23T16:39:00.8789140Z,1779554340878,1
2026-05-23T16:39:00.9126850Z,1779554340912,1
2026-05-23T16:39:00.9471720Z,1779554340947,1
2026-05-23T16:39:00.9814930Z,1779554340981,0
2026-05-23T16:39:01.0161140Z,1779554341016,1
2026-05-23T16:39:01.0499590Z,1779554341049,1
2026-05-23T16:39:01.0846820Z,1779554341084,1
2026-05-23T16:39:01.1201300Z,1779554341120,1
2026-05-23T16:39:01.1623580Z,1779554341162,0
2026-05-23T16:39:01.2361870Z,1779554341236,2
2026-05-23T16:39:01.2396950Z,1779554341239,1
2026-05-23T16:39:01.2731800Z,1779554341273,0
2026-05-23T16:39:01.3079920Z,1779554341307,1
2026-05-23T16:39:01.3419690Z,1779554341341,1
2026-05-23T16:39:01.3765740Z,1779554341376,1
2026-05-23T16:39:01.4107540Z,1779554341410,0
2026-05-23T16:39:01.4451260Z,1779554341445,1
2026-05-23T16:39:01.4793610Z,1779554341479,1
2026-05-23T16:39:01.5133690Z,1779554341513,1
2026-05-23T16:39:01.5480130Z,1779554341548,1
2026-05-23T16:39:01.5822180Z,1779554341582,1
2026-05-23T16:39:01.6589270Z,1779554341658,1
2026-05-23T16:39:01.6625280Z,1779554341662,0
2026-05-23T16:39:01.6975570Z,1779554341697,1
2026-05-23T16:39:01.7398670Z,1779554341739,1
2026-05-23T16:39:01.7728530Z,1779554341772,1
2026-05-23T16:39:01.8076460Z,1779554341807,1
2026-05-23T16:39:01.8417460Z,1779554341841,1
2026-05-23T16:39:01.8763630Z,1779554341876,1
2026-05-23T16:39:01.9106110Z,1779554341910,0
2026-05-23T16:39:01.9451690Z,1779554341945,1
2026-05-23T16:39:01.9796280Z,1779554341979,1
2026-05-23T16:39:02.0138640Z,1779554342013,1
2026-05-23T16:39:02.0483910Z,1779554342048,1
2026-05-23T16:39:02.0828780Z,1779554342082,1
2026-05-23T16:39:02.1173770Z,1779554342117,0
2026-05-23T16:39:02.1601180Z,1779554342160,1
2026-05-23T16:39:02.1934050Z,1779554342193,1
2026-05-23T16:39:02.2360050Z,1779554342236,1
2026-05-23T16:39:02.2690510Z,1779554342269,1
2026-05-23T16:39:02.3033620Z,1779554342303,1
2026-05-23T16:39:02.3381190Z,1779554342338,1
2026-05-23T16:39:02.3724810Z,1779554342372,0
2026-05-23T16:39:02.4068450Z,1779554342406,1
2026-05-23T16:39:02.4409380Z,1779554342440,1
2026-05-23T16:39:02.4755070Z,1779554342475,1
2026-05-23T16:39:02.5101010Z,1779554342510,1
2026-05-23T16:39:02.5446210Z,1779554342544,0
2026-05-23T16:39:02.5790850Z,1779554342579,1
2026-05-23T16:39:02.6134370Z,1779554342613,1
2026-05-23T16:39:02.6487060Z,1779554342648,1
2026-05-23T16:39:02.6915450Z,1779554342691,1
2026-05-23T16:39:02.7254360Z,1779554342725,1
2026-05-23T16:39:02.7675400Z,1779554342767,1
2026-05-23T16:39:02.8004870Z,1779554342800,0
2026-05-23T16:39:02.8349680Z,1779554342834,1
2026-05-23T16:39:02.8695930Z,1779554342869,1
2026-05-23T16:39:02.9036150Z,1779554342903,1
2026-05-23T16:39:02.9387260Z,1779554342938,1
2026-05-23T16:39:02.9728640Z,1779554342972,1
2026-05-23T16:39:03.0072770Z,1779554343007,0
2026-05-23T16:39:03.0414780Z,1779554343041,1
2026-05-23T16:39:03.0762650Z,1779554343076,1
2026-05-23T16:39:03.1102970Z,1779554343110,1
2026-05-23T16:39:03.1452230Z,1779554343145,1
2026-05-23T16:39:03.1879280Z,1779554343187,1
2026-05-23T16:39:03.2613930Z,1779554343261,2
2026-05-23T16:39:03.2648130Z,1779554343264,0
2026-05-23T16:39:03.2986540Z,1779554343298,0
2026-05-23T16:39:03.3331510Z,1779554343333,1
2026-05-23T16:39:03.3674740Z,1779554343367,1
2026-05-23T16:39:03.4015190Z,1779554343401,1
2026-05-23T16:39:03.4363680Z,1779554343436,0
2026-05-23T16:39:03.4706310Z,1779554343470,1
2026-05-23T16:39:03.5047550Z,1779554343504,1
2026-05-23T16:39:03.5393060Z,1779554343539,1
2026-05-23T16:39:03.5733880Z,1779554343573,1
2026-05-23T16:39:03.6079200Z,1779554343607,1
2026-05-23T16:39:03.6421460Z,1779554343642,1
2026-05-23T16:39:03.6775310Z,1779554343677,0
2026-05-23T16:39:03.7194190Z,1779554343719,1
2026-05-23T16:39:03.7936150Z,1779554343793,2
2026-05-23T16:39:03.7972820Z,1779554343797,0
2026-05-23T16:39:03.8309320Z,1779554343830,1
2026-05-23T16:39:03.8657100Z,1779554343865,1
2026-05-23T16:39:03.8999570Z,1779554343899,1
2026-05-23T16:39:03.9339150Z,1779554343933,0
2026-05-23T16:39:03.9686750Z,1779554343968,1
2026-05-23T16:39:04.0027530Z,1779554344002,1
2026-05-23T16:39:04.0371050Z,1779554344037,1
2026-05-23T16:39:04.0716800Z,1779554344071,1
2026-05-23T16:39:04.1055190Z,1779554344105,1
2026-05-23T16:39:04.1404050Z,1779554344140,0
2026-05-23T16:39:04.2150490Z,1779554344215,2
2026-05-23T16:39:04.2189290Z,1779554344218,0
2026-05-23T16:39:04.2528280Z,1779554344252,1
2026-05-23T16:39:04.2952450Z,1779554344295,1
2026-05-23T16:39:04.3281570Z,1779554344328,1
2026-05-23T16:39:04.3623910Z,1779554344362,1
2026-05-23T16:39:04.3967380Z,1779554344396,1
2026-05-23T16:39:04.4309170Z,1779554344430,0
2026-05-23T16:39:04.4651970Z,1779554344465,1
2026-05-23T16:39:04.4997530Z,1779554344499,1
2026-05-23T16:39:04.5337740Z,1779554344533,1
2026-05-23T16:39:04.5682740Z,1779554344568,0
2026-05-23T16:39:04.6025050Z,1779554344602,1
2026-05-23T16:39:04.6369400Z,1779554344636,1
2026-05-23T16:39:04.6709830Z,1779554344670,1
2026-05-23T16:39:04.7464760Z,1779554344746,2
2026-05-23T16:39:04.7501810Z,1779554344750,0
2026-05-23T16:39:04.7841590Z,1779554344784,1
2026-05-23T16:39:04.8262930Z,1779554344826,1
2026-05-23T16:39:04.8590200Z,1779554344859,1
2026-05-23T16:39:04.8931320Z,1779554344893,0
2026-05-23T16:39:04.9279130Z,1779554344927,1
2026-05-23T16:39:04.9618730Z,1779554344961,1
2026-05-23T16:39:04.9964610Z,1779554344996,1
2026-05-23T16:39:05.0307040Z,1779554345030,1
2026-05-23T16:39:05.0647400Z,1779554345064,0
2026-05-23T16:39:05.0997220Z,1779554345099,1
2026-05-23T16:39:05.1334250Z,1779554345133,1
2026-05-23T16:39:05.1680280Z,1779554345168,1
2026-05-23T16:39:05.2026500Z,1779554345202,1
2026-05-23T16:39:05.2459710Z,1779554345245,1
2026-05-23T16:39:05.2787330Z,1779554345278,1
2026-05-23T16:39:05.3140090Z,1779554345314,0
2026-05-23T16:39:05.3556900Z,1779554345355,1
2026-05-23T16:39:05.3888540Z,1779554345388,1
2026-05-23T16:39:05.4230160Z,1779554345423,1
2026-05-23T16:39:05.4576010Z,1779554345457,1
2026-05-23T16:39:05.4917840Z,1779554345491,1
2026-05-23T16:39:05.5260350Z,1779554345526,1
2026-05-23T16:39:05.5602030Z,1779554345560,0
2026-05-23T16:39:05.5941660Z,1779554345594,1
2026-05-23T16:39:05.6287280Z,1779554345628,1
2026-05-23T16:39:05.6628600Z,1779554345662,1
2026-05-23T16:39:05.6977900Z,1779554345697,0
2026-05-23T16:39:05.7327790Z,1779554345732,1
2026-05-23T16:39:05.7755250Z,1779554345775,1
2026-05-23T16:39:05.8088910Z,1779554345808,1
2026-05-23T16:39:05.8507720Z,1779554345850,1
2026-05-23T16:39:05.8838850Z,1779554345883,1
2026-05-23T16:39:05.9183280Z,1779554345918,1
2026-05-23T16:39:05.9524760Z,1779554345952,0
2026-05-23T16:39:05.9873030Z,1779554345987,1
2026-05-23T16:39:06.0211420Z,1779554346021,1
2026-05-23T16:39:06.0556420Z,1779554346055,1
2026-05-23T16:39:06.0903560Z,1779554346090,1
2026-05-23T16:39:06.1242780Z,1779554346124,1
2026-05-23T16:39:06.1592020Z,1779554346159,1
2026-05-23T16:39:06.1938580Z,1779554346193,0
2026-05-23T16:39:06.2286950Z,1779554346228,1
2026-05-23T16:39:06.2716840Z,1779554346271,1
2026-05-23T16:39:06.3450390Z,1779554346345,2
2026-05-23T16:39:06.3488120Z,1779554346348,0
2026-05-23T16:39:06.3825380Z,1779554346382,1
2026-05-23T16:39:06.4174180Z,1779554346417,1
2026-05-23T16:39:06.4514050Z,1779554346451,0
2026-05-23T16:39:06.4861400Z,1779554346486,1
2026-05-23T16:39:06.5206040Z,1779554346520,1
2026-05-23T16:39:06.5550780Z,1779554346555,1
2026-05-23T16:39:06.5899890Z,1779554346589,0
2026-05-23T16:39:06.6241210Z,1779554346624,2
2026-05-23T16:39:06.6587430Z,1779554346658,0
2026-05-23T16:39:06.6931480Z,1779554346693,1
2026-05-23T16:39:06.7686850Z,1779554346768,2
2026-05-23T16:39:06.7722080Z,1779554346772,0
2026-05-23T16:39:06.8066580Z,1779554346806,1
2026-05-23T16:39:06.8488980Z,1779554346848,1
2026-05-23T16:39:06.8821460Z,1779554346882,1
2026-05-23T16:39:06.9163370Z,1779554346916,1
2026-05-23T16:39:06.9505580Z,1779554346950,0
2026-05-23T16:39:06.9846330Z,1779554346984,1
2026-05-23T16:39:07.0194940Z,1779554347019,1
2026-05-23T16:39:07.0535320Z,1779554347053,1
2026-05-23T16:39:07.0881270Z,1779554347088,0
2026-05-23T16:39:07.1221940Z,1779554347122,1
2026-05-23T16:39:07.1571390Z,1779554347157,1
2026-05-23T16:39:07.1908950Z,1779554347190,1
2026-05-23T16:39:07.2255990Z,1779554347225,1
2026-05-23T16:39:07.3017100Z,1779554347301,2
2026-05-23T16:39:07.3054760Z,1779554347305,0
2026-05-23T16:39:07.3395830Z,1779554347339,0
2026-05-23T16:39:07.3820420Z,1779554347382,2
2026-05-23T16:39:07.4148180Z,1779554347414,0
2026-05-23T16:39:07.4495120Z,1779554347449,1
2026-05-23T16:39:07.5247920Z,1779554347524,2
2026-05-23T16:39:07.5286290Z,1779554347528,0
2026-05-23T16:39:07.5627670Z,1779554347562,1
2026-05-23T16:39:07.5973090Z,1779554347597,0
2026-05-23T16:39:07.6311390Z,1779554347631,1
2026-05-23T16:39:07.6652600Z,1779554347665,1
2026-05-23T16:39:07.7001390Z,1779554347700,1
2026-05-23T16:39:07.7344170Z,1779554347734,1
2026-05-23T16:39:07.7699900Z,1779554347769,1
2026-05-23T16:39:07.8130050Z,1779554347813,1
2026-05-23T16:39:07.8464240Z,1779554347846,0
2026-05-23T16:39:07.8891720Z,1779554347889,2
2026-05-23T16:39:07.9220050Z,1779554347922,0
2026-05-23T16:39:07.9567080Z,1779554347956,1
2026-05-23T16:39:07.9904640Z,1779554347990,1
2026-05-23T16:39:08.0247370Z,1779554348024,1
2026-05-23T16:39:08.0594440Z,1779554348059,1
2026-05-23T16:39:08.0932480Z,1779554348093,0
2026-05-23T16:39:08.1280290Z,1779554348128,1
2026-05-23T16:39:08.1620990Z,1779554348162,1
2026-05-23T16:39:08.1967750Z,1779554348196,1
2026-05-23T16:39:08.2310420Z,1779554348231,1
2026-05-23T16:39:08.2664660Z,1779554348266,1
2026-05-23T16:39:08.3089790Z,1779554348308,1
2026-05-23T16:39:08.3414040Z,1779554348341,0
2026-05-23T16:39:08.3771890Z,1779554348377,1
2026-05-23T16:39:08.4187840Z,1779554348418,1
2026-05-23T16:39:08.4517940Z,1779554348451,1
2026-05-23T16:39:08.4865070Z,1779554348486,1
2026-05-23T16:39:08.5218260Z,1779554348521,1
2026-05-23T16:39:08.5635250Z,1779554348563,1
2026-05-23T16:39:08.5971370Z,1779554348597,0
2026-05-23T16:39:08.6310970Z,1779554348631,1
2026-05-23T16:39:08.6653250Z,1779554348665,1
2026-05-23T16:39:08.6999340Z,1779554348699,1
2026-05-23T16:39:08.7337830Z,1779554348733,0
2026-05-23T16:39:08.7689360Z,1779554348768,2
2026-05-23T16:39:08.8036400Z,1779554348803,0
2026-05-23T16:39:08.8459170Z,1779554348845,1
2026-05-23T16:39:08.9197450Z,1779554348919,2
2026-05-23T16:39:08.9231660Z,1779554348923,0
2026-05-23T16:39:08.9572920Z,1779554348957,1
2026-05-23T16:39:08.9913460Z,1779554348991,1
2026-05-23T16:39:09.0258550Z,1779554349025,1
2026-05-23T16:39:09.0598020Z,1779554349059,0
2026-05-23T16:39:09.0945040Z,1779554349094,1
2026-05-23T16:39:09.1287890Z,1779554349128,1
2026-05-23T16:39:09.1627410Z,1779554349162,1
2026-05-23T16:39:09.1973320Z,1779554349197,1
2026-05-23T16:39:09.2312930Z,1779554349231,0
2026-05-23T16:39:09.2665030Z,1779554349266,1
2026-05-23T16:39:09.3038040Z,1779554349303,1
2026-05-23T16:39:09.3425070Z,1779554349342,1
2026-05-23T16:39:09.3868970Z,1779554349386,1
2026-05-23T16:39:09.4234690Z,1779554349423,1
2026-05-23T16:39:09.4626470Z,1779554349462,1
2026-05-23T16:39:09.5009010Z,1779554349500,1
2026-05-23T16:39:09.5384490Z,1779554349538,1
2026-05-23T16:39:09.5724820Z,1779554349572,1
2026-05-23T16:39:09.6067410Z,1779554349606,0
2026-05-23T16:39:09.6408910Z,1779554349640,1
2026-05-23T16:39:09.6750330Z,1779554349675,1
2026-05-23T16:39:09.7096460Z,1779554349709,1
2026-05-23T16:39:09.7440000Z,1779554349744,0
2026-05-23T16:39:09.7789830Z,1779554349778,1
2026-05-23T16:39:09.8135060Z,1779554349813,1
2026-05-23T16:39:09.8569420Z,1779554349856,1
2026-05-23T16:39:09.8890540Z,1779554349889,1
2026-05-23T16:39:09.9250160Z,1779554349925,1
2026-05-23T16:39:09.9668420Z,1779554349966,1
2026-05-23T16:39:09.9995230Z,1779554349999,0
2026-05-23T16:39:10.0338600Z,1779554350033,1
2026-05-23T16:39:10.0683500Z,1779554350068,1
2026-05-23T16:39:10.1025130Z,1779554350102,1
2026-05-23T16:39:10.1372180Z,1779554350137,1
2026-05-23T16:39:10.1712760Z,1779554350171,1
2026-05-23T16:39:10.2054710Z,1779554350205,1
2026-05-23T16:39:10.2399870Z,1779554350239,0
2026-05-23T16:39:10.2740860Z,1779554350274,1
2026-05-23T16:39:10.3092300Z,1779554350309,1
2026-05-23T16:39:10.3440830Z,1779554350344,1
2026-05-23T16:39:10.3863850Z,1779554350386,1
2026-05-23T16:39:10.4201430Z,1779554350420,1
2026-05-23T16:39:10.4621430Z,1779554350462,1
2026-05-23T16:39:10.5354190Z,1779554350535,1
2026-05-23T16:39:10.5390060Z,1779554350539,0
2026-05-23T16:39:10.5726890Z,1779554350572,1
2026-05-23T16:39:10.6074910Z,1779554350607,1
2026-05-23T16:39:10.6416850Z,1779554350641,1
2026-05-23T16:39:10.6761820Z,1779554350676,1
2026-05-23T16:39:10.7104600Z,1779554350710,1
2026-05-23T16:39:10.7450070Z,1779554350745,0
2026-05-23T16:39:10.7792970Z,1779554350779,1
2026-05-23T16:39:10.8139830Z,1779554350813,1
2026-05-23T16:39:10.8490030Z,1779554350849,1
2026-05-23T16:39:10.8918120Z,1779554350891,1
2026-05-23T16:39:10.9650110Z,1779554350965,2
2026-05-23T16:39:10.9685390Z,1779554350968,0
2026-05-23T16:39:11.0022780Z,1779554351002,0
2026-05-23T16:39:11.0373050Z,1779554351037,1
2026-05-23T16:39:11.0714700Z,1779554351071,1
2026-05-23T16:39:11.1061230Z,1779554351106,1
2026-05-23T16:39:11.1405300Z,1779554351140,0
2026-05-23T16:39:11.1747440Z,1779554351174,2
2026-05-23T16:39:11.2096680Z,1779554351209,0
2026-05-23T16:39:11.2443100Z,1779554351244,1
2026-05-23T16:39:11.2784550Z,1779554351278,1
2026-05-23T16:39:11.3131890Z,1779554351313,1
2026-05-23T16:39:11.3892120Z,1779554351389,1
2026-05-23T16:39:11.3935260Z,1779554351393,1
2026-05-23T16:39:11.4286550Z,1779554351428,1
2026-05-23T16:39:11.4705150Z,1779554351470,1
2026-05-23T16:39:11.5036110Z,1779554351503,0
2026-05-23T16:39:11.5382840Z,1779554351538,1
2026-05-23T16:39:11.5728410Z,1779554351572,1
2026-05-23T16:39:11.6072230Z,1779554351607,1
2026-05-23T16:39:11.6412840Z,1779554351641,0
2026-05-23T16:39:11.6762620Z,1779554351676,1
2026-05-23T16:39:11.7099190Z,1779554351709,1
2026-05-23T16:39:11.7443410Z,1779554351744,1
2026-05-23T16:39:11.7789810Z,1779554351778,1
2026-05-23T16:39:11.8129500Z,1779554351812,1
2026-05-23T16:39:11.8478860Z,1779554351847,1
2026-05-23T16:39:11.8913910Z,1779554351891,0
2026-05-23T16:39:11.9243690Z,1779554351924,1
2026-05-23T16:39:11.9669300Z,1779554351966,1
2026-05-23T16:39:12.0000140Z,1779554352000,1
2026-05-23T16:39:12.0340870Z,1779554352034,1
2026-05-23T16:39:12.0687280Z,1779554352068,1
2026-05-23T16:39:12.1028180Z,1779554352102,1
2026-05-23T16:39:12.1374530Z,1779554352137,0
2026-05-23T16:39:12.1715620Z,1779554352171,1
2026-05-23T16:39:12.2065120Z,1779554352206,1
2026-05-23T16:39:12.2403160Z,1779554352240,1
2026-05-23T16:39:12.2746880Z,1779554352274,0
2026-05-23T16:39:12.3095840Z,1779554352309,2
2026-05-23T16:39:12.3435500Z,1779554352343,0
2026-05-23T16:39:12.3793120Z,1779554352379,1
2026-05-23T16:39:12.4214110Z,1779554352421,1
2026-05-23T16:39:12.4546300Z,1779554352454,1
2026-05-23T16:39:12.4965350Z,1779554352496,1
2026-05-23T16:39:12.5296340Z,1779554352529,1
2026-05-23T16:39:12.5639200Z,1779554352563,1
2026-05-23T16:39:12.5985520Z,1779554352598,0
2026-05-23T16:39:12.6325330Z,1779554352632,1
2026-05-23T16:39:12.6669810Z,1779554352666,1
2026-05-23T16:39:12.7010800Z,1779554352701,1
2026-05-23T16:39:12.7353310Z,1779554352735,1
2026-05-23T16:39:12.7699300Z,1779554352769,0
2026-05-23T16:39:12.8039990Z,1779554352803,1
2026-05-23T16:39:12.8386530Z,1779554352838,1
2026-05-23T16:39:12.8730670Z,1779554352873,1
2026-05-23T16:39:12.9157310Z,1779554352915,1
2026-05-23T16:39:12.9897580Z,1779554352989,2
2026-05-23T16:39:12.9931970Z,1779554352993,0
2026-05-23T16:39:13.0271710Z,1779554353027,0
2026-05-23T16:39:13.0613290Z,1779554353061,1
2026-05-23T16:39:13.0957030Z,1779554353095,1
2026-05-23T16:39:13.1300960Z,1779554353130,1
2026-05-23T16:39:13.1642310Z,1779554353164,1
2026-05-23T16:39:13.1987440Z,1779554353198,1
2026-05-23T16:39:13.2327990Z,1779554353232,1
2026-05-23T16:39:13.2673650Z,1779554353267,0
2026-05-23T16:39:13.3015840Z,1779554353301,1
2026-05-23T16:39:13.3359580Z,1779554353335,1
2026-05-23T16:39:13.3704750Z,1779554353370,1
2026-05-23T16:39:13.4062780Z,1779554353406,0
2026-05-23T16:39:13.4488980Z,1779554353448,2
2026-05-23T16:39:13.5220340Z,1779554353522,1
2026-05-23T16:39:13.5261660Z,1779554353526,0
2026-05-23T16:39:13.5595580Z,1779554353559,1
2026-05-23T16:39:13.5942380Z,1779554353594,1
2026-05-23T16:39:13.6282700Z,1779554353628,1
2026-05-23T16:39:13.6621080Z,1779554353662,0
2026-05-23T16:39:13.6968770Z,1779554353696,1
2026-05-23T16:39:13.7306750Z,1779554353730,1
2026-05-23T16:39:13.7648620Z,1779554353764,1
2026-05-23T16:39:13.7991980Z,1779554353799,1
2026-05-23T16:39:13.8334270Z,1779554353833,1
2026-05-23T16:39:13.8685380Z,1779554353868,1
2026-05-23T16:39:13.9427450Z,1779554353942,1
2026-05-23T16:39:13.9465220Z,1779554353946,0
2026-05-23T16:39:13.9803360Z,1779554353980,1
2026-05-23T16:39:14.0555820Z,1779554354055,2
2026-05-23T16:39:14.0592610Z,1779554354059,0
2026-05-23T16:39:14.0925160Z,1779554354092,1
2026-05-23T16:39:14.1274050Z,1779554354127,1
2026-05-23T16:39:14.1619730Z,1779554354161,0
2026-05-23T16:39:14.1965130Z,1779554354196,1
2026-05-23T16:39:14.2306890Z,1779554354230,1
2026-05-23T16:39:14.2643200Z,1779554354264,1
2026-05-23T16:39:14.2992640Z,1779554354299,1
2026-05-23T16:39:14.3333260Z,1779554354333,1
2026-05-23T16:39:14.3677490Z,1779554354367,0
2026-05-23T16:39:14.4021530Z,1779554354402,1
2026-05-23T16:39:14.4781630Z,1779554354478,2
2026-05-23T16:39:14.4822310Z,1779554354482,0
2026-05-23T16:39:14.5175760Z,1779554354517,1
2026-05-23T16:39:14.5592710Z,1779554354559,1
2026-05-23T16:39:14.5920750Z,1779554354592,1
2026-05-23T16:39:14.6265590Z,1779554354626,1
2026-05-23T16:39:14.6610980Z,1779554354661,0
2026-05-23T16:39:14.6951200Z,1779554354695,1
2026-05-23T16:39:14.7295590Z,1779554354729,1
2026-05-23T16:39:14.7636400Z,1779554354763,1
2026-05-23T16:39:14.7982830Z,1779554354798,0
2026-05-23T16:39:14.8321660Z,1779554354832,1
2026-05-23T16:39:14.8670990Z,1779554354867,1
2026-05-23T16:39:14.9012530Z,1779554354901,1
2026-05-23T16:39:14.9360990Z,1779554354936,1
2026-05-23T16:39:14.9796990Z,1779554354979,1
2026-05-23T16:39:15.0126400Z,1779554355012,1
2026-05-23T16:39:15.0555850Z,1779554355055,0
2026-05-23T16:39:15.0889860Z,1779554355088,1
2026-05-23T16:39:15.1229240Z,1779554355122,1
2026-05-23T16:39:15.1573820Z,1779554355157,1
2026-05-23T16:39:15.1915160Z,1779554355191,1
2026-05-23T16:39:15.2262270Z,1779554355226,1
2026-05-23T16:39:15.2602730Z,1779554355260,1
2026-05-23T16:39:15.2947820Z,1779554355294,0
2026-05-23T16:39:15.3296060Z,1779554355329,1
2026-05-23T16:39:15.3635120Z,1779554355363,1
2026-05-23T16:39:15.3985060Z,1779554355398,1
2026-05-23T16:39:15.4330720Z,1779554355433,0
2026-05-23T16:39:15.4756520Z,1779554355475,2
2026-05-23T16:39:15.5484730Z,1779554355548,1
2026-05-23T16:39:15.5516930Z,1779554355551,0
2026-05-23T16:39:15.5856810Z,1779554355585,1
2026-05-23T16:39:15.6204700Z,1779554355620,1
2026-05-23T16:39:15.6548310Z,1779554355654,1
2026-05-23T16:39:15.6892450Z,1779554355689,1
2026-05-23T16:39:15.7235200Z,1779554355723,1
2026-05-23T16:39:15.7579770Z,1779554355757,1
2026-05-23T16:39:15.7921480Z,1779554355792,0
2026-05-23T16:39:15.8270890Z,1779554355827,1
2026-05-23T16:39:15.8610330Z,1779554355861,1
2026-05-23T16:39:15.8954060Z,1779554355895,1
2026-05-23T16:39:15.9303490Z,1779554355930,0
2026-05-23T16:39:15.9656060Z,1779554355965,1
2026-05-23T16:39:16.0086690Z,1779554356008,1
2026-05-23T16:39:16.0819390Z,1779554356081,2
2026-05-23T16:39:16.0857360Z,1779554356085,0
2026-05-23T16:39:16.1193620Z,1779554356119,1
2026-05-23T16:39:16.1539150Z,1779554356153,1
2026-05-23T16:39:16.1883910Z,1779554356188,1
2026-05-23T16:39:16.2226530Z,1779554356222,1
2026-05-23T16:39:16.2574780Z,1779554356257,0
2026-05-23T16:39:16.2913920Z,1779554356291,1
2026-05-23T16:39:16.3260040Z,1779554356326,1
2026-05-23T16:39:16.3602170Z,1779554356360,1
2026-05-23T16:39:16.3943430Z,1779554356394,1
2026-05-23T16:39:16.4295590Z,1779554356429,0
2026-05-23T16:39:16.5044540Z,1779554356504,2
2026-05-23T16:39:16.5082700Z,1779554356508,0
2026-05-23T16:39:16.5423240Z,1779554356542,1
2026-05-23T16:39:16.5839290Z,1779554356583,1
2026-05-23T16:39:16.6172450Z,1779554356617,1
2026-05-23T16:39:16.6511960Z,1779554356651,1
2026-05-23T16:39:16.6860440Z,1779554356686,0
2026-05-23T16:39:16.7203080Z,1779554356720,1
2026-05-23T16:39:16.7545490Z,1779554356754,1
2026-05-23T16:39:16.7894280Z,1779554356789,1
2026-05-23T16:39:16.8230930Z,1779554356823,1
2026-05-23T16:39:16.8580680Z,1779554356858,1
2026-05-23T16:39:16.8916610Z,1779554356891,1
2026-05-23T16:39:16.9260100Z,1779554356926,0
2026-05-23T16:39:16.9603490Z,1779554356960,1
2026-05-23T16:39:17.0369800Z,1779554357036,2
2026-05-23T16:39:17.0404900Z,1779554357040,0
2026-05-23T16:39:17.0747100Z,1779554357074,1
2026-05-23T16:39:17.1172180Z,1779554357117,1
2026-05-23T16:39:17.1497350Z,1779554357149,1
2026-05-23T16:39:17.1841880Z,1779554357184,0
2026-05-23T16:39:17.2189350Z,1779554357218,1
2026-05-23T16:39:17.2529480Z,1779554357252,1
2026-05-23T16:39:17.2876290Z,1779554357287,1
2026-05-23T16:39:17.3216740Z,1779554357321,1
2026-05-23T16:39:17.3563450Z,1779554357356,1
2026-05-23T16:39:17.3902900Z,1779554357390,0
2026-05-23T16:39:17.4247550Z,1779554357424,1
2026-05-23T16:39:17.4597170Z,1779554357459,1
2026-05-23T16:39:17.4942620Z,1779554357494,1
2026-05-23T16:39:17.5369500Z,1779554357536,1
2026-05-23T16:39:17.5706080Z,1779554357570,0
2026-05-23T16:39:17.6127800Z,1779554357612,2
2026-05-23T16:39:17.6457890Z,1779554357645,1
2026-05-23T16:39:17.6800310Z,1779554357680,0
2026-05-23T16:39:17.7141130Z,1779554357714,1
2026-05-23T16:39:17.7486950Z,1779554357748,1
2026-05-23T16:39:17.7825630Z,1779554357782,1
2026-05-23T16:39:17.8168990Z,1779554357816,0
2026-05-23T16:39:17.8509260Z,1779554357850,1
2026-05-23T16:39:17.8853910Z,1779554357885,1
2026-05-23T16:39:17.9198070Z,1779554357919,1
2026-05-23T16:39:17.9538460Z,1779554357953,1
2026-05-23T16:39:17.9888580Z,1779554357988,1
2026-05-23T16:39:18.0239810Z,1779554358023,1
2026-05-23T16:39:18.0661820Z,1779554358066,0
2026-05-23T16:39:18.0989310Z,1779554358098,1
2026-05-23T16:39:18.1408030Z,1779554358140,1
2026-05-23T16:39:18.1736990Z,1779554358173,1
2026-05-23T16:39:18.2084090Z,1779554358208,1
2026-05-23T16:39:18.2424150Z,1779554358242,1
2026-05-23T16:39:18.2769930Z,1779554358276,1
2026-05-23T16:39:18.3112540Z,1779554358311,0
2026-05-23T16:39:18.3452980Z,1779554358345,1
2026-05-23T16:39:18.3800550Z,1779554358380,1
2026-05-23T16:39:18.4139240Z,1779554358413,1
2026-05-23T16:39:18.4484640Z,1779554358448,0
2026-05-23T16:39:18.4830550Z,1779554358483,1
2026-05-23T16:39:18.5180180Z,1779554358518,1
2026-05-23T16:39:18.5603840Z,1779554358560,1
2026-05-23T16:39:18.6338980Z,1779554358633,2
2026-05-23T16:39:18.6376340Z,1779554358637,0
2026-05-23T16:39:18.6713880Z,1779554358671,1
2026-05-23T16:39:18.7060180Z,1779554358706,1
2026-05-23T16:39:18.7397420Z,1779554358739,1
2026-05-23T16:39:18.7741220Z,1779554358774,0
2026-05-23T16:39:18.8086280Z,1779554358808,1
2026-05-23T16:39:18.8425000Z,1779554358842,1
2026-05-23T16:39:18.8773610Z,1779554358877,1
2026-05-23T16:39:18.9114290Z,1779554358911,1
2026-05-23T16:39:18.9459940Z,1779554358945,0
2026-05-23T16:39:18.9800620Z,1779554358980,1
2026-05-23T16:39:19.0148560Z,1779554359014,1
2026-05-23T16:39:19.0574900Z,1779554359057,1
2026-05-23T16:39:19.0910180Z,1779554359091,1
2026-05-23T16:39:19.1330570Z,1779554359133,1
2026-05-23T16:39:19.1658770Z,1779554359165,1
2026-05-23T16:39:19.1997880Z,1779554359199,0
2026-05-23T16:39:19.2342990Z,1779554359234,1
2026-05-23T16:39:19.2688990Z,1779554359268,1
2026-05-23T16:39:19.3054630Z,1779554359305,1
2026-05-23T16:39:19.3451240Z,1779554359345,1
2026-05-23T16:39:19.3838650Z,1779554359383,1
2026-05-23T16:39:19.4227440Z,1779554359422,1
2026-05-23T16:39:19.4623460Z,1779554359462,0
2026-05-23T16:39:19.5007110Z,1779554359500,1
2026-05-23T16:39:19.5377650Z,1779554359537,1
2026-05-23T16:39:19.5807890Z,1779554359580,1
2026-05-23T16:39:19.6136840Z,1779554359613,1
2026-05-23T16:39:19.6557400Z,1779554359655,1
2026-05-23T16:39:19.6891020Z,1779554359689,1
2026-05-23T16:39:19.7232630Z,1779554359723,0
2026-05-23T16:39:19.7578900Z,1779554359757,1
2026-05-23T16:39:19.7924600Z,1779554359792,1
2026-05-23T16:39:19.8266360Z,1779554359826,1
2026-05-23T16:39:19.8608270Z,1779554359860,1
2026-05-23T16:39:19.8952880Z,1779554359895,1
2026-05-23T16:39:19.9302240Z,1779554359930,1
2026-05-23T16:39:19.9644250Z,1779554359964,0
2026-05-23T16:39:19.9992190Z,1779554359999,1
2026-05-23T16:39:20.0332800Z,1779554360033,1
2026-05-23T16:39:20.0692870Z,1779554360069,1
2026-05-23T16:39:20.1120260Z,1779554360112,1
2026-05-23T16:39:20.1451570Z,1779554360145,1
2026-05-23T16:39:20.1869790Z,1779554360186,1
2026-05-23T16:39:20.2201130Z,1779554360220,0
2026-05-23T16:39:20.2544160Z,1779554360254,1
2026-05-23T16:39:20.2892320Z,1779554360289,1
2026-05-23T16:39:20.3234650Z,1779554360323,1
2026-05-23T16:39:20.3579220Z,1779554360357,0
2026-05-23T16:39:20.3922710Z,1779554360392,1
2026-05-23T16:39:20.4272050Z,1779554360427,1
2026-05-23T16:39:20.4613420Z,1779554360461,1
2026-05-23T16:39:20.4959430Z,1779554360495,1
2026-05-23T16:39:20.5302060Z,1779554360530,1
2026-05-23T16:39:20.5653080Z,1779554360565,1
2026-05-23T16:39:20.6083930Z,1779554360608,0
2026-05-23T16:39:20.6814370Z,1779554360681,2
2026-05-23T16:39:20.6849240Z,1779554360684,0
2026-05-23T16:39:20.7188280Z,1779554360718,1
2026-05-23T16:39:20.7533330Z,1779554360753,1
2026-05-23T16:39:20.7879010Z,1779554360787,1
2026-05-23T16:39:20.8222030Z,1779554360822,1
2026-05-23T16:39:20.8568060Z,1779554360856,0
2026-05-23T16:39:20.8909390Z,1779554360890,1
2026-05-23T16:39:20.9252080Z,1779554360925,1
2026-05-23T16:39:20.9598910Z,1779554360959,1
2026-05-23T16:39:20.9938780Z,1779554360993,0
2026-05-23T16:39:21.0285270Z,1779554361028,1
2026-05-23T16:39:21.1048830Z,1779554361104,2
2026-05-23T16:39:21.1088340Z,1779554361108,0
2026-05-23T16:39:21.1427150Z,1779554361142,1
2026-05-23T16:39:21.1849570Z,1779554361184,1
2026-05-23T16:39:21.2179600Z,1779554361217,1
2026-05-23T16:39:21.2520350Z,1779554361252,1
2026-05-23T16:39:21.2866050Z,1779554361286,1
2026-05-23T16:39:21.3204770Z,1779554361320,0
2026-05-23T16:39:21.3548980Z,1779554361354,1
2026-05-23T16:39:21.3895720Z,1779554361389,1
2026-05-23T16:39:21.4231160Z,1779554361423,1
2026-05-23T16:39:21.4577560Z,1779554361457,1
2026-05-23T16:39:21.4917500Z,1779554361491,0
2026-05-23T16:39:21.5264360Z,1779554361526,1
2026-05-23T16:39:21.5607570Z,1779554361560,1
2026-05-23T16:39:21.6359990Z,1779554361635,2
2026-05-23T16:39:21.6397180Z,1779554361639,0
2026-05-23T16:39:21.6735930Z,1779554361673,1
2026-05-23T16:39:21.7166770Z,1779554361716,1
2026-05-23T16:39:21.7496010Z,1779554361749,0
2026-05-23T16:39:21.7838040Z,1779554361783,1
2026-05-23T16:39:21.8181500Z,1779554361818,1
2026-05-23T16:39:21.8523310Z,1779554361852,1
2026-05-23T16:39:21.8871150Z,1779554361887,1
2026-05-23T16:39:21.9210860Z,1779554361921,1
2026-05-23T16:39:21.9551920Z,1779554361955,1
2026-05-23T16:39:21.9897700Z,1779554361989,0
2026-05-23T16:39:22.0238620Z,1779554362023,1
2026-05-23T16:39:22.0586040Z,1779554362058,1
2026-05-23T16:39:22.0929240Z,1779554362092,1
2026-05-23T16:39:22.1355190Z,1779554362135,1
2026-05-23T16:39:22.1685180Z,1779554362168,1
2026-05-23T16:39:22.2025190Z,1779554362202,0
2026-05-23T16:39:22.2375380Z,1779554362237,1
2026-05-23T16:39:22.2715460Z,1779554362271,1
2026-05-23T16:39:22.3060760Z,1779554362306,1
2026-05-23T16:39:22.3403470Z,1779554362340,1
2026-05-23T16:39:22.3744270Z,1779554362374,0
2026-05-23T16:39:22.4093350Z,1779554362409,1
2026-05-23T16:39:22.4433990Z,1779554362443,1
2026-05-23T16:39:22.4775710Z,1779554362477,1
2026-05-23T16:39:22.5114530Z,1779554362511,1
2026-05-23T16:39:22.5462400Z,1779554362546,1
2026-05-23T16:39:22.5804920Z,1779554362580,0
2026-05-23T16:39:22.6152540Z,1779554362615,1
2026-05-23T16:39:22.6577740Z,1779554362657,1
2026-05-23T16:39:22.6910460Z,1779554362691,1
2026-05-23T16:39:22.7323190Z,1779554362732,1
2026-05-23T16:39:22.7653540Z,1779554362765,0
2026-05-23T16:39:22.7997430Z,1779554362799,1
2026-05-23T16:39:22.8336850Z,1779554362833,1
2026-05-23T16:39:22.8684460Z,1779554362868,1
2026-05-23T16:39:22.9024270Z,1779554362902,1
2026-05-23T16:39:22.9370840Z,1779554362937,1
2026-05-23T16:39:22.9714130Z,1779554362971,1
2026-05-23T16:39:23.0052240Z,1779554363005,0
2026-05-23T16:39:23.0394800Z,1779554363039,1
2026-05-23T16:39:23.0737360Z,1779554363073,1
2026-05-23T16:39:23.1086550Z,1779554363108,1
2026-05-23T16:39:23.1438330Z,1779554363143,0
2026-05-23T16:39:23.1857280Z,1779554363185,2
2026-05-23T16:39:23.2199220Z,1779554363219,0
2026-05-23T16:39:23.2615520Z,1779554363261,1
2026-05-23T16:39:23.2948910Z,1779554363294,1
2026-05-23T16:39:23.3291800Z,1779554363329,1
2026-05-23T16:39:23.3630120Z,1779554363363,1
2026-05-23T16:39:23.3974690Z,1779554363397,0
2026-05-23T16:39:23.4317700Z,1779554363431,1
2026-05-23T16:39:23.4662200Z,1779554363466,1
2026-05-23T16:39:23.5004580Z,1779554363500,1
2026-05-23T16:39:23.5346490Z,1779554363534,1
2026-05-23T16:39:23.5695680Z,1779554363569,1
2026-05-23T16:39:23.6041690Z,1779554363604,1
2026-05-23T16:39:23.6391170Z,1779554363639,0
2026-05-23T16:39:23.6819010Z,1779554363681,1
2026-05-23T16:39:23.7550650Z,1779554363755,2
2026-05-23T16:39:23.7589290Z,1779554363758,0
2026-05-23T16:39:23.7923290Z,1779554363792,1
2026-05-23T16:39:23.8273500Z,1779554363827,1
2026-05-23T16:39:23.8613180Z,1779554363861,1
2026-05-23T16:39:23.8956260Z,1779554363895,0
2026-05-23T16:39:23.9303370Z,1779554363930,1
2026-05-23T16:39:23.9641520Z,1779554363964,1
2026-05-23T16:39:23.9991190Z,1779554363999,1
2026-05-23T16:39:24.0334560Z,1779554364033,1
2026-05-23T16:39:24.0680240Z,1779554364068,1
2026-05-23T16:39:24.1019510Z,1779554364101,0
2026-05-23T16:39:24.1782320Z,1779554364178,2
2026-05-23T16:39:24.1821940Z,1779554364182,0
2026-05-23T16:39:24.2165310Z,1779554364216,1
2026-05-23T16:39:24.2594700Z,1779554364259,1
2026-05-23T16:39:24.2919450Z,1779554364291,1
2026-05-23T16:39:24.3265430Z,1779554364326,1
2026-05-23T16:39:24.3611420Z,1779554364361,1
2026-05-23T16:39:24.3952850Z,1779554364395,0
2026-05-23T16:39:24.4301150Z,1779554364430,1
2026-05-23T16:39:24.4644610Z,1779554364464,1
2026-05-23T16:39:24.4989040Z,1779554364498,1
2026-05-23T16:39:24.5331530Z,1779554364533,0
2026-05-23T16:39:24.5681050Z,1779554364568,1
2026-05-23T16:39:24.6020070Z,1779554364602,1
2026-05-23T16:39:24.6366780Z,1779554364636,1
2026-05-23T16:39:24.7129310Z,1779554364712,2
2026-05-23T16:39:24.7172380Z,1779554364717,0
2026-05-23T16:39:24.7513860Z,1779554364751,1
2026-05-23T16:39:24.7941660Z,1779554364794,1
2026-05-23T16:39:24.8269420Z,1779554364826,1
2026-05-23T16:39:24.8612560Z,1779554364861,0
2026-05-23T16:39:24.8955390Z,1779554364895,1
2026-05-23T16:39:24.9299110Z,1779554364929,1
2026-05-23T16:39:24.9642170Z,1779554364964,1
2026-05-23T16:39:24.9990760Z,1779554364999,1
2026-05-23T16:39:25.0330570Z,1779554365033,0
2026-05-23T16:39:25.0676500Z,1779554365067,1
2026-05-23T16:39:25.1018470Z,1779554365101,1
2026-05-23T16:39:25.1374790Z,1779554365137,1
2026-05-23T16:39:25.1716820Z,1779554365171,1
2026-05-23T16:39:25.2157400Z,1779554365215,1
2026-05-23T16:39:25.2487930Z,1779554365248,1
2026-05-23T16:39:25.2919010Z,1779554365291,0
2026-05-23T16:39:25.3248950Z,1779554365324,1
2026-05-23T16:39:25.3591650Z,1779554365359,1
2026-05-23T16:39:25.3931980Z,1779554365393,1
2026-05-23T16:39:25.4278740Z,1779554365427,0
2026-05-23T16:39:25.4624250Z,1779554365462,1
2026-05-23T16:39:25.4966790Z,1779554365496,1
2026-05-23T16:39:25.5308840Z,1779554365530,1
2026-05-23T16:39:25.5652420Z,1779554365565,1
2026-05-23T16:39:25.5993900Z,1779554365599,1
2026-05-23T16:39:25.6345950Z,1779554365634,1
2026-05-23T16:39:25.6685540Z,1779554365668,0
2026-05-23T16:39:25.7039910Z,1779554365703,1
2026-05-23T16:39:25.7481480Z,1779554365748,1
2026-05-23T16:39:25.7812980Z,1779554365781,1
2026-05-23T16:39:25.8234130Z,1779554365823,1
2026-05-23T16:39:25.8565770Z,1779554365856,1
2026-05-23T16:39:25.8910590Z,1779554365891,1
2026-05-23T16:39:25.9254140Z,1779554365925,0
2026-05-23T16:39:25.9600020Z,1779554365960,1
2026-05-23T16:39:25.9942260Z,1779554365994,1
2026-05-23T16:39:26.0288100Z,1779554366028,1
2026-05-23T16:39:26.0628650Z,1779554366062,0
2026-05-23T16:39:26.0974440Z,1779554366097,1
2026-05-23T16:39:26.1315890Z,1779554366131,1
2026-05-23T16:39:26.1663080Z,1779554366166,1
2026-05-23T16:39:26.2543510Z,1779554366254,2
2026-05-23T16:39:26.3025640Z,1779554366302,1
2026-05-23T16:39:26.3062830Z,1779554366306,0
2026-05-23T16:39:26.3400360Z,1779554366340,1
2026-05-23T16:39:26.3748680Z,1779554366374,1
2026-05-23T16:39:26.4102190Z,1779554366410,1
2026-05-23T16:39:26.4801280Z,1779554366480,2
2026-05-23T16:39:26.4835100Z,1779554366483,0
2026-05-23T16:39:26.5194380Z,1779554366519,1
2026-05-23T16:39:26.5536340Z,1779554366553,0
2026-05-23T16:39:26.5890030Z,1779554366589,1
2026-05-23T16:39:26.6230290Z,1779554366623,1
2026-05-23T16:39:26.6571270Z,1779554366657,1
2026-05-23T16:39:26.6920210Z,1779554366692,0
2026-05-23T16:39:26.7676240Z,1779554366767,2
2026-05-23T16:39:26.7719140Z,1779554366771,1
2026-05-23T16:39:26.8478280Z,1779554366847,1
2026-05-23T16:39:26.8519800Z,1779554366851,0
2026-05-23T16:39:26.8864580Z,1779554366886,1
2026-05-23T16:39:26.9205560Z,1779554366920,1
2026-05-23T16:39:26.9547410Z,1779554366954,1
2026-05-23T16:39:26.9892940Z,1779554366989,1
2026-05-23T16:39:27.0229670Z,1779554367022,0
2026-05-23T16:39:27.0576840Z,1779554367057,1
2026-05-23T16:39:27.0916280Z,1779554367091,1
2026-05-23T16:39:27.1263830Z,1779554367126,1
2026-05-23T16:39:27.1607250Z,1779554367160,1
2026-05-23T16:39:27.1950260Z,1779554367195,0
2026-05-23T16:39:27.2303210Z,1779554367230,1
2026-05-23T16:39:27.2722560Z,1779554367272,1
2026-05-23T16:39:27.3456470Z,1779554367345,2
2026-05-23T16:39:27.3494870Z,1779554367349,0
2026-05-23T16:39:27.3831650Z,1779554367383,1
2026-05-23T16:39:27.4178970Z,1779554367417,1
2026-05-23T16:39:27.4523700Z,1779554367452,0
2026-05-23T16:39:27.4866280Z,1779554367486,1
2026-05-23T16:39:27.5207400Z,1779554367520,1
2026-05-23T16:39:27.5551200Z,1779554367555,1
2026-05-23T16:39:27.5899380Z,1779554367589,0
2026-05-23T16:39:27.6233470Z,1779554367623,1
2026-05-23T16:39:27.6582880Z,1779554367658,1
2026-05-23T16:39:27.6925890Z,1779554367692,1
2026-05-23T16:39:27.7687750Z,1779554367768,2
2026-05-23T16:39:27.7727080Z,1779554367772,0
2026-05-23T16:39:27.8473590Z,1779554367847,2
2026-05-23T16:39:27.8521120Z,1779554367852,0
2026-05-23T16:39:27.8869650Z,1779554367886,1
2026-05-23T16:39:27.9208000Z,1779554367920,1
2026-05-23T16:39:27.9551140Z,1779554367955,0
2026-05-23T16:39:27.9898020Z,1779554367989,1
2026-05-23T16:39:28.0236970Z,1779554368023,1
2026-05-23T16:39:28.0580900Z,1779554368058,1
2026-05-23T16:39:28.0918700Z,1779554368091,0
2026-05-23T16:39:28.1262490Z,1779554368126,2
2026-05-23T16:39:28.1605550Z,1779554368160,0
2026-05-23T16:39:28.1947770Z,1779554368194,1
2026-05-23T16:39:28.2298390Z,1779554368229,1
2026-05-23T16:39:28.3050230Z,1779554368305,2
2026-05-23T16:39:28.3092620Z,1779554368309,0
2026-05-23T16:39:28.3431500Z,1779554368343,0
2026-05-23T16:39:28.3853540Z,1779554368385,2
2026-05-23T16:39:28.4185110Z,1779554368418,1
2026-05-23T16:39:28.4529050Z,1779554368452,0
2026-05-23T16:39:28.5284210Z,1779554368528,2
2026-05-23T16:39:28.5321500Z,1779554368532,0
2026-05-23T16:39:28.5663510Z,1779554368566,1
2026-05-23T16:39:28.6005070Z,1779554368600,1
2026-05-23T16:39:28.6356050Z,1779554368635,1
2026-05-23T16:39:28.6697140Z,1779554368669,1
2026-05-23T16:39:28.7036440Z,1779554368703,0
2026-05-23T16:39:28.7389610Z,1779554368738,1
2026-05-23T16:39:28.7737780Z,1779554368773,1
2026-05-23T16:39:28.8171820Z,1779554368817,1
2026-05-23T16:39:28.8497220Z,1779554368849,1
2026-05-23T16:39:28.8933120Z,1779554368893,1
2026-05-23T16:39:28.9264550Z,1779554368926,1
2026-05-23T16:39:28.9604210Z,1779554368960,0
2026-05-23T16:39:28.9947920Z,1779554368994,1
2026-05-23T16:39:29.0296880Z,1779554369029,1
2026-05-23T16:39:29.0637840Z,1779554369063,1
2026-05-23T16:39:29.0988990Z,1779554369098,0
2026-05-23T16:39:29.1325930Z,1779554369132,1
2026-05-23T16:39:29.1673840Z,1779554369167,1
2026-05-23T16:39:29.2013870Z,1779554369201,1
2026-05-23T16:39:29.2365710Z,1779554369236,1
2026-05-23T16:39:29.2721300Z,1779554369272,1
2026-05-23T16:39:29.3182960Z,1779554369318,1
2026-05-23T16:39:29.3954650Z,1779554369395,2
2026-05-23T16:39:29.3993100Z,1779554369399,0
2026-05-23T16:39:29.4369380Z,1779554369436,1
2026-05-23T16:39:29.4757230Z,1779554369475,0
2026-05-23T16:39:29.5151970Z,1779554369515,1
2026-05-23T16:39:29.5507990Z,1779554369550,1
2026-05-23T16:39:29.5849050Z,1779554369584,1
2026-05-23T16:39:29.6194120Z,1779554369619,1
2026-05-23T16:39:29.6538570Z,1779554369653,1
2026-05-23T16:39:29.6889290Z,1779554369688,1
2026-05-23T16:39:29.7227810Z,1779554369722,0
2026-05-23T16:39:29.7577790Z,1779554369757,1
2026-05-23T16:39:29.8333490Z,1779554369833,2
2026-05-23T16:39:29.8374410Z,1779554369837,0
2026-05-23T16:39:29.8726910Z,1779554369872,1
2026-05-23T16:39:29.9144510Z,1779554369914,1
2026-05-23T16:39:29.9476970Z,1779554369947,1
2026-05-23T16:39:29.9816400Z,1779554369981,0
2026-05-23T16:39:30.0163930Z,1779554370016,1
2026-05-23T16:39:30.0503830Z,1779554370050,1
2026-05-23T16:39:30.0850320Z,1779554370085,1
2026-05-23T16:39:30.1195780Z,1779554370119,1
2026-05-23T16:39:30.1534650Z,1779554370153,1
2026-05-23T16:39:30.1880250Z,1779554370188,0
2026-05-23T16:39:30.2223170Z,1779554370222,1
2026-05-23T16:39:30.2571370Z,1779554370257,1
2026-05-23T16:39:30.2914630Z,1779554370291,1
2026-05-23T16:39:30.3345640Z,1779554370334,1
2026-05-23T16:39:30.3676820Z,1779554370367,0
2026-05-23T16:39:30.4103230Z,1779554370410,2
2026-05-23T16:39:30.4437480Z,1779554370443,0
2026-05-23T16:39:30.4778640Z,1779554370477,1
2026-05-23T16:39:30.5118010Z,1779554370511,1
2026-05-23T16:39:30.5466160Z,1779554370546,1
2026-05-23T16:39:30.5806700Z,1779554370580,1
2026-05-23T16:39:30.6149450Z,1779554370614,0
2026-05-23T16:39:30.6494760Z,1779554370649,1
2026-05-23T16:39:30.6835620Z,1779554370683,1
2026-05-23T16:39:30.7184080Z,1779554370718,1
2026-05-23T16:39:30.7523470Z,1779554370752,1
2026-05-23T16:39:30.7872120Z,1779554370787,1
2026-05-23T16:39:30.8219990Z,1779554370821,1
2026-05-23T16:39:30.8648290Z,1779554370864,0
2026-05-23T16:39:30.8987410Z,1779554370898,1
2026-05-23T16:39:30.9403280Z,1779554370940,1
2026-05-23T16:39:30.9733310Z,1779554370973,1
2026-05-23T16:39:31.0074760Z,1779554371007,1
2026-05-23T16:39:31.0419340Z,1779554371041,1
2026-05-23T16:39:31.0763410Z,1779554371076,1
2026-05-23T16:39:31.1107120Z,1779554371110,0
2026-05-23T16:39:31.1446740Z,1779554371144,1
2026-05-23T16:39:31.1795480Z,1779554371179,1
2026-05-23T16:39:31.2131510Z,1779554371213,1
2026-05-23T16:39:31.2479230Z,1779554371247,0
2026-05-23T16:39:31.2820280Z,1779554371282,1
2026-05-23T16:39:31.3169790Z,1779554371316,1
2026-05-23T16:39:31.3601440Z,1779554371360,1
2026-05-23T16:39:31.4328270Z,1779554371432,2
2026-05-23T16:39:31.4366290Z,1779554371436,0
2026-05-23T16:39:31.4701190Z,1779554371470,1
2026-05-23T16:39:31.5049060Z,1779554371504,0
2026-05-23T16:39:31.5390980Z,1779554371539,2
2026-05-23T16:39:31.5729750Z,1779554371572,0
2026-05-23T16:39:31.6074910Z,1779554371607,1
2026-05-23T16:39:31.6415040Z,1779554371641,1
2026-05-23T16:39:31.6758610Z,1779554371675,1
2026-05-23T16:39:31.7104130Z,1779554371710,0
2026-05-23T16:39:31.7443590Z,1779554371744,1
2026-05-23T16:39:31.7788900Z,1779554371778,1
2026-05-23T16:39:31.8132240Z,1779554371813,1
2026-05-23T16:39:31.8492790Z,1779554371849,1
2026-05-23T16:39:31.8909570Z,1779554371890,0
2026-05-23T16:39:31.9637100Z,1779554371963,2
2026-05-23T16:39:31.9673570Z,1779554371967,1
2026-05-23T16:39:32.0010600Z,1779554372001,0
2026-05-23T16:39:32.0352010Z,1779554372035,1
2026-05-23T16:39:32.0695790Z,1779554372069,1
2026-05-23T16:39:32.1037530Z,1779554372103,1
2026-05-23T16:39:32.1383740Z,1779554372138,0
2026-05-23T16:39:32.1725040Z,1779554372172,1
2026-05-23T16:39:32.2068400Z,1779554372206,1
2026-05-23T16:39:32.2410920Z,1779554372241,1
2026-05-23T16:39:32.2752830Z,1779554372275,0
2026-05-23T16:39:32.3103520Z,1779554372310,1
2026-05-23T16:39:32.3855960Z,1779554372385,2
2026-05-23T16:39:32.3895280Z,1779554372389,0
2026-05-23T16:39:32.4238400Z,1779554372423,1
2026-05-23T16:39:32.4652620Z,1779554372465,1
2026-05-23T16:39:32.4983070Z,1779554372498,1
2026-05-23T16:39:32.5326170Z,1779554372532,1
2026-05-23T16:39:32.5671220Z,1779554372567,1
2026-05-23T16:39:32.6012320Z,1779554372601,0
2026-05-23T16:39:32.6355240Z,1779554372635,1
2026-05-23T16:39:32.6704360Z,1779554372670,1
2026-05-23T16:39:32.7041190Z,1779554372704,1
2026-05-23T16:39:32.7385660Z,1779554372738,1
2026-05-23T16:39:32.7727360Z,1779554372772,0
2026-05-23T16:39:32.8073680Z,1779554372807,1
2026-05-23T16:39:32.8421490Z,1779554372842,1
2026-05-23T16:39:32.8851990Z,1779554372885,1
2026-05-23T16:39:32.9186250Z,1779554372918,1
2026-05-23T16:39:32.9607190Z,1779554372960,1
2026-05-23T16:39:32.9939280Z,1779554372993,1
2026-05-23T16:39:33.0282470Z,1779554373028,0
2026-05-23T16:39:33.0623960Z,1779554373062,1
2026-05-23T16:39:33.0973170Z,1779554373097,1
2026-05-23T16:39:33.1312760Z,1779554373131,1
2026-05-23T16:39:33.1657030Z,1779554373165,1
2026-05-23T16:39:33.2006020Z,1779554373200,1
2026-05-23T16:39:33.2345620Z,1779554373234,0
2026-05-23T16:39:33.2691440Z,1779554373269,1
2026-05-23T16:39:33.3036720Z,1779554373303,1
2026-05-23T16:39:33.3383920Z,1779554373338,1
2026-05-23T16:39:33.3733180Z,1779554373373,1
2026-05-23T16:39:33.4157240Z,1779554373415,0
2026-05-23T16:39:33.4498980Z,1779554373449,1
2026-05-23T16:39:33.4917650Z,1779554373491,2
2026-05-23T16:39:33.5245550Z,1779554373524,0
2026-05-23T16:39:33.5595680Z,1779554373559,1
2026-05-23T16:39:33.5933970Z,1779554373593,1
2026-05-23T16:39:33.6283940Z,1779554373628,1
2026-05-23T16:39:33.6624140Z,1779554373662,0
2026-05-23T16:39:33.6970540Z,1779554373697,1
2026-05-23T16:39:33.7311360Z,1779554373731,1
2026-05-23T16:39:33.7655800Z,1779554373765,1
2026-05-23T16:39:33.8001530Z,1779554373800,1
2026-05-23T16:39:33.8348820Z,1779554373834,1
2026-05-23T16:39:33.8696920Z,1779554373869,1
2026-05-23T16:39:33.9122750Z,1779554373912,0
2026-05-23T16:39:33.9863160Z,1779554373986,2
2026-05-23T16:39:33.9897460Z,1779554373989,0
2026-05-23T16:39:34.0233120Z,1779554374023,1
2026-05-23T16:39:34.0583000Z,1779554374058,1
2026-05-23T16:39:34.0920820Z,1779554374092,1
2026-05-23T16:39:34.1271010Z,1779554374127,1
2026-05-23T16:39:34.1610770Z,1779554374161,0
2026-05-23T16:39:34.1953590Z,1779554374195,1
2026-05-23T16:39:34.2300700Z,1779554374230,1
2026-05-23T16:39:34.2642140Z,1779554374264,1
2026-05-23T16:39:34.2988580Z,1779554374298,1
2026-05-23T16:39:34.3330030Z,1779554374333,0
2026-05-23T16:39:34.3678800Z,1779554374367,1
2026-05-23T16:39:34.4030020Z,1779554374403,1
2026-05-23T16:39:34.4450100Z,1779554374445,1
2026-05-23T16:39:34.5186630Z,1779554374518,2
2026-05-23T16:39:34.5221100Z,1779554374522,0
2026-05-23T16:39:34.5561720Z,1779554374556,0
2026-05-23T16:39:34.5903440Z,1779554374590,1
2026-05-23T16:39:34.6246100Z,1779554374624,1
2026-05-23T16:39:34.6593420Z,1779554374659,1
2026-05-23T16:39:34.6933460Z,1779554374693,1
2026-05-23T16:39:34.7278340Z,1779554374727,1
2026-05-23T16:39:34.7618640Z,1779554374761,1
2026-05-23T16:39:34.7965930Z,1779554374796,0
2026-05-23T16:39:34.8305870Z,1779554374830,1
2026-05-23T16:39:34.8651330Z,1779554374865,1
2026-05-23T16:39:34.9412690Z,1779554374941,2
2026-05-23T16:39:34.9446730Z,1779554374944,0
2026-05-23T16:39:34.9789600Z,1779554374978,1
2026-05-23T16:39:35.0131200Z,1779554375013,1
2026-05-23T16:39:35.0477340Z,1779554375047,0
2026-05-23T16:39:35.0815700Z,1779554375081,1
2026-05-23T16:39:35.1164350Z,1779554375116,1
2026-05-23T16:39:35.1501340Z,1779554375150,1
2026-05-23T16:39:35.1845220Z,1779554375184,0
2026-05-23T16:39:35.2198420Z,1779554375219,1
2026-05-23T16:39:35.2534350Z,1779554375253,1
2026-05-23T16:39:35.2878690Z,1779554375287,1
2026-05-23T16:39:35.3219770Z,1779554375321,1
2026-05-23T16:39:35.3564790Z,1779554375356,1
2026-05-23T16:39:35.3908620Z,1779554375390,0
2026-05-23T16:39:35.4664870Z,1779554375466,2
2026-05-23T16:39:35.4717640Z,1779554375471,0
2026-05-23T16:39:35.5069550Z,1779554375506,1
2026-05-23T16:39:35.5485940Z,1779554375548,1
2026-05-23T16:39:35.5814880Z,1779554375581,1
2026-05-23T16:39:35.6161410Z,1779554375616,1
2026-05-23T16:39:35.6503510Z,1779554375650,1
2026-05-23T16:39:35.6845260Z,1779554375684,0
2026-05-23T16:39:35.7189430Z,1779554375718,1
2026-05-23T16:39:35.7535160Z,1779554375753,1
2026-05-23T16:39:35.7876620Z,1779554375787,1
2026-05-23T16:39:35.8216920Z,1779554375821,0
2026-05-23T16:39:35.8562150Z,1779554375856,1
2026-05-23T16:39:35.8908180Z,1779554375890,1
2026-05-23T16:39:35.9255790Z,1779554375925,1
2026-05-23T16:39:35.9682290Z,1779554375968,1
2026-05-23T16:39:36.0010780Z,1779554376001,1
2026-05-23T16:39:36.0428470Z,1779554376042,1
2026-05-23T16:39:36.0759230Z,1779554376075,0
2026-05-23T16:39:36.1102520Z,1779554376110,1
2026-05-23T16:39:36.1443410Z,1779554376144,1
2026-05-23T16:39:36.1792280Z,1779554376179,1
2026-05-23T16:39:36.2128350Z,1779554376212,1
2026-05-23T16:39:36.2472470Z,1779554376247,1
2026-05-23T16:39:36.2814740Z,1779554376281,1
2026-05-23T16:39:36.3157590Z,1779554376315,0
2026-05-23T16:39:36.3503310Z,1779554376350,1
2026-05-23T16:39:36.3844710Z,1779554376384,1
2026-05-23T16:39:36.4188280Z,1779554376418,1
2026-05-23T16:39:36.4545060Z,1779554376454,0
2026-05-23T16:39:36.4967220Z,1779554376496,2
2026-05-23T16:39:36.5299960Z,1779554376529,0
2026-05-23T16:39:36.5716900Z,1779554376571,1
2026-05-23T16:39:36.6046870Z,1779554376604,1
2026-05-23T16:39:36.6392600Z,1779554376639,1
2026-05-23T16:39:36.6735800Z,1779554376673,1
2026-05-23T16:39:36.7079810Z,1779554376707,0
2026-05-23T16:39:36.7420480Z,1779554376742,1
2026-05-23T16:39:36.7765460Z,1779554376776,1
2026-05-23T16:39:36.8105060Z,1779554376810,1
2026-05-23T16:39:36.8447360Z,1779554376844,1
2026-05-23T16:39:36.8797620Z,1779554376879,1
2026-05-23T16:39:36.9139230Z,1779554376913,0
2026-05-23T16:39:36.9488580Z,1779554376948,1
2026-05-23T16:39:36.9911540Z,1779554376991,1
2026-05-23T16:39:37.0645340Z,1779554377064,2
2026-05-23T16:39:37.0681890Z,1779554377068,0
2026-05-23T16:39:37.1016150Z,1779554377101,1
2026-05-23T16:39:37.1366220Z,1779554377136,1
2026-05-23T16:39:37.1706320Z,1779554377170,1
2026-05-23T16:39:37.2049020Z,1779554377204,0
2026-05-23T16:39:37.2400780Z,1779554377240,1
2026-05-23T16:39:37.2736760Z,1779554377273,1
2026-05-23T16:39:37.3082290Z,1779554377308,1
2026-05-23T16:39:37.3424710Z,1779554377342,0
2026-05-23T16:39:37.3770010Z,1779554377377,1
2026-05-23T16:39:37.4110790Z,1779554377411,1
2026-05-23T16:39:37.4458350Z,1779554377445,1
2026-05-23T16:39:37.4891370Z,1779554377489,1
2026-05-23T16:39:37.5220160Z,1779554377522,1
2026-05-23T16:39:37.5637160Z,1779554377563,1
2026-05-23T16:39:37.5971520Z,1779554377597,0
2026-05-23T16:39:37.6312920Z,1779554377631,1
2026-05-23T16:39:37.6661520Z,1779554377666,1
2026-05-23T16:39:37.7008910Z,1779554377700,1
2026-05-23T16:39:37.7346350Z,1779554377734,1
2026-05-23T16:39:37.7697220Z,1779554377769,1
2026-05-23T16:39:37.8035050Z,1779554377803,1
2026-05-23T16:39:37.8385080Z,1779554377838,0
2026-05-23T16:39:37.8727730Z,1779554377872,1
2026-05-23T16:39:37.9075820Z,1779554377907,1
2026-05-23T16:39:37.9420150Z,1779554377942,1
2026-05-23T16:39:37.9851170Z,1779554377985,1
2026-05-23T16:39:38.0187730Z,1779554378018,1
2026-05-23T16:39:38.0605230Z,1779554378060,1
2026-05-23T16:39:38.0936070Z,1779554378093,0
2026-05-23T16:39:38.1282230Z,1779554378128,1
2026-05-23T16:39:38.1623930Z,1779554378162,1
2026-05-23T16:39:38.1968320Z,1779554378196,1
2026-05-23T16:39:38.2312580Z,1779554378231,0
2026-05-23T16:39:38.2657160Z,1779554378265,1
2026-05-23T16:39:38.3006840Z,1779554378300,1
2026-05-23T16:39:38.3345050Z,1779554378334,1
2026-05-23T16:39:38.3688600Z,1779554378368,1
2026-05-23T16:39:38.4034120Z,1779554378403,1
2026-05-23T16:39:38.4378700Z,1779554378437,1
2026-05-23T16:39:38.4732910Z,1779554378473,0
2026-05-23T16:39:38.5161010Z,1779554378516,1
2026-05-23T16:39:38.5499900Z,1779554378549,1
2026-05-23T16:39:38.5912740Z,1779554378591,1
2026-05-23T16:39:38.6241160Z,1779554378624,1
2026-05-23T16:39:38.6587590Z,1779554378658,1
2026-05-23T16:39:38.6930580Z,1779554378693,1
2026-05-23T16:39:38.7276380Z,1779554378727,0
2026-05-23T16:39:38.7617120Z,1779554378761,1
2026-05-23T16:39:38.7964270Z,1779554378796,1
2026-05-23T16:39:38.8305270Z,1779554378830,1
2026-05-23T16:39:38.8647610Z,1779554378864,0
2026-05-23T16:39:38.8991530Z,1779554378899,1
2026-05-23T16:39:38.9335220Z,1779554378933,1
2026-05-23T16:39:38.9684520Z,1779554378968,1
2026-05-23T16:39:39.0039940Z,1779554379003,1
2026-05-23T16:39:39.0464470Z,1779554379046,1
2026-05-23T16:39:39.0792690Z,1779554379079,1
2026-05-23T16:39:39.1218900Z,1779554379121,1
2026-05-23T16:39:39.1549950Z,1779554379154,1
2026-05-23T16:39:39.1893100Z,1779554379189,0
2026-05-23T16:39:39.2234330Z,1779554379223,1
2026-05-23T16:39:39.2582560Z,1779554379258,1
2026-05-23T16:39:39.2942750Z,1779554379294,1
2026-05-23T16:39:39.3328970Z,1779554379332,1
2026-05-23T16:39:39.3712470Z,1779554379371,0
2026-05-23T16:39:39.4105150Z,1779554379410,2
2026-05-23T16:39:39.4488800Z,1779554379448,1
2026-05-23T16:39:39.4873390Z,1779554379487,0
2026-05-23T16:39:39.5238460Z,1779554379523,1
2026-05-23T16:39:39.5666670Z,1779554379566,1
2026-05-23T16:39:39.6426760Z,1779554379642,2
2026-05-23T16:39:39.6468110Z,1779554379646,0
2026-05-23T16:39:39.6805640Z,1779554379680,1
2026-05-23T16:39:39.7146260Z,1779554379714,1
2026-05-23T16:39:39.7867000Z,1779554379786,1
