t3_recv,tq_dequeue,cmd_seq,t0,t1,action_type,action_data
1779558526256,1779558526284,1,1779558526247,1779558526247,delta,"0,0.05"
1779558526260,1779558526284,2,1779558526247,1779558526252,delta,"0,0.05"
1779558526292,1779558526317,3,1779558526247,1779558526284,delta,"0,0.05"
1779558526324,1779558526355,4,1779558526247,1779558526316,delta,"0,0.05"
1779558526356,1779558526405,5,1779558526247,1779558526348,delta,"0,0.05"
1779558526389,1779558526405,6,1779558526247,1779558526381,delta,"0,0.05"
1779558526421,1779558526438,7,1779558526247,1779558526413,delta,"0,0.05"
1779558526453,1779558526476,8,1779558526247,1779558526445,delta,"0,0.05"
1779558526485,1779558526526,9,1779558526247,1779558526477,delta,"0,0.05"
1779558526518,1779558526526,10,1779558526247,1779558526509,delta,"0,0.05"
1779558526549,1779558526559,11,1779558526247,1779558526541,delta,"0,0.05"
1779558526581,1779558526597,12,1779558526247,1779558526573,delta,"0,0.05"
1779558526613,1779558526648,13,1779558526247,1779558526605,delta,"0,0.05"
1779558526646,1779558526648,14,1779558526247,1779558526638,delta,"0,0.05"
1779558526689,1779558526718,15,1779558526247,1779558526680,delta,"0,0.05"
1779558526721,1779558526769,16,1779558526247,1779558526713,delta,"0,0.05"
1779558526760,1779558526769,17,1779558526247,1779558526752,delta,"0,0.05"
1779558526791,1779558526803,18,1779558526247,1779558526783,delta,"0,0.05"
1779558526823,1779558526841,19,1779558526247,1779558526815,delta,"0,0.05"
1779558526855,1779558526891,20,1779558526247,1779558526847,delta,"0,0.05"
1779558526888,1779558526891,21,1779558526247,1779558526879,delta,"0,0.05"
1779558526920,1779558526925,22,1779558526247,1779558526912,delta,"0,0.05"
1779558526952,1779558526963,23,1779558526247,1779558526944,delta,"0,0.05"
1779558526984,1779558527014,24,1779558526247,1779558526976,delta,"0,0.05"
1779558527017,1779558527047,25,1779558526247,1779558527008,delta,"0,0.05"
1779558527048,1779558527085,26,1779558526247,1779558527040,delta,"0,0.05"
1779558527081,1779558527085,27,1779558526247,1779558527073,delta,"0,0.05"
1779558527113,1779558527134,28,1779558526247,1779558527105,delta,"0,0.05"
1779558527145,1779558527166,29,1779558526247,1779558527137,delta,"0,0.05"
1779558527216,1779558527253,30,1779558526247,1779558527208,delta,"0,0.05"
1779558527221,1779558527253,31,1779558526247,1779558527213,delta,"0,0.05"
1779558527253,1779558527253,32,1779558526247,1779558527244,delta,"0,0.05"
1779558527293,1779558527323,33,1779558526247,1779558527285,delta,"0,0.05"
1779558527325,1779558527373,34,1779558526247,1779558527317,delta,"0,0.05"
1779558527357,1779558527373,35,1779558526247,1779558527349,delta,"0,0.05"
1779558527391,1779558527405,36,1779558526247,1779558527382,delta,"0,0.05"
1779558527422,1779558527443,37,1779558526247,1779558527414,delta,"0,0.05"
1779558527454,1779558527494,38,1779558526247,1779558527446,delta,"0,0.05"
1779558527486,1779558527494,39,1779558526247,1779558527478,delta,"0,0.05"
1779558527518,1779558527527,40,1779558526247,1779558527510,delta,"0,0.05"
1779558527551,1779558527566,41,1779558526247,1779558527543,delta,"0,0.05"
1779558527582,1779558527616,42,1779558526247,1779558527574,delta,"0,0.05"
1779558527615,1779558527616,43,1779558526247,1779558527606,delta,"0,0.05"
1779558527647,1779558527649,44,1779558526247,1779558527639,delta,"0,0.05"
1779558527719,1779558527735,45,1779558526247,1779558527711,delta,"0,0.05"
1779558527723,1779558527735,46,1779558526247,1779558527715,delta,"0,0.05"
1779558527756,1779558527768,47,1779558526247,1779558527747,delta,"0,0.05"
1779558527796,1779558527805,48,1779558526247,1779558527788,delta,"0,0.05"
1779558527827,1779558527855,49,1779558526247,1779558527819,delta,"0,0.05"
1779558527860,1779558527887,50,1779558526247,1779558527852,delta,"0,0.05"
1779558527892,1779558527924,51,1779558526247,1779558527884,delta,"0,0.05"
1779558527926,1779558527974,52,1779558526247,1779558527918,delta,"0,0.05"
1779558527991,1779558528007,53,1779558526247,1779558527983,delta,"0,0.05"
1779558528030,1779558528045,54,1779558526247,1779558528022,delta,"0,0.05"
1779558528068,1779558528095,55,1779558526247,1779558528060,delta,"0,0.05"
1779558528072,1779558528095,56,1779558526247,1779558528064,delta,"0,0.05"
1779558528105,1779558528128,57,1779558526247,1779558528097,delta,"0,0.05"
1779558528141,1779558528165,58,1779558526247,1779558528133,delta,"0,0.05"
1779558528176,1779558528215,59,1779558526247,1779558528168,delta,"0,0.05"
1779558528209,1779558528215,60,1779558526247,1779558528201,delta,"0,0.05"
1779558528250,1779558528285,61,1779558526247,1779558528242,delta,"0,0.05"
1779558528290,1779558528335,62,1779558526247,1779558528282,delta,"0,0.05"
1779558528357,1779558528368,63,1779558526247,1779558528349,delta,"0,0.05"
1779558528395,1779558528405,64,1779558526247,1779558528387,delta,"0,0.05"
1779558528433,1779558528454,65,1779558526247,1779558528425,delta,"0,0.05"
1779558528470,1779558528488,66,1779558526247,1779558528462,delta,"0,0.05"
1779558528508,1779558528525,67,1779558526247,1779558528500,delta,"0,0.05"
1779558528512,1779558528525,68,1779558526247,1779558528504,delta,"0,0.05"
1779558528545,1779558528575,69,1779558526247,1779558528537,delta,"0,0.05"
1779558528577,1779558528608,70,1779558526247,1779558528569,delta,"0,0.05"
1779558528610,1779558528646,71,1779558526247,1779558528602,delta,"0,0.05"
1779558528643,1779558528646,72,1779558526247,1779558528634,delta,"0,0.05"
1779558528675,1779558528696,73,1779558526247,1779558528667,delta,"0,0.05"
1779558528707,1779558528728,74,1779558526247,1779558528699,delta,"0,0.05"
1779558528740,1779558528766,75,1779558526247,1779558528732,delta,"0,0.05"
1779558528781,1779558528815,76,1779558526247,1779558528773,delta,"0,0.05"
1779558528812,1779558528815,77,1779558526247,1779558528804,delta,"0,0.05"
1779558528845,1779558528848,78,1779558526247,1779558528837,delta,"0,0.05"
1779558528885,1779558528886,79,1779558526247,1779558528877,delta,"0,0.05"
1779558528916,1779558528936,80,1779558526247,1779558528908,delta,"0,0.05"
1779558528948,1779558528969,81,1779558526247,1779558528939,delta,"0,0.05"
1779558528980,1779558529007,82,1779558526247,1779558528972,delta,"0,0.05"
1779558529012,1779558529056,83,1779558526247,1779558529004,delta,"0,0.05"
1779558529044,1779558529056,84,1779558526247,1779558529036,delta,"0,0.05"
1779558529076,1779558529090,85,1779558526247,1779558529068,delta,"0,0.05"
1779558529108,1779558529128,86,1779558526247,1779558529100,delta,"0,0.05"
1779558529140,1779558529177,87,1779558526247,1779558529132,delta,"0,0.05"
1779558529173,1779558529177,88,1779558526247,1779558529164,delta,"0,0.05"
1779558529205,1779558529210,89,1779558526247,1779558529196,delta,"0,0.05"
1779558529237,1779558529248,90,1779558526247,1779558529229,delta,"0,0.05"
1779558529278,1779558529298,91,1779558526247,1779558529270,delta,"0,0.05"
1779558529309,1779558529331,92,1779558526247,1779558529301,delta,"0,0.05"
1779558529349,1779558529371,93,1779558526247,1779558529340,delta,"0,0.05"
1779558529380,1779558529421,94,1779558526247,1779558529371,delta,"0,0.05"
1779558529412,1779558529421,95,1779558526247,1779558529403,delta,"0,0.05"
1779558529444,1779558529454,96,1779558526247,1779558529436,delta,"0,0.05"
1779558529476,1779558529492,97,1779558526247,1779558529468,delta,"0,0.05"
1779558529509,1779558529542,98,1779558526247,1779558529500,delta,"0,0.05"
1779558529540,1779558529542,99,1779558526247,1779558529532,delta,"0,0.05"
1779558529572,1779558529576,100,1779558526247,1779558529564,delta,"0,0.05"
1779558529604,1779558529617,101,1779558526247,1779558529596,delta,"0,0.05"
1779558529637,1779558529667,102,1779558526247,1779558529628,delta,"0,0.05"
1779558529669,1779558529701,103,1779558526247,1779558529660,delta,"0,0.05"
1779558529701,1779558529738,104,1779558526247,1779558529693,delta,"0,0.05"
1779558529775,1779558529789,105,1779558526247,1779558529766,delta,"0,0.05"
1779558529822,1779558529859,106,1779558526247,1779558529814,delta,"0,0.05"
1779558529825,1779558529859,107,1779558526247,1779558529817,delta,"0,0.05"
1779558529860,1779558529909,108,1779558526247,1779558529851,delta,"0,0.05"
1779558529892,1779558529909,109,1779558526247,1779558529884,delta,"0,0.05"
1779558529927,1779558529942,110,1779558526247,1779558529919,delta,"0,0.05"
1779558529962,1779558529980,111,1779558526247,1779558529954,delta,"0,0.05"
1779558529997,1779558530030,112,1779558526247,1779558529989,delta,"0,0.05"
1779558530034,1779558530063,113,1779558526247,1779558530026,delta,"0,0.05"
1779558530067,1779558530101,114,1779558526247,1779558530059,delta,"0,0.05"
1779558530101,1779558530150,115,1779558526247,1779558530093,delta,"0,0.05"
1779558530134,1779558530150,116,1779558526247,1779558530126,delta,"0,0.05"
1779558530168,1779558530184,117,1779558526247,1779558530159,delta,"0,0.05"
1779558530201,1779558530221,118,1779558526247,1779558530192,delta,"0,0.05"
1779558530275,1779558530305,119,1779558526247,1779558530266,delta,"0,0.05"
1779558530278,1779558530305,120,1779558526247,1779558530270,delta,"0,0.05"
1779558530311,1779558530342,121,1779558526247,1779558530303,delta,"0,0.05"
1779558530351,1779558530393,122,1779558526247,1779558530342,delta,"0,0.05"
1779558530381,1779558530393,123,1779558526247,1779558530373,delta,"0,0.05"
1779558530414,1779558530426,124,1779558526247,1779558530406,delta,"0,0.05"
1779558530447,1779558530463,125,1779558526247,1779558530439,delta,"0,0.05"
1779558530481,1779558530513,126,1779558526247,1779558530472,delta,"0,0.05"
1779558530513,1779558530547,127,1779558526247,1779558530505,delta,"0,0.05"
1779558530546,1779558530547,128,1779558526247,1779558530538,delta,"0,0.05"
1779558530579,1779558530586,129,1779558526247,1779558530570,delta,"0,0.05"
1779558530611,1779558530636,130,1779558526247,1779558530603,delta,"0,0.05"
1779558530643,1779558530669,131,1779558526247,1779558530635,delta,"0,0.05"
1779558530675,1779558530707,132,1779558526247,1779558530667,delta,"0,0.05"
1779558530707,1779558530756,133,1779558526247,1779558530699,delta,"0,0.05"
1779558530742,1779558530756,134,1779558526247,1779558530734,delta,"0,0.05"
1779558530774,1779558530791,135,1779558526247,1779558530766,delta,"0,0.05"
1779558530815,1779558530828,136,1779558526247,1779558530807,delta,"0,0.05"
1779558530888,1779558530911,137,1779558526247,1779558530879,delta,"0,0.05"
1779558530891,1779558530911,138,1779558526247,1779558530883,delta,"0,0.05"
1779558530925,1779558530948,139,1779558526247,1779558530917,delta,"0,0.05"
1779558530960,1779558530998,140,1779558526247,1779558530952,delta,"0,0.05"
1779558530994,1779558530998,141,1779558526247,1779558530986,delta,"0,0.05"
1779558531027,1779558531031,142,1779558526247,1779558531019,delta,"0,0.05"
1779558531062,1779558531069,143,1779558526247,1779558531054,delta,"0,0.05"
1779558531095,1779558531119,144,1779558526247,1779558531086,delta,"0,0.05"
1779558531130,1779558531154,145,1779558526247,1779558531121,delta,"0,0.05"
1779558531164,1779558531193,146,1779558526247,1779558531156,delta,"0,0.05"
1779558531198,1779558531244,147,1779558526247,1779558531190,delta,"0,0.05"
1779558531234,1779558531244,148,1779558526247,1779558531223,delta,"0,0.05"
1779558531309,1779558531316,149,1779558526247,1779558531301,delta,"0,0.05"
1779558531313,1779558531316,150,1779558526247,1779558531305,delta,"0,0.05"
1779558531347,1779558531366,151,1779558526247,1779558531339,delta,"0,0.05"
1779558531387,1779558531399,152,1779558526247,1779558531378,delta,"0,0.05"
1779558531417,1779558531438,153,1779558526247,1779558531409,delta,"0,0.05"
1779558531451,1779558531488,154,1779558526247,1779558531442,delta,"0,0.05"
1779558531483,1779558531489,155,1779558526247,1779558531475,delta,"0,0.05"
1779558531516,1779558531521,156,1779558526247,1779558531508,delta,"0,0.05"
1779558531550,1779558531559,157,1779558526247,1779558531541,delta,"0,0.05"
1779558531613,1779558531643,158,1779558526247,1779558531605,delta,"0,0.05"
1779558531618,1779558531644,159,1779558526247,1779558531610,delta,"0,0.05"
1779558531652,1779558531681,160,1779558526247,1779558531643,delta,"0,0.05"
1779558531693,1779558531730,161,1779558526247,1779558531685,delta,"0,0.05"
1779558531733,1779558531764,162,1779558526247,1779558531725,delta,"0,0.05"
1779558531781,1779558531802,163,1779558526247,1779558531773,delta,"0,0.05"
1779558531831,1779558531852,164,1779558526247,1779558531823,delta,"0,0.05"
1779558531873,1779558531885,165,1779558526247,1779558531865,delta,"0,0.05"
1779558531909,1779558531923,166,1779558526247,1779558531901,delta,"0,0.05"
1779558531944,1779558531973,167,1779558526247,1779558531935,delta,"0,0.05"
1779558531974,1779558532005,168,1779558526247,1779558531966,delta,"0,0.05"
1779558532006,1779558532043,169,1779558526247,1779558531998,delta,"0,0.05"
1779558532039,1779558532043,170,1779558526247,1779558532031,delta,"0,0.05"
1779558532077,1779558532094,171,1779558526247,1779558532068,delta,"0,0.05"
1779558532122,1779558532127,172,1779558526247,1779558532114,delta,"0,0.05"
1779558532167,1779558532216,173,1779558526247,1779558532159,delta,"0,0.05"
1779558532222,1779558532249,174,1779558526247,1779558532214,delta,"0,0.05"
1779558532259,1779558532286,175,1779558526247,1779558532251,delta,"0,0.05"
1779558532298,1779558532336,176,1779558526247,1779558532290,delta,"0,0.05"
1779558532340,1779558532369,177,1779558526247,1779558532332,delta,"0,0.05"
1779558532373,1779558532406,178,1779558526247,1779558532365,delta,"0,0.05"
1779558532413,1779558532457,179,1779558526247,1779558532405,delta,"0,0.05"
1779558532450,1779558532457,180,1779558526247,1779558532442,delta,"0,0.05"
1779558532489,1779558532490,181,1779558526247,1779558532481,delta,"0,0.05"
1779558532529,1779558532529,182,1779558526247,1779558532520,delta,"0,0.05"
1779558532566,1779558532579,183,1779558526247,1779558532558,delta,"0,0.05"
1779558532600,1779558532613,184,1779558526247,1779558532591,delta,"0,0.05"
1779558532633,1779558532650,185,1779558526247,1779558532625,delta,"0,0.05"
1779558532667,1779558532701,186,1779558526247,1779558532658,delta,"0,0.05"
1779558532700,1779558532701,187,1779558526247,1779558532692,delta,"0,0.05"
1779558532734,1779558532771,188,1779558526247,1779558532726,delta,"0,0.05"
1779558532768,1779558532771,189,1779558526247,1779558532760,delta,"0,0.05"
1779558532801,1779558532820,190,1779558526247,1779558532793,delta,"0,0.05"
1779558532841,1779558532854,191,1779558526247,1779558532833,delta,"0,0.05"
1779558532874,1779558532892,192,1779558526247,1779558532866,delta,"0,0.05"
1779558532907,1779558532942,193,1779558526247,1779558532899,delta,"0,0.05"
1779558532947,1779558532975,194,1779558526247,1779558532939,delta,"0,0.05"
1779558532979,1779558533012,195,1779558526247,1779558532971,delta,"0,0.05"
1779558533011,1779558533012,196,1779558526247,1779558533003,delta,"0,0.05"
1779558533044,1779558533062,197,1779558526247,1779558533036,delta,"0,0.05"
1779558533076,1779558533095,198,1779558526247,1779558533067,delta,"0,0.05"
1779558533108,1779558533134,199,1779558526247,1779558533100,delta,"0,0.05"
1779558533140,1779558533185,200,1779558526247,1779558533132,delta,"0,0.05"
1779558533172,1779558533185,201,1779558526247,1779558533164,delta,"0,0.05"
1779558533204,1779558533219,202,1779558526247,1779558533196,delta,"0,0.05"
1779558533236,1779558533256,203,1779558526247,1779558533228,delta,"0,0.05"
1779558533268,1779558533305,204,1779558526247,1779558533260,delta,"0,0.05"
1779558533300,1779558533305,205,1779558526247,1779558533292,delta,"0,0.05"
1779558533334,1779558533338,206,1779558526247,1779558533325,delta,"0,0.05"
1779558533375,1779558533376,207,1779558526247,1779558533367,delta,"0,0.05"
1779558533405,1779558533427,208,1779558526247,1779558533397,delta,"0,0.05"
1779558533438,1779558533460,209,1779558526247,1779558533430,delta,"0,0.05"
1779558533479,1779558533498,210,1779558526247,1779558533471,delta,"0,0.05"
1779558533510,1779558533547,211,1779558526247,1779558533502,delta,"0,0.05"
1779558533543,1779558533547,212,1779558526247,1779558533534,delta,"0,0.05"
1779558533575,1779558533581,213,1779558526247,1779558533567,delta,"0,0.05"
1779558533607,1779558533620,214,1779558526247,1779558533599,delta,"0,0.05"
1779558533639,1779558533670,215,1779558526247,1779558533631,delta,"0,0.05"
1779558533672,1779558533704,216,1779558526247,1779558533664,delta,"0,0.05"
1779558533710,1779558533741,217,1779558526247,1779558533702,delta,"0,0.05"
1779558533743,1779558533791,218,1779558526247,1779558533735,delta,"0,0.05"
1779558533777,1779558533791,219,1779558526247,1779558533769,delta,"0,0.05"
1779558533811,1779558533824,220,1779558526247,1779558533803,delta,"0,0.05"
1779558533844,1779558533861,221,1779558526247,1779558533836,delta,"0,0.05"
1779558533885,1779558533912,222,1779558526247,1779558533877,delta,"0,0.05"
1779558533917,1779558533946,223,1779558526247,1779558533909,delta,"0,0.05"
1779558533951,1779558533984,224,1779558526247,1779558533942,delta,"0,0.05"
1779558533992,1779558534034,225,1779558526247,1779558533983,delta,"0,0.05"
1779558534023,1779558534034,226,1779558526247,1779558534014,delta,"0,0.05"
1779558534086,1779558534107,227,1779558526247,1779558534078,delta,"0,0.05"
1779558534090,1779558534107,228,1779558526247,1779558534082,delta,"0,0.05"
1779558534123,1779558534159,229,1779558526247,1779558534115,delta,"0,0.05"
1779558534155,1779558534159,230,1779558526247,1779558534147,delta,"0,0.05"
1779558534188,1779558534194,231,1779558526247,1779558534180,delta,"0,0.05"
1779558534221,1779558534232,232,1779558526247,1779558534213,delta,"0,0.05"
1779558534255,1779558534284,233,1779558526247,1779558534247,delta,"0,0.05"
1779558534288,1779558534320,234,1779558526247,1779558534280,delta,"0,0.05"
1779558534322,1779558534357,235,1779558526247,1779558534313,delta,"0,0.05"
1779558534394,1779558534407,236,1779558526247,1779558534386,delta,"0,0.05"
1779558534398,1779558534407,237,1779558526247,1779558534390,delta,"0,0.05"
1779558534432,1779558534441,238,1779558526247,1779558534424,delta,"0,0.05"
1779558534473,1779558534479,239,1779558526247,1779558534464,delta,"0,0.05"
1779558534535,1779558534562,240,1779558526247,1779558534527,delta,"0,0.05"
1779558534539,1779558534562,241,1779558526247,1779558534531,delta,"0,0.05"
1779558534603,1779558534651,242,1779558526247,1779558534595,delta,"0,0.05"
1779558534607,1779558534651,243,1779558526247,1779558534599,delta,"0,0.05"
1779558534643,1779558534651,244,1779558526247,1779558534635,delta,"0,0.05"
1779558534682,1779558534684,245,1779558526247,1779558534673,delta,"0,0.05"
1779558534715,1779558534721,246,1779558526247,1779558534707,delta,"0,0.05"
1779558534748,1779558534771,247,1779558526247,1779558534740,delta,"0,0.05"
1779558534782,1779558534804,248,1779558526247,1779558534774,delta,"0,0.05"
1779558534815,1779558534842,249,1779558526247,1779558534807,delta,"0,0.05"
1779558534848,1779558534892,250,1779558526247,1779558534840,delta,"0,0.05"
1779558534889,1779558534892,251,1779558526247,1779558534881,delta,"0,0.05"
1779558534962,1779558534963,252,1779558526247,1779558534953,delta,"0,0.05"
1779558534965,1779558535013,253,1779558526247,1779558534957,delta,"0,0.05"
1779558534998,1779558535013,254,1779558526247,1779558534990,delta,"0,0.05"
1779558535032,1779558535047,255,1779558526247,1779558535023,delta,"0,0.05"
1779558535064,1779558535085,256,1779558526247,1779558535056,delta,"0,0.05"
1779558535096,1779558535135,257,1779558526247,1779558535088,delta,"0,0.05"
1779558535128,1779558535135,258,1779558526247,1779558535120,delta,"0,0.05"
1779558535160,1779558535171,259,1779558526247,1779558535152,delta,"0,0.05"
1779558535192,1779558535211,260,1779558526247,1779558535184,delta,"0,0.05"
1779558535224,1779558535260,261,1779558526247,1779558535216,delta,"0,0.05"
1779558535256,1779558535260,262,1779558526247,1779558535248,delta,"0,0.05"
1779558535289,1779558535293,263,1779558526247,1779558535281,delta,"0,0.05"
1779558535321,1779558535331,264,1779558526247,1779558535313,delta,"0,0.05"
1779558535354,1779558535381,265,1779558526247,1779558535346,delta,"0,0.05"
1779558535387,1779558535415,266,1779558526247,1779558535379,delta,"0,0.05"
1779558535428,1779558535453,267,1779558526247,1779558535420,delta,"0,0.05"
1779558535459,1779558535503,268,1779558526247,1779558535451,delta,"0,0.05"
1779558535500,1779558535503,269,1779558526247,1779558535492,delta,"0,0.05"
1779558535532,1779558535536,270,1779558526247,1779558535524,delta,"0,0.05"
1779558535564,1779558535574,271,1779558526247,1779558535556,delta,"0,0.05"
1779558535596,1779558535623,272,1779558526247,1779558535588,delta,"0,0.05"
1779558535629,1779558535657,273,1779558526247,1779558535621,delta,"0,0.05"
1779558535662,1779558535696,274,1779558526247,1779558535652,delta,"0,0.05"
1779558535693,1779558535696,275,1779558526247,1779558535684,delta,"0,0.05"
1779558535725,1779558535746,276,1779558526247,1779558535717,delta,"0,0.05"
1779558535757,1779558535779,277,1779558526247,1779558535749,delta,"0,0.05"
1779558535789,1779558535818,278,1779558526247,1779558535781,delta,"0,0.05"
1779558535821,1779558535867,279,1779558526247,1779558535813,delta,"0,0.05"
1779558535853,1779558535867,280,1779558526247,1779558535845,delta,"0,0.05"
1779558535887,1779558535900,281,1779558526247,1779558535879,delta,"0,0.05"
1779558535927,1779558535938,282,1779558526247,1779558535919,delta,"0,0.05"
1779558535959,1779558535993,283,1779558526247,1779558535951,delta,"0,0.05"
1779558535999,1779558536026,284,1779558526247,1779558535991,delta,"0,0.05"
1779558536032,1779558536064,285,1779558526247,1779558536024,delta,"0,0.05"
1779558536095,1779558536114,286,1779558526247,1779558536087,delta,"0,0.05"
1779558536099,1779558536114,287,1779558526247,1779558536091,delta,"0,0.05"
1779558536133,1779558536146,288,1779558526247,1779558536124,delta,"0,0.05"
1779558536165,1779558536184,289,1779558526247,1779558536157,delta,"0,0.05"
1779558536228,1779558536234,290,1779558526247,1779558536220,delta,"0,0.05"
1779558536233,1779558536234,291,1779558526247,1779558536225,delta,"0,0.05"
1779558536268,1779558536305,292,1779558526247,1779558536260,delta,"0,0.05"
1779558536334,1779558536356,293,1779558526247,1779558536326,delta,"0,0.05"
1779558536338,1779558536356,294,1779558526247,1779558536330,delta,"0,0.05"
1779558536373,1779558536389,295,1779558526247,1779558536365,delta,"0,0.05"
1779558536406,1779558536427,296,1779558526247,1779558536398,delta,"0,0.05"
1779558536447,1779558536477,297,1779558526247,1779558536439,delta,"0,0.05"
1779558536477,1779558536514,298,1779558526247,1779558536469,delta,"0,0.05"
1779558536511,1779558536514,299,1779558526247,1779558536503,delta,"0,0.05"
1779558536552,1779558536602,300,1779558526247,1779558536544,delta,"0,0.05"
1779558536583,1779558536602,301,1779558526247,1779558536575,delta,"0,0.05"
1779558536616,1779558536635,302,1779558526247,1779558536608,delta,"0,0.05"
1779558536648,1779558536674,303,1779558526247,1779558536639,delta,"0,0.05"
1779558536680,1779558536724,304,1779558526247,1779558536672,delta,"0,0.05"
1779558536712,1779558536724,305,1779558526247,1779558536704,delta,"0,0.05"
1779558536744,1779558536758,306,1779558526247,1779558536736,delta,"0,0.05"
1779558536776,1779558536798,307,1779558526247,1779558536768,delta,"0,0.05"
1779558536809,1779558536848,308,1779558526247,1779558536801,delta,"0,0.05"
1779558536841,1779558536848,309,1779558526247,1779558536833,delta,"0,0.05"
1779558536875,1779558536880,310,1779558526247,1779558536866,delta,"0,0.05"
1779558536908,1779558536918,311,1779558526247,1779558536899,delta,"0,0.05"
1779558536948,1779558536968,312,1779558526247,1779558536940,delta,"0,0.05"
1779558536979,1779558537001,313,1779558526247,1779558536971,delta,"0,0.05"
1779558537011,1779558537039,314,1779558526247,1779558537003,delta,"0,0.05"
1779558537043,1779558537088,315,1779558526247,1779558537035,delta,"0,0.05"
1779558537077,1779558537088,316,1779558526247,1779558537069,delta,"0,0.05"
1779558537109,1779558537121,317,1779558526247,1779558537101,delta,"0,0.05"
1779558537141,1779558537159,318,1779558526247,1779558537133,delta,"0,0.05"
1779558537173,1779558537209,319,1779558526247,1779558537165,delta,"0,0.05"
1779558537206,1779558537209,320,1779558526247,1779558537198,delta,"0,0.05"
1779558537238,1779558537243,321,1779558526247,1779558537229,delta,"0,0.05"
1779558537270,1779558537281,322,1779558526247,1779558537262,delta,"0,0.05"
1779558537303,1779558537330,323,1779558526247,1779558537295,delta,"0,0.05"
1779558537335,1779558537364,324,1779558526247,1779558537327,delta,"0,0.05"
1779558537367,1779558537402,325,1779558526247,1779558537359,delta,"0,0.05"
1779558537431,1779558537452,326,1779558526247,1779558537423,delta,"0,0.05"
1779558537435,1779558537453,327,1779558526247,1779558537427,delta,"0,0.05"
1779558537468,1779558537485,328,1779558526247,1779558537460,delta,"0,0.05"
1779558537509,1779558537523,329,1779558526247,1779558537501,delta,"0,0.05"
1779558537578,1779558537606,330,1779558526247,1779558537570,delta,"0,0.05"
1779558537584,1779558537606,331,1779558526247,1779558537575,delta,"0,0.05"
1779558537620,1779558537643,332,1779558526247,1779558537612,delta,"0,0.05"
1779558537656,1779558537693,333,1779558526247,1779558537647,delta,"0,0.05"
1779558537688,1779558537693,334,1779558526247,1779558537679,delta,"0,0.05"
1779558537720,1779558537729,335,1779558526247,1779558537712,delta,"0,0.05"
1779558537752,1779558537768,336,1779558526247,1779558537744,delta,"0,0.05"
1779558537784,1779558537819,337,1779558526247,1779558537776,delta,"0,0.05"
1779558537816,1779558537819,338,1779558526247,1779558537808,delta,"0,0.05"
1779558537849,1779558537852,339,1779558526247,1779558537841,delta,"0,0.05"
1779558537880,1779558537890,340,1779558526247,1779558537872,delta,"0,0.05"
1779558537914,1779558537940,341,1779558526247,1779558537906,delta,"0,0.05"
1779558537946,1779558537973,342,1779558526247,1779558537938,delta,"0,0.05"
1779558537987,1779558538011,343,1779558526247,1779558537979,delta,"0,0.05"
1779558538018,1779558538061,344,1779558526247,1779558538009,delta,"0,0.05"
1779558538058,1779558538061,345,1779558526247,1779558538050,delta,"0,0.05"
1779558538090,1779558538094,346,1779558526247,1779558538081,delta,"0,0.05"
1779558538122,1779558538132,347,1779558526247,1779558538113,delta,"0,0.05"
1779558538154,1779558538182,348,1779558526247,1779558538146,delta,"0,0.05"
1779558538186,1779558538214,349,1779558526247,1779558538178,delta,"0,0.05"
1779558538218,1779558538252,350,1779558526247,1779558538210,delta,"0,0.05"
1779558538251,1779558538252,351,1779558526247,1779558538242,delta,"0,0.05"
1779558538282,1779558538302,352,1779558526247,1779558538274,delta,"0,0.05"
1779558538317,1779558538335,353,1779558526247,1779558538309,delta,"0,0.05"
1779558538350,1779558538372,354,1779558526247,1779558538342,delta,"0,0.05"
1779558538382,1779558538422,355,1779558526247,1779558538374,delta,"0,0.05"
1779558538446,1779558538456,356,1779558526247,1779558538437,delta,"0,0.05"
1779558538449,1779558538456,357,1779558526247,1779558538441,delta,"0,0.05"
1779558538522,1779558538544,358,1779558526247,1779558538514,delta,"0,0.05"
1779558538526,1779558538544,359,1779558526247,1779558538518,delta,"0,0.05"
1779558538560,1779558538577,360,1779558526247,1779558538552,delta,"0,0.05"
1779558538600,1779558538615,361,1779558526247,1779558538592,delta,"0,0.05"
1779558538662,1779558538665,362,1779558526247,1779558538653,delta,"0,0.05"
1779558538665,1779558538697,363,1779558526247,1779558538657,delta,"0,0.05"
1779558538698,1779558538736,364,1779558526247,1779558538689,delta,"0,0.05"
1779558538730,1779558538736,365,1779558526247,1779558538722,delta,"0,0.05"
1779558538763,1779558538786,366,1779558526247,1779558538754,delta,"0,0.05"
1779558538795,1779558538819,367,1779558526247,1779558538787,delta,"0,0.05"
1779558538828,1779558538857,368,1779558526247,1779558538820,delta,"0,0.05"
1779558538900,1779558538907,369,1779558526247,1779558538892,delta,"0,0.05"
1779558538913,1779558538943,370,1779558526247,1779558538905,delta,"0,0.05"
1779558538945,1779558538980,371,1779558526247,1779558538937,delta,"0,0.05"
1779558538987,1779558539031,372,1779558526247,1779558538979,delta,"0,0.05"
1779558539019,1779558539031,373,1779558526247,1779558539010,delta,"0,0.05"
1779558539059,1779558539066,374,1779558526247,1779558539051,delta,"0,0.05"
1779558539122,1779558539153,375,1779558526247,1779558539113,delta,"0,0.05"
1779558539125,1779558539153,376,1779558526247,1779558539117,delta,"0,0.05"
1779558539161,1779558539186,377,1779558526247,1779558539153,delta,"0,0.05"
1779558539226,1779558539274,378,1779558526247,1779558539218,delta,"0,0.05"
1779558539230,1779558539274,379,1779558526247,1779558539222,delta,"0,0.05"
1779558539267,1779558539274,380,1779558526247,1779558539259,delta,"0,0.05"
1779558539301,1779558539308,381,1779558526247,1779558539293,delta,"0,0.05"
1779558539338,1779558539346,382,1779558526247,1779558539330,delta,"0,0.05"
1779558539370,1779558539395,383,1779558526247,1779558539362,delta,"0,0.05"
1779558539404,1779558539429,384,1779558526247,1779558539396,delta,"0,0.05"
1779558539443,1779558539467,385,1779558526247,1779558539435,delta,"0,0.05"
1779558539505,1779558539517,386,1779558526247,1779558539497,delta,"0,0.05"
1779558539513,1779558539517,387,1779558526247,1779558539505,delta,"0,0.05"
1779558539587,1779558539589,388,1779558526247,1779558539579,delta,"0,0.05"
1779558539590,1779558539638,389,1779558526247,1779558539582,delta,"0,0.05"
1779558539626,1779558539639,390,1779558526247,1779558539618,delta,"0,0.05"
1779558539658,1779558539672,391,1779558526247,1779558539650,delta,"0,0.05"
1779558539692,1779558539710,392,1779558526247,1779558539683,delta,"0,0.05"
1779558539723,1779558539760,393,1779558526247,1779558539715,delta,"0,0.05"
1779558539756,1779558539760,394,1779558526247,1779558539747,delta,"0,0.05"
1779558539787,1779558539793,395,1779558526247,1779558539779,delta,"0,0.05"
1779558539820,1779558539830,396,1779558526247,1779558539811,delta,"0,0.05"
1779558539851,1779558539880,397,1779558526247,1779558539843,delta,"0,0.05"
1779558539885,1779558539913,398,1779558526247,1779558539877,delta,"0,0.05"
1779558539922,1779558539950,399,1779558526247,1779558539914,delta,"0,0.05"
1779558539953,1779558540000,400,1779558526247,1779558539945,delta,"0,0.05"
1779558539987,1779558540000,401,1779558526247,1779558539979,delta,"0,0.05"
1779558540032,1779558540034,402,1779558526247,1779558540024,delta,"0,0.05"
1779558540101,1779558540121,403,1779558526247,1779558540093,delta,"0,0.05"
1779558540139,1779558540155,404,1779558526247,1779558540131,delta,"0,0.05"
1779558540178,1779558540194,405,1779558526247,1779558540170,delta,"0,0.05"
1779558540181,1779558540194,406,1779558526247,1779558540173,delta,"0,0.05"
1779558540216,1779558540244,407,1779558526247,1779558540208,delta,"0,0.05"
1779558540252,1779558540279,408,1779558526247,1779558540243,delta,"0,0.05"
1779558540286,1779558540318,409,1779558526247,1779558540277,delta,"0,0.05"
1779558540320,1779558540368,410,1779558526247,1779558540312,delta,"0,0.05"
1779558540354,1779558540368,411,1779558526247,1779558540346,delta,"0,0.05"
1779558540388,1779558540402,412,1779558526247,1779558540379,delta,"0,0.05"
1779558540423,1779558540441,413,1779558526247,1779558540415,delta,"0,0.05"
1779558540459,1779558540491,414,1779558526247,1779558540451,delta,"0,0.05"
1779558540493,1779558540525,415,1779558526247,1779558540485,delta,"0,0.05"
1779558540534,1779558540562,416,1779558526247,1779558540525,delta,"0,0.05"
1779558540567,1779558540612,417,1779558526247,1779558540558,delta,"0,0.05"
1779558540600,1779558540612,418,1779558526247,1779558540592,delta,"0,0.05"
1779558540640,1779558540645,419,1779558526247,1779558540632,delta,"0,0.05"
1779558540674,1779558540682,420,1779558526247,1779558540666,delta,"0,0.05"
1779558540707,1779558540732,421,1779558526247,1779558540699,delta,"0,0.05"
1779558540742,1779558540766,422,1779558526247,1779558540733,delta,"0,0.05"
1779558540775,1779558540805,423,1779558526247,1779558540767,delta,"0,0.05"
1779558540809,1779558540855,424,1779558526247,1779558540801,delta,"0,0.05"
1779558540843,1779558540855,425,1779558526247,1779558540835,delta,"0,0.05"
1779558540877,1779558540888,426,1779558526247,1779558540869,delta,"0,0.05"
1779558540910,1779558540926,427,1779558526247,1779558540902,delta,"0,0.05"
1779558540944,1779558540976,428,1779558526247,1779558540936,delta,"0,0.05"
1779558540978,1779558541009,429,1779558526247,1779558540970,delta,"0,0.05"
1779558541011,1779558541014,430,1779558526247,1779558541003,delta,"0,0.05"
1779558541053,1779558541097,431,1779558526247,1779558541045,delta,"0,0.05"
1779558541119,1779558541130,432,1779558526247,1779558541110,delta,"0,0.05"
1779558541126,1779558541130,433,1779558526247,1779558541118,delta,"0,0.05"
1779558541192,1779558541219,434,1779558526247,1779558541184,delta,"0,0.05"
1779558541196,1779558541219,435,1779558526247,1779558541188,delta,"0,0.05"
1779558541237,1779558541253,436,1779558526247,1779558541228,delta,"0,0.05"
1779558541301,1779558541341,437,1779558526247,1779558541293,delta,"0,0.05"
1779558541308,1779558541341,438,1779558526247,1779558541300,delta,"0,0.05"
1779558541376,1779558541412,439,1779558526247,1779558541368,delta,"0,0.05"
1779558541380,1779558541412,440,1779558526247,1779558541372,delta,"0,0.05"
1779558541445,1779558541461,441,1779558526247,1779558541436,delta,"0,0.05"
1779558541450,1779558541461,442,1779558526247,1779558541442,delta,"0,0.05"
1779558541516,1779558541534,443,1779558526247,1779558541508,delta,"0,0.05"
1779558541561,1779558541584,444,1779558526247,1779558541553,delta,"0,0.05"
1779558541565,1779558541584,445,1779558526247,1779558541557,delta,"0,0.05"
1779558541609,1779558541617,446,1779558526247,1779558541601,delta,"0,0.05"
1779558541648,1779558541655,447,1779558526247,1779558541640,delta,"0,0.05"
1779558541691,1779558541705,448,1779558526247,1779558541683,delta,"0,0.05"
1779558541730,1779558541740,449,1779558526247,1779558541722,delta,"0,0.05"
1779558541771,1779558541778,450,1779558526247,1779558541763,delta,"0,0.05"
1779558541811,1779558541828,451,1779558526247,1779558541803,delta,"0,0.05"
1779558541847,1779558541862,452,1779558526247,1779558541838,delta,"0,0.05"
1779558541881,1779558541900,453,1779558526247,1779558541872,delta,"0,0.05"
1779558541917,1779558541950,454,1779558526247,1779558541909,delta,"0,0.05"
1779558541950,1779558541950,455,1779558526247,1779558541942,delta,"0,0.05"
1779558541985,1779558542020,456,1779558526247,1779558541977,delta,"0,0.05"
1779558542022,1779558542070,457,1779558526247,1779558542014,delta,"0,0.05"
1779558542053,1779558542070,458,1779558526247,1779558542044,delta,"0,0.05"
1779558542096,1779558542103,459,1779558526247,1779558542088,delta,"0,0.05"
1779558542139,1779558542141,460,1779558526247,1779558542131,delta,"0,0.05"
1779558542169,1779558542190,461,1779558526247,1779558542161,delta,"0,0.05"
1779558542210,1779558542223,462,1779558526247,1779558542201,delta,"0,0.05"
1779558542248,1779558542261,463,1779558526247,1779558542240,delta,"0,0.05"
1779558542284,1779558542312,464,1779558526247,1779558542275,delta,"0,0.05"
1779558542322,1779558542346,465,1779558526247,1779558542314,delta,"0,0.05"
1779558542361,1779558542384,466,1779558526247,1779558542353,delta,"0,0.05"
1779558542390,1779558542433,467,1779558526247,1779558542382,delta,"0,0.05"
1779558542423,1779558542433,468,1779558526247,1779558542415,delta,"0,0.05"
1779558542459,1779558542467,469,1779558526247,1779558542451,delta,"0,0.05"
1779558542492,1779558542504,470,1779558526247,1779558542483,delta,"0,0.05"
1779558542524,1779558542555,471,1779558526247,1779558542516,delta,"0,0.05"
1779558542601,1779558542627,472,1779558526247,1779558542593,delta,"0,0.05"
1779558542621,1779558542627,473,1779558526247,1779558542613,delta,"0,0.05"
1779558542659,1779558542677,474,1779558526247,1779558542650,delta,"0,0.05"
1779558542721,1779558542756,475,1779558526247,1779558542713,delta,"0,0.05"
1779558542724,1779558542756,476,1779558526247,1779558542716,delta,"0,0.05"
1779558542788,1779558542805,477,1779558526247,1779558542779,delta,"0,0.05"
1779558542791,1779558542806,478,1779558526247,1779558542783,delta,"0,0.05"
1779558542825,1779558542844,479,1779558526247,1779558542817,delta,"0,0.05"
1779558542858,1779558542882,480,1779558526247,1779558542850,delta,"0,0.05"
1779558542892,1779558542933,481,1779558526247,1779558542884,delta,"0,0.05"
1779558542925,1779558542933,482,1779558526247,1779558542917,delta,"0,0.05"
1779558542957,1779558542968,483,1779558526247,1779558542949,delta,"0,0.05"
1779558542992,1779558543006,484,1779558526247,1779558542983,delta,"0,0.05"
1779558543031,1779558543056,485,1779558526247,1779558543023,delta,"0,0.05"
1779558543059,1779558543088,486,1779558526247,1779558543051,delta,"0,0.05"
1779558543100,1779558543126,487,1779558526247,1779558543092,delta,"0,0.05"
1779558543135,1779558543176,488,1779558526247,1779558543127,delta,"0,0.05"
1779558543167,1779558543176,489,1779558526247,1779558543159,delta,"0,0.05"
1779558543207,1779558543209,490,1779558526247,1779558543199,delta,"0,0.05"
1779558543238,1779558543246,491,1779558526247,1779558543230,delta,"0,0.05"
1779558543274,1779558543295,492,1779558526247,1779558543266,delta,"0,0.05"
1779558543307,1779558543328,493,1779558526247,1779558543299,delta,"0,0.05"
1779558543344,1779558543367,494,1779558526247,1779558543336,delta,"0,0.05"
1779558543374,1779558543418,495,1779558526247,1779558543366,delta,"0,0.05"
1779558543407,1779558543418,496,1779558526247,1779558543399,delta,"0,0.05"
1779558543441,1779558543451,497,1779558526247,1779558543433,delta,"0,0.05"
1779558543480,1779558543489,498,1779558526247,1779558543472,delta,"0,0.05"
1779558543507,1779558543538,499,1779558526247,1779558543499,delta,"0,0.05"
1779558543542,1779558543571,500,1779558526247,1779558543534,delta,"0,0.05"
1779558543614,1779558543659,501,1779558526247,1779558543606,delta,"0,0.05"
1779558543619,1779558543659,502,1779558526247,1779558543611,delta,"0,0.05"
1779558543653,1779558543659,503,1779558526247,1779558543645,delta,"0,0.05"
1779558543724,1779558543729,504,1779558526247,1779558543716,delta,"0,0.05"
1779558543730,1779558543779,505,1779558526247,1779558543722,delta,"0,0.05"
1779558543763,1779558543779,506,1779558526247,1779558543755,delta,"0,0.05"
1779558543798,1779558543813,507,1779558526247,1779558543789,delta,"0,0.05"
1779558543831,1779558543850,508,1779558526247,1779558543823,delta,"0,0.05"
1779558543864,1779558543900,509,1779558526247,1779558543856,delta,"0,0.05"
1779558543898,1779558543900,510,1779558526247,1779558543889,delta,"0,0.05"
1779558543932,1779558543934,511,1779558526247,1779558543923,delta,"0,0.05"
1779558543965,1779558543971,512,1779558526247,1779558543957,delta,"0,0.05"
1779558544005,1779558544021,513,1779558526247,1779558543997,delta,"0,0.05"
1779558544032,1779558544053,514,1779558526247,1779558544024,delta,"0,0.05"
1779558544066,1779558544091,515,1779558526247,1779558544058,delta,"0,0.05"
1779558544138,1779558544141,516,1779558526247,1779558544130,delta,"0,0.05"
1779558544146,1779558544174,517,1779558526247,1779558544137,delta,"0,0.05"
1779558544179,1779558544212,518,1779558526247,1779558544171,delta,"0,0.05"
1779558544232,1779558544261,519,1779558526247,1779558544224,delta,"0,0.05"
1779558544254,1779558544261,520,1779558526247,1779558544246,delta,"0,0.05"
1779558544290,1779558544294,521,1779558526247,1779558544282,delta,"0,0.05"
1779558544323,1779558544332,522,1779558526247,1779558544315,delta,"0,0.05"
1779558544357,1779558544382,523,1779558526247,1779558544349,delta,"0,0.05"
1779558544390,1779558544415,524,1779558526247,1779558544382,delta,"0,0.05"
1779558544430,1779558544452,525,1779558526247,1779558544422,delta,"0,0.05"
1779558544457,1779558544502,526,1779558526247,1779558544449,delta,"0,0.05"
1779558544492,1779558544502,527,1779558526247,1779558544484,delta,"0,0.05"
1779558544527,1779558544534,528,1779558526247,1779558544519,delta,"0,0.05"
1779558544559,1779558544572,529,1779558526247,1779558544551,delta,"0,0.05"
1779558544593,1779558544622,530,1779558526247,1779558544584,delta,"0,0.05"
1779558544634,1779558544655,531,1779558526247,1779558544625,delta,"0,0.05"
1779558544665,1779558544693,532,1779558526247,1779558544657,delta,"0,0.05"
1779558544698,1779558544742,533,1779558526247,1779558544689,delta,"0,0.05"
1779558544771,1779558544775,534,1779558526247,1779558544763,delta,"0,0.05"
1779558544775,1779558544775,535,1779558526247,1779558544766,delta,"0,0.05"
1779558544809,1779558544813,536,1779558526247,1779558544801,delta,"0,0.05"
1779558544847,1779558544863,537,1779558526247,1779558544839,delta,"0,0.05"
1779558544875,1779558544896,538,1779558526247,1779558544867,delta,"0,0.05"
1779558544908,1779558544934,539,1779558526247,1779558544899,delta,"0,0.05"
1779558544941,1779558544984,540,1779558526247,1779558544933,delta,"0,0.05"
1779558544977,1779558544984,541,1779558526247,1779558544968,delta,"0,0.05"
1779558545008,1779558545018,542,1779558526247,1779558545000,delta,"0,0.05"
1779558545042,1779558545055,543,1779558526247,1779558545033,delta,"0,0.05"
1779558545077,1779558545106,544,1779558526247,1779558545069,delta,"0,0.05"
1779558545108,1779558545139,545,1779558526247,1779558545100,delta,"0,0.05"
1779558545149,1779558545177,546,1779558526247,1779558545141,delta,"0,0.05"
1779558545182,1779558545228,547,1779558526247,1779558545174,delta,"0,0.05"
1779558545222,1779558545228,548,1779558526247,1779558545214,delta,"0,0.05"
1779558545255,1779558545261,549,1779558526247,1779558545247,delta,"0,0.05"
1779558545293,1779558545298,550,1779558526247,1779558545285,delta,"0,0.05"
1779558545323,1779558545348,551,1779558526247,1779558545314,delta,"0,0.05"
1779558545355,1779558545381,552,1779558526247,1779558545347,delta,"0,0.05"
1779558545393,1779558545419,553,1779558526247,1779558545385,delta,"0,0.05"
1779558545422,1779558545469,554,1779558526247,1779558545414,delta,"0,0.05"
1779558545456,1779558545469,555,1779558526247,1779558545448,delta,"0,0.05"
1779558545492,1779558545503,556,1779558526247,1779558545483,delta,"0,0.05"
1779558545523,1779558545542,557,1779558526247,1779558545515,delta,"0,0.05"
1779558545556,1779558545593,558,1779558526247,1779558545548,delta,"0,0.05"
1779558545592,1779558545593,559,1779558526247,1779558545584,delta,"0,0.05"
1779558545623,1779558545626,560,1779558526247,1779558545615,delta,"0,0.05"
1779558545663,1779558545664,561,1779558526247,1779558545655,delta,"0,0.05"
1779558545698,1779558545714,562,1779558526247,1779558545689,delta,"0,0.05"
1779558545729,1779558545747,563,1779558526247,1779558545721,delta,"0,0.05"
1779558545768,1779558545784,564,1779558526247,1779558545760,delta,"0,0.05"
1779558545801,1779558545834,565,1779558526247,1779558545793,delta,"0,0.05"
1779558545834,1779558545834,566,1779558526247,1779558545826,delta,"0,0.05"
1779558545868,1779558545905,567,1779558526247,1779558545859,delta,"0,0.05"
1779558545902,1779558545905,568,1779558526247,1779558545893,delta,"0,0.05"
1779558545934,1779558545955,569,1779558526247,1779558545926,delta,"0,0.05"
1779558545967,1779558545989,570,1779558526247,1779558545959,delta,"0,0.05"
1779558546001,1779558546026,571,1779558526247,1779558545993,delta,"0,0.05"
1779558546039,1779558546076,572,1779558526247,1779558546031,delta,"0,0.05"
1779558546067,1779558546076,573,1779558526247,1779558546058,delta,"0,0.05"
1779558546100,1779558546109,574,1779558526247,1779558546092,delta,"0,0.05"
1779558546173,1779558546196,575,1779558526247,1779558546164,delta,"0,0.05"
1779558546219,1779558546230,576,1779558526247,1779558546211,delta,"0,0.05"
1779558546257,1779558546268,577,1779558526247,1779558546249,delta,"0,0.05"
1779558546261,1779558546268,578,1779558526247,1779558546252,delta,"0,0.05"
1779558546293,1779558546317,579,1779558526247,1779558546285,delta,"0,0.05"
1779558546326,1779558546351,580,1779558526247,1779558546318,delta,"0,0.05"
1779558546360,1779558546389,581,1779558526247,1779558546351,delta,"0,0.05"
1779558546392,1779558546440,582,1779558526247,1779558546384,delta,"0,0.05"
1779558546426,1779558546440,583,1779558526247,1779558546417,delta,"0,0.05"
1779558546459,1779558546473,584,1779558526247,1779558546450,delta,"0,0.05"
1779558546491,1779558546510,585,1779558526247,1779558546483,delta,"0,0.05"
1779558546525,1779558546560,586,1779558526247,1779558546517,delta,"0,0.05"
1779558546562,1779558546594,587,1779558526247,1779558546554,delta,"0,0.05"
1779558546591,1779558546594,588,1779558526247,1779558546583,delta,"0,0.05"
1779558546625,1779558546631,589,1779558526247,1779558546616,delta,"0,0.05"
1779558546658,1779558546681,590,1779558526247,1779558546649,delta,"0,0.05"
1779558546701,1779558546715,591,1779558526247,1779558546693,delta,"0,0.05"
1779558546730,1779558546753,592,1779558526247,1779558546722,delta,"0,0.05"
1779558546770,1779558546803,593,1779558526247,1779558546762,delta,"0,0.05"
1779558546805,1779558546836,594,1779558526247,1779558546797,delta,"0,0.05"
1779558546836,1779558546873,595,1779558526247,1779558546828,delta,"0,0.05"
1779558546869,1779558546873,596,1779558526247,1779558546861,delta,"0,0.05"
1779558546902,1779558546923,597,1779558526247,1779558546894,delta,"0,0.05"
1779558546941,1779558546956,598,1779558526247,1779558546933,delta,"0,0.05"
1779558546970,1779558546994,599,1779558526247,1779558546961,delta,"0,0.05"
1779558547003,1779558547044,600,1779558526247,1779558546995,delta,"0,0.05"
1779558547041,1779558547044,601,1779558526247,1779558547033,delta,"0,0.05"
1779558547070,1779558547077,602,1779558526247,1779558547062,delta,"0,0.05"
1779558547103,1779558547115,603,1779558526247,1779558547095,delta,"0,0.05"
1779558547142,1779558547164,604,1779558526247,1779558547134,delta,"0,0.05"
1779558547169,1779558547197,605,1779558526247,1779558547161,delta,"0,0.05"
1779558547210,1779558547234,606,1779558526247,1779558547202,delta,"0,0.05"
1779558547281,1779558547284,607,1779558526247,1779558547273,delta,"0,0.05"
1779558547288,1779558547317,608,1779558526247,1779558547279,delta,"0,0.05"
1779558547321,1779558547354,609,1779558526247,1779558547313,delta,"0,0.05"
1779558547357,1779558547405,610,1779558526247,1779558547349,delta,"0,0.05"
1779558547387,1779558547405,611,1779558526247,1779558547378,delta,"0,0.05"
1779558547453,1779558547476,612,1779558526247,1779558547445,delta,"0,0.05"
1779558547467,1779558547477,613,1779558526247,1779558547459,delta,"0,0.05"
1779558547530,1779558547561,614,1779558526247,1779558547522,delta,"0,0.05"
1779558547533,1779558547561,615,1779558526247,1779558547525,delta,"0,0.05"
1779558547566,1779558547600,616,1779558526247,1779558547557,delta,"0,0.05"
1779558547629,1779558547651,617,1779558526247,1779558547621,delta,"0,0.05"
1779558547633,1779558547652,618,1779558526247,1779558547625,delta,"0,0.05"
1779558547666,1779558547686,619,1779558526247,1779558547658,delta,"0,0.05"
1779558547707,1779558547723,620,1779558526247,1779558547699,delta,"0,0.05"
1779558547777,1779558547806,621,1779558526247,1779558547769,delta,"0,0.05"
1779558547782,1779558547806,622,1779558526247,1779558547773,delta,"0,0.05"
1779558547813,1779558547843,623,1779558526247,1779558547805,delta,"0,0.05"
1779558547844,1779558547893,624,1779558526247,1779558547836,delta,"0,0.05"
1779558547875,1779558547893,625,1779558526247,1779558547867,delta,"0,0.05"
1779558547907,1779558547926,626,1779558526247,1779558547899,delta,"0,0.05"
1779558547938,1779558547964,627,1779558526247,1779558547930,delta,"0,0.05"
1779558548000,1779558548014,628,1779558526247,1779558547992,delta,"0,0.05"
1779558548003,1779558548014,629,1779558526247,1779558547995,delta,"0,0.05"
1779558548051,1779558548084,630,1779558526247,1779558548043,delta,"0,0.05"
1779558548085,1779558548134,631,1779558526247,1779558548077,delta,"0,0.05"
1779558548116,1779558548134,632,1779558526247,1779558548108,delta,"0,0.05"
1779558548148,1779558548167,633,1779558526247,1779558548140,delta,"0,0.05"
1779558548189,1779558548205,634,1779558526247,1779558548181,delta,"0,0.05"
1779558548258,1779558548287,635,1779558526247,1779558548250,delta,"0,0.05"
1779558548262,1779558548287,636,1779558526247,1779558548254,delta,"0,0.05"
1779558548293,1779558548326,637,1779558526247,1779558548285,delta,"0,0.05"
1779558548326,1779558548326,638,1779558526247,1779558548317,delta,"0,0.05"
1779558548360,1779558548375,639,1779558526247,1779558548352,delta,"0,0.05"
1779558548395,1779558548409,640,1779558526247,1779558548387,delta,"0,0.05"
1779558548460,1779558548498,641,1779558526247,1779558548452,delta,"0,0.05"
1779558548463,1779558548498,642,1779558526247,1779558548455,delta,"0,0.05"
1779558548496,1779558548498,643,1779558526247,1779558548488,delta,"0,0.05"
1779558548535,1779558548570,644,1779558526247,1779558548527,delta,"0,0.05"
1779558548566,1779558548570,645,1779558526247,1779558548558,delta,"0,0.05"
1779558548597,1779558548620,646,1779558526247,1779558548589,delta,"0,0.05"
1779558548629,1779558548659,647,1779558526247,1779558548621,delta,"0,0.05"
1779558548660,1779558548695,648,1779558526247,1779558548652,delta,"0,0.05"
1779558548732,1779558548745,649,1779558526247,1779558548723,delta,"0,0.05"
1779558548734,1779558548745,650,1779558526247,1779558548726,delta,"0,0.05"
1779558548766,1779558548778,651,1779558526247,1779558548758,delta,"0,0.05"
1779558548806,1779558548817,652,1779558526247,1779558548798,delta,"0,0.05"
1779558548836,1779558548867,653,1779558526247,1779558548828,delta,"0,0.05"
1779558548867,1779558548900,654,1779558526247,1779558548859,delta,"0,0.05"
1779558548899,1779558548900,655,1779558526247,1779558548891,delta,"0,0.05"
1779558548930,1779558548937,656,1779558526247,1779558548922,delta,"0,0.05"
1779558548962,1779558548987,657,1779558526247,1779558548954,delta,"0,0.05"
1779558548993,1779558549020,658,1779558526247,1779558548985,delta,"0,0.05"
1779558549024,1779558549059,659,1779558526247,1779558549016,delta,"0,0.05"
1779558549056,1779558549059,660,1779558526247,1779558549048,delta,"0,0.05"
1779558549087,1779558549109,661,1779558526247,1779558549079,delta,"0,0.05"
1779558549119,1779558549145,662,1779558526247,1779558549110,delta,"0,0.05"
1779558549150,1779558549184,663,1779558526247,1779558549141,delta,"0,0.05"
1779558549221,1779558549233,664,1779558526247,1779558549212,delta,"0,0.05"
1779558549223,1779558549233,665,1779558526247,1779558549215,delta,"0,0.05"
1779558549255,1779558549268,666,1779558526247,1779558549247,delta,"0,0.05"
1779558549326,1779558549356,667,1779558526247,1779558549318,delta,"0,0.05"
1779558549330,1779558549356,668,1779558526247,1779558549321,delta,"0,0.05"
1779558549361,1779558549389,669,1779558526247,1779558549353,delta,"0,0.05"
1779558549393,1779558549426,670,1779558526247,1779558549384,delta,"0,0.05"
1779558549424,1779558549426,671,1779558526247,1779558549415,delta,"0,0.05"
1779558549455,1779558549476,672,1779558526247,1779558549447,delta,"0,0.05"
1779558549486,1779558549509,673,1779558526247,1779558549478,delta,"0,0.05"
1779558549557,1779558549595,674,1779558526247,1779558549549,delta,"0,0.05"
1779558549560,1779558549595,675,1779558526247,1779558549552,delta,"0,0.05"
1779558549623,1779558549628,676,1779558526247,1779558549615,delta,"0,0.05"
1779558549626,1779558549628,677,1779558526247,1779558549617,delta,"0,0.05"
1779558549689,1779558549720,678,1779558526247,1779558549681,delta,"0,0.05"
1779558549692,1779558549720,679,1779558526247,1779558549684,delta,"0,0.05"
1779558549763,1779558549791,680,1779558526247,1779558549755,delta,"0,0.05"
1779558549767,1779558549791,681,1779558526247,1779558549759,delta,"0,0.05"
1779558549837,1779558549841,682,1779558526247,1779558549829,delta,"0,0.05"
1779558549840,1779558549841,683,1779558526247,1779558549832,delta,"0,0.05"
1779558549903,1779558549913,684,1779558526247,1779558549895,delta,"0,0.05"
1779558549906,1779558549913,685,1779558526247,1779558549898,delta,"0,0.05"
1779558549939,1779558549964,686,1779558526247,1779558549931,delta,"0,0.05"
1779558549970,1779558549998,687,1779558526247,1779558549962,delta,"0,0.05"
1779558550002,1779558550038,688,1779558526247,1779558549994,delta,"0,0.05"
1779558550064,1779558550088,689,1779558526247,1779558550056,delta,"0,0.05"
1779558550067,1779558550088,690,1779558526247,1779558550059,delta,"0,0.05"
1779558550130,1779558550160,691,1779558526247,1779558550122,delta,"0,0.05"
1779558550133,1779558550160,692,1779558526247,1779558550125,delta,"0,0.05"
1779558550165,1779558550210,693,1779558526247,1779558550157,delta,"0,0.05"
1779558550197,1779558550210,694,1779558526247,1779558550188,delta,"0,0.05"
1779558550237,1779558550244,695,1779558526247,1779558550229,delta,"0,0.05"
1779558550268,1779558550281,696,1779558526247,1779558550259,delta,"0,0.05"
1779558550299,1779558550331,697,1779558526247,1779558550291,delta,"0,0.05"
1779558550339,1779558550364,698,1779558526247,1779558550330,delta,"0,0.05"
1779558550369,1779558550402,699,1779558526247,1779558550361,delta,"0,0.05"
1779558550400,1779558550402,700,1779558526247,1779558550392,delta,"0,0.05"
1779558550432,1779558550452,701,1779558526247,1779558550423,delta,"0,0.05"
1779558550495,1779558550525,702,1779558526247,1779558550486,delta,"0,0.05"
1779558550498,1779558550525,703,1779558526247,1779558550490,delta,"0,0.05"
1779558550532,1779558550574,704,1779558526247,1779558550524,delta,"0,0.05"
1779558550564,1779558550574,705,1779558526247,1779558550556,delta,"0,0.05"
1779558550603,1779558550607,706,1779558526247,1779558550594,delta,"0,0.05"
1779558550630,1779558550645,707,1779558526247,1779558550622,delta,"0,0.05"
1779558550664,1779558550695,708,1779558526247,1779558550655,delta,"0,0.05"
1779558550697,1779558550728,709,1779558526247,1779558550689,delta,"0,0.05"
1779558550769,1779558550815,710,1779558526247,1779558550761,delta,"0,0.05"
1779558550777,1779558550815,711,1779558526247,1779558550769,delta,"0,0.05"
1779558550812,1779558550815,712,1779558526247,1779558550803,delta,"0,0.05"
1779558550856,1779558550886,713,1779558526247,1779558550848,delta,"0,0.05"
1779558550883,1779558550886,714,1779558526247,1779558550875,delta,"0,0.05"
1779558550917,1779558550935,715,1779558526247,1779558550908,delta,"0,0.05"
1779558550950,1779558550969,716,1779558526247,1779558550942,delta,"0,0.05"
1779558550986,1779558551006,717,1779558526247,1779558550978,delta,"0,0.05"
1779558551017,1779558551057,718,1779558526247,1779558551009,delta,"0,0.05"
1779558551051,1779558551057,719,1779558526247,1779558551042,delta,"0,0.05"
1779558551087,1779558551091,720,1779558526247,1779558551078,delta,"0,0.05"
1779558551117,1779558551130,721,1779558526247,1779558551109,delta,"0,0.05"
1779558551151,1779558551180,722,1779558526247,1779558551143,delta,"0,0.05"
1779558551187,1779558551213,723,1779558526247,1779558551179,delta,"0,0.05"
1779558551217,1779558551251,724,1779558526247,1779558551209,delta,"0,0.05"
1779558551251,1779558551251,725,1779558526247,1779558551242,delta,"0,0.05"
1779558551291,1779558551300,726,1779558526247,1779558551283,delta,"0,0.05"
1779558551323,1779558551334,727,1779558526247,1779558551314,delta,"0,0.05"
1779558551356,1779558551372,728,1779558526247,1779558551347,delta,"0,0.05"
1779558551396,1779558551422,729,1779558526247,1779558551388,delta,"0,0.05"
1779558551428,1779558551455,730,1779558526247,1779558551419,delta,"0,0.05"
1779558551461,1779558551492,731,1779558526247,1779558551453,delta,"0,0.05"
1779558551494,1779558551542,732,1779558526247,1779558551486,delta,"0,0.05"
1779558551531,1779558551542,733,1779558526247,1779558551523,delta,"0,0.05"
1779558551559,1779558551575,734,1779558526247,1779558551551,delta,"0,0.05"
1779558551627,1779558551662,735,1779558526247,1779558551619,delta,"0,0.05"
1779558551667,1779558551695,736,1779558526247,1779558551659,delta,"0,0.05"
1779558551670,1779558551695,737,1779558526247,1779558551662,delta,"0,0.05"
1779558551703,1779558551733,738,1779558526247,1779558551695,delta,"0,0.05"
1779558551734,1779558551783,739,1779558526247,1779558551726,delta,"0,0.05"
1779558551766,1779558551783,740,1779558526247,1779558551758,delta,"0,0.05"
1779558551807,1779558551816,741,1779558526247,1779558551799,delta,"0,0.05"
1779558551876,1779558551903,742,1779558526247,1779558551867,delta,"0,0.05"
1779558551879,1779558551903,743,1779558526247,1779558551871,delta,"0,0.05"
1779558551910,1779558551936,744,1779558526247,1779558551902,delta,"0,0.05"
1779558551941,1779558551974,745,1779558526247,1779558551933,delta,"0,0.05"
1779558551973,1779558551974,746,1779558526247,1779558551965,delta,"0,0.05"
1779558552004,1779558552024,747,1779558526247,1779558551996,delta,"0,0.05"
1779558552035,1779558552058,748,1779558526247,1779558552027,delta,"0,0.05"
1779558552067,1779558552095,749,1779558526247,1779558552058,delta,"0,0.05"
1779558552100,1779558552144,750,1779558526247,1779558552092,delta,"0,0.05"
1779558552137,1779558552145,751,1779558526247,1779558552128,delta,"0,0.05"
1779558552172,1779558552177,752,1779558526247,1779558552164,delta,"0,0.05"
1779558552206,1779558552215,753,1779558526247,1779558552198,delta,"0,0.05"
1779558552242,1779558552264,754,1779558526247,1779558552234,delta,"0,0.05"
1779558552315,1779558552335,755,1779558526247,1779558552307,delta,"0,0.05"
1779558552319,1779558552335,756,1779558526247,1779558552311,delta,"0,0.05"
1779558552353,1779558552385,757,1779558526247,1779558552345,delta,"0,0.05"
1779558552393,1779558552419,758,1779558526247,1779558552385,delta,"0,0.05"
1779558552423,1779558552457,759,1779558526247,1779558552415,delta,"0,0.05"
1779558552454,1779558552457,760,1779558526247,1779558552446,delta,"0,0.05"
1779558552486,1779558552506,761,1779558526247,1779558552478,delta,"0,0.05"
1779558552526,1779558552540,762,1779558526247,1779558552518,delta,"0,0.05"
1779558552556,1779558552577,763,1779558526247,1779558552548,delta,"0,0.05"
1779558552587,1779558552628,764,1779558526247,1779558552579,delta,"0,0.05"
1779558552619,1779558552628,765,1779558526247,1779558552611,delta,"0,0.05"
1779558552682,1779558552698,766,1779558526247,1779558552673,delta,"0,0.05"
1779558552685,1779558552698,767,1779558526247,1779558552677,delta,"0,0.05"
1779558552748,1779558552780,768,1779558526247,1779558552740,delta,"0,0.05"
1779558552752,1779558552780,769,1779558526247,1779558552744,delta,"0,0.05"
1779558552823,1779558552868,770,1779558526247,1779558552815,delta,"0,0.05"
1779558552827,1779558552868,771,1779558526247,1779558552819,delta,"0,0.05"
1779558552859,1779558552868,772,1779558526247,1779558552850,delta,"0,0.05"
1779558552891,1779558552901,773,1779558526247,1779558552883,delta,"0,0.05"
1779558552931,1779558552938,774,1779558526247,1779558552923,delta,"0,0.05"
1779558552962,1779558552988,775,1779558526247,1779558552954,delta,"0,0.05"
1779558552993,1779558553021,776,1779558526247,1779558552985,delta,"0,0.05"
1779558553026,1779558553059,777,1779558526247,1779558553017,delta,"0,0.05"
1779558553056,1779558553059,778,1779558526247,1779558553048,delta,"0,0.05"
1779558553088,1779558553109,779,1779558526247,1779558553079,delta,"0,0.05"
1779558553119,1779558553141,780,1779558526247,1779558553111,delta,"0,0.05"
1779558553150,1779558553179,781,1779558526247,1779558553142,delta,"0,0.05"
1779558553213,1779558553229,782,1779558526247,1779558553205,delta,"0,0.05"
1779558553217,1779558553229,783,1779558526247,1779558553209,delta,"0,0.05"
1779558553251,1779558553262,784,1779558526247,1779558553243,delta,"0,0.05"
1779558553284,1779558553301,785,1779558526247,1779558553276,delta,"0,0.05"
1779558553355,1779558553385,786,1779558526247,1779558553347,delta,"0,0.05"
1779558553359,1779558553385,787,1779558526247,1779558553351,delta,"0,0.05"
1779558553393,1779558553422,788,1779558526247,1779558553385,delta,"0,0.05"
1779558553438,1779558553473,789,1779558526247,1779558553430,delta,"0,0.05"
1779558553466,1779558553473,790,1779558526247,1779558553457,delta,"0,0.05"
1779558553499,1779558553506,791,1779558526247,1779558553491,delta,"0,0.05"
1779558553533,1779558553545,792,1779558526247,1779558553524,delta,"0,0.05"
1779558553569,1779558553595,793,1779558526247,1779558553560,delta,"0,0.05"
1779558553599,1779558553629,794,1779558526247,1779558553591,delta,"0,0.05"
1779558553632,1779558553667,795,1779558526247,1779558553624,delta,"0,0.05"
1779558553668,1779558553718,796,1779558526247,1779558553660,delta,"0,0.05"
1779558553700,1779558553718,797,1779558526247,1779558553691,delta,"0,0.05"
1779558553733,1779558553751,798,1779558526247,1779558553725,delta,"0,0.05"
1779558553769,1779558553791,799,1779558526247,1779558553761,delta,"0,0.05"
1779558553800,1779558553842,800,1779558526247,1779558553792,delta,"0,0.05"
1779558553833,1779558553842,801,1779558526247,1779558553825,delta,"0,0.05"
1779558553879,1779558553914,802,1779558526247,1779558553871,delta,"0,0.05"
1779558553906,1779558553914,803,1779558526247,1779558553897,delta,"0,0.05"
1779558553947,1779558553964,804,1779558526247,1779558553939,delta,"0,0.05"
1779558553985,1779558553997,805,1779558526247,1779558553977,delta,"0,0.05"
1779558554013,1779558554035,806,1779558526247,1779558554005,delta,"0,0.05"
1779558554046,1779558554085,807,1779558526247,1779558554038,delta,"0,0.05"
1779558554082,1779558554085,808,1779558526247,1779558554074,delta,"0,0.05"
1779558554113,1779558554119,809,1779558526247,1779558554105,delta,"0,0.05"
1779558554147,1779558554157,810,1779558526247,1779558554139,delta,"0,0.05"
1779558554182,1779558554207,811,1779558526247,1779558554174,delta,"0,0.05"
1779558554213,1779558554240,812,1779558526247,1779558554205,delta,"0,0.05"
1779558554247,1779558554279,813,1779558526247,1779558554239,delta,"0,0.05"
1779558554283,1779558554330,814,1779558526247,1779558554275,delta,"0,0.05"
1779558554313,1779558554330,815,1779558526247,1779558554305,delta,"0,0.05"
1779558554354,1779558554365,816,1779558526247,1779558554346,delta,"0,0.05"
1779558554403,1779558554404,817,1779558526247,1779558554395,delta,"0,0.05"
1779558554426,1779558554454,818,1779558526247,1779558554418,delta,"0,0.05"
1779558554461,1779558554488,819,1779558526247,1779558554453,delta,"0,0.05"
1779558554524,1779558554526,820,1779558526247,1779558554516,delta,"0,0.05"
1779558554533,1779558554576,821,1779558526247,1779558554525,delta,"0,0.05"
1779558554566,1779558554576,822,1779558526247,1779558554558,delta,"0,0.05"
1779558554597,1779558554611,823,1779558526247,1779558554589,delta,"0,0.05"
1779558554629,1779558554649,824,1779558526247,1779558554621,delta,"0,0.05"
1779558554667,1779558554699,825,1779558526247,1779558554659,delta,"0,0.05"
1779558554691,1779558554699,826,1779558526247,1779558554683,delta,"0,0.05"
1779558554722,1779558554733,827,1779558526247,1779558554714,delta,"0,0.05"
1779558554760,1779558554771,828,1779558526247,1779558554752,delta,"0,0.05"
1779558554788,1779558554821,829,1779558526247,1779558554780,delta,"0,0.05"
1779558554823,1779558554856,830,1779558526247,1779558554815,delta,"0,0.05"
1779558554892,1779558554894,831,1779558526247,1779558554883,delta,"0,0.05"
1779558554895,1779558554944,832,1779558526247,1779558554887,delta,"0,0.05"
1779558554926,1779558554944,833,1779558526247,1779558554918,delta,"0,0.05"
1779558554962,1779558554978,834,1779558526247,1779558554954,delta,"0,0.05"
1779558554999,1779558555015,835,1779558526247,1779558554991,delta,"0,0.05"
1779558555061,1779558555065,836,1779558526247,1779558555053,delta,"0,0.05"
1779558555064,1779558555065,837,1779558526247,1779558555056,delta,"0,0.05"
1779558555127,1779558555138,838,1779558526247,1779558555119,delta,"0,0.05"
1779558555131,1779558555138,839,1779558526247,1779558555123,delta,"0,0.05"
1779558555163,1779558555188,840,1779558526247,1779558555155,delta,"0,0.05"
1779558555194,1779558555221,841,1779558526247,1779558555186,delta,"0,0.05"
1779558555225,1779558555259,842,1779558526247,1779558555217,delta,"0,0.05"
1779558555288,1779558555309,843,1779558526247,1779558555280,delta,"0,0.05"
1779558555292,1779558555309,844,1779558526247,1779558555283,delta,"0,0.05"
1779558555324,1779558555342,845,1779558526247,1779558555316,delta,"0,0.05"
1779558555355,1779558555381,846,1779558526247,1779558555347,delta,"0,0.05"
1779558555395,1779558555431,847,1779558526247,1779558555387,delta,"0,0.05"
1779558555427,1779558555431,848,1779558526247,1779558555418,delta,"0,0.05"
1779558555467,1779558555467,849,1779558526247,1779558555458,delta,"0,0.05"
1779558555536,1779558555556,850,1779558526247,1779558555527,delta,"0,0.05"
1779558555539,1779558555556,851,1779558526247,1779558555531,delta,"0,0.05"
1779558555571,1779558555589,852,1779558526247,1779558555563,delta,"0,0.05"
1779558555602,1779558555627,853,1779558526247,1779558555594,delta,"0,0.05"
1779558555633,1779558555677,854,1779558526247,1779558555625,delta,"0,0.05"
1779558555664,1779558555677,855,1779558526247,1779558555656,delta,"0,0.05"
1779558555727,1779558555748,856,1779558526247,1779558555719,delta,"0,0.05"
1779558555732,1779558555748,857,1779558526247,1779558555724,delta,"0,0.05"
1779558555766,1779558555798,858,1779558526247,1779558555758,delta,"0,0.05"
1779558555799,1779558555832,859,1779558526247,1779558555791,delta,"0,0.05"
1779558555838,1779558555869,860,1779558526247,1779558555829,delta,"0,0.05"
1779558555865,1779558555869,861,1779558526247,1779558555857,delta,"0,0.05"
1779558555905,1779558555920,862,1779558526247,1779558555897,delta,"0,0.05"
1779558555976,1779558555991,863,1779558526247,1779558555967,delta,"0,0.05"
1779558555984,1779558555991,864,1779558526247,1779558555975,delta,"0,0.05"
1779558556017,1779558556042,865,1779558526247,1779558556009,delta,"0,0.05"
1779558556050,1779558556077,866,1779558526247,1779558556042,delta,"0,0.05"
1779558556083,1779558556115,867,1779558526247,1779558556075,delta,"0,0.05"
1779558556116,1779558556168,868,1779558526247,1779558556108,delta,"0,0.05"
1779558556150,1779558556168,869,1779558526247,1779558556142,delta,"0,0.05"
1779558556186,1779558556208,870,1779558526247,1779558556178,delta,"0,0.05"
1779558556216,1779558556246,871,1779558526247,1779558556208,delta,"0,0.05"
1779558556250,1779558556296,872,1779558526247,1779558556242,delta,"0,0.05"
1779558556283,1779558556296,873,1779558526247,1779558556274,delta,"0,0.05"
1779558556317,1779558556329,874,1779558526247,1779558556308,delta,"0,0.05"
1779558556350,1779558556369,875,1779558526247,1779558556341,delta,"0,0.05"
1779558556382,1779558556420,876,1779558526247,1779558556374,delta,"0,0.05"
1779558556427,1779558556455,877,1779558526247,1779558556418,delta,"0,0.05"
1779558556455,1779558556455,878,1779558526247,1779558556446,delta,"0,0.05"
1779558556487,1779558556493,879,1779558526247,1779558556479,delta,"0,0.05"
1779558556532,1779558556543,880,1779558526247,1779558556523,delta,"0,0.05"
1779558556559,1779558556577,881,1779558526247,1779558556551,delta,"0,0.05"
1779558556592,1779558556615,882,1779558526247,1779558556584,delta,"0,0.05"
1779558556626,1779558556666,883,1779558526247,1779558556617,delta,"0,0.05"
1779558556662,1779558556666,884,1779558526247,1779558556654,delta,"0,0.05"
1779558556692,1779558556702,885,1779558526247,1779558556684,delta,"0,0.05"
1779558556726,1779558556739,886,1779558526247,1779558556717,delta,"0,0.05"
1779558556759,1779558556790,887,1779558526247,1779558556751,delta,"0,0.05"
1779558556798,1779558556825,888,1779558526247,1779558556789,delta,"0,0.05"
1779558556826,1779558556863,889,1779558526247,1779558556817,delta,"0,0.05"
1779558556858,1779558556863,890,1779558526247,1779558556850,delta,"0,0.05"
1779558556931,1779558556947,891,1779558526247,1779558556923,delta,"0,0.05"
1779558556935,1779558556947,892,1779558526247,1779558556927,delta,"0,0.05"
1779558556984,1779558556985,893,1779558526247,1779558556976,delta,"0,0.05"
1779558557024,1779558557035,894,1779558526247,1779558557015,delta,"0,0.05"
1779558557086,1779558557105,895,1779558526247,1779558557078,delta,"0,0.05"
1779558557091,1779558557105,896,1779558526247,1779558557083,delta,"0,0.05"
1779558557156,1779558557189,897,1779558526247,1779558557148,delta,"0,0.05"
1779558557159,1779558557189,898,1779558526247,1779558557151,delta,"0,0.05"
1779558557222,1779558557226,899,1779558526247,1779558557214,delta,"0,0.05"
1779558557225,1779558557226,900,1779558526247,1779558557217,delta,"0,0.05"
1779558557289,1779558557310,901,1779558526247,1779558557280,delta,"0,0.05"
1779558557292,1779558557310,902,1779558526247,1779558557283,delta,"0,0.05"
1779558557324,1779558557348,903,1779558526247,1779558557316,delta,"0,0.05"
1779558557355,1779558557398,904,1779558526247,1779558557347,delta,"0,0.05"
1779558557418,1779558557431,905,1779558526247,1779558557410,delta,"0,0.05"
1779558557425,1779558557431,906,1779558526247,1779558557417,delta,"0,0.05"
1779558557456,1779558557469,907,1779558526247,1779558557448,delta,"0,0.05"
1779558557489,1779558557519,908,1779558526247,1779558557481,delta,"0,0.05"
1779558557529,1779558557553,909,1779558526247,1779558557521,delta,"0,0.05"
1779558557559,1779558557591,910,1779558526247,1779558557551,delta,"0,0.05"
1779558557591,1779558557641,911,1779558526247,1779558557582,delta,"0,0.05"
1779558557622,1779558557641,912,1779558526247,1779558557614,delta,"0,0.05"
1779558557656,1779558557674,913,1779558526247,1779558557648,delta,"0,0.05"
1779558557687,1779558557712,914,1779558526247,1779558557679,delta,"0,0.05"
1779558557718,1779558557763,915,1779558526247,1779558557710,delta,"0,0.05"
1779558557783,1779558557796,916,1779558526247,1779558557774,delta,"0,0.05"
1779558557785,1779558557796,917,1779558526247,1779558557777,delta,"0,0.05"
1779558557848,1779558557887,918,1779558526247,1779558557840,delta,"0,0.05"
1779558557851,1779558557887,919,1779558526247,1779558557843,delta,"0,0.05"
1779558557922,1779558557960,920,1779558526247,1779558557914,delta,"0,0.05"
1779558557925,1779558557960,921,1779558526247,1779558557917,delta,"0,0.05"
1779558557957,1779558557960,922,1779558526247,1779558557949,delta,"0,0.05"
1779558557997,1779558558010,923,1779558526247,1779558557989,delta,"0,0.05"
1779558558028,1779558558043,924,1779558526247,1779558558020,delta,"0,0.05"
1779558558059,1779558558081,925,1779558526247,1779558558051,delta,"0,0.05"
1779558558091,1779558558130,926,1779558526247,1779558558082,delta,"0,0.05"
1779558558122,1779558558130,927,1779558526247,1779558558114,delta,"0,0.05"
1779558558153,1779558558163,928,1779558526247,1779558558145,delta,"0,0.05"
1779558558184,1779558558201,929,1779558526247,1779558558176,delta,"0,0.05"
1779558558216,1779558558252,930,1779558526247,1779558558208,delta,"0,0.05"
1779558558247,1779558558252,931,1779558526247,1779558558239,delta,"0,0.05"
1779558558279,1779558558286,932,1779558526247,1779558558271,delta,"0,0.05"
1779558558310,1779558558326,933,1779558526247,1779558558302,delta,"0,0.05"
1779558558341,1779558558376,934,1779558526247,1779558558333,delta,"0,0.05"
1779558558405,1779558558409,935,1779558526247,1779558558396,delta,"0,0.05"
1779558558408,1779558558409,936,1779558526247,1779558558400,delta,"0,0.05"
1779558558442,1779558558446,937,1779558526247,1779558558434,delta,"0,0.05"
1779558558482,1779558558497,938,1779558526247,1779558558474,delta,"0,0.05"
1779558558553,1779558558569,939,1779558526247,1779558558545,delta,"0,0.05"
1779558558559,1779558558569,940,1779558526247,1779558558551,delta,"0,0.05"
1779558558593,1779558558619,941,1779558526247,1779558558584,delta,"0,0.05"
1779558558629,1779558558653,942,1779558526247,1779558558620,delta,"0,0.05"
1779558558659,1779558558692,943,1779558526247,1779558558651,delta,"0,0.05"
1779558558692,1779558558743,944,1779558526247,1779558558684,delta,"0,0.05"
1779558558726,1779558558743,945,1779558526247,1779558558718,delta,"0,0.05"
1779558558765,1779558558777,946,1779558526247,1779558558757,delta,"0,0.05"
1779558558792,1779558558815,947,1779558526247,1779558558784,delta,"0,0.05"
1779558558826,1779558558865,948,1779558526247,1779558558818,delta,"0,0.05"
1779558558859,1779558558865,949,1779558526247,1779558558851,delta,"0,0.05"
1779558558893,1779558558898,950,1779558526247,1779558558885,delta,"0,0.05"
1779558558925,1779558558936,951,1779558526247,1779558558917,delta,"0,0.05"
1779558558966,1779558558986,952,1779558526247,1779558558957,delta,"0,0.05"
1779558559004,1779558559020,953,1779558526247,1779558558995,delta,"0,0.05"
1779558559037,1779558559058,954,1779558526247,1779558559029,delta,"0,0.05"
1779558559070,1779558559108,955,1779558526247,1779558559062,delta,"0,0.05"
1779558559109,1779558559140,956,1779558526247,1779558559101,delta,"0,0.05"
1779558559136,1779558559140,957,1779558526247,1779558559128,delta,"0,0.05"
1779558559170,1779558559178,958,1779558526247,1779558559162,delta,"0,0.05"
1779558559209,1779558559228,959,1779558526247,1779558559201,delta,"0,0.05"
1779558559236,1779558559261,960,1779558526247,1779558559228,delta,"0,0.05"
1779558559270,1779558559300,961,1779558526247,1779558559262,delta,"0,0.05"
1779558559303,1779558559351,962,1779558526247,1779558559295,delta,"0,0.05"
1779558559339,1779558559351,963,1779558526247,1779558559330,delta,"0,0.05"
1779558559370,1779558559384,964,1779558526247,1779558559361,delta,"0,0.05"
1779558559403,1779558559423,965,1779558526247,1779558559395,delta,"0,0.05"
1779558559474,1779558559508,966,1779558526247,1779558559466,delta,"0,0.05"
1779558559481,1779558559508,967,1779558526247,1779558559473,delta,"0,0.05"
1779558559517,1779558559546,968,1779558526247,1779558559509,delta,"0,0.05"
1779558559567,1779558559599,969,1779558526247,1779558559559,delta,"0,0.05"
1779558559602,1779558559632,970,1779558526247,1779558559594,delta,"0,0.05"
1779558559636,1779558559670,971,1779558526247,1779558559627,delta,"0,0.05"
1779558559666,1779558559670,972,1779558526247,1779558559658,delta,"0,0.05"
1779558559704,1779558559720,973,1779558526247,1779558559696,delta,"0,0.05"
1779558559731,1779558559754,974,1779558526247,1779558559723,delta,"0,0.05"
1779558559762,1779558559792,975,1779558526247,1779558559755,delta,"0,0.05"
1779558559794,1779558559842,976,1779558526247,1779558559786,delta,"0,0.05"
1779558559825,1779558559842,977,1779558526247,1779558559817,delta,"0,0.05"
1779558559857,1779558559875,978,1779558526247,1779558559849,delta,"0,0.05"
1779558559888,1779558559912,979,1779558526247,1779558559880,delta,"0,0.05"
1779558559919,1779558559962,980,1779558526247,1779558559911,delta,"0,0.05"
1779558559990,1779558559995,981,1779558526247,1779558559982,delta,"0,0.05"
1779558559993,1779558559995,982,1779558526247,1779558559985,delta,"0,0.05"
1779558560025,1779558560035,983,1779558526247,1779558560017,delta,"0,0.05"
1779558560065,1779558560085,984,1779558526247,1779558560057,delta,"0,0.05"
1779558560095,1779558560118,985,1779558526247,1779558560087,delta,"0,0.05"
1779558560126,1779558560155,986,1779558526247,1779558560118,delta,"0,0.05"
1779558560157,1779558560206,987,1779558526247,1779558560149,delta,"0,0.05"
1779558560189,1779558560206,988,1779558526247,1779558560181,delta,"0,0.05"
1779558560220,1779558560241,989,1779558526247,1779558560212,delta,"0,0.05"
1779558560251,1779558560278,990,1779558526247,1779558560243,delta,"0,0.05"
1779558560282,1779558560329,991,1779558526247,1779558560274,delta,"0,0.05"
1779558560314,1779558560329,992,1779558526247,1779558560305,delta,"0,0.05"
1779558560376,1779558560400,993,1779558526247,1779558560368,delta,"0,0.05"
1779558560379,1779558560400,994,1779558526247,1779558560371,delta,"0,0.05"
1779558560442,1779558560451,995,1779558526247,1779558560434,delta,"0,0.05"
1779558560445,1779558560451,996,1779558526247,1779558560437,delta,"0,0.05"
1779558560477,1779558560484,997,1779558526247,1779558560469,delta,"0,0.05"
1779558560517,1779558560523,998,1779558526247,1779558560508,delta,"0,0.05"
1779558560586,1779558560607,999,1779558526247,1779558560578,delta,"0,0.05"
1779558560590,1779558560607,1000,1779558526247,1779558560582,delta,"0,0.05"
1779558560652,1779558560695,1001,1779558526247,1779558560644,delta,"0,0.05"
1779558560655,1779558560695,1002,1779558526247,1779558560647,delta,"0,0.05"
1779558560687,1779558560695,1003,1779558526247,1779558560679,delta,"0,0.05"
1779558560718,1779558560728,1004,1779558526247,1779558560710,delta,"0,0.05"
1779558560749,1779558560768,1005,1779558526247,1779558560741,delta,"0,0.05"
1779558560781,1779558560818,1006,1779558526247,1779558560772,delta,"0,0.05"
1779558560812,1779558560818,1007,1779558526247,1779558560803,delta,"0,0.05"
1779558560843,1779558560852,1008,1779558526247,1779558560835,delta,"0,0.05"
1779558560874,1779558560892,1009,1779558526247,1779558560866,delta,"0,0.05"
1779558560937,1779558560943,1010,1779558526247,1779558560929,delta,"0,0.05"
1779558560941,1779558560943,1011,1779558526247,1779558560932,delta,"0,0.05"
1779558560973,1779558560979,1012,1779558526247,1779558560965,delta,"0,0.05"
1779558561013,1779558561016,1013,1779558526247,1779558561005,delta,"0,0.05"
1779558561047,1779558561066,1014,1779558526247,1779558561039,delta,"0,0.05"
1779558561079,1779558561100,1015,1779558526247,1779558561071,delta,"0,0.05"
1779558561119,1779558561138,1016,1779558526247,1779558561111,delta,"0,0.05"
1779558561150,1779558561189,1017,1779558526247,1779558561142,delta,"0,0.05"
1779558561181,1779558561189,1018,1779558526247,1779558561173,delta,"0,0.05"
1779558561212,1779558561222,1019,1779558526247,1779558561204,delta,"0,0.05"
1779558561243,1779558561260,1020,1779558526247,1779558561235,delta,"0,0.05"
1779558561306,1779558561312,1021,1779558526247,1779558561298,delta,"0,0.05"
1779558561309,1779558561312,1022,1779558526247,1779558561301,delta,"0,0.05"
1779558561343,1779558561345,1023,1779558526247,1779558561335,delta,"0,0.05"
1779558561406,1779558561434,1024,1779558526247,1779558561398,delta,"0,0.05"
1779558561409,1779558561434,1025,1779558526247,1779558561401,delta,"0,0.05"
1779558561440,1779558561467,1026,1779558526247,1779558561432,delta,"0,0.05"
1779558561504,1779558561505,1027,1779558526247,1779558561495,delta,"0,0.05"
1779558561511,1779558561555,1028,1779558526247,1779558561503,delta,"0,0.05"
1779558561575,1779558561589,1029,1779558526247,1779558561566,delta,"0,0.05"
1779558561581,1779558561589,1030,1779558526247,1779558561573,delta,"0,0.05"
1779558561614,1779558561627,1031,1779558526247,1779558561605,delta,"0,0.05"
1779558561644,1779558561677,1032,1779558526247,1779558561636,delta,"0,0.05"
1779558561676,1779558561677,1033,1779558526247,1779558561667,delta,"0,0.05"
1779558561707,1779558561711,1034,1779558526247,1779558561699,delta,"0,0.05"
1779558561770,1779558561800,1035,1779558526247,1779558561762,delta,"0,0.05"
1779558561773,1779558561800,1036,1779558526247,1779558561765,delta,"0,0.05"
1779558561808,1779558561833,1037,1779558526247,1779558561799,delta,"0,0.05"
1779558561840,1779558561872,1038,1779558526247,1779558561832,delta,"0,0.05"
1779558561875,1779558561922,1039,1779558526247,1779558561867,delta,"0,0.05"
1779558561906,1779558561922,1040,1779558526247,1779558561898,delta,"0,0.05"
1779558561939,1779558561955,1041,1779558526247,1779558561931,delta,"0,0.05"
1779558561972,1779558561993,1042,1779558526247,1779558561964,delta,"0,0.05"
1779558562044,1779558562077,1043,1779558526247,1779558562035,delta,"0,0.05"
1779558562051,1779558562077,1044,1779558526247,1779558562043,delta,"0,0.05"
1779558562086,1779558562116,1045,1779558526247,1779558562078,delta,"0,0.05"
1779558562133,1779558562165,1046,1779558526247,1779558562125,delta,"0,0.05"
1779558562163,1779558562165,1047,1779558526247,1779558562155,delta,"0,0.05"
1779558562199,1779558562237,1048,1779558526247,1779558562192,delta,"0,0.05"
1779558562239,1779558562287,1049,1779558526247,1779558562231,delta,"0,0.05"
1779558562274,1779558562287,1050,1779558526247,1779558562265,delta,"0,0.05"
1779558562310,1779558562320,1051,1779558526247,1779558562302,delta,"0,0.05"
1779558562345,1779558562358,1052,1779558526247,1779558562337,delta,"0,0.05"
1779558562377,1779558562409,1053,1779558526247,1779558562369,delta,"0,0.05"
1779558562411,1779558562443,1054,1779558526247,1779558562402,delta,"0,0.05"
1779558562445,1779558562480,1055,1779558526247,1779558562436,delta,"0,0.05"
1779558562478,1779558562480,1056,1779558526247,1779558562470,delta,"0,0.05"
1779558562512,1779558562530,1057,1779558526247,1779558562503,delta,"0,0.05"
1779558562556,1779558562565,1058,1779558526247,1779558562547,delta,"0,0.05"
1779558562585,1779558562605,1059,1779558526247,1779558562577,delta,"0,0.05"
1779558562619,1779558562655,1060,1779558526247,1779558562611,delta,"0,0.05"
1779558562652,1779558562655,1061,1779558526247,1779558562644,delta,"0,0.05"
1779558562692,1779558562726,1062,1779558526247,1779558562683,delta,"0,0.05"
1779558562719,1779558562726,1063,1779558526247,1779558562711,delta,"0,0.05"
1779558562752,1779558562776,1064,1779558526247,1779558562744,delta,"0,0.05"
1779558562786,1779558562812,1065,1779558526247,1779558562777,delta,"0,0.05"
1779558562820,1779558562849,1066,1779558526247,1779558562811,delta,"0,0.05"
1779558562852,1779558562900,1067,1779558526247,1779558562844,delta,"0,0.05"
1779558562886,1779558562900,1068,1779558526247,1779558562877,delta,"0,0.05"
1779558562920,1779558562933,1069,1779558526247,1779558562912,delta,"0,0.05"
1779558562952,1779558562971,1070,1779558526247,1779558562944,delta,"0,0.05"
1779558562987,1779558563021,1071,1779558526247,1779558562979,delta,"0,0.05"
1779558563058,1779558563092,1072,1779558526247,1779558563050,delta,"0,0.05"
1779558563062,1779558563092,1073,1779558526247,1779558563054,delta,"0,0.05"
1779558563095,1779558563143,1074,1779558526247,1779558563087,delta,"0,0.05"
1779558563135,1779558563143,1075,1779558526247,1779558563127,delta,"0,0.05"
1779558563166,1779558563176,1076,1779558526247,1779558563158,delta,"0,0.05"
1779558563197,1779558563213,1077,1779558526247,1779558563189,delta,"0,0.05"
1779558563231,1779558563263,1078,1779558526247,1779558563223,delta,"0,0.05"
1779558563263,1779558563263,1079,1779558526247,1779558563254,delta,"0,0.05"
1779558563294,1779558563296,1080,1779558526247,1779558563285,delta,"0,0.05"
1779558563325,1779558563335,1081,1779558526247,1779558563316,delta,"0,0.05"
1779558563356,1779558563386,1082,1779558526247,1779558563348,delta,"0,0.05"
1779558563387,1779558563420,1083,1779558526247,1779558563379,delta,"0,0.05"
1779558563419,1779558563420,1084,1779558526247,1779558563410,delta,"0,0.05"
1779558563450,1779558563457,1085,1779558526247,1779558563441,delta,"0,0.05"
1779558563481,1779558563507,1086,1779558526247,1779558563472,delta,"0,0.05"
1779558563551,1779558563577,1087,1779558526247,1779558563543,delta,"0,0.05"
1779558563554,1779558563577,1088,1779558526247,1779558563546,delta,"0,0.05"
1779558563586,1779558563627,1089,1779558526247,1779558563578,delta,"0,0.05"
1779558563656,1779558563661,1090,1779558526247,1779558563648,delta,"0,0.05"
1779558563659,1779558563661,1091,1779558526247,1779558563651,delta,"0,0.05"
1779558563690,1779558563698,1092,1779558526247,1779558563682,delta,"0,0.05"
1779558563722,1779558563748,1093,1779558526247,1779558563714,delta,"0,0.05"
1779558563761,1779558563780,1094,1779558526247,1779558563753,delta,"0,0.05"
1779558563794,1779558563818,1095,1779558526247,1779558563786,delta,"0,0.05"
1779558563825,1779558563869,1096,1779558526247,1779558563817,delta,"0,0.05"
1779558563888,1779558563902,1097,1779558526247,1779558563880,delta,"0,0.05"
1779558563891,1779558563902,1098,1779558526247,1779558563883,delta,"0,0.05"
1779558563954,1779558563992,1099,1779558526247,1779558563946,delta,"0,0.05"
1779558563958,1779558563992,1100,1779558526247,1779558563950,delta,"0,0.05"
1779558563993,1779558564025,1101,1779558526247,1779558563985,delta,"0,0.05"
1779558564055,1779558564062,1102,1779558526247,1779558564047,delta,"0,0.05"
1779558564059,1779558564062,1103,1779558526247,1779558564051,delta,"0,0.05"
1779558564122,1779558564147,1104,1779558526247,1779558564114,delta,"0,0.05"
1779558564129,1779558564147,1105,1779558526247,1779558564121,delta,"0,0.05"
1779558564160,1779558564186,1106,1779558526247,1779558564152,delta,"0,0.05"
1779558564192,1779558564236,1107,1779558526247,1779558564184,delta,"0,0.05"
1779558564232,1779558564236,1108,1779558526247,1779558564224,delta,"0,0.05"
1779558564263,1779558564269,1109,1779558526247,1779558564255,delta,"0,0.05"
1779558564295,1779558564307,1110,1779558526247,1779558564286,delta,"0,0.05"
1779558564325,1779558564357,1111,1779558526247,1779558564317,delta,"0,0.05"
1779558564357,1779558564357,1112,1779558526247,1779558564348,delta,"0,0.05"
1779558564388,1779558564391,1113,1779558526247,1779558564380,delta,"0,0.05"
1779558564419,1779558564429,1114,1779558526247,1779558564411,delta,"0,0.05"
1779558564450,1779558564479,1115,1779558526247,1779558564442,delta,"0,0.05"
1779558564481,1779558564513,1116,1779558526247,1779558564473,delta,"0,0.05"
1779558564513,1779558564513,1117,1779558526247,1779558564505,delta,"0,0.05"
1779558564545,1779558564551,1118,1779558526247,1779558564537,delta,"0,0.05"
1779558564585,1779558564601,1119,1779558526247,1779558564577,delta,"0,0.05"
1779558564654,1779558564674,1120,1779558526247,1779558564645,delta,"0,0.05"
1779558564657,1779558564674,1121,1779558526247,1779558564649,delta,"0,0.05"
1779558564688,1779558564724,1122,1779558526247,1779558564680,delta,"0,0.05"
1779558564720,1779558564724,1123,1779558526247,1779558564711,delta,"0,0.05"
1779558564751,1779558564758,1124,1779558526247,1779558564743,delta,"0,0.05"
1779558564782,1779558564796,1125,1779558526247,1779558564774,delta,"0,0.05"
1779558564813,1779558564846,1126,1779558526247,1779558564805,delta,"0,0.05"
1779558564845,1779558564847,1127,1779558526247,1779558564836,delta,"0,0.05"
1779558564875,1779558564881,1128,1779558526247,1779558564867,delta,"0,0.05"
1779558564907,1779558564919,1129,1779558526247,1779558564899,delta,"0,0.05"
1779558564938,1779558564970,1130,1779558526247,1779558564930,delta,"0,0.05"
1779558564969,1779558564970,1131,1779558526247,1779558564961,delta,"0,0.05"
1779558565000,1779558565004,1132,1779558526247,1779558564992,delta,"0,0.05"
1779558565032,1779558565042,1133,1779558526247,1779558565024,delta,"0,0.05"
1779558565063,1779558565092,1134,1779558526247,1779558565055,delta,"0,0.05"
1779558565104,1779558565126,1135,1779558526247,1779558565096,delta,"0,0.05"
1779558565166,1779558565217,1136,1779558526247,1779558565158,delta,"0,0.05"
1779558565173,1779558565217,1137,1779558526247,1779558565165,delta,"0,0.05"
1779558565208,1779558565217,1138,1779558526247,1779558565198,delta,"0,0.05"
1779558565240,1779558565256,1139,1779558526247,1779558565232,delta,"0,0.05"
1779558565302,1779558565345,1140,1779558526247,1779558565293,delta,"0,0.05"
1779558565304,1779558565345,1141,1779558526247,1779558565296,delta,"0,0.05"
1779558565368,1779558565378,1142,1779558526247,1779558565359,delta,"0,0.05"
1779558565371,1779558565378,1143,1779558526247,1779558565362,delta,"0,0.05"
1779558565433,1779558565467,1144,1779558526247,1779558565425,delta,"0,0.05"
1779558565436,1779558565467,1145,1779558526247,1779558565428,delta,"0,0.05"
1779558565468,1779558565500,1146,1779558526247,1779558565461,delta,"0,0.05"
1779558565500,1779558565500,1147,1779558526247,1779558565492,delta,"0,0.05"
1779558565531,1779558565538,1148,1779558526247,1779558565523,delta,"0,0.05"
1779558565563,1779558565589,1149,1779558526247,1779558565554,delta,"0,0.05"
1779558565633,1779558565659,1150,1779558526247,1779558565625,delta,"0,0.05"
1779558565637,1779558565659,1151,1779558526247,1779558565629,delta,"0,0.05"
1779558565669,1779558565709,1152,1779558526247,1779558565661,delta,"0,0.05"
1779558565708,1779558565709,1153,1779558526247,1779558565700,delta,"0,0.05"
1779558565739,1779558565743,1154,1779558526247,1779558565731,delta,"0,0.05"
1779558565770,1779558565781,1155,1779558526247,1779558565762,delta,"0,0.05"
1779558565801,1779558565831,1156,1779558526247,1779558565793,delta,"0,0.05"
1779558565833,1779558565865,1157,1779558526247,1779558565825,delta,"0,0.05"
1779558565864,1779558565865,1158,1779558526247,1779558565856,delta,"0,0.05"
1779558565895,1779558565903,1159,1779558526247,1779558565887,delta,"0,0.05"
1779558565927,1779558565953,1160,1779558526247,1779558565918,delta,"0,0.05"
1779558565958,1779558565986,1161,1779558526247,1779558565950,delta,"0,0.05"
1779558565989,1779558566024,1162,1779558526247,1779558565981,delta,"0,0.05"
1779558566021,1779558566024,1163,1779558526247,1779558566013,delta,"0,0.05"
1779558566052,1779558566074,1164,1779558526247,1779558566044,delta,"0,0.05"
1779558566084,1779558566108,1165,1779558526247,1779558566075,delta,"0,0.05"
1779558566124,1779558566146,1166,1779558526247,1779558566116,delta,"0,0.05"
1779558566155,1779558566196,1167,1779558526247,1779558566146,delta,"0,0.05"
1779558566224,1779558566231,1168,1779558526247,1779558566216,delta,"0,0.05"
1779558566228,1779558566231,1169,1779558526247,1779558566220,delta,"0,0.05"
1779558566259,1779558566270,1170,1779558526247,1779558566251,delta,"0,0.05"
1779558566290,1779558566321,1171,1779558526247,1779558566282,delta,"0,0.05"
1779558566322,1779558566356,1172,1779558526247,1779558566314,delta,"0,0.05"
1779558566353,1779558566357,1173,1779558526247,1779558566345,delta,"0,0.05"
1779558566385,1779558566395,1174,1779558526247,1779558566376,delta,"0,0.05"
1779558566416,1779558566445,1175,1779558526247,1779558566408,delta,"0,0.05"
1779558566447,1779558566478,1176,1779558526247,1779558566439,delta,"0,0.05"
1779558566479,1779558566515,1177,1779558526247,1779558566471,delta,"0,0.05"
1779558566510,1779558566515,1178,1779558526247,1779558566502,delta,"0,0.05"
1779558566541,1779558566566,1179,1779558526247,1779558566533,delta,"0,0.05"
1779558566573,1779558566599,1180,1779558526247,1779558566564,delta,"0,0.05"
1779558566604,1779558566637,1181,1779558526247,1779558566596,delta,"0,0.05"
1779558566645,1779558566687,1182,1779558526247,1779558566637,delta,"0,0.05"
1779558566675,1779558566687,1183,1779558526247,1779558566667,delta,"0,0.05"
1779558566715,1779558566721,1184,1779558526247,1779558566707,delta,"0,0.05"
1779558566746,1779558566758,1185,1779558526247,1779558566738,delta,"0,0.05"
1779558566777,1779558566809,1186,1779558526247,1779558566769,delta,"0,0.05"
1779558566808,1779558566809,1187,1779558526247,1779558566800,delta,"0,0.05"
1779558566840,1779558566842,1188,1779558526247,1779558566831,delta,"0,0.05"
1779558566871,1779558566880,1189,1779558526247,1779558566863,delta,"0,0.05"
1779558566902,1779558566930,1190,1779558526247,1779558566894,delta,"0,0.05"
1779558566934,1779558566964,1191,1779558526247,1779558566925,delta,"0,0.05"
1779558566965,1779558567004,1192,1779558526247,1779558566957,delta,"0,0.05"
1779558566996,1779558567004,1193,1779558526247,1779558566988,delta,"0,0.05"
1779558567027,1779558567056,1194,1779558526247,1779558567019,delta,"0,0.05"
1779558567059,1779558567090,1195,1779558526247,1779558567051,delta,"0,0.05"
1779558567090,1779558567129,1196,1779558526247,1779558567082,delta,"0,0.05"
1779558567160,1779558567180,1197,1779558526247,1779558567152,delta,"0,0.05"
1779558567164,1779558567180,1198,1779558526247,1779558567156,delta,"0,0.05"
1779558567195,1779558567214,1199,1779558526247,1779558567187,delta,"0,0.05"
1779558567266,1779558567302,1200,1779558526247,1779558567258,delta,"0,0.05"
1779558567269,1779558567302,1201,1779558526247,1779558567261,delta,"0,0.05"
1779558567300,1779558567302,1202,1779558526247,1779558567292,delta,"0,0.05"
1779558567332,1779558567335,1203,1779558526247,1779558567324,delta,"0,0.05"
1779558567363,1779558567373,1204,1779558526247,1779558567355,delta,"0,0.05"
1779558567394,1779558567424,1205,1779558526247,1779558567386,delta,"0,0.05"
1779558567425,1779558567457,1206,1779558526247,1779558567417,delta,"0,0.05"
1779558567457,1779558567457,1207,1779558526247,1779558567449,delta,"0,0.05"
1779558567488,1779558567496,1208,1779558526247,1779558567480,delta,"0,0.05"
1779558567520,1779558567546,1209,1779558526247,1779558567512,delta,"0,0.05"
1779558567560,1779558567579,1210,1779558526247,1779558567552,delta,"0,0.05"
1779558567591,1779558567617,1211,1779558526247,1779558567583,delta,"0,0.05"
1779558567622,1779558567667,1212,1779558526247,1779558567614,delta,"0,0.05"
1779558567663,1779558567667,1213,1779558526247,1779558567655,delta,"0,0.05"
1779558567694,1779558567700,1214,1779558526247,1779558567686,delta,"0,0.05"
1779558567734,1779558567738,1215,1779558526247,1779558567726,delta,"0,0.05"
1779558567764,1779558567788,1216,1779558526247,1779558567756,delta,"0,0.05"
1779558567795,1779558567821,1217,1779558526247,1779558567787,delta,"0,0.05"
1779558567827,1779558567860,1218,1779558526247,1779558567819,delta,"0,0.05"
1779558567859,1779558567860,1219,1779558526247,1779558567850,delta,"0,0.05"
1779558567889,1779558567910,1220,1779558526247,1779558567881,delta,"0,0.05"
1779558567920,1779558567945,1221,1779558526247,1779558567912,delta,"0,0.05"
1779558567952,1779558567984,1222,1779558526247,1779558567944,delta,"0,0.05"
1779558567983,1779558567984,1223,1779558526247,1779558567975,delta,"0,0.05"
1779558568014,1779558568033,1224,1779558526247,1779558568006,delta,"0,0.05"
1779558568045,1779558568069,1225,1779558526247,1779558568037,delta,"0,0.05"
1779558568077,1779558568108,1226,1779558526247,1779558568069,delta,"0,0.05"
1779558568108,1779558568159,1227,1779558526247,1779558568100,delta,"0,0.05"
1779558568178,1779558568195,1228,1779558526247,1779558568170,delta,"0,0.05"
1779558568182,1779558568195,1229,1779558526247,1779558568174,delta,"0,0.05"
1779558568213,1779558568232,1230,1779558526247,1779558568205,delta,"0,0.05"
1779558568283,1779558568317,1231,1779558526247,1779558568275,delta,"0,0.05"
1779558568286,1779558568317,1232,1779558526247,1779558568278,delta,"0,0.05"
1779558568318,1779558568356,1233,1779558526247,1779558568310,delta,"0,0.05"
1779558568349,1779558568356,1234,1779558526247,1779558568341,delta,"0,0.05"
1779558568381,1779558568407,1235,1779558526247,1779558568372,delta,"0,0.05"
1779558568412,1779558568443,1236,1779558526247,1779558568403,delta,"0,0.05"
1779558568445,1779558568482,1237,1779558526247,1779558568435,delta,"0,0.05"
1779558568474,1779558568482,1238,1779558526247,1779558568466,delta,"0,0.05"
1779558568506,1779558568533,1239,1779558526247,1779558568497,delta,"0,0.05"
1779558568537,1779558568566,1240,1779558526247,1779558568529,delta,"0,0.05"
1779558568568,1779558568604,1241,1779558526247,1779558568560,delta,"0,0.05"
1779558568599,1779558568604,1242,1779558526247,1779558568591,delta,"0,0.05"
1779558568631,1779558568655,1243,1779558526247,1779558568623,delta,"0,0.05"
1779558568663,1779558568689,1244,1779558526247,1779558568655,delta,"0,0.05"
1779558568703,1779558568727,1245,1779558526247,1779558568695,delta,"0,0.05"
1779558568733,1779558568777,1246,1779558526247,1779558568725,delta,"0,0.05"
1779558568766,1779558568777,1247,1779558526247,1779558568758,delta,"0,0.05"
1779558568805,1779558568810,1248,1779558526247,1779558568797,delta,"0,0.05"
1779558568836,1779558568848,1249,1779558526247,1779558568828,delta,"0,0.05"
1779558568867,1779558568898,1250,1779558526247,1779558568859,delta,"0,0.05"
1779558568899,1779558568931,1251,1779558526247,1779558568891,delta,"0,0.05"
1779558568930,1779558568931,1252,1779558526247,1779558568922,delta,"0,0.05"
1779558568961,1779558568970,1253,1779558526247,1779558568953,delta,"0,0.05"
1779558568992,1779558569020,1254,1779558526247,1779558568984,delta,"0,0.05"
1779558569024,1779558569054,1255,1779558526247,1779558569015,delta,"0,0.05"
1779558569055,1779558569092,1256,1779558526247,1779558569047,delta,"0,0.05"
1779558569086,1779558569092,1257,1779558526247,1779558569078,delta,"0,0.05"
1779558569117,1779558569143,1258,1779558526247,1779558569109,delta,"0,0.05"
1779558569150,1779558569176,1259,1779558526247,1779558569142,delta,"0,0.05"
1779558569192,1779558569215,1260,1779558526247,1779558569184,delta,"0,0.05"
1779558569223,1779558569265,1261,1779558526247,1779558569215,delta,"0,0.05"
1779558569263,1779558569265,1262,1779558526247,1779558569255,delta,"0,0.05"
1779558569294,1779558569300,1263,1779558526247,1779558569285,delta,"0,0.05"
1779558569325,1779558569339,1264,1779558526247,1779558569317,delta,"0,0.05"
1779558569356,1779558569389,1265,1779558526247,1779558569348,delta,"0,0.05"
1779558569387,1779558569389,1266,1779558526247,1779558569379,delta,"0,0.05"
1779558569419,1779558569423,1267,1779558526247,1779558569411,delta,"0,0.05"
1779558569450,1779558569460,1268,1779558526247,1779558569442,delta,"0,0.05"
1779558569481,1779558569511,1269,1779558526247,1779558569473,delta,"0,0.05"
1779558569512,1779558569545,1270,1779558526247,1779558569504,delta,"0,0.05"
1779558569544,1779558569545,1271,1779558526247,1779558569536,delta,"0,0.05"
1779558569575,1779558569582,1272,1779558526247,1779558569567,delta,"0,0.05"
1779558569607,1779558569633,1273,1779558526247,1779558569598,delta,"0,0.05"
1779558569638,1779558569666,1274,1779558526247,1779558569630,delta,"0,0.05"
1779558569708,1779558569757,1275,1779558526247,1779558569700,delta,"0,0.05"
1779558569714,1779558569757,1276,1779558526247,1779558569706,delta,"0,0.05"
1779558569745,1779558569757,1277,1779558526247,1779558569737,delta,"0,0.05"
1779558569785,1779558569791,1278,1779558526247,1779558569777,delta,"0,0.05"
1779558569815,1779558569829,1279,1779558526247,1779558569807,delta,"0,0.05"
1779558569847,1779558569879,1280,1779558526247,1779558569839,delta,"0,0.05"
1779558569878,1779558569879,1281,1779558526247,1779558569870,delta,"0,0.05"
1779558569909,1779558569913,1282,1779558526247,1779558569901,delta,"0,0.05"
1779558569941,1779558569950,1283,1779558526247,1779558569932,delta,"0,0.05"
1779558569972,1779558570001,1284,1779558526247,1779558569964,delta,"0,0.05"
1779558570003,1779558570035,1285,1779558526247,1779558569995,delta,"0,0.05"
1779558570035,1779558570035,1286,1779558526247,1779558570026,delta,"0,0.05"
1779558570066,1779558570074,1287,1779558526247,1779558570058,delta,"0,0.05"
1779558570097,1779558570125,1288,1779558526247,1779558570089,delta,"0,0.05"
1779558570129,1779558570158,1289,1779558526247,1779558570121,delta,"0,0.05"
1779558570160,1779558570196,1290,1779558526247,1779558570152,delta,"0,0.05"
1779558570192,1779558570196,1291,1779558526247,1779558570184,delta,"0,0.05"
1779558570235,1779558570246,1292,1779558526247,1779558570227,delta,"0,0.05"
1779558570265,1779558570279,1293,1779558526247,1779558570257,delta,"0,0.05"
1779558570298,1779558570317,1294,1779558526247,1779558570290,delta,"0,0.05"
1779558570337,1779558570368,1295,1779558526247,1779558570329,delta,"0,0.05"
1779558570368,1779558570401,1296,1779558526247,1779558570360,delta,"0,0.05"
1779558570399,1779558570401,1297,1779558526247,1779558570391,delta,"0,0.05"
1779558570431,1779558570439,1298,1779558526247,1779558570423,delta,"0,0.05"
1779558570462,1779558570490,1299,1779558526247,1779558570454,delta,"0,0.05"
1779558570493,1779558570526,1300,1779558526247,1779558570485,delta,"0,0.05"
1779558570525,1779558570526,1301,1779558526247,1779558570517,delta,"0,0.05"
1779558570556,1779558570564,1302,1779558526247,1779558570548,delta,"0,0.05"
1779558570588,1779558570615,1303,1779558526247,1779558570579,delta,"0,0.05"
1779558570619,1779558570649,1304,1779558526247,1779558570611,delta,"0,0.05"
1779558570650,1779558570688,1305,1779558526247,1779558570642,delta,"0,0.05"
1779558570682,1779558570688,1306,1779558526247,1779558570674,delta,"0,0.05"
1779558570714,1779558570739,1307,1779558526247,1779558570706,delta,"0,0.05"
1779558570755,1779558570773,1308,1779558526247,1779558570746,delta,"0,0.05"
1779558570785,1779558570811,1309,1779558526247,1779558570777,delta,"0,0.05"
1779558570826,1779558570861,1310,1779558526247,1779558570818,delta,"0,0.05"
1779558570857,1779558570861,1311,1779558526247,1779558570848,delta,"0,0.05"
1779558570888,1779558570894,1312,1779558526247,1779558570880,delta,"0,0.05"
1779558570919,1779558570933,1313,1779558526247,1779558570911,delta,"0,0.05"
1779558570951,1779558570984,1314,1779558526247,1779558570943,delta,"0,0.05"
1779558570982,1779558570984,1315,1779558526247,1779558570974,delta,"0,0.05"
1779558571013,1779558571017,1316,1779558526247,1779558571005,delta,"0,0.05"
1779558571044,1779558571056,1317,1779558526247,1779558571036,delta,"0,0.05"
1779558571076,1779558571108,1318,1779558526247,1779558571068,delta,"0,0.05"
1779558571107,1779558571108,1319,1779558526247,1779558571099,delta,"0,0.05"
1779558571139,1779558571141,1320,1779558526247,1779558571131,delta,"0,0.05"
1779558571170,1779558571179,1321,1779558526247,1779558571162,delta,"0,0.05"
1779558571201,1779558571229,1322,1779558526247,1779558571193,delta,"0,0.05"
1779558571273,1779558571301,1323,1779558526247,1779558571264,delta,"0,0.05"
1779558571276,1779558571301,1324,1779558526247,1779558571268,delta,"0,0.05"
1779558571308,1779558571351,1325,1779558526247,1779558571300,delta,"0,0.05"
1779558571348,1779558571351,1326,1779558526247,1779558571340,delta,"0,0.05"
1779558571379,1779558571385,1327,1779558526247,1779558571371,delta,"0,0.05"
1779558571410,1779558571424,1328,1779558526247,1779558571402,delta,"0,0.05"
1779558571441,1779558571474,1329,1779558526247,1779558571433,delta,"0,0.05"
1779558571472,1779558571474,1330,1779558526247,1779558571464,delta,"0,0.05"
1779558571504,1779558571508,1331,1779558526247,1779558571496,delta,"0,0.05"
1779558571535,1779558571546,1332,1779558526247,1779558571527,delta,"0,0.05"
1779558571566,1779558571596,1333,1779558526247,1779558571558,delta,"0,0.05"
1779558571598,1779558571631,1334,1779558526247,1779558571590,delta,"0,0.05"
1779558571629,1779558571632,1335,1779558526247,1779558571621,delta,"0,0.05"
1779558571660,1779558571670,1336,1779558526247,1779558571652,delta,"0,0.05"
1779558571691,1779558571722,1337,1779558526247,1779558571683,delta,"0,0.05"
1779558571762,1779558571793,1338,1779558526247,1779558571754,delta,"0,0.05"
1779558571765,1779558571793,1339,1779558526247,1779558571757,delta,"0,0.05"
1779558571797,1779558571843,1340,1779558526247,1779558571789,delta,"0,0.05"
1779558571867,1779558571878,1341,1779558526247,1779558571859,delta,"0,0.05"
1779558571871,1779558571878,1342,1779558526247,1779558571863,delta,"0,0.05"
1779558571903,1779558571917,1343,1779558526247,1779558571894,delta,"0,0.05"
1779558571933,1779558571967,1344,1779558526247,1779558571925,delta,"0,0.05"
1779558571965,1779558571967,1345,1779558526247,1779558571956,delta,"0,0.05"
1779558571996,1779558572003,1346,1779558526247,1779558571988,delta,"0,0.05"
1779558572028,1779558572041,1347,1779558526247,1779558572019,delta,"0,0.05"
1779558572059,1779558572092,1348,1779558526247,1779558572050,delta,"0,0.05"
1779558572092,1779558572092,1349,1779558526247,1779558572084,delta,"0,0.05"
1779558572128,1779558572163,1350,1779558526247,1779558572119,delta,"0,0.05"
1779558572163,1779558572214,1351,1779558526247,1779558572155,delta,"0,0.05"
1779558572198,1779558572214,1352,1779558526247,1779558572190,delta,"0,0.05"
1779558572234,1779558572247,1353,1779558526247,1779558572225,delta,"0,0.05"
1779558572277,1779558572285,1354,1779558526247,1779558572269,delta,"0,0.05"
1779558572311,1779558572335,1355,1779558526247,1779558572303,delta,"0,0.05"
1779558572344,1779558572368,1356,1779558526247,1779558572336,delta,"0,0.05"
1779558572384,1779558572406,1357,1779558526247,1779558572375,delta,"0,0.05"
1779558572414,1779558572456,1358,1779558526247,1779558572406,delta,"0,0.05"
1779558572445,1779558572456,1359,1779558526247,1779558572437,delta,"0,0.05"
1779558572477,1779558572489,1360,1779558526247,1779558572468,delta,"0,0.05"
1779558572508,1779558572528,1361,1779558526247,1779558572500,delta,"0,0.05"
1779558572539,1779558572578,1362,1779558526247,1779558572531,delta,"0,0.05"
1779558572571,1779558572578,1363,1779558526247,1779558572562,delta,"0,0.05"
1779558572602,1779558572614,1364,1779558526247,1779558572594,delta,"0,0.05"
1779558572633,1779558572652,1365,1779558526247,1779558572625,delta,"0,0.05"
1779558572664,1779558572702,1366,1779558526247,1779558572656,delta,"0,0.05"
1779558572695,1779558572702,1367,1779558526247,1779558572687,delta,"0,0.05"
1779558572727,1779558572735,1368,1779558526247,1779558572719,delta,"0,0.05"
1779558572798,1779558572823,1369,1779558526247,1779558572790,delta,"0,0.05"
1779558572801,1779558572823,1370,1779558526247,1779558572793,delta,"0,0.05"
1779558572833,1779558572857,1371,1779558526247,1779558572825,delta,"0,0.05"
1779558572872,1779558572896,1372,1779558526247,1779558572864,delta,"0,0.05"
1779558572903,1779558572947,1373,1779558526247,1779558572895,delta,"0,0.05"
1779558572934,1779558572947,1374,1779558526247,1779558572926,delta,"0,0.05"
1779558572966,1779558572979,1375,1779558526247,1779558572957,delta,"0,0.05"
1779558572997,1779558573017,1376,1779558526247,1779558572989,delta,"0,0.05"
1779558573028,1779558573070,1377,1779558526247,1779558573020,delta,"0,0.05"
1779558573060,1779558573070,1378,1779558526247,1779558573051,delta,"0,0.05"
1779558573090,1779558573104,1379,1779558526247,1779558573082,delta,"0,0.05"
1779558573122,1779558573142,1380,1779558526247,1779558573113,delta,"0,0.05"
1779558573153,1779558573192,1381,1779558526247,1779558573145,delta,"0,0.05"
1779558573184,1779558573192,1382,1779558526247,1779558573176,delta,"0,0.05"
1779558573215,1779558573227,1383,1779558526247,1779558573207,delta,"0,0.05"
1779558573247,1779558573265,1384,1779558526247,1779558573239,delta,"0,0.05"
1779558573280,1779558573315,1385,1779558526247,1779558573271,delta,"0,0.05"
1779558573320,1779558573349,1386,1779558526247,1779558573311,delta,"0,0.05"
1779558573389,1779558573439,1387,1779558526247,1779558573381,delta,"0,0.05"
1779558573392,1779558573439,1388,1779558526247,1779558573384,delta,"0,0.05"
1779558573423,1779558573439,1389,1779558526247,1779558573415,delta,"0,0.05"
1779558573455,1779558573473,1390,1779558526247,1779558573447,delta,"0,0.05"
1779558573486,1779558573512,1391,1779558526247,1779558573478,delta,"0,0.05"
1779558573517,1779558573564,1392,1779558526247,1779558573509,delta,"0,0.05"
1779558573549,1779558573564,1393,1779558526247,1779558573540,delta,"0,0.05"
1779558573580,1779558573597,1394,1779558526247,1779558573572,delta,"0,0.05"
1779558573611,1779558573635,1395,1779558526247,1779558573603,delta,"0,0.05"
1779558573642,1779558573685,1396,1779558526247,1779558573634,delta,"0,0.05"
1779558573674,1779558573685,1397,1779558526247,1779558573665,delta,"0,0.05"
1779558573705,1779558573719,1398,1779558526247,1779558573697,delta,"0,0.05"
1779558573737,1779558573758,1399,1779558526247,1779558573728,delta,"0,0.05"
1779558573768,1779558573809,1400,1779558526247,1779558573760,delta,"0,0.05"
1779558573809,1779558573843,1401,1779558526247,1779558573801,delta,"0,0.05"
1779558573840,1779558573843,1402,1779558526247,1779558573831,delta,"0,0.05"
1779558573872,1779558573881,1403,1779558526247,1779558573864,delta,"0,0.05"
1779558573912,1779558573931,1404,1779558526247,1779558573904,delta,"0,0.05"
1779558573942,1779558573966,1405,1779558526247,1779558573934,delta,"0,0.05"
1779558573974,1779558574004,1406,1779558526247,1779558573965,delta,"0,0.05"
1779558574005,1779558574054,1407,1779558526247,1779558573997,delta,"0,0.05"
1779558574036,1779558574054,1408,1779558526247,1779558574028,delta,"0,0.05"
1779558574068,1779558574091,1409,1779558526247,1779558574059,delta,"0,0.05"
1779558574099,1779558574130,1410,1779558526247,1779558574091,delta,"0,0.05"
1779558574130,1779558574180,1411,1779558526247,1779558574122,delta,"0,0.05"
1779558574162,1779558574180,1412,1779558526247,1779558574154,delta,"0,0.05"
1779558574193,1779558574214,1413,1779558526247,1779558574185,delta,"0,0.05"
1779558574224,1779558574252,1414,1779558526247,1779558574216,delta,"0,0.05"
1779558574256,1779558574302,1415,1779558526247,1779558574248,delta,"0,0.05"
1779558574326,1779558574336,1416,1779558526247,1779558574318,delta,"0,0.05"
1779558574329,1779558574336,1417,1779558526247,1779558574321,delta,"0,0.05"
1779558574361,1779558574374,1418,1779558526247,1779558574353,delta,"0,0.05"
1779558574431,1779558574458,1419,1779558526247,1779558574423,delta,"0,0.05"
1779558574434,1779558574458,1420,1779558526247,1779558574426,delta,"0,0.05"
1779558574497,1779558574547,1421,1779558526247,1779558574489,delta,"0,0.05"
1779558574500,1779558574547,1422,1779558526247,1779558574492,delta,"0,0.05"
1779558574563,1779558574582,1423,1779558526247,1779558574555,delta,"0,0.05"
1779558574571,1779558574582,1424,1779558526247,1779558574563,delta,"0,0.05"
1779558574634,1779558574670,1425,1779558526247,1779558574626,delta,"0,0.05"
1779558574637,1779558574670,1426,1779558526247,1779558574629,delta,"0,0.05"
1779558574668,1779558574670,1427,1779558526247,1779558574660,delta,"0,0.05"
1779558574700,1779558574704,1428,1779558526247,1779558574692,delta,"0,0.05"
1779558574731,1779558574742,1429,1779558526247,1779558574723,delta,"0,0.05"
1779558574801,1779558574828,1430,1779558526247,1779558574793,delta,"0,0.05"
1779558574804,1779558574829,1431,1779558526247,1779558574796,delta,"0,0.05"
1779558574870,1779558574870,1432,1779558526247,1779558574860,delta,"0,0.05"
1779558574876,1779558574921,1433,1779558526247,1779558574868,delta,"0,0.05"
1779558574909,1779558574921,1434,1779558526247,1779558574901,delta,"0,0.05"
1779558574941,1779558574957,1435,1779558526247,1779558574933,delta,"0,0.05"
1779558575004,1779558575044,1436,1779558526247,1779558574996,delta,"0,0.05"
1779558575007,1779558575044,1437,1779558526247,1779558574999,delta,"0,0.05"
1779558575042,1779558575044,1438,1779558526247,1779558575033,delta,"0,0.05"
1779558575104,1779558575116,1439,1779558526247,1779558575095,delta,"0,0.05"
1779558575106,1779558575116,1440,1779558526247,1779558575098,delta,"0,0.05"
1779558575170,1779558575200,1441,1779558526247,1779558575161,delta,"0,0.05"
1779558575173,1779558575200,1442,1779558526247,1779558575164,delta,"0,0.05"
1779558575236,1779558575238,1443,1779558526247,1779558575228,delta,"0,0.05"
1779558575239,1779558575288,1444,1779558526247,1779558575231,delta,"0,0.05"
1779558575271,1779558575288,1445,1779558526247,1779558575263,delta,"0,0.05"
1779558575306,1779558575323,1446,1779558526247,1779558575298,delta,"0,0.05"
1779558575368,1779558575413,1447,1779558526247,1779558575360,delta,"0,0.05"
1779558575376,1779558575413,1448,1779558526247,1779558575368,delta,"0,0.05"
1779558575407,1779558575413,1449,1779558526247,1779558575399,delta,"0,0.05"
1779558575439,1779558575447,1450,1779558526247,1779558575431,delta,"0,0.05"
1779558575470,1779558575487,1451,1779558526247,1779558575462,delta,"0,0.05"
1779558575501,1779558575537,1452,1779558526247,1779558575493,delta,"0,0.05"
1779558575532,1779558575537,1453,1779558526247,1779558575524,delta,"0,0.05"
1779558575564,1779558575571,1454,1779558526247,1779558575555,delta,"0,0.05"
1779558575626,1779558575659,1455,1779558526247,1779558575618,delta,"0,0.05"
1779558575629,1779558575659,1456,1779558526247,1779558575621,delta,"0,0.05"
1779558575661,1779558575693,1457,1779558526247,1779558575653,delta,"0,0.05"
1779558575693,1779558575693,1458,1779558526247,1779558575685,delta,"0,0.05"
1779558575724,1779558575732,1459,1779558526247,1779558575715,delta,"0,0.05"
1779558575755,1779558575784,1460,1779558526247,1779558575747,delta,"0,0.05"
1779558575786,1779558575817,1461,1779558526247,1779558575778,delta,"0,0.05"
1779558575818,1779558575856,1462,1779558526247,1779558575810,delta,"0,0.05"
1779558575860,1779558575907,1463,1779558526247,1779558575852,delta,"0,0.05"
1779558575894,1779558575908,1464,1779558526247,1779558575886,delta,"0,0.05"
1779558575927,1779558575943,1465,1779558526247,1779558575919,delta,"0,0.05"
1779558575973,1779558575981,1466,1779558526247,1779558575965,delta,"0,0.05"
1779558575999,1779558576032,1467,1779558526247,1779558575991,delta,"0,0.05"
1779558576033,1779558576067,1468,1779558526247,1779558576025,delta,"0,0.05"
1779558576066,1779558576067,1469,1779558526247,1779558576058,delta,"0,0.05"
1779558576103,1779558576105,1470,1779558526247,1779558576095,delta,"0,0.05"
1779558576133,1779558576156,1471,1779558526247,1779558576125,delta,"0,0.05"
1779558576167,1779558576189,1472,1779558526247,1779558576158,delta,"0,0.05"
1779558576203,1779558576227,1473,1779558526247,1779558576195,delta,"0,0.05"
1779558576233,1779558576277,1474,1779558526247,1779558576225,delta,"0,0.05"
1779558576267,1779558576277,1475,1779558526247,1779558576258,delta,"0,0.05"
1779558576304,1779558576310,1476,1779558526247,1779558576295,delta,"0,0.05"
1779558576334,1779558576348,1477,1779558526247,1779558576325,delta,"0,0.05"
1779558576373,1779558576399,1478,1779558526247,1779558576365,delta,"0,0.05"
1779558576443,1779558576470,1479,1779558526247,1779558576435,delta,"0,0.05"
1779558576448,1779558576470,1480,1779558526247,1779558576440,delta,"0,0.05"
1779558576481,1779558576520,1481,1779558526247,1779558576473,delta,"0,0.05"
1779558576518,1779558576520,1482,1779558526247,1779558576510,delta,"0,0.05"
1779558576549,1779558576553,1483,1779558526247,1779558576540,delta,"0,0.05"
1779558576581,1779558576592,1484,1779558526247,1779558576573,delta,"0,0.05"
1779558576615,1779558576643,1485,1779558526247,1779558576606,delta,"0,0.05"
1779558576653,1779558576677,1486,1779558526247,1779558576645,delta,"0,0.05"
1779558576681,1779558576717,1487,1779558526247,1779558576673,delta,"0,0.05"
1779558576714,1779558576717,1488,1779558526247,1779558576706,delta,"0,0.05"
1779558576748,1779558576767,1489,1779558526247,1779558576739,delta,"0,0.05"
1779558576782,1779558576801,1490,1779558526247,1779558576774,delta,"0,0.05"
1779558576814,1779558576839,1491,1779558526247,1779558576806,delta,"0,0.05"
1779558576848,1779558576890,1492,1779558526247,1779558576839,delta,"0,0.05"
1779558576893,1779558576925,1493,1779558526247,1779558576885,delta,"0,0.05"
1779558576920,1779558576925,1494,1779558526247,1779558576912,delta,"0,0.05"
1779558576953,1779558576962,1495,1779558526247,1779558576945,delta,"0,0.05"
1779558576997,1779558577012,1496,1779558526247,1779558576989,delta,"0,0.05"
1779558577024,1779558577045,1497,1779558526247,1779558577016,delta,"0,0.05"
1779558577091,1779558577133,1498,1779558526247,1779558577083,delta,"0,0.05"
1779558577101,1779558577133,1499,1779558526247,1779558577093,delta,"0,0.05"
1779558577136,1779558577166,1500,1779558526247,1779558577128,delta,"0,0.05"
1779558577168,1779558577206,1501,1779558526247,1779558577159,delta,"0,0.05"
1779558577199,1779558577206,1502,1779558526247,1779558577191,delta,"0,0.05"
1779558577231,1779558577256,1503,1779558526247,1779558577222,delta,"0,0.05"
1779558577262,1779558577290,1504,1779558526247,1779558577254,delta,"0,0.05"
1779558577295,1779558577328,1505,1779558526247,1779558577287,delta,"0,0.05"
1779558577326,1779558577328,1506,1779558526247,1779558577318,delta,"0,0.05"
1779558577397,1779558577418,1507,1779558526247,1779558577389,delta,"0,0.05"
1779558577401,1779558577418,1508,1779558526247,1779558577392,delta,"0,0.05"
1779558577433,1779558577455,1509,1779558526247,1779558577425,delta,"0,0.05"
1779558577472,1779558577505,1510,1779558526247,1779558577464,delta,"0,0.05"
1779558577502,1779558577505,1511,1779558526247,1779558577494,delta,"0,0.05"
1779558577533,1779558577538,1512,1779558526247,1779558577525,delta,"0,0.05"
1779558577565,1779558577576,1513,1779558526247,1779558577557,delta,"0,0.05"
1779558577596,1779558577626,1514,1779558526247,1779558577588,delta,"0,0.05"
1779558577627,1779558577661,1515,1779558526247,1779558577619,delta,"0,0.05"
1779558577659,1779558577661,1516,1779558526247,1779558577651,delta,"0,0.05"
1779558577690,1779558577702,1517,1779558526247,1779558577681,delta,"0,0.05"
1779558577721,1779558577753,1518,1779558526247,1779558577713,delta,"0,0.05"
1779558577752,1779558577753,1519,1779558526247,1779558577744,delta,"0,0.05"
1779558577783,1779558577788,1520,1779558526247,1779558577775,delta,"0,0.05"
1779558577815,1779558577827,1521,1779558526247,1779558577807,delta,"0,0.05"
1779558577846,1779558577877,1522,1779558526247,1779558577838,delta,"0,0.05"
1779558577878,1779558577910,1523,1779558526247,1779558577870,delta,"0,0.05"
1779558577918,1779558577949,1524,1779558526247,1779558577910,delta,"0,0.05"
1779558577987,1779558578000,1525,1779558526247,1779558577979,delta,"0,0.05"
1779558577991,1779558578000,1526,1779558526247,1779558577983,delta,"0,0.05"
1779558578023,1779558578034,1527,1779558526247,1779558578015,delta,"0,0.05"
1779558578054,1779558578072,1528,1779558526247,1779558578046,delta,"0,0.05"
1779558578086,1779558578123,1529,1779558526247,1779558578078,delta,"0,0.05"
1779558578118,1779558578123,1530,1779558526247,1779558578110,delta,"0,0.05"
1779558578150,1779558578158,1531,1779558526247,1779558578142,delta,"0,0.05"
1779558578182,1779558578196,1532,1779558526247,1779558578174,delta,"0,0.05"
1779558578213,1779558578247,1533,1779558526247,1779558578205,delta,"0,0.05"
1779558578245,1779558578247,1534,1779558526247,1779558578237,delta,"0,0.05"
1779558578308,1779558578319,1535,1779558526247,1779558578299,delta,"0,0.05"
1779558578311,1779558578319,1536,1779558526247,1779558578303,delta,"0,0.05"
1779558578344,1779558578370,1537,1779558526247,1779558578335,delta,"0,0.05"
1779558578377,1779558578403,1538,1779558526247,1779558578369,delta,"0,0.05"
1779558578449,1779558578491,1539,1779558526247,1779558578440,delta,"0,0.05"
1779558578452,1779558578491,1540,1779558526247,1779558578444,delta,"0,0.05"
1779558578485,1779558578491,1541,1779558526247,1779558578477,delta,"0,0.05"
1779558578524,1779558578527,1542,1779558526247,1779558578516,delta,"0,0.05"
1779558578586,1779558578618,1543,1779558526247,1779558578578,delta,"0,0.05"
1779558578589,1779558578618,1544,1779558526247,1779558578581,delta,"0,0.05"
1779558578622,1779558578651,1545,1779558526247,1779558578614,delta,"0,0.05"
1779558578653,1779558578690,1546,1779558526247,1779558578645,delta,"0,0.05"
1779558578685,1779558578690,1547,1779558526247,1779558578677,delta,"0,0.05"
1779558578747,1779558578773,1548,1779558526247,1779558578739,delta,"0,0.05"
1779558578750,1779558578773,1549,1779558526247,1779558578742,delta,"0,0.05"
1779558578782,1779558578811,1550,1779558526247,1779558578774,delta,"0,0.05"
1779558578814,1779558578861,1551,1779558526247,1779558578806,delta,"0,0.05"
1779558578846,1779558578861,1552,1779558526247,1779558578837,delta,"0,0.05"
1779558578877,1779558578895,1553,1779558526247,1779558578868,delta,"0,0.05"
1779558578909,1779558578932,1554,1779558526247,1779558578901,delta,"0,0.05"
1779558578949,1779558578983,1555,1779558526247,1779558578941,delta,"0,0.05"
1779558579018,1779558579019,1556,1779558526247,1779558579010,delta,"0,0.05"
1779558579021,1779558579056,1557,1779558526247,1779558579013,delta,"0,0.05"
1779558579052,1779558579056,1558,1779558526247,1779558579044,delta,"0,0.05"
1779558579084,1779558579106,1559,1779558526247,1779558579076,delta,"0,0.05"
1779558579115,1779558579139,1560,1779558526247,1779558579107,delta,"0,0.05"
1779558579146,1779558579176,1561,1779558526247,1779558579138,delta,"0,0.05"
1779558579178,1779558579227,1562,1779558526247,1779558579170,delta,"0,0.05"
1779558579209,1779558579227,1563,1779558526247,1779558579201,delta,"0,0.05"
1779558579240,1779558579261,1564,1779558526247,1779558579232,delta,"0,0.05"
1779558579303,1779558579349,1565,1779558526247,1779558579295,delta,"0,0.05"
1779558579306,1779558579349,1566,1779558526247,1779558579298,delta,"0,0.05"
1779558579370,1779558579382,1567,1779558526247,1779558579362,delta,"0,0.05"
1779558579374,1779558579382,1568,1779558526247,1779558579366,delta,"0,0.05"
1779558579407,1779558579421,1569,1779558526247,1779558579399,delta,"0,0.05"
1779558579447,1779558579472,1570,1779558526247,1779558579439,delta,"0,0.05"
1779558579517,1779558579546,1571,1779558526247,1779558579509,delta,"0,0.05"
1779558579551,1779558579597,1572,1779558526247,1779558579543,delta,"0,0.05"
1779558579554,1779558579597,1573,1779558526247,1779558579546,delta,"0,0.05"
1779558579618,1779558579630,1574,1779558526247,1779558579610,delta,"0,0.05"
1779558579621,1779558579630,1575,1779558526247,1779558579613,delta,"0,0.05"
1779558579684,1779558579719,1576,1779558526247,1779558579676,delta,"0,0.05"
1779558579687,1779558579719,1577,1779558526247,1779558579679,delta,"0,0.05"
1779558579719,1779558579753,1578,1779558526247,1779558579712,delta,"0,0.05"
1779558579750,1779558579753,1579,1779558526247,1779558579742,delta,"0,0.05"
1779558579781,1779558579791,1580,1779558526247,1779558579773,delta,"0,0.05"
1779558579813,1779558579841,1581,1779558526247,1779558579805,delta,"0,0.05"
1779558579844,1779558579874,1582,1779558526247,1779558579836,delta,"0,0.05"
1779558579876,1779558579912,1583,1779558526247,1779558579868,delta,"0,0.05"
1779558579908,1779558579912,1584,1779558526247,1779558579900,delta,"0,0.05"
1779558579948,1779558579962,1585,1779558526247,1779558579940,delta,"0,0.05"
1779558579979,1779558579995,1586,1779558526247,1779558579971,delta,"0,0.05"
1779558580011,1779558580033,1587,1779558526247,1779558580002,delta,"0,0.05"
1779558580050,1779558580083,1588,1779558526247,1779558580042,delta,"0,0.05"
1779558580081,1779558580083,1589,1779558526247,1779558580073,delta,"0,0.05"
1779558580112,1779558580117,1590,1779558526247,1779558580104,delta,"0,0.05"
1779558580143,1779558580156,1591,1779558526247,1779558580135,delta,"0,0.05"
1779558580174,1779558580207,1592,1779558526247,1779558580167,delta,"0,0.05"
1779558580237,1779558580240,1593,1779558526247,1779558580229,delta,"0,0.05"
1779558580271,1779558580278,1594,1779558526247,1779558580263,delta,"0,0.05"
1779558580275,1779558580278,1595,1779558526247,1779558580267,delta,"0,0.05"
1779558580338,1779558580362,1596,1779558526247,1779558580329,delta,"0,0.05"
1779558580341,1779558580362,1597,1779558526247,1779558580332,delta,"0,0.05"
1779558580404,1779558580452,1598,1779558526247,1779558580396,delta,"0,0.05"
1779558580407,1779558580452,1599,1779558526247,1779558580399,delta,"0,0.05"
1779558580440,1779558580452,1600,1779558526247,1779558580431,delta,"0,0.05"
1779558580471,1779558580486,1601,1779558526247,1779558580463,delta,"0,0.05"
1779558580542,1779558580575,1602,1779558526247,1779558580534,delta,"0,0.05"
1779558580549,1779558580575,1603,1779558526247,1779558580541,delta,"0,0.05"
1779558580612,1779558580646,1604,1779558526247,1779558580604,delta,"0,0.05"
1779558580615,1779558580646,1605,1779558526247,1779558580606,delta,"0,0.05"
1779558580678,1779558580696,1606,1779558526247,1779558580670,delta,"0,0.05"
1779558580681,1779558580696,1607,1779558526247,1779558580673,delta,"0,0.05"
1779558580744,1779558580767,1608,1779558526247,1779558580736,delta,"0,0.05"
1779558580747,1779558580767,1609,1779558526247,1779558580738,delta,"0,0.05"
1779558580812,1779558580818,1610,1779558526247,1779558580804,delta,"0,0.05"
1779558580815,1779558580818,1611,1779558526247,1779558580807,delta,"0,0.05"
1779558580878,1779558580891,1612,1779558526247,1779558580870,delta,"0,0.05"
1779558580882,1779558580891,1613,1779558526247,1779558580874,delta,"0,0.05"
1779558580946,1779558580975,1614,1779558526247,1779558580938,delta,"0,0.05"
1779558580949,1779558580975,1615,1779558526247,1779558580941,delta,"0,0.05"
1779558581012,1779558581013,1616,1779558526247,1779558581004,delta,"0,0.05"
1779558581020,1779558581063,1617,1779558526247,1779558581012,delta,"0,0.05"
1779558581052,1779558581063,1618,1779558526247,1779558581043,delta,"0,0.05"
1779558581084,1779558581098,1619,1779558526247,1779558581076,delta,"0,0.05"
1779558581124,1779558581136,1620,1779558526247,1779558581116,delta,"0,0.05"
1779558581157,1779558581187,1621,1779558526247,1779558581148,delta,"0,0.05"
1779558581188,1779558581220,1622,1779558526247,1779558581179,delta,"0,0.05"
1779558581219,1779558581221,1623,1779558526247,1779558581211,delta,"0,0.05"
1779558581250,1779558581260,1624,1779558526247,1779558581242,delta,"0,0.05"
1779558581281,1779558581312,1625,1779558526247,1779558581273,delta,"0,0.05"
1779558581312,1779558581346,1626,1779558526247,1779558581304,delta,"0,0.05"
1779558581344,1779558581346,1627,1779558526247,1779558581336,delta,"0,0.05"
1779558581375,1779558581384,1628,1779558526247,1779558581367,delta,"0,0.05"
1779558581408,1779558581434,1629,1779558526247,1779558581400,delta,"0,0.05"
1779558581439,1779558581469,1630,1779558526247,1779558581431,delta,"0,0.05"
1779558581479,1779558581508,1631,1779558526247,1779558581471,delta,"0,0.05"
1779558581548,1779558581558,1632,1779558526247,1779558581540,delta,"0,0.05"
1779558581552,1779558581558,1633,1779558526247,1779558581544,delta,"0,0.05"
1779558581584,1779558581592,1634,1779558526247,1779558581576,delta,"0,0.05"
1779558581615,1779558581630,1635,1779558526247,1779558581607,delta,"0,0.05"
1779558581646,1779558581681,1636,1779558526247,1779558581638,delta,"0,0.05"
1779558581678,1779558581681,1637,1779558526247,1779558581670,delta,"0,0.05"
1779558581709,1779558581715,1638,1779558526247,1779558581701,delta,"0,0.05"
1779558581740,1779558581754,1639,1779558526247,1779558581732,delta,"0,0.05"
1779558581774,1779558581805,1640,1779558526247,1779558581766,delta,"0,0.05"
1779558581807,1779558581838,1641,1779558526247,1779558581799,delta,"0,0.05"
1779558581843,1779558581876,1642,1779558526247,1779558581835,delta,"0,0.05"
1779558581873,1779558581876,1643,1779558526247,1779558581865,delta,"0,0.05"
1779558581906,1779558581926,1644,1779558526247,1779558581898,delta,"0,0.05"
1779558581940,1779558581960,1645,1779558526247,1779558581932,delta,"0,0.05"
1779558582010,1779558582048,1646,1779558526247,1779558582002,delta,"0,0.05"
1779558582022,1779558582048,1647,1779558526247,1779558582014,delta,"0,0.05"
1779558582053,1779558582082,1648,1779558526247,1779558582045,delta,"0,0.05"
1779558582096,1779558582120,1649,1779558526247,1779558582088,delta,"0,0.05"
1779558582130,1779558582170,1650,1779558526247,1779558582122,delta,"0,0.05"
1779558582196,1779558582204,1651,1779558526247,1779558582188,delta,"0,0.05"
1779558582201,1779558582204,1652,1779558526247,1779558582193,delta,"0,0.05"
1779558582269,1779558582293,1653,1779558526247,1779558582261,delta,"0,0.05"
1779558582272,1779558582293,1654,1779558526247,1779558582264,delta,"0,0.05"
1779558582325,1779558582326,1655,1779558526247,1779558582316,delta,"0,0.05"
1779558582363,1779558582364,1656,1779558526247,1779558582354,delta,"0,0.05"
1779558582435,1779558582448,1657,1779558526247,1779558582427,delta,"0,0.05"
1779558582439,1779558582448,1658,1779558526247,1779558582431,delta,"0,0.05"
1779558582475,1779558582487,1659,1779558526247,1779558582467,delta,"0,0.05"
1779558582517,1779558582537,1660,1779558526247,1779558582509,delta,"0,0.05"
1779558582592,1779558582608,1661,1779558526247,1779558582584,delta,"0,0.05"
1779558582595,1779558582608,1662,1779558526247,1779558582587,delta,"0,0.05"
1779558582631,1779558582658,1663,1779558526247,1779558582623,delta,"0,0.05"
1779558582664,1779558582691,1664,1779558526247,1779558582656,delta,"0,0.05"
1779558582696,1779558582729,1665,1779558526247,1779558582688,delta,"0,0.05"
1779558582729,1779558582729,1666,1779558526247,1779558582721,delta,"0,0.05"
1779558582761,1779558582780,1667,1779558526247,1779558582753,delta,"0,0.05"
1779558582794,1779558582815,1668,1779558526247,1779558582785,delta,"0,0.05"
1779558582826,1779558582853,1669,1779558526247,1779558582818,delta,"0,0.05"
1779558582860,1779558582904,1670,1779558526247,1779558582851,delta,"0,0.05"
1779558582893,1779558582904,1671,1779558526247,1779558582885,delta,"0,0.05"
1779558582963,1779558582976,1672,1779558526247,1779558582954,delta,"0,0.05"
1779558583000,1779558583026,1673,1779558526247,1779558582992,delta,"0,0.05"
1779558583012,1779558583026,1674,1779558526247,1779558583004,delta,"0,0.05"
1779558583046,1779558583060,1675,1779558526247,1779558583038,delta,"0,0.05"
1779558583086,1779558583099,1676,1779558526247,1779558583078,delta,"0,0.05"
1779558583120,1779558583148,1677,1779558526247,1779558583112,delta,"0,0.05"
1779558583153,1779558583181,1678,1779558526247,1779558583145,delta,"0,0.05"
1779558583188,1779558583219,1679,1779558526247,1779558583179,delta,"0,0.05"
1779558583221,1779558583269,1680,1779558526247,1779558583212,delta,"0,0.05"
1779558583254,1779558583269,1681,1779558526247,1779558583246,delta,"0,0.05"
1779558583287,1779558583306,1682,1779558526247,1779558583279,delta,"0,0.05"
1779558583319,1779558583344,1683,1779558526247,1779558583311,delta,"0,0.05"
1779558583353,1779558583394,1684,1779558526247,1779558583345,delta,"0,0.05"
1779558583385,1779558583394,1685,1779558526247,1779558583377,delta,"0,0.05"
1779558583417,1779558583427,1686,1779558526247,1779558583409,delta,"0,0.05"
1779558583451,1779558583465,1687,1779558526247,1779558583443,delta,"0,0.05"
1779558583484,1779558583515,1688,1779558526247,1779558583476,delta,"0,0.05"
1779558583523,1779558583548,1689,1779558526247,1779558583515,delta,"0,0.05"
1779558583593,1779558583641,1690,1779558526247,1779558583585,delta,"0,0.05"
1779558583596,1779558583641,1691,1779558526247,1779558583588,delta,"0,0.05"
1779558583630,1779558583641,1692,1779558526247,1779558583621,delta,"0,0.05"
1779558583661,1779558583674,1693,1779558526247,1779558583653,delta,"0,0.05"
1779558583693,1779558583712,1694,1779558526247,1779558583685,delta,"0,0.05"
1779558583728,1779558583762,1695,1779558526247,1779558583720,delta,"0,0.05"
1779558583762,1779558583762,1696,1779558526247,1779558583754,delta,"0,0.05"
1779558583797,1779558583833,1697,1779558526247,1779558583788,delta,"0,0.05"
1779558583834,1779558583884,1698,1779558526247,1779558583826,delta,"0,0.05"
1779558583871,1779558583884,1699,1779558526247,1779558583863,delta,"0,0.05"
1779558583907,1779558583917,1700,1779558526247,1779558583899,delta,"0,0.05"
1779558583946,1779558583955,1701,1779558526247,1779558583938,delta,"0,0.05"
1779558583985,1779558584004,1702,1779558526247,1779558583977,delta,"0,0.05"
1779558584020,1779558584038,1703,1779558526247,1779558584012,delta,"0,0.05"
1779558584060,1779558584075,1704,1779558526247,1779558584051,delta,"0,0.05"
1779558584092,1779558584125,1705,1779558526247,1779558584084,delta,"0,0.05"
1779558584125,1779558584158,1706,1779558526247,1779558584117,delta,"0,0.05"
1779558584164,1779558584197,1707,1779558526247,1779558584156,delta,"0,0.05"
1779558584197,1779558584198,1708,1779558526247,1779558584189,delta,"0,0.05"
1779558584230,1779558584248,1709,1779558526247,1779558584222,delta,"0,0.05"
1779558584263,1779558584281,1710,1779558526247,1779558584255,delta,"0,0.05"
1779558584296,1779558584319,1711,1779558526247,1779558584288,delta,"0,0.05"
1779558584330,1779558584369,1712,1779558526247,1779558584322,delta,"0,0.05"
1779558584362,1779558584369,1713,1779558526247,1779558584354,delta,"0,0.05"
1779558584395,1779558584402,1714,1779558526247,1779558584387,delta,"0,0.05"
1779558584429,1779558584440,1715,1779558526247,1779558584421,delta,"0,0.05"
1779558584461,1779558584490,1716,1779558526247,1779558584453,delta,"0,0.05"
1779558584494,1779558584524,1717,1779558526247,1779558584486,delta,"0,0.05"
1779558584527,1779558584561,1718,1779558526247,1779558584519,delta,"0,0.05"
1779558584568,1779558584612,1719,1779558526247,1779558584560,delta,"0,0.05"
1779558584631,1779558584645,1720,1779558526247,1779558584623,delta,"0,0.05"
1779558584635,1779558584645,1721,1779558526247,1779558584627,delta,"0,0.05"
1779558584675,1779558584683,1722,1779558526247,1779558584666,delta,"0,0.05"
1779558584710,1779558584733,1723,1779558526247,1779558584702,delta,"0,0.05"
1779558584744,1779558584772,1724,1779558526247,1779558584736,delta,"0,0.05"
1779558584778,1779558584810,1725,1779558526247,1779558584770,delta,"0,0.05"
1779558584813,1779558584862,1726,1779558526247,1779558584805,delta,"0,0.05"
1779558584848,1779558584862,1727,1779558526247,1779558584840,delta,"0,0.05"
1779558584882,1779558584897,1728,1779558526247,1779558584874,delta,"0,0.05"
1779558584919,1779558584935,1729,1779558526247,1779558584911,delta,"0,0.05"
1779558584955,1779558584985,1730,1779558526247,1779558584946,delta,"0,0.05"
1779558584993,1779558585018,1731,1779558526247,1779558584985,delta,"0,0.05"
1779558585026,1779558585056,1732,1779558526247,1779558585018,delta,"0,0.05"
1779558585060,1779558585106,1733,1779558526247,1779558585052,delta,"0,0.05"
1779558585100,1779558585106,1734,1779558526247,1779558585092,delta,"0,0.05"
1779558585132,1779558585140,1735,1779558526247,1779558585124,delta,"0,0.05"
1779558585173,1779558585178,1736,1779558526247,1779558585165,delta,"0,0.05"
1779558585204,1779558585230,1737,1779558526247,1779558585195,delta,"0,0.05"
1779558585236,1779558585265,1738,1779558526247,1779558585227,delta,"0,0.05"
1779558585268,1779558585303,1739,1779558526247,1779558585259,delta,"0,0.05"
1779558585301,1779558585303,1740,1779558526247,1779558585293,delta,"0,0.05"
1779558585333,1779558585354,1741,1779558526247,1779558585325,delta,"0,0.05"
1779558585365,1779558585388,1742,1779558526247,1779558585357,delta,"0,0.05"
1779558585429,1779558585476,1743,1779558526247,1779558585421,delta,"0,0.05"
1779558585433,1779558585476,1744,1779558526247,1779558585425,delta,"0,0.05"
1779558585465,1779558585476,1745,1779558526247,1779558585457,delta,"0,0.05"
1779558585497,1779558585510,1746,1779558526247,1779558585489,delta,"0,0.05"
1779558585568,1779558585597,1747,1779558526247,1779558585559,delta,"0,0.05"
1779558585575,1779558585597,1748,1779558526247,1779558585567,delta,"0,0.05"
1779558585642,1779558585669,1749,1779558526247,1779558585634,delta,"0,0.05"
1779558585652,1779558585669,1750,1779558526247,1779558585643,delta,"0,0.05"
1779558585693,1779558585719,1751,1779558526247,1779558585684,delta,"0,0.05"
1779558585719,1779558585719,1752,1779558526247,1779558585710,delta,"0,0.05"
1779558585751,1779558585752,1753,1779558526247,1779558585743,delta,"0,0.05"
1779558585783,1779558585790,1754,1779558526247,1779558585775,delta,"0,0.05"
1779558585816,1779558585841,1755,1779558526247,1779558585807,delta,"0,0.05"
1779558585847,1779558585874,1756,1779558526247,1779558585839,delta,"0,0.05"
1779558585880,1779558585912,1757,1779558526247,1779558585872,delta,"0,0.05"
1779558585912,1779558585912,1758,1779558526247,1779558585904,delta,"0,0.05"
1779558585944,1779558585963,1759,1779558526247,1779558585936,delta,"0,0.05"
1779558585976,1779558585997,1760,1779558526247,1779558585968,delta,"0,0.05"
1779558586008,1779558586035,1761,1779558526247,1779558586000,delta,"0,0.05"
1779558586040,1779558586086,1762,1779558526247,1779558586032,delta,"0,0.05"
1779558586112,1779558586120,1763,1779558526247,1779558586103,delta,"0,0.05"
1779558586115,1779558586120,1764,1779558526247,1779558586107,delta,"0,0.05"
1779558586147,1779558586160,1765,1779558526247,1779558586139,delta,"0,0.05"
1779558586187,1779558586211,1766,1779558526247,1779558586179,delta,"0,0.05"
1779558586218,1779558586244,1767,1779558526247,1779558586210,delta,"0,0.05"
1779558586250,1779558586282,1768,1779558526247,1779558586242,delta,"0,0.05"
1779558586282,1779558586282,1769,1779558526247,1779558586274,delta,"0,0.05"
1779558586314,1779558586334,1770,1779558526247,1779558586306,delta,"0,0.05"
1779558586346,1779558586368,1771,1779558526247,1779558586338,delta,"0,0.05"
1779558586379,1779558586406,1772,1779558526247,1779558586371,delta,"0,0.05"
1779558586411,1779558586462,1773,1779558526247,1779558586403,delta,"0,0.05"
1779558586444,1779558586462,1774,1779558526247,1779558586436,delta,"0,0.05"
1779558586476,1779558586497,1775,1779558526247,1779558586468,delta,"0,0.05"
1779558586509,1779558586535,1776,1779558526247,1779558586501,delta,"0,0.05"
1779558586541,1779558586586,1777,1779558526247,1779558586533,delta,"0,0.05"
1779558586614,1779558586620,1778,1779558526247,1779558586605,delta,"0,0.05"
1779558586618,1779558586620,1779,1779558526247,1779558586610,delta,"0,0.05"
1779558586651,1779558586659,1780,1779558526247,1779558586643,delta,"0,0.05"
1779558586691,1779558586709,1781,1779558526247,1779558586683,delta,"0,0.05"
1779558586723,1779558586747,1782,1779558526247,1779558586715,delta,"0,0.05"
1779558586760,1779558586785,1783,1779558526247,1779558586752,delta,"0,0.05"
1779558586803,1779558586835,1784,1779558526247,1779558586795,delta,"0,0.05"
1779558586828,1779558586835,1785,1779558526247,1779558586820,delta,"0,0.05"
1779558586860,1779558586869,1786,1779558526247,1779558586852,delta,"0,0.05"
1779558586893,1779558586908,1787,1779558526247,1779558586885,delta,"0,0.05"
1779558586958,1779558586961,1788,1779558526247,1779558586950,delta,"0,0.05"
1779558586962,1779558586994,1789,1779558526247,1779558586954,delta,"0,0.05"
1779558586995,1779558587032,1790,1779558526247,1779558586987,delta,"0,0.05"
1779558587059,1779558587081,1791,1779558526247,1779558587051,delta,"0,0.05"
1779558587063,1779558587081,1792,1779558526247,1779558587055,delta,"0,0.05"
1779558587096,1779558587114,1793,1779558526247,1779558587088,delta,"0,0.05"
1779558587130,1779558587152,1794,1779558526247,1779558587122,delta,"0,0.05"
1779558587169,1779558587202,1795,1779558526247,1779558587161,delta,"0,0.05"
1779558587202,1779558587235,1796,1779558526247,1779558587194,delta,"0,0.05"
1779558587247,1779558587276,1797,1779558526247,1779558587238,delta,"0,0.05"
1779558587284,1779558587326,1798,1779558526247,1779558587276,delta,"0,0.05"
1779558587320,1779558587326,1799,1779558526247,1779558587309,delta,"0,0.05"
1779558587352,1779558587359,1800,1779558526247,1779558587344,delta,"0,0.05"
1779558587386,1779558587399,1801,1779558526247,1779558587378,delta,"0,0.05"
1779558587449,1779558587449,1802,1779558526247,1779558587441,delta,"0,0.05"
1779558587452,1779558587482,1803,1779558526247,1779558587444,delta,"0,0.05"
1779558587486,1779558587520,1804,1779558526247,1779558587478,delta,"0,0.05"
1779558587524,1779558587570,1805,1779558526247,1779558587516,delta,"0,0.05"
1779558587560,1779558587570,1806,1779558526247,1779558587552,delta,"0,0.05"
1779558587633,1779558587642,1807,1779558526247,1779558587625,delta,"0,0.05"
1779558587636,1779558587642,1808,1779558526247,1779558587628,delta,"0,0.05"
1779558587670,1779558587692,1809,1779558526247,1779558587662,delta,"0,0.05"
1779558587710,1779558587725,1810,1779558526247,1779558587702,delta,"0,0.05"
1779558587745,1779558587763,1811,1779558526247,1779558587737,delta,"0,0.05"
1779558587779,1779558587813,1812,1779558526247,1779558587771,delta,"0,0.05"
1779558587816,1779558587848,1813,1779558526247,1779558587808,delta,"0,0.05"
1779558587855,1779558587887,1814,1779558526247,1779558587847,delta,"0,0.05"
1779558587894,1779558587938,1815,1779558526247,1779558587886,delta,"0,0.05"
1779558587933,1779558587938,1816,1779558526247,1779558587925,delta,"0,0.05"
1779558587972,1779558587973,1817,1779558526247,1779558587964,delta,"0,0.05"
1779558588011,1779558588013,1818,1779558526247,1779558588003,delta,"0,0.05"
1779558588049,1779558588063,1819,1779558526247,1779558588041,delta,"0,0.05"
1779558588127,1779558588134,1820,1779558526247,1779558588119,delta,"0,0.05"
1779558588167,1779558588185,1821,1779558526247,1779558588159,delta,"0,0.05"
1779558588171,1779558588185,1822,1779558526247,1779558588163,delta,"0,0.05"
1779558588206,1779558588219,1823,1779558526247,1779558588198,delta,"0,0.05"
1779558588243,1779558588257,1824,1779558526247,1779558588235,delta,"0,0.05"
1779558588279,1779558588308,1825,1779558526247,1779558588271,delta,"0,0.05"
1779558588314,1779558588342,1826,1779558526247,1779558588306,delta,"0,0.05"
1779558588350,1779558588380,1827,1779558526247,1779558588342,delta,"0,0.05"
1779558588387,1779558588432,1828,1779558526247,1779558588378,delta,"0,0.05"
1779558588421,1779558588432,1829,1779558526247,1779558588413,delta,"0,0.05"
1779558588457,1779558588470,1830,1779558526247,1779558588449,delta,"0,0.05"
1779558588491,1779558588509,1831,1779558526247,1779558588483,delta,"0,0.05"
1779558588560,1779558588561,1832,1779558526247,1779558588552,delta,"0,0.05"
1779558588599,1779558588633,1833,1779558526247,1779558588591,delta,"0,0.05"
1779558588645,1779558588689,1834,1779558526247,1779558588636,delta,"0,0.05"
1779558588684,1779558588689,1835,1779558526247,1779558588676,delta,"0,0.05"
1779558588727,1779558588761,1836,1779558526247,1779558588719,delta,"0,0.05"
1779558588730,1779558588761,1837,1779558526247,1779558588722,delta,"0,0.05"
1779558588765,1779558588811,1838,1779558526247,1779558588757,delta,"0,0.05"
1779558588799,1779558588811,1839,1779558526247,1779558588790,delta,"0,0.05"
1779558588832,1779558588845,1840,1779558526247,1779558588824,delta,"0,0.05"
1779558588867,1779558588883,1841,1779558526247,1779558588859,delta,"0,0.05"
1779558588902,1779558588933,1842,1779558526247,1779558588894,delta,"0,0.05"
1779558588939,1779558588967,1843,1779558526247,1779558588931,delta,"0,0.05"
1779558588974,1779558589005,1844,1779558526247,1779558588966,delta,"0,0.05"
1779558589009,1779558589055,1845,1779558526247,1779558589001,delta,"0,0.05"
1779558589043,1779558589055,1846,1779558526247,1779558589035,delta,"0,0.05"
1779558589076,1779558589089,1847,1779558526247,1779558589068,delta,"0,0.05"
1779558589109,1779558589127,1848,1779558526247,1779558589101,delta,"0,0.05"
1779558589142,1779558589178,1849,1779558526247,1779558589134,delta,"0,0.05"
1779558589182,1779558589212,1850,1779558526247,1779558589174,delta,"0,0.05"
1779558589214,1779558589251,1851,1779558526247,1779558589206,delta,"0,0.05"
1779558589246,1779558589251,1852,1779558526247,1779558589238,delta,"0,0.05"
1779558589287,1779558589304,1853,1779558526247,1779558589279,delta,"0,0.05"
1779558589318,1779558589338,1854,1779558526247,1779558589310,delta,"0,0.05"
1779558589350,1779558589377,1855,1779558526247,1779558589342,delta,"0,0.05"
1779558589385,1779558589429,1856,1779558526247,1779558589377,delta,"0,0.05"
1779558589417,1779558589429,1857,1779558526247,1779558589409,delta,"0,0.05"
1779558589450,1779558589462,1858,1779558526247,1779558589442,delta,"0,0.05"
1779558589482,1779558589503,1859,1779558526247,1779558589474,delta,"0,0.05"
1779558589515,1779558589553,1860,1779558526247,1779558589506,delta,"0,0.05"
1779558589547,1779558589553,1861,1779558526247,1779558589539,delta,"0,0.05"
1779558589579,1779558589587,1862,1779558526247,1779558589571,delta,"0,0.05"
1779558589611,1779558589625,1863,1779558526247,1779558589603,delta,"0,0.05"
1779558589643,1779558589677,1864,1779558526247,1779558589635,delta,"0,0.05"
1779558589689,1779558589711,1865,1779558526247,1779558589681,delta,"0,0.05"
1779558589719,1779558589749,1866,1779558526247,1779558589711,delta,"0,0.05"
1779558589759,1779558589800,1867,1779558526247,1779558589751,delta,"0,0.05"
1779558589790,1779558589801,1868,1779558526247,1779558589782,delta,"0,0.05"
1779558589823,1779558589834,1869,1779558526247,1779558589815,delta,"0,0.05"
1779558589886,1779558589923,1870,1779558526247,1779558589878,delta,"0,0.05"
1779558589890,1779558589923,1871,1779558526247,1779558589881,delta,"0,0.05"
1779558589923,1779558589959,1872,1779558526247,1779558589915,delta,"0,0.05"
1779558589957,1779558589959,1873,1779558526247,1779558589949,delta,"0,0.05"
1779558590023,1779558590049,1874,1779558526247,1779558590015,delta,"0,0.05"
1779558590026,1779558590049,1875,1779558526247,1779558590018,delta,"0,0.05"
1779558590060,1779558590082,1876,1779558526247,1779558590052,delta,"0,0.05"
1779558590093,1779558590120,1877,1779558526247,1779558590085,delta,"0,0.05"
1779558590125,1779558590171,1878,1779558526247,1779558590117,delta,"0,0.05"
1779558590197,1779558590204,1879,1779558526247,1779558590189,delta,"0,0.05"
1779558590201,1779558590204,1880,1779558526247,1779558590193,delta,"0,0.05"
1779558590273,1779558590293,1881,1779558526247,1779558590264,delta,"0,0.05"
1779558590311,1779558590326,1882,1779558526247,1779558590303,delta,"0,0.05"
1779558590314,1779558590326,1883,1779558526247,1779558590306,delta,"0,0.05"
1779558590347,1779558590363,1884,1779558526247,1779558590339,delta,"0,0.05"
1779558590380,1779558590414,1885,1779558526247,1779558590372,delta,"0,0.05"
1779558590412,1779558590414,1886,1779558526247,1779558590404,delta,"0,0.05"
1779558590447,1779558590452,1887,1779558526247,1779558590439,delta,"0,0.05"
1779558590481,1779558590492,1888,1779558526247,1779558590472,delta,"0,0.05"
1779558590512,1779558590544,1889,1779558526247,1779558590504,delta,"0,0.05"
1779558590549,1779558590578,1890,1779558526247,1779558590541,delta,"0,0.05"
1779558590586,1779558590617,1891,1779558526247,1779558590578,delta,"0,0.05"
1779558590623,1779558590668,1892,1779558526247,1779558590615,delta,"0,0.05"
1779558590661,1779558590668,1893,1779558526247,1779558590652,delta,"0,0.05"
1779558590731,1779558590741,1894,1779558526247,1779558590723,delta,"0,0.05"
1779558590735,1779558590741,1895,1779558526247,1779558590727,delta,"0,0.05"
1779558590773,1779558590791,1896,1779558526247,1779558590764,delta,"0,0.05"
1779558590813,1779558590826,1897,1779558526247,1779558590805,delta,"0,0.05"
1779558590844,1779558590864,1898,1779558526247,1779558590836,delta,"0,0.05"
1779558590876,1779558590914,1899,1779558526247,1779558590868,delta,"0,0.05"
1779558590908,1779558590914,1900,1779558526247,1779558590900,delta,"0,0.05"
1779558590940,1779558590948,1901,1779558526247,1779558590932,delta,"0,0.05"
1779558590972,1779558590987,1902,1779558526247,1779558590964,delta,"0,0.05"
1779558591004,1779558591037,1903,1779558526247,1779558590996,delta,"0,0.05"
1779558591037,1779558591037,1904,1779558526247,1779558591028,delta,"0,0.05"
1779558591069,1779558591070,1905,1779558526247,1779558591061,delta,"0,0.05"
1779558591101,1779558591108,1906,1779558526247,1779558591093,delta,"0,0.05"
1779558591133,1779558591159,1907,1779558526247,1779558591125,delta,"0,0.05"
1779558591166,1779558591193,1908,1779558526247,1779558591158,delta,"0,0.05"
1779558591206,1779558591232,1909,1779558526247,1779558591198,delta,"0,0.05"
1779558591237,1779558591283,1910,1779558526247,1779558591229,delta,"0,0.05"
1779558591271,1779558591283,1911,1779558526247,1779558591263,delta,"0,0.05"
1779558591310,1779558591316,1912,1779558526247,1779558591302,delta,"0,0.05"
1779558591341,1779558591354,1913,1779558526247,1779558591332,delta,"0,0.05"
1779558591373,1779558591404,1914,1779558526247,1779558591365,delta,"0,0.05"
1779558591407,1779558591438,1915,1779558526247,1779558591398,delta,"0,0.05"
1779558591439,1779558591476,1916,1779558526247,1779558591431,delta,"0,0.05"
1779558591503,1779558591527,1917,1779558526247,1779558591494,delta,"0,0.05"
1779558591505,1779558591527,1918,1779558526247,1779558591497,delta,"0,0.05"
1779558591538,1779558591561,1919,1779558526247,1779558591530,delta,"0,0.05"
1779558591573,1779558591599,1920,1779558526247,1779558591565,delta,"0,0.05"
1779558591605,1779558591650,1921,1779558526247,1779558591597,delta,"0,0.05"
1779558591638,1779558591650,1922,1779558526247,1779558591630,delta,"0,0.05"
1779558591710,1779558591724,1923,1779558526247,1779558591702,delta,"0,0.05"
1779558591713,1779558591724,1924,1779558526247,1779558591705,delta,"0,0.05"
1779558591748,1779558591774,1925,1779558526247,1779558591740,delta,"0,0.05"
1779558591789,1779558591808,1926,1779558526247,1779558591781,delta,"0,0.05"
1779558591821,1779558591846,1927,1779558526247,1779558591813,delta,"0,0.05"
1779558591861,1779558591896,1928,1779558526247,1779558591853,delta,"0,0.05"
1779558591924,1779558591930,1929,1779558526247,1779558591916,delta,"0,0.05"
1779558591928,1779558591930,1930,1779558526247,1779558591920,delta,"0,0.05"
1779558591993,1779558592018,1931,1779558526247,1779558591985,delta,"0,0.05"
1779558591996,1779558592018,1932,1779558526247,1779558591988,delta,"0,0.05"
1779558592064,1779558592091,1933,1779558526247,1779558592055,delta,"0,0.05"
1779558592067,1779558592091,1934,1779558526247,1779558592059,delta,"0,0.05"
1779558592108,1779558592141,1935,1779558526247,1779558592100,delta,"0,0.05"
1779558592146,1779558592174,1936,1779558526247,1779558592138,delta,"0,0.05"
1779558592189,1779558592212,1937,1779558526247,1779558592181,delta,"0,0.05"
1779558592223,1779558592263,1938,1779558526247,1779558592214,delta,"0,0.05"
1779558592263,1779558592263,1939,1779558526247,1779558592255,delta,"0,0.05"
1779558592339,1779558592386,1940,1779558526247,1779558592331,delta,"0,0.05"
1779558592349,1779558592386,1941,1779558526247,1779558592341,delta,"0,0.05"
1779558592413,1779558592420,1942,1779558526247,1779558592405,delta,"0,0.05"
1779558592416,1779558592420,1943,1779558526247,1779558592408,delta,"0,0.05"
1779558592450,1779558592458,1944,1779558526247,1779558592442,delta,"0,0.05"
1779558592482,1779558592508,1945,1779558526247,1779558592474,delta,"0,0.05"
1779558592517,1779558592541,1946,1779558526247,1779558592509,delta,"0,0.05"
1779558592550,1779558592579,1947,1779558526247,1779558592542,delta,"0,0.05"
1779558592582,1779558592629,1948,1779558526247,1779558592574,delta,"0,0.05"
1779558592614,1779558592629,1949,1779558526247,1779558592606,delta,"0,0.05"
1779558592646,1779558592663,1950,1779558526247,1779558592638,delta,"0,0.05"
1779558592679,1779558592701,1951,1779558526247,1779558592671,delta,"0,0.05"
1779558592713,1779558592752,1952,1779558526247,1779558592705,delta,"0,0.05"
1779558592754,1779558592787,1953,1779558526247,1779558592746,delta,"0,0.05"
1779558592788,1779558592826,1954,1779558526247,1779558592779,delta,"0,0.05"
1779558592827,1779558592877,1955,1779558526247,1779558592819,delta,"0,0.05"
1779558592861,1779558592877,1956,1779558526247,1779558592853,delta,"0,0.05"
1779558592929,1779558592949,1957,1779558526247,1779558592921,delta,"0,0.05"
1779558592967,1779558593001,1958,1779558526247,1779558592959,delta,"0,0.05"
1779558592970,1779558593001,1959,1779558526247,1779558592962,delta,"0,0.05"
1779558593005,1779558593036,1960,1779558526247,1779558592997,delta,"0,0.05"
1779558593040,1779558593074,1961,1779558526247,1779558593032,delta,"0,0.05"
1779558593108,1779558593125,1962,1779558526247,1779558593100,delta,"0,0.05"
1779558593146,1779558593158,1963,1779558526247,1779558593138,delta,"0,0.05"
1779558593149,1779558593158,1964,1779558526247,1779558593141,delta,"0,0.05"
1779558593184,1779558593195,1965,1779558526247,1779558593176,delta,"0,0.05"
1779558593257,1779558593278,1966,1779558526247,1779558593249,delta,"0,0.05"
1779558593261,1779558593278,1967,1779558526247,1779558593253,delta,"0,0.05"
1779558593295,1779558593316,1968,1779558526247,1779558593286,delta,"0,0.05"
1779558593366,1779558593367,1969,1779558526247,1779558593357,delta,"0,0.05"
1779558593369,1779558593400,1970,1779558526247,1779558593361,delta,"0,0.05"
1779558593402,1779558593439,1971,1779558526247,1779558593394,delta,"0,0.05"
1779558593436,1779558593439,1972,1779558526247,1779558593427,delta,"0,0.05"
1779558593469,1779558593491,1973,1779558526247,1779558593460,delta,"0,0.05"
1779558593502,1779558593527,1974,1779558526247,1779558593494,delta,"0,0.05"
1779558593535,1779558593565,1975,1779558526247,1779558593527,delta,"0,0.05"
1779558593568,1779558593617,1976,1779558526247,1779558593560,delta,"0,0.05"
1779558593601,1779558593617,1977,1779558526247,1779558593593,delta,"0,0.05"
1779558593634,1779558593650,1978,1779558526247,1779558593626,delta,"0,0.05"
1779558593668,1779558593689,1979,1779558526247,1779558593659,delta,"0,0.05"
1779558593735,1779558593740,1980,1779558526247,1779558593726,delta,"0,0.05"
1779558593738,1779558593740,1981,1779558526247,1779558593730,delta,"0,0.05"
1779558593803,1779558593811,1982,1779558526247,1779558593795,delta,"0,0.05"
1779558593812,1779558593861,1983,1779558526247,1779558593804,delta,"0,0.05"
1779558593895,1779558593895,1984,1779558526247,1779558593886,delta,"0,0.05"
1779558593898,1779558593934,1985,1779558526247,1779558593890,delta,"0,0.05"
1779558593968,1779558593985,1986,1779558526247,1779558593959,delta,"0,0.05"
1779558593972,1779558593985,1987,1779558526247,1779558593964,delta,"0,0.05"
1779558594036,1779558594058,1988,1779558526247,1779558594028,delta,"0,0.05"
1779558594041,1779558594058,1989,1779558526247,1779558594032,delta,"0,0.05"
1779558594074,1779558594108,1990,1779558526247,1779558594066,delta,"0,0.05"
1779558594116,1779558594141,1991,1779558526247,1779558594107,delta,"0,0.05"
1779558594180,1779558594229,1992,1779558526247,1779558594172,delta,"0,0.05"
1779558594183,1779558594230,1993,1779558526247,1779558594175,delta,"0,0.05"
1779558594224,1779558594230,1994,1779558526247,1779558594216,delta,"0,0.05"
1779558594260,1779558594263,1995,1779558526247,1779558594252,delta,"0,0.05"
1779558594301,1779558594302,1996,1779558526247,1779558594293,delta,"0,0.05"
1779558594342,1779558594353,1997,1779558526247,1779558594334,delta,"0,0.05"
1779558594382,1779558594386,1998,1779558526247,1779558594374,delta,"0,0.05"
1779558594415,1779558594424,1999,1779558526247,1779558594407,delta,"0,0.05"
1779558594451,1779558594474,2000,1779558526247,1779558594443,delta,"0,0.05"
1779558594486,1779558594508,2001,1779558526247,1779558594477,delta,"0,0.05"
1779558594552,1779558594597,2002,1779558526247,1779558594544,delta,"0,0.05"
1779558594555,1779558594597,2003,1779558526247,1779558594547,delta,"0,0.05"
1779558594621,1779558594630,2004,1779558526247,1779558594613,delta,"0,0.05"
1779558594626,1779558594630,2005,1779558526247,1779558594618,delta,"0,0.05"
1779558594664,1779558594667,2006,1779558526247,1779558594656,delta,"0,0.05"
1779558594695,1779558594717,2007,1779558526247,1779558594687,delta,"0,0.05"
1779558594727,1779558594751,2008,1779558526247,1779558594719,delta,"0,0.05"
1779558594758,1779558594790,2009,1779558526247,1779558594750,delta,"0,0.05"
1779558594801,1779558594842,2010,1779558526247,1779558594793,delta,"0,0.05"
1779558594831,1779558594842,2011,1779558526247,1779558594823,delta,"0,0.05"
1779558594871,1779558594876,2012,1779558526247,1779558594863,delta,"0,0.05"
1779558594934,1779558594965,2013,1779558526247,1779558594926,delta,"0,0.05"
1779558594937,1779558594965,2014,1779558526247,1779558594929,delta,"0,0.05"
1779558595001,1779558595038,2015,1779558526247,1779558594993,delta,"0,0.05"
1779558595004,1779558595038,2016,1779558526247,1779558594996,delta,"0,0.05"
1779558595045,1779558595090,2017,1779558526247,1779558595037,delta,"0,0.05"
1779558595072,1779558595090,2018,1779558526247,1779558595064,delta,"0,0.05"
1779558595105,1779558595124,2019,1779558526247,1779558595097,delta,"0,0.05"
1779558595138,1779558595162,2020,1779558526247,1779558595130,delta,"0,0.05"
1779558595173,1779558595213,2021,1779558526247,1779558595165,delta,"0,0.05"
1779558595207,1779558595213,2022,1779558526247,1779558595198,delta,"0,0.05"
1779558595240,1779558595247,2023,1779558526247,1779558595232,delta,"0,0.05"
1779558595312,1779558595336,2024,1779558526247,1779558595304,delta,"0,0.05"
1779558595320,1779558595336,2025,1779558526247,1779558595312,delta,"0,0.05"
1779558595353,1779558595370,2026,1779558526247,1779558595345,delta,"0,0.05"
1779558595398,1779558595409,2027,1779558526247,1779558595390,delta,"0,0.05"
1779558595427,1779558595458,2028,1779558526247,1779558595419,delta,"0,0.05"
1779558595460,1779558595493,2029,1779558526247,1779558595452,delta,"0,0.05"
1779558595498,1779558595532,2030,1779558526247,1779558595490,delta,"0,0.05"
1779558595527,1779558595532,2031,1779558526247,1779558595519,delta,"0,0.05"
1779558595561,1779558595583,2032,1779558526247,1779558595553,delta,"0,0.05"
1779558595600,1779558595616,2033,1779558526247,1779558595592,delta,"0,0.05"
1779558595629,1779558595655,2034,1779558526247,1779558595621,delta,"0,0.05"
1779558595662,1779558595707,2035,1779558526247,1779558595654,delta,"0,0.05"
1779558595698,1779558595707,2036,1779558526247,1779558595690,delta,"0,0.05"
1779558595729,1779558595742,2037,1779558526247,1779558595721,delta,"0,0.05"
1779558595763,1779558595781,2038,1779558526247,1779558595755,delta,"0,0.05"
1779558595834,1779558595864,2039,1779558526247,1779558595826,delta,"0,0.05"
1779558595839,1779558595864,2040,1779558526247,1779558595831,delta,"0,0.05"
1779558595872,1779558595901,2041,1779558526247,1779558595864,delta,"0,0.05"
1779558595944,1779558595952,2042,1779558526247,1779558595935,delta,"0,0.05"
1779558595949,1779558595952,2043,1779558526247,1779558595941,delta,"0,0.05"
1779558595986,1779558595987,2044,1779558526247,1779558595978,delta,"0,0.05"
1779558596017,1779558596025,2045,1779558526247,1779558596009,delta,"0,0.05"
1779558596050,1779558596075,2046,1779558526247,1779558596041,delta,"0,0.05"
1779558596084,1779558596109,2047,1779558526247,1779558596076,delta,"0,0.05"
1779558596119,1779558596146,2048,1779558526247,1779558596111,delta,"0,0.05"
1779558596150,1779558596196,2049,1779558526247,1779558596142,delta,"0,0.05"
1779558596183,1779558596196,2050,1779558526247,1779558596175,delta,"0,0.05"
1779558596216,1779558596229,2051,1779558526247,1779558596208,delta,"0,0.05"
1779558596256,1779558596267,2052,1779558526247,1779558596248,delta,"0,0.05"
1779558596283,1779558596317,2053,1779558526247,1779558596275,delta,"0,0.05"
1779558596317,1779558596318,2054,1779558526247,1779558596309,delta,"0,0.05"
1779558596358,1779558596390,2055,1779558526247,1779558596350,delta,"0,0.05"
1779558596390,1779558596390,2056,1779558526247,1779558596382,delta,"0,0.05"
1779558596423,1779558596441,2057,1779558526247,1779558596414,delta,"0,0.05"
1779558596464,1779558596474,2058,1779558526247,1779558596456,delta,"0,0.05"
1779558596496,1779558596512,2059,1779558526247,1779558596488,delta,"0,0.05"
1779558596529,1779558596563,2060,1779558526247,1779558596521,delta,"0,0.05"
1779558596563,1779558596596,2061,1779558526247,1779558596555,delta,"0,0.05"
1779558596596,1779558596597,2062,1779558526247,1779558596588,delta,"0,0.05"
1779558596630,1779558596636,2063,1779558526247,1779558596622,delta,"0,0.05"
1779558596663,1779558596687,2064,1779558526247,1779558596655,delta,"0,0.05"
1779558596696,1779558596720,2065,1779558526247,1779558596688,delta,"0,0.05"
1779558596730,1779558596757,2066,1779558526247,1779558596722,delta,"0,0.05"
1779558596764,1779558596808,2067,1779558526247,1779558596756,delta,"0,0.05"
1779558596798,1779558596808,2068,1779558526247,1779558596789,delta,"0,0.05"
1779558596830,1779558596842,2069,1779558526247,1779558596822,delta,"0,0.05"
1779558596875,1779558596880,2070,1779558526247,1779558596867,delta,"0,0.05"
1779558596902,1779558596931,2071,1779558526247,1779558596894,delta,"0,0.05"
1779558596936,1779558596964,2072,1779558526247,1779558596928,delta,"0,0.05"
1779558596978,1779558597002,2073,1779558526247,1779558596970,delta,"0,0.05"
1779558597008,1779558597053,2074,1779558526247,1779558597000,delta,"0,0.05"
1779558597041,1779558597053,2075,1779558526247,1779558597033,delta,"0,0.05"
1779558597074,1779558597086,2076,1779558526247,1779558597066,delta,"0,0.05"
1779558597108,1779558597125,2077,1779558526247,1779558597100,delta,"0,0.05"
1779558597141,1779558597175,2078,1779558526247,1779558597133,delta,"0,0.05"
1779558597174,1779558597175,2079,1779558526247,1779558597166,delta,"0,0.05"
1779558597207,1779558597209,2080,1779558526247,1779558597199,delta,"0,0.05"
1779558597246,1779558597247,2081,1779558526247,1779558597238,delta,"0,0.05"
1779558597273,1779558597297,2082,1779558526247,1779558597265,delta,"0,0.05"
1779558597307,1779558597330,2083,1779558526247,1779558597299,delta,"0,0.05"
1779558597340,1779558597368,2084,1779558526247,1779558597332,delta,"0,0.05"
1779558597387,1779558597419,2085,1779558526247,1779558597379,delta,"0,0.05"
1779558597412,1779558597419,2086,1779558526247,1779558597404,delta,"0,0.05"
1779558597444,1779558597452,2087,1779558526247,1779558597436,delta,"0,0.05"
1779558597486,1779558597491,2088,1779558526247,1779558597478,delta,"0,0.05"
1779558597532,1779558597541,2089,1779558526247,1779558597524,delta,"0,0.05"
1779558597598,1779558597613,2090,1779558526247,1779558597589,delta,"0,0.05"
1779558597602,1779558597613,2091,1779558526247,1779558597594,delta,"0,0.05"
1779558597638,1779558597664,2092,1779558526247,1779558597630,delta,"0,0.05"
1779558597672,1779558597699,2093,1779558526247,1779558597664,delta,"0,0.05"
1779558597709,1779558597737,2094,1779558526247,1779558597701,delta,"0,0.05"
1779558597737,1779558597787,2095,1779558526247,1779558597729,delta,"0,0.05"
1779558597771,1779558597787,2096,1779558526247,1779558597763,delta,"0,0.05"
1779558597804,1779558597821,2097,1779558526247,1779558597796,delta,"0,0.05"
1779558597838,1779558597861,2098,1779558526247,1779558597830,delta,"0,0.05"
1779558597871,1779558597911,2099,1779558526247,1779558597863,delta,"0,0.05"
1779558597910,1779558597911,2100,1779558526247,1779558597902,delta,"0,0.05"
1779558597943,1779558597945,2101,1779558526247,1779558597935,delta,"0,0.05"
1779558597976,1779558597983,2102,1779558526247,1779558597968,delta,"0,0.05"
1779558598016,1779558598033,2103,1779558526247,1779558598007,delta,"0,0.05"
1779558598049,1779558598069,2104,1779558526247,1779558598041,delta,"0,0.05"
1779558598082,1779558598107,2105,1779558526247,1779558598074,delta,"0,0.05"
1779558598115,1779558598158,2106,1779558526247,1779558598107,delta,"0,0.05"
1779558598153,1779558598158,2107,1779558526247,1779558598145,delta,"0,0.05"
1779558598182,1779558598191,2108,1779558526247,1779558598174,delta,"0,0.05"
1779558598216,1779558598229,2109,1779558526247,1779558598207,delta,"0,0.05"
1779558598254,1779558598280,2110,1779558526247,1779558598245,delta,"0,0.05"
1779558598282,1779558598313,2111,1779558526247,1779558598274,delta,"0,0.05"
1779558598316,1779558598352,2112,1779558526247,1779558598308,delta,"0,0.05"
1779558598349,1779558598352,2113,1779558526247,1779558598341,delta,"0,0.05"
1779558598394,1779558598403,2114,1779558526247,1779558598385,delta,"0,0.05"
1779558598421,1779558598437,2115,1779558526247,1779558598413,delta,"0,0.05"
1779558598454,1779558598477,2116,1779558526247,1779558598446,delta,"0,0.05"
1779558598494,1779558598527,2117,1779558526247,1779558598486,delta,"0,0.05"
1779558598525,1779558598527,2118,1779558526247,1779558598517,delta,"0,0.05"
1779558598559,1779558598561,2119,1779558526247,1779558598551,delta,"0,0.05"
1779558598592,1779558598600,2120,1779558526247,1779558598584,delta,"0,0.05"
1779558598628,1779558598650,2121,1779558526247,1779558598620,delta,"0,0.05"
1779558598659,1779558598690,2122,1779558526247,1779558598651,delta,"0,0.05"
1779558598692,1779558598731,2123,1779558526247,1779558598684,delta,"0,0.05"
1779558598725,1779558598731,2124,1779558526247,1779558598717,delta,"0,0.05"
1779558598764,1779558598780,2125,1779558526247,1779558598756,delta,"0,0.05"
1779558598791,1779558598814,2126,1779558526247,1779558598783,delta,"0,0.05"
1779558598825,1779558598853,2127,1779558526247,1779558598817,delta,"0,0.05"
1779558598858,1779558598904,2128,1779558526247,1779558598850,delta,"0,0.05"
1779558598904,1779558598937,2129,1779558526247,1779558598896,delta,"0,0.05"
1779558598931,1779558598937,2130,1779558526247,1779558598923,delta,"0,0.05"
1779558598964,1779558598976,2131,1779558526247,1779558598956,delta,"0,0.05"
1779558599012,1779558599026,2132,1779558526247,1779558599003,delta,"0,0.05"
1779558599070,1779558599099,2133,1779558526247,1779558599062,delta,"0,0.05"
1779558599073,1779558599099,2134,1779558526247,1779558599065,delta,"0,0.05"
1779558599137,1779558599148,2135,1779558526247,1779558599128,delta,"0,0.05"
1779558599140,1779558599149,2136,1779558526247,1779558599132,delta,"0,0.05"
1779558599172,1779558599182,2137,1779558526247,1779558599164,delta,"0,0.05"
1779558599235,1779558599270,2138,1779558526247,1779558599227,delta,"0,0.05"
1779558599239,1779558599270,2139,1779558526247,1779558599231,delta,"0,0.05"
1779558599272,1779558599303,2140,1779558526247,1779558599264,delta,"0,0.05"
1779558599310,1779558599342,2141,1779558526247,1779558599302,delta,"0,0.05"
1779558599384,1779558599394,2142,1779558526247,1779558599376,delta,"0,0.05"
1779558599387,1779558599394,2143,1779558526247,1779558599379,delta,"0,0.05"
1779558599419,1779558599427,2144,1779558526247,1779558599411,delta,"0,0.05"
1779558599459,1779558599466,2145,1779558526247,1779558599451,delta,"0,0.05"
1779558599489,1779558599517,2146,1779558526247,1779558599481,delta,"0,0.05"
1779558599520,1779558599550,2147,1779558526247,1779558599512,delta,"0,0.05"
1779558599551,1779558599588,2148,1779558526247,1779558599543,delta,"0,0.05"
1779558599583,1779558599588,2149,1779558526247,1779558599575,delta,"0,0.05"
1779558599614,1779558599638,2150,1779558526247,1779558599606,delta,"0,0.05"
1779558599645,1779558599672,2151,1779558526247,1779558599637,delta,"0,0.05"
1779558599677,1779558599709,2152,1779558526247,1779558599669,delta,"0,0.05"
1779558599708,1779558599710,2153,1779558526247,1779558599700,delta,"0,0.05"
1779558599739,1779558599760,2154,1779558526247,1779558599731,delta,"0,0.05"
1779558599770,1779558599793,2155,1779558526247,1779558599762,delta,"0,0.05"
1779558599801,1779558599831,2156,1779558526247,1779558599793,delta,"0,0.05"
1779558599833,1779558599882,2157,1779558526247,1779558599825,delta,"0,0.05"
1779558599866,1779558599882,2158,1779558526247,1779558599858,delta,"0,0.05"
1779558599899,1779558599916,2159,1779558526247,1779558599891,delta,"0,0.05"
1779558599939,1779558599954,2160,1779558526247,1779558599931,delta,"0,0.05"
1779558599974,1779558600005,2161,1779558526247,1779558599966,delta,"0,0.05"
1779558600014,1779558600038,2162,1779558526247,1779558600006,delta,"0,0.05"
1779558600046,1779558600079,2163,1779558526247,1779558600038,delta,"0,0.05"
1779558600077,1779558600079,2164,1779558526247,1779558600069,delta,"0,0.05"
1779558600108,1779558600128,2165,1779558526247,1779558600100,delta,"0,0.05"
1779558600139,1779558600163,2166,1779558526247,1779558600131,delta,"0,0.05"
1779558600171,1779558600201,2167,1779558526247,1779558600163,delta,"0,0.05"
1779558600202,1779558600251,2168,1779558526247,1779558600194,delta,"0,0.05"
1779558600236,1779558600251,2169,1779558526247,1779558600228,delta,"0,0.05"
1779558600267,1779558600285,2170,1779558526247,1779558600259,delta,"0,0.05"
1779558600299,1779558600324,2171,1779558526247,1779558600291,delta,"0,0.05"
1779558600330,1779558600375,2172,1779558526247,1779558600322,delta,"0,0.05"
1779558600362,1779558600375,2173,1779558526247,1779558600354,delta,"0,0.05"
1779558600393,1779558600408,2174,1779558526247,1779558600385,delta,"0,0.05"
1779558600435,1779558600446,2175,1779558526247,1779558600427,delta,"0,0.05"
1779558600465,1779558600497,2176,1779558526247,1779558600457,delta,"0,0.05"
1779558600497,1779558600532,2177,1779558526247,1779558600489,delta,"0,0.05"
1779558600537,1779558600570,2178,1779558526247,1779558600529,delta,"0,0.05"
1779558600568,1779558600570,2179,1779558526247,1779558600560,delta,"0,0.05"
1779558600599,1779558600620,2180,1779558526247,1779558600591,delta,"0,0.05"
1779558600630,1779558600654,2181,1779558526247,1779558600622,delta,"0,0.05"
1779558600662,1779558600695,2182,1779558526247,1779558600654,delta,"0,0.05"
1779558600725,1779558600744,2183,1779558526247,1779558600717,delta,"0,0.05"
1779558600728,1779558600744,2184,1779558526247,1779558600720,delta,"0,0.05"
1779558600761,1779558600778,2185,1779558526247,1779558600753,delta,"0,0.05"
1779558600793,1779558600817,2186,1779558526247,1779558600784,delta,"0,0.05"
1779558600824,1779558600867,2187,1779558526247,1779558600816,delta,"0,0.05"
1779558600855,1779558600867,2188,1779558526247,1779558600847,delta,"0,0.05"
1779558600887,1779558600900,2189,1779558526247,1779558600879,delta,"0,0.05"
1779558600957,1779558600988,2190,1779558526247,1779558600948,delta,"0,0.05"
1779558600960,1779558600988,2191,1779558526247,1779558600952,delta,"0,0.05"
1779558601023,1779558601060,2192,1779558526247,1779558601015,delta,"0,0.05"
1779558601025,1779558601060,2193,1779558526247,1779558601017,delta,"0,0.05"
1779558601058,1779558601061,2194,1779558526247,1779558601050,delta,"0,0.05"
1779558601089,1779558601111,2195,1779558526247,1779558601081,delta,"0,0.05"
1779558601151,1779558601182,2196,1779558526247,1779558601143,delta,"0,0.05"
1779558601154,1779558601182,2197,1779558526247,1779558601146,delta,"0,0.05"
1779558601189,1779558601233,2198,1779558526247,1779558601181,delta,"0,0.05"
1779558601251,1779558601267,2199,1779558526247,1779558601242,delta,"0,0.05"
1779558601253,1779558601267,2200,1779558526247,1779558601245,delta,"0,0.05"
1779558601285,1779558601307,2201,1779558526247,1779558601277,delta,"0,0.05"
1779558601316,1779558601357,2202,1779558526247,1779558601308,delta,"0,0.05"
1779558601347,1779558601357,2203,1779558526247,1779558601339,delta,"0,0.05"
1779558601379,1779558601390,2204,1779558526247,1779558601371,delta,"0,0.05"
1779558601414,1779558601428,2205,1779558526247,1779558601406,delta,"0,0.05"
1779558601483,1779558601512,2206,1779558526247,1779558601475,delta,"0,0.05"
1779558601486,1779558601512,2207,1779558526247,1779558601478,delta,"0,0.05"
1779558601518,1779558601550,2208,1779558526247,1779558601509,delta,"0,0.05"
1779558601551,1779558601600,2209,1779558526247,1779558601543,delta,"0,0.05"
1779558601592,1779558601600,2210,1779558526247,1779558601582,delta,"0,0.05"
1779558601620,1779558601633,2211,1779558526247,1779558601612,delta,"0,0.05"
1779558601652,1779558601673,2212,1779558526247,1779558601644,delta,"0,0.05"
1779558601683,1779558601725,2213,1779558526247,1779558601675,delta,"0,0.05"
1779558601714,1779558601725,2214,1779558526247,1779558601706,delta,"0,0.05"
1779558601745,1779558601757,2215,1779558526247,1779558601737,delta,"0,0.05"
1779558601808,1779558601845,2216,1779558526247,1779558601800,delta,"0,0.05"
1779558601811,1779558601845,2217,1779558526247,1779558601803,delta,"0,0.05"
1779558601851,1779558601878,2218,1779558526247,1779558601843,delta,"0,0.05"
1779558601878,1779558601878,2219,1779558526247,1779558601870,delta,"0,0.05"
1779558601912,1779558601916,2220,1779558526247,1779558601903,delta,"0,0.05"
1779558601944,1779558601967,2221,1779558526247,1779558601936,delta,"0,0.05"
1779558601985,1779558602000,2222,1779558526247,1779558601977,delta,"0,0.05"
1779558602017,1779558602038,2223,1779558526247,1779558602009,delta,"0,0.05"
1779558602050,1779558602090,2224,1779558526247,1779558602042,delta,"0,0.05"
1779558602096,1779558602123,2225,1779558526247,1779558602088,delta,"0,0.05"
1779558602128,1779558602160,2226,1779558526247,1779558602120,delta,"0,0.05"
1779558602164,1779558602211,2227,1779558526247,1779558602156,delta,"0,0.05"
1779558602204,1779558602211,2228,1779558526247,1779558602196,delta,"0,0.05"
1779558602237,1779558602244,2229,1779558526247,1779558602229,delta,"0,0.05"
1779558602273,1779558602282,2230,1779558526247,1779558602265,delta,"0,0.05"
1779558602311,1779558602332,2231,1779558526247,1779558602303,delta,"0,0.05"
1779558602343,1779558602366,2232,1779558526247,1779558602335,delta,"0,0.05"
1779558602376,1779558602404,2233,1779558526247,1779558602368,delta,"0,0.05"
1779558602411,1779558602455,2234,1779558526247,1779558602403,delta,"0,0.05"
1779558602443,1779558602455,2235,1779558526247,1779558602435,delta,"0,0.05"
1779558602483,1779558602488,2236,1779558526247,1779558602475,delta,"0,0.05"
1779558602520,1779558602526,2237,1779558526247,1779558602512,delta,"0,0.05"
1779558602549,1779558602577,2238,1779558526247,1779558602541,delta,"0,0.05"
1779558602589,1779558602611,2239,1779558526247,1779558602581,delta,"0,0.05"
1779558602627,1779558602649,2240,1779558526247,1779558602619,delta,"0,0.05"
1779558602654,1779558602700,2241,1779558526247,1779558602646,delta,"0,0.05"
1779558602690,1779558602700,2242,1779558526247,1779558602679,delta,"0,0.05"
1779558602721,1779558602736,2243,1779558526247,1779558602713,delta,"0,0.05"
1779558602755,1779558602773,2244,1779558526247,1779558602747,delta,"0,0.05"
1779558602788,1779558602823,2245,1779558526247,1779558602779,delta,"0,0.05"
1779558602821,1779558602823,2246,1779558526247,1779558602813,delta,"0,0.05"
1779558602854,1779558602856,2247,1779558526247,1779558602846,delta,"0,0.05"
1779558602890,1779558602894,2248,1779558526247,1779558602882,delta,"0,0.05"
1779558602921,1779558602945,2249,1779558526247,1779558602913,delta,"0,0.05"
1779558602954,1779558602978,2250,1779558526247,1779558602946,delta,"0,0.05"
1779558602995,1779558603017,2251,1779558526247,1779558602987,delta,"0,0.05"
1779558603026,1779558603068,2252,1779558526247,1779558603018,delta,"0,0.05"
1779558603060,1779558603068,2253,1779558526247,1779558603052,delta,"0,0.05"
1779558603101,1779558603101,2254,1779558526247,1779558603093,delta,"0,0.05"
1779558603132,1779558603139,2255,1779558526247,1779558603124,delta,"0,0.05"
1779558603165,1779558603189,2256,1779558526247,1779558603157,delta,"0,0.05"
1779558603198,1779558603222,2257,1779558526247,1779558603190,delta,"0,0.05"
1779558603265,1779558603312,2258,1779558526247,1779558603257,delta,"0,0.05"
1779558603271,1779558603312,2259,1779558526247,1779558603263,delta,"0,0.05"
1779558603306,1779558603312,2260,1779558526247,1779558603295,delta,"0,0.05"
1779558603335,1779558603345,2261,1779558526247,1779558603326,delta,"0,0.05"
1779558603366,1779558603383,2262,1779558526247,1779558603358,delta,"0,0.05"
1779558603397,1779558603434,2263,1779558526247,1779558603389,delta,"0,0.05"
1779558603429,1779558603434,2264,1779558526247,1779558603421,delta,"0,0.05"
1779558603463,1779558603467,2265,1779558526247,1779558603455,delta,"0,0.05"
1779558603503,1779558603505,2266,1779558526247,1779558603495,delta,"0,0.05"
1779558603533,1779558603555,2267,1779558526247,1779558603525,delta,"0,0.05"
1779558603566,1779558603590,2268,1779558526247,1779558603558,delta,"0,0.05"
1779558603605,1779558603628,2269,1779558526247,1779558603597,delta,"0,0.05"
1779558603636,1779558603678,2270,1779558526247,1779558603628,delta,"0,0.05"
1779558603667,1779558603678,2271,1779558526247,1779558603659,delta,"0,0.05"
1779558603699,1779558603712,2272,1779558526247,1779558603690,delta,"0,0.05"
1779558603730,1779558603750,2273,1779558526247,1779558603722,delta,"0,0.05"
1779558603761,1779558603802,2274,1779558526247,1779558603753,delta,"0,0.05"
1779558603795,1779558603802,2275,1779558526247,1779558603784,delta,"0,0.05"
1779558603823,1779558603836,2276,1779558526247,1779558603815,delta,"0,0.05"
1779558603855,1779558603874,2277,1779558526247,1779558603846,delta,"0,0.05"
1779558603886,1779558603925,2278,1779558526247,1779558603878,delta,"0,0.05"
1779558603917,1779558603925,2279,1779558526247,1779558603909,delta,"0,0.05"
1779558603980,1779558603996,2280,1779558526247,1779558603972,delta,"0,0.05"
1779558603984,1779558603996,2281,1779558526247,1779558603976,delta,"0,0.05"
1779558604015,1779558604047,2282,1779558526247,1779558604007,delta,"0,0.05"
1779558604055,1779558604080,2283,1779558526247,1779558604047,delta,"0,0.05"
1779558604124,1779558604168,2284,1779558526247,1779558604116,delta,"0,0.05"
1779558604128,1779558604168,2285,1779558526247,1779558604120,delta,"0,0.05"
1779558604191,1779558604202,2286,1779558526247,1779558604183,delta,"0,0.05"
1779558604194,1779558604202,2287,1779558526247,1779558604186,delta,"0,0.05"
1779558604226,1779558604239,2288,1779558526247,1779558604218,delta,"0,0.05"
1779558604258,1779558604290,2289,1779558526247,1779558604250,delta,"0,0.05"
1779558604289,1779558604290,2290,1779558526247,1779558604281,delta,"0,0.05"
1779558604321,1779558604324,2291,1779558526247,1779558604313,delta,"0,0.05"
1779558604383,1779558604413,2292,1779558526247,1779558604375,delta,"0,0.05"
1779558604386,1779558604413,2293,1779558526247,1779558604378,delta,"0,0.05"
1779558604419,1779558604446,2294,1779558526247,1779558604410,delta,"0,0.05"
1779558604453,1779558604488,2295,1779558526247,1779558604445,delta,"0,0.05"
1779558604515,1779558604538,2296,1779558526247,1779558604507,delta,"0,0.05"
1779558604523,1779558604538,2297,1779558526247,1779558604515,delta,"0,0.05"
1779558604558,1779558604572,2298,1779558526247,1779558604549,delta,"0,0.05"
1779558604597,1779558604610,2299,1779558526247,1779558604588,delta,"0,0.05"
1779558604659,1779558604659,2300,1779558526247,1779558604651,delta,"0,0.05"
1779558604662,1779558604693,2301,1779558526247,1779558604654,delta,"0,0.05"
1779558604725,1779558604730,2302,1779558526247,1779558604717,delta,"0,0.05"
1779558604728,1779558604731,2303,1779558526247,1779558604720,delta,"0,0.05"
1779558604759,1779558604782,2304,1779558526247,1779558604751,delta,"0,0.05"
1779558604791,1779558604816,2305,1779558526247,1779558604782,delta,"0,0.05"
1779558604822,1779558604855,2306,1779558526247,1779558604814,delta,"0,0.05"
1779558604853,1779558604855,2307,1779558526247,1779558604845,delta,"0,0.05"
1779558604884,1779558604905,2308,1779558526247,1779558604876,delta,"0,0.05"
1779558604916,1779558604939,2309,1779558526247,1779558604908,delta,"0,0.05"
1779558604947,1779558604977,2310,1779558526247,1779558604939,delta,"0,0.05"
1779558604982,1779558605027,2311,1779558526247,1779558604974,delta,"0,0.05"
1779558605053,1779558605061,2312,1779558526247,1779558605045,delta,"0,0.05"
1779558605057,1779558605061,2313,1779558526247,1779558605049,delta,"0,0.05"
1779558605091,1779558605100,2314,1779558526247,1779558605083,delta,"0,0.05"
1779558605132,1779558605150,2315,1779558526247,1779558605124,delta,"0,0.05"
1779558605163,1779558605186,2316,1779558526247,1779558605155,delta,"0,0.05"
1779558605197,1779558605223,2317,1779558526247,1779558605189,delta,"0,0.05"
1779558605230,1779558605274,2318,1779558526247,1779558605222,delta,"0,0.05"
1779558605269,1779558605274,2319,1779558526247,1779558605261,delta,"0,0.05"
1779558605296,1779558605309,2320,1779558526247,1779558605288,delta,"0,0.05"
1779558605330,1779558605346,2321,1779558526247,1779558605322,delta,"0,0.05"
1779558605369,1779558605396,2322,1779558526247,1779558605361,delta,"0,0.05"
1779558605397,1779558605430,2323,1779558526247,1779558605388,delta,"0,0.05"
1779558605430,1779558605467,2324,1779558526247,1779558605422,delta,"0,0.05"
1779558605463,1779558605467,2325,1779558526247,1779558605455,delta,"0,0.05"
1779558605497,1779558605518,2326,1779558526247,1779558605489,delta,"0,0.05"
1779558605530,1779558605551,2327,1779558526247,1779558605522,delta,"0,0.05"
1779558605569,1779558605589,2328,1779558526247,1779558605561,delta,"0,0.05"
1779558605607,1779558605640,2329,1779558526247,1779558605599,delta,"0,0.05"
1779558605635,1779558605640,2330,1779558526247,1779558605626,delta,"0,0.05"
1779558605674,1779558605711,2331,1779558526247,1779558605666,delta,"0,0.05"
1779558605707,1779558605711,2332,1779558526247,1779558605699,delta,"0,0.05"
1779558605740,1779558605762,2333,1779558526247,1779558605732,delta,"0,0.05"
1779558605773,1779558605795,2334,1779558526247,1779558605765,delta,"0,0.05"
1779558605806,1779558605835,2335,1779558526247,1779558605798,delta,"0,0.05"
1779558605841,1779558605887,2336,1779558526247,1779558605833,delta,"0,0.05"
1779558605873,1779558605887,2337,1779558526247,1779558605864,delta,"0,0.05"
1779558605907,1779558605921,2338,1779558526247,1779558605898,delta,"0,0.05"
1779558605939,1779558605959,2339,1779558526247,1779558605931,delta,"0,0.05"
1779558605977,1779558606009,2340,1779558526247,1779558605969,delta,"0,0.05"
1779558606005,1779558606010,2341,1779558526247,1779558605997,delta,"0,0.05"
1779558606039,1779558606044,2342,1779558526247,1779558606031,delta,"0,0.05"
1779558606083,1779558606083,2343,1779558526247,1779558606074,delta,"0,0.05"
1779558606111,1779558606133,2344,1779558526247,1779558606103,delta,"0,0.05"
1779558606144,1779558606167,2345,1779558526247,1779558606136,delta,"0,0.05"
1779558606203,1779558606204,2346,1779558526247,1779558606195,delta,"0,0.05"
1779558606251,1779558606255,2347,1779558526247,1779558606243,delta,"0,0.05"
1779558606254,1779558606255,2348,1779558526247,1779558606246,delta,"0,0.05"
1779558606299,1779558606327,2349,1779558526247,1779558606291,delta,"0,0.05"
1779558606334,1779558606377,2350,1779558526247,1779558606326,delta,"0,0.05"
1779558606365,1779558606377,2351,1779558526247,1779558606356,delta,"0,0.05"
1779558606396,1779558606411,2352,1779558526247,1779558606388,delta,"0,0.05"
1779558606432,1779558606449,2353,1779558526247,1779558606424,delta,"0,0.05"
1779558606461,1779558606499,2354,1779558526247,1779558606453,delta,"0,0.05"
1779558606492,1779558606499,2355,1779558526247,1779558606484,delta,"0,0.05"
1779558606523,1779558606533,2356,1779558526247,1779558606515,delta,"0,0.05"
1779558606594,1779558606622,2357,1779558526247,1779558606586,delta,"0,0.05"
1779558606597,1779558606622,2358,1779558526247,1779558606589,delta,"0,0.05"
1779558606628,1779558606656,2359,1779558526247,1779558606620,delta,"0,0.05"
1779558606698,1779558606744,2360,1779558526247,1779558606690,delta,"0,0.05"
1779558606701,1779558606744,2361,1779558526247,1779558606693,delta,"0,0.05"
1779558606733,1779558606744,2362,1779558526247,1779558606724,delta,"0,0.05"
1779558606764,1779558606777,2363,1779558526247,1779558606756,delta,"0,0.05"
1779558606795,1779558606815,2364,1779558526247,1779558606787,delta,"0,0.05"
1779558606826,1779558606866,2365,1779558526247,1779558606818,delta,"0,0.05"
1779558606858,1779558606866,2366,1779558526247,1779558606850,delta,"0,0.05"
1779558606889,1779558606902,2367,1779558526247,1779558606881,delta,"0,0.05"
1779558606921,1779558606941,2368,1779558526247,1779558606913,delta,"0,0.05"
1779558606952,1779558606992,2369,1779558526247,1779558606944,delta,"0,0.05"
1779558606983,1779558606992,2370,1779558526247,1779558606975,delta,"0,0.05"
1779558607015,1779558607026,2371,1779558526247,1779558607007,delta,"0,0.05"
1779558607046,1779558607064,2372,1779558526247,1779558607038,delta,"0,0.05"
1779558607086,1779558607114,2373,1779558526247,1779558607078,delta,"0,0.05"
1779558607117,1779558607147,2374,1779558526247,1779558607109,delta,"0,0.05"
1779558607151,1779558607186,2375,1779558526247,1779558607142,delta,"0,0.05"
1779558607190,1779558607236,2376,1779558526247,1779558607181,delta,"0,0.05"
1779558607220,1779558607236,2377,1779558526247,1779558607212,delta,"0,0.05"
1779558607251,1779558607271,2378,1779558526247,1779558607243,delta,"0,0.05"
1779558607282,1779558607310,2379,1779558526247,1779558607274,delta,"0,0.05"
1779558607314,1779558607360,2380,1779558526247,1779558607306,delta,"0,0.05"
1779558607345,1779558607360,2381,1779558526247,1779558607337,delta,"0,0.05"
1779558607408,1779558607431,2382,1779558526247,1779558607399,delta,"0,0.05"
1779558607413,1779558607431,2383,1779558526247,1779558607405,delta,"0,0.05"
1779558607452,1779558607482,2384,1779558526247,1779558607444,delta,"0,0.05"
1779558607479,1779558607482,2385,1779558526247,1779558607471,delta,"0,0.05"
1779558607512,1779558607516,2386,1779558526247,1779558607504,delta,"0,0.05"
1779558607545,1779558607554,2387,1779558526247,1779558607537,delta,"0,0.05"
1779558607616,1779558607638,2388,1779558526247,1779558607608,delta,"0,0.05"
1779558607622,1779558607639,2389,1779558526247,1779558607614,delta,"0,0.05"
1779558607655,1779558607677,2390,1779558526247,1779558607647,delta,"0,0.05"
1779558607702,1779558607727,2391,1779558526247,1779558607694,delta,"0,0.05"
1779558607729,1779558607760,2392,1779558526247,1779558607721,delta,"0,0.05"
1779558607762,1779558607798,2393,1779558526247,1779558607754,delta,"0,0.05"
1779558607796,1779558607798,2394,1779558526247,1779558607788,delta,"0,0.05"
1779558607830,1779558607849,2395,1779558526247,1779558607822,delta,"0,0.05"
1779558607862,1779558607882,2396,1779558526247,1779558607854,delta,"0,0.05"
1779558607896,1779558607920,2397,1779558526247,1779558607888,delta,"0,0.05"
1779558607929,1779558607971,2398,1779558526247,1779558607921,delta,"0,0.05"
1779558607967,1779558607971,2399,1779558526247,1779558607957,delta,"0,0.05"
1779558607996,1779558608003,2400,1779558526247,1779558607988,delta,"0,0.05"
1779558608029,1779558608041,2401,1779558526247,1779558608021,delta,"0,0.05"
1779558608065,1779558608092,2402,1779558526247,1779558608057,delta,"0,0.05"
1779558608096,1779558608125,2403,1779558526247,1779558608088,delta,"0,0.05"
1779558608136,1779558608163,2404,1779558526247,1779558608128,delta,"0,0.05"
1779558608171,1779558608213,2405,1779558526247,1779558608163,delta,"0,0.05"
1779558608201,1779558608213,2406,1779558526247,1779558608193,delta,"0,0.05"
1779558608241,1779558608247,2407,1779558526247,1779558608233,delta,"0,0.05"
1779558608276,1779558608285,2408,1779558526247,1779558608268,delta,"0,0.05"
1779558608307,1779558608335,2409,1779558526247,1779558608299,delta,"0,0.05"
1779558608341,1779558608370,2410,1779558526247,1779558608332,delta,"0,0.05"
1779558608373,1779558608409,2411,1779558526247,1779558608365,delta,"0,0.05"
1779558608413,1779558608459,2412,1779558526247,1779558608404,delta,"0,0.05"
1779558608440,1779558608460,2413,1779558526247,1779558608431,delta,"0,0.05"
1779558608473,1779558608492,2414,1779558526247,1779558608465,delta,"0,0.05"
1779558608506,1779558608531,2415,1779558526247,1779558608498,delta,"0,0.05"
1779558608540,1779558608581,2416,1779558526247,1779558608532,delta,"0,0.05"
1779558608572,1779558608581,2417,1779558526247,1779558608564,delta,"0,0.05"
1779558608608,1779558608614,2418,1779558526247,1779558608600,delta,"0,0.05"
1779558608649,1779558608652,2419,1779558526247,1779558608641,delta,"0,0.05"
1779558608681,1779558608703,2420,1779558526247,1779558608672,delta,"0,0.05"
1779558608714,1779558608736,2421,1779558526247,1779558608706,delta,"0,0.05"
1779558608753,1779558608775,2422,1779558526247,1779558608745,delta,"0,0.05"
1779558608786,1779558608824,2423,1779558526247,1779558608778,delta,"0,0.05"
1779558608818,1779558608824,2424,1779558526247,1779558608810,delta,"0,0.05"
1779558608851,1779558608858,2425,1779558526247,1779558608843,delta,"0,0.05"
1779558608882,1779558608897,2426,1779558526247,1779558608874,delta,"0,0.05"
1779558608913,1779558608947,2427,1779558526247,1779558608905,delta,"0,0.05"
1779558608945,1779558608947,2428,1779558526247,1779558608937,delta,"0,0.05"
1779558608976,1779558608980,2429,1779558526247,1779558608968,delta,"0,0.05"
1779558609007,1779558609020,2430,1779558526247,1779558608999,delta,"0,0.05"
1779558609039,1779558609070,2431,1779558526247,1779558609031,delta,"0,0.05"
1779558609070,1779558609104,2432,1779558526247,1779558609062,delta,"0,0.05"
1779558609102,1779558609104,2433,1779558526247,1779558609094,delta,"0,0.05"
1779558609142,1779558609192,2434,1779558526247,1779558609134,delta,"0,0.05"
1779558609173,1779558609192,2435,1779558526247,1779558609165,delta,"0,0.05"
1779558609213,1779558609226,2436,1779558526247,1779558609205,delta,"0,0.05"
1779558609244,1779558609264,2437,1779558526247,1779558609236,delta,"0,0.05"
1779558609275,1779558609314,2438,1779558526247,1779558609267,delta,"0,0.05"
1779558609306,1779558609315,2439,1779558526247,1779558609298,delta,"0,0.05"
1779558609337,1779558609351,2440,1779558526247,1779558609329,delta,"0,0.05"
1779558609369,1779558609389,2441,1779558526247,1779558609361,delta,"0,0.05"
1779558609400,1779558609442,2442,1779558526247,1779558609392,delta,"0,0.05"
1779558609432,1779558609442,2443,1779558526247,1779558609423,delta,"0,0.05"
1779558609463,1779558609476,2444,1779558526247,1779558609454,delta,"0,0.05"
1779558609494,1779558609513,2445,1779558526247,1779558609486,delta,"0,0.05"
1779558609525,1779558609564,2446,1779558526247,1779558609517,delta,"0,0.05"
1779558609556,1779558609564,2447,1779558526247,1779558609548,delta,"0,0.05"
1779558609588,1779558609597,2448,1779558526247,1779558609580,delta,"0,0.05"
1779558609659,1779558609685,2449,1779558526247,1779558609650,delta,"0,0.05"
1779558609662,1779558609685,2450,1779558526247,1779558609654,delta,"0,0.05"
1779558609693,1779558609718,2451,1779558526247,1779558609685,delta,"0,0.05"
1779558609764,1779558609807,2452,1779558526247,1779558609756,delta,"0,0.05"
1779558609769,1779558609807,2453,1779558526247,1779558609761,delta,"0,0.05"
1779558609803,1779558609807,2454,1779558526247,1779558609795,delta,"0,0.05"
1779558609842,1779558609879,2455,1779558526247,1779558609833,delta,"0,0.05"
1779558609869,1779558609879,2456,1779558526247,1779558609861,delta,"0,0.05"
1779558609902,1779558609930,2457,1779558526247,1779558609893,delta,"0,0.05"
1779558609935,1779558609966,2458,1779558526247,1779558609927,delta,"0,0.05"
1779558609970,1779558610004,2459,1779558526247,1779558609962,delta,"0,0.05"
1779558610001,1779558610005,2460,1779558526247,1779558609993,delta,"0,0.05"
1779558610034,1779558610056,2461,1779558526247,1779558610026,delta,"0,0.05"
1779558610067,1779558610091,2462,1779558526247,1779558610059,delta,"0,0.05"
1779558610106,1779558610130,2463,1779558526247,1779558610098,delta,"0,0.05"
1779558610141,1779558610180,2464,1779558526247,1779558610133,delta,"0,0.05"
1779558610173,1779558610180,2465,1779558526247,1779558610165,delta,"0,0.05"
1779558610244,1779558610252,2466,1779558526247,1779558610236,delta,"0,0.05"
1779558610252,1779558610302,2467,1779558526247,1779558610244,delta,"0,0.05"
1779558610285,1779558610302,2468,1779558526247,1779558610277,delta,"0,0.05"
1779558610321,1779558610336,2469,1779558526247,1779558610313,delta,"0,0.05"
1779558610352,1779558610374,2470,1779558526247,1779558610344,delta,"0,0.05"
1779558610385,1779558610426,2471,1779558526247,1779558610377,delta,"0,0.05"
1779558610419,1779558610426,2472,1779558526247,1779558610411,delta,"0,0.05"
1779558610455,1779558610459,2473,1779558526247,1779558610447,delta,"0,0.05"
1779558610485,1779558610497,2474,1779558526247,1779558610477,delta,"0,0.05"
1779558610519,1779558610547,2475,1779558526247,1779558610511,delta,"0,0.05"
1779558610552,1779558610580,2476,1779558526247,1779558610544,delta,"0,0.05"
1779558610586,1779558610617,2477,1779558526247,1779558610578,delta,"0,0.05"
1779558610619,1779558610668,2478,1779558526247,1779558610611,delta,"0,0.05"
1779558610652,1779558610668,2479,1779558526247,1779558610644,delta,"0,0.05"
1779558610697,1779558610701,2480,1779558526247,1779558610689,delta,"0,0.05"
1779558610724,1779558610739,2481,1779558526247,1779558610716,delta,"0,0.05"
1779558610757,1779558610788,2482,1779558526247,1779558610749,delta,"0,0.05"
1779558610802,1779558610821,2483,1779558526247,1779558610794,delta,"0,0.05"
1779558610829,1779558610859,2484,1779558526247,1779558610821,delta,"0,0.05"
1779558610863,1779558610909,2485,1779558526247,1779558610854,delta,"0,0.05"
1779558610896,1779558610909,2486,1779558526247,1779558610887,delta,"0,0.05"
1779558610927,1779558610943,2487,1779558526247,1779558610919,delta,"0,0.05"
1779558610996,1779558611031,2488,1779558526247,1779558610988,delta,"0,0.05"
1779558610999,1779558611031,2489,1779558526247,1779558610991,delta,"0,0.05"
1779558611035,1779558611065,2490,1779558526247,1779558611027,delta,"0,0.05"
1779558611068,1779558611102,2491,1779558526247,1779558611059,delta,"0,0.05"
1779558611132,1779558611153,2492,1779558526247,1779558611124,delta,"0,0.05"
1779558611135,1779558611153,2493,1779558526247,1779558611127,delta,"0,0.05"
1779558611198,1779558611225,2494,1779558526247,1779558611190,delta,"0,0.05"
1779558611206,1779558611225,2495,1779558526247,1779558611198,delta,"0,0.05"
1779558611276,1779558611309,2496,1779558526247,1779558611268,delta,"0,0.05"
1779558611279,1779558611309,2497,1779558526247,1779558611271,delta,"0,0.05"
1779558611313,1779558611347,2498,1779558526247,1779558611304,delta,"0,0.05"
1779558611344,1779558611347,2499,1779558526247,1779558611336,delta,"0,0.05"
1779558611375,1779558611399,2500,1779558526247,1779558611367,delta,"0,0.05"
1779558611406,1779558611432,2501,1779558526247,1779558611398,delta,"0,0.05"
1779558611438,1779558611470,2502,1779558526247,1779558611430,delta,"0,0.05"
1779558611469,1779558611470,2503,1779558526247,1779558611461,delta,"0,0.05"
1779558611500,1779558611521,2504,1779558526247,1779558611492,delta,"0,0.05"
1779558611531,1779558611554,2505,1779558526247,1779558611523,delta,"0,0.05"
1779558611562,1779558611592,2506,1779558526247,1779558611554,delta,"0,0.05"
1779558611594,1779558611642,2507,1779558526247,1779558611586,delta,"0,0.05"
1779558611626,1779558611642,2508,1779558526247,1779558611618,delta,"0,0.05"
1779558611657,1779558611678,2509,1779558526247,1779558611649,delta,"0,0.05"
1779558611698,1779558611715,2510,1779558526247,1779558611690,delta,"0,0.05"
1779558611728,1779558611765,2511,1779558526247,1779558611720,delta,"0,0.05"
1779558611761,1779558611765,2512,1779558526247,1779558611752,delta,"0,0.05"
1779558611800,1779558611836,2513,1779558526247,1779558611792,delta,"0,0.05"
1779558611862,1779558611886,2514,1779558526247,1779558611854,delta,"0,0.05"
1779558611865,1779558611887,2515,1779558526247,1779558611857,delta,"0,0.05"
1779558611897,1779558611920,2516,1779558526247,1779558611889,delta,"0,0.05"
1779558611928,1779558611959,2517,1779558526247,1779558611920,delta,"0,0.05"
1779558611991,1779558612010,2518,1779558526247,1779558611983,delta,"0,0.05"
1779558611994,1779558612010,2519,1779558526247,1779558611986,delta,"0,0.05"
1779558612057,1779558612081,2520,1779558526247,1779558612049,delta,"0,0.05"
1779558612092,1779558612132,2521,1779558526247,1779558612084,delta,"0,0.05"
1779558612095,1779558612132,2522,1779558526247,1779558612087,delta,"0,0.05"
1779558612160,1779558612165,2523,1779558526247,1779558612152,delta,"0,0.05"
1779558612164,1779558612165,2524,1779558526247,1779558612155,delta,"0,0.05"
1779558612237,1779558612253,2525,1779558526247,1779558612229,delta,"0,0.05"
1779558612241,1779558612253,2526,1779558526247,1779558612233,delta,"0,0.05"
1779558612276,1779558612286,2527,1779558526247,1779558612268,delta,"0,0.05"
1779558612317,1779558612323,2528,1779558526247,1779558612309,delta,"0,0.05"
1779558612351,1779558612374,2529,1779558526247,1779558612343,delta,"0,0.05"
1779558612382,1779558612410,2530,1779558526247,1779558612374,delta,"0,0.05"
1779558612413,1779558612447,2531,1779558526247,1779558612405,delta,"0,0.05"
1779558612445,1779558612447,2532,1779558526247,1779558612437,delta,"0,0.05"
1779558612508,1779558612531,2533,1779558526247,1779558612499,delta,"0,0.05"
1779558612511,1779558612531,2534,1779558526247,1779558612502,delta,"0,0.05"
1779558612542,1779558612569,2535,1779558526247,1779558612534,delta,"0,0.05"
1779558612573,1779558612620,2536,1779558526247,1779558612565,delta,"0,0.05"
1779558612604,1779558612621,2537,1779558526247,1779558612596,delta,"0,0.05"
1779558612636,1779558612653,2538,1779558526247,1779558612628,delta,"0,0.05"
1779558612667,1779558612691,2539,1779558526247,1779558612659,delta,"0,0.05"
1779558612738,1779558612742,2540,1779558526247,1779558612730,delta,"0,0.05"
1779558612742,1779558612775,2541,1779558526247,1779558612734,delta,"0,0.05"
1779558612812,1779558612862,2542,1779558526247,1779558612804,delta,"0,0.05"
1779558612815,1779558612862,2543,1779558526247,1779558612807,delta,"0,0.05"
1779558612879,1779558612896,2544,1779558526247,1779558612870,delta,"0,0.05"
1779558612882,1779558612896,2545,1779558526247,1779558612873,delta,"0,0.05"
1779558612913,1779558612933,2546,1779558526247,1779558612905,delta,"0,0.05"
1779558612944,1779558612984,2547,1779558526247,1779558612936,delta,"0,0.05"
1779558612975,1779558612984,2548,1779558526247,1779558612967,delta,"0,0.05"
1779558613007,1779558613018,2549,1779558526247,1779558612999,delta,"0,0.05"
1779558613070,1779558613107,2550,1779558526247,1779558613062,delta,"0,0.05"
1779558613073,1779558613107,2551,1779558526247,1779558613064,delta,"0,0.05"
1779558613107,1779558613140,2552,1779558526247,1779558613099,delta,"0,0.05"
1779558613140,1779558613179,2553,1779558526247,1779558613132,delta,"0,0.05"
1779558613174,1779558613179,2554,1779558526247,1779558613166,delta,"0,0.05"
1779558613206,1779558613230,2555,1779558526247,1779558613198,delta,"0,0.05"
1779558613246,1779558613264,2556,1779558526247,1779558613238,delta,"0,0.05"
1779558613279,1779558613303,2557,1779558526247,1779558613271,delta,"0,0.05"
1779558613312,1779558613354,2558,1779558526247,1779558613304,delta,"0,0.05"
1779558613351,1779558613354,2559,1779558526247,1779558613343,delta,"0,0.05"
1779558613389,1779558613427,2560,1779558526247,1779558613381,delta,"0,0.05"
1779558613417,1779558613427,2561,1779558526247,1779558613409,delta,"0,0.05"
1779558613451,1779558613478,2562,1779558526247,1779558613443,delta,"0,0.05"
1779558613489,1779558613514,2563,1779558526247,1779558613481,delta,"0,0.05"
1779558613517,1779558613551,2564,1779558526247,1779558613509,delta,"0,0.05"
1779558613552,1779558613602,2565,1779558526247,1779558613544,delta,"0,0.05"
1779558613590,1779558613602,2566,1779558526247,1779558613582,delta,"0,0.05"
1779558613618,1779558613637,2567,1779558526247,1779558613610,delta,"0,0.05"
1779558613652,1779558613675,2568,1779558526247,1779558613644,delta,"0,0.05"
1779558613691,1779558613727,2569,1779558526247,1779558613683,delta,"0,0.05"
1779558613719,1779558613727,2570,1779558526247,1779558613710,delta,"0,0.05"
1779558613758,1779558613763,2571,1779558526247,1779558613750,delta,"0,0.05"
1779558613796,1779558613801,2572,1779558526247,1779558613788,delta,"0,0.05"
1779558613823,1779558613851,2573,1779558526247,1779558613815,delta,"0,0.05"
1779558613863,1779558613884,2574,1779558526247,1779558613855,delta,"0,0.05"
1779558613900,1779558613922,2575,1779558526247,1779558613892,delta,"0,0.05"
1779558613930,1779558613973,2576,1779558526247,1779558613922,delta,"0,0.05"
1779558613964,1779558613973,2577,1779558526247,1779558613955,delta,"0,0.05"
1779558613999,1779558614009,2578,1779558526247,1779558613991,delta,"0,0.05"
1779558614030,1779558614048,2579,1779558526247,1779558614022,delta,"0,0.05"
1779558614063,1779558614098,2580,1779558526247,1779558614055,delta,"0,0.05"
1779558614096,1779558614098,2581,1779558526247,1779558614088,delta,"0,0.05"
1779558614135,1779558614170,2582,1779558526247,1779558614127,delta,"0,0.05"
1779558614163,1779558614170,2583,1779558526247,1779558614155,delta,"0,0.05"
1779558614196,1779558614221,2584,1779558526247,1779558614188,delta,"0,0.05"
1779558614229,1779558614255,2585,1779558526247,1779558614221,delta,"0,0.05"
1779558614270,1779558614293,2586,1779558526247,1779558614262,delta,"0,0.05"
1779558614301,1779558614344,2587,1779558526247,1779558614293,delta,"0,0.05"
1779558614334,1779558614344,2588,1779558526247,1779558614326,delta,"0,0.05"
1779558614374,1779558614377,2589,1779558526247,1779558614366,delta,"0,0.05"
1779558614406,1779558614416,2590,1779558526247,1779558614398,delta,"0,0.05"
1779558614438,1779558614465,2591,1779558526247,1779558614430,delta,"0,0.05"
1779558614505,1779558614536,2592,1779558526247,1779558614497,delta,"0,0.05"
1779558614516,1779558614536,2593,1779558526247,1779558614508,delta,"0,0.05"
1779558614552,1779558614587,2594,1779558526247,1779558614544,delta,"0,0.05"
1779558614585,1779558614587,2595,1779558526247,1779558614574,delta,"0,0.05"
1779558614614,1779558614620,2596,1779558526247,1779558614606,delta,"0,0.05"
1779558614645,1779558614658,2597,1779558526247,1779558614637,delta,"0,0.05"
1779558614676,1779558614708,2598,1779558526247,1779558614668,delta,"0,0.05"
1779558614708,1779558614708,2599,1779558526247,1779558614699,delta,"0,0.05"
1779558614779,1779558614780,2600,1779558526247,1779558614771,delta,"0,0.05"
1779558614782,1779558614830,2601,1779558526247,1779558614774,delta,"0,0.05"
1779558614815,1779558614830,2602,1779558526247,1779558614807,delta,"0,0.05"
1779558614854,1779558614863,2603,1779558526247,1779558614846,delta,"0,0.05"
1779558614884,1779558614901,2604,1779558526247,1779558614876,delta,"0,0.05"
1779558614916,1779558614951,2605,1779558526247,1779558614908,delta,"0,0.05"
1779558614947,1779558614951,2606,1779558526247,1779558614939,delta,"0,0.05"
1779558614978,1779558614985,2607,1779558526247,1779558614970,delta,"0,0.05"
1779558615009,1779558615023,2608,1779558526247,1779558615001,delta,"0,0.05"
1779558615040,1779558615074,2609,1779558526247,1779558615032,delta,"0,0.05"
1779558615071,1779558615074,2610,1779558526247,1779558615064,delta,"0,0.05"
1779558615103,1779558615107,2611,1779558526247,1779558615095,delta,"0,0.05"
1779558615134,1779558615145,2612,1779558526247,1779558615126,delta,"0,0.05"
1779558615165,1779558615195,2613,1779558526247,1779558615157,delta,"0,0.05"
1779558615197,1779558615228,2614,1779558526247,1779558615188,delta,"0,0.05"
1779558615228,1779558615266,2615,1779558526247,1779558615220,delta,"0,0.05"
1779558615261,1779558615266,2616,1779558526247,1779558615253,delta,"0,0.05"
1779558615300,1779558615316,2617,1779558526247,1779558615292,delta,"0,0.05"
1779558615331,1779558615350,2618,1779558526247,1779558615323,delta,"0,0.05"
1779558615363,1779558615389,2619,1779558526247,1779558615355,delta,"0,0.05"
1779558615402,1779558615439,2620,1779558526247,1779558615394,delta,"0,0.05"
1779558615464,1779558615472,2621,1779558526247,1779558615456,delta,"0,0.05"
1779558615466,1779558615472,2622,1779558526247,1779558615458,delta,"0,0.05"
1779558615498,1779558615509,2623,1779558526247,1779558615490,delta,"0,0.05"
1779558615529,1779558615561,2624,1779558526247,1779558615521,delta,"0,0.05"
1779558615560,1779558615561,2625,1779558526247,1779558615552,delta,"0,0.05"
1779558615592,1779558615599,2626,1779558526247,1779558615584,delta,"0,0.05"
1779558615622,1779558615636,2627,1779558526247,1779558615614,delta,"0,0.05"
1779558615654,1779558615686,2628,1779558526247,1779558615646,delta,"0,0.05"
1779558615685,1779558615686,2629,1779558526247,1779558615677,delta,"0,0.05"
1779558615717,1779558615720,2630,1779558526247,1779558615709,delta,"0,0.05"
1779558615748,1779558615758,2631,1779558526247,1779558615740,delta,"0,0.05"
1779558615780,1779558615808,2632,1779558526247,1779558615772,delta,"0,0.05"
1779558615821,1779558615842,2633,1779558526247,1779558615812,delta,"0,0.05"
1779558615854,1779558615879,2634,1779558526247,1779558615846,delta,"0,0.05"
1779558615886,1779558615929,2635,1779558526247,1779558615878,delta,"0,0.05"
1779558615926,1779558615929,2636,1779558526247,1779558615918,delta,"0,0.05"
1779558615988,1779558616000,2637,1779558526247,1779558615980,delta,"0,0.05"
1779558615991,1779558616000,2638,1779558526247,1779558615983,delta,"0,0.05"
1779558616022,1779558616051,2639,1779558526247,1779558616014,delta,"0,0.05"
1779558616053,1779558616086,2640,1779558526247,1779558616045,delta,"0,0.05"
1779558616085,1779558616086,2641,1779558526247,1779558616077,delta,"0,0.05"
1779558616116,1779558616124,2642,1779558526247,1779558616108,delta,"0,0.05"
1779558616147,1779558616174,2643,1779558526247,1779558616139,delta,"0,0.05"
1779558616179,1779558616208,2644,1779558526247,1779558616171,delta,"0,0.05"
1779558616210,1779558616246,2645,1779558526247,1779558616201,delta,"0,0.05"
1779558616241,1779558616246,2646,1779558526247,1779558616233,delta,"0,0.05"
1779558616274,1779558616296,2647,1779558526247,1779558616266,delta,"0,0.05"
1779558616315,1779558616329,2648,1779558526247,1779558616307,delta,"0,0.05"
1779558616345,1779558616367,2649,1779558526247,1779558616337,delta,"0,0.05"
1779558616379,1779558616418,2650,1779558526247,1779558616371,delta,"0,0.05"
1779558616417,1779558616418,2651,1779558526247,1779558616409,delta,"0,0.05"
1779558616448,1779558616452,2652,1779558526247,1779558616440,delta,"0,0.05"
1779558616479,1779558616490,2653,1779558526247,1779558616471,delta,"0,0.05"
1779558616510,1779558616540,2654,1779558526247,1779558616502,delta,"0,0.05"
1779558616542,1779558616574,2655,1779558526247,1779558616534,delta,"0,0.05"
1779558616573,1779558616574,2656,1779558526247,1779558616565,delta,"0,0.05"
1779558616604,1779558616611,2657,1779558526247,1779558616596,delta,"0,0.05"
1779558616636,1779558616662,2658,1779558526247,1779558616627,delta,"0,0.05"
1779558616667,1779558616695,2659,1779558526247,1779558616659,delta,"0,0.05"
1779558616698,1779558616733,2660,1779558526247,1779558616690,delta,"0,0.05"
1779558616730,1779558616733,2661,1779558526247,1779558616721,delta,"0,0.05"
1779558616761,1779558616783,2662,1779558526247,1779558616753,delta,"0,0.05"
1779558616832,1779558616855,2663,1779558526247,1779558616824,delta,"0,0.05"
1779558616836,1779558616855,2664,1779558526247,1779558616828,delta,"0,0.05"
1779558616869,1779558616905,2665,1779558526247,1779558616861,delta,"0,0.05"
1779558616909,1779558616938,2666,1779558526247,1779558616901,delta,"0,0.05"
1779558616941,1779558616976,2667,1779558526247,1779558616933,delta,"0,0.05"
1779558616972,1779558616976,2668,1779558526247,1779558616964,delta,"0,0.05"
1779558617003,1779558617026,2669,1779558526247,1779558616995,delta,"0,0.05"
1779558617035,1779558617065,2670,1779558526247,1779558617027,delta,"0,0.05"
1779558617066,1779558617104,2671,1779558526247,1779558617058,delta,"0,0.05"
1779558617098,1779558617104,2672,1779558526247,1779558617089,delta,"0,0.05"
1779558617129,1779558617156,2673,1779558526247,1779558617121,delta,"0,0.05"
1779558617160,1779558617190,2674,1779558526247,1779558617152,delta,"0,0.05"
1779558617194,1779558617229,2675,1779558526247,1779558617186,delta,"0,0.05"
1779558617227,1779558617229,2676,1779558526247,1779558617219,delta,"0,0.05"
1779558617261,1779558617280,2677,1779558526247,1779558617252,delta,"0,0.05"
1779558617332,1779558617353,2678,1779558526247,1779558617324,delta,"0,0.05"
1779558617343,1779558617353,2679,1779558526247,1779558617334,delta,"0,0.05"
1779558617375,1779558617404,2680,1779558526247,1779558617367,delta,"0,0.05"
1779558617415,1779558617438,2681,1779558526247,1779558617407,delta,"0,0.05"
1779558617446,1779558617477,2682,1779558526247,1779558617438,delta,"0,0.05"
1779558617510,1779558617528,2683,1779558526247,1779558617502,delta,"0,0.05"
1779558617513,1779558617528,2684,1779558526247,1779558617505,delta,"0,0.05"
1779558617580,1779558617599,2685,1779558526247,1779558617572,delta,"0,0.05"
1779558617583,1779558617599,2686,1779558526247,1779558617575,delta,"0,0.05"
1779558617624,1779558617650,2687,1779558526247,1779558617616,delta,"0,0.05"
1779558617669,1779558617683,2688,1779558526247,1779558617661,delta,"0,0.05"
1779558617738,1779558617771,2689,1779558526247,1779558617730,delta,"0,0.05"
1779558617742,1779558617771,2690,1779558526247,1779558617734,delta,"0,0.05"
1779558617791,1779558617804,2691,1779558526247,1779558617782,delta,"0,0.05"
1779558617836,1779558617842,2692,1779558526247,1779558617827,delta,"0,0.05"
1779558617876,1779558617892,2693,1779558526247,1779558617868,delta,"0,0.05"
1779558617919,1779558617926,2694,1779558526247,1779558617910,delta,"0,0.05"
1779558617953,1779558617965,2695,1779558526247,1779558617945,delta,"0,0.05"
1779558618018,1779558618049,2696,1779558526247,1779558618010,delta,"0,0.05"
1779558618055,1779558618087,2697,1779558526247,1779558618047,delta,"0,0.05"
1779558618092,1779558618138,2698,1779558526247,1779558618084,delta,"0,0.05"
1779558618095,1779558618138,2699,1779558526247,1779558618087,delta,"0,0.05"
1779558618129,1779558618138,2700,1779558526247,1779558618121,delta,"0,0.05"
1779558618161,1779558618171,2701,1779558526247,1779558618153,delta,"0,0.05"
1779558618228,1779558618259,2702,1779558526247,1779558618220,delta,"0,0.05"
1779558618265,1779558618292,2703,1779558526247,1779558618257,delta,"0,0.05"
1779558618268,1779558618292,2704,1779558526247,1779558618260,delta,"0,0.05"
1779558618303,1779558618329,2705,1779558526247,1779558618295,delta,"0,0.05"
1779558618335,1779558618379,2706,1779558526247,1779558618327,delta,"0,0.05"
1779558618378,1779558618379,2707,1779558526247,1779558618368,delta,"0,0.05"
1779558618409,1779558618412,2708,1779558526247,1779558618401,delta,"0,0.05"
1779558618442,1779558618452,2709,1779558526247,1779558618434,delta,"0,0.05"
1779558618481,1779558618502,2710,1779558526247,1779558618473,delta,"0,0.05"
1779558618513,1779558618536,2711,1779558526247,1779558618505,delta,"0,0.05"
1779558618549,1779558618575,2712,1779558526247,1779558618541,delta,"0,0.05"
1779558618583,1779558618626,2713,1779558526247,1779558618574,delta,"0,0.05"
1779558618615,1779558618626,2714,1779558526247,1779558618607,delta,"0,0.05"
1779558618650,1779558618660,2715,1779558526247,1779558618642,delta,"0,0.05"
1779558618685,1779558618699,2716,1779558526247,1779558618677,delta,"0,0.05"
1779558618722,1779558618749,2717,1779558526247,1779558618714,delta,"0,0.05"
1779558618757,1779558618782,2718,1779558526247,1779558618749,delta,"0,0.05"
1779558618794,1779558618821,2719,1779558526247,1779558618786,delta,"0,0.05"
1779558618830,1779558618871,2720,1779558526247,1779558618822,delta,"0,0.05"
1779558618871,1779558618905,2721,1779558526247,1779558618863,delta,"0,0.05"
1779558618946,1779558618991,2722,1779558526247,1779558618938,delta,"0,0.05"
1779558618950,1779558618992,2723,1779558526247,1779558618942,delta,"0,0.05"
1779558618985,1779558618992,2724,1779558526247,1779558618977,delta,"0,0.05"
1779558619021,1779558619025,2725,1779558526247,1779558619013,delta,"0,0.05"
1779558619054,1779558619063,2726,1779558526247,1779558619046,delta,"0,0.05"
1779558619086,1779558619114,2727,1779558526247,1779558619078,delta,"0,0.05"
1779558619119,1779558619147,2728,1779558526247,1779558619111,delta,"0,0.05"
1779558619151,1779558619186,2729,1779558526247,1779558619143,delta,"0,0.05"
1779558619183,1779558619186,2730,1779558526247,1779558619174,delta,"0,0.05"
1779558619215,1779558619237,2731,1779558526247,1779558619207,delta,"0,0.05"
1779558619252,1779558619270,2732,1779558526247,1779558619244,delta,"0,0.05"
1779558619292,1779558619307,2733,1779558526247,1779558619284,delta,"0,0.05"
1779558619325,1779558619358,2734,1779558526247,1779558619317,delta,"0,0.05"
1779558619366,1779558619391,2735,1779558526247,1779558619358,delta,"0,0.05"
1779558619404,1779558619429,2736,1779558526247,1779558619396,delta,"0,0.05"
1779558619444,1779558619479,2737,1779558526247,1779558619435,delta,"0,0.05"
1779558619482,1779558619513,2738,1779558526247,1779558619474,delta,"0,0.05"
1779558619516,1779558619550,2739,1779558526247,1779558619508,delta,"0,0.05"
1779558619550,1779558619550,2740,1779558526247,1779558619542,delta,"0,0.05"
1779558619584,1779558619601,2741,1779558526247,1779558619576,delta,"0,0.05"
1779558619617,1779558619635,2742,1779558526247,1779558619609,delta,"0,0.05"
1779558619651,1779558619673,2743,1779558526247,1779558619643,delta,"0,0.05"
1779558619683,1779558619724,2744,1779558526247,1779558619675,delta,"0,0.05"
1779558619715,1779558619724,2745,1779558526247,1779558619707,delta,"0,0.05"
1779558619747,1779558619759,2746,1779558526247,1779558619739,delta,"0,0.05"
1779558619780,1779558619797,2747,1779558526247,1779558619772,delta,"0,0.05"
1779558619812,1779558619848,2748,1779558526247,1779558619803,delta,"0,0.05"
1779558619844,1779558619848,2749,1779558526247,1779558619836,delta,"0,0.05"
1779558619884,1779558619921,2750,1779558526247,1779558619876,delta,"0,0.05"
1779558619915,1779558619921,2751,1779558526247,1779558619907,delta,"0,0.05"
1779558619986,1779558620004,2752,1779558526247,1779558619978,delta,"0,0.05"
1779558619990,1779558620005,2753,1779558526247,1779558619982,delta,"0,0.05"
1779558620022,1779558620042,2754,1779558526247,1779558620014,delta,"0,0.05"
1779558620054,1779558620093,2755,1779558526247,1779558620046,delta,"0,0.05"
1779558620086,1779558620093,2756,1779558526247,1779558620078,delta,"0,0.05"
1779558620118,1779558620126,2757,1779558526247,1779558620110,delta,"0,0.05"
1779558620150,1779558620164,2758,1779558526247,1779558620142,delta,"0,0.05"
1779558620183,1779558620215,2759,1779558526247,1779558620174,delta,"0,0.05"
1779558620215,1779558620249,2760,1779558526247,1779558620207,delta,"0,0.05"
1779558620249,1779558620249,2761,1779558526247,1779558620241,delta,"0,0.05"
1779558620313,1779558620340,2762,1779558526247,1779558620304,delta,"0,0.05"
1779558620319,1779558620340,2763,1779558526247,1779558620311,delta,"0,0.05"
1779558620355,1779558620373,2764,1779558526247,1779558620347,delta,"0,0.05"
1779558620388,1779558620410,2765,1779558526247,1779558620380,delta,"0,0.05"
1779558620429,1779558620460,2766,1779558526247,1779558620421,delta,"0,0.05"
1779558620463,1779558620493,2767,1779558526247,1779558620455,delta,"0,0.05"
1779558620502,1779558620531,2768,1779558526247,1779558620494,delta,"0,0.05"
1779558620533,1779558620581,2769,1779558526247,1779558620525,delta,"0,0.05"
1779558620565,1779558620581,2770,1779558526247,1779558620557,delta,"0,0.05"
1779558620598,1779558620614,2771,1779558526247,1779558620589,delta,"0,0.05"
1779558620630,1779558620653,2772,1779558526247,1779558620622,delta,"0,0.05"
1779558620665,1779558620703,2773,1779558526247,1779558620657,delta,"0,0.05"
1779558620697,1779558620703,2774,1779558526247,1779558620689,delta,"0,0.05"
1779558620729,1779558620737,2775,1779558526247,1779558620721,delta,"0,0.05"
1779558620762,1779558620775,2776,1779558526247,1779558620754,delta,"0,0.05"
1779558620794,1779558620825,2777,1779558526247,1779558620786,delta,"0,0.05"
1779558620826,1779558620859,2778,1779558526247,1779558620818,delta,"0,0.05"
1779558620858,1779558620859,2779,1779558526247,1779558620850,delta,"0,0.05"
1779558620892,1779558620896,2780,1779558526247,1779558620883,delta,"0,0.05"
1779558620932,1779558620947,2781,1779558526247,1779558620924,delta,"0,0.05"
1779558620963,1779558620980,2782,1779558526247,1779558620955,delta,"0,0.05"
1779558621003,1779558621018,2783,1779558526247,1779558620995,delta,"0,0.05"
1779558621035,1779558621068,2784,1779558526247,1779558621027,delta,"0,0.05"
1779558621069,1779558621102,2785,1779558526247,1779558621061,delta,"0,0.05"
1779558621103,1779558621140,2786,1779558526247,1779558621094,delta,"0,0.05"
1779558621135,1779558621140,2787,1779558526247,1779558621127,delta,"0,0.05"
1779558621168,1779558621191,2788,1779558526247,1779558621160,delta,"0,0.05"
1779558621200,1779558621225,2789,1779558526247,1779558621192,delta,"0,0.05"
1779558621232,1779558621263,2790,1779558526247,1779558621224,delta,"0,0.05"
1779558621264,1779558621315,2791,1779558526247,1779558621256,delta,"0,0.05"
1779558621297,1779558621315,2792,1779558526247,1779558621288,delta,"0,0.05"
1779558621329,1779558621348,2793,1779558526247,1779558621321,delta,"0,0.05"
1779558621361,1779558621386,2794,1779558526247,1779558621353,delta,"0,0.05"
1779558621394,1779558621436,2795,1779558526247,1779558621386,delta,"0,0.05"
1779558621435,1779558621436,2796,1779558526247,1779558621427,delta,"0,0.05"
1779558621467,1779558621470,2797,1779558526247,1779558621458,delta,"0,0.05"
1779558621507,1779558621509,2798,1779558526247,1779558621498,delta,"0,0.05"
1779558621541,1779558621559,2799,1779558526247,1779558621533,delta,"0,0.05"
1779558621580,1779558621592,2800,1779558526247,1779558621571,delta,"0,0.05"
1779558621615,1779558621630,2801,1779558526247,1779558621607,delta,"0,0.05"
1779558621654,1779558621680,2802,1779558526247,1779558621646,delta,"0,0.05"
1779558621692,1779558621714,2803,1779558526247,1779558621684,delta,"0,0.05"
1779558621732,1779558621752,2804,1779558526247,1779558621724,delta,"0,0.05"
1779558621768,1779558621802,2805,1779558526247,1779558621759,delta,"0,0.05"
1779558621801,1779558621802,2806,1779558526247,1779558621793,delta,"0,0.05"
1779558621835,1779558621835,2807,1779558526247,1779558621827,delta,"0,0.05"
1779558621869,1779558621873,2808,1779558526247,1779558621861,delta,"0,0.05"
1779558621902,1779558621923,2809,1779558526247,1779558621894,delta,"0,0.05"
1779558621943,1779558621957,2810,1779558526247,1779558621935,delta,"0,0.05"
1779558622013,1779558622045,2811,1779558526247,1779558622005,delta,"0,0.05"
1779558622016,1779558622045,2812,1779558526247,1779558622008,delta,"0,0.05"
1779558622053,1779558622078,2813,1779558526247,1779558622045,delta,"0,0.05"
1779558622090,1779558622116,2814,1779558526247,1779558622082,delta,"0,0.05"
1779558622127,1779558622167,2815,1779558526247,1779558622119,delta,"0,0.05"
1779558622169,1779558622205,2816,1779558526247,1779558622161,delta,"0,0.05"
1779558622206,1779558622243,2817,1779558526247,1779558622198,delta,"0,0.05"
1779558622243,1779558622294,2818,1779558526247,1779558622235,delta,"0,0.05"
1779558622280,1779558622294,2819,1779558526247,1779558622272,delta,"0,0.05"
1779558622318,1779558622330,2820,1779558526247,1779558622310,delta,"0,0.05"
1779558622352,1779558622370,2821,1779558526247,1779558622344,delta,"0,0.05"
1779558622386,1779558622420,2822,1779558526247,1779558622378,delta,"0,0.05"
1779558622458,1779558622492,2823,1779558526247,1779558622450,delta,"0,0.05"
1779558622462,1779558622492,2824,1779558526247,1779558622454,delta,"0,0.05"
1779558622494,1779558622542,2825,1779558526247,1779558622486,delta,"0,0.05"
1779558622565,1779558622577,2826,1779558526247,1779558622556,delta,"0,0.05"
1779558622568,1779558622577,2827,1779558526247,1779558622560,delta,"0,0.05"
1779558622601,1779558622615,2828,1779558526247,1779558622593,delta,"0,0.05"
1779558622633,1779558622666,2829,1779558526247,1779558622625,delta,"0,0.05"
1779558622665,1779558622666,2830,1779558526247,1779558622657,delta,"0,0.05"
1779558622697,1779558622700,2831,1779558526247,1779558622689,delta,"0,0.05"
1779558622730,1779558622738,2832,1779558526247,1779558622722,delta,"0,0.05"
1779558622762,1779558622789,2833,1779558526247,1779558622754,delta,"0,0.05"
1779558622794,1779558622823,2834,1779558526247,1779558622786,delta,"0,0.05"
1779558622826,1779558622861,2835,1779558526247,1779558622818,delta,"0,0.05"
1779558622859,1779558622861,2836,1779558526247,1779558622851,delta,"0,0.05"
1779558622892,1779558622911,2837,1779558526247,1779558622884,delta,"0,0.05"
1779558622924,1779558622945,2838,1779558526247,1779558622916,delta,"0,0.05"
1779558622965,1779558622983,2839,1779558526247,1779558622957,delta,"0,0.05"
1779558622996,1779558623033,2840,1779558526247,1779558622988,delta,"0,0.05"
1779558623029,1779558623033,2841,1779558526247,1779558623021,delta,"0,0.05"
1779558623068,1779558623105,2842,1779558526247,1779558623060,delta,"0,0.05"
1779558623099,1779558623105,2843,1779558526247,1779558623091,delta,"0,0.05"
1779558623131,1779558623155,2844,1779558526247,1779558623123,delta,"0,0.05"
1779558623163,1779558623188,2845,1779558526247,1779558623155,delta,"0,0.05"
1779558623196,1779558623227,2846,1779558526247,1779558623188,delta,"0,0.05"
1779558623228,1779558623277,2847,1779558526247,1779558623220,delta,"0,0.05"
1779558623260,1779558623277,2848,1779558526247,1779558623252,delta,"0,0.05"
1779558623292,1779558623310,2849,1779558526247,1779558623284,delta,"0,0.05"
1779558623324,1779558623348,2850,1779558526247,1779558623316,delta,"0,0.05"
1779558623356,1779558623398,2851,1779558526247,1779558623348,delta,"0,0.05"
1779558623389,1779558623398,2852,1779558526247,1779558623381,delta,"0,0.05"
1779558623423,1779558623431,2853,1779558526247,1779558623414,delta,"0,0.05"
1779558623456,1779558623472,2854,1779558526247,1779558623447,delta,"0,0.05"
1779558623495,1779558623522,2855,1779558526247,1779558623487,delta,"0,0.05"
1779558623527,1779558623556,2856,1779558526247,1779558623519,delta,"0,0.05"
1779558623567,1779558623594,2857,1779558526247,1779558623559,delta,"0,0.05"
1779558623600,1779558623644,2858,1779558526247,1779558623591,delta,"0,0.05"
1779558623632,1779558623644,2859,1779558526247,1779558623624,delta,"0,0.05"
1779558623665,1779558623678,2860,1779558526247,1779558623656,delta,"0,0.05"
1779558623696,1779558623716,2861,1779558526247,1779558623688,delta,"0,0.05"
1779558623729,1779558623768,2862,1779558526247,1779558623721,delta,"0,0.05"
1779558623770,1779558623802,2863,1779558526247,1779558623762,delta,"0,0.05"
1779558623802,1779558623840,2864,1779558526247,1779558623794,delta,"0,0.05"
1779558623835,1779558623840,2865,1779558526247,1779558623826,delta,"0,0.05"
1779558623866,1779558623890,2866,1779558526247,1779558623858,delta,"0,0.05"
1779558623899,1779558623923,2867,1779558526247,1779558623891,delta,"0,0.05"
1779558623931,1779558623961,2868,1779558526247,1779558623923,delta,"0,0.05"
1779558623972,1779558624012,2869,1779558526247,1779558623964,delta,"0,0.05"
1779558624002,1779558624012,2870,1779558526247,1779558623994,delta,"0,0.05"
1779558624043,1779558624045,2871,1779558526247,1779558624034,delta,"0,0.05"
1779558624075,1779558624083,2872,1779558526247,1779558624067,delta,"0,0.05"
1779558624107,1779558624135,2873,1779558526247,1779558624099,delta,"0,0.05"
1779558624140,1779558624169,2874,1779558526247,1779558624131,delta,"0,0.05"
1779558624203,1779558624208,2875,1779558526247,1779558624195,delta,"0,0.05"
1779558624206,1779558624208,2876,1779558526247,1779558624198,delta,"0,0.05"
1779558624239,1779558624259,2877,1779558526247,1779558624231,delta,"0,0.05"
1779558624310,1779558624331,2878,1779558526247,1779558624301,delta,"0,0.05"
1779558624313,1779558624331,2879,1779558526247,1779558624305,delta,"0,0.05"
1779558624348,1779558624381,2880,1779558526247,1779558624340,delta,"0,0.05"
1779558624382,1779558624415,2881,1779558526247,1779558624374,delta,"0,0.05"
1779558624417,1779558624453,2882,1779558526247,1779558624409,delta,"0,0.05"
1779558624449,1779558624453,2883,1779558526247,1779558624441,delta,"0,0.05"
1779558624482,1779558624504,2884,1779558526247,1779558624474,delta,"0,0.05"
1779558624524,1779558624538,2885,1779558526247,1779558624516,delta,"0,0.05"
1779558624554,1779558624577,2886,1779558526247,1779558624546,delta,"0,0.05"
1779558624587,1779558624627,2887,1779558526247,1779558624579,delta,"0,0.05"
1779558624629,1779558624661,2888,1779558526247,1779558624621,delta,"0,0.05"
1779558624659,1779558624661,2889,1779558526247,1779558624651,delta,"0,0.05"
1779558624691,1779558624700,2890,1779558526247,1779558624683,delta,"0,0.05"
1779558624724,1779558624750,2891,1779558526247,1779558624715,delta,"0,0.05"
1779558624755,1779558624788,2892,1779558526247,1779558624747,delta,"0,0.05"
1779558624788,1779558624788,2893,1779558526247,1779558624779,delta,"0,0.05"
1779558624820,1779558624826,2894,1779558526247,1779558624812,delta,"0,0.05"
1779558624852,1779558624877,2895,1779558526247,1779558624844,delta,"0,0.05"
1779558624884,1779558624910,2896,1779558526247,1779558624876,delta,"0,0.05"
1779558624916,1779558624948,2897,1779558526247,1779558624908,delta,"0,0.05"
1779558624948,1779558624999,2898,1779558526247,1779558624940,delta,"0,0.05"
1779558624981,1779558624999,2899,1779558526247,1779558624973,delta,"0,0.05"
1779558625021,1779558625035,2900,1779558526247,1779558625013,delta,"0,0.05"
1779558625052,1779558625072,2901,1779558526247,1779558625044,delta,"0,0.05"
1779558625085,1779558625123,2902,1779558526247,1779558625077,delta,"0,0.05"
1779558625125,1779558625157,2903,1779558526247,1779558625117,delta,"0,0.05"
1779558625156,1779558625157,2904,1779558526247,1779558625147,delta,"0,0.05"
1779558625188,1779558625194,2905,1779558526247,1779558625180,delta,"0,0.05"
1779558625221,1779558625244,2906,1779558526247,1779558625213,delta,"0,0.05"
1779558625253,1779558625280,2907,1779558526247,1779558625245,delta,"0,0.05"
1779558625317,1779558625317,2908,1779558526247,1779558625309,delta,"0,0.05"
1779558625320,1779558625367,2909,1779558526247,1779558625312,delta,"0,0.05"
1779558625352,1779558625367,2910,1779558526247,1779558625344,delta,"0,0.05"
1779558625420,1779558625440,2911,1779558526247,1779558625412,delta,"0,0.05"
1779558625423,1779558625440,2912,1779558526247,1779558625415,delta,"0,0.05"
1779558625457,1779558625490,2913,1779558526247,1779558625448,delta,"0,0.05"
1779558625527,1779558625562,2914,1779558526247,1779558625519,delta,"0,0.05"
1779558625530,1779558625562,2915,1779558526247,1779558625522,delta,"0,0.05"
1779558625565,1779558625612,2916,1779558526247,1779558625557,delta,"0,0.05"
1779558625606,1779558625612,2917,1779558526247,1779558625597,delta,"0,0.05"
1779558625636,1779558625645,2918,1779558526247,1779558625628,delta,"0,0.05"
1779558625668,1779558625683,2919,1779558526247,1779558625660,delta,"0,0.05"
1779558625701,1779558625733,2920,1779558526247,1779558625693,delta,"0,0.05"
1779558625732,1779558625733,2921,1779558526247,1779558625724,delta,"0,0.05"
1779558625765,1779558625766,2922,1779558526247,1779558625757,delta,"0,0.05"
1779558625797,1779558625805,2923,1779558526247,1779558625789,delta,"0,0.05"
1779558625830,1779558625855,2924,1779558526247,1779558625822,delta,"0,0.05"
1779558625862,1779558625889,2925,1779558526247,1779558625853,delta,"0,0.05"
1779558625927,1779558625928,2926,1779558526247,1779558625919,delta,"0,0.05"
1779558625964,1779558625978,2927,1779558526247,1779558625956,delta,"0,0.05"
1779558626010,1779558626013,2928,1779558526247,1779558626001,delta,"0,0.05"
1779558626053,1779558626101,2929,1779558526247,1779558626045,delta,"0,0.05"
1779558626089,1779558626102,2930,1779558526247,1779558626081,delta,"0,0.05"
1779558626126,1779558626135,2931,1779558526247,1779558626118,delta,"0,0.05"
1779558626163,1779558626173,2932,1779558526247,1779558626155,delta,"0,0.05"
1779558626199,1779558626225,2933,1779558526247,1779558626191,delta,"0,0.05"
1779558626235,1779558626259,2934,1779558526247,1779558626227,delta,"0,0.05"
1779558626239,1779558626259,2935,1779558526247,1779558626231,delta,"0,0.05"
1779558626272,1779558626301,2936,1779558526247,1779558626264,delta,"0,0.05"
1779558626304,1779558626352,2937,1779558526247,1779558626296,delta,"0,0.05"
1779558626337,1779558626352,2938,1779558526247,1779558626329,delta,"0,0.05"
1779558626370,1779558626386,2939,1779558526247,1779558626361,delta,"0,0.05"
1779558626401,1779558626424,2940,1779558526247,1779558626393,delta,"0,0.05"
1779558626433,1779558626475,2941,1779558526247,1779558626425,delta,"0,0.05"
1779558626466,1779558626475,2942,1779558526247,1779558626457,delta,"0,0.05"
1779558626498,1779558626508,2943,1779558526247,1779558626490,delta,"0,0.05"
1779558626571,1779558626597,2944,1779558526247,1779558626562,delta,"0,0.05"
1779558626610,1779558626629,2945,1779558526247,1779558626602,delta,"0,0.05"
1779558626655,1779558626667,2946,1779558526247,1779558626646,delta,"0,0.05"
1779558626698,1779558626717,2947,1779558526247,1779558626690,delta,"0,0.05"
1779558626742,1779558626750,2948,1779558526247,1779558626733,delta,"0,0.05"
1779558626783,1779558626788,2949,1779558526247,1779558626775,delta,"0,0.05"
1779558626825,1779558626839,2950,1779558526247,1779558626817,delta,"0,0.05"
1779558626867,1779558626873,2951,1779558526247,1779558626859,delta,"0,0.05"
1779558626909,1779558626913,2952,1779558526247,1779558626901,delta,"0,0.05"
1779558626947,1779558626964,2953,1779558526247,1779558626939,delta,"0,0.05"
1779558626987,1779558626997,2954,1779558526247,1779558626978,delta,"0,0.05"
1779558627032,1779558627035,2955,1779558526247,1779558627024,delta,"0,0.05"
1779558627070,1779558627085,2956,1779558526247,1779558627062,delta,"0,0.05"
1779558627106,1779558627119,2957,1779558526247,1779558627098,delta,"0,0.05"
1779558627147,1779558627156,2958,1779558526247,1779558627139,delta,"0,0.05"
1779558627183,1779558627207,2959,1779558526247,1779558627175,delta,"0,0.05"
1779558627221,1779558627240,2960,1779558526247,1779558627213,delta,"0,0.05"
1779558627258,1779558627278,2961,1779558526247,1779558627250,delta,"0,0.05"
1779558627295,1779558627329,2962,1779558526247,1779558627286,delta,"0,0.05"
1779558627331,1779558627365,2963,1779558526247,1779558627322,delta,"0,0.05"
1779558627367,1779558627404,2964,1779558526247,1779558627358,delta,"0,0.05"
1779558627403,1779558627404,2965,1779558526247,1779558627395,delta,"0,0.05"
1779558627440,1779558627456,2966,1779558526247,1779558627432,delta,"0,0.05"
1779558627476,1779558627492,2967,1779558526247,1779558627468,delta,"0,0.05"
1779558627521,1779558627531,2968,1779558526247,1779558627513,delta,"0,0.05"
1779558627556,1779558627581,2969,1779558526247,1779558627548,delta,"0,0.05"
1779558627593,1779558627614,2970,1779558526247,1779558627585,delta,"0,0.05"
1779558627636,1779558627652,2971,1779558526247,1779558627628,delta,"0,0.05"
1779558627673,1779558627702,2972,1779558526247,1779558627665,delta,"0,0.05"
1779558627710,1779558627735,2973,1779558526247,1779558627701,delta,"0,0.05"
1779558627746,1779558627773,2974,1779558526247,1779558627738,delta,"0,0.05"
1779558627784,1779558627824,2975,1779558526247,1779558627775,delta,"0,0.05"
1779558627822,1779558627824,2976,1779558526247,1779558627814,delta,"0,0.05"
1779558627859,1779558627897,2977,1779558526247,1779558627851,delta,"0,0.05"
1779558627896,1779558627897,2978,1779558526247,1779558627888,delta,"0,0.05"
1779558627933,1779558627947,2979,1779558526247,1779558627924,delta,"0,0.05"
1779558627969,1779558627980,2980,1779558526247,1779558627961,delta,"0,0.05"
1779558628008,1779558628018,2981,1779558526247,1779558627999,delta,"0,0.05"
1779558628052,1779558628069,2982,1779558526247,1779558628044,delta,"0,0.05"
1779558628088,1779558628103,2983,1779558526247,1779558628080,delta,"0,0.05"
1779558628128,1779558628140,2984,1779558526247,1779558628120,delta,"0,0.05"
1779558628165,1779558628190,2985,1779558526247,1779558628157,delta,"0,0.05"
1779558628202,1779558628224,2986,1779558526247,1779558628194,delta,"0,0.05"
1779558628239,1779558628261,2987,1779558526247,1779558628231,delta,"0,0.05"
1779558628275,1779558628312,2988,1779558526247,1779558628267,delta,"0,0.05"
1779558628311,1779558628312,2989,1779558526247,1779558628303,delta,"0,0.05"
1779558628348,1779558628349,2990,1779558526247,1779558628339,delta,"0,0.05"
1779558628385,1779558628386,2991,1779558526247,1779558628376,delta,"0,0.05"
1779558628422,1779558628437,2992,1779558526247,1779558628413,delta,"0,0.05"
1779558628460,1779558628471,2993,1779558526247,1779558628451,delta,"0,0.05"
1779558628496,1779558628509,2994,1779558526247,1779558628488,delta,"0,0.05"
1779558628534,1779558628559,2995,1779558526247,1779558628526,delta,"0,0.05"
1779558628576,1779558628593,2996,1779558526247,1779558628568,delta,"0,0.05"
1779558628619,1779558628630,2997,1779558526247,1779558628611,delta,"0,0.05"
1779558628656,1779558628680,2998,1779558526247,1779558628648,delta,"0,0.05"
1779558628693,1779558628713,2999,1779558526247,1779558628685,delta,"0,0.05"
1779558628730,1779558628751,3000,1779558526247,1779558628722,delta,"0,0.05"
1779558628766,1779558628801,3001,1779558526247,1779558628758,delta,"0,0.05"
1779558628803,1779558628834,3002,1779558526247,1779558628795,delta,"0,0.05"
1779558628840,1779558628873,3003,1779558526247,1779558628832,delta,"0,0.05"
1779558628877,1779558628923,3004,1779558526247,1779558628869,delta,"0,0.05"
1779558628914,1779558628923,3005,1779558526247,1779558628906,delta,"0,0.05"
1779558628951,1779558628957,3006,1779558526247,1779558628942,delta,"0,0.05"
1779558628987,1779558628995,3007,1779558526247,1779558628979,delta,"0,0.05"
1779558629025,1779558629045,3008,1779558526247,1779558629017,delta,"0,0.05"
1779558629070,1779558629079,3009,1779558526247,1779558629061,delta,"0,0.05"
1779558629117,1779558629117,3010,1779558526247,1779558629108,delta,"0,0.05"
1779558629152,1779558629167,3011,1779558526247,1779558629144,delta,"0,0.05"
1779558629156,1779558629167,3012,1779558526247,1779558629148,delta,"0,0.05"
1779558629189,1779558629201,3013,1779558526247,1779558629181,delta,"0,0.05"
