seq,cmd_seq_echo,T0_ms,T1_ms,T3_ns,TQ_ms,T4_ns,T6_ms,T7_ms,RTT_ms,Processing_ns,QueueDelay_ms,Network_ms,RenderDelay_ms,MTP_ms,Jitter_ms
68,2,1779559390576,1779559390576,1779559390584,1779559390605,1779559390605,1779559390597,1779559390609,21,0,21,0,12,33,16.4303
69,3,1779559390609,1779559390609,1779559390618,1779559390638,1779559390638,1779559390630,1779559390644,21,0,20,1,14,35,15.5154
70,4,1779559390644,1779559390644,1779559390653,1779559390677,1779559390677,1779559390669,1779559390677,25,0,24,1,8,33,14.8844
71,6,1779559390711,1779559390711,1779559390720,1779559390730,1779559390730,1779559390722,1779559390746,11,0,10,1,24,35,14.9205
72,7,1779559390746,1779559390746,1779559390755,1779559390763,1779559390763,1779559390755,1779559390780,9,0,8,1,25,34,14.0648
73,8,1779559390780,1779559390780,1779559390789,1779559390801,1779559390801,1779559390793,1779559390815,13,0,12,1,22,35,13.4042
74,9,1779559390814,1779559390814,1779559390823,1779559390854,1779559390854,1779559390846,1779559390849,32,0,31,1,3,35,13.7282
79,15,1779559391039,1779559391039,1779559391048,1779559391051,1779559391051,1779559391043,1779559391074,4,0,3,1,31,35,19.4229
80,16,1779559391074,1779559391074,1779559391083,1779559391105,1779559391105,1779559391097,1779559391109,23,0,22,1,12,35,19.4369
81,17,1779559391109,1779559391109,1779559391117,1779559391140,1779559391140,1779559391134,1779559391144,25,0,23,2,10,35,18.2822
82,18,1779559391144,1779559391144,1779559391153,1779559391179,1779559391179,1779559391171,1779559391177,27,0,26,1,6,33,17.4283
83,20,1779559391211,1779559391211,1779559391220,1779559391233,1779559391233,1779559391225,1779559391246,14,0,13,1,21,35,17.2588
84,21,1779559391246,1779559391246,1779559391254,1779559391266,1779559391266,1779559391258,1779559391280,12,0,12,0,22,34,16.2584
85,22,1779559391280,1779559391280,1779559391289,1779559391304,1779559391304,1779559391296,1779559391315,16,0,15,1,19,35,15.4598
86,24,1779559391349,1779559391349,1779559391358,1779559391358,1779559391358,1779559391350,1779559391385,1,0,0,1,35,36,15.4761
88,25,1779559391384,1779559391384,1779559391394,1779559391430,1779559391430,1779559391422,1779559391428,38,0,36,2,6,44,16.6402
89,27,1779559391461,1779559391461,1779559391471,1779559391484,1779559391484,1779559391476,1779559391505,15,0,13,2,29,44,17.0731
92,30,1779559391582,1779559391582,1779559391591,1779559391609,1779559391609,1779559391601,1779559391616,19,0,18,1,15,34,19.4980
93,31,1779559391616,1779559391616,1779559391625,1779559391642,1779559391642,1779559391635,1779559391650,19,0,17,2,15,34,18.3066
94,32,1779559391650,1779559391650,1779559391659,1779559391680,1779559391680,1779559391673,1779559391685,23,0,21,2,12,35,17.2818
95,34,1779559391719,1779559391719,1779559391728,1779559391734,1779559391734,1779559391726,1779559391754,7,0,6,1,28,35,17.1056
96,35,1779559391754,1779559391754,1779559391763,1779559391767,1779559391767,1779559391759,1779559391788,5,0,4,1,29,34,16.1080
97,36,1779559391788,1779559391788,1779559391797,1779559391805,1779559391805,1779559391797,1779559391822,9,0,8,1,25,34,15.3195
98,37,1779559391822,1779559391822,1779559391831,1779559391859,1779559391859,1779559391852,1779559391858,30,0,28,2,6,36,15.5263
99,38,1779559391858,1779559391858,1779559391866,1779559391892,1779559391892,1779559391884,1779559391892,26,0,26,0,8,34,14.6211
100,39,1779559391892,1779559391892,1779559391901,1779559391930,1779559391930,1779559391922,1779559391935,30,0,29,1,13,43,14.0629
103,43,1779559392044,1779559392044,1779559392053,1779559392054,1779559392054,1779559392046,1779559392080,2,0,1,1,34,36,16.6951
104,44,1779559392080,1779559392080,1779559392089,1779559392107,1779559392107,1779559392100,1779559392119,20,0,18,2,19,39,16.5999
105,45,1779559392119,1779559392119,1779559392128,1779559392140,1779559392140,1779559392133,1779559392157,14,0,12,2,24,38,15.9519
106,46,1779559392157,1779559392157,1779559392166,1779559392177,1779559392177,1779559392170,1779559392197,13,0,11,2,27,40,15.0546
107,47,1779559392197,1779559392197,1779559392205,1779559392232,1779559392232,1779559392225,1779559392235,28,0,27,1,10,38,15.1748
108,48,1779559392235,1779559392235,1779559392244,1779559392265,1779559392265,1779559392258,1779559392273,23,0,21,2,15,38,14.5548
109,49,1779559392273,1779559392273,1779559392282,1779559392303,1779559392303,1779559392295,1779559392312,22,0,21,1,17,39,13.7570
110,51,1779559392346,1779559392346,1779559392356,1779559392358,1779559392358,1779559392350,1779559392381,4,0,2,2,31,35,13.7824
113,54,1779559392461,1779559392461,1779559392470,1779559392483,1779559392483,1779559392475,1779559392496,14,0,13,1,21,35,16.9206
114,55,1779559392496,1779559392496,1779559392505,1779559392516,1779559392516,1779559392508,1779559392538,12,0,11,1,30,42,16.4122
115,56,1779559392537,1779559392537,1779559392547,1779559392553,1779559392553,1779559392546,1779559392571,9,0,6,3,25,34,15.6352
116,57,1779559392570,1779559392570,1779559392579,1779559392607,1779559392607,1779559392599,1779559392605,29,0,28,1,6,35,15.8532
117,58,1779559392605,1779559392605,1779559392614,1779559392640,1779559392640,1779559392632,1779559392640,27,0,26,1,8,35,14.9352
118,59,1779559392640,1779559392640,1779559392648,1779559392678,1779559392678,1779559392670,1779559392674,30,0,30,0,4,34,14.2272
119,61,1779559392709,1779559392709,1779559392718,1779559392731,1779559392731,1779559392724,1779559392743,15,0,13,2,19,34,14.2861
120,62,1779559392743,1779559392743,1779559392752,1779559392764,1779559392764,1779559392757,1779559392777,14,0,12,2,20,34,13.4343
121,63,1779559392777,1779559392777,1779559392786,1779559392803,1779559392803,1779559392795,1779559392811,18,0,17,1,16,34,12.8146
122,65,1779559392846,1779559392846,1779559392855,1779559392856,1779559392856,1779559392848,1779559392881,2,0,1,1,33,35,13.0317
124,67,1779559392915,1779559392915,1779559392924,1779559392927,1779559392927,1779559392919,1779559392957,4,0,3,1,38,42,11.8014
125,68,1779559392957,1779559392957,1779559392968,1779559392981,1779559392981,1779559392973,1779559392990,16,0,13,3,17,33,12.3669
126,69,1779559392990,1779559392990,1779559393000,1779559393015,1779559393015,1779559393007,1779559393033,17,0,15,2,26,43,12.1265
127,70,1779559393033,1779559393033,1779559393042,1779559393053,1779559393053,1779559393045,1779559393066,12,0,11,1,21,33,11.6926
128,71,1779559393066,1779559393066,1779559393074,1779559393107,1779559393107,1779559393099,1779559393100,33,0,33,0,1,34,12.1959
129,72,1779559393100,1779559393100,1779559393109,1779559393140,1779559393140,1779559393132,1779559393135,32,0,31,1,3,35,11.5330
130,74,1779559393168,1779559393168,1779559393177,1779559393178,1779559393178,1779559393170,1779559393203,2,0,1,1,33,35,12.7236
131,75,1779559393203,1779559393203,1779559393212,1779559393232,1779559393232,1779559393224,1779559393237,21,0,20,1,13,34,13.1686
132,76,1779559393237,1779559393237,1779559393246,1779559393264,1779559393264,1779559393257,1779559393272,20,0,18,2,15,35,12.4355
133,77,1779559393272,1779559393272,1779559393281,1779559393302,1779559393302,1779559393295,1779559393306,23,0,21,2,11,34,11.8322
134,79,1779559393340,1779559393340,1779559393349,1779559393356,1779559393356,1779559393348,1779559393375,8,0,7,1,27,35,12.0082
135,80,1779559393375,1779559393375,1779559393383,1779559393389,1779559393389,1779559393382,1779559393420,7,0,6,1,38,45,11.9343
137,82,1779559393453,1779559393453,1779559393462,1779559393483,1779559393483,1779559393476,1779559393486,23,0,21,2,10,33,12.1412
138,83,1779559393486,1779559393486,1779559393495,1779559393516,1779559393516,1779559393508,1779559393528,22,0,21,1,20,42,11.9883
139,84,1779559393528,1779559393528,1779559393537,1779559393554,1779559393554,1779559393546,1779559393561,18,0,17,1,15,33,11.5656
140,86,1779559393596,1779559393596,1779559393605,1779559393608,1779559393608,1779559393600,1779559393630,4,0,3,1,30,34,11.7520
141,87,1779559393630,1779559393630,1779559393639,1779559393641,1779559393641,1779559393634,1779559393664,4,0,2,2,30,34,11.1173
142,88,1779559393664,1779559393664,1779559393673,1779559393679,1779559393679,1779559393671,1779559393698,7,0,6,1,27,34,10.6691
143,89,1779559393698,1779559393698,1779559393708,1779559393733,1779559393733,1779559393726,1779559393733,28,0,25,3,7,35,11.2267
144,90,1779559393733,1779559393733,1779559393742,1779559393766,1779559393766,1779559393758,1779559393767,25,0,24,1,9,34,10.5794
145,91,1779559393767,1779559393767,1779559393775,1779559393804,1779559393804,1779559393796,1779559393801,29,0,29,0,5,34,10.1179
146,93,1779559393836,1779559393836,1779559393845,1779559393857,1779559393857,1779559393849,1779559393870,13,0,12,1,21,34,10.4737
147,94,1779559393870,1779559393870,1779559393879,1779559393891,1779559393891,1779559393883,1779559393905,13,0,12,1,22,35,9.8932
148,95,1779559393905,1779559393905,1779559393915,1779559393929,1779559393929,1779559393921,1779559393940,16,0,14,2,19,35,9.5024
149,96,1779559393940,1779559393940,1779559393949,1779559393983,1779559393983,1779559393975,1779559393982,35,0,34,1,7,42,9.6453
152,100,1779559394092,1779559394092,1779559394101,1779559394110,1779559394110,1779559394102,1779559394126,10,0,9,1,24,34,13.4443
153,101,1779559394126,1779559394126,1779559394135,1779559394144,1779559394144,1779559394136,1779559394160,10,0,9,1,24,34,12.6226
154,102,1779559394160,1779559394160,1779559394169,1779559394181,1779559394181,1779559394173,1779559394196,13,0,12,1,23,36,11.9058
155,103,1779559394196,1779559394196,1779559394206,1779559394235,1779559394235,1779559394228,1779559394229,32,0,29,3,1,33,12.5292
156,104,1779559394229,1779559394229,1779559394237,1779559394268,1779559394268,1779559394260,1779559394263,31,0,31,0,3,34,11.8863
157,105,1779559394263,1779559394263,1779559394272,1779559394305,1779559394305,1779559394298,1779559394331,35,0,33,2,33,68,13.0851
158,107,1779559394331,1779559394331,1779559394340,1779559394360,1779559394360,1779559394352,1779559394366,21,0,20,1,14,35,13.5558
159,108,1779559394366,1779559394366,1779559394374,1779559394393,1779559394393,1779559394386,1779559394400,20,0,19,1,14,34,12.7768
160,109,1779559394400,1779559394400,1779559394409,1779559394432,1779559394432,1779559394425,1779559394435,25,0,23,2,10,35,12.2880
161,111,1779559394470,1779559394470,1779559394479,1779559394487,1779559394487,1779559394480,1779559394512,10,0,8,2,32,42,12.8875
163,112,1779559394512,1779559394512,1779559394520,1779559394559,1779559394559,1779559394551,1779559394586,39,0,39,0,35,74,16.2085
164,114,1779559394589,1779559394589,1779559394598,1779559394613,1779559394613,1779559394605,1779559394623,16,0,15,1,18,34,16.2254
165,115,1779559394623,1779559394623,1779559394632,1779559394646,1779559394646,1779559394638,1779559394657,15,0,14,1,19,34,15.2895
166,116,1779559394657,1779559394657,1779559394666,1779559394684,1779559394684,1779559394676,1779559394691,19,0,18,1,15,34,14.5855
167,118,1779559394726,1779559394726,1779559394735,1779559394738,1779559394738,1779559394731,1779559394760,5,0,3,2,29,34,14.5364
168,119,1779559394760,1779559394760,1779559394770,1779559394771,1779559394771,1779559394763,1779559394795,3,0,1,2,32,35,13.7788
169,120,1779559394795,1779559394795,1779559394803,1779559394809,1779559394809,1779559394802,1779559394829,7,0,6,1,27,34,13.2342
170,121,1779559394828,1779559394828,1779559394838,1779559394863,1779559394863,1779559394855,1779559394863,27,0,25,2,8,35,13.5452
171,122,1779559394863,1779559394863,1779559394873,1779559394897,1779559394897,1779559394889,1779559394897,26,0,24,2,8,34,12.7040
172,123,1779559394897,1779559394897,1779559394906,1779559394936,1779559394936,1779559394928,1779559394932,31,0,30,1,4,35,12.1884
173,124,1779559394932,1779559394932,1779559394941,1779559394994,1779559394994,1779559394987,1779559395008,55,0,53,2,21,76,12.4842
174,126,1779559395011,1779559395011,1779559395020,1779559395028,1779559395028,1779559395020,1779559395046,9,0,8,1,26,35,12.0424
175,127,1779559395046,1779559395046,1779559395055,1779559395066,1779559395066,1779559395058,1779559395088,12,0,11,1,30,42,11.5274
176,128,1779559395088,1779559395088,1779559395097,1779559395121,1779559395121,1779559395113,1779559395121,25,0,24,1,8,33,12.1962
177,129,1779559395121,1779559395121,1779559395130,1779559395154,1779559395154,1779559395146,1779559395155,25,0,24,1,9,34,11.5362
178,130,1779559395155,1779559395155,1779559395165,1779559395192,1779559395192,1779559395184,1779559395189,29,0,27,2,5,34,11.0591
179,132,1779559395224,1779559395224,1779559395232,1779559395246,1779559395246,1779559395238,1779559395258,14,0,14,0,20,34,11.2741
180,133,1779559395258,1779559395258,1779559395267,1779559395279,1779559395279,1779559395271,1779559395292,13,0,12,1,21,34,10.6511
181,134,1779559395292,1779559395292,1779559395301,1779559395316,1779559395316,1779559395308,1779559395327,16,0,15,1,19,35,10.1376
183,136,1779559395361,1779559395361,1779559395370,1779559395402,1779559395402,1779559395394,1779559395395,33,0,32,1,1,34,11.7520
184,138,1779559395430,1779559395430,1779559395439,1779559395440,1779559395440,1779559395432,1779559395465,2,0,1,1,33,35,13.0300
185,139,1779559395465,1779559395465,1779559395475,1779559395494,1779559395494,1779559395486,1779559395509,21,0,19,2,23,44,12.8515
186,140,1779559395509,1779559395509,1779559395519,1779559395527,1779559395527,1779559395519,1779559395544,10,0,8,2,25,35,12.1243
187,141,1779559395543,1779559395543,1779559395552,1779559395565,1779559395565,1779559395557,1779559395585,14,0,13,1,28,42,11.5976
188,142,1779559395585,1779559395585,1779559395594,1779559395618,1779559395618,1779559395611,1779559395618,26,0,24,2,7,33,12.1244
189,143,1779559395618,1779559395618,1779559395627,1779559395651,1779559395651,1779559395643,1779559395652,25,0,24,1,9,34,11.4432
190,144,1779559395652,1779559395652,1779559395661,1779559395689,1779559395689,1779559395681,1779559395687,29,0,28,1,6,35,10.9656
191,146,1779559395721,1779559395721,1779559395730,1779559395742,1779559395742,1779559395734,1779559395756,13,0,12,1,22,35,11.2754
192,147,1779559395756,1779559395756,1779559395765,1779559395775,1779559395775,1779559395767,1779559395790,11,0,10,1,23,34,10.6331
193,148,1779559395790,1779559395790,1779559395799,1779559395813,1779559395813,1779559395805,1779559395825,15,0,14,1,20,35,10.1464
195,150,1779559395858,1779559395858,1779559395867,1779559395899,1779559395899,1779559395892,1779559395893,34,0,32,2,1,35,11.7320
196,152,1779559395927,1779559395927,1779559395936,1779559395937,1779559395937,1779559395929,1779559395963,2,0,1,1,34,36,12.9979
197,153,1779559395963,1779559395963,1779559395972,1779559395990,1779559395991,1779559395983,1779559395997,20,1,18,1,14,34,13.4446
198,154,1779559395997,1779559395997,1779559396006,1779559396024,1779559396024,1779559396016,1779559396039,19,0,18,1,23,42,13.1866
199,155,1779559396039,1779559396039,1779559396048,1779559396062,1779559396062,1779559396054,1779559396072,15,0,14,1,18,33,12.6637
200,156,1779559396072,1779559396072,1779559396081,1779559396117,1779559396117,1779559396109,1779559396114,37,0,36,1,5,42,12.6674
201,157,1779559396114,1779559396114,1779559396123,1779559396152,1779559396152,1779559396145,1779559396147,31,0,29,2,2,33,12.0668
202,159,1779559396181,1779559396181,1779559396191,1779559396191,1779559396191,1779559396183,1779559396217,2,0,0,2,34,36,13.2864
203,160,1779559396217,1779559396217,1779559396226,1779559396246,1779559396246,1779559396238,1779559396251,21,0,20,1,13,34,13.7761
204,161,1779559396251,1779559396251,1779559396260,1779559396279,1779559396279,1779559396271,1779559396285,20,0,19,1,14,34,13.0144
205,162,1779559396285,1779559396285,1779559396294,1779559396316,1779559396317,1779559396309,1779559396319,24,1,22,1,10,34,12.4409
206,164,1779559396355,1779559396355,1779559396364,1779559396370,1779559396370,1779559396362,1779559396389,7,0,6,1,27,34,12.6651
207,165,1779559396388,1779559396388,1779559396398,1779559396403,1779559396403,1779559396395,1779559396423,7,0,5,2,28,35,11.9700
208,166,1779559396423,1779559396423,1779559396432,1779559396440,1779559396440,1779559396433,1779559396458,10,0,8,2,25,35,11.3659
209,167,1779559396458,1779559396458,1779559396466,1779559396494,1779559396494,1779559396486,1779559396492,28,0,28,0,6,34,11.8857
210,168,1779559396492,1779559396492,1779559396501,1779559396526,1779559396527,1779559396519,1779559396528,27,1,25,1,9,36,11.3310
211,169,1779559396528,1779559396528,1779559396537,1779559396564,1779559396564,1779559396556,1779559396570,28,0,27,1,14,42,10.9124
212,171,1779559396603,1779559396603,1779559396611,1779559396617,1779559396617,1779559396610,1779559396637,7,0,6,1,27,34,11.1257
213,172,1779559396637,1779559396637,1779559396646,1779559396649,1779559396649,1779559396642,1779559396672,5,0,3,2,30,35,10.5262
214,173,1779559396672,1779559396672,1779559396681,1779559396687,1779559396687,1779559396679,1779559396706,7,0,6,1,27,34,10.0302
215,174,1779559396706,1779559396706,1779559396714,1779559396740,1779559396740,1779559396733,1779559396740,27,0,26,1,7,34,10.5777
216,175,1779559396740,1779559396740,1779559396749,1779559396774,1779559396774,1779559396766,1779559396775,26,0,25,1,9,35,9.9816
217,176,1779559396775,1779559396775,1779559396785,1779559396811,1779559396811,1779559396803,1779559396809,28,0,26,2,6,34,9.5455
218,178,1779559396844,1779559396844,1779559396854,1779559396865,1779559396865,1779559396858,1779559396878,14,0,11,3,20,34,9.8259
219,179,1779559396878,1779559396878,1779559396887,1779559396898,1779559396898,1779559396890,1779559396913,12,0,11,1,23,35,9.3556
220,180,1779559396913,1779559396913,1779559396921,1779559396938,1779559396938,1779559396931,1779559396947,18,0,17,1,16,34,9.1181
221,182,1779559396982,1779559396982,1779559396991,1779559396992,1779559396992,1779559396984,1779559397017,2,0,1,1,33,35,9.5462
223,183,1779559397017,1779559397017,1779559397026,1779559397063,1779559397063,1779559397055,1779559397060,38,0,37,1,5,43,11.3159
224,185,1779559397092,1779559397092,1779559397102,1779559397118,1779559397118,1779559397110,1779559397135,18,0,16,2,25,43,11.9074
225,186,1779559397135,1779559397135,1779559397145,1779559397151,1779559397151,1779559397143,1779559397168,8,0,6,2,25,33,11.1758
226,187,1779559397168,1779559397168,1779559397177,1779559397188,1779559397188,1779559397181,1779559397203,13,0,11,2,22,35,10.6660
227,188,1779559397203,1779559397203,1779559397213,1779559397242,1779559397242,1779559397234,1779559397237,31,0,29,2,3,34,11.1863
228,189,1779559397237,1779559397237,1779559397247,1779559397276,1779559397276,1779559397268,1779559397272,31,0,29,2,4,35,10.5149
229,190,1779559397272,1779559397272,1779559397281,1779559397315,1779559397315,1779559397307,1779559397340,35,0,34,1,33,68,11.7040
230,192,1779559397340,1779559397340,1779559397349,1779559397368,1779559397368,1779559397360,1779559397375,20,0,19,1,15,35,12.1113
231,193,1779559397375,1779559397375,1779559397384,1779559397402,1779559397402,1779559397394,1779559397409,19,0,18,1,15,34,11.3604
232,194,1779559397409,1779559397409,1779559397418,1779559397440,1779559397440,1779559397432,1779559397444,23,0,22,1,12,35,10.8679
233,196,1779559397478,1779559397478,1779559397487,1779559397494,1779559397494,1779559397486,1779559397513,8,0,7,1,27,35,11.1242
234,197,1779559397513,1779559397513,1779559397522,1779559397527,1779559397527,1779559397519,1779559397548,6,0,5,1,29,35,10.5923
235,198,1779559397548,1779559397548,1779559397558,1779559397565,1779559397566,1779559397558,1779559397591,10,1,7,2,33,43,10.1360
238,201,1779559397668,1779559397668,1779559397677,1779559397695,1779559397695,1779559397688,1779559397702,20,0,18,2,14,34,11.4999
239,203,1779559397736,1779559397736,1779559397745,1779559397752,1779559397752,1779559397744,1779559397770,8,0,7,1,26,34,11.5732
240,204,1779559397770,1779559397770,1779559397779,1779559397785,1779559397785,1779559397777,1779559397805,7,0,6,1,28,35,10.9470
241,205,1779559397805,1779559397805,1779559397814,1779559397825,1779559397825,1779559397817,1779559397840,12,0,11,1,23,35,10.5563
242,206,1779559397840,1779559397840,1779559397849,1779559397878,1779559397878,1779559397870,1779559397874,30,0,29,1,4,34,11.1049
243,207,1779559397874,1779559397874,1779559397882,1779559397911,1779559397911,1779559397903,1779559397908,29,0,29,0,5,34,10.4597
244,208,1779559397907,1779559397907,1779559397917,1779559397949,1779559397949,1779559397942,1779559397942,35,0,32,3,0,35,10.0823
245,210,1779559397976,1779559397976,1779559397985,1779559398004,1779559398004,1779559397997,1779559398011,21,0,19,2,14,35,10.3926
246,211,1779559398011,1779559398011,1779559398020,1779559398038,1779559398038,1779559398030,1779559398054,19,0,18,1,24,43,10.3161
247,212,1779559398054,1779559398054,1779559398063,1779559398076,1779559398076,1779559398068,1779559398088,14,0,13,1,20,34,9.9621
248,213,1779559398088,1779559398088,1779559398097,1779559398130,1779559398130,1779559398122,1779559398129,34,0,33,1,7,41,10.1000
249,214,1779559398129,1779559398129,1779559398139,1779559398163,1779559398163,1779559398155,1779559398163,26,0,24,2,8,34,9.4894
250,215,1779559398163,1779559398163,1779559398172,1779559398206,1779559398206,1779559398200,1779559398231,37,0,34,3,31,68,10.4070
251,217,1779559398231,1779559398231,1779559398240,1779559398263,1779559398263,1779559398255,1779559398266,24,0,23,1,11,35,11.0936
252,218,1779559398266,1779559398266,1779559398274,1779559398296,1779559398296,1779559398289,1779559398300,23,0,22,1,11,34,10.4649
253,219,1779559398300,1779559398300,1779559398309,1779559398334,1779559398334,1779559398326,1779559398334,26,0,25,1,8,34,10.0345
254,221,1779559398368,1779559398368,1779559398377,1779559398387,1779559398387,1779559398379,1779559398403,11,0,10,1,24,35,10.3868
255,222,1779559398403,1779559398403,1779559398412,1779559398419,1779559398419,1779559398412,1779559398437,9,0,7,2,25,34,9.8154
256,223,1779559398437,1779559398437,1779559398446,1779559398457,1779559398457,1779559398450,1779559398471,13,0,11,2,21,34,9.4330
257,224,1779559398471,1779559398471,1779559398480,1779559398510,1779559398510,1779559398503,1779559398506,32,0,30,2,3,35,9.9763
258,225,1779559398506,1779559398506,1779559398515,1779559398544,1779559398544,1779559398537,1779559398541,31,0,29,2,4,35,9.3771
259,226,1779559398540,1779559398540,1779559398549,1779559398582,1779559398582,1779559398574,1779559398584,34,0,33,1,10,44,9.1684
260,228,1779559398616,1779559398616,1779559398625,1779559398636,1779559398636,1779559398628,1779559398659,12,0,11,1,31,43,9.9194
261,229,1779559398659,1779559398659,1779559398669,1779559398670,1779559398670,1779559398662,1779559398691,3,0,1,2,29,32,9.3780
262,230,1779559398691,1779559398691,1779559398701,1779559398708,1779559398708,1779559398701,1779559398726,10,0,7,3,25,35,9.0303
263,231,1779559398726,1779559398726,1779559398735,1779559398761,1779559398761,1779559398753,1779559398760,27,0,26,1,7,34,9.6517
264,232,1779559398760,1779559398760,1779559398769,1779559398794,1779559398794,1779559398786,1779559398794,26,0,25,1,8,34,9.1390
265,233,1779559398794,1779559398794,1779559398804,1779559398832,1779559398832,1779559398824,1779559398828,30,0,28,2,4,34,8.8172
266,235,1779559398862,1779559398862,1779559398871,1779559398884,1779559398885,1779559398877,1779559398897,15,1,13,1,20,35,9.2371
267,236,1779559398897,1779559398897,1779559398906,1779559398918,1779559398918,1779559398910,1779559398931,13,0,12,1,21,34,8.7380
268,237,1779559398931,1779559398931,1779559398940,1779559398957,1779559398957,1779559398949,1779559398965,18,0,17,1,16,34,8.5034
269,239,1779559398999,1779559398999,1779559399008,1779559399011,1779559399011,1779559399003,1779559399034,4,0,3,1,31,35,8.9260
270,240,1779559399034,1779559399034,1779559399043,1779559399043,1779559399043,1779559399036,1779559399069,2,0,0,2,33,35,8.4597
271,241,1779559399069,1779559399069,1779559399077,1779559399081,1779559399081,1779559399073,1779559399112,4,0,4,0,39,43,8.3251
272,242,1779559399112,1779559399112,1779559399121,1779559399134,1779559399134,1779559399127,1779559399145,15,0,13,2,18,33,9.0977
273,243,1779559399145,1779559399145,1779559399155,1779559399167,1779559399167,1779559399159,1779559399187,14,0,12,2,28,42,9.1173
274,244,1779559399187,1779559399187,1779559399196,1779559399205,1779559399205,1779559399197,1779559399220,10,0,9,1,23,33,8.8577
275,245,1779559399220,1779559399220,1779559399229,1779559399258,1779559399258,1779559399251,1779559399254,31,0,29,2,3,34,9.5362
276,246,1779559399254,1779559399254,1779559399263,1779559399291,1779559399291,1779559399283,1779559399288,29,0,28,1,5,34,9.0679
277,247,1779559399288,1779559399288,1779559399297,1779559399331,1779559399331,1779559399323,1779559399357,35,0,34,1,34,69,10.2984
278,249,1779559399357,1779559399357,1779559399365,1779559399384,1779559399384,1779559399376,1779559399391,19,0,19,0,15,34,10.8121
279,250,1779559399391,1779559399391,1779559399400,1779559399417,1779559399417,1779559399409,1779559399426,18,0,17,1,17,35,10.2588
280,251,1779559399426,1779559399426,1779559399436,1779559399454,1779559399454,1779559399446,1779559399460,20,0,18,2,14,34,9.8299
281,253,1779559399494,1779559399494,1779559399503,1779559399509,1779559399509,1779559399501,1779559399529,7,0,6,1,28,35,10.0802
282,254,1779559399529,1779559399529,1779559399538,1779559399541,1779559399541,1779559399534,1779559399564,5,0,3,2,30,35,9.5648
283,255,1779559399564,1779559399564,1779559399573,1779559399580,1779559399580,1779559399572,1779559399606,8,0,7,1,34,42,9.2661
286,258,1779559399685,1779559399685,1779559399693,1779559399705,1779559399705,1779559399697,1779559399718,12,0,12,0,21,33,10.7061
287,259,1779559399718,1779559399718,1779559399728,1779559399759,1779559399759,1779559399751,1779559399753,33,0,31,2,2,35,11.2369
288,260,1779559399753,1779559399753,1779559399762,1779559399793,1779559399793,1779559399786,1779559399787,33,0,31,2,1,34,10.5424
289,262,1779559399821,1779559399821,1779559399830,1779559399831,1779559399831,1779559399823,1779559399856,2,0,1,1,33,35,11.8107
290,263,1779559399856,1779559399856,1779559399865,1779559399886,1779559399886,1779559399878,1779559399890,22,0,21,1,12,34,12.3694
291,264,1779559399890,1779559399890,1779559399899,1779559399921,1779559399921,1779559399914,1779559399925,24,0,22,2,11,35,11.6947
292,265,1779559399925,1779559399925,1779559399934,1779559399959,1779559399959,1779559399951,1779559399959,26,0,25,1,8,34,11.1359
293,267,1779559399993,1779559399993,1779559400002,1779559400013,1779559400013,1779559400006,1779559400027,13,0,11,2,21,34,11.3363
294,268,1779559400027,1779559400027,1779559400036,1779559400046,1779559400046,1779559400039,1779559400062,12,0,10,2,23,35,10.6722
295,269,1779559400062,1779559400062,1779559400071,1779559400085,1779559400085,1779559400077,1779559400097,15,0,14,1,20,35,10.1707
296,270,1779559400097,1779559400097,1779559400107,1779559400138,1779559400138,1779559400130,1779559400140,33,0,31,2,10,43,10.1491
299,274,1779559400253,1779559400253,1779559400262,1779559400264,1779559400264,1779559400257,1779559400287,4,0,2,2,30,34,13.8238
300,275,1779559400287,1779559400287,1779559400296,1779559400298,1779559400298,1779559400291,1779559400322,4,0,2,2,31,35,13.0544
301,276,1779559400322,1779559400322,1779559400331,1779559400336,1779559400336,1779559400329,1779559400356,7,0,5,2,27,34,12.5197
302,277,1779559400356,1779559400356,1779559400365,1779559400390,1779559400390,1779559400383,1779559400391,27,0,25,2,8,35,12.8962
303,278,1779559400391,1779559400391,1779559400399,1779559400423,1779559400423,1779559400415,1779559400425,24,0,24,0,10,34,12.1704
304,279,1779559400425,1779559400425,1779559400434,1779559400461,1779559400461,1779559400454,1779559400459,29,0,27,2,5,34,11.7151
305,281,1779559400494,1779559400494,1779559400506,1779559400516,1779559400516,1779559400508,1779559400528,14,0,10,4,20,34,11.9036
306,282,1779559400528,1779559400528,1779559400536,1779559400550,1779559400550,1779559400542,1779559400563,14,0,14,0,21,35,11.2208
309,285,1779559400643,1779559400643,1779559400652,1779559400675,1779559400675,1779559400667,1779559400677,24,0,23,1,10,34,14.8171
310,286,1779559400677,1779559400677,1779559400686,1779559400714,1779559400714,1779559400707,1779559400719,30,0,28,2,12,42,14.0262
311,288,1779559400752,1779559400752,1779559400761,1779559400769,1779559400769,1779559400761,1779559400787,9,0,8,1,26,35,14.0138
312,289,1779559400787,1779559400787,1779559400796,1779559400801,1779559400802,1779559400794,1779559400821,7,1,5,1,27,34,13.2134
313,290,1779559400821,1779559400821,1779559400830,1779559400839,1779559400839,1779559400832,1779559400856,11,0,9,2,24,35,12.5883
314,291,1779559400856,1779559400856,1779559400865,1779559400893,1779559400893,1779559400886,1779559400890,30,0,28,2,4,34,13.0379
315,292,1779559400890,1779559400890,1779559400899,1779559400926,1779559400926,1779559400918,1779559400925,28,0,27,1,7,35,12.3934
316,293,1779559400925,1779559400925,1779559400934,1779559400964,1779559400964,1779559400956,1779559400959,31,0,30,1,3,34,11.8732
317,295,1779559400993,1779559400993,1779559401003,1779559401019,1779559401019,1779559401011,1779559401028,18,0,16,2,17,35,12.0116
318,296,1779559401028,1779559401028,1779559401037,1779559401055,1779559401055,1779559401048,1779559401062,20,0,18,2,14,34,11.3600
319,297,1779559401062,1779559401062,1779559401071,1779559401093,1779559401093,1779559401085,1779559401097,23,0,22,1,12,35,10.8492
320,298,1779559401097,1779559401097,1779559401106,1779559401147,1779559401147,1779559401140,1779559401173,43,0,41,2,33,76,11.5256
322,300,1779559401177,1779559401177,1779559401186,1779559401219,1779559401219,1779559401211,1779559401261,34,0,33,1,50,84,14.3039
323,302,1779559401260,1779559401260,1779559401270,1779559401272,1779559401272,1779559401265,1779559401287,5,0,2,3,22,27,14.6919
324,303,1779559401287,1779559401287,1779559401296,1779559401305,1779559401305,1779559401298,1779559401321,11,0,9,2,23,34,13.8372
325,304,1779559401321,1779559401321,1779559401330,1779559401343,1779559401343,1779559401335,1779559401356,14,0,13,1,21,35,13.1183
326,305,1779559401356,1779559401356,1779559401365,1779559401397,1779559401397,1779559401389,1779559401389,33,0,32,1,0,33,13.5676
327,306,1779559401389,1779559401389,1779559401398,1779559401431,1779559401431,1779559401424,1779559401458,35,0,33,2,34,69,14.8384
328,308,1779559401458,1779559401458,1779559401467,1779559401469,1779559401469,1779559401461,1779559401493,3,0,2,1,32,35,14.0667
329,309,1779559401493,1779559401493,1779559401501,1779559401523,1779559401523,1779559401515,1779559401527,22,0,22,0,12,34,14.4281
330,310,1779559401527,1779559401527,1779559401536,1779559401555,1779559401555,1779559401547,1779559401561,20,0,19,1,14,34,13.6782
331,311,1779559401561,1779559401561,1779559401570,1779559401593,1779559401593,1779559401585,1779559401597,24,0,23,1,12,36,12.9990
334,315,1779559401707,1779559401707,1779559401716,1779559401720,1779559401720,1779559401712,1779559401749,5,0,4,1,37,42,16.1395
335,316,1779559401749,1779559401749,1779559401758,1779559401775,1779559401775,1779559401767,1779559401783,18,0,17,1,16,34,16.4821
336,317,1779559401783,1779559401783,1779559401792,1779559401809,1779559401809,1779559401801,1779559401816,18,0,17,1,15,33,15.4701
337,318,1779559401816,1779559401816,1779559401825,1779559401847,1779559401847,1779559401840,1779559401851,24,0,22,2,11,35,14.7207
338,320,1779559401886,1779559401886,1779559401895,1779559401901,1779559401901,1779559401894,1779559401920,8,0,6,2,26,34,14.6996
339,321,1779559401920,1779559401920,1779559401929,1779559401934,1779559401934,1779559401926,1779559401955,6,0,5,1,29,35,13.9333
340,322,1779559401955,1779559401955,1779559401963,1779559401972,1779559401972,1779559401965,1779559401989,10,0,9,1,24,34,13.3628
341,323,1779559401989,1779559401989,1779559401997,1779559402026,1779559402027,1779559402019,1779559402024,30,1,29,0,5,35,13.7360
342,324,1779559402024,1779559402024,1779559402033,1779559402060,1779559402060,1779559402052,1779559402057,28,0,27,1,5,33,12.9178
343,325,1779559402057,1779559402057,1779559402066,1779559402098,1779559402098,1779559402090,1779559402097,33,0,32,1,7,40,12.1897
344,327,1779559402134,1779559402134,1779559402144,1779559402153,1779559402153,1779559402145,1779559402178,11,0,9,2,33,44,13.0544
347,330,1779559402258,1779559402258,1779559402268,1779559402281,1779559402281,1779559402273,1779559402296,15,0,13,2,23,38,16.0611
348,331,1779559402296,1779559402296,1779559402305,1779559402313,1779559402314,1779559402306,1779559402330,10,1,8,1,24,34,15.1169
349,332,1779559402330,1779559402330,1779559402339,1779559402351,1779559402351,1779559402344,1779559402364,14,0,12,2,20,34,14.3295
351,334,1779559402398,1779559402398,1779559402407,1779559402439,1779559402439,1779559402432,1779559402433,34,0,32,2,1,35,15.5208
352,336,1779559402467,1779559402467,1779559402476,1779559402477,1779559402477,1779559402469,1779559402502,2,0,1,1,33,35,16.5203
353,337,1779559402502,1779559402502,1779559402510,1779559402531,1779559402531,1779559402523,1779559402536,21,0,21,0,13,34,16.7055
354,338,1779559402536,1779559402536,1779559402545,1779559402565,1779559402565,1779559402557,1779559402570,21,0,20,1,13,34,15.6628
355,339,1779559402570,1779559402570,1779559402579,1779559402604,1779559402604,1779559402596,1779559402605,26,0,25,1,9,35,14.9365
356,340,1779559402605,1779559402605,1779559402614,1779559402658,1779559402658,1779559402651,1779559402680,46,0,44,2,29,75,15.2517
357,341,1779559402680,1779559402680,1779559402690,1779559402692,1779559402692,1779559402685,1779559402718,5,0,2,3,33,38,14.6393
358,343,1779559402718,1779559402718,1779559402727,1779559402736,1779559402736,1779559402728,1779559402761,10,0,9,1,33,43,13.8256
359,344,1779559402761,1779559402761,1779559402770,1779559402785,1779559402785,1779559402778,1779559402794,17,0,15,2,16,33,13.9344
360,345,1779559402794,1779559402794,1779559402803,1779559402818,1779559402818,1779559402810,1779559402828,16,0,15,1,18,34,13.1039
361,346,1779559402828,1779559402828,1779559402837,1779559402856,1779559402856,1779559402848,1779559402863,20,0,19,1,15,35,12.4483
362,348,1779559402897,1779559402897,1779559402906,1779559402909,1779559402909,1779559402902,1779559402931,5,0,3,2,29,34,12.5768
363,349,1779559402931,1779559402931,1779559402940,1779559402942,1779559402942,1779559402934,1779559402965,3,0,2,1,31,34,11.8671
364,350,1779559402965,1779559402965,1779559402974,1779559402980,1779559402980,1779559402973,1779559402999,8,0,6,2,26,34,11.4478
365,351,1779559402999,1779559402999,1779559403008,1779559403034,1779559403034,1779559403026,1779559403034,27,0,26,1,8,35,11.8760
366,352,1779559403034,1779559403034,1779559403043,1779559403067,1779559403067,1779559403059,1779559403068,25,0,24,1,9,34,11.2208
367,353,1779559403068,1779559403068,1779559403077,1779559403104,1779559403104,1779559403097,1779559403102,29,0,27,2,5,34,10.7678
370,357,1779559403217,1779559403217,1779559403226,1779559403230,1779559403230,1779559403223,1779559403250,6,0,4,2,27,33,14.0370
371,358,1779559403250,1779559403250,1779559403259,1779559403284,1779559403284,1779559403277,1779559403293,27,0,25,2,16,43,13.9378
372,359,1779559403293,1779559403293,1779559403301,1779559403318,1779559403318,1779559403310,1779559403325,17,0,17,0,15,32,13.1007
373,360,1779559403325,1779559403325,1779559403335,1779559403356,1779559403356,1779559403348,1779559403360,23,0,21,2,12,35,12.5020
374,362,1779559403394,1779559403394,1779559403403,1779559403410,1779559403410,1779559403403,1779559403429,9,0,7,2,26,35,12.6604
375,363,1779559403429,1779559403429,1779559403438,1779559403443,1779559403443,1779559403436,1779559403463,7,0,5,2,27,34,11.9361
376,364,1779559403463,1779559403463,1779559403472,1779559403482,1779559403482,1779559403474,1779559403497,11,0,10,1,23,34,11.5010
377,365,1779559403497,1779559403497,1779559403506,1779559403536,1779559403536,1779559403529,1779559403532,32,0,30,2,3,35,12.0009
378,366,1779559403531,1779559403531,1779559403541,1779559403569,1779559403569,1779559403561,1779559403565,30,0,28,2,4,34,11.3073
379,367,1779559403565,1779559403565,1779559403574,1779559403607,1779559403607,1779559403599,1779559403600,34,0,33,1,1,35,10.8044
380,369,1779559403634,1779559403634,1779559403643,1779559403661,1779559403661,1779559403653,1779559403669,19,0,18,1,16,35,11.0870
381,370,1779559403669,1779559403669,1779559403678,1779559403695,1779559403695,1779559403687,1779559403713,18,0,17,1,26,44,10.9819
382,371,1779559403713,1779559403713,1779559403722,1779559403734,1779559403734,1779559403726,1779559403754,13,0,12,1,28,41,10.4468
383,372,1779559403754,1779559403754,1779559403763,1779559403787,1779559403787,1779559403780,1779559403796,26,0,24,2,16,42,10.5703
384,373,1779559403796,1779559403796,1779559403805,1779559403822,1779559403822,1779559403814,1779559403829,18,0,17,1,15,33,9.9462
385,374,1779559403829,1779559403829,1779559403839,1779559403860,1779559403860,1779559403852,1779559403863,23,0,21,2,11,34,9.5764
386,376,1779559403897,1779559403897,1779559403906,1779559403913,1779559403913,1779559403906,1779559403932,9,0,7,2,26,35,9.8634
387,377,1779559403932,1779559403932,1779559403940,1779559403947,1779559403947,1779559403939,1779559403966,7,0,7,0,27,34,9.3260
388,378,1779559403966,1779559403966,1779559403975,1779559403985,1779559403985,1779559403978,1779559404000,12,0,10,2,22,34,8.9888
389,379,1779559404000,1779559404000,1779559404009,1779559404039,1779559404039,1779559404031,1779559404034,31,0,30,1,3,34,9.6306
390,380,1779559404034,1779559404034,1779559404043,1779559404071,1779559404071,1779559404064,1779559404069,30,0,28,2,5,35,9.0988
391,381,1779559404069,1779559404069,1779559404078,1779559404109,1779559404109,1779559404101,1779559404103,32,0,31,1,2,34,8.7045
392,383,1779559404137,1779559404137,1779559404146,1779559404163,1779559404163,1779559404155,1779559404172,18,0,17,1,17,35,9.1045
393,384,1779559404172,1779559404172,1779559404181,1779559404196,1779559404196,1779559404188,1779559404215,16,0,15,1,27,43,9.1629
394,385,1779559404215,1779559404215,1779559404224,1779559404235,1779559404235,1779559404228,1779559404248,13,0,11,2,20,33,8.9899
395,386,1779559404248,1779559404248,1779559404257,1779559404291,1779559404291,1779559404283,1779559404290,35,0,34,1,7,42,9.2919
396,387,1779559404290,1779559404290,1779559404299,1779559404324,1779559404324,1779559404316,1779559404323,26,0,25,1,7,33,8.7295
397,388,1779559404323,1779559404323,1779559404332,1779559404362,1779559404362,1779559404355,1779559404357,32,0,30,2,2,34,8.4523
398,390,1779559404391,1779559404391,1779559404400,1779559404416,1779559404416,1779559404408,1779559404426,17,0,16,1,18,35,8.8556
399,391,1779559404426,1779559404426,1779559404435,1779559404450,1779559404450,1779559404442,1779559404460,16,0,15,1,18,34,8.3279
400,392,1779559404460,1779559404460,1779559404469,1779559404488,1779559404488,1779559404480,1779559404495,20,0,19,1,15,35,8.0218
401,394,1779559404529,1779559404529,1779559404538,1779559404542,1779559404542,1779559404534,1779559404565,5,0,4,1,31,36,8.5192
402,395,1779559404565,1779559404565,1779559404573,1779559404575,1779559404575,1779559404567,1779559404598,2,0,2,0,31,33,8.0120
403,396,1779559404598,1779559404598,1779559404607,1779559404613,1779559404613,1779559404605,1779559404632,7,0,6,1,27,34,7.7391
404,397,1779559404632,1779559404632,1779559404641,1779559404667,1779559404667,1779559404659,1779559404667,27,0,26,1,8,35,8.4381
405,398,1779559404667,1779559404667,1779559404676,1779559404700,1779559404700,1779559404692,1779559404702,25,0,24,1,10,35,8.0044
406,399,1779559404702,1779559404702,1779559404711,1779559404738,1779559404738,1779559404730,1779559404745,28,0,27,1,15,43,7.8360
409,402,1779559404823,1779559404823,1779559404831,1779559404863,1779559404863,1779559404855,1779559404856,32,0,32,0,1,33,9.5369
410,404,1779559404891,1779559404891,1779559404900,1779559404917,1779559404917,1779559404909,1779559404926,18,0,17,1,17,35,9.8963
411,405,1779559404926,1779559404926,1779559404934,1779559404951,1779559404951,1779559404943,1779559404960,17,0,17,0,17,34,9.2912
412,406,1779559404960,1779559404960,1779559404969,1779559404990,1779559404990,1779559404982,1779559404995,22,0,21,1,13,35,8.9654
413,408,1779559405028,1779559405028,1779559405037,1779559405044,1779559405044,1779559405037,1779559405063,9,0,7,2,26,35,9.2403
414,409,1779559405063,1779559405063,1779559405072,1779559405078,1779559405078,1779559405070,1779559405097,7,0,6,1,27,34,8.7328
415,410,1779559405097,1779559405097,1779559405106,1779559405116,1779559405116,1779559405108,1779559405132,11,0,10,1,24,35,8.3850
416,411,1779559405132,1779559405132,1779559405141,1779559405170,1779559405170,1779559405162,1779559405167,30,0,29,1,5,35,9.0645
421,417,1779559405355,1779559405355,1779559405364,1779559405366,1779559405366,1779559405358,1779559405390,3,0,2,1,32,35,15.7828
422,418,1779559405390,1779559405390,1779559405399,1779559405420,1779559405420,1779559405412,1779559405424,22,0,21,1,12,34,16.0266
423,419,1779559405424,1779559405424,1779559405433,1779559405452,1779559405452,1779559405445,1779559405458,21,0,19,2,13,34,15.1478
424,420,1779559405458,1779559405458,1779559405468,1779559405491,1779559405491,1779559405483,1779559405493,25,0,23,2,10,35,14.4625
425,422,1779559405527,1779559405527,1779559405537,1779559405545,1779559405545,1779559405537,1779559405562,10,0,8,2,25,35,14.4636
426,423,1779559405562,1779559405562,1779559405570,1779559405579,1779559405579,1779559405571,1779559405597,9,0,9,0,26,35,13.6097
427,424,1779559405596,1779559405596,1779559405605,1779559405616,1779559405616,1779559405609,1779559405631,13,0,11,2,22,35,12.9999
428,425,1779559405631,1779559405631,1779559405640,1779559405671,1779559405671,1779559405664,1779559405665,33,0,31,2,1,34,13.4579
429,426,1779559405665,1779559405665,1779559405674,1779559405704,1779559405704,1779559405696,1779559405700,31,0,30,1,4,35,12.8030
430,427,1779559405700,1779559405700,1779559405710,1779559405742,1779559405742,1779559405735,1779559405743,35,0,32,3,8,43,12.2411
431,429,1779559405776,1779559405776,1779559405785,1779559405796,1779559405796,1779559405789,1779559405818,13,0,11,2,29,42,12.8540
432,430,1779559405818,1779559405818,1779559405827,1779559405829,1779559405829,1779559405821,1779559405851,3,0,2,1,30,33,12.0580
433,431,1779559405851,1779559405851,1779559405860,1779559405868,1779559405868,1779559405861,1779559405886,10,0,8,2,25,35,11.5641
434,432,1779559405886,1779559405886,1779559405895,1779559405922,1779559405922,1779559405915,1779559405920,29,0,27,2,5,34,12.1583
435,433,1779559405920,1779559405920,1779559405929,1779559405956,1779559405956,1779559405948,1779559405955,28,0,27,1,7,35,11.5342
436,434,1779559405955,1779559405955,1779559405964,1779559405994,1779559405994,1779559405986,1779559405989,31,0,30,1,3,34,11.0691
437,436,1779559406023,1779559406023,1779559406033,1779559406047,1779559406047,1779559406040,1779559406058,17,0,14,3,18,35,11.3658
438,437,1779559406058,1779559406058,1779559406067,1779559406080,1779559406080,1779559406073,1779559406092,15,0,13,2,19,34,10.7236
439,438,1779559406092,1779559406092,1779559406101,1779559406118,1779559406118,1779559406110,1779559406127,18,0,17,1,17,35,10.2459
440,440,1779559406161,1779559406161,1779559406170,1779559406171,1779559406171,1779559406163,1779559406196,2,0,1,1,33,35,10.6131
442,442,1779559406230,1779559406230,1779559406240,1779559406242,1779559406242,1779559406234,1779559406274,4,0,2,2,40,44,9.7928
443,443,1779559406274,1779559406274,1779559406283,1779559406295,1779559406295,1779559406287,1779559406308,13,0,12,1,21,34,10.4207
444,444,1779559406308,1779559406308,1779559406317,1779559406328,1779559406328,1779559406320,1779559406349,12,0,11,1,29,41,10.3180
445,445,1779559406349,1779559406349,1779559406358,1779559406367,1779559406367,1779559406359,1779559406383,10,0,9,1,24,34,10.0289
446,446,1779559406383,1779559406383,1779559406391,1779559406421,1779559406421,1779559406413,1779559406417,30,0,30,0,4,34,10.6569
447,447,1779559406417,1779559406417,1779559406425,1779559406454,1779559406454,1779559406446,1779559406451,29,0,29,0,5,34,10.0845
448,448,1779559406451,1779559406451,1779559406460,1779559406493,1779559406493,1779559406485,1779559406486,34,0,33,1,1,35,9.7050
449,450,1779559406520,1779559406520,1779559406529,1779559406547,1779559406547,1779559406539,1779559406554,19,0,18,1,15,34,9.9884
450,451,1779559406554,1779559406554,1779559406563,1779559406581,1779559406581,1779559406573,1779559406589,19,0,18,1,16,35,9.3851
451,452,1779559406589,1779559406589,1779559406597,1779559406619,1779559406619,1779559406611,1779559406623,22,0,22,0,12,34,9.0038
452,454,1779559406657,1779559406657,1779559406666,1779559406673,1779559406673,1779559406665,1779559406692,8,0,7,1,27,35,9.3288
453,455,1779559406691,1779559406691,1779559406701,1779559406706,1779559406706,1779559406698,1779559406726,7,0,5,2,28,35,8.8671
454,456,1779559406726,1779559406726,1779559406735,1779559406744,1779559406744,1779559406736,1779559406761,10,0,9,1,25,35,8.5002
455,457,1779559406761,1779559406761,1779559406771,1779559406798,1779559406798,1779559406790,1779559406804,29,0,27,2,14,43,8.6909
456,458,1779559406804,1779559406804,1779559406813,1779559406831,1779559406831,1779559406823,1779559406836,19,0,18,1,13,32,8.1761
457,459,1779559406836,1779559406836,1779559406846,1779559406869,1779559406869,1779559406862,1779559406880,26,0,23,3,18,44,7.9189
458,461,1779559406913,1779559406913,1779559406922,1779559406924,1779559406924,1779559406916,1779559406947,3,0,2,1,31,34,8.2518
459,462,1779559406947,1779559406947,1779559406956,1779559406957,1779559406957,1779559406949,1779559406981,2,0,1,1,32,34,7.8115
460,463,1779559406981,1779559406981,1779559406990,1779559406997,1779559406997,1779559406990,1779559407016,9,0,7,2,26,35,7.6599
461,464,1779559407016,1779559407016,1779559407025,1779559407052,1779559407052,1779559407045,1779559407050,29,0,27,2,5,34,8.5548
462,465,1779559407050,1779559407050,1779559407059,1779559407086,1779559407086,1779559407079,1779559407084,29,0,27,2,5,34,8.0353
463,466,1779559407084,1779559407084,1779559407092,1779559407125,1779559407125,1779559407118,1779559407118,34,0,33,1,0,34,7.7643
464,468,1779559407152,1779559407152,1779559407162,1779559407180,1779559407180,1779559407172,1779559407187,20,0,18,2,15,35,8.1494
465,469,1779559407187,1779559407187,1779559407196,1779559407213,1779559407213,1779559407205,1779559407222,18,0,17,1,17,35,7.7357
466,470,1779559407222,1779559407222,1779559407231,1779559407250,1779559407250,1779559407242,1779559407257,20,0,19,1,15,35,7.3692
467,471,1779559407257,1779559407257,1779559407266,1779559407303,1779559407304,1779559407296,1779559407299,39,1,37,1,3,42,7.6607
468,472,1779559407299,1779559407299,1779559407308,1779559407337,1779559407337,1779559407329,1779559407332,30,0,29,1,3,33,7.1874
469,473,1779559407332,1779559407332,1779559407341,1779559407374,1779559407374,1779559407366,1779559407367,34,0,33,1,1,35,6.8192
470,475,1779559407408,1779559407408,1779559407417,1779559407428,1779559407428,1779559407420,1779559407442,12,0,11,1,22,34,7.6615
471,476,1779559407442,1779559407442,1779559407451,1779559407461,1779559407462,1779559407454,1779559407476,12,1,10,1,22,34,7.2062
472,477,1779559407476,1779559407476,1779559407485,1779559407500,1779559407500,1779559407492,1779559407510,16,0,15,1,18,34,7.0039
473,478,1779559407510,1779559407510,1779559407519,1779559407553,1779559407553,1779559407546,1779559407579,36,0,34,2,33,69,7.5461
474,479,1779559407545,1779559407545,1779559407554,1779559407587,1779559407587,1779559407579,1779559407613,34,0,33,1,34,68,7.0881
475,481,1779559407613,1779559407613,1779559407622,1779559407625,1779559407625,1779559407617,1779559407647,4,0,3,1,30,34,6.8691
476,482,1779559407647,1779559407647,1779559407656,1779559407678,1779559407678,1779559407670,1779559407682,23,0,22,1,12,35,7.5998
477,483,1779559407682,1779559407682,1779559407691,1779559407711,1779559407711,1779559407703,1779559407716,21,0,20,1,13,34,7.2072
478,484,1779559407716,1779559407716,1779559407725,1779559407748,1779559407748,1779559407740,1779559407750,24,0,23,1,10,34,6.9211
481,487,1779559407828,1779559407828,1779559407837,1779559407873,1779559407873,1779559407865,1779559407901,37,0,36,1,36,73,11.1121
482,489,1779559407905,1779559407905,1779559407913,1779559407926,1779559407926,1779559407918,1779559407938,13,0,13,0,20,33,11.4144
483,490,1779559407938,1779559407938,1779559407947,1779559407959,1779559407959,1779559407951,1779559407973,13,0,12,1,22,35,10.8026
484,491,1779559407973,1779559407973,1779559407982,1779559407996,1779559407997,1779559407989,1779559408007,16,1,14,1,18,34,10.3786
485,493,1779559408041,1779559408041,1779559408050,1779559408051,1779559408051,1779559408043,1779559408076,2,0,1,1,33,35,10.6734
487,495,1779559408109,1779559408109,1779559408118,1779559408122,1779559408122,1779559408114,1779559408144,5,0,4,1,30,35,9.6240
488,496,1779559408144,1779559408144,1779559408153,1779559408176,1779559408176,1779559408168,1779559408179,24,0,23,1,11,35,10.2515
489,497,1779559408179,1779559408179,1779559408188,1779559408209,1779559408209,1779559408201,1779559408213,22,0,21,1,12,34,9.6824
490,498,1779559408213,1779559408213,1779559408221,1779559408248,1779559408248,1779559408240,1779559408247,27,0,27,0,7,34,9.3586
491,499,1779559408247,1779559408247,1779559408256,1779559408304,1779559408304,1779559408296,1779559408323,49,0,48,1,27,76,10.0138
492,501,1779559408327,1779559408327,1779559408335,1779559408338,1779559408338,1779559408330,1779559408360,3,0,3,0,30,33,9.5962
493,502,1779559408360,1779559408360,1779559408370,1779559408376,1779559408376,1779559408368,1779559408403,8,0,6,2,35,43,9.2760
494,503,1779559408403,1779559408403,1779559408412,1779559408430,1779559408430,1779559408422,1779559408436,19,0,18,1,14,33,10.0027
495,504,1779559408436,1779559408436,1779559408445,1779559408463,1779559408463,1779559408455,1779559408470,19,0,18,1,15,34,9.4269
496,505,1779559408470,1779559408470,1779559408479,1779559408501,1779559408501,1779559408493,1779559408504,23,0,22,1,11,34,9.0428
497,507,1779559408538,1779559408538,1779559408547,1779559408555,1779559408555,1779559408548,1779559408573,10,0,8,2,25,35,9.3644
498,508,1779559408573,1779559408573,1779559408582,1779559408591,1779559408591,1779559408584,1779559408607,11,0,9,2,23,34,8.9434
499,509,1779559408607,1779559408607,1779559408616,1779559408629,1779559408629,1779559408622,1779559408641,15,0,13,2,19,34,8.6229
500,510,1779559408641,1779559408641,1779559408651,1779559408683,1779559408683,1779559408675,1779559408676,34,0,32,2,1,35,9.2233
501,511,1779559408676,1779559408676,1779559408684,1779559408717,1779559408717,1779559408709,1779559408710,33,0,33,0,1,34,8.6535
502,513,1779559408745,1779559408745,1779559408754,1779559408755,1779559408755,1779559408747,1779559408779,2,0,1,1,32,34,10.0385
503,514,1779559408779,1779559408779,1779559408788,1779559408808,1779559408808,1779559408800,1779559408821,21,0,20,1,21,42,10.1004
504,515,1779559408821,1779559408821,1779559408830,1779559408842,1779559408842,1779559408834,1779559408854,13,0,12,1,20,33,9.5126
505,516,1779559408854,1779559408854,1779559408863,1779559408880,1779559408880,1779559408872,1779559408897,18,0,17,1,25,43,9.1988
506,517,1779559408897,1779559408897,1779559408906,1779559408933,1779559408933,1779559408926,1779559408929,29,0,27,2,3,32,9.8911
507,518,1779559408929,1779559408929,1779559408938,1779559408966,1779559408966,1779559408959,1779559408964,30,0,28,2,5,35,9.3803
508,519,1779559408964,1779559408964,1779559408973,1779559409004,1779559409004,1779559408996,1779559408998,32,0,31,1,2,34,9.0550
509,521,1779559409033,1779559409033,1779559409042,1779559409057,1779559409057,1779559409049,1779559409067,16,0,15,1,18,34,9.4688
510,522,1779559409067,1779559409067,1779559409075,1779559409090,1779559409090,1779559409082,1779559409107,15,0,15,0,25,40,8.9440
511,523,1779559409107,1779559409107,1779559409116,1779559409128,1779559409128,1779559409120,1779559409136,13,0,12,1,16,29,8.5692
512,525,1779559409169,1779559409169,1779559409178,1779559409182,1779559409182,1779559409174,1779559409205,5,0,4,1,31,36,8.9612
513,526,1779559409205,1779559409205,1779559409214,1779559409215,1779559409215,1779559409207,1779559409238,2,0,1,1,31,33,8.4495
514,527,1779559409238,1779559409238,1779559409247,1779559409253,1779559409253,1779559409245,1779559409273,7,0,6,1,28,35,8.1386
515,528,1779559409273,1779559409273,1779559409282,1779559409307,1779559409307,1779559409299,1779559409315,26,0,25,1,16,42,8.3730
516,529,1779559409315,1779559409315,1779559409323,1779559409339,1779559409339,1779559409332,1779559409348,17,0,16,1,16,33,7.8508
517,530,1779559409348,1779559409348,1779559409357,1779559409377,1779559409377,1779559409369,1779559409383,21,0,20,1,14,35,7.4942
518,532,1779559409417,1779559409417,1779559409426,1779559409431,1779559409431,1779559409424,1779559409452,7,0,5,2,28,35,7.8865
519,533,1779559409452,1779559409452,1779559409460,1779559409464,1779559409464,1779559409456,1779559409486,4,0,4,0,30,34,7.5547
520,534,1779559409486,1779559409486,1779559409496,1779559409501,1779559409501,1779559409494,1779559409520,8,0,5,3,26,34,7.3208
521,535,1779559409520,1779559409520,1779559409529,1779559409555,1779559409555,1779559409548,1779559409555,28,0,26,2,7,35,8.0642
522,536,1779559409555,1779559409555,1779559409564,1779559409589,1779559409589,1779559409581,1779559409589,26,0,25,1,8,34,7.6186
523,537,1779559409589,1779559409589,1779559409598,1779559409628,1779559409628,1779559409621,1779559409624,32,0,30,2,3,35,7.4690
524,539,1779559409658,1779559409658,1779559409667,1779559409684,1779559409684,1779559409676,1779559409692,18,0,17,1,16,34,7.8195
525,540,1779559409692,1779559409692,1779559409701,1779559409716,1779559409716,1779559409709,1779559409727,17,0,15,2,18,35,7.4410
526,541,1779559409727,1779559409727,1779559409736,1779559409755,1779559409755,1779559409747,1779559409761,20,0,19,1,14,34,7.1915
529,545,1779559409871,1779559409871,1779559409880,1779559409880,1779559409880,1779559409873,1779559409907,2,0,0,2,34,36,11.0715
530,546,1779559409907,1779559409907,1779559409915,1779559409934,1779559409934,1779559409927,1779559409948,20,0,19,1,21,41,11.1459
531,547,1779559409948,1779559409948,1779559409957,1779559409968,1779559409968,1779559409960,1779559409981,12,0,11,1,21,33,10.4500
532,548,1779559409981,1779559409981,1779559409990,1779559410005,1779559410005,1779559409998,1779559410016,17,0,15,2,18,35,10.0053
533,550,1779559410050,1779559410050,1779559410059,1779559410060,1779559410060,1779559410052,1779559410085,2,0,1,1,33,35,10.2884
535,552,1779559410119,1779559410119,1779559410128,1779559410132,1779559410132,1779559410124,1779559410153,5,0,4,1,29,34,9.3726
536,553,1779559410153,1779559410153,1779559410162,1779559410185,1779559410185,1779559410178,1779559410188,25,0,23,2,10,35,9.9470
537,554,1779559410188,1779559410188,1779559410196,1779559410219,1779559410219,1779559410211,1779559410222,23,0,23,0,11,34,9.3438
538,555,1779559410222,1779559410222,1779559410231,1779559410257,1779559410257,1779559410249,1779559410257,27,0,26,1,8,35,8.9842
539,557,1779559410291,1779559410291,1779559410301,1779559410310,1779559410310,1779559410303,1779559410326,12,0,9,3,23,35,9.4650
540,558,1779559410326,1779559410326,1779559410336,1779559410343,1779559410343,1779559410335,1779559410369,9,0,7,2,34,43,9.4556
541,559,1779559410369,1779559410369,1779559410378,1779559410381,1779559410381,1779559410373,1779559410402,4,0,3,1,29,33,9.1754
542,560,1779559410402,1779559410402,1779559410410,1779559410440,1779559410440,1779559410432,1779559410446,30,0,30,0,14,44,9.5455
543,561,1779559410445,1779559410445,1779559410454,1779559410473,1779559410473,1779559410465,1779559410478,20,0,19,1,13,33,8.9773
544,562,1779559410478,1779559410478,1779559410487,1779559410511,1779559410511,1779559410504,1779559410513,26,0,24,2,9,35,8.6905
545,564,1779559410547,1779559410547,1779559410556,1779559410565,1779559410565,1779559410558,1779559410581,11,0,9,2,23,34,9.1035
546,565,1779559410581,1779559410581,1779559410590,1779559410598,1779559410598,1779559410590,1779559410616,9,0,8,1,26,35,8.6414
547,566,1779559410616,1779559410616,1779559410624,1779559410636,1779559410636,1779559410628,1779559410650,12,0,12,0,22,34,8.3347
548,567,1779559410650,1779559410650,1779559410659,1779559410690,1779559410690,1779559410682,1779559410685,32,0,31,1,3,35,9.0279
549,568,1779559410684,1779559410684,1779559410693,1779559410723,1779559410723,1779559410715,1779559410719,31,0,30,1,4,35,8.5609
550,569,1779559410719,1779559410719,1779559410728,1779559410761,1779559410761,1779559410753,1779559410754,34,0,33,1,1,35,8.2372
551,571,1779559410788,1779559410788,1779559410797,1779559410816,1779559410816,1779559410808,1779559410823,20,0,19,1,15,35,8.5996
552,572,1779559410823,1779559410823,1779559410831,1779559410849,1779559410849,1779559410842,1779559410858,19,0,18,1,16,35,8.1919
553,573,1779559410858,1779559410858,1779559410867,1779559410888,1779559410888,1779559410880,1779559410900,22,0,21,1,20,42,7.8654
556,576,1779559410976,1779559410976,1779559410985,1779559411012,1779559411012,1779559411005,1779559411010,29,0,27,2,5,34,9.6426
557,578,1779559411044,1779559411044,1779559411053,1779559411065,1779559411065,1779559411058,1779559411078,14,0,12,2,20,34,10.0026
558,579,1779559411078,1779559411078,1779559411087,1779559411098,1779559411099,1779559411091,1779559411113,13,1,11,1,22,35,9.4680
559,580,1779559411113,1779559411113,1779559411123,1779559411136,1779559411136,1779559411129,1779559411147,16,0,13,3,18,34,9.0540
561,582,1779559411181,1779559411181,1779559411190,1779559411223,1779559411223,1779559411215,1779559411216,34,0,33,1,1,35,10.8933
562,584,1779559411250,1779559411250,1779559411259,1779559411261,1779559411261,1779559411253,1779559411285,3,0,2,1,32,35,12.1235
563,585,1779559411285,1779559411285,1779559411294,1779559411315,1779559411315,1779559411307,1779559411319,22,0,21,1,12,34,12.6080
566,588,1779559411398,1779559411398,1779559411407,1779559411439,1779559411439,1779559411431,1779559411433,33,0,32,1,2,35,15.9617
567,589,1779559411433,1779559411433,1779559411442,1779559411472,1779559411472,1779559411464,1779559411475,31,0,30,1,11,42,15.5242
568,590,1779559411475,1779559411475,1779559411485,1779559411510,1779559411510,1779559411502,1779559411509,27,0,25,2,7,34,14.8557
569,592,1779559411543,1779559411543,1779559411552,1779559411565,1779559411565,1779559411557,1779559411577,14,0,13,1,20,34,14.7962
570,593,1779559411577,1779559411577,1779559411586,1779559411598,1779559411598,1779559411590,1779559411611,13,0,12,1,21,34,13.8986
571,594,1779559411611,1779559411611,1779559411620,1779559411637,1779559411637,1779559411629,1779559411645,18,0,17,1,16,34,13.3114
572,596,1779559411679,1779559411679,1779559411689,1779559411691,1779559411691,1779559411683,1779559411714,4,0,2,2,31,35,13.4067
573,597,1779559411714,1779559411714,1779559411723,1779559411724,1779559411724,1779559411717,1779559411749,3,0,1,2,32,35,12.5930
574,598,1779559411749,1779559411749,1779559411758,1779559411762,1779559411762,1779559411754,1779559411784,5,0,4,1,30,35,11.9209
575,599,1779559411784,1779559411784,1779559411792,1779559411816,1779559411816,1779559411808,1779559411817,24,0,24,0,9,33,12.4647
576,600,1779559411817,1779559411817,1779559411826,1779559411849,1779559411849,1779559411841,1779559411852,24,0,23,1,11,35,11.7825
577,601,1779559411852,1779559411852,1779559411861,1779559411887,1779559411887,1779559411879,1779559411895,27,0,26,1,16,43,11.3972
580,604,1779559411971,1779559411971,1779559411980,1779559412012,1779559412013,1779559412005,1779559412038,34,1,32,1,33,67,14.1698
581,606,1779559412038,1779559412038,1779559412047,1779559412066,1779559412066,1779559412059,1779559412073,21,0,19,2,14,35,14.4195
582,607,1779559412073,1779559412073,1779559412083,1779559412100,1779559412100,1779559412092,1779559412113,19,0,17,2,21,40,13.8680
583,608,1779559412113,1779559412113,1779559412122,1779559412138,1779559412138,1779559412131,1779559412151,18,0,16,2,20,38,13.0173
584,609,1779559412151,1779559412151,1779559412160,1779559412192,1779559412192,1779559412184,1779559412190,33,0,32,1,6,39,13.1420
585,610,1779559412190,1779559412190,1779559412199,1779559412226,1779559412226,1779559412219,1779559412229,29,0,27,2,10,39,12.6244
586,611,1779559412229,1779559412229,1779559412238,1779559412264,1779559412264,1779559412256,1779559412273,27,0,26,1,17,44,12.1879
587,612,1779559412273,1779559412273,1779559412282,1779559412319,1779559412319,1779559412311,1779559412313,38,0,37,1,2,40,12.3306
592,617,1779559412474,1779559412474,1779559412483,1779559412514,1779559412514,1779559412506,1779559412541,32,0,31,1,35,67,18.4423
593,619,1779559412541,1779559412541,1779559412551,1779559412569,1779559412569,1779559412561,1779559412576,20,0,18,2,15,35,18.5626
594,620,1779559412576,1779559412576,1779559412585,1779559412603,1779559412603,1779559412595,1779559412610,19,0,18,1,15,34,17.4283
595,621,1779559412610,1779559412610,1779559412619,1779559412644,1779559412644,1779559412637,1779559412646,27,0,25,2,9,36,16.6698
596,623,1779559412680,1779559412680,1779559412689,1779559412698,1779559412698,1779559412690,1779559412716,10,0,9,1,26,36,16.6038
597,624,1779559412716,1779559412716,1779559412725,1779559412732,1779559412732,1779559412724,1779559412751,8,0,7,1,27,35,15.6307
598,625,1779559412751,1779559412751,1779559412759,1779559412770,1779559412770,1779559412762,1779559412786,11,0,11,0,24,35,14.8392
599,626,1779559412786,1779559412786,1779559412795,1779559412824,1779559412824,1779559412816,1779559412820,30,0,29,1,4,34,15.1538
600,627,1779559412820,1779559412820,1779559412829,1779559412856,1779559412857,1779559412849,1779559412855,29,1,27,1,6,35,14.3231
601,628,1779559412855,1779559412855,1779559412864,1779559412895,1779559412895,1779559412887,1779559412930,32,0,31,1,43,75,15.7569
602,630,1779559412934,1779559412934,1779559412943,1779559412948,1779559412948,1779559412940,1779559412968,6,0,5,1,28,34,15.7206
603,631,1779559412968,1779559412968,1779559412977,1779559412981,1779559412981,1779559412973,1779559413011,5,0,4,1,38,43,15.3506
605,633,1779559413044,1779559413044,1779559413053,1779559413073,1779559413073,1779559413065,1779559413078,21,0,20,1,13,34,15.0268
606,634,1779559413078,1779559413078,1779559413086,1779559413107,1779559413107,1779559413099,1779559413112,21,0,21,0,13,34,14.1005
607,635,1779559413112,1779559413112,1779559413122,1779559413145,1779559413145,1779559413138,1779559413147,26,0,23,3,9,35,13.3954
610,638,1779559413256,1779559413256,1779559413265,1779559413270,1779559413270,1779559413263,1779559413296,7,0,5,2,33,40,16.0127
611,639,1779559413296,1779559413296,1779559413304,1779559413325,1779559413325,1779559413317,1779559413336,21,0,21,0,19,40,15.8946
612,640,1779559413336,1779559413336,1779559413345,1779559413359,1779559413359,1779559413351,1779559413375,15,0,14,1,24,39,15.2512
613,641,1779559413375,1779559413375,1779559413384,1779559413396,1779559413396,1779559413389,1779559413423,14,0,12,2,34,48,14.9427
614,642,1779559413423,1779559413423,1779559413433,1779559413450,1779559413450,1779559413442,1779559413471,19,0,17,2,29,48,14.3796
615,643,1779559413470,1779559413470,1779559413480,1779559413482,1779559413482,1779559413475,1779559413508,5,0,2,3,33,38,13.8489
616,644,1779559413508,1779559413508,1779559413517,1779559413520,1779559413520,1779559413512,1779559413547,4,0,3,1,35,39,13.0448
617,646,1779559413550,1779559413550,1779559413559,1779559413573,1779559413573,1779559413565,1779559413586,15,0,14,1,21,36,13.0978
618,647,1779559413586,1779559413586,1779559413595,1779559413606,1779559413606,1779559413598,1779559413621,12,0,11,1,23,35,12.4026
619,648,1779559413621,1779559413621,1779559413630,1779559413644,1779559413644,1779559413636,1779559413656,15,0,14,1,20,35,11.8143
621,650,1779559413691,1779559413691,1779559413700,1779559413732,1779559413732,1779559413725,1779559413726,34,0,32,2,1,35,13.2733
622,651,1779559413726,1779559413726,1779559413735,1779559413770,1779559413770,1779559413762,1779559413796,36,0,35,1,34,70,14.4372
623,652,1779559413796,1779559413796,1779559413805,1779559413823,1779559413823,1779559413816,1779559413835,20,0,18,2,19,39,14.4413
624,653,1779559413835,1779559413835,1779559413844,1779559413856,1779559413856,1779559413849,1779559413875,14,0,12,2,26,40,13.9528
625,654,1779559413875,1779559413875,1779559413884,1779559413894,1779559413895,1779559413887,1779559413921,12,1,10,1,34,46,13.5870
626,655,1779559413921,1779559413921,1779559413929,1779559413948,1779559413948,1779559413941,1779559413959,20,0,19,1,18,38,13.7363
627,656,1779559413959,1779559413959,1779559413968,1779559413982,1779559413982,1779559413974,1779559414004,15,0,14,1,30,45,13.6552
628,657,1779559414004,1779559414004,1779559414013,1779559414020,1779559414020,1779559414012,1779559414042,8,0,7,1,30,38,12.8267
629,658,1779559414042,1779559414042,1779559414051,1779559414074,1779559414074,1779559414066,1779559414081,24,0,23,1,15,39,12.9596
630,660,1779559414085,1779559414085,1779559414093,1779559414107,1779559414107,1779559414099,1779559414121,14,0,14,0,22,36,12.5529
631,661,1779559414121,1779559414121,1779559414129,1779559414145,1779559414145,1779559414137,1779559414155,16,0,16,0,18,34,11.9783
632,663,1779559414190,1779559414190,1779559414199,1779559414201,1779559414201,1779559414193,1779559414225,3,0,2,1,32,35,12.0753
634,665,1779559414259,1779559414259,1779559414268,1779559414271,1779559414271,1779559414264,1779559414294,5,0,3,2,30,35,10.8785
635,666,1779559414294,1779559414294,1779559414302,1779559414325,1779559414325,1779559414317,1779559414328,23,0,23,0,11,34,11.3761
636,667,1779559414328,1779559414328,1779559414337,1779559414357,1779559414357,1779559414350,1779559414362,22,0,20,2,12,34,10.7441
637,668,1779559414362,1779559414362,1779559414371,1779559414395,1779559414395,1779559414388,1779559414397,26,0,24,2,9,35,10.2350
640,672,1779559414508,1779559414508,1779559414517,1779559414519,1779559414519,1779559414511,1779559414550,3,0,2,1,39,42,14.0819
641,673,1779559414550,1779559414550,1779559414559,1779559414573,1779559414573,1779559414565,1779559414583,15,0,14,1,18,33,14.5209
642,674,1779559414583,1779559414583,1779559414592,1779559414606,1779559414606,1779559414598,1779559414617,15,0,14,1,19,34,13.7100
643,675,1779559414617,1779559414617,1779559414626,1779559414645,1779559414645,1779559414637,1779559414652,20,0,19,1,15,35,13.1527
644,677,1779559414686,1779559414686,1779559414696,1779559414700,1779559414700,1779559414692,1779559414721,6,0,4,2,29,35,13.2116
645,678,1779559414721,1779559414721,1779559414730,1779559414733,1779559414733,1779559414725,1779559414755,4,0,3,1,30,34,12.4750
646,679,1779559414755,1779559414755,1779559414764,1779559414771,1779559414771,1779559414763,1779559414789,8,0,7,1,26,34,11.9383
647,680,1779559414789,1779559414789,1779559414798,1779559414825,1779559414825,1779559414817,1779559414824,28,0,27,1,7,35,12.4110
648,681,1779559414824,1779559414824,1779559414833,1779559414858,1779559414858,1779559414850,1779559414858,26,0,25,1,8,34,11.6954
649,682,1779559414858,1779559414858,1779559414867,1779559414897,1779559414897,1779559414889,1779559414893,31,0,30,1,4,35,11.1896
650,683,1779559414893,1779559414893,1779559414901,1779559414951,1779559414951,1779559414944,1779559414968,51,0,50,1,24,75,11.7022
651,685,1779559414971,1779559414971,1779559414980,1779559414985,1779559414985,1779559414977,1779559415006,6,0,5,1,29,35,11.3197
652,686,1779559415006,1779559415006,1779559415015,1779559415024,1779559415024,1779559415016,1779559415048,10,0,9,1,32,42,10.8149
653,687,1779559415048,1779559415048,1779559415057,1779559415078,1779559415078,1779559415070,1779559415081,22,0,21,1,11,33,11.4650
654,688,1779559415081,1779559415081,1779559415090,1779559415112,1779559415112,1779559415104,1779559415116,23,0,22,1,12,35,10.7862
655,689,1779559415116,1779559415116,1779559415124,1779559415150,1779559415150,1779559415142,1779559415150,26,0,26,0,8,34,10.3511
656,691,1779559415184,1779559415184,1779559415193,1779559415205,1779559415205,1779559415198,1779559415219,14,0,12,2,21,35,10.5574
657,692,1779559415218,1779559415218,1779559415228,1779559415238,1779559415238,1779559415230,1779559415253,12,0,10,2,23,35,9.9988
658,693,1779559415253,1779559415253,1779559415262,1779559415275,1779559415275,1779559415268,1779559415287,15,0,13,2,19,34,9.6205
659,694,1779559415287,1779559415287,1779559415296,1779559415329,1779559415329,1779559415321,1779559415322,34,0,33,1,1,35,10.1805
660,695,1779559415322,1779559415322,1779559415330,1779559415362,1779559415362,1779559415354,1779559415356,32,0,32,0,2,34,9.6289
661,697,1779559415390,1779559415390,1779559415399,1779559415400,1779559415400,1779559415392,1779559415425,2,0,1,1,33,35,10.9594
664,700,1779559415504,1779559415504,1779559415512,1779559415529,1779559415529,1779559415521,1779559415538,17,0,17,0,17,34,11.8992
665,701,1779559415538,1779559415538,1779559415547,1779559415583,1779559415583,1779559415575,1779559415580,37,0,36,1,5,42,11.9063
666,702,1779559415580,1779559415580,1779559415589,1779559415615,1779559415615,1779559415608,1779559415613,28,0,26,2,5,33,11.1862
667,703,1779559415613,1779559415613,1779559415622,1779559415653,1779559415653,1779559415646,1779559415647,33,0,31,2,1,34,10.6823
668,705,1779559415681,1779559415681,1779559415690,1779559415707,1779559415707,1779559415699,1779559415716,18,0,17,1,17,35,10.9406
669,706,1779559415716,1779559415716,1779559415726,1779559415740,1779559415740,1779559415732,1779559415750,16,0,14,2,18,34,10.3183
670,707,1779559415750,1779559415750,1779559415759,1779559415779,1779559415779,1779559415771,1779559415785,21,0,20,1,14,35,9.9287
671,709,1779559415819,1779559415819,1779559415828,1779559415835,1779559415835,1779559415827,1779559415853,8,0,7,1,26,34,10.0827
672,710,1779559415853,1779559415853,1779559415862,1779559415868,1779559415868,1779559415861,1779559415887,8,0,6,2,26,34,9.4659
673,711,1779559415887,1779559415887,1779559415896,1779559415907,1779559415907,1779559415900,1779559415922,13,0,11,2,22,35,9.0689
674,712,1779559415922,1779559415922,1779559415931,1779559415961,1779559415961,1779559415953,1779559415957,31,0,30,1,4,35,9.6946
675,713,1779559415957,1779559415957,1779559415966,1779559415993,1779559415993,1779559415986,1779559415999,29,0,27,2,13,42,9.6714
676,714,1779559415999,1779559415999,1779559416008,1779559416031,1779559416031,1779559416023,1779559416033,24,0,23,1,10,34,9.2735
677,716,1779559416075,1779559416075,1779559416084,1779559416084,1779559416084,1779559416077,1779559416108,2,0,0,2,31,33,9.9888
678,717,1779559416108,1779559416108,1779559416117,1779559416117,1779559416117,1779559416110,1779559416142,2,0,0,2,32,34,9.4388
679,718,1779559416142,1779559416142,1779559416151,1779559416155,1779559416155,1779559416147,1779559416177,5,0,4,1,30,35,8.9905
680,719,1779559416177,1779559416177,1779559416185,1779559416208,1779559416208,1779559416201,1779559416211,24,0,23,1,10,34,9.6052
681,720,1779559416211,1779559416211,1779559416219,1779559416242,1779559416242,1779559416234,1779559416245,23,0,23,0,11,34,9.0388
682,721,1779559416245,1779559416245,1779559416254,1779559416279,1779559416280,1779559416272,1779559416279,27,1,25,1,7,34,8.7352
683,723,1779559416314,1779559416314,1779559416323,1779559416335,1779559416335,1779559416327,1779559416348,13,0,12,1,21,34,9.0344
684,724,1779559416348,1779559416348,1779559416357,1779559416367,1779559416367,1779559416359,1779559416382,11,0,10,1,23,34,8.6320
687,726,1779559416453,1779559416453,1779559416461,1779559416494,1779559416494,1779559416486,1779559416501,33,0,33,0,15,48,12.8971
688,727,1779559416501,1779559416501,1779559416511,1779559416532,1779559416532,1779559416525,1779559416550,24,0,21,3,25,49,12.7425
689,728,1779559416549,1779559416549,1779559416559,1779559416586,1779559416586,1779559416578,1779559416587,29,0,27,2,9,38,12.9608
690,730,1779559416590,1779559416590,1779559416599,1779559416619,1779559416619,1779559416611,1779559416626,21,0,20,1,15,36,12.5233
691,731,1779559416626,1779559416626,1779559416636,1779559416657,1779559416657,1779559416649,1779559416661,23,0,21,2,12,35,11.9647
692,733,1779559416696,1779559416696,1779559416705,1779559416710,1779559416710,1779559416702,1779559416730,6,0,5,1,28,34,12.2176
693,734,1779559416730,1779559416730,1779559416739,1779559416744,1779559416744,1779559416736,1779559416764,6,0,5,1,28,34,11.4980
696,736,1779559416834,1779559416834,1779559416843,1779559416868,1779559416868,1779559416861,1779559416872,27,0,25,2,11,38,14.7707
697,738,1779559416876,1779559416876,1779559416885,1779559416906,1779559416906,1779559416899,1779559416912,23,0,21,2,13,36,13.9219
698,740,1779559416947,1779559416947,1779559416956,1779559416960,1779559416960,1779559416953,1779559416982,6,0,4,2,29,35,14.0626
701,743,1779559417057,1779559417057,1779559417066,1779559417084,1779559417084,1779559417077,1779559417100,20,0,18,2,23,43,15.7257
702,744,1779559417100,1779559417100,1779559417109,1779559417117,1779559417117,1779559417109,1779559417133,9,0,8,1,24,33,14.7638
703,745,1779559417133,1779559417133,1779559417142,1779559417156,1779559417156,1779559417148,1779559417167,15,0,14,1,19,34,14.1534
704,747,1779559417201,1779559417201,1779559417210,1779559417211,1779559417211,1779559417203,1779559417236,2,0,1,1,33,35,14.1372
706,749,1779559417271,1779559417271,1779559417280,1779559417282,1779559417282,1779559417275,1779559417305,4,0,2,2,30,34,12.7516
707,750,1779559417305,1779559417305,1779559417314,1779559417336,1779559417336,1779559417328,1779559417339,23,0,22,1,11,34,13.2166
708,751,1779559417339,1779559417339,1779559417348,1779559417369,1779559417369,1779559417361,1779559417373,22,0,21,1,12,34,12.4911
709,752,1779559417373,1779559417373,1779559417382,1779559417408,1779559417408,1779559417400,1779559417407,27,0,26,1,7,34,12.0171
710,754,1779559417441,1779559417441,1779559417452,1779559417462,1779559417462,1779559417455,1779559417477,14,0,10,4,22,36,12.1631
711,755,1779559417477,1779559417477,1779559417486,1779559417496,1779559417496,1779559417488,1779559417512,11,0,10,1,24,35,11.5146
712,756,1779559417512,1779559417512,1779559417520,1779559417533,1779559417533,1779559417526,1779559417554,14,0,13,1,28,42,11.0632
713,757,1779559417554,1779559417554,1779559417563,1779559417587,1779559417587,1779559417579,1779559417587,25,0,24,1,8,33,11.6372
714,758,1779559417587,1779559417587,1779559417596,1779559417620,1779559417620,1779559417612,1779559417629,25,0,24,1,17,42,11.5096
715,759,1779559417629,1779559417629,1779559417638,1779559417658,1779559417658,1779559417650,1779559417663,21,0,20,1,13,34,11.0521
716,761,1779559417697,1779559417697,1779559417707,1779559417713,1779559417713,1779559417705,1779559417731,8,0,6,2,26,34,11.1890
717,762,1779559417731,1779559417731,1779559417740,1779559417746,1779559417746,1779559417739,1779559417766,8,0,6,2,27,35,10.5953
718,763,1779559417766,1779559417766,1779559417774,1779559417784,1779559417784,1779559417776,1779559417801,10,0,10,0,25,35,10.1511
721,765,1779559417871,1779559417871,1779559417879,1779559417910,1779559417910,1779559417902,1779559417910,31,0,31,0,8,39,11.1733
725,770,1779559418068,1779559418068,1779559418077,1779559418091,1779559418091,1779559418084,1779559418116,16,0,14,2,32,48,17.9869
727,771,1779559418116,1779559418116,1779559418126,1779559418163,1779559418163,1779559418156,1779559418194,40,0,37,3,38,78,16.0760
728,774,1779559418197,1779559418197,1779559418206,1779559418218,1779559418218,1779559418210,1779559418233,13,0,12,1,23,36,16.0006
729,775,1779559418233,1779559418233,1779559418242,1779559418251,1779559418251,1779559418243,1779559418268,10,0,9,1,25,35,15.1121
730,776,1779559418268,1779559418268,1779559418277,1779559418289,1779559418289,1779559418281,1779559418303,13,0,12,1,22,35,14.3549
731,777,1779559418303,1779559418303,1779559418311,1779559418342,1779559418343,1779559418335,1779559418337,32,1,31,0,2,34,14.6916
732,778,1779559418337,1779559418337,1779559418346,1779559418376,1779559418376,1779559418368,1779559418371,31,0,30,1,3,34,13.8569
733,780,1779559418405,1779559418405,1779559418414,1779559418414,1779559418414,1779559418407,1779559418440,2,0,0,2,33,35,14.8765
734,781,1779559418440,1779559418440,1779559418448,1779559418468,1779559418468,1779559418461,1779559418475,21,0,20,1,14,35,15.1257
735,782,1779559418475,1779559418475,1779559418483,1779559418501,1779559418501,1779559418494,1779559418509,19,0,18,1,15,34,14.1898
736,783,1779559418509,1779559418509,1779559418517,1779559418539,1779559418539,1779559418532,1779559418551,23,0,22,1,19,42,13.6538
738,785,1779559418585,1779559418585,1779559418594,1779559418626,1779559418626,1779559418619,1779559418620,34,0,32,2,1,35,15.0050
739,786,1779559418620,1779559418620,1779559418630,1779559418664,1779559418664,1779559418657,1779559418662,37,0,34,3,5,42,14.3608
740,788,1779559418695,1779559418695,1779559418705,1779559418718,1779559418718,1779559418710,1779559418730,15,0,13,2,20,35,14.3060
741,789,1779559418730,1779559418730,1779559418739,1779559418751,1779559418751,1779559418743,1779559418764,13,0,12,1,21,34,13.5069
742,790,1779559418764,1779559418764,1779559418773,1779559418789,1779559418789,1779559418782,1779559418798,18,0,16,2,16,34,12.8978
743,792,1779559418833,1779559418833,1779559418843,1779559418843,1779559418843,1779559418835,1779559418867,2,0,0,2,32,34,13.0249
744,793,1779559418867,1779559418867,1779559418876,1779559418876,1779559418876,1779559418868,1779559418902,1,0,0,1,34,35,12.3192
745,794,1779559418902,1779559418902,1779559418911,1779559418914,1779559418914,1779559418906,1779559418936,4,0,3,1,30,34,11.7795
746,795,1779559418936,1779559418936,1779559418945,1779559418968,1779559418968,1779559418960,1779559418970,24,0,23,1,10,34,12.2891
747,796,1779559418970,1779559418970,1779559418979,1779559419001,1779559419001,1779559418994,1779559419006,24,0,22,2,12,36,11.6133
748,797,1779559419006,1779559419006,1779559419015,1779559419040,1779559419040,1779559419033,1779559419040,27,0,25,2,7,34,11.1010
751,800,1779559419157,1779559419157,1779559419166,1779559419167,1779559419167,1779559419159,1779559419160,2,0,1,1,1,3,16.6672
752,802,1779559419194,1779559419194,1779559419203,1779559419221,1779559419221,1779559419213,1779559419228,19,0,18,1,15,34,16.5288
753,803,1779559419228,1779559419228,1779559419237,1779559419254,1779559419255,1779559419247,1779559419263,19,1,17,1,16,35,15.5209
754,804,1779559419263,1779559419263,1779559419272,1779559419292,1779559419292,1779559419284,1779559419297,21,0,20,1,13,34,14.7229
755,806,1779559419332,1779559419332,1779559419340,1779559419346,1779559419346,1779559419338,1779559419366,6,0,6,0,28,34,14.7297
756,807,1779559419366,1779559419366,1779559419375,1779559419378,1779559419378,1779559419371,1779559419400,5,0,3,2,29,34,13.8873
757,808,1779559419400,1779559419400,1779559419409,1779559419416,1779559419416,1779559419408,1779559419435,8,0,7,1,27,35,13.1698
758,809,1779559419435,1779559419435,1779559419444,1779559419470,1779559419470,1779559419462,1779559419469,27,0,26,1,7,34,13.5941
759,810,1779559419469,1779559419469,1779559419478,1779559419503,1779559419503,1779559419495,1779559419504,26,0,25,1,9,35,12.8733
760,811,1779559419504,1779559419504,1779559419513,1779559419540,1779559419541,1779559419533,1779559419580,29,1,27,1,47,76,14.4219
761,812,1779559419580,1779559419580,1779559419589,1779559419594,1779559419594,1779559419587,1779559419619,7,0,5,2,32,39,14.3474
763,814,1779559419619,1779559419619,1779559419630,1779559419667,1779559419667,1779559419659,1779559419661,40,0,37,3,2,42,15.3792
764,816,1779559419694,1779559419694,1779559419703,1779559419721,1779559419721,1779559419713,1779559419728,19,0,18,1,15,34,15.2384
765,817,1779559419728,1779559419728,1779559419737,1779559419755,1779559419755,1779559419747,1779559419763,19,0,18,1,16,35,14.3400
766,818,1779559419763,1779559419763,1779559419772,1779559419793,1779559419793,1779559419786,1779559419797,23,0,21,2,11,34,13.7598
767,820,1779559419831,1779559419831,1779559419840,1779559419848,1779559419848,1779559419840,1779559419866,9,0,8,1,26,35,13.8483
768,821,1779559419866,1779559419866,1779559419875,1779559419881,1779559419881,1779559419874,1779559419901,8,0,6,2,27,35,13.0740
769,822,1779559419901,1779559419901,1779559419910,1779559419921,1779559419921,1779559419913,1779559419934,12,0,11,1,21,33,12.6516
770,823,1779559419934,1779559419934,1779559419944,1779559419974,1779559419974,1779559419966,1779559419969,32,0,30,2,3,35,13.0230
771,824,1779559419969,1779559419969,1779559419978,1779559420007,1779559420007,1779559419999,1779559420003,30,0,29,1,4,34,12.3110
772,825,1779559420003,1779559420003,1779559420012,1779559420045,1779559420045,1779559420037,1779559420039,34,0,33,1,2,36,11.7224
773,826,1779559420039,1779559420039,1779559420047,1779559420099,1779559420099,1779559420091,1779559420114,52,0,52,0,23,75,12.3464
774,827,1779559420114,1779559420114,1779559420123,1779559420132,1779559420132,1779559420124,1779559420126,10,0,9,1,2,12,12.9025
775,829,1779559420160,1779559420160,1779559420169,1779559420171,1779559420171,1779559420164,1779559420202,4,0,2,2,38,42,14.4054
776,830,1779559420202,1779559420202,1779559420211,1779559420226,1779559420226,1779559420218,1779559420235,16,0,15,1,17,33,14.8749
777,831,1779559420235,1779559420235,1779559420244,1779559420259,1779559420259,1779559420251,1779559420269,16,0,15,1,18,34,14.0007
778,832,1779559420269,1779559420269,1779559420278,1779559420297,1779559420297,1779559420289,1779559420304,20,0,19,1,15,35,13.3268
779,834,1779559420338,1779559420338,1779559420347,1779559420352,1779559420352,1779559420345,1779559420372,7,0,5,2,27,34,13.3305
780,835,1779559420372,1779559420372,1779559420381,1779559420390,1779559420390,1779559420382,1779559420407,10,0,9,1,25,35,12.6988
781,836,1779559420407,1779559420407,1779559420416,1779559420427,1779559420427,1779559420419,1779559420441,12,0,11,1,22,34,12.1132
782,838,1779559420475,1779559420475,1779559420484,1779559420486,1779559420487,1779559420479,1779559420509,4,1,2,1,30,34,11.8975
783,839,1779559420509,1779559420509,1779559420519,1779559420520,1779559420520,1779559420512,1779559420544,3,0,1,2,32,35,11.2806
784,840,1779559420544,1779559420544,1779559420553,1779559420558,1779559420558,1779559420551,1779559420579,7,0,5,2,28,35,10.8395
785,841,1779559420579,1779559420579,1779559420588,1779559420612,1779559420612,1779559420605,1779559420621,26,0,24,2,16,42,10.8320
786,842,1779559420621,1779559420621,1779559420630,1779559420646,1779559420646,1779559420638,1779559420654,17,0,16,1,16,33,10.2232
787,843,1779559420654,1779559420654,1779559420663,1779559420684,1779559420684,1779559420676,1779559420697,22,0,21,1,21,43,9.8516
789,845,1779559420729,1779559420729,1779559420738,1779559420771,1779559420771,1779559420763,1779559420764,34,0,33,1,1,35,11.4839
790,847,1779559420798,1779559420798,1779559420807,1779559420810,1779559420810,1779559420802,1779559420833,4,0,3,1,31,35,12.6424
791,848,1779559420833,1779559420833,1779559420842,1779559420864,1779559420864,1779559420856,1779559420867,23,0,22,1,11,34,13.1054
792,849,1779559420867,1779559420867,1779559420876,1779559420897,1779559420897,1779559420889,1779559420901,22,0,21,1,12,34,12.3771
793,850,1779559420901,1779559420901,1779559420910,1779559420934,1779559420934,1779559420927,1779559420936,26,0,24,2,9,35,11.7635
794,852,1779559420970,1779559420970,1779559420979,1779559420988,1779559420988,1779559420981,1779559421004,11,0,9,2,23,34,11.9478
795,853,1779559421004,1779559421004,1779559421013,1779559421021,1779559421021,1779559421013,1779559421039,9,0,8,1,26,35,11.2932
796,854,1779559421039,1779559421039,1779559421048,1779559421058,1779559421058,1779559421051,1779559421074,12,0,10,2,23,35,10.7618
797,855,1779559421074,1779559421074,1779559421083,1779559421111,1779559421111,1779559421104,1779559421116,30,0,28,2,12,42,10.7416
798,856,1779559421116,1779559421116,1779559421125,1779559421145,1779559421145,1779559421137,1779559421148,21,0,20,1,11,32,10.1408
799,857,1779559421148,1779559421148,1779559421157,1779559421183,1779559421183,1779559421175,1779559421191,27,0,26,1,16,43,9.7991
800,859,1779559421224,1779559421224,1779559421233,1779559421237,1779559421237,1779559421229,1779559421258,5,0,4,1,29,34,10.0045
801,860,1779559421258,1779559421258,1779559421267,1779559421270,1779559421270,1779559421262,1779559421292,4,0,3,1,30,34,9.4617
802,861,1779559421292,1779559421292,1779559421301,1779559421307,1779559421307,1779559421300,1779559421326,8,0,6,2,26,34,9.1193
803,862,1779559421326,1779559421326,1779559421335,1779559421362,1779559421362,1779559421354,1779559421361,28,0,27,1,7,35,9.7770
804,863,1779559421361,1779559421361,1779559421370,1779559421395,1779559421395,1779559421388,1779559421396,27,0,25,2,8,35,9.2750
805,864,1779559421396,1779559421396,1779559421405,1779559421433,1779559421433,1779559421426,1779559421429,30,0,28,2,3,33,9.0276
806,866,1779559421464,1779559421464,1779559421473,1779559421487,1779559421487,1779559421479,1779559421498,15,0,14,1,19,34,9.4238
807,867,1779559421498,1779559421498,1779559421506,1779559421520,1779559421520,1779559421512,1779559421532,14,0,14,0,20,34,8.9208
808,868,1779559421532,1779559421532,1779559421541,1779559421557,1779559421557,1779559421549,1779559421567,17,0,16,1,18,35,8.4918
810,870,1779559421602,1779559421602,1779559421611,1779559421643,1779559421643,1779559421636,1779559421645,34,0,32,2,9,43,10.8433
811,871,1779559421645,1779559421645,1779559421653,1779559421681,1779559421681,1779559421673,1779559421717,28,0,28,0,44,72,12.3347
812,873,1779559421721,1779559421721,1779559421730,1779559421736,1779559421736,1779559421728,1779559421755,7,0,6,1,27,34,12.6579
813,874,1779559421755,1779559421755,1779559421764,1779559421769,1779559421769,1779559421761,1779559421789,6,0,5,1,28,34,11.9363
814,875,1779559421789,1779559421789,1779559421798,1779559421806,1779559421806,1779559421799,1779559421824,10,0,8,2,25,35,11.4024
815,876,1779559421824,1779559421824,1779559421833,1779559421861,1779559421861,1779559421853,1779559421858,29,0,28,1,5,34,11.9368
816,877,1779559421858,1779559421858,1779559421866,1779559421893,1779559421893,1779559421886,1779559421893,28,0,27,1,7,35,11.3202
817,878,1779559421893,1779559421893,1779559421901,1779559421932,1779559421932,1779559421924,1779559421927,31,0,31,0,3,34,10.8607
818,880,1779559421960,1779559421960,1779559421969,1779559421985,1779559421985,1779559421977,1779559421995,17,0,16,1,18,35,11.1367
819,881,1779559421995,1779559421995,1779559422004,1779559422018,1779559422018,1779559422010,1779559422029,15,0,14,1,19,34,10.5014
820,882,1779559422029,1779559422029,1779559422038,1779559422056,1779559422056,1779559422048,1779559422064,19,0,18,1,16,35,10.0265
822,884,1779559422102,1779559422102,1779559422111,1779559422143,1779559422143,1779559422135,1779559422146,33,0,32,1,11,44,12.5214
823,885,1779559422146,1779559422146,1779559422155,1779559422180,1779559422180,1779559422173,1779559422184,27,0,25,2,11,38,11.7510
826,888,1779559422261,1779559422261,1779559422270,1779559422305,1779559422305,1779559422298,1779559422299,37,0,35,2,1,38,12.8794
827,890,1779559422334,1779559422334,1779559422344,1779559422359,1779559422359,1779559422351,1779559422369,17,0,15,2,18,35,13.1105
828,891,1779559422369,1779559422369,1779559422378,1779559422393,1779559422393,1779559422385,1779559422403,16,0,15,1,18,34,12.3317
829,892,1779559422403,1779559422403,1779559422412,1779559422432,1779559422432,1779559422424,1779559422437,21,0,20,1,13,34,11.8808
830,894,1779559422472,1779559422472,1779559422480,1779559422485,1779559422485,1779559422478,1779559422506,6,0,5,1,28,34,12.1301
831,895,1779559422506,1779559422506,1779559422515,1779559422518,1779559422518,1779559422511,1779559422540,5,0,3,2,29,34,11.3851
832,896,1779559422540,1779559422540,1779559422549,1779559422557,1779559422557,1779559422549,1779559422576,9,0,8,1,27,36,10.8474
833,897,1779559422576,1779559422576,1779559422585,1779559422610,1779559422610,1779559422602,1779559422610,26,0,25,1,8,34,11.3570
834,898,1779559422610,1779559422610,1779559422619,1779559422643,1779559422643,1779559422635,1779559422653,25,0,24,1,18,43,11.2660
835,899,1779559422653,1779559422653,1779559422662,1779559422682,1779559422682,1779559422674,1779559422686,21,0,20,1,12,33,10.9154
838,903,1779559422796,1779559422796,1779559422805,1779559422807,1779559422807,1779559422799,1779559422830,3,0,2,1,31,34,14.0078
839,904,1779559422830,1779559422830,1779559422839,1779559422861,1779559422861,1779559422854,1779559422865,24,0,22,2,11,35,14.3489
840,905,1779559422865,1779559422865,1779559422873,1779559422895,1779559422895,1779559422887,1779559422899,22,0,22,0,12,34,13.4780
841,906,1779559422899,1779559422899,1779559422908,1779559422934,1779559422934,1779559422926,1779559422934,27,0,26,1,8,35,12.9146
842,908,1779559422967,1779559422967,1779559422976,1779559422988,1779559422988,1779559422980,1779559423002,13,0,12,1,22,35,12.9910
843,909,1779559423002,1779559423002,1779559423011,1779559423021,1779559423021,1779559423014,1779559423036,12,0,10,2,22,34,12.2765
844,910,1779559423036,1779559423036,1779559423045,1779559423060,1779559423060,1779559423053,1779559423070,17,0,15,2,17,34,11.8814
845,912,1779559423105,1779559423105,1779559423115,1779559423115,1779559423115,1779559423107,1779559423141,2,0,0,2,34,36,12.1522
846,913,1779559423141,1779559423141,1779559423150,1779559423151,1779559423151,1779559423143,1779559423182,2,0,1,1,39,41,11.7371
847,914,1779559423182,1779559423182,1779559423191,1779559423191,1779559423191,1779559423184,1779559423215,2,0,0,2,31,33,11.4838
848,915,1779559423215,1779559423215,1779559423224,1779559423244,1779559423244,1779559423237,1779559423258,22,0,20,2,21,43,11.3763
849,916,1779559423258,1779559423258,1779559423267,1779559423278,1779559423278,1779559423271,1779559423291,13,0,11,2,20,33,10.7292
850,917,1779559423291,1779559423291,1779559423299,1779559423317,1779559423317,1779559423309,1779559423326,18,0,18,0,17,35,10.3064
851,919,1779559423360,1779559423360,1779559423368,1779559423371,1779559423371,1779559423364,1779559423395,4,0,3,1,31,35,10.5291
852,920,1779559423395,1779559423395,1779559423403,1779559423404,1779559423404,1779559423396,1779559423429,1,0,1,0,33,34,10.0119
853,921,1779559423429,1779559423429,1779559423438,1779559423442,1779559423443,1779559423435,1779559423463,6,1,4,1,28,34,9.6729
854,922,1779559423463,1779559423463,1779559423472,1779559423497,1779559423497,1779559423489,1779559423498,26,0,25,1,9,35,10.2967
855,923,1779559423498,1779559423498,1779559423506,1779559423529,1779559423529,1779559423521,1779559423532,23,0,23,0,11,34,9.8053
856,924,1779559423532,1779559423532,1779559423541,1779559423568,1779559423568,1779559423560,1779559423567,28,0,27,1,7,35,9.4626
859,928,1779559423679,1779559423679,1779559423689,1779559423693,1779559423693,1779559423685,1779559423715,6,0,4,2,30,36,12.7914
860,929,1779559423714,1779559423714,1779559423723,1779559423748,1779559423748,1779559423740,1779559423756,26,0,25,1,16,42,12.8119
861,930,1779559423756,1779559423756,1779559423766,1779559423784,1779559423784,1779559423777,1779559423790,21,0,18,3,13,34,12.1757
862,931,1779559423790,1779559423790,1779559423799,1779559423821,1779559423821,1779559423814,1779559423825,24,0,22,2,11,35,11.5562
863,933,1779559423858,1779559423858,1779559423867,1779559423876,1779559423876,1779559423868,1779559423893,10,0,9,1,25,35,11.7039
864,934,1779559423893,1779559423893,1779559423902,1779559423909,1779559423910,1779559423902,1779559423928,9,1,7,1,26,35,11.0012
865,935,1779559423928,1779559423928,1779559423936,1779559423948,1779559423948,1779559423940,1779559423962,12,0,12,0,22,34,10.5681
866,936,1779559423962,1779559423962,1779559423971,1779559424002,1779559424002,1779559423994,1779559423997,32,0,31,1,3,35,11.0706
867,937,1779559423997,1779559423997,1779559424006,1779559424034,1779559424034,1779559424027,1779559424035,30,0,28,2,8,38,10.6859
868,938,1779559424035,1779559424035,1779559424044,1779559424073,1779559424073,1779559424065,1779559424070,30,0,29,1,5,35,10.2232
869,940,1779559424107,1779559424107,1779559424117,1779559424127,1779559424127,1779559424119,1779559424141,12,0,10,2,22,34,10.6802
870,941,1779559424141,1779559424141,1779559424150,1779559424160,1779559424160,1779559424152,1779559424184,11,0,10,1,32,43,10.5840
871,942,1779559424183,1779559424183,1779559424192,1779559424198,1779559424199,1779559424191,1779559424217,8,1,6,1,26,34,10.2833
872,943,1779559424217,1779559424217,1779559424226,1779559424253,1779559424253,1779559424245,1779559424253,28,0,27,1,8,36,10.7800
873,944,1779559424252,1779559424252,1779559424261,1779559424285,1779559424285,1779559424278,1779559424294,26,0,24,2,16,42,10.6306
874,945,1779559424294,1779559424294,1779559424303,1779559424324,1779559424324,1779559424316,1779559424328,22,0,21,1,12,34,10.2391
875,947,1779559424362,1779559424362,1779559424371,1779559424379,1779559424379,1779559424371,1779559424398,9,0,8,1,27,36,10.5394
876,948,1779559424398,1779559424398,1779559424407,1779559424412,1779559424412,1779559424404,1779559424434,6,0,5,1,30,36,10.0810
877,949,1779559424434,1779559424434,1779559424442,1779559424451,1779559424451,1779559424443,1779559424469,9,0,9,0,26,35,9.7040
878,950,1779559424469,1779559424469,1779559424477,1779559424505,1779559424505,1779559424498,1779559424504,29,0,28,1,6,35,10.3386
879,951,1779559424504,1779559424504,1779559424512,1779559424539,1779559424540,1779559424532,1779559424538,28,1,27,0,6,34,9.6968
880,952,1779559424538,1779559424538,1779559424547,1779559424578,1779559424578,1779559424570,1779559424572,32,0,31,1,2,34,9.3340
881,954,1779559424606,1779559424606,1779559424616,1779559424632,1779559424632,1779559424624,1779559424648,18,0,16,2,24,42,10.1064
882,955,1779559424648,1779559424648,1779559424657,1779559424670,1779559424671,1779559424663,1779559424677,15,1,13,1,14,29,10.1114
883,956,1779559424677,1779559424677,1779559424686,1779559424711,1779559424711,1779559424703,1779559424719,26,0,25,1,16,42,9.6298
886,960,1779559424827,1779559424827,1779559424836,1779559424837,1779559424837,1779559424829,1779559424861,2,0,1,1,32,34,12.7773
887,961,1779559424861,1779559424861,1779559424870,1779559424891,1779559424891,1779559424884,1779559424896,23,0,21,2,12,35,13.2512
888,962,1779559424896,1779559424896,1779559424905,1779559424924,1779559424925,1779559424917,1779559424930,21,1,19,1,13,34,12.4807
889,963,1779559424930,1779559424930,1779559424939,1779559424963,1779559424963,1779559424955,1779559424964,25,0,24,1,9,34,11.9094
890,965,1779559424998,1779559424998,1779559425007,1779559425016,1779559425016,1779559425009,1779559425033,11,0,9,2,24,35,12.0812
891,966,1779559425033,1779559425033,1779559425042,1779559425050,1779559425050,1779559425042,1779559425067,9,0,8,1,25,34,11.3771
892,967,1779559425067,1779559425067,1779559425078,1779559425088,1779559425088,1779559425080,1779559425101,13,0,10,3,21,34,10.8920
893,969,1779559425136,1779559425136,1779559425145,1779559425145,1779559425145,1779559425137,1779559425170,1,0,0,1,33,34,10.9602
896,971,1779559425213,1779559425213,1779559425222,1779559425272,1779559425272,1779559425264,1779559425286,51,0,50,1,22,73,12.8873
897,973,1779559425290,1779559425290,1779559425298,1779559425304,1779559425304,1779559425296,1779559425324,6,0,6,0,28,34,12.4063
898,974,1779559425324,1779559425324,1779559425333,1779559425342,1779559425343,1779559425335,1779559425358,11,1,9,1,23,34,11.9246
899,975,1779559425358,1779559425358,1779559425367,1779559425396,1779559425396,1779559425389,1779559425392,31,0,29,2,3,34,12.3383
900,976,1779559425392,1779559425392,1779559425402,1779559425429,1779559425429,1779559425421,1779559425426,29,0,27,2,5,34,11.6315
901,977,1779559425426,1779559425426,1779559425436,1779559425467,1779559425467,1779559425460,1779559425461,34,0,31,3,1,35,11.1942
902,979,1779559425495,1779559425495,1779559425504,1779559425526,1779559425526,1779559425519,1779559425529,24,0,22,2,10,34,11.1496
903,980,1779559425529,1779559425529,1779559425538,1779559425559,1779559425559,1779559425552,1779559425564,23,0,21,2,12,35,10.4954
904,981,1779559425564,1779559425564,1779559425573,1779559425598,1779559425598,1779559425590,1779559425597,26,0,25,1,7,33,10.1114
905,983,1779559425632,1779559425632,1779559425642,1779559425651,1779559425651,1779559425644,1779559425667,12,0,9,3,23,35,10.4634
906,984,1779559425667,1779559425667,1779559425676,1779559425684,1779559425684,1779559425677,1779559425702,10,0,8,2,25,35,9.9826
907,985,1779559425702,1779559425702,1779559425711,1779559425722,1779559425722,1779559425714,1779559425744,12,0,11,1,30,42,9.6333
908,986,1779559425744,1779559425744,1779559425753,1779559425777,1779559425777,1779559425769,1779559425777,25,0,24,1,8,33,10.4099
909,987,1779559425777,1779559425777,1779559425786,1779559425810,1779559425811,1779559425803,1779559425813,26,1,24,1,10,36,9.8400
910,988,1779559425813,1779559425813,1779559425822,1779559425851,1779559425851,1779559425843,1779559425854,30,0,29,1,11,41,9.3017
911,990,1779559425887,1779559425887,1779559425896,1779559425905,1779559425905,1779559425897,1779559425921,10,0,9,1,24,34,9.5458
912,991,1779559425921,1779559425921,1779559425930,1779559425939,1779559425939,1779559425931,1779559425956,10,0,9,1,25,35,8.9906
913,992,1779559425956,1779559425956,1779559425965,1779559425977,1779559425977,1779559425969,1779559425989,13,0,12,1,20,33,8.7149
914,993,1779559425989,1779559425989,1779559425998,1779559426031,1779559426031,1779559426023,1779559426024,34,0,33,1,1,35,9.3938
915,994,1779559426024,1779559426024,1779559426032,1779559426064,1779559426064,1779559426056,1779559426058,32,0,32,0,2,34,8.8689
916,996,1779559426092,1779559426092,1779559426101,1779559426103,1779559426103,1779559426095,1779559426127,3,0,2,1,32,35,10.1668
917,997,1779559426126,1779559426126,1779559426136,1779559426158,1779559426158,1779559426150,1779559426161,24,0,22,2,11,35,10.7953
921,1001,1779559426273,1779559426273,1779559426282,1779559426315,1779559426315,1779559426308,1779559426316,35,0,33,2,8,43,16.2778
922,1002,1779559426316,1779559426316,1779559426325,1779559426353,1779559426354,1779559426346,1779559426349,30,1,28,1,3,33,15.5907
923,1004,1779559426383,1779559426383,1779559426392,1779559426408,1779559426408,1779559426400,1779559426418,17,0,16,1,18,35,15.5569
924,1005,1779559426418,1779559426418,1779559426427,1779559426441,1779559426441,1779559426433,1779559426452,15,0,14,1,19,34,14.6423
925,1006,1779559426452,1779559426452,1779559426461,1779559426479,1779559426479,1779559426472,1779559426486,20,0,18,2,14,34,13.9463
926,1008,1779559426521,1779559426521,1779559426529,1779559426534,1779559426534,1779559426526,1779559426555,5,0,5,0,29,34,13.9265
927,1009,1779559426555,1779559426555,1779559426564,1779559426566,1779559426566,1779559426559,1779559426589,4,0,2,2,30,34,13.2031
928,1010,1779559426589,1779559426589,1779559426599,1779559426604,1779559426605,1779559426597,1779559426624,8,1,5,2,27,35,12.6635
929,1011,1779559426624,1779559426624,1779559426633,1779559426658,1779559426658,1779559426651,1779559426658,27,0,25,2,7,34,13.0694
930,1012,1779559426657,1779559426657,1779559426666,1779559426691,1779559426691,1779559426683,1779559426692,26,0,25,1,9,35,12.3466
931,1013,1779559426692,1779559426692,1779559426701,1779559426728,1779559426729,1779559426721,1779559426768,29,1,27,1,47,76,13.9280
932,1015,1779559426771,1779559426771,1779559426780,1779559426782,1779559426782,1779559426774,1779559426806,3,0,2,1,32,35,13.9929
935,1018,1779559426880,1779559426880,1779559426889,1779559426906,1779559426906,1779559426898,1779559426915,18,0,17,1,17,35,15.1180
936,1019,1779559426915,1779559426915,1779559426923,1779559426939,1779559426939,1779559426931,1779559426949,16,0,16,0,18,34,14.2317
937,1020,1779559426949,1779559426949,1779559426958,1779559426979,1779559426979,1779559426971,1779559426983,22,0,21,1,12,34,13.6775
938,1022,1779559427017,1779559427017,1779559427028,1779559427033,1779559427033,1779559427025,1779559427052,8,0,5,3,27,35,13.7297
939,1023,1779559427052,1779559427052,1779559427061,1779559427069,1779559427069,1779559427062,1779559427086,10,0,8,2,24,34,12.9840
940,1024,1779559427086,1779559427086,1779559427095,1779559427108,1779559427108,1779559427100,1779559427120,14,0,13,1,20,34,12.4769
941,1025,1779559427120,1779559427120,1779559427129,1779559427161,1779559427161,1779559427154,1779559427155,34,0,32,2,1,35,12.9031
942,1026,1779559427155,1779559427155,1779559427163,1779559427195,1779559427195,1779559427187,1779559427189,32,0,32,0,2,34,12.1819
943,1027,1779559427189,1779559427189,1779559427198,1779559427233,1779559427233,1779559427225,1779559427232,36,0,35,1,7,43,11.7410
944,1029,1779559427266,1779559427266,1779559427274,1779559427287,1779559427287,1779559427280,1779559427300,14,0,13,1,20,34,11.8493
945,1030,1779559427300,1779559427300,1779559427308,1779559427321,1779559427321,1779559427313,1779559427343,13,0,13,0,30,43,11.6803
946,1031,1779559427343,1779559427343,1779559427351,1779559427359,1779559427359,1779559427352,1779559427376,9,0,8,1,24,33,11.3448
947,1032,1779559427376,1779559427376,1779559427385,1779559427414,1779559427414,1779559427406,1779559427410,30,0,29,1,4,34,11.8874
948,1033,1779559427410,1779559427410,1779559427418,1779559427447,1779559427447,1779559427439,1779559427444,29,0,29,0,5,34,11.2520
949,1034,1779559427444,1779559427444,1779559427453,1779559427485,1779559427485,1779559427478,1779559427478,34,0,32,2,0,34,10.7897
950,1036,1779559427513,1779559427513,1779559427522,1779559427539,1779559427539,1779559427531,1779559427547,18,0,17,1,16,34,11.0212
951,1037,1779559427547,1779559427547,1779559427555,1779559427573,1779559427573,1779559427565,1779559427581,18,0,18,0,16,34,10.3628
952,1038,1779559427581,1779559427581,1779559427590,1779559427612,1779559427612,1779559427604,1779559427616,23,0,22,1,12,35,9.9789
953,1040,1779559427650,1779559427650,1779559427660,1779559427666,1779559427666,1779559427658,1779559427685,8,0,6,2,27,35,10.2890
954,1041,1779559427685,1779559427685,1779559427694,1779559427699,1779559427699,1779559427691,1779559427720,6,0,5,1,29,35,9.7426
955,1042,1779559427720,1779559427720,1779559427728,1779559427737,1779559427737,1779559427729,1779559427755,9,0,9,0,26,35,9.2817
956,1043,1779559427755,1779559427755,1779559427764,1779559427791,1779559427791,1779559427783,1779559427798,28,0,27,1,15,43,9.4231
957,1044,1779559427798,1779559427798,1779559427807,1779559427824,1779559427824,1779559427816,1779559427831,18,0,17,1,15,33,8.8395
958,1045,1779559427831,1779559427831,1779559427840,1779559427861,1779559427861,1779559427854,1779559427874,23,0,21,2,20,43,8.6408
959,1046,1779559427874,1779559427874,1779559427883,1779559427916,1779559427916,1779559427908,1779559427941,34,0,33,1,33,67,8.8786
960,1047,1779559427907,1779559427907,1779559427916,1779559427949,1779559427949,1779559427941,1779559427976,34,0,33,1,35,69,8.4529
961,1049,1779559427976,1779559427976,1779559427985,1779559427988,1779559427988,1779559427980,1779559428010,4,0,3,1,30,34,8.2360
962,1050,1779559428010,1779559428010,1779559428019,1779559428042,1779559428042,1779559428034,1779559428045,24,0,23,1,11,35,8.9376
963,1051,1779559428045,1779559428045,1779559428053,1779559428075,1779559428075,1779559428067,1779559428079,22,0,22,0,12,34,8.4368
964,1052,1779559428078,1779559428078,1779559428087,1779559428113,1779559428113,1779559428105,1779559428113,27,0,26,1,8,35,8.1112
965,1054,1779559428147,1779559428147,1779559428156,1779559428167,1779559428167,1779559428159,1779559428182,12,0,11,1,23,35,8.4933
966,1055,1779559428181,1779559428181,1779559428191,1779559428200,1779559428200,1779559428192,1779559428217,11,0,9,2,25,36,8.1055
967,1056,1779559428217,1779559428217,1779559428226,1779559428238,1779559428238,1779559428230,1779559428252,13,0,12,1,22,35,7.7911
968,1057,1779559428252,1779559428252,1779559428261,1779559428292,1779559428292,1779559428284,1779559428295,32,0,31,1,11,43,7.9946
971,1061,1779559428405,1779559428405,1779559428415,1779559428418,1779559428418,1779559428410,1779559428440,5,0,3,2,30,35,12.0761
972,1062,1779559428440,1779559428440,1779559428449,1779559428451,1779559428451,1779559428443,1779559428474,3,0,2,1,31,34,11.4171
973,1063,1779559428474,1779559428474,1779559428484,1779559428490,1779559428490,1779559428482,1779559428509,8,0,6,2,27,35,11.0070
974,1064,1779559428509,1779559428509,1779559428518,1779559428544,1779559428545,1779559428537,1779559428544,28,1,26,1,7,35,11.5561
975,1065,1779559428544,1779559428544,1779559428553,1779559428578,1779559428578,1779559428571,1779559428577,27,0,25,2,6,33,10.8636
976,1066,1779559428577,1779559428577,1779559428587,1779559428617,1779559428617,1779559428609,1779559428612,32,0,30,2,3,35,10.4840
977,1068,1779559428646,1779559428646,1779559428655,1779559428671,1779559428671,1779559428663,1779559428680,17,0,16,1,17,34,10.7372
978,1069,1779559428680,1779559428680,1779559428689,1779559428703,1779559428703,1779559428695,1779559428715,15,0,14,1,20,35,10.2423
981,1072,1779559428793,1779559428793,1779559428803,1779559428831,1779559428831,1779559428823,1779559428828,30,0,28,2,5,35,13.8836
982,1073,1779559428828,1779559428828,1779559428837,1779559428868,1779559428868,1779559428861,1779559428870,33,0,31,2,9,42,13.2443
983,1075,1779559428903,1779559428903,1779559428912,1779559428922,1779559428922,1779559428915,1779559428937,12,0,10,2,22,34,13.3312
984,1076,1779559428937,1779559428937,1779559428946,1779559428957,1779559428957,1779559428949,1779559428971,12,0,11,1,22,34,12.5551
985,1077,1779559428971,1779559428971,1779559428981,1779559428994,1779559428994,1779559428987,1779559429006,16,0,13,3,19,35,11.9808
986,1079,1779559429040,1779559429040,1779559429049,1779559429049,1779559429049,1779559429041,1779559429074,1,0,0,1,33,34,12.1270
988,1081,1779559429108,1779559429108,1779559429117,1779559429119,1779559429119,1779559429112,1779559429143,4,0,2,2,31,35,10.9149
989,1082,1779559429143,1779559429143,1779559429151,1779559429173,1779559429173,1779559429166,1779559429177,23,0,22,1,11,34,11.4068
990,1083,1779559429177,1779559429177,1779559429186,1779559429206,1779559429206,1779559429198,1779559429211,21,0,20,1,13,34,10.7676
991,1084,1779559429211,1779559429211,1779559429220,1779559429244,1779559429244,1779559429236,1779559429246,25,0,24,1,10,35,10.3000
992,1085,1779559429246,1779559429246,1779559429254,1779559429298,1779559429298,1779559429291,1779559429321,45,0,44,1,30,75,10.9902
993,1086,1779559429321,1779559429321,1779559429330,1779559429331,1779559429331,1779559429324,1779559429325,3,0,1,2,1,4,12.2072
994,1088,1779559429358,1779559429358,1779559429367,1779559429370,1779559429370,1779559429363,1779559429401,5,0,3,2,38,43,13.8599
995,1089,1779559429401,1779559429401,1779559429411,1779559429424,1779559429424,1779559429416,1779559429434,15,0,13,2,18,33,14.3092
996,1090,1779559429434,1779559429434,1779559429443,1779559429457,1779559429457,1779559429449,1779559429468,15,0,14,1,19,34,13.4721
997,1091,1779559429468,1779559429468,1779559429477,1779559429495,1779559429495,1779559429487,1779559429503,19,0,18,1,16,35,12.8381
998,1093,1779559429537,1779559429537,1779559429546,1779559429550,1779559429550,1779559429542,1779559429571,5,0,4,1,29,34,12.8729
999,1094,1779559429571,1779559429571,1779559429581,1779559429583,1779559429583,1779559429576,1779559429606,5,0,2,3,30,35,12.1609
1000,1095,1779559429606,1779559429606,1779559429615,1779559429621,1779559429621,1779559429613,1779559429640,7,0,6,1,27,34,11.6423
1001,1096,1779559429640,1779559429640,1779559429649,1779559429675,1779559429675,1779559429667,1779559429674,27,0,26,1,7,34,12.1362
1002,1097,1779559429674,1779559429674,1779559429683,1779559429708,1779559429708,1779559429700,1779559429708,26,0,25,1,8,34,11.4479
1003,1098,1779559429708,1779559429708,1779559429717,1779559429745,1779559429745,1779559429738,1779559429743,30,0,28,2,5,35,10.9373
1004,1100,1779559429777,1779559429777,1779559429790,1779559429800,1779559429800,1779559429792,1779559429820,15,0,10,5,28,43,11.6882
1005,1101,1779559429820,1779559429820,1779559429829,1779559429833,1779559429833,1779559429825,1779559429853,5,0,4,1,28,33,10.9714
1006,1102,1779559429853,1779559429853,1779559429862,1779559429870,1779559429870,1779559429863,1779559429895,10,0,8,2,32,42,10.6052
1007,1103,1779559429895,1779559429895,1779559429904,1779559429924,1779559429924,1779559429916,1779559429928,21,0,20,1,12,33,11.2703
1008,1104,1779559429928,1779559429928,1779559429937,1779559429957,1779559429957,1779559429949,1779559429962,21,0,20,1,13,34,10.6326
1009,1105,1779559429962,1779559429962,1779559429971,1779559429997,1779559429997,1779559429989,1779559429997,27,0,26,1,8,35,10.2757
1010,1107,1779559430030,1779559430030,1779559430040,1779559430051,1779559430051,1779559430043,1779559430064,13,0,11,2,21,34,10.4818
1011,1108,1779559430064,1779559430064,1779559430073,1779559430084,1779559430084,1779559430076,1779559430099,12,0,11,1,23,35,9.8948
1012,1109,1779559430099,1779559430099,1779559430107,1779559430122,1779559430122,1779559430114,1779559430133,15,0,15,0,19,34,9.4912
1014,1111,1779559430167,1779559430167,1779559430175,1779559430208,1779559430208,1779559430200,1779559430201,33,0,33,0,1,34,11.2865
1015,1113,1779559430236,1779559430236,1779559430245,1779559430246,1779559430246,1779559430238,1779559430270,2,0,1,1,32,34,12.5117
1016,1114,1779559430270,1779559430270,1779559430280,1779559430299,1779559430299,1779559430292,1779559430305,22,0,19,3,13,35,12.9119
1017,1115,1779559430305,1779559430305,1779559430314,1779559430333,1779559430333,1779559430325,1779559430348,20,0,19,1,23,43,12.7088
1018,1116,1779559430348,1779559430348,1779559430358,1779559430372,1779559430372,1779559430364,1779559430381,16,0,14,2,17,33,12.3118
1019,1117,1779559430381,1779559430381,1779559430389,1779559430427,1779559430427,1779559430419,1779559430424,38,0,38,0,5,43,12.2766
1020,1118,1779559430424,1779559430424,1779559430433,1779559430460,1779559430460,1779559430452,1779559430456,28,0,27,1,4,32,11.5405
1021,1119,1779559430456,1779559430456,1779559430465,1779559430497,1779559430498,1779559430490,1779559430490,34,1,32,1,0,34,11.0631
1022,1121,1779559430525,1779559430525,1779559430534,1779559430552,1779559430552,1779559430544,1779559430559,19,0,18,1,15,34,11.2672
1023,1122,1779559430559,1779559430559,1779559430568,1779559430587,1779559430587,1779559430579,1779559430593,20,0,19,1,14,34,10.5905
1024,1123,1779559430593,1779559430593,1779559430603,1779559430625,1779559430625,1779559430618,1779559430627,25,0,22,3,9,34,10.1767
1025,1125,1779559430661,1779559430661,1779559430670,1779559430678,1779559430678,1779559430671,1779559430696,10,0,8,2,25,35,10.4590
1026,1126,1779559430696,1779559430696,1779559430705,1779559430711,1779559430711,1779559430703,1779559430730,7,0,6,1,27,34,9.9368
1027,1127,1779559430730,1779559430730,1779559430739,1779559430749,1779559430749,1779559430741,1779559430766,11,0,10,1,25,36,9.4830
1028,1128,1779559430765,1779559430765,1779559430775,1779559430803,1779559430803,1779559430795,1779559430799,30,0,28,2,4,34,10.1829
1029,1129,1779559430799,1779559430799,1779559430808,1779559430835,1779559430835,1779559430828,1779559430842,29,0,27,2,14,43,10.2192
1030,1130,1779559430842,1779559430842,1779559430851,1779559430873,1779559430873,1779559430866,1779559430875,24,0,22,2,9,33,9.9490
1031,1132,1779559430910,1779559430910,1779559430918,1779559430928,1779559430928,1779559430920,1779559430951,10,0,10,0,31,41,10.7342
1032,1133,1779559430951,1779559430951,1779559430960,1779559430960,1779559430960,1779559430953,1779559430984,2,0,0,2,31,33,10.0777
1033,1134,1779559430984,1779559430984,1779559430993,1779559430998,1779559430998,1779559430990,1779559431018,6,0,5,1,28,34,9.6373
1034,1135,1779559431018,1779559431018,1779559431027,1779559431051,1779559431051,1779559431043,1779559431053,25,0,24,1,10,35,10.1889
1035,1136,1779559431053,1779559431053,1779559431062,1779559431085,1779559431085,1779559431078,1779559431087,25,0,23,2,9,34,9.5967
1036,1137,1779559431087,1779559431087,1779559431097,1779559431124,1779559431124,1779559431116,1779559431121,29,0,27,2,5,34,9.2343
1037,1139,1779559431156,1779559431156,1779559431165,1779559431178,1779559431178,1779559431170,1779559431190,14,0,13,1,20,34,9.5740
1038,1140,1779559431190,1779559431190,1779559431199,1779559431211,1779559431211,1779559431203,1779559431224,13,0,12,1,21,34,9.0586
1039,1141,1779559431224,1779559431224,1779559431233,1779559431249,1779559431249,1779559431242,1779559431258,18,0,16,2,16,34,8.7382
1040,1143,1779559431293,1779559431293,1779559431302,1779559431304,1779559431304,1779559431296,1779559431328,3,0,2,1,32,35,9.1040
1042,1144,1779559431328,1779559431328,1779559431337,1779559431375,1779559431375,1779559431368,1779559431371,40,0,38,2,3,43,10.9277
1043,1146,1779559431403,1779559431403,1779559431412,1779559431429,1779559431429,1779559431421,1779559431439,18,0,17,1,18,36,11.1530
1044,1147,1779559431439,1779559431439,1779559431448,1779559431461,1779559431461,1779559431453,1779559431481,14,0,13,1,28,42,11.0552
1045,1148,1779559431481,1779559431481,1779559431490,1779559431499,1779559431499,1779559431492,1779559431514,11,0,9,2,22,33,10.7430
1046,1149,1779559431514,1779559431514,1779559431522,1779559431553,1779559431553,1779559431545,1779559431548,31,0,31,0,3,34,11.2442
1047,1150,1779559431548,1779559431548,1779559431556,1779559431587,1779559431587,1779559431579,1779559431582,31,0,31,0,3,34,10.5429
1048,1151,1779559431582,1779559431582,1779559431591,1779559431625,1779559431625,1779559431617,1779559431651,35,0,34,1,34,69,11.8081
1049,1153,1779559431651,1779559431651,1779559431659,1779559431679,1779559431679,1779559431671,1779559431685,20,0,20,0,14,34,12.2926
1050,1154,1779559431685,1779559431685,1779559431694,1779559431712,1779559431712,1779559431704,1779559431720,19,0,18,1,16,35,11.6300
1051,1155,1779559431720,1779559431720,1779559431729,1779559431751,1779559431751,1779559431743,1779559431754,23,0,22,1,11,34,11.1879
1054,1159,1779559431867,1779559431867,1779559431875,1779559431877,1779559431877,1779559431870,1779559431902,3,0,2,1,32,35,14.2296
1055,1160,1779559431902,1779559431902,1779559431911,1779559431931,1779559431931,1779559431923,1779559431944,21,0,20,1,21,42,14.0811
1056,1161,1779559431944,1779559431944,1779559431953,1779559431963,1779559431963,1779559431956,1779559431977,12,0,10,2,21,33,13.2181
1057,1162,1779559431977,1779559431977,1779559431986,1779559432002,1779559432002,1779559431994,1779559432012,17,0,16,1,18,35,12.5886
1058,1164,1779559432046,1779559432046,1779559432054,1779559432055,1779559432055,1779559432047,1779559432082,1,0,1,0,35,36,12.9087
1060,1165,1779559432082,1779559432082,1779559432091,1779559432127,1779559432127,1779559432119,1779559432121,37,0,36,1,2,39,13.8312
1061,1167,1779559432160,1779559432160,1779559432169,1779559432181,1779559432181,1779559432173,1779559432198,13,0,12,1,25,38,14.4612
1062,1168,1779559432198,1779559432198,1779559432208,1779559432214,1779559432214,1779559432206,1779559432237,8,0,6,2,31,39,13.9013
1063,1169,1779559432237,1779559432237,1779559432247,1779559432252,1779559432252,1779559432244,1779559432276,7,0,5,2,32,39,13.1100
1064,1170,1779559432276,1779559432276,1779559432285,1779559432306,1779559432306,1779559432298,1779559432314,22,0,21,1,16,38,13.2860
1065,1171,1779559432314,1779559432314,1779559432323,1779559432339,1779559432339,1779559432331,1779559432349,17,0,16,1,18,35,12.5770
1066,1172,1779559432349,1779559432349,1779559432358,1779559432378,1779559432378,1779559432370,1779559432392,21,0,20,1,22,43,12.0098
1068,1174,1779559432425,1779559432425,1779559432434,1779559432467,1779559432467,1779559432459,1779559432467,34,0,33,1,8,42,13.8353
1069,1175,1779559432467,1779559432467,1779559432475,1779559432506,1779559432506,1779559432498,1779559432506,31,0,31,0,8,39,13.3475
1070,1177,1779559432534,1779559432534,1779559432543,1779559432560,1779559432560,1779559432553,1779559432568,19,0,17,2,15,34,13.3689
1071,1178,1779559432568,1779559432568,1779559432577,1779559432594,1779559432594,1779559432586,1779559432603,18,0,17,1,17,35,12.6514
1072,1179,1779559432603,1779559432603,1779559432612,1779559432631,1779559432631,1779559432624,1779559432638,21,0,19,2,14,35,12.0876
1073,1181,1779559432672,1779559432672,1779559432681,1779559432687,1779559432687,1779559432679,1779559432707,7,0,6,1,28,35,12.2096
1074,1182,1779559432707,1779559432707,1779559432715,1779559432720,1779559432720,1779559432712,1779559432741,5,0,5,0,29,34,11.5187
1075,1183,1779559432741,1779559432741,1779559432750,1779559432759,1779559432759,1779559432751,1779559432775,10,0,9,1,24,34,11.0621
1076,1184,1779559432775,1779559432775,1779559432785,1779559432813,1779559432813,1779559432805,1779559432809,30,0,28,2,4,34,11.6208
1077,1185,1779559432809,1779559432809,1779559432818,1779559432846,1779559432846,1779559432838,1779559432844,29,0,28,1,6,35,11.0104
1078,1186,1779559432844,1779559432844,1779559432853,1779559432883,1779559432883,1779559432876,1779559432889,32,0,30,2,13,45,10.8005
1081,1190,1779559432997,1779559432997,1779559433005,1779559433007,1779559433007,1779559433000,1779559433031,3,0,2,1,31,34,13.6862
1082,1191,1779559433031,1779559433031,1779559433040,1779559433061,1779559433061,1779559433054,1779559433066,23,0,21,2,12,35,14.0568
1083,1192,1779559433066,1779559433066,1779559433074,1779559433094,1779559433094,1779559433086,1779559433100,20,0,20,0,14,34,13.3172
1084,1193,1779559433100,1779559433100,1779559433109,1779559433132,1779559433132,1779559433124,1779559433134,24,0,23,1,10,34,12.7059
1085,1195,1779559433168,1779559433168,1779559433177,1779559433187,1779559433187,1779559433179,1779559433203,11,0,10,1,24,35,12.7742
1086,1196,1779559433203,1779559433203,1779559433213,1779559433220,1779559433220,1779559433212,1779559433237,9,0,7,2,25,34,12.0410
1087,1197,1779559433237,1779559433237,1779559433247,1779559433259,1779559433259,1779559433251,1779559433272,14,0,12,2,21,35,11.5740
1088,1198,1779559433272,1779559433272,1779559433281,1779559433313,1779559433313,1779559433306,1779559433306,34,0,32,2,0,34,12.1433
1089,1199,1779559433306,1779559433306,1779559433315,1779559433347,1779559433347,1779559433339,1779559433341,33,0,32,1,2,35,11.4870
1090,1201,1779559433376,1779559433376,1779559433384,1779559433384,1779559433384,1779559433377,1779559433418,1,0,0,1,41,42,13.2029
1093,1204,1779559433494,1779559433494,1779559433503,1779559433511,1779559433511,1779559433504,1779559433528,10,0,8,2,24,34,14.0467
1094,1205,1779559433528,1779559433528,1779559433536,1779559433565,1779559433565,1779559433558,1779559433562,30,0,29,1,4,34,14.3450
1095,1206,1779559433562,1779559433562,1779559433571,1779559433599,1779559433599,1779559433592,1779559433597,30,0,28,2,5,35,13.4702
1096,1207,1779559433597,1779559433597,1779559433605,1779559433639,1779559433639,1779559433631,1779559433665,34,0,34,0,34,68,14.4564
1097,1209,1779559433665,1779559433665,1779559433673,1779559433692,1779559433692,1779559433685,1779559433699,20,0,19,1,14,34,14.8018
1098,1210,1779559433699,1779559433699,1779559433708,1779559433726,1779559433726,1779559433718,1779559433733,19,0,18,1,15,34,13.9748
1099,1211,1779559433733,1779559433733,1779559433743,1779559433766,1779559433766,1779559433758,1779559433767,25,0,23,2,9,34,13.4817
1100,1213,1779559433801,1779559433801,1779559433810,1779559433823,1779559433823,1779559433815,1779559433837,14,0,13,1,22,36,13.3961
1103,1216,1779559433915,1779559433915,1779559433924,1779559433950,1779559433950,1779559433942,1779559433949,27,0,26,1,7,34,16.5796
1104,1217,1779559433949,1779559433949,1779559433958,1779559433985,1779559433985,1779559433978,1779559433991,29,0,27,2,13,42,15.9766
1105,1218,1779559433991,1779559433991,1779559434000,1779559434022,1779559434022,1779559434014,1779559434024,23,0,22,1,10,33,15.2005
1106,1220,1779559434058,1779559434058,1779559434068,1779559434076,1779559434076,1779559434069,1779559434093,11,0,8,3,24,35,15.1720
1107,1221,1779559434093,1779559434093,1779559434102,1779559434109,1779559434109,1779559434101,1779559434127,8,0,7,1,26,34,14.2524
1108,1222,1779559434127,1779559434127,1779559434135,1779559434147,1779559434147,1779559434139,1779559434161,12,0,12,0,22,34,13.6019
1109,1223,1779559434161,1779559434161,1779559434170,1779559434202,1779559434202,1779559434194,1779559434195,33,0,32,1,1,34,14.0287
1110,1224,1779559434195,1779559434195,1779559434204,1779559434235,1779559434235,1779559434228,1779559434229,33,0,31,2,1,34,13.2168
1111,1226,1779559434264,1779559434264,1779559434273,1779559434275,1779559434275,1779559434267,1779559434298,3,0,2,1,31,34,14.1786
1112,1227,1779559434298,1779559434298,1779559434306,1779559434328,1779559434328,1779559434320,1779559434332,22,0,22,0,12,34,14.4714
1113,1228,1779559434332,1779559434332,1779559434341,1779559434363,1779559434363,1779559434355,1779559434367,23,0,22,1,12,35,13.5812
1114,1229,1779559434367,1779559434367,1779559434376,1779559434401,1779559434401,1779559434393,1779559434442,26,0,25,1,49,75,15.0619
1115,1231,1779559434446,1779559434446,1779559434455,1779559434456,1779559434456,1779559434448,1779559434480,2,0,1,1,32,34,15.2056
1116,1232,1779559434480,1779559434480,1779559434489,1779559434494,1779559434494,1779559434486,1779559434522,6,0,5,1,36,42,14.5254
1118,1234,1779559434555,1779559434555,1779559434564,1779559434585,1779559434585,1779559434577,1779559434589,22,0,21,1,12,34,14.2517
1119,1235,1779559434589,1779559434589,1779559434598,1779559434618,1779559434618,1779559434610,1779559434624,21,0,20,1,14,35,13.4854
1120,1236,1779559434624,1779559434624,1779559434633,1779559434656,1779559434656,1779559434649,1779559434658,25,0,23,2,9,34,12.9243
1121,1238,1779559434692,1779559434692,1779559434702,1779559434710,1779559434710,1779559434702,1779559434727,10,0,8,2,25,35,13.0514
1122,1239,1779559434727,1779559434727,1779559434736,1779559434743,1779559434743,1779559434735,1779559434761,8,0,7,1,26,34,12.2924
1123,1240,1779559434760,1779559434760,1779559434769,1779559434781,1779559434781,1779559434773,1779559434795,13,0,12,1,22,35,11.7628
1124,1241,1779559434795,1779559434795,1779559434803,1779559434835,1779559434835,1779559434828,1779559434829,33,0,32,1,1,34,12.3195
1125,1242,1779559434829,1779559434829,1779559434838,1779559434869,1779559434869,1779559434861,1779559434864,32,0,31,1,3,35,11.6422
1126,1244,1779559434897,1779559434897,1779559434906,1779559434906,1779559434906,1779559434899,1779559434940,2,0,0,2,41,43,13.3187
1127,1245,1779559434940,1779559434940,1779559434949,1779559434960,1779559434960,1779559434953,1779559434972,13,0,11,2,19,32,13.7709
1128,1246,1779559434972,1779559434972,1779559434982,1779559434993,1779559434993,1779559434985,1779559435007,13,0,11,2,22,35,12.9923
1129,1247,1779559435007,1779559435007,1779559435016,1779559435031,1779559435031,1779559435023,1779559435041,16,0,15,1,18,34,12.4052
1130,1249,1779559435075,1779559435075,1779559435084,1779559435084,1779559435084,1779559435077,1779559435109,2,0,0,2,32,34,12.5267
1132,1251,1779559435144,1779559435144,1779559435152,1779559435159,1779559435159,1779559435151,1779559435178,7,0,7,0,27,34,11.4110
1133,1252,1779559435178,1779559435178,1779559435187,1779559435213,1779559435213,1779559435205,1779559435212,27,0,26,1,7,34,11.9440
1134,1253,1779559435212,1779559435212,1779559435220,1779559435245,1779559435245,1779559435238,1779559435246,26,0,25,1,8,34,11.2893
1135,1254,1779559435246,1779559435246,1779559435256,1779559435283,1779559435283,1779559435275,1779559435280,29,0,27,2,5,34,10.7726
1136,1256,1779559435315,1779559435315,1779559435323,1779559435337,1779559435337,1779559435329,1779559435349,14,0,14,0,20,34,11.0009
1137,1257,1779559435349,1779559435349,1779559435358,1779559435369,1779559435369,1779559435362,1779559435383,13,0,11,2,21,34,10.4714
1138,1258,1779559435383,1779559435383,1779559435393,1779559435407,1779559435407,1779559435399,1779559435418,16,0,14,2,19,35,10.0065
1139,1259,1779559435418,1779559435418,1779559435427,1779559435461,1779559435461,1779559435453,1779559435461,35,0,34,1,8,43,10.0808
1140,1260,1779559435461,1779559435461,1779559435470,1779559435494,1779559435494,1779559435486,1779559435495,25,0,24,1,9,34,9.4866
1141,1261,1779559435495,1779559435495,1779559435503,1779559435532,1779559435532,1779559435525,1779559435536,30,0,29,1,11,41,9.0571
1142,1263,1779559435569,1779559435569,1779559435579,1779559435586,1779559435586,1779559435579,1779559435604,10,0,7,3,25,35,9.3250
1143,1264,1779559435604,1779559435604,1779559435612,1779559435619,1779559435619,1779559435612,1779559435638,8,0,7,1,26,34,8.8261
1144,1265,1779559435638,1779559435638,1779559435647,1779559435659,1779559435659,1779559435651,1779559435672,13,0,12,1,21,34,8.5801
1145,1266,1779559435672,1779559435672,1779559435681,1779559435715,1779559435715,1779559435708,1779559435740,36,0,34,2,32,68,8.8180
1146,1268,1779559435740,1779559435740,1779559435750,1779559435750,1779559435750,1779559435742,1779559435775,2,0,0,2,33,35,8.2876
1147,1269,1779559435775,1779559435775,1779559435784,1779559435788,1779559435788,1779559435780,1779559435809,5,0,4,1,29,34,8.0332
1148,1270,1779559435809,1779559435809,1779559435817,1779559435842,1779559435842,1779559435834,1779559435843,25,0,25,0,9,34,8.7478
1149,1271,1779559435843,1779559435843,1779559435852,1779559435876,1779559435876,1779559435868,1779559435878,25,0,24,1,10,35,8.2319
1150,1272,1779559435878,1779559435878,1779559435887,1779559435914,1779559435914,1779559435907,1779559435913,29,0,27,2,6,35,7.9712
1151,1274,1779559435955,1779559435955,1779559435963,1779559435968,1779559435968,1779559435961,1779559435988,6,0,5,1,27,33,8.7747
1152,1275,1779559435988,1779559435988,1779559435997,1779559436001,1779559436001,1779559435993,1779559436023,5,0,4,1,30,35,8.4537
1153,1276,1779559436023,1779559436023,1779559436032,1779559436039,1779559436039,1779559436032,1779559436066,9,0,7,2,34,43,8.1292
1154,1277,1779559436066,1779559436066,1779559436074,1779559436093,1779559436093,1779559436086,1779559436098,20,0,19,1,12,32,8.9023
1155,1278,1779559436098,1779559436098,1779559436107,1779559436126,1779559436126,1779559436119,1779559436132,21,0,19,2,13,34,8.3997
1156,1279,1779559436132,1779559436132,1779559436141,1779559436163,1779559436163,1779559436156,1779559436167,24,0,22,2,11,35,8.0783
1157,1281,1779559436201,1779559436201,1779559436210,1779559436218,1779559436218,1779559436210,1779559436235,9,0,8,1,25,34,8.4964
1158,1282,1779559436235,1779559436235,1779559436244,1779559436251,1779559436251,1779559436243,1779559436270,8,0,7,1,27,35,8.0348
1159,1283,1779559436270,1779559436270,1779559436279,1779559436290,1779559436290,1779559436282,1779559436304,12,0,11,1,22,34,7.7985
1160,1284,1779559436304,1779559436304,1779559436313,1779559436344,1779559436344,1779559436336,1779559436338,32,0,31,1,2,34,8.5713
1161,1285,1779559436338,1779559436338,1779559436347,1779559436378,1779559436378,1779559436370,1779559436373,32,0,31,1,3,35,8.0688
1162,1286,1779559436373,1779559436373,1779559436382,1779559436415,1779559436416,1779559436408,1779559436443,35,1,33,1,35,70,9.5694
1163,1288,1779559436443,1779559436443,1779559436451,1779559436471,1779559436471,1779559436463,1779559436484,20,0,20,0,21,41,9.8035
1164,1289,1779559436484,1779559436484,1779559436493,1779559436503,1779559436503,1779559436496,1779559436517,12,0,10,2,21,33,9.1915
1165,1290,1779559436517,1779559436517,1779559436526,1779559436541,1779559436542,1779559436534,1779559436560,17,1,15,1,26,43,8.8938
1166,1291,1779559436560,1779559436560,1779559436569,1779559436595,1779559436595,1779559436588,1779559436593,28,0,26,2,5,33,9.6360
1167,1292,1779559436593,1779559436593,1779559436602,1779559436629,1779559436629,1779559436621,1779559436627,28,0,27,1,6,34,9.1061
1168,1293,1779559436627,1779559436627,1779559436637,1779559436667,1779559436668,1779559436660,1779559436662,33,1,30,2,2,35,8.8332
1169,1295,1779559436696,1779559436696,1779559436705,1779559436721,1779559436722,1779559436714,1779559436730,18,1,16,1,16,34,9.2032
1170,1296,1779559436730,1779559436730,1779559436739,1779559436754,1779559436754,1779559436746,1779559436765,16,0,15,1,19,35,8.7770
1171,1297,1779559436765,1779559436765,1779559436774,1779559436793,1779559436793,1779559436785,1779559436799,20,0,19,1,14,34,8.5163
1172,1299,1779559436834,1779559436834,1779559436842,1779559436846,1779559436847,1779559436839,1779559436868,5,1,4,0,29,34,8.9083
1173,1300,1779559436868,1779559436868,1779559436877,1779559436879,1779559436879,1779559436872,1779559436903,4,0,2,2,31,35,8.5257
1174,1301,1779559436903,1779559436903,1779559436911,1779559436917,1779559436917,1779559436909,1779559436937,6,0,6,0,28,34,8.2143
1175,1302,1779559436937,1779559436937,1779559436946,1779559436971,1779559436971,1779559436963,1779559436973,26,0,25,1,10,36,8.8440
1176,1303,1779559436973,1779559436973,1779559436982,1779559437004,1779559437004,1779559436996,1779559437014,23,0,22,1,18,41,8.8194
1177,1304,1779559437014,1779559437014,1779559437023,1779559437042,1779559437042,1779559437035,1779559437047,21,0,19,2,12,33,8.5865
1178,1305,1779559437047,1779559437047,1779559437056,1779559437096,1779559437096,1779559437089,1779559437089,42,0,40,2,0,42,8.8211
1179,1306,1779559437089,1779559437089,1779559437098,1779559437130,1779559437130,1779559437122,1779559437157,33,0,32,1,35,68,10.3771
1180,1308,1779559437156,1779559437156,1779559437166,1779559437168,1779559437168,1779559437161,1779559437191,5,0,2,3,30,35,9.9549
1181,1309,1779559437191,1779559437191,1779559437200,1779559437223,1779559437223,1779559437215,1779559437226,24,0,23,1,11,35,10.6048
1182,1310,1779559437226,1779559437226,1779559437235,1779559437256,1779559437256,1779559437248,1779559437260,22,0,21,1,12,34,10.0031
1183,1311,1779559437259,1779559437260,1779559437269,1779559437294,1779559437294,1779559437286,1779559437294,26,0,25,1,8,34,9.6001
1184,1313,1779559437328,1779559437328,1779559437337,1779559437347,1779559437347,1779559437340,1779559437363,12,0,10,2,23,35,9.9188
1185,1314,1779559437363,1779559437363,1779559437372,1779559437381,1779559437381,1779559437374,1779559437397,11,0,9,2,23,34,9.3573
1186,1315,1779559437397,1779559437397,1779559437406,1779559437422,1779559437422,1779559437414,1779559437431,17,0,16,1,17,34,9.1607
1189,1318,1779559437510,1779559437510,1779559437518,1779559437547,1779559437547,1779559437539,1779559437544,29,0,29,0,5,34,10.5391
1190,1320,1779559437586,1779559437586,1779559437594,1779559437601,1779559437601,1779559437593,1779559437619,7,0,7,0,26,33,11.1789
1191,1321,1779559437619,1779559437619,1779559437628,1779559437634,1779559437634,1779559437627,1779559437653,8,0,6,2,26,34,10.5076
1192,1322,1779559437653,1779559437653,1779559437662,1779559437672,1779559437672,1779559437665,1779559437688,12,0,10,2,23,35,10.0296
1193,1323,1779559437687,1779559437687,1779559437697,1779559437726,1779559437726,1779559437718,1779559437722,31,0,29,2,4,35,10.6350
1194,1324,1779559437722,1779559437722,1779559437731,1779559437759,1779559437759,1779559437751,1779559437757,29,0,28,1,6,35,10.0834
1195,1325,1779559437757,1779559437757,1779559437765,1779559437798,1779559437798,1779559437790,1779559437825,33,0,33,0,35,68,11.2825
1196,1327,1779559437825,1779559437825,1779559437833,1779559437853,1779559437853,1779559437846,1779559437859,21,0,20,1,13,34,11.8777
1197,1328,1779559437859,1779559437859,1779559437868,1779559437886,1779559437886,1779559437879,1779559437894,20,0,18,2,15,35,11.2277
1198,1329,1779559437894,1779559437894,1779559437902,1779559437925,1779559437925,1779559437917,1779559437928,23,0,23,0,11,34,10.8390
1201,1333,1779559438038,1779559438038,1779559438047,1779559438050,1779559438050,1779559438043,1779559438081,5,0,3,2,38,43,14.5580
1202,1334,1779559438081,1779559438081,1779559438090,1779559438105,1779559438105,1779559438097,1779559438114,16,0,15,1,17,33,14.9678
1203,1335,1779559438114,1779559438114,1779559438123,1779559438137,1779559438137,1779559438130,1779559438147,16,0,14,2,17,33,14.0852
1204,1336,1779559438147,1779559438147,1779559438157,1779559438176,1779559438176,1779559438168,1779559438181,21,0,19,2,13,34,13.4477
1205,1338,1779559438216,1779559438216,1779559438225,1779559438230,1779559438230,1779559438222,1779559438250,6,0,5,1,28,34,13.5275
1206,1339,1779559438250,1779559438250,1779559438259,1779559438263,1779559438263,1779559438255,1779559438285,5,0,4,1,30,35,12.7707
1207,1340,1779559438285,1779559438285,1779559438294,1779559438301,1779559438301,1779559438293,1779559438319,8,0,7,1,26,34,12.2077
1208,1341,1779559438319,1779559438319,1779559438328,1779559438355,1779559438355,1779559438347,1779559438353,28,0,27,1,6,34,12.6816
1209,1342,1779559438353,1779559438353,1779559438363,1779559438388,1779559438388,1779559438380,1779559438387,27,0,25,2,7,34,11.9640
1210,1343,1779559438387,1779559438387,1779559438396,1779559438426,1779559438426,1779559438418,1779559438422,31,0,30,1,4,35,11.4339
1211,1345,1779559438456,1779559438456,1779559438465,1779559438479,1779559438479,1779559438472,1779559438491,16,0,14,2,19,35,11.6827
1212,1346,1779559438491,1779559438491,1779559438501,1779559438512,1779559438512,1779559438504,1779559438534,13,0,11,2,30,43,11.5946
1213,1347,1779559438533,1779559438533,1779559438543,1779559438550,1779559438550,1779559438542,1779559438567,9,0,7,2,25,34,11.1577
1214,1348,1779559438567,1779559438567,1779559438576,1779559438603,1779559438604,1779559438596,1779559438609,29,1,27,1,13,42,11.2280
1215,1349,1779559438609,1779559438609,1779559438617,1779559438636,1779559438636,1779559438628,1779559438641,19,0,19,0,13,32,10.5793
1216,1350,1779559438641,1779559438641,1779559438651,1779559438674,1779559438674,1779559438666,1779559438676,25,0,23,2,10,35,10.1354
1217,1352,1779559438710,1779559438710,1779559438719,1779559438728,1779559438728,1779559438720,1779559438744,10,0,9,1,24,34,10.4079
1218,1353,1779559438744,1779559438744,1779559438753,1779559438761,1779559438761,1779559438753,1779559438779,9,0,8,1,26,35,9.8296
1219,1354,1779559438779,1779559438779,1779559438787,1779559438801,1779559438801,1779559438793,1779559438813,14,0,14,0,20,34,9.5859
1220,1355,1779559438813,1779559438813,1779559438821,1779559438854,1779559438854,1779559438846,1779559438847,33,0,33,0,1,34,10.1550
1221,1356,1779559438847,1779559438847,1779559438856,1779559438887,1779559438888,1779559438880,1779559438881,33,1,31,1,1,34,9.5204
1222,1358,1779559438916,1779559438916,1779559438925,1779559438926,1779559438926,1779559438918,1779559438950,2,0,1,1,32,34,10.8441
1223,1359,1779559438950,1779559438950,1779559438959,1779559438980,1779559438980,1779559438972,1779559438984,22,0,21,1,12,34,11.3895
1224,1360,1779559438984,1779559438984,1779559438993,1779559439012,1779559439013,1779559439005,1779559439020,21,1,19,1,15,36,10.8552
1225,1361,1779559439020,1779559439020,1779559439029,1779559439051,1779559439051,1779559439043,1779559439062,23,0,22,1,19,42,10.4368
1227,1363,1779559439096,1779559439096,1779559439104,1779559439137,1779559439137,1779559439129,1779559439137,33,0,33,0,8,41,12.4917
1228,1364,1779559439137,1779559439137,1779559439146,1779559439176,1779559439176,1779559439169,1779559439170,32,0,30,2,1,33,12.1621
1229,1366,1779559439204,1779559439204,1779559439213,1779559439231,1779559439231,1779559439223,1779559439238,19,0,18,1,15,34,12.3064
1230,1367,1779559439238,1779559439238,1779559439247,1779559439268,1779559439268,1779559439260,1779559439272,22,0,21,1,12,34,11.7053
1231,1368,1779559439272,1779559439272,1779559439281,1779559439304,1779559439304,1779559439297,1779559439307,25,0,23,2,10,35,11.1420
1232,1370,1779559439340,1779559439340,1779559439349,1779559439359,1779559439359,1779559439351,1779559439375,11,0,10,1,24,35,11.3519
1233,1371,1779559439375,1779559439375,1779559439384,1779559439392,1779559439392,1779559439384,1779559439409,9,0,8,1,25,34,10.6995
1234,1372,1779559439409,1779559439409,1779559439418,1779559439430,1779559439430,1779559439423,1779559439443,14,0,12,2,20,34,10.3333
1235,1373,1779559439443,1779559439443,1779559439452,1779559439485,1779559439485,1779559439477,1779559439478,34,0,33,1,1,35,10.9024
1236,1374,1779559439478,1779559439478,1779559439486,1779559439517,1779559439517,1779559439510,1779559439513,32,0,31,1,3,35,10.3448
1237,1375,1779559439513,1779559439513,1779559439522,1779559439555,1779559439555,1779559439547,1779559439555,34,0,33,1,8,42,10.0237
1238,1377,1779559439588,1779559439588,1779559439597,1779559439608,1779559439608,1779559439601,1779559439623,13,0,11,2,22,35,10.2814
1239,1378,1779559439623,1779559439623,1779559439632,1779559439641,1779559439641,1779559439633,1779559439665,10,0,9,1,32,42,10.2342
1240,1379,1779559439665,1779559439665,1779559439674,1779559439679,1779559439679,1779559439671,1779559439698,6,0,5,1,27,33,9.9107
1241,1380,1779559439697,1779559439697,1779559439706,1779559439733,1779559439733,1779559439725,1779559439731,28,0,27,1,6,34,10.5529
1242,1381,1779559439731,1779559439731,1779559439740,1779559439766,1779559439766,1779559439758,1779559439766,27,0,26,1,8,35,9.9995
1243,1382,1779559439766,1779559439766,1779559439775,1779559439804,1779559439804,1779559439796,1779559439800,30,0,29,1,4,34,9.6181
1244,1384,1779559439835,1779559439835,1779559439843,1779559439858,1779559439858,1779559439850,1779559439869,15,0,15,0,19,34,9.9376
1245,1385,1779559439869,1779559439869,1779559439877,1779559439891,1779559439891,1779559439883,1779559439903,14,0,14,0,20,34,9.4010
1246,1386,1779559439903,1779559439903,1779559439912,1779559439929,1779559439929,1779559439921,1779559439937,18,0,17,1,16,34,9.0615
1247,1388,1779559439971,1779559439971,1779559439980,1779559439984,1779559439984,1779559439976,1779559440007,5,0,4,1,31,36,9.4466
1249,1390,1779559440042,1779559440042,1779559440050,1779559440054,1779559440054,1779559440046,1779559440084,4,0,4,0,38,42,8.7279
1252,1393,1779559440161,1779559440161,1779559440170,1779559440182,1779559440182,1779559440174,1779559440195,13,0,12,1,21,34,10.4030
1253,1394,1779559440195,1779559440195,1779559440204,1779559440235,1779559440235,1779559440227,1779559440229,32,0,31,1,2,34,10.9247
1254,1395,1779559440229,1779559440229,1779559440238,1779559440267,1779559440267,1779559440260,1779559440263,31,0,29,2,3,34,10.3113
1255,1396,1779559440263,1779559440263,1779559440272,1779559440305,1779559440305,1779559440298,1779559440332,35,0,33,2,34,69,11.6414
1256,1398,1779559440332,1779559440332,1779559440341,1779559440359,1779559440359,1779559440352,1779559440372,20,0,18,2,20,40,12.2168
1257,1399,1779559440372,1779559440372,1779559440381,1779559440393,1779559440393,1779559440386,1779559440400,14,0,12,2,14,28,11.4873
1258,1400,1779559440400,1779559440400,1779559440410,1779559440433,1779559440433,1779559440425,1779559440435,25,0,23,2,10,35,11.0522
1259,1402,1779559440469,1779559440469,1779559440478,1779559440488,1779559440488,1779559440481,1779559440504,12,0,10,2,23,35,11.2221
1262,1405,1779559440582,1779559440582,1779559440592,1779559440615,1779559440615,1779559440607,1779559440617,25,0,23,2,10,35,14.7748
1263,1406,1779559440617,1779559440617,1779559440626,1779559440648,1779559440648,1779559440640,1779559440659,23,0,22,1,19,42,14.4144
1264,1407,1779559440659,1779559440659,1779559440667,1779559440686,1779559440686,1779559440678,1779559440692,19,0,19,0,14,33,13.8417
1265,1409,1779559440726,1779559440726,1779559440736,1779559440740,1779559440740,1779559440732,1779559440760,6,0,4,2,28,34,13.8986
1266,1410,1779559440760,1779559440760,1779559440769,1779559440773,1779559440773,1779559440765,1779559440795,5,0,4,1,30,35,13.1232
1267,1411,1779559440795,1779559440795,1779559440804,1779559440811,1779559440811,1779559440804,1779559440829,9,0,7,2,25,34,12.6057
1268,1412,1779559440829,1779559440829,1779559440839,1779559440866,1779559440866,1779559440858,1779559440863,29,0,27,2,5,34,13.0347
1269,1413,1779559440863,1779559440863,1779559440872,1779559440900,1779559440900,1779559440892,1779559440897,29,0,28,1,5,34,12.2223
1270,1414,1779559440897,1779559440897,1779559440907,1779559440938,1779559440938,1779559440931,1779559440932,34,0,31,3,1,35,11.7374
1271,1416,1779559440966,1779559440966,1779559440976,1779559440992,1779559440992,1779559440985,1779559441001,19,0,16,3,16,35,11.9207
1272,1417,1779559441001,1779559441001,1779559441010,1779559441025,1779559441025,1779559441017,1779559441036,16,0,15,1,19,35,11.3914
1273,1418,1779559441036,1779559441036,1779559441045,1779559441062,1779559441062,1779559441055,1779559441079,19,0,17,2,24,43,10.9992
1274,1419,1779559441079,1779559441079,1779559441088,1779559441116,1779559441116,1779559441108,1779559441112,29,0,28,1,4,33,11.5788
1275,1420,1779559441112,1779559441112,1779559441121,1779559441149,1779559441149,1779559441141,1779559441154,29,0,28,1,13,42,11.4370
1276,1421,1779559441154,1779559441154,1779559441163,1779559441186,1779559441186,1779559441179,1779559441187,25,0,23,2,8,33,10.9787
1277,1423,1779559441221,1779559441221,1779559441230,1779559441241,1779559441241,1779559441234,1779559441256,13,0,11,2,22,35,11.0994
1278,1424,1779559441256,1779559441256,1779559441265,1779559441274,1779559441274,1779559441266,1779559441290,10,0,9,1,24,34,10.5434
1279,1425,1779559441290,1779559441290,1779559441299,1779559441312,1779559441312,1779559441305,1779559441325,15,0,13,2,20,35,10.0862
1280,1426,1779559441325,1779559441325,1779559441334,1779559441366,1779559441366,1779559441358,1779559441359,33,0,32,1,1,34,10.7029
1281,1427,1779559441359,1779559441359,1779559441369,1779559441401,1779559441401,1779559441394,1779559441428,35,0,32,3,34,69,12.0829
1282,1429,1779559441428,1779559441428,1779559441437,1779559441439,1779559441439,1779559441432,1779559441462,4,0,2,2,30,34,11.5512
1283,1430,1779559441462,1779559441462,1779559441471,1779559441493,1779559441493,1779559441486,1779559441497,24,0,22,2,11,35,12.0372
1284,1431,1779559441497,1779559441497,1779559441506,1779559441527,1779559441527,1779559441519,1779559441531,22,0,21,1,12,34,11.3542
1285,1432,1779559441531,1779559441531,1779559441540,1779559441565,1779559441565,1779559441557,1779559441567,26,0,25,1,10,36,10.7975
1286,1434,1779559441608,1779559441608,1779559441617,1779559441619,1779559441619,1779559441611,1779559441642,3,0,2,1,31,34,11.4311
1289,1437,1779559441716,1779559441716,1779559441725,1779559441743,1779559441743,1779559441735,1779559441751,19,0,18,1,16,35,12.9055
1290,1438,1779559441751,1779559441751,1779559441760,1779559441775,1779559441775,1779559441767,1779559441786,16,0,15,1,19,35,12.2716
1291,1439,1779559441786,1779559441786,1779559441795,1779559441814,1779559441814,1779559441806,1779559441820,20,0,19,1,14,34,11.8056
1292,1441,1779559441854,1779559441854,1779559441863,1779559441868,1779559441868,1779559441861,1779559441888,7,0,5,2,27,34,11.9732
1293,1442,1779559441888,1779559441888,1779559441897,1779559441901,1779559441901,1779559441893,1779559441923,5,0,4,1,30,35,11.3378
1294,1443,1779559441923,1779559441923,1779559441932,1779559441940,1779559441940,1779559441932,1779559441957,9,0,8,1,25,34,10.9392
1295,1444,1779559441957,1779559441957,1779559441966,1779559441995,1779559441996,1779559441988,1779559441991,31,1,29,1,3,34,11.6159
1296,1445,1779559441991,1779559441991,1779559442001,1779559442028,1779559442028,1779559442020,1779559442026,29,0,27,2,6,35,11.0725
1297,1446,1779559442026,1779559442026,1779559442035,1779559442066,1779559442066,1779559442058,1779559442061,32,0,31,1,3,35,10.6155
1301,1451,1779559442228,1779559442228,1779559442236,1779559442243,1779559442243,1779559442236,1779559442266,8,0,7,1,30,38,17.4796
1302,1452,1779559442266,1779559442266,1779559442275,1779559442276,1779559442276,1779559442269,1779559442304,3,0,1,2,35,38,16.6922
1303,1453,1779559442304,1779559442304,1779559442313,1779559442314,1779559442314,1779559442307,1779559442339,3,0,1,2,32,35,15.8339
1304,1454,1779559442339,1779559442339,1779559442347,1779559442368,1779559442368,1779559442361,1779559442374,22,0,21,1,13,35,16.0541
1305,1455,1779559442373,1779559442373,1779559442382,1779559442401,1779559442401,1779559442394,1779559442407,21,0,19,2,13,34,15.1663
1306,1456,1779559442407,1779559442407,1779559442416,1779559442440,1779559442440,1779559442432,1779559442442,25,0,24,1,10,35,14.5101
1307,1458,1779559442476,1779559442476,1779559442485,1779559442494,1779559442494,1779559442486,1779559442510,10,0,9,1,24,34,14.5124
1308,1459,1779559442510,1779559442510,1779559442519,1779559442527,1779559442527,1779559442520,1779559442545,10,0,8,2,25,35,13.7061
1311,1462,1779559442624,1779559442624,1779559442633,1779559442651,1779559442651,1779559442644,1779559442658,20,0,18,2,14,34,16.6732
1312,1463,1779559442658,1779559442658,1779559442667,1779559442689,1779559442689,1779559442681,1779559442700,23,0,22,1,19,42,15.9748
1314,1465,1779559442733,1779559442733,1779559442743,1779559442775,1779559442775,1779559442767,1779559442768,34,0,32,2,1,35,16.9319
1315,1467,1779559442802,1779559442802,1779559442810,1779559442813,1779559442813,1779559442805,1779559442836,3,0,3,0,31,34,17.7855
1316,1468,1779559442836,1779559442836,1779559442845,1779559442867,1779559442867,1779559442859,1779559442870,23,0,22,1,11,34,17.9160
1317,1469,1779559442870,1779559442870,1779559442879,1779559442900,1779559442900,1779559442892,1779559442905,22,0,21,1,13,35,16.8896
1318,1470,1779559442905,1779559442905,1779559442914,1779559442938,1779559442938,1779559442930,1779559442939,25,0,24,1,9,34,16.0779
1319,1472,1779559442973,1779559442973,1779559442982,1779559442992,1779559442992,1779559442984,1779559443007,11,0,10,1,23,34,15.9664
1320,1473,1779559443007,1779559443007,1779559443017,1779559443024,1779559443025,1779559443017,1779559443042,10,1,7,2,25,35,15.0521
1321,1474,1779559443042,1779559443042,1779559443050,1779559443063,1779559443063,1779559443055,1779559443077,13,0,13,0,22,35,14.3084
1324,1477,1779559443155,1779559443155,1779559443164,1779559443192,1779559443192,1779559443185,1779559443190,30,0,28,2,5,35,15.3610
1325,1479,1779559443231,1779559443231,1779559443241,1779559443246,1779559443246,1779559443238,1779559443264,7,0,5,2,26,33,15.7535
1326,1480,1779559443264,1779559443264,1779559443273,1779559443279,1779559443280,1779559443272,1779559443298,8,1,6,1,26,34,14.7756
1327,1481,1779559443298,1779559443298,1779559443307,1779559443318,1779559443318,1779559443310,1779559443333,12,0,11,1,23,35,14.0682
1328,1482,1779559443333,1779559443333,1779559443342,1779559443372,1779559443372,1779559443365,1779559443367,32,0,30,2,2,34,14.4375
1329,1483,1779559443367,1779559443367,1779559443376,1779559443405,1779559443405,1779559443398,1779559443401,31,0,29,2,3,34,13.6015
1330,1484,1779559443401,1779559443401,1779559443410,1779559443444,1779559443444,1779559443436,1779559443469,35,0,34,1,33,68,14.6096
1331,1486,1779559443469,1779559443469,1779559443479,1779559443498,1779559443498,1779559443490,1779559443504,21,0,19,2,14,35,14.9251
1332,1487,1779559443504,1779559443504,1779559443513,1779559443531,1779559443531,1779559443523,1779559443538,19,0,18,1,15,34,14.0530
1333,1488,1779559443538,1779559443538,1779559443546,1779559443569,1779559443569,1779559443561,1779559443572,23,0,23,0,11,34,13.3964
1336,1492,1779559443682,1779559443682,1779559443690,1779559443693,1779559443693,1779559443685,1779559443718,3,0,3,0,33,36,16.1814
1337,1493,1779559443718,1779559443718,1779559443727,1779559443747,1779559443747,1779559443739,1779559443759,21,0,20,1,20,41,15.9676
1338,1494,1779559443759,1779559443759,1779559443768,1779559443780,1779559443780,1779559443772,1779559443792,13,0,12,1,20,33,14.9818
1339,1495,1779559443792,1779559443792,1779559443801,1779559443818,1779559443818,1779559443810,1779559443826,18,0,17,1,16,34,14.2693
1340,1497,1779559443860,1779559443860,1779559443869,1779559443872,1779559443872,1779559443864,1779559443895,4,0,3,1,31,35,14.3010
1341,1498,1779559443895,1779559443895,1779559443904,1779559443905,1779559443905,1779559443897,1779559443929,2,0,1,1,32,34,13.4616
1342,1499,1779559443929,1779559443929,1779559443938,1779559443943,1779559443943,1779559443935,1779559443963,6,0,5,1,28,34,12.8513
1343,1500,1779559443963,1779559443963,1779559443971,1779559443997,1779559443997,1779559443989,1779559443997,26,0,26,0,8,34,13.3176
1344,1501,1779559443997,1779559443997,1779559444006,1779559444030,1779559444030,1779559444023,1779559444031,26,0,24,2,8,34,12.5008
1345,1502,1779559444031,1779559444031,1779559444040,1779559444069,1779559444069,1779559444061,1779559444066,30,0,29,1,5,35,11.9263
1346,1504,1779559444100,1779559444100,1779559444109,1779559444124,1779559444124,1779559444116,1779559444136,16,0,15,1,20,36,12.1319
1347,1505,1779559444136,1779559444136,1779559444145,1779559444157,1779559444157,1779559444149,1779559444181,13,0,12,1,32,45,12.0861
1348,1506,1779559444180,1779559444180,1779559444190,1779559444195,1779559444195,1779559444187,1779559444213,7,0,5,2,26,33,11.6360
1349,1507,1779559444213,1779559444213,1779559444222,1779559444250,1779559444250,1779559444242,1779559444255,29,0,28,1,13,42,11.7416
1350,1508,1779559444255,1779559444255,1779559444264,1779559444283,1779559444283,1779559444276,1779559444288,21,0,19,2,12,33,11.0156
1351,1509,1779559444288,1779559444288,1779559444297,1779559444322,1779559444322,1779559444314,1779559444323,26,0,25,1,9,35,10.5960
1352,1511,1779559444357,1779559444357,1779559444366,1779559444376,1779559444376,1779559444368,1779559444391,11,0,10,1,23,34,10.8346
1353,1512,1779559444391,1779559444391,1779559444400,1779559444410,1779559444410,1779559444402,1779559444426,11,0,10,1,24,35,10.1944
1354,1513,1779559444426,1779559444426,1779559444435,1779559444447,1779559444447,1779559444440,1779559444460,14,0,12,2,20,34,9.7479
1357,1516,1779559444537,1779559444537,1779559444546,1779559444574,1779559444574,1779559444566,1779559444571,29,0,28,1,5,34,11.0373
1358,1518,1779559444606,1779559444606,1779559444617,1779559444627,1779559444627,1779559444620,1779559444641,14,0,10,4,21,35,11.3912
1359,1519,1779559444641,1779559444641,1779559444650,1779559444661,1779559444661,1779559444653,1779559444683,12,0,11,1,30,42,11.1954
1362,1522,1779559444760,1779559444760,1779559444769,1779559444787,1779559444787,1779559444779,1779559444794,19,0,18,1,15,34,14.5321
1363,1523,1779559444794,1779559444794,1779559444803,1779559444824,1779559444824,1779559444817,1779559444828,23,0,21,2,11,34,13.8661
1364,1525,1779559444862,1779559444862,1779559444871,1779559444878,1779559444878,1779559444870,1779559444897,8,0,7,1,27,35,13.9880
1365,1526,1779559444897,1779559444897,1779559444906,1779559444911,1779559444911,1779559444904,1779559444931,7,0,5,2,27,34,13.1992
1366,1527,1779559444931,1779559444931,1779559444941,1779559444949,1779559444949,1779559444941,1779559444965,10,0,8,2,24,34,12.6122
1367,1528,1779559444965,1779559444965,1779559444974,1779559445003,1779559445003,1779559444995,1779559444999,30,0,29,1,4,34,13.0731
1368,1529,1779559444999,1779559444999,1779559445008,1779559445036,1779559445036,1779559445028,1779559445034,29,0,28,1,6,35,12.3807
1369,1530,1779559445034,1779559445034,1779559445044,1779559445074,1779559445074,1779559445066,1779559445068,32,0,30,2,2,34,11.8706
1372,1534,1779559445181,1779559445181,1779559445190,1779559445200,1779559445200,1779559445192,1779559445216,11,0,10,1,24,35,14.9756
1373,1535,1779559445216,1779559445216,1779559445226,1779559445254,1779559445254,1779559445246,1779559445258,30,0,28,2,12,42,14.8262
1374,1536,1779559445258,1779559445258,1779559445267,1779559445286,1779559445286,1779559445279,1779559445291,21,0,19,2,12,33,13.9021
1375,1537,1779559445291,1779559445291,1779559445300,1779559445325,1779559445325,1779559445317,1779559445326,26,0,25,1,9,35,13.2446
1376,1539,1779559445359,1779559445359,1779559445369,1779559445379,1779559445379,1779559445371,1779559445394,12,0,10,2,23,35,13.3320
1377,1540,1779559445394,1779559445394,1779559445403,1779559445412,1779559445412,1779559445404,1779559445428,10,0,9,1,24,34,12.5728
1378,1541,1779559445428,1779559445428,1779559445437,1779559445449,1779559445449,1779559445442,1779559445463,14,0,12,2,21,35,11.9948
1379,1542,1779559445463,1779559445463,1779559445472,1779559445504,1779559445504,1779559445496,1779559445497,33,0,32,1,1,34,12.5017
1380,1543,1779559445497,1779559445497,1779559445506,1779559445536,1779559445536,1779559445528,1779559445531,31,0,30,1,3,34,11.8717
1381,1544,1779559445531,1779559445531,1779559445541,1779559445575,1779559445575,1779559445567,1779559445600,36,0,34,2,33,69,13.0080
1382,1546,1779559445600,1779559445600,1779559445610,1779559445628,1779559445628,1779559445621,1779559445636,21,0,18,3,15,36,13.3126
1386,1550,1779559445750,1779559445750,1779559445759,1779559445790,1779559445790,1779559445783,1779559445792,33,0,31,2,9,42,18.1429
1387,1551,1779559445792,1779559445792,1779559445801,1779559445828,1779559445828,1779559445820,1779559445825,28,0,27,1,5,33,17.2535
1388,1553,1779559445859,1779559445859,1779559445869,1779559445883,1779559445883,1779559445875,1779559445894,16,0,14,2,19,35,17.0347
1389,1554,1779559445894,1779559445894,1779559445903,1779559445916,1779559445916,1779559445908,1779559445928,14,0,13,1,20,34,16.0405
1390,1555,1779559445928,1779559445928,1779559445937,1779559445954,1779559445954,1779559445946,1779559445963,18,0,17,1,17,35,15.2355
1391,1557,1779559445997,1779559445997,1779559446006,1779559446008,1779559446008,1779559446000,1779559446031,3,0,2,1,31,34,15.1551
1392,1558,1779559446031,1779559446031,1779559446040,1779559446041,1779559446041,1779559446033,1779559446066,2,0,1,1,33,35,14.3164
1393,1559,1779559446066,1779559446066,1779559446075,1779559446079,1779559446079,1779559446071,1779559446100,5,0,4,1,29,34,13.6575
1394,1560,1779559446100,1779559446100,1779559446109,1779559446133,1779559446133,1779559446125,1779559446135,25,0,24,1,10,35,14.0075
1395,1561,1779559446135,1779559446135,1779559446144,1779559446165,1779559446165,1779559446158,1779559446170,23,0,21,2,12,35,13.2620
1396,1562,1779559446170,1779559446170,1779559446179,1779559446203,1779559446203,1779559446196,1779559446213,26,0,24,2,17,43,12.7483
1399,1565,1779559446289,1779559446289,1779559446298,1779559446328,1779559446328,1779559446321,1779559446322,32,0,30,2,1,33,13.9190
1400,1567,1779559446356,1779559446356,1779559446365,1779559446383,1779559446383,1779559446375,1779559446391,19,0,18,1,16,35,13.8955
1401,1568,1779559446391,1779559446391,1779559446399,1779559446416,1779559446416,1779559446409,1779559446425,18,0,17,1,16,34,13.0614
1402,1569,1779559446425,1779559446425,1779559446434,1779559446454,1779559446454,1779559446447,1779559446459,22,0,20,2,12,34,12.4782
1403,1571,1779559446494,1779559446494,1779559446503,1779559446509,1779559446509,1779559446501,1779559446528,7,0,6,1,27,34,12.6100
1404,1572,1779559446528,1779559446528,1779559446537,1779559446541,1779559446542,1779559446534,1779559446562,6,1,4,1,28,34,11.8943
1405,1573,1779559446562,1779559446562,1779559446571,1779559446580,1779559446580,1779559446573,1779559446597,11,0,9,2,24,35,11.4259
1406,1574,1779559446597,1779559446597,1779559446606,1779559446635,1779559446635,1779559446628,1779559446631,31,0,29,2,3,34,11.9480
1407,1575,1779559446631,1779559446631,1779559446640,1779559446669,1779559446669,1779559446661,1779559446666,30,0,29,1,5,35,11.2416
1408,1576,1779559446666,1779559446666,1779559446674,1779559446708,1779559446708,1779559446700,1779559446708,34,0,34,0,8,42,10.7264
1409,1577,1779559446708,1779559446708,1779559446716,1779559446761,1779559446761,1779559446754,1779559446781,46,0,45,1,27,73,11.2544
1410,1578,1779559446781,1779559446781,1779559446790,1779559446794,1779559446794,1779559446787,1779559446819,6,0,4,2,32,38,10.8618
1411,1580,1779559446819,1779559446819,1779559446828,1779559446832,1779559446832,1779559446825,1779559446854,6,0,4,2,29,35,10.3193
1412,1581,1779559446854,1779559446854,1779559446862,1779559446887,1779559446887,1779559446879,1779559446887,25,0,25,0,8,33,11.0151
1413,1582,1779559446887,1779559446887,1779559446896,1779559446921,1779559446921,1779559446913,1779559446921,26,0,25,1,8,34,10.3336
1414,1583,1779559446921,1779559446921,1779559446931,1779559446959,1779559446959,1779559446951,1779559446956,30,0,28,2,5,35,9.8817
1415,1585,1779559446990,1779559446990,1779559446999,1779559447013,1779559447013,1779559447005,1779559447025,15,0,14,1,20,35,10.1621
1416,1586,1779559447025,1779559447025,1779559447034,1779559447046,1779559447046,1779559447038,1779559447058,13,0,12,1,20,33,9.5810
1417,1587,1779559447058,1779559447058,1779559447068,1779559447083,1779559447083,1779559447075,1779559447093,17,0,15,2,18,35,9.1395
1418,1589,1779559447127,1779559447127,1779559447136,1779559447137,1779559447137,1779559447130,1779559447162,3,0,1,2,32,35,9.4844
1420,1591,1779559447197,1779559447197,1779559447205,1779559447209,1779559447209,1779559447201,1779559447238,4,0,4,0,37,41,8.6301
1423,1594,1779559447315,1779559447315,1779559447324,1779559447334,1779559447334,1779559447327,1779559447349,12,0,10,2,22,34,10.1912
1424,1595,1779559447349,1779559447349,1779559447359,1779559447388,1779559447388,1779559447381,1779559447384,32,0,29,3,3,35,10.8213
1425,1596,1779559447384,1779559447384,1779559447393,1779559447423,1779559447423,1779559447415,1779559447418,31,0,30,1,3,34,10.1526
1426,1598,1779559447452,1779559447452,1779559447461,1779559447462,1779559447462,1779559447454,1779559447487,2,0,1,1,33,35,11.3962
1427,1599,1779559447487,1779559447487,1779559447496,1779559447516,1779559447516,1779559447509,1779559447521,22,0,20,2,12,34,11.9479
1428,1600,1779559447521,1779559447521,1779559447529,1779559447549,1779559447550,1779559447542,1779559447555,21,1,20,0,13,34,11.2426
1429,1601,1779559447555,1779559447555,1779559447564,1779559447587,1779559447587,1779559447580,1779559447590,25,0,23,2,10,35,10.7750
1430,1603,1779559447624,1779559447624,1779559447633,1779559447641,1779559447641,1779559447633,1779559447658,9,0,8,1,25,34,11.0735
1431,1604,1779559447658,1779559447658,1779559447667,1779559447674,1779559447674,1779559447666,1779559447693,8,0,7,1,27,35,10.4891
1432,1605,1779559447693,1779559447693,1779559447701,1779559447711,1779559447711,1779559447704,1779559447728,11,0,10,1,24,35,10.0160
1433,1606,1779559447728,1779559447728,1779559447737,1779559447765,1779559447765,1779559447757,1779559447770,29,0,28,1,13,42,10.0736
1434,1607,1779559447770,1779559447770,1779559447779,1779559447798,1779559447798,1779559447790,1779559447803,20,0,19,1,13,33,9.4525
1435,1608,1779559447803,1779559447803,1779559447813,1779559447835,1779559447835,1779559447828,1779559447838,25,0,22,3,10,35,9.1046
1436,1610,1779559447872,1779559447872,1779559447880,1779559447890,1779559447890,1779559447882,1779559447906,10,0,10,0,24,34,9.4732
1437,1611,1779559447906,1779559447906,1779559447915,1779559447923,1779559447923,1779559447915,1779559447940,9,0,8,1,25,34,8.9353
1438,1612,1779559447940,1779559447940,1779559447949,1779559447962,1779559447962,1779559447954,1779559447974,14,0,13,1,20,34,8.6775
1439,1613,1779559447974,1779559447974,1779559447984,1779559448016,1779559448016,1779559448008,1779559448009,34,0,32,2,1,35,9.3401
1440,1614,1779559448009,1779559448009,1779559448018,1779559448049,1779559448049,1779559448041,1779559448043,32,0,31,1,2,34,8.8076
1441,1616,1779559448077,1779559448077,1779559448086,1779559448089,1779559448089,1779559448081,1779559448111,4,0,3,1,30,34,10.0219
1442,1617,1779559448111,1779559448111,1779559448120,1779559448143,1779559448143,1779559448135,1779559448145,24,0,23,1,10,34,10.6383
1443,1618,1779559448145,1779559448145,1779559448155,1779559448176,1779559448176,1779559448168,1779559448181,23,0,21,2,13,36,10.1085
1444,1619,1779559448180,1779559448180,1779559448190,1779559448214,1779559448214,1779559448206,1779559448255,26,0,24,2,49,75,11.7589
1447,1622,1779559448300,1779559448300,1779559448308,1779559448338,1779559448338,1779559448331,1779559448335,31,0,30,1,4,35,12.7001
1448,1624,1779559448368,1779559448368,1779559448377,1779559448392,1779559448392,1779559448384,1779559448402,16,0,15,1,18,34,12.7806
1449,1625,1779559448402,1779559448402,1779559448411,1779559448425,1779559448425,1779559448417,1779559448437,15,0,14,1,20,35,12.0842
1450,1626,1779559448437,1779559448437,1779559448446,1779559448465,1779559448465,1779559448457,1779559448471,20,0,19,1,14,34,11.7118
1451,1628,1779559448505,1779559448505,1779559448514,1779559448521,1779559448521,1779559448513,1779559448539,8,0,7,1,26,34,11.7769
1452,1629,1779559448539,1779559448539,1779559448549,1779559448553,1779559448554,1779559448546,1779559448574,7,1,4,2,28,35,11.1187
1453,1630,1779559448574,1779559448574,1779559448582,1779559448591,1779559448592,1779559448584,1779559448608,10,1,9,0,24,34,10.6687
1454,1631,1779559448608,1779559448608,1779559448617,1779559448645,1779559448645,1779559448638,1779559448642,30,0,28,2,4,34,11.1678
1455,1632,1779559448642,1779559448642,1779559448651,1779559448679,1779559448679,1779559448671,1779559448677,29,0,28,1,6,35,10.4972
1456,1633,1779559448677,1779559448677,1779559448686,1779559448716,1779559448716,1779559448709,1779559448711,32,0,30,2,2,34,10.0855
1457,1634,1779559448711,1779559448711,1779559448720,1779559448770,1779559448770,1779559448762,1779559448787,51,0,50,1,25,76,10.8934
1458,1636,1779559448790,1779559448790,1779559448799,1779559448803,1779559448803,1779559448795,1779559448824,5,0,4,1,29,34,10.4833
1459,1637,1779559448824,1779559448824,1779559448834,1779559448841,1779559448841,1779559448833,1779559448866,9,0,7,2,33,42,10.0546
1460,1638,1779559448866,1779559448866,1779559448875,1779559448895,1779559448895,1779559448887,1779559448899,21,0,20,1,12,33,10.7451
1461,1639,1779559448899,1779559448899,1779559448907,1779559448928,1779559448928,1779559448920,1779559448933,21,0,21,0,13,34,10.1506
1462,1640,1779559448933,1779559448933,1779559448942,1779559448965,1779559448965,1779559448958,1779559448967,25,0,23,2,9,34,9.7590
1463,1642,1779559449001,1779559449001,1779559449010,1779559449019,1779559449019,1779559449012,1779559449036,11,0,9,2,24,35,10.0831
1464,1643,1779559449036,1779559449036,1779559449045,1779559449052,1779559449053,1779559449045,1779559449070,9,1,7,1,25,34,9.5153
1465,1644,1779559449070,1779559449070,1779559449079,1779559449091,1779559449091,1779559449083,1779559449105,13,0,12,1,22,35,9.1233
1466,1645,1779559449105,1779559449105,1779559449114,1779559449144,1779559449144,1779559449137,1779559449138,32,0,30,2,1,33,9.8275
1467,1646,1779559449138,1779559449138,1779559449148,1779559449177,1779559449177,1779559449169,1779559449173,31,0,29,2,4,35,9.4002
1468,1647,1779559449173,1779559449173,1779559449182,1779559449215,1779559449215,1779559449208,1779559449242,35,0,33,2,34,69,10.6837
1469,1649,1779559449242,1779559449242,1779559449251,1779559449269,1779559449269,1779559449261,1779559449284,19,0,18,1,23,42,10.6982
1470,1650,1779559449284,1779559449284,1779559449294,1779559449302,1779559449302,1779559449294,1779559449317,10,0,8,2,23,33,10.0417
1471,1651,1779559449317,1779559449317,1779559449326,1779559449340,1779559449340,1779559449332,1779559449359,15,0,14,1,27,42,9.6808
1472,1652,1779559449359,1779559449359,1779559449368,1779559449393,1779559449393,1779559449386,1779559449392,27,0,25,2,6,33,10.3977
1473,1653,1779559449392,1779559449392,1779559449401,1779559449427,1779559449427,1779559449420,1779559449426,28,0,26,2,6,34,9.7658
1474,1654,1779559449426,1779559449426,1779559449435,1779559449465,1779559449466,1779559449458,1779559449461,32,1,30,1,3,35,9.3972
1475,1656,1779559449495,1779559449495,1779559449506,1779559449520,1779559449520,1779559449512,1779559449529,17,0,14,3,17,34,9.7229
1476,1657,1779559449529,1779559449529,1779559449539,1779559449553,1779559449553,1779559449545,1779559449564,16,0,14,2,19,35,9.2072
1477,1658,1779559449564,1779559449564,1779559449573,1779559449591,1779559449591,1779559449583,1779559449598,19,0,18,1,15,34,8.8720
1478,1660,1779559449632,1779559449632,1779559449641,1779559449644,1779559449644,1779559449637,1779559449667,5,0,3,2,30,35,9.2463
1479,1661,1779559449667,1779559449667,1779559449676,1779559449677,1779559449677,1779559449669,1779559449701,2,0,1,1,32,34,8.8230
1480,1662,1779559449701,1779559449701,1779559449710,1779559449715,1779559449720,1779559449712,1779559449736,11,5,5,1,24,35,8.7813
1481,1663,1779559449736,1779559449736,1779559449745,1779559449769,1779559449769,1779559449761,1779559449771,25,0,24,1,10,35,9.0814
1482,1664,1779559449771,1779559449771,1779559449780,1779559449802,1779559449802,1779559449794,1779559449814,23,0,22,1,20,43,9.1225
1483,1665,1779559449814,1779559449814,1779559449823,1779559449840,1779559449840,1779559449832,1779559449847,18,0,17,1,15,33,8.8475
1484,1666,1779559449847,1779559449847,1779559449856,1779559449894,1779559449894,1779559449886,1779559449889,39,0,38,1,3,42,9.0571
1485,1667,1779559449889,1779559449889,1779559449898,1779559449927,1779559449927,1779559449920,1779559449922,31,0,29,2,2,33,8.4973
1486,1668,1779559449922,1779559449922,1779559449931,1779559449965,1779559449965,1779559449957,1779559449991,35,0,34,1,34,69,9.8817
1487,1670,1779559449991,1779559449991,1779559450000,1779559450019,1779559450019,1779559450011,1779559450026,20,0,19,1,15,35,10.4631
1488,1671,1779559450026,1779559450026,1779559450035,1779559450052,1779559450052,1779559450044,1779559450060,18,0,17,1,16,34,9.8694
1489,1672,1779559450060,1779559450060,1779559450068,1779559450090,1779559450090,1779559450082,1779559450094,22,0,22,0,12,34,9.4628
1490,1674,1779559450129,1779559450129,1779559450137,1779559450145,1779559450145,1779559450137,1779559450163,8,0,8,0,26,34,9.7367
1491,1675,1779559450163,1779559450163,1779559450173,1779559450178,1779559450178,1779559450171,1779559450198,8,0,5,3,27,35,9.1613
1492,1676,1779559450198,1779559450198,1779559450207,1779559450216,1779559450216,1779559450209,1779559450232,11,0,9,2,23,34,8.7495
1493,1677,1779559450232,1779559450232,1779559450241,1779559450270,1779559450270,1779559450262,1779559450268,30,0,29,1,6,36,9.3546
1494,1678,1779559450268,1779559450268,1779559450276,1779559450302,1779559450302,1779559450295,1779559450310,27,0,26,1,15,42,9.3626
1495,1679,1779559450310,1779559450310,1779559450319,1779559450340,1779559450340,1779559450333,1779559450384,23,0,21,2,51,74,10.9924
1497,1681,1779559450387,1779559450387,1779559450395,1779559450427,1779559450427,1779559450420,1779559450421,33,0,32,1,1,34,12.6532
1498,1683,1779559450455,1779559450455,1779559450464,1779559450465,1779559450465,1779559450458,1779559450489,3,0,1,2,31,34,13.7185
1499,1684,1779559450489,1779559450489,1779559450498,1779559450520,1779559450520,1779559450512,1779559450524,23,0,22,1,12,35,14.0722
1500,1685,1779559450524,1779559450524,1779559450533,1779559450553,1779559450553,1779559450545,1779559450558,21,0,20,1,13,34,13.2687
1501,1686,1779559450558,1779559450558,1779559450568,1779559450592,1779559450592,1779559450584,1779559450593,26,0,24,2,9,35,12.7336
1502,1688,1779559450627,1779559450627,1779559450636,1779559450646,1779559450646,1779559450638,1779559450662,11,0,10,1,24,35,12.8750
1503,1689,1779559450662,1779559450662,1779559450671,1779559450680,1779559450680,1779559450672,1779559450696,10,0,9,1,24,34,12.0813
1504,1690,1779559450696,1779559450696,1779559450705,1779559450717,1779559450717,1779559450710,1779559450730,14,0,12,2,20,34,11.5360
1507,1693,1779559450808,1779559450808,1779559450818,1779559450843,1779559450843,1779559450835,1779559450844,27,0,25,2,9,36,12.5673
1508,1695,1779559450885,1779559450885,1779559450894,1779559450896,1779559450896,1779559450888,1779559450919,3,0,2,1,31,34,13.1471
1509,1696,1779559450919,1779559450919,1779559450928,1779559450930,1779559450930,1779559450922,1779559450953,3,0,2,1,31,34,12.3609
1510,1697,1779559450953,1779559450953,1779559450962,1779559450968,1779559450969,1779559450961,1779559450987,8,1,6,1,26,34,11.8882
1511,1698,1779559450987,1779559450987,1779559450997,1779559451022,1779559451022,1779559451015,1779559451022,28,0,25,3,7,35,12.3834
1512,1699,1779559451022,1779559451022,1779559451030,1779559451056,1779559451056,1779559451048,1779559451056,26,0,26,0,8,34,11.7095
1513,1700,1779559451056,1779559451056,1779559451065,1779559451097,1779559451097,1779559451089,1779559451090,33,0,32,1,1,34,11.4096
1514,1702,1779559451125,1779559451125,1779559451134,1779559451151,1779559451151,1779559451143,1779559451159,18,0,17,1,16,34,11.5950
1515,1703,1779559451159,1779559451159,1779559451168,1779559451185,1779559451185,1779559451177,1779559451193,18,0,17,1,16,34,10.9122
1516,1704,1779559451193,1779559451193,1779559451202,1779559451225,1779559451225,1779559451217,1779559451227,24,0,23,1,10,34,10.5983
1519,1708,1779559451338,1779559451338,1779559451348,1779559451350,1779559451350,1779559451342,1779559451381,4,0,2,2,39,43,14.3467
1520,1709,1779559451381,1779559451381,1779559451390,1779559451404,1779559451404,1779559451396,1779559451415,15,0,14,1,19,34,14.7474
1521,1710,1779559451415,1779559451415,1779559451424,1779559451439,1779559451439,1779559451431,1779559451448,16,0,15,1,17,33,13.9070
1522,1711,1779559451448,1779559451448,1779559451457,1779559451477,1779559451477,1779559451469,1779559451483,21,0,20,1,14,35,13.2557
1523,1713,1779559451517,1779559451517,1779559451527,1779559451532,1779559451532,1779559451524,1779559451551,7,0,5,2,27,34,13.2635
1524,1714,1779559451551,1779559451551,1779559451560,1779559451565,1779559451565,1779559451557,1779559451586,6,0,5,1,29,35,12.5281
1525,1715,1779559451586,1779559451586,1779559451595,1779559451605,1779559451605,1779559451597,1779559451620,11,0,10,1,23,34,12.1124
1526,1716,1779559451620,1779559451620,1779559451629,1779559451658,1779559451658,1779559451651,1779559451654,31,0,29,2,3,34,12.5171
1527,1717,1779559451654,1779559451654,1779559451664,1779559451691,1779559451691,1779559451683,1779559451688,29,0,27,2,5,34,11.7947
1528,1718,1779559451688,1779559451688,1779559451697,1779559451729,1779559451729,1779559451721,1779559451723,33,0,32,1,2,35,11.2524
1529,1720,1779559451757,1779559451757,1779559451766,1779559451783,1779559451783,1779559451775,1779559451792,18,0,17,1,17,35,11.4672
1530,1721,1779559451792,1779559451792,1779559451801,1779559451816,1779559451816,1779559451808,1779559451837,16,0,15,1,29,45,11.4916
1531,1722,1779559451837,1779559451837,1779559451846,1779559451854,1779559451854,1779559451846,1779559451869,9,0,8,1,23,32,11.1452
1532,1723,1779559451869,1779559451869,1779559451878,1779559451907,1779559451907,1779559451900,1779559451912,31,0,29,2,12,43,11.1513
1533,1724,1779559451911,1779559451911,1779559451920,1779559451940,1779559451940,1779559451932,1779559451945,21,0,20,1,13,34,10.5471
1534,1725,1779559451945,1779559451945,1779559451954,1779559451977,1779559451977,1779559451970,1779559451978,25,0,23,2,8,33,10.1825
1535,1727,1779559452013,1779559452013,1779559452023,1779559452032,1779559452032,1779559452024,1779559452047,11,0,9,2,23,34,10.4716
1536,1728,1779559452047,1779559452047,1779559452056,1779559452064,1779559452064,1779559452057,1779559452085,10,0,8,2,28,38,10.1003
1537,1729,1779559452085,1779559452085,1779559452094,1779559452103,1779559452103,1779559452095,1779559452123,10,0,9,1,28,38,9.4893
1538,1730,1779559452123,1779559452123,1779559452132,1779559452157,1779559452157,1779559452150,1779559452163,27,0,25,2,13,40,9.8600
1539,1731,1779559452162,1779559452162,1779559452172,1779559452190,1779559452190,1779559452182,1779559452200,20,0,18,2,18,38,9.6012
1540,1732,1779559452200,1779559452200,1779559452209,1779559452228,1779559452228,1779559452220,1779559452238,20,0,19,1,18,38,9.0185
1541,1733,1779559452238,1779559452238,1779559452247,1779559452282,1779559452282,1779559452274,1779559452278,36,0,35,1,4,40,9.3355
1542,1734,1779559452278,1779559452278,1779559452287,1779559452315,1779559452315,1779559452307,1779559452315,29,0,28,1,8,37,8.9933
1543,1735,1779559452315,1779559452315,1779559452323,1779559452353,1779559452353,1779559452345,1779559452357,30,0,30,0,12,42,8.7012
1544,1737,1779559452390,1779559452390,1779559452400,1779559452407,1779559452407,1779559452400,1779559452432,10,0,7,3,32,42,9.4385
1548,1741,1779559452543,1779559452543,1779559452551,1779559452568,1779559452568,1779559452561,1779559452576,18,0,17,1,15,33,12.5907
1549,1742,1779559452576,1779559452576,1779559452585,1779559452606,1779559452606,1779559452598,1779559452610,22,0,21,1,12,34,11.9808
1550,1744,1779559452645,1779559452645,1779559452654,1779559452659,1779559452659,1779559452652,1779559452679,7,0,5,2,27,34,12.1235
1551,1745,1779559452679,1779559452679,1779559452688,1779559452693,1779559452693,1779559452685,1779559452713,6,0,5,1,28,34,11.4582
1552,1746,1779559452713,1779559452713,1779559452722,1779559452731,1779559452731,1779559452724,1779559452747,11,0,9,2,23,34,11.0665
1553,1747,1779559452747,1779559452747,1779559452756,1779559452786,1779559452786,1779559452778,1779559452781,31,0,30,1,3,34,11.5964
1556,1751,1779559452894,1779559452894,1779559452904,1779559452912,1779559452912,1779559452904,1779559452936,10,0,8,2,32,42,15.7550
1558,1753,1779559452969,1779559452969,1779559452978,1779559452984,1779559452984,1779559452976,1779559453004,7,0,6,1,28,35,14.1378
1559,1754,1779559453004,1779559453004,1779559453012,1779559453038,1779559453038,1779559453031,1779559453037,27,0,26,1,6,33,14.5750
1560,1755,1779559453037,1779559453037,1779559453046,1779559453072,1779559453072,1779559453064,1779559453072,27,0,26,1,8,35,13.7342
1561,1756,1779559453072,1779559453072,1779559453081,1779559453110,1779559453110,1779559453102,1779559453106,30,0,29,1,4,34,13.0999
1562,1758,1779559453140,1779559453140,1779559453149,1779559453164,1779559453164,1779559453156,1779559453175,16,0,15,1,19,35,13.1925
1563,1759,1779559453175,1779559453175,1779559453183,1779559453196,1779559453197,1779559453189,1779559453209,14,1,13,0,20,34,12.4343
1564,1760,1779559453209,1779559453209,1779559453217,1779559453234,1779559453234,1779559453227,1779559453243,18,0,17,1,16,34,11.8809
1565,1762,1779559453277,1779559453277,1779559453285,1779559453288,1779559453288,1779559453280,1779559453311,3,0,3,0,31,34,12.0966
1568,1765,1779559453391,1779559453391,1779559453400,1779559453414,1779559453414,1779559453407,1779559453425,16,0,14,2,18,34,15.5797
1569,1766,1779559453425,1779559453425,1779559453434,1779559453447,1779559453448,1779559453440,1779559453467,15,1,13,1,27,42,15.1797
1570,1767,1779559453467,1779559453467,1779559453476,1779559453486,1779559453486,1779559453478,1779559453500,11,0,10,1,22,33,14.5587
1571,1768,1779559453500,1779559453500,1779559453509,1779559453540,1779559453540,1779559453533,1779559453534,33,0,31,2,1,34,14.8674
1572,1769,1779559453534,1779559453534,1779559453544,1779559453573,1779559453573,1779559453565,1779559453569,31,0,29,2,4,35,14.0150
1573,1771,1779559453603,1779559453603,1779559453613,1779559453613,1779559453613,1779559453605,1779559453637,2,0,0,2,32,34,14.9276
1574,1772,1779559453637,1779559453637,1779559453646,1779559453668,1779559453668,1779559453661,1779559453672,24,0,22,2,11,35,15.3539
1575,1773,1779559453672,1779559453672,1779559453680,1779559453701,1779559453701,1779559453694,1779559453706,22,0,21,1,12,34,14.4830
1576,1774,1779559453706,1779559453706,1779559453715,1779559453739,1779559453739,1779559453732,1779559453740,26,0,24,2,8,34,13.7518
1577,1776,1779559453774,1779559453774,1779559453784,1779559453793,1779559453793,1779559453785,1779559453809,11,0,9,2,24,35,13.8035
1578,1777,1779559453809,1779559453809,1779559453818,1779559453825,1779559453825,1779559453818,1779559453844,9,0,7,2,26,35,13.0700
1579,1778,1779559453844,1779559453844,1779559453853,1779559453863,1779559453864,1779559453856,1779559453886,12,1,10,1,30,42,12.5270
1580,1779,1779559453886,1779559453886,1779559453895,1779559453918,1779559453918,1779559453910,1779559453919,24,0,23,1,9,33,13.0650
1581,1780,1779559453919,1779559453919,1779559453928,1779559453951,1779559453951,1779559453943,1779559453955,24,0,23,1,12,36,12.4250
1582,1781,1779559453955,1779559453955,1779559453964,1779559453989,1779559453989,1779559453981,1779559453996,26,0,25,1,15,41,11.8399
1583,1783,1779559454029,1779559454029,1779559454038,1779559454043,1779559454043,1779559454035,1779559454064,6,0,5,1,29,35,11.9734
1584,1784,1779559454064,1779559454064,1779559454072,1779559454079,1779559454079,1779559454071,1779559454098,7,0,7,0,27,34,11.3383
1585,1785,1779559454098,1779559454098,1779559454107,1779559454118,1779559454118,1779559454110,1779559454132,12,0,11,1,22,34,10.9360
1586,1786,1779559454132,1779559454132,1779559454141,1779559454175,1779559454175,1779559454167,1779559454167,35,0,34,1,0,35,11.6376
1587,1787,1779559454167,1779559454167,1779559454176,1779559454208,1779559454209,1779559454201,1779559454201,34,1,32,1,0,34,10.9288
1588,1789,1779559454236,1779559454236,1779559454244,1779559454247,1779559454247,1779559454239,1779559454270,3,0,3,0,31,34,12.1437
1589,1790,1779559454270,1779559454270,1779559454278,1779559454301,1779559454301,1779559454293,1779559454305,23,0,23,0,12,35,12.5666
1590,1791,1779559454305,1779559454305,1779559454314,1779559454335,1779559454335,1779559454327,1779559454339,22,0,21,1,12,34,11.8110
1591,1792,1779559454339,1779559454339,1779559454349,1779559454373,1779559454373,1779559454365,1779559454382,26,0,24,2,17,43,11.3743
1594,1795,1779559454459,1779559454459,1779559454468,1779559454498,1779559454498,1779559454490,1779559454493,31,0,30,1,3,34,12.3892
1595,1797,1779559454527,1779559454527,1779559454536,1779559454551,1779559454551,1779559454543,1779559454562,16,0,15,1,19,35,12.5841
1596,1798,1779559454562,1779559454562,1779559454571,1779559454584,1779559454584,1779559454576,1779559454597,14,0,13,1,21,35,11.9221
1597,1799,1779559454597,1779559454597,1779559454606,1779559454623,1779559454623,1779559454616,1779559454631,19,0,17,2,15,34,11.4916
1598,1801,1779559454665,1779559454665,1779559454674,1779559454678,1779559454678,1779559454670,1779559454699,5,0,4,1,29,34,11.6134
1599,1802,1779559454699,1779559454699,1779559454708,1779559454711,1779559454711,1779559454703,1779559454734,4,0,3,1,31,35,10.9901
1600,1803,1779559454734,1779559454734,1779559454743,1779559454749,1779559454749,1779559454741,1779559454768,7,0,6,1,27,34,10.5413
1601,1804,1779559454768,1779559454768,1779559454778,1779559454803,1779559454803,1779559454795,1779559454803,27,0,25,2,8,35,11.0759
1602,1805,1779559454803,1779559454803,1779559454812,1779559454836,1779559454836,1779559454828,1779559454838,25,0,24,1,10,35,10.4695
1603,1806,1779559454838,1779559454838,1779559454846,1779559454874,1779559454874,1779559454866,1779559454872,28,0,28,0,6,34,10.0275
1604,1808,1779559454915,1779559454915,1779559454924,1779559454928,1779559454928,1779559454920,1779559454948,5,0,4,1,28,33,10.7535
1605,1809,1779559454948,1779559454948,1779559454956,1779559454961,1779559454961,1779559454954,1779559454990,6,0,5,1,36,42,10.6837
1606,1810,1779559454990,1779559454990,1779559454999,1779559454999,1779559454999,1779559454991,1779559455024,1,0,0,1,33,34,10.3026
1607,1811,1779559455024,1779559455024,1779559455032,1779559455053,1779559455053,1779559455045,1779559455058,21,0,21,0,13,34,10.9110
1608,1812,1779559455058,1779559455058,1779559455066,1779559455086,1779559455086,1779559455078,1779559455092,20,0,20,0,14,34,10.3095
1609,1813,1779559455092,1779559455092,1779559455101,1779559455124,1779559455124,1779559455116,1779559455127,24,0,23,1,11,35,9.8777
1610,1815,1779559455161,1779559455161,1779559455170,1779559455178,1779559455178,1779559455170,1779559455195,9,0,8,1,25,34,10.1594
1611,1816,1779559455195,1779559455195,1779559455204,1779559455211,1779559455211,1779559455204,1779559455229,9,0,7,2,25,34,9.6008
1612,1817,1779559455229,1779559455229,1779559455239,1779559455250,1779559455250,1779559455242,1779559455264,13,0,11,2,22,35,9.2700
1613,1818,1779559455264,1779559455264,1779559455272,1779559455304,1779559455304,1779559455296,1779559455298,32,0,32,0,2,34,9.9289
1614,1819,1779559455298,1779559455298,1779559455307,1779559455337,1779559455337,1779559455329,1779559455332,31,0,30,1,3,34,9.3930
1615,1820,1779559455332,1779559455332,1779559455341,1779559455374,1779559455375,1779559455367,1779559455367,35,1,33,1,0,35,9.0164
1616,1822,1779559455403,1779559455403,1779559455412,1779559455428,1779559455428,1779559455421,1779559455446,18,0,16,2,25,43,9.9822
1619,1825,1779559455522,1779559455522,1779559455532,1779559455554,1779559455554,1779559455547,1779559455557,25,0,22,3,10,35,13.7265
1620,1826,1779559455557,1779559455557,1779559455565,1779559455588,1779559455588,1779559455581,1779559455599,24,0,23,1,18,42,13.3775
1621,1827,1779559455599,1779559455599,1779559455607,1779559455627,1779559455627,1779559455620,1779559455632,21,0,20,1,12,33,12.8585
1622,1829,1779559455666,1779559455666,1779559455676,1779559455681,1779559455681,1779559455673,1779559455700,7,0,5,2,27,34,12.9609
1623,1830,1779559455700,1779559455700,1779559455709,1779559455714,1779559455714,1779559455706,1779559455735,6,0,5,1,29,35,12.2635
1624,1831,1779559455735,1779559455735,1779559455744,1779559455752,1779559455752,1779559455744,1779559455769,9,0,8,1,25,34,11.7396
1625,1832,1779559455769,1779559455769,1779559455778,1779559455807,1779559455807,1779559455799,1779559455804,30,0,29,1,5,35,12.2858
1626,1833,1779559455804,1779559455804,1779559455813,1779559455839,1779559455839,1779559455832,1779559455838,28,0,26,2,6,34,11.5860
1627,1834,1779559455838,1779559455838,1779559455847,1779559455878,1779559455878,1779559455870,1779559455872,32,0,31,1,2,34,11.0862
1628,1835,1779559455872,1779559455872,1779559455881,1779559455931,1779559455931,1779559455923,1779559455948,51,0,50,1,25,76,11.7931
1629,1837,1779559455951,1779559455951,1779559455960,1779559455965,1779559455965,1779559455957,1779559455986,6,0,5,1,29,35,11.3128
1630,1838,1779559455986,1779559455986,1779559455994,1779559456004,1779559456004,1779559455996,1779559456028,10,0,10,0,32,42,10.7843
1631,1839,1779559456027,1779559456027,1779559456036,1779559456058,1779559456058,1779559456050,1779559456060,23,0,22,1,10,33,11.4491
1632,1840,1779559456060,1779559456060,1779559456069,1779559456091,1779559456091,1779559456084,1779559456095,24,0,22,2,11,35,10.8246
1633,1841,1779559456095,1779559456095,1779559456104,1779559456129,1779559456129,1779559456121,1779559456129,26,0,25,1,8,34,10.3876
1634,1843,1779559456170,1779559456170,1779559456180,1779559456183,1779559456183,1779559456175,1779559456198,5,0,3,2,23,28,10.6667
1635,1844,1779559456198,1779559456198,1779559456206,1779559456216,1779559456216,1779559456209,1779559456232,11,0,10,1,23,34,10.0212
1636,1845,1779559456232,1779559456232,1779559456241,1779559456255,1779559456255,1779559456247,1779559456267,15,0,14,1,20,35,9.6086
1638,1847,1779559456300,1779559456300,1779559456309,1779559456342,1779559456342,1779559456334,1779559456335,34,0,33,1,1,35,11.3598
1639,1849,1779559456369,1779559456369,1779559456378,1779559456380,1779559456380,1779559456372,1779559456405,3,0,2,1,33,36,12.6185
1640,1850,1779559456405,1779559456405,1779559456413,1779559456434,1779559456434,1779559456427,1779559456446,22,0,21,1,19,41,12.6713
1641,1851,1779559456446,1779559456446,1779559456455,1779559456468,1779559456468,1779559456460,1779559456479,14,0,13,1,19,33,11.8926
1642,1852,1779559456479,1779559456479,1779559456488,1779559456506,1779559456506,1779559456498,1779559456515,19,0,18,1,17,36,11.2800
1643,1853,1779559456515,1779559456515,1779559456524,1779559456561,1779559456561,1779559456553,1779559456556,38,0,37,1,3,41,11.4231
1644,1854,1779559456556,1779559456556,1779559456565,1779559456594,1779559456594,1779559456586,1779559456590,30,0,29,1,4,34,10.7496
1645,1855,1779559456590,1779559456590,1779559456599,1779559456633,1779559456633,1779559456625,1779559456660,35,0,34,1,35,70,12.0129
1646,1857,1779559456660,1779559456660,1779559456669,1779559456686,1779559456686,1779559456679,1779559456695,19,0,17,2,16,35,12.4616
1647,1858,1779559456695,1779559456695,1779559456704,1779559456720,1779559456720,1779559456712,1779559456730,17,0,16,1,18,35,11.8045
1648,1859,1779559456730,1779559456730,1779559456738,1779559456758,1779559456758,1779559456750,1779559456765,20,0,20,0,15,35,11.2285
1649,1861,1779559456800,1779559456800,1779559456809,1779559456812,1779559456812,1779559456804,1779559456835,4,0,3,1,31,35,11.5053
1650,1862,1779559456835,1779559456835,1779559456844,1779559456846,1779559456846,1779559456838,1779559456869,3,0,2,1,31,34,10.8040
1651,1863,1779559456869,1779559456869,1779559456878,1779559456884,1779559456884,1779559456876,1779559456905,7,0,6,1,29,36,10.2606
1652,1864,1779559456905,1779559456905,1779559456915,1779559456938,1779559456938,1779559456930,1779559456940,25,0,23,2,10,35,10.7892
1653,1865,1779559456940,1779559456940,1779559456949,1779559456971,1779559456971,1779559456963,1779559456983,23,0,22,1,20,43,10.6963
1654,1866,1779559456983,1779559456983,1779559456992,1779559457009,1779559457009,1779559457001,1779559457018,18,0,17,1,17,35,10.2151
1655,1867,1779559457018,1779559457018,1779559457026,1779559457064,1779559457064,1779559457056,1779559457059,38,0,38,0,3,41,10.4169
1656,1868,1779559457059,1779559457059,1779559457068,1779559457097,1779559457097,1779559457089,1779559457093,30,0,29,1,4,34,9.8220
1657,1869,1779559457093,1779559457093,1779559457102,1779559457135,1779559457135,1779559457127,1779559457127,34,0,33,1,0,34,9.4422
1658,1871,1779559457162,1779559457162,1779559457170,1779559457189,1779559457189,1779559457181,1779559457196,19,0,19,0,15,34,9.7805
1659,1872,1779559457196,1779559457196,1779559457205,1779559457222,1779559457222,1779559457214,1779559457230,18,0,17,1,16,34,9.2416
1660,1873,1779559457230,1779559457230,1779559457240,1779559457260,1779559457260,1779559457252,1779559457264,22,0,20,2,12,34,8.9103
1661,1875,1779559457298,1779559457298,1779559457308,1779559457314,1779559457314,1779559457306,1779559457333,8,0,6,2,27,35,9.2550
1662,1876,1779559457333,1779559457333,1779559457342,1779559457346,1779559457346,1779559457339,1779559457368,6,0,4,2,29,35,8.8168
1663,1877,1779559457368,1779559457368,1779559457377,1779559457384,1779559457384,1779559457376,1779559457411,8,0,7,1,35,43,8.6233
1664,1878,1779559457411,1779559457411,1779559457419,1779559457438,1779559457438,1779559457430,1779559457443,19,0,19,0,13,32,9.4531
1665,1879,1779559457443,1779559457443,1779559457452,1779559457472,1779559457472,1779559457464,1779559457477,21,0,20,1,13,34,8.8859
1666,1880,1779559457477,1779559457477,1779559457486,1779559457511,1779559457511,1779559457503,1779559457552,26,0,25,1,49,75,10.5386
1667,1882,1779559457555,1779559457555,1779559457564,1779559457565,1779559457565,1779559457558,1779559457588,3,0,1,2,30,33,10.9544
1668,1883,1779559457588,1779559457588,1779559457598,1779559457599,1779559457599,1779559457591,1779559457623,3,0,1,2,32,35,10.2952
1669,1884,1779559457623,1779559457623,1779559457632,1779559457637,1779559457637,1779559457630,1779559457657,7,0,5,2,27,34,9.8864
1670,1885,1779559457657,1779559457657,1779559457666,1779559457691,1779559457691,1779559457684,1779559457691,27,0,25,2,7,34,10.5559
1671,1886,1779559457691,1779559457691,1779559457701,1779559457726,1779559457726,1779559457718,1779559457727,27,0,25,2,9,36,9.9841
1672,1887,1779559457727,1779559457727,1779559457736,1779559457764,1779559457764,1779559457756,1779559457760,29,0,28,1,4,33,9.6683
1673,1889,1779559457794,1779559457794,1779559457803,1779559457818,1779559457818,1779559457810,1779559457828,16,0,15,1,18,34,9.9726
1674,1890,1779559457828,1779559457828,1779559457837,1779559457851,1779559457851,1779559457843,1779559457862,15,0,14,1,19,34,9.3919
1675,1891,1779559457862,1779559457862,1779559457872,1779559457891,1779559457891,1779559457883,1779559457897,21,0,19,2,14,35,9.1288
1678,1894,1779559457976,1779559457976,1779559457985,1779559458016,1779559458016,1779559458008,1779559458011,32,0,31,1,3,35,10.6590
1679,1896,1779559458053,1779559458053,1779559458061,1779559458071,1779559458071,1779559458063,1779559458086,10,0,10,0,23,33,11.2179
1680,1897,1779559458085,1779559458085,1779559458094,1779559458105,1779559458105,1779559458097,1779559458120,12,0,11,1,23,35,10.5342
1681,1898,1779559458120,1779559458120,1779559458130,1779559458144,1779559458144,1779559458136,1779559458155,16,0,14,2,19,35,10.1443
1682,1900,1779559458188,1779559458188,1779559458198,1779559458198,1779559458198,1779559458191,1779559458223,3,0,0,3,32,35,10.4238
1684,1902,1779559458258,1779559458258,1779559458267,1779559458270,1779559458270,1779559458263,1779559458291,5,0,3,2,28,33,9.4453
1685,1903,1779559458291,1779559458291,1779559458300,1779559458324,1779559458325,1779559458317,1779559458326,26,1,24,1,9,35,10.1387
1686,1904,1779559458326,1779559458326,1779559458335,1779559458360,1779559458360,1779559458352,1779559458361,26,0,25,1,9,35,9.5300
1687,1905,1779559458360,1779559458360,1779559458370,1779559458398,1779559458399,1779559458391,1779559458395,31,1,28,2,4,35,9.2454
1690,1909,1779559458510,1779559458510,1779559458519,1779559458527,1779559458527,1779559458519,1779559458545,9,0,8,1,26,35,12.7872
1691,1910,1779559458544,1779559458544,1779559458554,1779559458581,1779559458581,1779559458573,1779559458586,29,0,27,2,13,42,12.7548
1692,1911,1779559458586,1779559458586,1779559458595,1779559458614,1779559458614,1779559458607,1779559458619,21,0,19,2,12,33,12.0170
1693,1912,1779559458619,1779559458619,1779559458628,1779559458652,1779559458652,1779559458645,1779559458654,26,0,24,2,9,35,11.4069
1694,1914,1779559458688,1779559458688,1779559458699,1779559458707,1779559458707,1779559458699,1779559458723,11,0,8,3,24,35,11.5445
1695,1915,1779559458723,1779559458723,1779559458732,1779559458744,1779559458744,1779559458737,1779559458757,14,0,12,2,20,34,11.0042
1696,1916,1779559458757,1779559458757,1779559458766,1779559458783,1779559458783,1779559458775,1779559458792,18,0,17,1,17,35,10.5780
1697,1918,1779559458826,1779559458826,1779559458835,1779559458836,1779559458836,1779559458828,1779559458860,2,0,1,1,32,34,10.8914
1698,1919,1779559458860,1779559458860,1779559458869,1779559458869,1779559458869,1779559458862,1779559458895,2,0,0,2,33,35,10.2624
1699,1920,1779559458895,1779559458895,1779559458904,1779559458908,1779559458908,1779559458900,1779559458930,5,0,4,1,30,35,9.8316
1700,1921,1779559458930,1779559458930,1779559458939,1779559458962,1779559458962,1779559458954,1779559458965,24,0,23,1,11,35,10.3841
1701,1922,1779559458965,1779559458965,1779559458974,1779559458996,1779559458996,1779559458988,1779559459007,23,0,22,1,19,42,10.2186
1702,1923,1779559459007,1779559459007,1779559459015,1779559459034,1779559459034,1779559459026,1779559459040,19,0,19,0,14,33,9.8448
1703,1924,1779559459040,1779559459040,1779559459049,1779559459088,1779559459088,1779559459080,1779559459082,40,0,39,1,2,42,10.0133
1704,1925,1779559459082,1779559459082,1779559459091,1779559459121,1779559459121,1779559459113,1779559459115,31,0,30,1,2,33,9.4217
1705,1927,1779559459149,1779559459149,1779559459158,1779559459159,1779559459159,1779559459151,1779559459185,2,0,1,1,34,36,10.7751
1706,1928,1779559459184,1779559459184,1779559459194,1779559459213,1779559459213,1779559459205,1779559459219,21,0,19,2,14,35,11.3366
1707,1929,1779559459219,1779559459219,1779559459228,1779559459247,1779559459247,1779559459239,1779559459253,20,0,19,1,14,34,10.6424
1708,1930,1779559459253,1779559459253,1779559459262,1779559459286,1779559459286,1779559459278,1779559459287,25,0,24,1,9,34,10.2920
1709,1932,1779559459321,1779559459321,1779559459330,1779559459341,1779559459341,1779559459333,1779559459356,12,0,11,1,23,35,10.5331
1710,1933,1779559459356,1779559459356,1779559459365,1779559459374,1779559459374,1779559459366,1779559459390,10,0,9,1,24,34,9.9524
1711,1934,1779559459390,1779559459390,1779559459400,1779559459413,1779559459413,1779559459406,1779559459425,16,0,13,3,19,35,9.5886
1712,1935,1779559459425,1779559459425,1779559459435,1779559459467,1779559459467,1779559459459,1779559459459,34,0,32,2,0,34,10.2326
1713,1936,1779559459459,1779559459459,1779559459469,1779559459499,1779559459499,1779559459492,1779559459495,33,0,30,3,3,36,9.7555
1714,1937,1779559459495,1779559459495,1779559459503,1779559459538,1779559459538,1779559459530,1779559459537,35,0,35,0,7,42,9.3811
1715,1939,1779559459570,1779559459570,1779559459579,1779559459591,1779559459591,1779559459583,1779559459613,13,0,12,1,30,43,10.2306
1716,1940,1779559459613,1779559459613,1779559459622,1779559459624,1779559459624,1779559459616,1779559459646,3,0,2,1,30,33,9.5933
1717,1941,1779559459646,1779559459646,1779559459655,1779559459661,1779559459662,1779559459654,1779559459680,8,1,6,1,26,34,9.2312
1718,1942,1779559459680,1779559459680,1779559459688,1779559459716,1779559459716,1779559459708,1779559459714,28,0,28,0,6,34,9.8757
1719,1943,1779559459714,1779559459714,1779559459724,1779559459749,1779559459749,1779559459741,1779559459748,27,0,25,2,7,34,9.3291
1720,1944,1779559459748,1779559459748,1779559459757,1779559459786,1779559459786,1779559459779,1779559459783,31,0,29,2,4,35,8.9039
1721,1946,1779559459817,1779559459817,1779559459826,1779559459845,1779559459845,1779559459838,1779559459852,21,0,19,2,14,35,8.9034
1722,1947,1779559459852,1779559459852,1779559459861,1779559459879,1779559459879,1779559459871,1779559459886,19,0,18,1,15,34,8.4357
1723,1948,1779559459886,1779559459886,1779559459895,1779559459917,1779559459918,1779559459910,1779559459921,24,1,22,1,11,35,8.2005
1724,1950,1779559459955,1779559459955,1779559459965,1779559459972,1779559459972,1779559459965,1779559459990,10,0,7,3,25,35,8.6570
1725,1951,1779559459990,1779559459990,1779559459999,1779559460006,1779559460006,1779559460000,1779559460032,10,0,7,3,32,42,8.5710
1726,1952,1779559460032,1779559460032,1779559460041,1779559460044,1779559460045,1779559460037,1779559460066,5,1,3,1,29,34,8.3291
1727,1953,1779559460066,1779559460066,1779559460075,1779559460098,1779559460098,1779559460091,1779559460109,25,0,23,2,18,43,8.3834
1728,1954,1779559460109,1779559460109,1779559460119,1779559460132,1779559460132,1779559460125,1779559460142,16,0,13,3,17,33,7.9855
1729,1955,1779559460142,1779559460142,1779559460151,1779559460171,1779559460171,1779559460163,1779559460177,21,0,20,1,14,35,7.7038
1730,1957,1779559460211,1779559460211,1779559460220,1779559460225,1779559460225,1779559460217,1779559460245,6,0,5,1,28,34,8.1258
1731,1958,1779559460245,1779559460245,1779559460255,1779559460259,1779559460259,1779559460251,1779559460280,6,0,4,2,29,35,7.6565
1732,1959,1779559460280,1779559460280,1779559460290,1779559460296,1779559460297,1779559460289,1779559460314,9,1,6,2,25,34,7.4152
1733,1960,1779559460314,1779559460314,1779559460323,1779559460350,1779559460351,1779559460343,1779559460348,29,1,27,1,5,34,8.2272
1734,1961,1779559460348,1779559460348,1779559460357,1779559460384,1779559460384,1779559460377,1779559460383,29,0,27,2,6,35,7.7647
1735,1962,1779559460383,1779559460383,1779559460392,1779559460422,1779559460422,1779559460415,1779559460417,32,0,30,2,2,34,7.4542
1738,1966,1779559460530,1779559460530,1779559460539,1779559460546,1779559460546,1779559460539,1779559460564,9,0,7,2,25,34,11.1677
1739,1967,1779559460564,1779559460564,1779559460573,1779559460602,1779559460602,1779559460594,1779559460599,30,0,29,1,5,35,11.8252
1740,1968,1779559460598,1779559460598,1779559460607,1779559460635,1779559460635,1779559460628,1779559460633,30,0,28,2,5,35,11.1522
1741,1969,1779559460633,1779559460633,1779559460642,1779559460675,1779559460675,1779559460667,1779559460701,34,0,33,1,34,68,12.2233
1742,1971,1779559460701,1779559460701,1779559460710,1779559460728,1779559460728,1779559460721,1779559460735,20,0,18,2,14,34,12.6233
1743,1972,1779559460735,1779559460735,1779559460744,1779559460761,1779559460761,1779559460753,1779559460769,18,0,17,1,16,34,11.8901
1744,1973,1779559460769,1779559460769,1779559460779,1779559460799,1779559460799,1779559460792,1779559460804,23,0,20,3,12,35,11.3518
1745,1975,1779559460838,1779559460838,1779559460847,1779559460853,1779559460853,1779559460845,1779559460872,7,0,6,1,27,34,11.5317
1746,1976,1779559460872,1779559460872,1779559460881,1779559460885,1779559460885,1779559460878,1779559460907,6,0,4,2,29,35,10.9203
1747,1977,1779559460907,1779559460907,1779559460916,1779559460924,1779559460924,1779559460917,1779559460941,10,0,8,2,24,34,10.4598
1748,1978,1779559460941,1779559460941,1779559460950,1779559460978,1779559460978,1779559460970,1779559460976,29,0,28,1,6,35,11.0260
1753,1983,1779559461163,1779559461163,1779559461172,1779559461173,1779559461173,1779559461165,1779559461166,2,0,1,1,1,3,19.2262
1754,1985,1779559461200,1779559461200,1779559461209,1779559461227,1779559461227,1779559461219,1779559461235,19,0,18,1,16,35,18.9096
1755,1986,1779559461235,1779559461235,1779559461243,1779559461260,1779559461260,1779559461252,1779559461268,17,0,17,0,16,33,17.7699
1756,1987,1779559461268,1779559461268,1779559461278,1779559461298,1779559461298,1779559461290,1779559461303,22,0,20,2,13,35,16.8556
1757,1989,1779559461337,1779559461337,1779559461346,1779559461352,1779559461352,1779559461344,1779559461371,7,0,6,1,27,34,16.6824
1758,1990,1779559461371,1779559461371,1779559461380,1779559461384,1779559461384,1779559461377,1779559461406,6,0,4,2,29,35,15.7527
1759,1991,1779559461406,1779559461406,1779559461415,1779559461422,1779559461422,1779559461415,1779559461440,9,0,7,2,25,34,14.9774
1760,1992,1779559461440,1779559461440,1779559461449,1779559461476,1779559461476,1779559461469,1779559461474,29,0,27,2,5,34,15.3357
1761,1993,1779559461474,1779559461474,1779559461483,1779559461510,1779559461510,1779559461502,1779559461508,28,0,27,1,6,34,14.4666
1762,1994,1779559461508,1779559461508,1779559461517,1779559461548,1779559461548,1779559461540,1779559461584,32,0,31,1,44,76,15.8933
1763,1996,1779559461587,1779559461587,1779559461596,1779559461601,1779559461601,1779559461594,1779559461622,7,0,5,2,28,35,15.8781
1764,1997,1779559461622,1779559461622,1779559461632,1779559461634,1779559461634,1779559461626,1779559461664,4,0,2,2,38,42,15.4972
1765,1998,1779559461664,1779559461664,1779559461673,1779559461673,1779559461673,1779559461666,1779559461697,2,0,0,2,31,33,14.9880
1766,1999,1779559461696,1779559461696,1779559461706,1779559461728,1779559461728,1779559461720,1779559461731,24,0,22,2,11,35,15.2949
1767,2000,1779559461731,1779559461731,1779559461740,1779559461762,1779559461762,1779559461754,1779559461765,23,0,22,1,11,34,14.3842
1768,2001,1779559461765,1779559461765,1779559461775,1779559461802,1779559461802,1779559461795,1779559461799,30,0,27,3,4,34,13.8857
1769,2003,1779559461833,1779559461833,1779559461844,1779559461858,1779559461858,1779559461850,1779559461867,17,0,14,3,17,34,13.8007
1770,2004,1779559461867,1779559461867,1779559461877,1779559461893,1779559461893,1779559461885,1779559461902,18,0,16,2,17,35,12.9920
1771,2005,1779559461902,1779559461902,1779559461911,1779559461932,1779559461932,1779559461924,1779559461936,22,0,21,1,12,34,12.4632
1772,2007,1779559461970,1779559461970,1779559461979,1779559461987,1779559461987,1779559461980,1779559462005,10,0,8,2,25,35,12.4793
1773,2008,1779559462005,1779559462005,1779559462013,1779559462021,1779559462021,1779559462013,1779559462040,8,0,8,0,27,35,11.8072
1774,2009,1779559462039,1779559462039,1779559462048,1779559462058,1779559462058,1779559462051,1779559462086,12,0,10,2,35,47,11.6059
1775,2010,1779559462086,1779559462086,1779559462096,1779559462113,1779559462113,1779559462105,1779559462123,19,0,17,2,18,37,11.9599
1776,2011,1779559462123,1779559462123,1779559462132,1779559462146,1779559462146,1779559462139,1779559462167,16,0,14,2,28,44,11.9106
1777,2012,1779559462167,1779559462167,1779559462176,1779559462185,1779559462185,1779559462177,1779559462204,10,0,9,1,27,37,11.3091
1778,2013,1779559462204,1779559462204,1779559462213,1779559462238,1779559462238,1779559462230,1779559462243,26,0,25,1,13,39,11.4382
1779,2014,1779559462243,1779559462243,1779559462252,1779559462270,1779559462271,1779559462263,1779559462281,20,1,18,1,18,38,11.0276
1780,2015,1779559462281,1779559462281,1779559462290,1779559462309,1779559462309,1779559462302,1779559462318,21,0,19,2,16,37,10.3864
1781,2017,1779559462352,1779559462352,1779559462361,1779559462363,1779559462363,1779559462355,1779559462387,3,0,2,1,32,35,10.6361
1782,2018,1779559462387,1779559462387,1779559462395,1779559462396,1779559462396,1779559462389,1779559462421,2,0,1,1,32,34,10.0030
1783,2019,1779559462421,1779559462421,1779559462431,1779559462435,1779559462435,1779559462427,1779559462456,6,0,4,2,29,35,9.6078
1784,2020,1779559462456,1779559462456,1779559462464,1779559462489,1779559462489,1779559462482,1779559462490,26,0,25,1,8,34,10.2646
1785,2021,1779559462489,1779559462489,1779559462498,1779559462523,1779559462523,1779559462516,1779559462524,27,0,25,2,8,35,9.6708
1786,2022,1779559462524,1779559462524,1779559462534,1779559462563,1779559462563,1779559462555,1779559462559,31,0,29,2,4,35,9.3932
1787,2024,1779559462602,1779559462602,1779559462611,1779559462619,1779559462619,1779559462611,1779559462635,9,0,8,1,24,33,10.0612
1788,2025,1779559462635,1779559462635,1779559462644,1779559462653,1779559462653,1779559462645,1779559462670,10,0,9,1,25,35,9.4778
1789,2026,1779559462670,1779559462670,1779559462679,1779559462691,1779559462691,1779559462683,1779559462712,13,0,12,1,29,42,9.1235
1790,2027,1779559462712,1779559462712,1779559462720,1779559462745,1779559462745,1779559462737,1779559462745,25,0,25,0,8,33,9.8260
1791,2028,1779559462745,1779559462745,1779559462755,1779559462778,1779559462778,1779559462770,1779559462779,25,0,23,2,9,34,9.2501
1792,2029,1779559462779,1779559462779,1779559462788,1779559462818,1779559462818,1779559462810,1779559462814,31,0,30,1,4,35,9.0066
1793,2031,1779559462848,1779559462848,1779559462857,1779559462874,1779559462874,1779559462866,1779559462882,18,0,17,1,16,34,9.2283
1794,2032,1779559462882,1779559462882,1779559462891,1779559462909,1779559462909,1779559462902,1779559462917,20,0,18,2,15,35,8.7262
1795,2033,1779559462917,1779559462917,1779559462926,1779559462948,1779559462948,1779559462940,1779559462951,23,0,22,1,11,34,8.4299
1796,2035,1779559462985,1779559462985,1779559462995,1779559463002,1779559463002,1779559462994,1779559463020,9,0,7,2,26,35,8.8634
1799,2038,1779559463099,1779559463099,1779559463109,1779559463126,1779559463126,1779559463118,1779559463135,19,0,17,2,17,36,12.7554
1800,2039,1779559463135,1779559463135,1779559463143,1779559463159,1779559463159,1779559463151,1779559463176,16,0,16,0,25,41,12.5112
1801,2040,1779559463176,1779559463176,1779559463186,1779559463197,1779559463197,1779559463189,1779559463210,13,0,11,2,21,34,12.0266
1802,2041,1779559463210,1779559463210,1779559463219,1779559463250,1779559463250,1779559463243,1779559463244,33,0,31,2,1,34,12.4392
1803,2042,1779559463244,1779559463244,1779559463253,1779559463283,1779559463283,1779559463275,1779559463278,31,0,30,1,3,34,11.7404
1804,2043,1779559463278,1779559463278,1779559463288,1779559463322,1779559463322,1779559463314,1779559463347,36,0,34,2,33,69,12.8526
1805,2045,1779559463347,1779559463347,1779559463356,1779559463376,1779559463376,1779559463368,1779559463381,21,0,20,1,13,34,13.2630
1806,2046,1779559463381,1779559463381,1779559463391,1779559463410,1779559463410,1779559463402,1779559463416,21,0,19,2,14,35,12.4871
1807,2047,1779559463416,1779559463416,1779559463425,1779559463449,1779559463449,1779559463441,1779559463450,25,0,24,1,9,34,12.0222
1808,2049,1779559463485,1779559463485,1779559463495,1779559463503,1779559463503,1779559463495,1779559463519,10,0,8,2,24,34,12.2187
1809,2050,1779559463519,1779559463519,1779559463529,1779559463536,1779559463536,1779559463528,1779559463555,9,0,7,2,27,36,11.5891
1812,2053,1779559463633,1779559463633,1779559463643,1779559463664,1779559463664,1779559463656,1779559463668,23,0,21,2,12,35,15.1554
1813,2054,1779559463668,1779559463668,1779559463678,1779559463703,1779559463703,1779559463695,1779559463716,27,0,25,2,21,48,14.7180
1814,2055,1779559463715,1779559463715,1779559463724,1779559463758,1779559463758,1779559463750,1779559463754,35,0,34,1,4,39,14.8176
1815,2056,1779559463754,1779559463754,1779559463763,1779559463792,1779559463792,1779559463784,1779559463789,30,0,29,1,5,35,13.9146
1816,2057,1779559463789,1779559463789,1779559463797,1779559463830,1779559463830,1779559463823,1779559463823,34,0,33,1,0,34,13.2470
1817,2059,1779559463857,1779559463857,1779559463867,1779559463885,1779559463885,1779559463878,1779559463892,21,0,18,3,14,35,13.2559
1818,2060,1779559463892,1779559463892,1779559463901,1779559463919,1779559463919,1779559463911,1779559463927,19,0,18,1,16,35,12.4797
1819,2061,1779559463927,1779559463927,1779559463936,1779559463958,1779559463958,1779559463950,1779559463960,23,0,22,1,10,33,12.0183
1820,2063,1779559463995,1779559463995,1779559464004,1779559464011,1779559464011,1779559464004,1779559464030,9,0,7,2,26,35,12.2092
1821,2064,1779559464029,1779559464029,1779559464039,1779559464045,1779559464045,1779559464037,1779559464064,8,0,6,2,27,35,11.5627
1822,2065,1779559464064,1779559464064,1779559464074,1779559464083,1779559464083,1779559464075,1779559464100,11,0,9,2,25,36,10.9937
1823,2066,1779559464100,1779559464100,1779559464109,1779559464137,1779559464137,1779559464129,1779559464142,29,0,28,1,13,42,11.0624
1824,2067,1779559464142,1779559464142,1779559464151,1779559464170,1779559464170,1779559464162,1779559464175,20,0,19,1,13,33,10.3873
1825,2068,1779559464175,1779559464175,1779559464184,1779559464208,1779559464208,1779559464200,1779559464218,25,0,24,1,18,43,10.0206
1826,2070,1779559464251,1779559464251,1779559464259,1779559464262,1779559464262,1779559464254,1779559464285,3,0,3,0,31,34,10.2497
1827,2071,1779559464285,1779559464285,1779559464294,1779559464294,1779559464294,1779559464287,1779559464319,2,0,0,2,32,34,9.7338
1828,2072,1779559464319,1779559464319,1779559464328,1779559464332,1779559464332,1779559464324,1779559464354,5,0,4,1,30,35,9.3250
1829,2073,1779559464354,1779559464354,1779559464363,1779559464388,1779559464388,1779559464380,1779559464389,26,0,25,1,9,35,10.0909
1830,2074,1779559464389,1779559464389,1779559464397,1779559464421,1779559464421,1779559464413,1779559464423,24,0,24,0,10,34,9.5405
1831,2075,1779559464423,1779559464423,1779559464432,1779559464458,1779559464458,1779559464451,1779559464457,28,0,26,2,6,34,9.1682
1832,2077,1779559464491,1779559464491,1779559464500,1779559464512,1779559464512,1779559464505,1779559464526,14,0,12,2,21,35,9.5039
1833,2078,1779559464526,1779559464526,1779559464535,1779559464545,1779559464545,1779559464537,1779559464560,11,0,10,1,23,34,9.0726
1834,2079,1779559464560,1779559464560,1779559464570,1779559464584,1779559464584,1779559464576,1779559464595,16,0,14,2,19,35,8.7563
1835,2080,1779559464595,1779559464595,1779559464605,1779559464639,1779559464639,1779559464631,1779559464640,36,0,34,2,9,45,8.8417
1838,2084,1779559464751,1779559464751,1779559464761,1779559464763,1779559464763,1779559464755,1779559464786,4,0,2,2,31,35,12.9446
1839,2085,1779559464786,1779559464786,1779559464795,1779559464796,1779559464796,1779559464788,1779559464821,2,0,1,1,33,35,12.2196
1840,2086,1779559464821,1779559464821,1779559464830,1779559464834,1779559464834,1779559464826,1779559464855,5,0,4,1,29,34,11.6685
1841,2087,1779559464855,1779559464855,1779559464864,1779559464891,1779559464891,1779559464883,1779559464889,28,0,27,1,6,34,12.3686
1842,2088,1779559464889,1779559464889,1779559464898,1779559464923,1779559464923,1779559464916,1779559464924,27,0,25,2,8,35,11.7053
1843,2089,1779559464924,1779559464924,1779559464933,1779559464961,1779559464962,1779559464954,1779559464958,30,1,28,1,4,34,11.2426
1844,2091,1779559464992,1779559464992,1779559465001,1779559465015,1779559465015,1779559465007,1779559465027,15,0,14,1,20,35,11.5220
1845,2092,1779559465026,1779559465026,1779559465035,1779559465048,1779559465048,1779559465041,1779559465061,15,0,13,2,20,35,10.8080
1848,2095,1779559465140,1779559465140,1779559465149,1779559465174,1779559465174,1779559465167,1779559465174,27,0,25,2,7,34,14.2818
1849,2096,1779559465174,1779559465174,1779559465183,1779559465213,1779559465213,1779559465205,1779559465249,31,0,30,1,44,75,15.6741
1850,2098,1779559465252,1779559465252,1779559465263,1779559465266,1779559465266,1779559465258,1779559465286,6,0,3,3,28,34,15.6902
1851,2099,1779559465286,1779559465286,1779559465295,1779559465300,1779559465300,1779559465292,1779559465321,6,0,5,1,29,35,14.7402
1852,2100,1779559465321,1779559465321,1779559465329,1779559465338,1779559465338,1779559465330,1779559465355,9,0,9,0,25,34,14.0306
1853,2101,1779559465355,1779559465355,1779559465365,1779559465392,1779559465392,1779559465384,1779559465389,29,0,27,2,5,34,14.3892
1854,2102,1779559465389,1779559465389,1779559465398,1779559465424,1779559465424,1779559465417,1779559465424,28,0,26,2,7,35,13.6050
1855,2103,1779559465424,1779559465424,1779559465434,1779559465463,1779559465463,1779559465455,1779559465458,31,0,29,2,3,34,13.0273
1856,2105,1779559465492,1779559465492,1779559465501,1779559465517,1779559465517,1779559465509,1779559465526,17,0,16,1,17,34,13.1216
1857,2106,1779559465526,1779559465526,1779559465535,1779559465550,1779559465550,1779559465542,1779559465560,16,0,15,1,18,34,12.3666
1858,2107,1779559465560,1779559465560,1779559465569,1779559465588,1779559465588,1779559465580,1779559465595,20,0,19,1,15,35,11.7948
1861,2110,1779559465674,1779559465674,1779559465683,1779559465713,1779559465713,1779559465705,1779559465708,31,0,30,1,3,34,12.8057
1862,2112,1779559465750,1779559465750,1779559465759,1779559465768,1779559465768,1779559465760,1779559465783,10,0,9,1,23,33,13.2549
1863,2113,1779559465783,1779559465783,1779559465793,1779559465800,1779559465801,1779559465793,1779559465817,10,1,7,2,24,34,12.4828
1864,2114,1779559465817,1779559465817,1779559465826,1779559465839,1779559465839,1779559465832,1779559465852,15,0,13,2,20,35,11.9156
1865,2115,1779559465852,1779559465852,1779559465861,1779559465894,1779559465894,1779559465886,1779559465886,34,0,33,1,0,34,12.4592
1866,2116,1779559465886,1779559465886,1779559465895,1779559465927,1779559465927,1779559465919,1779559465921,33,0,32,1,2,35,11.7550
1867,2118,1779559465954,1779559465954,1779559465963,1779559465966,1779559465966,1779559465958,1779559465989,4,0,3,1,31,35,12.8445
1868,2119,1779559465989,1779559465989,1779559465997,1779559466021,1779559466021,1779559466013,1779559466023,24,0,24,0,10,34,13.3357
1869,2120,1779559466023,1779559466023,1779559466032,1779559466054,1779559466054,1779559466046,1779559466057,23,0,22,1,11,34,12.5648
1870,2121,1779559466057,1779559466057,1779559466066,1779559466092,1779559466092,1779559466084,1779559466091,27,0,26,1,7,34,12.0007
1871,2123,1779559466126,1779559466126,1779559466135,1779559466146,1779559466146,1779559466138,1779559466169,12,0,11,1,31,43,12.6945
1872,2124,1779559466169,1779559466169,1779559466178,1779559466179,1779559466179,1779559466171,1779559466201,2,0,1,1,30,32,11.9256
1873,2125,1779559466201,1779559466201,1779559466211,1779559466217,1779559466217,1779559466210,1779559466244,9,0,6,3,34,43,11.4537
1874,2126,1779559466244,1779559466244,1779559466252,1779559466271,1779559466271,1779559466264,1779559466277,20,0,19,1,13,33,12.0852
1875,2127,1779559466277,1779559466277,1779559466286,1779559466304,1779559466304,1779559466297,1779559466311,20,0,18,2,14,34,11.4084
1876,2128,1779559466311,1779559466311,1779559466320,1779559466343,1779559466343,1779559466336,1779559466346,25,0,23,2,10,35,10.9220
1877,2130,1779559466379,1779559466379,1779559466388,1779559466398,1779559466398,1779559466390,1779559466414,11,0,10,1,24,35,11.0828
1878,2131,1779559466414,1779559466414,1779559466423,1779559466431,1779559466431,1779559466423,1779559466448,9,0,8,1,25,34,10.4402
1879,2132,1779559466448,1779559466448,1779559466456,1779559466468,1779559466468,1779559466461,1779559466483,13,0,12,1,22,35,9.9726
1880,2133,1779559466483,1779559466483,1779559466493,1779559466523,1779559466523,1779559466515,1779559466517,32,0,30,2,2,34,10.6170
1881,2134,1779559466517,1779559466517,1779559466526,1779559466556,1779559466557,1779559466549,1779559466551,32,1,30,1,2,34,9.9629
1882,2135,1779559466550,1779559466550,1779559466560,1779559466595,1779559466595,1779559466587,1779559466620,37,0,35,2,33,70,11.3074
1883,2137,1779559466620,1779559466620,1779559466629,1779559466649,1779559466649,1779559466641,1779559466655,21,0,20,1,14,35,11.7760
1884,2138,1779559466655,1779559466655,1779559466664,1779559466682,1779559466682,1779559466674,1779559466698,19,0,18,1,24,43,11.6232
1885,2139,1779559466697,1779559466697,1779559466707,1779559466721,1779559466721,1779559466713,1779559466731,16,0,14,2,18,34,11.2334
1886,2140,1779559466731,1779559466731,1779559466740,1779559466776,1779559466776,1779559466768,1779559466773,37,0,36,1,5,42,11.3535
1887,2141,1779559466773,1779559466773,1779559466782,1779559466809,1779559466809,1779559466801,1779559466806,28,0,27,1,5,33,10.6586
1888,2142,1779559466806,1779559466806,1779559466814,1779559466847,1779559466847,1779559466840,1779559466840,34,0,33,1,0,34,10.2182
1889,2144,1779559466874,1779559466874,1779559466883,1779559466901,1779559466901,1779559466894,1779559466909,20,0,18,2,15,35,10.4945
1890,2145,1779559466909,1779559466909,1779559466917,1779559466934,1779559466935,1779559466927,1779559466944,18,1,17,0,17,35,9.8874
1891,2146,1779559466944,1779559466944,1779559466952,1779559466973,1779559466973,1779559466965,1779559466977,21,0,21,0,12,33,9.5309
1892,2148,1779559467011,1779559467011,1779559467021,1779559467027,1779559467027,1779559467019,1779559467046,8,0,6,2,27,35,9.8446
1893,2149,1779559467046,1779559467046,1779559467055,1779559467061,1779559467061,1779559467053,1779559467080,7,0,6,1,27,34,9.2387
1894,2150,1779559467080,1779559467080,1779559467089,1779559467099,1779559467099,1779559467091,1779559467115,11,0,10,1,24,35,8.8524
1895,2151,1779559467115,1779559467115,1779559467124,1779559467153,1779559467154,1779559467146,1779559467149,31,1,29,1,3,34,9.6021
1896,2152,1779559467149,1779559467149,1779559467158,1779559467187,1779559467187,1779559467179,1779559467192,30,0,29,1,13,43,9.6099
1897,2153,1779559467192,1779559467192,1779559467201,1779559467225,1779559467225,1779559467217,1779559467265,25,0,24,1,48,73,11.2153
1898,2155,1779559467268,1779559467268,1779559467277,1779559467279,1779559467279,1779559467272,1779559467303,4,0,2,2,31,35,11.5512
1899,2156,1779559467303,1779559467303,1779559467311,1779559467312,1779559467312,1779559467304,1779559467337,1,0,1,0,33,34,10.9168
1900,2157,1779559467337,1779559467337,1779559467346,1779559467351,1779559467351,1779559467343,1779559467371,6,0,5,1,28,34,10.5412
1901,2158,1779559467371,1779559467371,1779559467381,1779559467405,1779559467405,1779559467398,1779559467406,27,0,24,3,8,35,11.0986
1902,2159,1779559467406,1779559467406,1779559467415,1779559467438,1779559467438,1779559467430,1779559467440,24,0,23,1,10,34,10.4924
1903,2160,1779559467440,1779559467440,1779559467449,1779559467476,1779559467476,1779559467468,1779559467474,28,0,27,1,6,34,10.0624
1904,2162,1779559467509,1779559467509,1779559467519,1779559467530,1779559467530,1779559467522,1779559467551,13,0,11,2,29,42,10.8570
1905,2163,1779559467551,1779559467551,1779559467560,1779559467564,1779559467564,1779559467557,1779559467584,6,0,4,2,27,33,10.2973
1906,2164,1779559467584,1779559467584,1779559467593,1779559467603,1779559467603,1779559467595,1779559467619,11,0,10,1,24,35,9.8766
1907,2165,1779559467619,1779559467619,1779559467628,1779559467658,1779559467658,1779559467650,1779559467654,31,0,30,1,4,35,10.5050
1908,2166,1779559467654,1779559467654,1779559467662,1779559467691,1779559467691,1779559467683,1779559467688,29,0,29,0,5,34,9.9547
1909,2167,1779559467688,1779559467688,1779559467697,1779559467729,1779559467729,1779559467721,1779559467731,33,0,32,1,10,43,9.5964
1910,2168,1779559467731,1779559467731,1779559467740,1779559467782,1779559467782,1779559467775,1779559467805,44,0,42,2,30,74,10.2852
1911,2169,1779559467805,1779559467805,1779559467815,1779559467816,1779559467816,1779559467808,1779559467843,3,0,1,2,35,38,9.9091
1912,2171,1779559467843,1779559467843,1779559467851,1779559467855,1779559467855,1779559467847,1779559467877,4,0,4,0,30,34,9.5782
1913,2172,1779559467877,1779559467877,1779559467886,1779559467909,1779559467909,1779559467902,1779559467911,25,0,23,2,9,34,10.2169
1914,2173,1779559467911,1779559467911,1779559467920,1779559467947,1779559467947,1779559467939,1779559467946,28,0,27,1,7,35,9.8091
1915,2174,1779559467945,1779559467945,1779559467954,1779559467985,1779559467985,1779559467977,1779559467980,32,0,31,1,3,35,9.4143
1916,2176,1779559468014,1779559468014,1779559468024,1779559468038,1779559468039,1779559468031,1779559468049,17,1,14,2,18,35,9.7408
1917,2177,1779559468049,1779559468049,1779559468057,1779559468072,1779559468072,1779559468064,1779559468083,15,0,15,0,19,34,9.2465
1918,2178,1779559468083,1779559468083,1779559468093,1779559468111,1779559468111,1779559468104,1779559468118,21,0,18,3,14,35,8.9776
1921,2182,1779559468231,1779559468231,1779559468240,1779559468240,1779559468240,1779559468232,1779559468266,1,0,0,1,34,35,12.4706
1922,2183,1779559468266,1779559468266,1779559468274,1779559468295,1779559468295,1779559468287,1779559468308,21,0,21,0,21,42,12.4768
1923,2184,1779559468308,1779559468308,1779559468317,1779559468328,1779559468328,1779559468320,1779559468341,12,0,11,1,21,33,11.7150
1924,2185,1779559468341,1779559468341,1779559468351,1779559468366,1779559468366,1779559468359,1779559468376,18,0,15,3,17,35,11.2803
1925,2187,1779559468410,1779559468410,1779559468419,1779559468421,1779559468421,1779559468413,1779559468445,3,0,2,1,32,35,11.5138
1926,2188,1779559468445,1779559468445,1779559468453,1779559468454,1779559468454,1779559468447,1779559468479,2,0,1,1,32,34,10.8558
1927,2189,1779559468479,1779559468479,1779559468487,1779559468492,1779559468492,1779559468485,1779559468513,6,0,5,1,28,34,10.4426
1928,2190,1779559468513,1779559468513,1779559468523,1779559468547,1779559468547,1779559468539,1779559468547,26,0,24,2,8,34,11.0426
1929,2191,1779559468547,1779559468547,1779559468556,1779559468580,1779559468580,1779559468572,1779559468581,25,0,24,1,9,34,10.4186
1930,2192,1779559468581,1779559468581,1779559468590,1779559468617,1779559468617,1779559468610,1779559468616,29,0,27,2,6,35,9.9686
1931,2194,1779559468650,1779559468650,1779559468659,1779559468673,1779559468673,1779559468665,1779559468685,15,0,14,1,20,35,10.2282
1932,2195,1779559468685,1779559468685,1779559468695,1779559468706,1779559468706,1779559468698,1779559468728,13,0,11,2,30,43,10.1995
1933,2196,1779559468728,1779559468728,1779559468737,1779559468744,1779559468744,1779559468737,1779559468761,9,0,7,2,24,33,9.9434
1934,2197,1779559468761,1779559468761,1779559468770,1779559468798,1779559468798,1779559468791,1779559468803,30,0,28,2,12,42,10.0557
1935,2198,1779559468803,1779559468803,1779559468812,1779559468831,1779559468831,1779559468824,1779559468836,21,0,19,2,12,33,9.4477
1936,2199,1779559468836,1779559468836,1779559468845,1779559468870,1779559468870,1779559468862,1779559468870,26,0,25,1,8,34,9.0834
1937,2201,1779559468905,1779559468905,1779559468914,1779559468924,1779559468924,1779559468916,1779559468939,11,0,10,1,23,34,9.4654
1938,2202,1779559468939,1779559468939,1779559468948,1779559468958,1779559468958,1779559468950,1779559468974,11,0,10,1,24,35,8.9018
1939,2203,1779559468974,1779559468974,1779559468983,1779559469000,1779559469001,1779559468993,1779559469008,19,1,17,1,15,34,8.9160
1940,2205,1779559469042,1779559469042,1779559469051,1779559469053,1779559469053,1779559469046,1779559469076,4,0,2,2,30,34,9.3346
1941,2206,1779559469076,1779559469076,1779559469085,1779559469087,1779559469087,1779559469079,1779559469111,3,0,2,1,32,35,8.8376
1942,2207,1779559469111,1779559469111,1779559469120,1779559469125,1779559469125,1779559469117,1779559469145,6,0,5,1,28,34,8.5109
1943,2208,1779559469145,1779559469145,1779559469154,1779559469179,1779559469179,1779559469171,1779559469179,26,0,25,1,8,34,9.2338
1944,2209,1779559469179,1779559469179,1779559469188,1779559469212,1779559469212,1779559469205,1779559469215,26,0,24,2,10,36,8.7598
1945,2210,1779559469215,1779559469215,1779559469223,1779559469250,1779559469250,1779559469242,1779559469256,27,0,27,0,14,41,8.5075
1948,2214,1779559469364,1779559469364,1779559469373,1779559469374,1779559469374,1779559469367,1779559469398,3,0,1,2,31,34,11.8973
1949,2215,1779559469398,1779559469398,1779559469408,1779559469429,1779559469429,1779559469421,1779559469433,23,0,21,2,12,35,12.3697
1950,2216,1779559469433,1779559469433,1779559469442,1779559469462,1779559469462,1779559469454,1779559469467,21,0,20,1,13,34,11.6810
1951,2217,1779559469467,1779559469467,1779559469476,1779559469500,1779559469500,1779559469492,1779559469501,25,0,24,1,9,34,11.1921
1952,2219,1779559469536,1779559469536,1779559469544,1779559469553,1779559469553,1779559469546,1779559469570,10,0,9,1,24,34,11.4111
1953,2220,1779559469570,1779559469570,1779559469579,1779559469586,1779559469586,1779559469578,1779559469604,8,0,7,1,26,34,10.8385
1954,2221,1779559469604,1779559469604,1779559469614,1779559469624,1779559469624,1779559469616,1779559469638,12,0,10,2,22,34,10.4115
1955,2222,1779559469638,1779559469638,1779559469648,1779559469678,1779559469678,1779559469670,1779559469673,32,0,30,2,3,35,10.9621
1956,2223,1779559469673,1779559469673,1779559469682,1779559469711,1779559469711,1779559469703,1779559469707,30,0,29,1,4,34,10.3633
1957,2224,1779559469707,1779559469707,1779559469716,1779559469748,1779559469748,1779559469741,1779559469749,34,0,32,2,8,42,9.9971
1958,2226,1779559469782,1779559469782,1779559469791,1779559469802,1779559469802,1779559469794,1779559469817,12,0,11,1,23,35,10.2802
1959,2227,1779559469817,1779559469817,1779559469826,1779559469835,1779559469835,1779559469827,1779559469859,10,0,9,1,32,42,10.1719
1960,2228,1779559469859,1779559469859,1779559469868,1779559469874,1779559469874,1779559469866,1779559469892,7,0,6,1,26,33,9.9203
1961,2229,1779559469892,1779559469892,1779559469901,1779559469928,1779559469928,1779559469920,1779559469926,28,0,27,1,6,34,10.5199
1962,2230,1779559469926,1779559469926,1779559469935,1779559469961,1779559469961,1779559469953,1779559469960,27,0,26,1,7,34,9.9273
1963,2231,1779559469960,1779559469960,1779559469969,1779559469999,1779559469999,1779559469992,1779559469995,32,0,30,2,3,35,9.5786
1964,2233,1779559470029,1779559470029,1779559470038,1779559470054,1779559470054,1779559470046,1779559470064,17,0,16,1,18,35,9.8841
1965,2234,1779559470063,1779559470063,1779559470072,1779559470086,1779559470086,1779559470079,1779559470098,16,0,14,2,19,35,9.3341
1966,2235,1779559470098,1779559470098,1779559470107,1779559470125,1779559470125,1779559470117,1779559470132,19,0,18,1,15,34,9.0070
1967,2237,1779559470166,1779559470166,1779559470175,1779559470179,1779559470179,1779559470171,1779559470201,5,0,4,1,30,35,9.4141
1968,2238,1779559470201,1779559470201,1779559470210,1779559470212,1779559470212,1779559470204,1779559470236,3,0,2,1,32,35,8.9601
1969,2239,1779559470236,1779559470236,1779559470246,1779559470251,1779559470251,1779559470244,1779559470278,8,0,5,3,34,42,8.5322
1972,2242,1779559470355,1779559470355,1779559470364,1779559470379,1779559470379,1779559470371,1779559470388,16,0,15,1,17,33,10.1152
1973,2244,1779559470423,1779559470423,1779559470431,1779559470438,1779559470438,1779559470430,1779559470457,7,0,7,0,27,34,10.0716
1974,2245,1779559470457,1779559470457,1779559470466,1779559470471,1779559470471,1779559470463,1779559470491,6,0,5,1,28,34,9.5234
1975,2246,1779559470491,1779559470491,1779559470500,1779559470510,1779559470510,1779559470502,1779559470526,11,0,10,1,24,35,9.2074
1976,2247,1779559470525,1779559470525,1779559470534,1779559470565,1779559470565,1779559470557,1779559470560,32,0,31,1,3,35,9.9457
1977,2248,1779559470559,1779559470559,1779559470569,1779559470597,1779559470598,1779559470590,1779559470594,31,1,28,2,4,35,9.4232
1978,2249,1779559470594,1779559470594,1779559470603,1779559470636,1779559470636,1779559470628,1779559470662,34,0,33,1,34,68,10.6875
1979,2251,1779559470662,1779559470662,1779559470671,1779559470690,1779559470690,1779559470682,1779559470696,20,0,19,1,14,34,11.2394
1980,2252,1779559470696,1779559470696,1779559470705,1779559470723,1779559470723,1779559470715,1779559470730,19,0,18,1,15,34,10.6023
1981,2253,1779559470730,1779559470730,1779559470740,1779559470761,1779559470761,1779559470753,1779559470766,23,0,21,2,13,36,10.0848
1983,2255,1779559470807,1779559470807,1779559470816,1779559470849,1779559470849,1779559470841,1779559470881,34,0,33,1,40,74,14.5354
1985,2258,1779559470917,1779559470917,1779559470926,1779559470944,1779559470944,1779559470936,1779559470952,19,0,18,1,16,35,15.7403
1986,2259,1779559470952,1779559470952,1779559470961,1779559470977,1779559470977,1779559470969,1779559470986,17,0,16,1,17,34,14.8420
1987,2260,1779559470986,1779559470986,1779559470995,1779559471016,1779559471016,1779559471008,1779559471020,22,0,21,1,12,34,14.2198
1988,2262,1779559471055,1779559471055,1779559471064,1779559471070,1779559471070,1779559471063,1779559471089,8,0,6,2,26,34,14.2272
1989,2263,1779559471089,1779559471089,1779559471097,1779559471103,1779559471103,1779559471096,1779559471123,7,0,6,1,27,34,13.3673
1990,2264,1779559471123,1779559471123,1779559471132,1779559471141,1779559471142,1779559471134,1779559471158,11,1,9,1,24,35,12.7549
1991,2265,1779559471158,1779559471158,1779559471167,1779559471195,1779559471196,1779559471188,1779559471191,30,1,28,1,3,33,13.2089
1992,2266,1779559471191,1779559471191,1779559471201,1779559471229,1779559471229,1779559471222,1779559471226,31,0,28,3,4,35,12.5006
1993,2267,1779559471226,1779559471226,1779559471236,1779559471268,1779559471268,1779559471260,1779559471301,34,0,32,2,41,75,13.9742
1994,2269,1779559471305,1779559471305,1779559471314,1779559471321,1779559471321,1779559471314,1779559471339,9,0,7,2,25,34,14.1144
1995,2270,1779559471339,1779559471339,1779559471348,1779559471354,1779559471354,1779559471346,1779559471381,7,0,6,1,35,42,13.8487
1996,2271,1779559471381,1779559471381,1779559471390,1779559471394,1779559471394,1779559471386,1779559471414,5,0,4,1,28,33,13.4202
1997,2272,1779559471414,1779559471414,1779559471423,1779559471448,1779559471448,1779559471441,1779559471448,27,0,25,2,7,34,13.8832
1998,2273,1779559471448,1779559471448,1779559471457,1779559471482,1779559471482,1779559471474,1779559471483,26,0,25,1,9,35,13.1214
1999,2274,1779559471483,1779559471483,1779559471492,1779559471520,1779559471520,1779559471513,1779559471517,30,0,28,2,4,34,12.5553
2000,2276,1779559471551,1779559471551,1779559471560,1779559471574,1779559471574,1779559471567,1779559471586,16,0,14,2,19,35,12.6457
2001,2277,1779559471586,1779559471586,1779559471595,1779559471608,1779559471609,1779559471601,1779559471620,15,1,13,1,19,34,11.8669
2002,2278,1779559471620,1779559471620,1779559471628,1779559471648,1779559471648,1779559471640,1779559471654,20,0,20,0,14,34,11.3957
2003,2280,1779559471689,1779559471689,1779559471697,1779559471701,1779559471701,1779559471694,1779559471724,5,0,4,1,30,35,11.6472
2004,2281,1779559471724,1779559471724,1779559471733,1779559471734,1779559471734,1779559471727,1779559471758,3,0,1,2,31,34,11.0318
2005,2282,1779559471758,1779559471758,1779559471767,1779559471773,1779559471773,1779559471765,1779559471801,7,0,6,1,36,43,10.6142
2006,2283,1779559471801,1779559471801,1779559471810,1779559471826,1779559471826,1779559471819,1779559471834,18,0,16,2,15,33,11.2679
2007,2284,1779559471834,1779559471834,1779559471843,1779559471859,1779559471859,1779559471852,1779559471876,18,0,16,2,24,42,11.1759
2008,2285,1779559471876,1779559471876,1779559471885,1779559471898,1779559471898,1779559471890,1779559471909,14,0,13,1,19,33,10.8584
2009,2287,1779559471943,1779559471943,1779559471951,1779559471952,1779559471952,1779559471945,1779559471983,2,0,1,1,38,40,11.4753
2011,2289,1779559472012,1779559472012,1779559472020,1779559472024,1779559472024,1779559472017,1779559472046,5,0,4,1,29,34,10.7110
2012,2290,1779559472046,1779559472046,1779559472055,1779559472079,1779559472079,1779559472071,1779559472082,25,0,24,1,11,36,11.1794
2013,2291,1779559472082,1779559472082,1779559472091,1779559472113,1779559472113,1779559472105,1779559472121,23,0,22,1,16,39,10.7846
2014,2292,1779559472121,1779559472121,1779559472129,1779559472151,1779559472151,1779559472143,1779559472160,22,0,22,0,17,39,10.2148
2015,2293,1779559472160,1779559472160,1779559472169,1779559472205,1779559472205,1779559472197,1779559472198,37,0,36,1,1,38,10.5730
2016,2294,1779559472198,1779559472198,1779559472208,1779559472238,1779559472238,1779559472230,1779559472237,32,0,30,2,7,39,10.2346
2017,2295,1779559472236,1779559472236,1779559472245,1779559472276,1779559472276,1779559472268,1779559472276,32,0,31,1,8,40,9.6689
2021,2300,1779559472431,1779559472431,1779559472440,1779559472455,1779559472455,1779559472448,1779559472466,17,0,15,2,18,35,15.7437
2022,2301,1779559472466,1779559472466,1779559472475,1779559472488,1779559472488,1779559472480,1779559472500,14,0,13,1,20,34,14.8887
2023,2302,1779559472500,1779559472500,1779559472509,1779559472527,1779559472527,1779559472519,1779559472535,19,0,18,1,16,35,14.2192
2024,2304,1779559472569,1779559472569,1779559472578,1779559472581,1779559472581,1779559472573,1779559472604,4,0,3,1,31,35,14.2956
2025,2305,1779559472604,1779559472604,1779559472613,1779559472614,1779559472614,1779559472606,1779559472638,2,0,1,1,32,34,13.4395
2026,2306,1779559472638,1779559472638,1779559472646,1779559472652,1779559472652,1779559472644,1779559472673,6,0,6,0,29,35,12.8047
2027,2307,1779559472673,1779559472673,1779559472682,1779559472706,1779559472707,1779559472699,1779559472707,26,1,24,1,8,34,13.3133
2028,2308,1779559472707,1779559472707,1779559472715,1779559472739,1779559472739,1779559472731,1779559472741,24,0,24,0,10,34,12.6127
2029,2309,1779559472741,1779559472741,1779559472750,1779559472777,1779559472777,1779559472770,1779559472776,29,0,27,2,6,35,12.0271
2030,2311,1779559472811,1779559472811,1779559472820,1779559472831,1779559472831,1779559472823,1779559472853,12,0,11,1,30,42,12.7547
2033,2314,1779559472931,1779559472931,1779559472939,1779559472957,1779559472957,1779559472950,1779559472965,19,0,18,1,15,34,16.1732
2034,2315,1779559472965,1779559472965,1779559472974,1779559472990,1779559472990,1779559472982,1779559472999,17,0,16,1,17,34,15.3093
2035,2316,1779559472999,1779559472999,1779559473009,1779559473028,1779559473028,1779559473020,1779559473034,21,0,19,2,14,35,14.5609
2036,2318,1779559473068,1779559473068,1779559473077,1779559473082,1779559473082,1779559473075,1779559473103,7,0,5,2,28,35,14.5147
2037,2319,1779559473103,1779559473103,1779559473112,1779559473116,1779559473116,1779559473108,1779559473137,5,0,4,1,29,34,13.6734
2038,2320,1779559473137,1779559473137,1779559473145,1779559473155,1779559473155,1779559473148,1779559473171,11,0,10,1,23,34,13.1173
2039,2321,1779559473171,1779559473171,1779559473180,1779559473210,1779559473210,1779559473202,1779559473206,31,0,30,1,4,35,13.5481
2040,2322,1779559473206,1779559473206,1779559473214,1779559473242,1779559473242,1779559473235,1779559473240,29,0,28,1,5,34,12.7549
2041,2323,1779559473240,1779559473240,1779559473249,1779559473280,1779559473280,1779559473273,1779559473275,33,0,31,2,2,35,12.1356
2042,2324,1779559473275,1779559473275,1779559473284,1779559473335,1779559473335,1779559473327,1779559473350,52,0,51,1,23,75,12.6725
2043,2326,1779559473353,1779559473353,1779559473361,1779559473368,1779559473368,1779559473361,1779559473387,8,0,7,1,26,34,12.0759
2044,2327,1779559473387,1779559473387,1779559473396,1779559473406,1779559473406,1779559473399,1779559473421,12,0,10,2,22,34,11.5476
2045,2328,1779559473421,1779559473421,1779559473430,1779559473460,1779559473460,1779559473453,1779559473456,32,0,30,2,3,35,12.0252
2046,2329,1779559473456,1779559473456,1779559473465,1779559473494,1779559473494,1779559473486,1779559473490,30,0,29,1,4,34,11.3377
2047,2330,1779559473490,1779559473490,1779559473499,1779559473532,1779559473533,1779559473525,1779559473532,35,1,33,1,7,42,10.8408
2048,2332,1779559473566,1779559473566,1779559473577,1779559473587,1779559473587,1779559473580,1779559473600,14,0,10,4,20,34,10.9291
2049,2333,1779559473600,1779559473600,1779559473609,1779559473620,1779559473620,1779559473613,1779559473634,13,0,11,2,21,34,10.3511
2050,2334,1779559473634,1779559473634,1779559473643,1779559473659,1779559473659,1779559473651,1779559473668,17,0,16,1,17,34,9.9554
2051,2336,1779559473703,1779559473703,1779559473712,1779559473713,1779559473713,1779559473706,1779559473737,3,0,1,2,31,34,10.1894
2052,2337,1779559473737,1779559473737,1779559473746,1779559473746,1779559473746,1779559473739,1779559473771,2,0,0,2,32,34,9.6312
2053,2338,1779559473771,1779559473771,1779559473780,1779559473785,1779559473785,1779559473777,1779559473806,6,0,5,1,29,35,9.2282
2054,2339,1779559473806,1779559473806,1779559473815,1779559473839,1779559473839,1779559473832,1779559473848,26,0,24,2,16,42,9.3923
2055,2340,1779559473848,1779559473848,1779559473857,1779559473872,1779559473872,1779559473865,1779559473881,17,0,15,2,16,33,8.8099
2056,2341,1779559473881,1779559473881,1779559473891,1779559473910,1779559473911,1779559473903,1779559473917,22,1,19,2,14,36,8.4741
2057,2342,1779559473917,1779559473917,1779559473925,1779559473964,1779559473964,1779559473957,1779559473959,40,0,39,1,2,42,8.6937
2058,2343,1779559473959,1779559473959,1779559473968,1779559473998,1779559473998,1779559473990,1779559473992,31,0,30,1,2,33,8.1715
2059,2345,1779559474026,1779559474026,1779559474035,1779559474036,1779559474036,1779559474028,1779559474060,2,0,1,1,32,34,9.5895
2060,2346,1779559474060,1779559474060,1779559474070,1779559474092,1779559474092,1779559474084,1779559474095,24,0,22,2,11,35,10.3453
2061,2347,1779559474095,1779559474095,1779559474103,1779559474126,1779559474126,1779559474118,1779559474129,23,0,23,0,11,34,9.7011
2062,2348,1779559474129,1779559474129,1779559474138,1779559474165,1779559474165,1779559474157,1779559474164,28,0,27,1,7,35,9.3579
2063,2350,1779559474197,1779559474197,1779559474206,1779559474219,1779559474219,1779559474211,1779559474232,14,0,13,1,21,35,9.6612
2064,2351,1779559474232,1779559474232,1779559474241,1779559474252,1779559474252,1779559474244,1779559474267,12,0,11,1,23,35,9.1790
2065,2352,1779559474267,1779559474267,1779559474276,1779559474291,1779559474291,1779559474284,1779559474301,17,0,15,2,17,34,8.9112
2068,2355,1779559474378,1779559474378,1779559474387,1779559474416,1779559474416,1779559474409,1779559474413,31,0,29,2,4,35,10.6762
2069,2357,1779559474456,1779559474456,1779559474464,1779559474471,1779559474471,1779559474463,1779559474488,7,0,7,0,25,32,11.3087
2070,2358,1779559474488,1779559474488,1779559474497,1779559474503,1779559474503,1779559474496,1779559474523,8,0,6,2,27,35,10.6853
2071,2359,1779559474523,1779559474523,1779559474531,1779559474543,1779559474544,1779559474536,1779559474557,13,1,12,0,21,34,10.3822
2072,2360,1779559474557,1779559474557,1779559474565,1779559474597,1779559474597,1779559474590,1779559474591,33,0,32,1,1,34,10.9535
2073,2361,1779559474591,1779559474591,1779559474600,1779559474630,1779559474630,1779559474622,1779559474626,31,0,30,1,4,35,10.4153
2074,2362,1779559474626,1779559474626,1779559474634,1779559474667,1779559474667,1779559474660,1779559474694,34,0,33,1,34,68,11.6724
2075,2364,1779559474694,1779559474694,1779559474703,1779559474721,1779559474721,1779559474713,1779559474728,19,0,18,1,15,34,12.1450
2076,2365,1779559474728,1779559474728,1779559474737,1779559474754,1779559474754,1779559474746,1779559474762,18,0,17,1,16,34,11.4605
2077,2366,1779559474762,1779559474762,1779559474771,1779559474791,1779559474791,1779559474784,1779559474797,22,0,20,2,13,35,10.9284
2080,2369,1779559474875,1779559474875,1779559474884,1779559474917,1779559474917,1779559474909,1779559474947,34,0,33,1,38,72,14.4847
2081,2371,1779559474951,1779559474951,1779559474959,1779559474971,1779559474971,1779559474964,1779559474985,13,0,12,1,21,34,14.5991
2082,2372,1779559474985,1779559474985,1779559474994,1779559475004,1779559475004,1779559474996,1779559475019,11,0,10,1,23,34,13.7487
2083,2373,1779559475019,1779559475019,1779559475029,1779559475042,1779559475042,1779559475035,1779559475054,16,0,13,3,19,35,13.1660
2084,2374,1779559475054,1779559475054,1779559475063,1779559475097,1779559475097,1779559475089,1779559475122,35,0,34,1,33,68,13.2335
2085,2375,1779559475087,1779559475087,1779559475097,1779559475129,1779559475129,1779559475122,1779559475156,35,0,32,3,34,69,12.5088
2086,2377,1779559475156,1779559475156,1779559475165,1779559475168,1779559475168,1779559475160,1779559475190,4,0,3,1,30,34,12.0127
2087,2378,1779559475190,1779559475190,1779559475199,1779559475222,1779559475222,1779559475214,1779559475225,24,0,23,1,11,35,12.4575
2088,2379,1779559475225,1779559475225,1779559475233,1779559475254,1779559475254,1779559475246,1779559475259,21,0,21,0,13,34,11.8010
2089,2380,1779559475259,1779559475259,1779559475268,1779559475292,1779559475292,1779559475284,1779559475294,25,0,24,1,10,35,11.2747
2090,2382,1779559475327,1779559475327,1779559475336,1779559475346,1779559475346,1779559475339,1779559475363,12,0,10,2,24,36,11.5463
2091,2383,1779559475363,1779559475363,1779559475372,1779559475384,1779559475384,1779559475376,1779559475405,13,0,12,1,29,42,11.0518
2094,2386,1779559475481,1779559475481,1779559475490,1779559475514,1779559475514,1779559475506,1779559475515,25,0,24,1,9,34,14.7539
2095,2387,1779559475515,1779559475515,1779559475524,1779559475552,1779559475552,1779559475544,1779559475549,29,0,28,1,5,34,14.0667
2096,2389,1779559475584,1779559475584,1779559475593,1779559475606,1779559475606,1779559475598,1779559475618,14,0,13,1,20,34,14.1057
2097,2390,1779559475618,1779559475618,1779559475627,1779559475639,1779559475639,1779559475631,1779559475652,13,0,12,1,21,34,13.3056
2098,2391,1779559475652,1779559475652,1779559475661,1779559475677,1779559475677,1779559475669,1779559475687,17,0,16,1,18,35,12.6800
2099,2393,1779559475721,1779559475721,1779559475730,1779559475731,1779559475731,1779559475723,1779559475755,2,0,1,1,32,34,12.7915
2101,2395,1779559475790,1779559475790,1779559475798,1779559475801,1779559475801,1779559475794,1779559475824,4,0,3,1,30,34,11.5388
2104,2398,1779559475901,1779559475901,1779559475910,1779559475926,1779559475927,1779559475919,1779559475936,18,1,16,1,17,35,12.5582
2105,2399,1779559475936,1779559475936,1779559475945,1779559475980,1779559475980,1779559475973,1779559475978,37,0,35,2,5,42,12.5293
2106,2400,1779559475978,1779559475978,1779559475987,1779559476013,1779559476014,1779559476006,1779559476011,28,1,26,1,5,33,11.7556
2107,2401,1779559476011,1779559476011,1779559476019,1779559476051,1779559476051,1779559476044,1779559476045,33,0,32,1,1,34,11.1854
2108,2403,1779559476080,1779559476080,1779559476088,1779559476106,1779559476106,1779559476098,1779559476116,18,0,18,0,18,36,11.5223
2109,2404,1779559476116,1779559476116,1779559476126,1779559476139,1779559476139,1779559476131,1779559476153,15,0,13,2,22,37,11.0387
2110,2405,1779559476153,1779559476153,1779559476163,1779559476177,1779559476177,1779559476169,1779559476191,16,0,14,2,22,38,10.3613
2111,2406,1779559476191,1779559476191,1779559476200,1779559476232,1779559476232,1779559476224,1779559476229,33,0,32,1,5,38,10.7865
2112,2407,1779559476229,1779559476229,1779559476238,1779559476265,1779559476265,1779559476257,1779559476265,28,0,27,1,8,36,10.3204
2113,2408,1779559476265,1779559476265,1779559476274,1779559476303,1779559476303,1779559476295,1779559476301,30,0,29,1,6,36,9.8132
2114,2410,1779559476338,1779559476338,1779559476347,1779559476357,1779559476357,1779559476349,1779559476374,11,0,10,1,25,36,10.3949
2115,2411,1779559476374,1779559476374,1779559476383,1779559476390,1779559476390,1779559476383,1779559476419,9,0,7,2,36,45,10.4068
2116,2412,1779559476419,1779559476419,1779559476427,1779559476429,1779559476429,1779559476421,1779559476454,2,0,2,0,33,35,9.9383
2117,2413,1779559476454,1779559476454,1779559476463,1779559476485,1779559476485,1779559476477,1779559476498,23,0,22,1,21,44,10.0507
2118,2414,1779559476498,1779559476498,1779559476507,1779559476519,1779559476519,1779559476512,1779559476532,14,0,12,2,20,34,9.4695
2119,2415,1779559476532,1779559476532,1779559476542,1779559476558,1779559476559,1779559476551,1779559476568,19,1,16,2,17,36,9.0926
2120,2417,1779559476603,1779559476603,1779559476612,1779559476614,1779559476614,1779559476606,1779559476639,3,0,2,1,33,36,9.5307
2122,2419,1779559476673,1779559476673,1779559476683,1779559476688,1779559476688,1779559476681,1779559476708,8,0,5,3,27,35,8.8212
2123,2420,1779559476708,1779559476708,1779559476717,1779559476743,1779559476743,1779559476736,1779559476742,28,0,26,2,6,34,9.5536
2124,2421,1779559476742,1779559476742,1779559476752,1779559476777,1779559476777,1779559476769,1779559476777,27,0,25,2,8,35,9.0351
2125,2422,1779559476777,1779559476777,1779559476786,1779559476815,1779559476815,1779559476807,1779559476811,30,0,29,1,4,34,8.7068
2126,2424,1779559476848,1779559476848,1779559476857,1779559476869,1779559476869,1779559476862,1779559476884,14,0,12,2,22,36,9.2971
2127,2425,1779559476884,1779559476884,1779559476893,1779559476903,1779559476903,1779559476896,1779559476927,12,0,10,2,31,43,9.2992
2130,2428,1779559477006,1779559477006,1779559477015,1779559477029,1779559477029,1779559477021,1779559477040,15,0,14,1,19,34,13.1418
2131,2429,1779559477040,1779559477040,1779559477049,1779559477067,1779559477067,1779559477060,1779559477075,20,0,18,2,15,35,12.5250
2132,2431,1779559477110,1779559477110,1779559477119,1779559477123,1779559477123,1779559477115,1779559477149,5,0,4,1,34,39,12.8628
2133,2432,1779559477149,1779559477149,1779559477158,1779559477159,1779559477160,1779559477152,1779559477187,3,1,1,1,35,38,12.1536
2134,2433,1779559477187,1779559477187,1779559477197,1779559477197,1779559477197,1779559477189,1779559477225,2,0,0,2,36,38,11.4234
2135,2434,1779559477225,1779559477225,1779559477234,1779559477250,1779559477250,1779559477243,1779559477260,18,0,16,2,17,35,11.7814
2136,2435,1779559477260,1779559477260,1779559477269,1779559477283,1779559477283,1779559477275,1779559477296,15,0,14,1,21,36,11.2111
2137,2436,1779559477296,1779559477296,1779559477305,1779559477320,1779559477320,1779559477313,1779559477330,17,0,15,2,17,34,10.6914
2139,2438,1779559477365,1779559477365,1779559477374,1779559477407,1779559477407,1779559477399,1779559477410,34,0,33,1,11,45,12.9854
2140,2439,1779559477410,1779559477410,1779559477420,1779559477445,1779559477445,1779559477437,1779559477443,27,0,25,2,6,33,12.4925
2141,2441,1779559477487,1779559477487,1779559477496,1779559477500,1779559477500,1779559477492,1779559477520,5,0,4,1,28,33,13.0562
2142,2442,1779559477520,1779559477520,1779559477529,1779559477533,1779559477533,1779559477525,1779559477554,5,0,4,1,29,34,12.3284
2143,2443,1779559477554,1779559477554,1779559477563,1779559477571,1779559477571,1779559477563,1779559477589,9,0,8,1,26,35,11.7851
2144,2444,1779559477589,1779559477589,1779559477597,1779559477624,1779559477624,1779559477617,1779559477623,28,0,27,1,6,34,12.1920
2145,2445,1779559477623,1779559477623,1779559477633,1779559477658,1779559477658,1779559477650,1779559477657,27,0,25,2,7,34,11.4337
2146,2446,1779559477657,1779559477657,1779559477666,1779559477695,1779559477696,1779559477688,1779559477692,31,1,29,1,4,35,10.9414
2147,2448,1779559477726,1779559477726,1779559477735,1779559477749,1779559477749,1779559477742,1779559477760,16,0,14,2,18,34,11.2393
2148,2449,1779559477760,1779559477760,1779559477770,1779559477782,1779559477782,1779559477775,1779559477795,15,0,12,3,20,35,10.5521
2149,2450,1779559477795,1779559477795,1779559477804,1779559477820,1779559477820,1779559477812,1779559477829,17,0,16,1,17,34,10.0436
2153,2455,1779559477977,1779559477977,1779559477986,1779559477999,1779559478000,1779559477992,1779559478012,15,1,13,1,20,35,15.9928
2154,2456,1779559478012,1779559478012,1779559478021,1779559478033,1779559478033,1779559478025,1779559478054,13,0,12,1,29,42,15.5338
2155,2457,1779559478054,1779559478054,1779559478062,1779559478071,1779559478071,1779559478063,1779559478086,9,0,9,0,23,32,14.8841
2156,2458,1779559478086,1779559478086,1779559478095,1779559478126,1779559478126,1779559478118,1779559478121,32,0,31,1,3,35,15.2475
2157,2459,1779559478121,1779559478121,1779559478129,1779559478159,1779559478159,1779559478151,1779559478155,30,0,30,0,4,34,14.3964
2158,2460,1779559478155,1779559478155,1779559478164,1779559478197,1779559478197,1779559478190,1779559478224,35,0,33,2,34,69,15.4203
2159,2462,1779559478224,1779559478224,1779559478233,1779559478251,1779559478251,1779559478243,1779559478258,19,0,18,1,15,34,15.7038
2160,2463,1779559478258,1779559478258,1779559478267,1779559478285,1779559478285,1779559478277,1779559478292,19,0,18,1,15,34,14.7373
2161,2464,1779559478292,1779559478292,1779559478301,1779559478324,1779559478324,1779559478316,1779559478327,24,0,23,1,11,35,14.1079
2162,2466,1779559478361,1779559478361,1779559478370,1779559478378,1779559478378,1779559478370,1779559478396,9,0,8,1,26,35,14.1551
2163,2467,1779559478396,1779559478396,1779559478405,1779559478411,1779559478411,1779559478403,1779559478431,7,0,6,1,28,35,13.4148
2164,2468,1779559478431,1779559478431,1779559478440,1779559478448,1779559478448,1779559478441,1779559478472,10,0,8,2,31,41,12.7950
2165,2469,1779559478472,1779559478472,1779559478482,1779559478502,1779559478503,1779559478495,1779559478506,23,1,20,2,11,34,13.2695
2166,2470,1779559478506,1779559478506,1779559478515,1779559478536,1779559478536,1779559478528,1779559478548,22,0,21,1,20,42,12.9960
2167,2471,1779559478548,1779559478548,1779559478557,1779559478574,1779559478574,1779559478566,1779559478581,18,0,17,1,15,33,12.4847
2168,2473,1779559478616,1779559478616,1779559478625,1779559478629,1779559478629,1779559478621,1779559478650,5,0,4,1,29,34,12.5856
2169,2474,1779559478650,1779559478650,1779559478659,1779559478662,1779559478662,1779559478654,1779559478685,4,0,3,1,31,35,11.8975
2170,2475,1779559478685,1779559478685,1779559478694,1779559478700,1779559478700,1779559478693,1779559478718,8,0,6,2,25,33,11.4855
2171,2476,1779559478718,1779559478718,1779559478728,1779559478754,1779559478754,1779559478746,1779559478753,28,0,26,2,7,35,11.9302
2172,2477,1779559478753,1779559478753,1779559478762,1779559478787,1779559478787,1779559478779,1779559478787,26,0,25,1,8,34,11.2512
2173,2478,1779559478787,1779559478787,1779559478796,1779559478824,1779559478824,1779559478817,1779559478821,30,0,28,2,4,34,10.7868
2174,2480,1779559478856,1779559478856,1779559478864,1779559478878,1779559478878,1779559478871,1779559478890,15,0,14,1,19,34,11.1154
2175,2481,1779559478890,1779559478890,1779559478899,1779559478912,1779559478912,1779559478904,1779559478926,14,0,13,1,22,36,10.5015
2176,2482,1779559478925,1779559478925,1779559478935,1779559478951,1779559478951,1779559478943,1779559478968,18,0,16,2,25,43,10.0604
2177,2483,1779559478968,1779559478968,1779559478977,1779559479005,1779559479005,1779559478998,1779559479001,30,0,28,2,3,33,10.7566
2178,2484,1779559479001,1779559479001,1779559479010,1779559479041,1779559479041,1779559479033,1779559479043,32,0,31,1,10,42,10.4920
2179,2485,1779559479043,1779559479043,1779559479052,1779559479078,1779559479078,1779559479071,1779559479076,28,0,26,2,5,33,10.1179
2180,2487,1779559479110,1779559479110,1779559479119,1779559479132,1779559479132,1779559479124,1779559479145,14,0,13,1,21,35,10.4254
2181,2488,1779559479145,1779559479145,1779559479154,1779559479166,1779559479166,1779559479158,1779559479179,13,0,12,1,21,34,9.7748
2182,2489,1779559479179,1779559479179,1779559479188,1779559479206,1779559479206,1779559479198,1779559479213,19,0,18,1,15,34,9.5097
2183,2491,1779559479247,1779559479247,1779559479256,1779559479262,1779559479262,1779559479254,1779559479281,7,0,6,1,27,34,9.6646
2184,2492,1779559479281,1779559479281,1779559479290,1779559479295,1779559479295,1779559479287,1779559479316,6,0,5,1,29,35,9.1739
2185,2493,1779559479316,1779559479316,1779559479325,1779559479335,1779559479335,1779559479327,1779559479350,11,0,10,1,23,34,8.9565
2186,2494,1779559479350,1779559479350,1779559479359,1779559479390,1779559479390,1779559479382,1779559479385,32,0,31,1,3,35,9.6920
2189,2498,1779559479496,1779559479496,1779559479506,1779559479517,1779559479517,1779559479510,1779559479538,14,0,11,3,28,42,14.0886
2190,2499,1779559479538,1779559479538,1779559479547,1779559479550,1779559479550,1779559479543,1779559479570,5,0,3,2,27,32,13.2310
2191,2500,1779559479570,1779559479570,1779559479579,1779559479589,1779559479589,1779559479581,1779559479605,11,0,10,1,24,35,12.6200
2192,2501,1779559479605,1779559479605,1779559479614,1779559479642,1779559479642,1779559479635,1779559479639,30,0,28,2,4,34,13.0107
2193,2502,1779559479639,1779559479639,1779559479649,1779559479675,1779559479675,1779559479667,1779559479674,28,0,26,2,7,35,12.3081
2194,2503,1779559479674,1779559479674,1779559479683,1779559479714,1779559479714,1779559479706,1779559479708,32,0,31,1,2,34,11.8567
2195,2505,1779559479742,1779559479742,1779559479752,1779559479768,1779559479768,1779559479760,1779559479777,18,0,16,2,17,35,12.0343
2196,2506,1779559479777,1779559479777,1779559479786,1779559479801,1779559479801,1779559479793,1779559479810,16,0,15,1,17,33,11.3377
2197,2507,1779559479810,1779559479810,1779559479820,1779559479839,1779559479839,1779559479831,1779559479845,21,0,19,2,14,35,10.8467
2198,2509,1779559479879,1779559479879,1779559479888,1779559479893,1779559479893,1779559479886,1779559479914,7,0,5,2,28,35,11.0813
2201,2512,1779559479992,1779559479992,1779559480001,1779559480017,1779559480017,1779559480010,1779559480026,18,0,16,2,16,34,14.6920
2202,2513,1779559480026,1779559480026,1779559480037,1779559480050,1779559480050,1779559480042,1779559480068,16,0,13,3,26,42,14.4023
2203,2514,1779559480068,1779559480068,1779559480078,1779559480088,1779559480088,1779559480080,1779559480101,12,0,10,2,21,33,13.8253
2204,2515,1779559480101,1779559480101,1779559480110,1779559480143,1779559480143,1779559480135,1779559480135,34,0,33,1,0,34,14.2481
2205,2516,1779559480135,1779559480135,1779559480145,1779559480176,1779559480176,1779559480168,1779559480170,33,0,31,2,2,35,13.4514
2206,2518,1779559480204,1779559480204,1779559480213,1779559480214,1779559480214,1779559480207,1779559480238,3,0,1,2,31,34,14.5166
2207,2519,1779559480238,1779559480238,1779559480247,1779559480268,1779559480268,1779559480261,1779559480273,23,0,21,2,12,35,14.9074
2208,2520,1779559480273,1779559480273,1779559480281,1779559480302,1779559480302,1779559480294,1779559480307,21,0,21,0,13,34,14.0432
2209,2521,1779559480307,1779559480307,1779559480316,1779559480340,1779559480340,1779559480332,1779559480341,25,0,24,1,9,34,13.4071
2210,2523,1779559480375,1779559480375,1779559480385,1779559480395,1779559480395,1779559480387,1779559480410,12,0,10,2,23,35,13.4290
2211,2524,1779559480410,1779559480410,1779559480419,1779559480432,1779559480432,1779559480424,1779559480445,14,0,13,1,21,35,12.7173
2212,2525,1779559480444,1779559480444,1779559480454,1779559480470,1779559480470,1779559480462,1779559480519,18,0,16,2,57,75,14.2202
2213,2526,1779559480519,1779559480519,1779559480528,1779559480528,1779559480528,1779559480520,1779559480523,1,0,0,1,3,4,16.7402
2214,2527,1779559480523,1779559480523,1779559480532,1779559480561,1779559480561,1779559480553,1779559480557,30,0,29,1,4,34,15.7467
2215,2528,1779559480557,1779559480557,1779559480565,1779559480599,1779559480599,1779559480591,1779559480599,34,0,34,0,8,42,15.0138
2216,2530,1779559480631,1779559480631,1779559480641,1779559480653,1779559480653,1779559480645,1779559480666,14,0,12,2,21,35,14.9124
2217,2531,1779559480666,1779559480666,1779559480675,1779559480686,1779559480686,1779559480678,1779559480700,12,0,11,1,22,34,14.0523
2218,2532,1779559480700,1779559480700,1779559480709,1779559480724,1779559480724,1779559480716,1779559480735,16,0,15,1,19,35,13.4010
2219,2534,1779559480769,1779559480769,1779559480778,1779559480779,1779559480779,1779559480772,1779559480803,3,0,1,2,31,34,13.3623
2220,2535,1779559480803,1779559480803,1779559480812,1779559480813,1779559480813,1779559480805,1779559480837,2,0,1,1,32,34,12.5948
2221,2536,1779559480837,1779559480837,1779559480846,1779559480851,1779559480851,1779559480844,1779559480872,7,0,5,2,28,35,12.0368
2222,2537,1779559480872,1779559480872,1779559480881,1779559480906,1779559480906,1779559480898,1779559480907,26,0,25,1,9,35,12.5345
2223,2538,1779559480907,1779559480907,1779559480915,1779559480938,1779559480938,1779559480931,1779559480941,24,0,23,1,10,34,11.8236
2224,2539,1779559480941,1779559480941,1779559480949,1779559480976,1779559480976,1779559480969,1779559480976,28,0,27,1,7,35,11.2822
2225,2541,1779559481018,1779559481018,1779559481028,1779559481030,1779559481030,1779559481022,1779559481051,4,0,2,2,29,33,11.9599
2228,2544,1779559481128,1779559481128,1779559481137,1779559481155,1779559481155,1779559481147,1779559481162,19,0,18,1,15,34,13.5152
2229,2545,1779559481162,1779559481162,1779559481171,1779559481187,1779559481187,1779559481180,1779559481197,18,0,16,2,17,35,12.8459
2230,2546,1779559481197,1779559481197,1779559481206,1779559481226,1779559481226,1779559481219,1779559481231,22,0,20,2,12,34,12.3319
2231,2548,1779559481266,1779559481266,1779559481275,1779559481280,1779559481280,1779559481272,1779559481300,6,0,5,1,28,34,12.4827
2232,2549,1779559481300,1779559481300,1779559481309,1779559481314,1779559481314,1779559481308,1779559481335,8,0,5,3,27,35,11.7094
2233,2550,1779559481335,1779559481335,1779559481344,1779559481355,1779559481355,1779559481348,1779559481369,13,0,11,2,21,34,11.3997
2234,2551,1779559481369,1779559481369,1779559481378,1779559481410,1779559481410,1779559481403,1779559481404,34,0,32,2,1,35,11.9702
2235,2552,1779559481404,1779559481404,1779559481412,1779559481446,1779559481446,1779559481439,1779559481472,35,0,34,1,33,68,13.3235
2236,2554,1779559481472,1779559481472,1779559481481,1779559481485,1779559481485,1779559481477,1779559481508,5,0,4,1,31,36,12.7143
2237,2555,1779559481508,1779559481508,1779559481516,1779559481541,1779559481541,1779559481533,1779559481550,25,0,25,0,17,42,12.7575
2238,2556,1779559481550,1779559481550,1779559481560,1779559481576,1779559481576,1779559481569,1779559481585,19,0,16,3,16,35,12.0182
2239,2557,1779559481584,1779559481584,1779559481594,1779559481616,1779559481616,1779559481609,1779559481626,25,0,22,3,17,42,11.3598
2240,2559,1779559481659,1779559481659,1779559481668,1779559481671,1779559481671,1779559481664,1779559481694,5,0,3,2,30,35,11.4532
2241,2560,1779559481694,1779559481694,1779559481703,1779559481705,1779559481705,1779559481697,1779559481728,3,0,2,1,31,34,10.7442
2242,2561,1779559481728,1779559481728,1779559481737,1779559481746,1779559481746,1779559481738,1779559481762,10,0,9,1,24,34,10.4889
2243,2562,1779559481762,1779559481762,1779559481771,1779559481801,1779559481801,1779559481793,1779559481797,31,0,30,1,4,35,11.1052
2244,2563,1779559481797,1779559481797,1779559481805,1779559481835,1779559481835,1779559481827,1779559481831,30,0,30,0,4,34,10.4128
2245,2564,1779559481831,1779559481831,1779559481840,1779559481873,1779559481873,1779559481866,1779559481900,35,0,33,2,34,69,11.6144
2246,2566,1779559481900,1779559481900,1779559481909,1779559481929,1779559481929,1779559481921,1779559481934,21,0,20,1,13,34,12.1555
2247,2567,1779559481934,1779559481934,1779559481943,1779559481961,1779559481962,1779559481954,1779559481969,20,1,18,1,15,35,11.4926
2248,2568,1779559481969,1779559481969,1779559481978,1779559482000,1779559482000,1779559481992,1779559482004,23,0,22,1,12,35,10.9780
2250,2570,1779559482045,1779559482045,1779559482054,1779559482087,1779559482087,1779559482079,1779559482081,34,0,33,1,2,36,13.0522
2251,2571,1779559482081,1779559482081,1779559482089,1779559482125,1779559482125,1779559482117,1779559482118,36,0,36,0,1,37,12.2880
2252,2573,1779559482161,1779559482161,1779559482170,1779559482181,1779559482181,1779559482173,1779559482198,12,0,11,1,25,37,13.0454
2253,2574,1779559482198,1779559482198,1779559482207,1779559482214,1779559482214,1779559482206,1779559482236,8,0,7,1,30,38,12.5539
2254,2575,1779559482236,1779559482236,1779559482245,1779559482252,1779559482252,1779559482245,1779559482276,9,0,7,2,31,40,11.8658
2255,2576,1779559482276,1779559482276,1779559482285,1779559482306,1779559482306,1779559482299,1779559482314,23,0,21,2,15,38,12.1376
2256,2577,1779559482314,1779559482314,1779559482322,1779559482339,1779559482339,1779559482331,1779559482349,17,0,17,0,18,35,11.5126
2257,2578,1779559482349,1779559482349,1779559482358,1779559482376,1779559482376,1779559482369,1779559482383,20,0,18,2,14,34,10.9447
2258,2580,1779559482417,1779559482417,1779559482427,1779559482430,1779559482430,1779559482423,1779559482452,6,0,3,3,29,35,11.1922
2259,2581,1779559482452,1779559482452,1779559482462,1779559482463,1779559482463,1779559482455,1779559482487,3,0,1,2,32,35,10.6170
2262,2584,1779559482566,1779559482566,1779559482575,1779559482589,1779559482589,1779559482581,1779559482601,15,0,14,1,20,35,14.3254
2263,2585,1779559482601,1779559482601,1779559482610,1779559482627,1779559482627,1779559482619,1779559482644,18,0,17,1,25,43,13.7458
2264,2586,1779559482644,1779559482644,1779559482652,1779559482681,1779559482681,1779559482673,1779559482676,29,0,29,0,3,32,14.2689
2265,2587,1779559482676,1779559482676,1779559482685,1779559482714,1779559482715,1779559482707,1779559482710,31,1,29,1,3,34,13.4027
2266,2588,1779559482710,1779559482710,1779559482719,1779559482752,1779559482752,1779559482745,1779559482778,35,0,33,2,33,68,14.4352
2267,2590,1779559482778,1779559482778,1779559482787,1779559482807,1779559482807,1779559482800,1779559482812,22,0,20,2,12,34,14.7646
2268,2591,1779559482812,1779559482812,1779559482822,1779559482841,1779559482841,1779559482833,1779559482847,21,0,19,2,14,35,13.8859
2269,2592,1779559482847,1779559482847,1779559482856,1779559482880,1779559482880,1779559482872,1779559482881,25,0,24,1,9,34,13.3427
2270,2594,1779559482915,1779559482915,1779559482924,1779559482935,1779559482935,1779559482927,1779559482950,12,0,11,1,23,35,13.3870
2271,2595,1779559482950,1779559482950,1779559482958,1779559482968,1779559482968,1779559482960,1779559482984,10,0,10,0,24,34,12.6356
2272,2596,1779559482984,1779559482984,1779559482993,1779559483006,1779559483006,1779559482999,1779559483018,15,0,13,2,19,34,12.0786
2273,2597,1779559483018,1779559483018,1779559483028,1779559483060,1779559483060,1779559483053,1779559483061,35,0,32,3,8,43,12.0647
2274,2598,1779559483061,1779559483061,1779559483069,1779559483094,1779559483094,1779559483086,1779559483094,25,0,25,0,8,33,11.3718
2275,2599,1779559483094,1779559483094,1779559483102,1779559483132,1779559483132,1779559483125,1779559483129,31,0,30,1,4,35,10.8969
2276,2601,1779559483170,1779559483170,1779559483179,1779559483187,1779559483187,1779559483179,1779559483204,9,0,8,1,25,34,11.5138
2277,2602,1779559483204,1779559483204,1779559483213,1779559483220,1779559483220,1779559483212,1779559483238,8,0,7,1,26,34,10.8697
2278,2603,1779559483238,1779559483238,1779559483246,1779559483258,1779559483259,1779559483251,1779559483272,13,1,12,0,21,34,10.4675
2279,2604,1779559483272,1779559483272,1779559483282,1779559483313,1779559483313,1779559483306,1779559483307,34,0,31,3,1,35,11.0347
2280,2605,1779559483307,1779559483307,1779559483316,1779559483346,1779559483346,1779559483338,1779559483341,31,0,30,1,3,34,10.4003
2281,2607,1779559483375,1779559483375,1779559483384,1779559483385,1779559483385,1779559483377,1779559483409,2,0,1,1,32,34,11.6100
2282,2608,1779559483409,1779559483409,1779559483419,1779559483439,1779559483439,1779559483431,1779559483444,22,0,20,2,13,35,12.1061
2283,2609,1779559483444,1779559483444,1779559483453,1779559483472,1779559483472,1779559483465,1779559483478,21,0,19,2,13,34,11.3614
2284,2610,1779559483478,1779559483478,1779559483488,1779559483512,1779559483512,1779559483504,1779559483513,26,0,24,2,9,35,10.9260
2288,2615,1779559483666,1779559483666,1779559483675,1779559483692,1779559483692,1779559483684,1779559483700,18,0,17,1,16,34,16.2969
2289,2616,1779559483700,1779559483700,1779559483709,1779559483726,1779559483726,1779559483719,1779559483734,19,0,17,2,15,34,15.3221
2290,2617,1779559483734,1779559483734,1779559483743,1779559483765,1779559483765,1779559483758,1779559483768,24,0,22,2,10,34,14.6135
2291,2619,1779559483802,1779559483802,1779559483811,1779559483821,1779559483821,1779559483813,1779559483837,11,0,10,1,24,35,14.4852
2292,2620,1779559483837,1779559483837,1779559483846,1779559483855,1779559483855,1779559483847,1779559483871,10,0,9,1,24,34,13.5809
2293,2621,1779559483871,1779559483871,1779559483880,1779559483893,1779559483894,1779559483886,1779559483906,15,1,13,1,20,35,12.9954
2294,2622,1779559483905,1779559483905,1779559483914,1779559483948,1779559483948,1779559483940,1779559483974,35,0,34,1,34,69,13.0860
2295,2624,1779559483974,1779559483974,1779559483983,1779559483984,1779559483984,1779559483977,1779559484008,3,0,1,2,31,34,12.4455
2296,2625,1779559484008,1779559484008,1779559484017,1779559484021,1779559484021,1779559484014,1779559484042,6,0,4,2,28,34,11.8395
2297,2626,1779559484042,1779559484042,1779559484051,1779559484075,1779559484075,1779559484067,1779559484086,25,0,24,1,19,44,11.6672
2300,2629,1779559484163,1779559484163,1779559484173,1779559484201,1779559484201,1779559484194,1779559484197,31,0,28,3,3,34,15.2205
2301,2630,1779559484197,1779559484197,1779559484206,1779559484236,1779559484236,1779559484228,1779559484231,31,0,30,1,3,34,14.2840
2302,2631,1779559484231,1779559484231,1779559484240,1779559484274,1779559484274,1779559484266,1779559484299,35,0,34,1,33,68,15.2634
2303,2633,1779559484299,1779559484299,1779559484308,1779559484328,1779559484328,1779559484320,1779559484334,21,0,20,1,14,35,15.5167
2304,2634,1779559484334,1779559484334,1779559484342,1779559484361,1779559484361,1779559484354,1779559484368,20,0,19,1,14,34,14.5993
2305,2635,1779559484367,1779559484367,1779559484376,1779559484400,1779559484400,1779559484392,1779559484402,25,0,24,1,10,35,13.9800
2306,2637,1779559484437,1779559484437,1779559484445,1779559484454,1779559484454,1779559484446,1779559484471,9,0,9,0,25,34,14.0442
2307,2638,1779559484471,1779559484471,1779559484480,1779559484490,1779559484490,1779559484482,1779559484505,11,0,10,1,23,34,13.2987
2308,2639,1779559484505,1779559484505,1779559484514,1779559484531,1779559484531,1779559484523,1779559484540,18,0,17,1,17,35,12.8453
2311,2642,1779559484618,1779559484618,1779559484627,1779559484657,1779559484657,1779559484649,1779559484690,31,0,30,1,41,72,15.8193
2312,2644,1779559484694,1779559484694,1779559484704,1779559484711,1779559484711,1779559484704,1779559484728,10,0,7,3,24,34,15.8326
2313,2645,1779559484728,1779559484728,1779559484737,1779559484744,1779559484744,1779559484736,1779559484762,8,0,7,1,26,34,14.9069
2314,2646,1779559484762,1779559484762,1779559484772,1779559484781,1779559484781,1779559484774,1779559484797,12,0,9,3,23,35,14.2089
2315,2647,1779559484797,1779559484797,1779559484806,1779559484836,1779559484836,1779559484829,1779559484831,32,0,30,2,2,34,14.6258
2316,2648,1779559484831,1779559484831,1779559484839,1779559484870,1779559484870,1779559484862,1779559484865,31,0,31,0,3,34,13.8159
2317,2649,1779559484865,1779559484865,1779559484874,1779559484908,1779559484908,1779559484900,1779559484934,35,0,34,1,34,69,14.8664
2318,2651,1779559484934,1779559484934,1779559484943,1779559484963,1779559484963,1779559484955,1779559484968,21,0,20,1,13,34,15.2545
2319,2652,1779559484968,1779559484968,1779559484977,1779559484996,1779559484997,1779559484989,1779559485002,21,1,19,1,13,34,14.3127
2320,2653,1779559485002,1779559485002,1779559485012,1779559485034,1779559485034,1779559485026,1779559485037,24,0,22,2,11,35,13.5475
2321,2654,1779559485037,1779559485037,1779559485046,1779559485088,1779559485088,1779559485081,1779559485112,44,0,42,2,31,75,13.9400
2322,2655,1779559485112,1779559485112,1779559485120,1779559485121,1779559485121,1779559485114,1779559485116,2,0,1,1,2,4,14.8949
2323,2657,1779559485150,1779559485150,1779559485159,1779559485160,1779559485160,1779559485152,1779559485192,2,0,1,1,40,42,16.3567
2324,2658,1779559485192,1779559485192,1779559485201,1779559485214,1779559485214,1779559485206,1779559485225,14,0,13,1,19,33,16.6248
2325,2659,1779559485225,1779559485225,1779559485235,1779559485247,1779559485247,1779559485239,1779559485259,14,0,12,2,20,34,15.6470
2326,2660,1779559485259,1779559485259,1779559485268,1779559485285,1779559485285,1779559485277,1779559485294,18,0,17,1,17,35,14.8817
2327,2662,1779559485328,1779559485328,1779559485337,1779559485339,1779559485339,1779559485332,1779559485362,4,0,2,2,30,34,14.7793
2328,2663,1779559485362,1779559485362,1779559485371,1779559485372,1779559485372,1779559485364,1779559485397,2,0,1,1,33,35,14.0374
2329,2664,1779559485397,1779559485397,1779559485406,1779559485411,1779559485411,1779559485403,1779559485431,6,0,5,1,28,34,13.4730
2330,2665,1779559485431,1779559485431,1779559485440,1779559485464,1779559485464,1779559485457,1779559485466,26,0,24,2,9,35,13.8422
2331,2666,1779559485466,1779559485466,1779559485475,1779559485498,1779559485498,1779559485490,1779559485500,24,0,23,1,10,34,13.0482
2332,2667,1779559485500,1779559485500,1779559485509,1779559485536,1779559485536,1779559485528,1779559485534,28,0,27,1,6,34,12.4378
2335,2671,1779559485649,1779559485649,1779559485658,1779559485660,1779559485660,1779559485653,1779559485685,4,0,2,2,32,36,15.3708
2336,2672,1779559485685,1779559485685,1779559485693,1779559485714,1779559485714,1779559485707,1779559485727,22,0,21,1,20,42,15.0834
2337,2673,1779559485727,1779559485727,1779559485735,1779559485747,1779559485747,1779559485739,1779559485760,12,0,12,0,21,33,14.1428
2338,2674,1779559485760,1779559485760,1779559485769,1779559485785,1779559485785,1779559485777,1779559485795,17,0,16,1,18,35,13.4603
2339,2676,1779559485829,1779559485829,1779559485837,1779559485840,1779559485840,1779559485832,1779559485863,3,0,3,0,31,34,13.4589
2341,2678,1779559485897,1779559485897,1779559485906,1779559485911,1779559485911,1779559485903,1779559485932,6,0,5,1,29,35,12.0887
2342,2679,1779559485932,1779559485932,1779559485942,1779559485965,1779559485965,1779559485957,1779559485967,25,0,23,2,10,35,12.5516
2343,2680,1779559485967,1779559485967,1779559485975,1779559485998,1779559485998,1779559485990,1779559486001,23,0,23,0,11,34,11.8352
2344,2681,1779559486001,1779559486001,1779559486009,1779559486036,1779559486036,1779559486028,1779559486036,27,0,27,0,8,35,11.2759
2345,2683,1779559486070,1779559486070,1779559486079,1779559486089,1779559486089,1779559486082,1779559486105,12,0,10,2,23,35,11.5116
2346,2684,1779559486105,1779559486105,1779559486114,1779559486126,1779559486126,1779559486118,1779559486148,13,0,12,1,30,43,11.2393
2347,2685,1779559486148,1779559486148,1779559486157,1779559486164,1779559486164,1779559486157,1779559486181,9,0,7,2,24,33,10.9316
2348,2686,1779559486181,1779559486181,1779559486190,1779559486222,1779559486222,1779559486214,1779559486216,33,0,32,1,2,35,11.6215
2349,2687,1779559486216,1779559486216,1779559486225,1779559486255,1779559486255,1779559486247,1779559486250,31,0,30,1,3,34,10.9641
2350,2688,1779559486250,1779559486250,1779559486259,1779559486293,1779559486293,1779559486285,1779559486319,35,0,34,1,34,69,12.2006
2351,2690,1779559486319,1779559486319,1779559486327,1779559486346,1779559486347,1779559486339,1779559486353,20,1,19,0,14,34,12.6518
2352,2691,1779559486353,1779559486353,1779559486362,1779559486380,1779559486380,1779559486372,1779559486387,19,0,18,1,15,34,11.9342
2353,2692,1779559486387,1779559486387,1779559486396,1779559486418,1779559486418,1779559486410,1779559486422,23,0,22,1,12,35,11.4221
2354,2694,1779559486456,1779559486456,1779559486465,1779559486471,1779559486471,1779559486464,1779559486491,8,0,6,2,27,35,11.6855
2355,2695,1779559486491,1779559486491,1779559486500,1779559486506,1779559486506,1779559486499,1779559486525,8,0,6,2,26,34,11.0399
2356,2696,1779559486525,1779559486525,1779559486534,1779559486545,1779559486545,1779559486538,1779559486559,13,0,11,2,21,34,10.6485
2358,2698,1779559486593,1779559486593,1779559486602,1779559486636,1779559486636,1779559486628,1779559486629,35,0,34,1,1,36,12.4026
2359,2699,1779559486629,1779559486629,1779559486637,1779559486674,1779559486674,1779559486666,1779559486671,37,0,37,0,5,42,11.9049
2360,2701,1779559486704,1779559486704,1779559486713,1779559486729,1779559486729,1779559486721,1779559486747,17,0,16,1,26,43,12.4457
2361,2702,1779559486747,1779559486747,1779559486756,1779559486763,1779559486763,1779559486755,1779559486780,8,0,7,1,25,33,11.7141
2362,2703,1779559486780,1779559486780,1779559486790,1779559486802,1779559486802,1779559486794,1779559486814,14,0,12,2,20,34,11.2842
2363,2704,1779559486814,1779559486814,1779559486823,1779559486856,1779559486856,1779559486848,1779559486848,34,0,33,1,0,34,11.8202
2364,2705,1779559486848,1779559486848,1779559486857,1779559486889,1779559486889,1779559486881,1779559486883,33,0,32,1,2,35,11.1918
2365,2707,1779559486917,1779559486917,1779559486926,1779559486927,1779559486927,1779559486920,1779559486951,3,0,1,2,31,34,12.3270
2366,2708,1779559486951,1779559486951,1779559486960,1779559486982,1779559486982,1779559486974,1779559486986,23,0,22,1,12,35,12.7827
2367,2709,1779559486986,1779559486986,1779559486995,1779559487015,1779559487015,1779559487007,1779559487020,21,0,20,1,13,34,12.0391
2368,2710,1779559487020,1779559487020,1779559487029,1779559487053,1779559487053,1779559487045,1779559487055,25,0,24,1,10,35,11.4861
2369,2712,1779559487089,1779559487089,1779559487098,1779559487107,1779559487107,1779559487099,1779559487124,10,0,9,1,25,35,11.7148
2370,2713,1779559487124,1779559487124,1779559487133,1779559487140,1779559487140,1779559487132,1779559487166,8,0,7,1,34,42,11.5593
2373,2716,1779559487243,1779559487243,1779559487252,1779559487264,1779559487264,1779559487256,1779559487276,13,0,12,1,20,33,14.9415
2374,2717,1779559487276,1779559487276,1779559487285,1779559487302,1779559487302,1779559487294,1779559487310,18,0,17,1,16,34,14.2519
2375,2719,1779559487345,1779559487345,1779559487354,1779559487357,1779559487357,1779559487349,1779559487379,4,0,3,1,30,34,14.2022
2376,2720,1779559487379,1779559487379,1779559487388,1779559487390,1779559487390,1779559487382,1779559487414,3,0,2,1,32,35,13.4168
2377,2721,1779559487414,1779559487414,1779559487422,1779559487429,1779559487429,1779559487421,1779559487447,7,0,7,0,26,33,12.9087
2378,2722,1779559487447,1779559487447,1779559487456,1779559487482,1779559487483,1779559487475,1779559487482,28,1,26,1,7,35,13.3351
2379,2723,1779559487482,1779559487482,1779559487490,1779559487515,1779559487515,1779559487508,1779559487516,26,0,25,1,8,34,12.6767
2380,2724,1779559487516,1779559487516,1779559487525,1779559487554,1779559487554,1779559487546,1779559487550,30,0,29,1,4,34,12.2031
2381,2726,1779559487585,1779559487585,1779559487593,1779559487608,1779559487608,1779559487600,1779559487619,15,0,15,0,19,34,12.3718
2382,2727,1779559487619,1779559487619,1779559487628,1779559487641,1779559487641,1779559487633,1779559487654,14,0,13,1,21,35,11.7385
2383,2728,1779559487654,1779559487654,1779559487663,1779559487678,1779559487678,1779559487671,1779559487697,17,0,15,2,26,43,11.3241
2386,2731,1779559487774,1779559487774,1779559487783,1779559487802,1779559487802,1779559487794,1779559487807,20,0,19,1,13,33,12.2923
2387,2732,1779559487807,1779559487807,1779559487816,1779559487856,1779559487856,1779559487848,1779559487877,41,0,40,1,29,70,12.4686
2388,2734,1779559487876,1779559487876,1779559487885,1779559487891,1779559487891,1779559487883,1779559487910,7,0,6,1,27,34,11.7677
2389,2735,1779559487910,1779559487910,1779559487919,1779559487927,1779559487927,1779559487920,1779559487945,10,0,8,2,25,35,11.1798
2390,2736,1779559487945,1779559487945,1779559487954,1779559487982,1779559487982,1779559487974,1779559487979,29,0,28,1,5,34,11.7317
2391,2737,1779559487979,1779559487979,1779559487988,1779559488015,1779559488015,1779559488007,1779559488013,28,0,27,1,6,34,11.0914
2392,2738,1779559488013,1779559488013,1779559488022,1779559488053,1779559488053,1779559488045,1779559488047,32,0,31,1,2,34,10.6439
2393,2740,1779559488082,1779559488082,1779559488091,1779559488107,1779559488107,1779559488099,1779559488116,17,0,16,1,17,34,10.9265
2396,2743,1779559488195,1779559488195,1779559488204,1779559488232,1779559488232,1779559488225,1779559488229,30,0,28,2,4,34,14.6280
2397,2744,1779559488229,1779559488229,1779559488239,1779559488265,1779559488265,1779559488258,1779559488271,29,0,26,3,13,42,14.3353
2398,2745,1779559488271,1779559488271,1779559488280,1779559488303,1779559488303,1779559488296,1779559488305,25,0,23,2,9,34,13.7977
2399,2747,1779559488338,1779559488338,1779559488348,1779559488357,1779559488357,1779559488349,1779559488373,11,0,9,2,24,35,13.9045
2400,2748,1779559488373,1779559488373,1779559488383,1779559488390,1779559488390,1779559488382,1779559488407,9,0,7,2,25,34,13.0861
2401,2749,1779559488407,1779559488407,1779559488416,1779559488428,1779559488428,1779559488420,1779559488441,13,0,12,1,21,34,12.4939
2402,2750,1779559488441,1779559488441,1779559488450,1779559488482,1779559488482,1779559488474,1779559488476,33,0,32,1,2,35,12.9406
2403,2751,1779559488476,1779559488476,1779559488484,1779559488515,1779559488515,1779559488507,1779559488510,31,0,31,0,3,34,12.1981
2404,2753,1779559488544,1779559488544,1779559488553,1779559488554,1779559488554,1779559488547,1779559488579,3,0,1,2,32,35,13.2458
2405,2754,1779559488579,1779559488579,1779559488588,1779559488609,1779559488609,1779559488601,1779559488613,22,0,21,1,12,34,13.6726
2406,2755,1779559488613,1779559488613,1779559488622,1779559488642,1779559488642,1779559488634,1779559488647,21,0,20,1,13,34,12.9076
2407,2756,1779559488647,1779559488647,1779559488656,1779559488680,1779559488680,1779559488672,1779559488723,25,0,24,1,51,76,14.4439
2408,2757,1779559488723,1779559488723,1779559488732,1779559488734,1779559488734,1779559488726,1779559488726,3,0,2,1,0,3,16.6918
2409,2758,1779559488726,1779559488726,1779559488735,1779559488766,1779559488766,1779559488759,1779559488760,33,0,31,2,1,34,15.7868
2410,2759,1779559488760,1779559488760,1779559488770,1779559488804,1779559488805,1779559488797,1779559488803,37,1,34,2,6,43,15.0243
2411,2761,1779559488835,1779559488835,1779559488845,1779559488860,1779559488860,1779559488852,1779559488870,17,0,15,2,18,35,14.8266
2412,2762,1779559488870,1779559488870,1779559488879,1779559488893,1779559488893,1779559488885,1779559488905,15,0,14,1,20,35,14.0199
2413,2763,1779559488905,1779559488905,1779559488913,1779559488931,1779559488932,1779559488924,1779559488939,19,1,18,0,15,34,13.4679
2414,2765,1779559488973,1779559488973,1779559488983,1779559488986,1779559488986,1779559488978,1779559489007,5,0,3,2,29,34,13.5430
2415,2766,1779559489007,1779559489007,1779559489016,1779559489019,1779559489019,1779559489011,1779559489041,4,0,3,1,30,34,12.7554
2416,2767,1779559489041,1779559489041,1779559489050,1779559489058,1779559489058,1779559489051,1779559489076,10,0,8,2,25,35,12.3015
2417,2768,1779559489076,1779559489076,1779559489085,1779559489112,1779559489112,1779559489105,1779559489110,29,0,27,2,5,34,12.7826
2418,2769,1779559489110,1779559489110,1779559489118,1779559489146,1779559489146,1779559489138,1779559489145,28,0,28,0,7,35,12.0995
2419,2770,1779559489145,1779559489145,1779559489153,1779559489185,1779559489185,1779559489177,1779559489179,32,0,32,0,2,34,11.6152
2420,2772,1779559489222,1779559489222,1779559489231,1779559489240,1779559489240,1779559489232,1779559489255,10,0,9,1,23,33,12.1789
2421,2773,1779559489255,1779559489255,1779559489264,1779559489273,1779559489273,1779559489265,1779559489297,10,0,9,1,32,42,11.9643
2422,2774,1779559489297,1779559489297,1779559489306,1779559489312,1779559489312,1779559489304,1779559489330,7,0,6,1,26,33,11.5916
2423,2775,1779559489330,1779559489330,1779559489338,1779559489368,1779559489368,1779559489360,1779559489364,30,0,30,0,4,34,12.2034
2424,2776,1779559489364,1779559489364,1779559489373,1779559489400,1779559489400,1779559489393,1779559489398,29,0,27,2,5,34,11.5034
2425,2778,1779559489433,1779559489433,1779559489441,1779559489441,1779559489442,1779559489434,1779559489467,1,1,0,0,33,34,12.5145
2426,2779,1779559489467,1779559489467,1779559489476,1779559489496,1779559489496,1779559489488,1779559489501,21,0,20,1,13,34,12.9653
2427,2780,1779559489501,1779559489501,1779559489510,1779559489529,1779559489529,1779559489521,1779559489536,20,0,19,1,15,35,12.2473
2428,2781,1779559489536,1779559489536,1779559489545,1779559489568,1779559489568,1779559489560,1779559489570,24,0,23,1,10,34,11.7899
2429,2783,1779559489604,1779559489604,1779559489613,1779559489622,1779559489622,1779559489614,1779559489638,10,0,9,1,24,34,11.9712
2430,2784,1779559489638,1779559489638,1779559489648,1779559489655,1779559489655,1779559489647,1779559489673,9,0,7,2,26,35,11.3345
2431,2785,1779559489673,1779559489673,1779559489683,1779559489693,1779559489693,1779559489685,1779559489717,12,0,10,2,32,44,10.9581
2434,2788,1779559489794,1779559489794,1779559489803,1779559489818,1779559489818,1779559489810,1779559489828,16,0,15,1,18,34,12.1009
2435,2790,1779559489862,1779559489862,1779559489871,1779559489872,1779559489872,1779559489864,1779559489896,2,0,1,1,32,34,12.2703
2437,2792,1779559489931,1779559489931,1779559489939,1779559489942,1779559489942,1779559489935,1779559489965,4,0,3,1,30,34,10.9976
2438,2793,1779559489965,1779559489965,1779559489974,1779559489996,1779559489996,1779559489989,1779559489999,24,0,22,2,10,34,11.5629
2439,2794,1779559489999,1779559489999,1779559490009,1779559490029,1779559490029,1779559490022,1779559490034,23,0,20,3,12,35,10.9492
2440,2795,1779559490034,1779559490034,1779559490043,1779559490067,1779559490067,1779559490059,1779559490068,25,0,24,1,9,34,10.4923
2441,2797,1779559490103,1779559490103,1779559490112,1779559490121,1779559490121,1779559490113,1779559490137,10,0,9,1,24,34,10.7513
2442,2798,1779559490137,1779559490137,1779559490146,1779559490154,1779559490154,1779559490146,1779559490172,9,0,8,1,26,35,10.1911
2443,2799,1779559490172,1779559490172,1779559490180,1779559490192,1779559490192,1779559490184,1779559490207,12,0,12,0,23,35,9.7017
2444,2800,1779559490207,1779559490207,1779559490217,1779559490246,1779559490246,1779559490239,1779559490249,32,0,29,3,10,42,9.8646
2445,2801,1779559490249,1779559490249,1779559490258,1779559490279,1779559490279,1779559490272,1779559490282,23,0,21,2,10,33,9.3060
2446,2802,1779559490282,1779559490282,1779559490291,1779559490317,1779559490318,1779559490310,1779559490318,28,1,26,1,8,36,8.8343
2447,2804,1779559490360,1779559490360,1779559490369,1779559490372,1779559490372,1779559490365,1779559490393,5,0,3,2,28,33,9.6004
2448,2805,1779559490393,1779559490393,1779559490402,1779559490406,1779559490406,1779559490398,1779559490427,5,0,4,1,29,34,9.0031
2449,2806,1779559490427,1779559490427,1779559490437,1779559490444,1779559490444,1779559490436,1779559490462,9,0,7,2,26,35,8.6635
2450,2807,1779559490462,1779559490462,1779559490470,1779559490498,1779559490498,1779559490490,1779559490497,28,0,28,0,7,35,9.3214
2451,2808,1779559490497,1779559490497,1779559490506,1779559490532,1779559490532,1779559490524,1779559490531,27,0,26,1,7,34,8.7579
2452,2809,1779559490531,1779559490531,1779559490540,1779559490570,1779559490570,1779559490562,1779559490565,31,0,30,1,3,34,8.4296
2453,2811,1779559490599,1779559490599,1779559490608,1779559490624,1779559490624,1779559490617,1779559490634,18,0,16,2,17,35,8.7709
2454,2812,1779559490634,1779559490634,1779559490644,1779559490657,1779559490657,1779559490650,1779559490669,16,0,13,3,19,35,8.2983
2457,2815,1779559490747,1779559490747,1779559490757,1779559490783,1779559490783,1779559490775,1779559490781,28,0,26,2,6,34,12.3273
2458,2816,1779559490781,1779559490781,1779559490790,1779559490821,1779559490821,1779559490814,1779559490857,33,0,31,2,43,76,13.9188
2459,2818,1779559490860,1779559490860,1779559490871,1779559490876,1779559490876,1779559490868,1779559490895,8,0,5,3,27,35,14.1527
2460,2819,1779559490895,1779559490895,1779559490904,1779559490909,1779559490909,1779559490902,1779559490929,7,0,5,2,27,34,13.3549
2461,2820,1779559490929,1779559490929,1779559490939,1779559490949,1779559490949,1779559490941,1779559490964,12,0,10,2,23,35,12.8588
2462,2821,1779559490964,1779559490964,1779559490973,1779559491003,1779559491003,1779559490996,1779559490998,32,0,30,2,2,34,13.3692
2463,2822,1779559490998,1779559490998,1779559491007,1779559491037,1779559491037,1779559491029,1779559491032,31,0,30,1,3,34,12.6199
2464,2823,1779559491032,1779559491032,1779559491041,1779559491075,1779559491075,1779559491067,1779559491101,35,0,34,1,34,69,13.7533
2465,2825,1779559491101,1779559491101,1779559491110,1779559491129,1779559491129,1779559491121,1779559491135,20,0,19,1,14,34,14.0956
2466,2826,1779559491135,1779559491135,1779559491145,1779559491162,1779559491162,1779559491154,1779559491169,19,0,17,2,15,34,13.2704
2467,2827,1779559491169,1779559491169,1779559491179,1779559491201,1779559491201,1779559491193,1779559491204,24,0,22,2,11,35,12.7047
2468,2828,1779559491204,1779559491204,1779559491213,1779559491255,1779559491255,1779559491247,1779559491279,43,0,42,1,32,75,13.2271
2469,2830,1779559491283,1779559491283,1779559491291,1779559491292,1779559491292,1779559491285,1779559491317,2,0,1,1,32,34,12.4129
2470,2831,1779559491317,1779559491317,1779559491326,1779559491329,1779559491329,1779559491322,1779559491359,5,0,3,2,37,42,11.9976
2471,2832,1779559491359,1779559491359,1779559491369,1779559491384,1779559491384,1779559491376,1779559491392,17,0,15,2,16,33,12.6324
2472,2833,1779559491392,1779559491392,1779559491402,1779559491417,1779559491417,1779559491410,1779559491426,18,0,15,3,16,34,11.9290
2473,2834,1779559491426,1779559491426,1779559491435,1779559491455,1779559491456,1779559491448,1779559491461,22,1,20,1,13,35,11.4779
2474,2836,1779559491495,1779559491495,1779559491503,1779559491510,1779559491510,1779559491503,1779559491529,8,0,7,1,26,34,11.6613
2475,2837,1779559491529,1779559491529,1779559491538,1779559491544,1779559491544,1779559491536,1779559491564,7,0,6,1,28,35,10.9687
2476,2838,1779559491564,1779559491564,1779559491573,1779559491584,1779559491584,1779559491577,1779559491597,13,0,11,2,20,33,10.7414
2477,2839,1779559491597,1779559491597,1779559491607,1779559491638,1779559491638,1779559491631,1779559491632,34,0,31,3,1,35,11.2138
2478,2840,1779559491632,1779559491632,1779559491641,1779559491671,1779559491671,1779559491664,1779559491666,32,0,30,2,2,34,10.5395
2479,2842,1779559491701,1779559491701,1779559491709,1779559491710,1779559491710,1779559491702,1779559491736,1,0,1,0,34,35,11.8368
2480,2843,1779559491736,1779559491736,1779559491745,1779559491763,1779559491763,1779559491756,1779559491778,20,0,18,2,22,42,11.8282
2481,2844,1779559491778,1779559491778,1779559491787,1779559491797,1779559491797,1779559491789,1779559491811,11,0,10,1,22,33,11.0968
2482,2845,1779559491811,1779559491811,1779559491820,1779559491835,1779559491835,1779559491827,1779559491853,16,0,15,1,26,42,10.6522
2483,2846,1779559491853,1779559491853,1779559491863,1779559491889,1779559491889,1779559491881,1779559491886,28,0,26,2,5,33,11.3123
2484,2847,1779559491886,1779559491886,1779559491894,1779559491922,1779559491922,1779559491914,1779559491920,28,0,28,0,6,34,10.6802
2485,2848,1779559491920,1779559491920,1779559491929,1779559491960,1779559491960,1779559491952,1779559491955,32,0,31,1,3,35,10.2102
2486,2850,1779559491989,1779559491989,1779559491998,1779559492014,1779559492014,1779559492006,1779559492024,17,0,16,1,18,35,10.4988
2487,2851,1779559492024,1779559492024,1779559492033,1779559492047,1779559492047,1779559492039,1779559492058,15,0,14,1,19,34,9.9084
2488,2852,1779559492058,1779559492058,1779559492067,1779559492084,1779559492085,1779559492077,1779559492097,19,1,17,1,20,39,9.3362
2489,2853,1779559492097,1779559492097,1779559492105,1779559492138,1779559492138,1779559492131,1779559492134,34,0,33,1,3,37,9.7757
2490,2854,1779559492134,1779559492134,1779559492143,1779559492171,1779559492171,1779559492163,1779559492174,29,0,28,1,11,40,9.6268
2491,2855,1779559492174,1779559492174,1779559492182,1779559492211,1779559492211,1779559492203,1779559492212,29,0,29,0,9,38,9.1049
2494,2858,1779559492296,1779559492296,1779559492305,1779559492339,1779559492339,1779559492331,1779559492372,35,0,34,1,41,76,13.4028
2495,2860,1779559492376,1779559492376,1779559492384,1779559492394,1779559492394,1779559492386,1779559492409,10,0,10,0,23,33,13.6864
2496,2861,1779559492409,1779559492409,1779559492418,1779559492427,1779559492427,1779559492420,1779559492444,11,0,9,2,24,35,12.9373
2497,2862,1779559492444,1779559492444,1779559492453,1779559492466,1779559492466,1779559492459,1779559492478,15,0,13,2,19,34,12.5065
2498,2864,1779559492512,1779559492512,1779559492521,1779559492523,1779559492523,1779559492515,1779559492547,3,0,2,1,32,35,12.5416
2499,2865,1779559492547,1779559492547,1779559492557,1779559492558,1779559492558,1779559492550,1779559492581,3,0,1,2,31,34,11.8462
2500,2866,1779559492581,1779559492581,1779559492590,1779559492597,1779559492597,1779559492589,1779559492615,8,0,7,1,26,34,11.3815
2501,2867,1779559492615,1779559492615,1779559492624,1779559492650,1779559492651,1779559492643,1779559492649,28,1,26,1,6,34,11.9173
2502,2868,1779559492649,1779559492649,1779559492659,1779559492683,1779559492683,1779559492676,1779559492684,27,0,24,3,8,35,11.2561
2503,2869,1779559492684,1779559492684,1779559492693,1779559492721,1779559492721,1779559492714,1779559492718,30,0,28,2,4,34,10.7107
2504,2870,1779559492718,1779559492718,1779559492727,1779559492775,1779559492775,1779559492768,1779559492793,50,0,48,2,25,75,11.2854
2505,2872,1779559492797,1779559492797,1779559492806,1779559492808,1779559492808,1779559492801,1779559492831,4,0,2,2,30,34,10.9169
2506,2873,1779559492830,1779559492830,1779559492839,1779559492846,1779559492846,1779559492838,1779559492873,8,0,7,1,35,43,10.5131
2507,2874,1779559492873,1779559492873,1779559492882,1779559492901,1779559492901,1779559492893,1779559492906,20,0,19,1,13,33,11.2497
2508,2875,1779559492906,1779559492906,1779559492914,1779559492935,1779559492935,1779559492928,1779559492940,22,0,21,1,12,34,10.5904
2509,2876,1779559492940,1779559492940,1779559492949,1779559492975,1779559492975,1779559492967,1779559492974,27,0,26,1,7,34,10.2165
2510,2878,1779559493008,1779559493008,1779559493018,1779559493030,1779559493030,1779559493022,1779559493043,14,0,12,2,21,35,10.4279
2511,2879,1779559493043,1779559493043,1779559493052,1779559493064,1779559493064,1779559493056,1779559493077,13,0,12,1,21,34,9.7802
2512,2880,1779559493077,1779559493077,1779559493086,1779559493104,1779559493104,1779559493096,1779559493112,19,0,18,1,16,35,9.5135
2513,2882,1779559493146,1779559493146,1779559493155,1779559493158,1779559493158,1779559493151,1779559493180,5,0,3,2,29,34,9.8108
2514,2883,1779559493180,1779559493180,1779559493189,1779559493192,1779559493192,1779559493184,1779559493214,4,0,3,1,30,34,9.2201
2515,2884,1779559493214,1779559493214,1779559493223,1779559493231,1779559493231,1779559493223,1779559493248,9,0,8,1,25,34,8.9461
2516,2885,1779559493248,1779559493248,1779559493257,1779559493286,1779559493286,1779559493278,1779559493291,30,0,29,1,13,43,9.1620
2517,2886,1779559493291,1779559493291,1779559493300,1779559493319,1779559493319,1779559493311,1779559493325,20,0,19,1,14,34,8.6432
2518,2887,1779559493325,1779559493325,1779559493334,1779559493359,1779559493359,1779559493352,1779559493366,27,0,25,2,14,41,8.1194
2519,2889,1779559493399,1779559493399,1779559493408,1779559493416,1779559493416,1779559493408,1779559493433,9,0,8,1,25,34,8.3244
2520,2890,1779559493433,1779559493433,1779559493443,1779559493450,1779559493450,1779559493443,1779559493468,10,0,7,3,25,35,7.8572
2521,2891,1779559493468,1779559493468,1779559493477,1779559493488,1779559493488,1779559493481,1779559493502,13,0,11,2,21,34,7.5874
2522,2892,1779559493502,1779559493502,1779559493511,1779559493543,1779559493543,1779559493535,1779559493536,33,0,32,1,1,34,8.3419
2523,2893,1779559493536,1779559493536,1779559493546,1779559493577,1779559493577,1779559493569,1779559493570,33,0,31,2,1,34,7.8206
2524,2895,1779559493605,1779559493605,1779559493614,1779559493615,1779559493615,1779559493608,1779559493639,3,0,1,2,31,34,9.2538
2525,2896,1779559493639,1779559493639,1779559493648,1779559493671,1779559493671,1779559493663,1779559493674,24,0,23,1,11,35,10.0149
2526,2897,1779559493674,1779559493674,1779559493683,1779559493708,1779559493708,1779559493700,1779559493708,26,0,25,1,8,34,9.5776
2527,2898,1779559493708,1779559493708,1779559493717,1779559493746,1779559493746,1779559493738,1779559493742,30,0,29,1,4,34,9.1945
2528,2900,1779559493777,1779559493777,1779559493786,1779559493800,1779559493800,1779559493792,1779559493819,15,0,14,1,27,42,10.0373
2529,2901,1779559493819,1779559493819,1779559493828,1779559493833,1779559493833,1779559493825,1779559493852,6,0,5,1,27,33,9.4262
2530,2902,1779559493852,1779559493852,1779559493861,1779559493870,1779559493870,1779559493863,1779559493894,11,0,9,2,31,42,9.0814
2531,2903,1779559493894,1779559493894,1779559493903,1779559493924,1779559493925,1779559493917,1779559493927,23,1,21,1,10,33,9.8352
2532,2904,1779559493927,1779559493927,1779559493936,1779559493957,1779559493957,1779559493950,1779559493962,23,0,21,2,12,35,9.3133
2533,2905,1779559493961,1779559493961,1779559493970,1779559493995,1779559493995,1779559493988,1779559493996,27,0,25,2,8,35,8.9041
2534,2907,1779559494029,1779559494029,1779559494039,1779559494049,1779559494049,1779559494041,1779559494064,12,0,10,2,23,35,9.2512
2535,2908,1779559494064,1779559494064,1779559494073,1779559494082,1779559494082,1779559494074,1779559494098,10,0,9,1,24,34,8.7233
2536,2909,1779559494098,1779559494098,1779559494107,1779559494120,1779559494120,1779559494112,1779559494132,14,0,13,1,20,34,8.4033
2537,2910,1779559494132,1779559494132,1779559494141,1779559494173,1779559494173,1779559494166,1779559494167,34,0,32,2,1,35,9.0879
2538,2911,1779559494167,1779559494167,1779559494176,1779559494208,1779559494208,1779559494201,1779559494201,34,0,32,2,0,34,8.5703
2539,2913,1779559494235,1779559494235,1779559494245,1779559494247,1779559494247,1779559494239,1779559494271,4,0,2,2,32,36,9.9895
2540,2914,1779559494270,1779559494270,1779559494280,1779559494302,1779559494302,1779559494294,1779559494314,24,0,22,2,20,44,10.0802
2543,2917,1779559494390,1779559494390,1779559494399,1779559494429,1779559494429,1779559494422,1779559494425,32,0,30,2,3,35,13.7448
2544,2918,1779559494425,1779559494425,1779559494434,1779559494462,1779559494462,1779559494454,1779559494459,29,0,28,1,5,34,13.0444
2545,2919,1779559494459,1779559494459,1779559494469,1779559494500,1779559494500,1779559494492,1779559494493,33,0,31,2,1,34,12.4640
2546,2921,1779559494530,1779559494530,1779559494539,1779559494554,1779559494554,1779559494546,1779559494568,16,0,15,1,22,38,12.9475
2547,2922,1779559494568,1779559494568,1779559494576,1779559494588,1779559494588,1779559494581,1779559494605,13,0,12,1,24,37,12.3271
2548,2923,1779559494605,1779559494605,1779559494613,1779559494626,1779559494626,1779559494619,1779559494642,14,0,13,1,23,37,11.6609
2549,2924,1779559494642,1779559494642,1779559494651,1779559494680,1779559494680,1779559494672,1779559494676,30,0,29,1,4,34,12.1255
2550,2925,1779559494676,1779559494676,1779559494685,1779559494714,1779559494714,1779559494706,1779559494710,30,0,29,1,4,34,11.3711
2551,2926,1779559494710,1779559494710,1779559494719,1779559494753,1779559494753,1779559494745,1779559494779,35,0,34,1,34,69,12.5532
2556,2932,1779559494939,1779559494939,1779559494948,1779559494966,1779559494966,1779559494959,1779559494974,20,0,18,2,15,35,17.5597
2557,2933,1779559494973,1779559494973,1779559494982,1779559495005,1779559495005,1779559494997,1779559495008,24,0,23,1,11,35,16.7550
2558,2935,1779559495042,1779559495042,1779559495053,1779559495058,1779559495058,1779559495051,1779559495076,9,0,5,4,25,34,16.6317
2559,2936,1779559495076,1779559495076,1779559495086,1779559495091,1779559495091,1779559495084,1779559495110,8,0,5,3,26,34,15.6540
2560,2937,1779559495110,1779559495110,1779559495119,1779559495130,1779559495130,1779559495123,1779559495145,13,0,11,2,22,35,14.9301
2561,2938,1779559495145,1779559495145,1779559495154,1779559495185,1779559495185,1779559495178,1779559495179,33,0,31,2,1,34,15.2576
2562,2939,1779559495179,1779559495179,1779559495188,1779559495218,1779559495218,1779559495211,1779559495214,32,0,30,2,3,35,14.4121
2563,2940,1779559495214,1779559495214,1779559495222,1779559495256,1779559495256,1779559495248,1779559495283,34,0,34,0,35,69,15.4685
2564,2942,1779559495283,1779559495283,1779559495292,1779559495310,1779559495310,1779559495303,1779559495326,20,0,18,2,23,43,15.2143
2565,2943,1779559495326,1779559495326,1779559495334,1779559495344,1779559495344,1779559495336,1779559495359,10,0,10,0,23,33,14.3221
2568,2946,1779559495437,1779559495437,1779559495446,1779559495469,1779559495469,1779559495462,1779559495471,25,0,23,2,9,34,17.1866
2569,2947,1779559495471,1779559495471,1779559495480,1779559495507,1779559495508,1779559495500,1779559495505,29,1,27,1,5,34,16.3412
2570,2949,1779559495539,1779559495539,1779559495549,1779559495562,1779559495562,1779559495554,1779559495574,15,0,13,2,20,35,16.2485
2571,2950,1779559495574,1779559495574,1779559495583,1779559495596,1779559495596,1779559495588,1779559495608,14,0,13,1,20,34,15.2379
2572,2951,1779559495608,1779559495608,1779559495617,1779559495635,1779559495635,1779559495627,1779559495642,19,0,18,1,15,34,14.5797
2573,2953,1779559495677,1779559495677,1779559495686,1779559495689,1779559495689,1779559495681,1779559495711,4,0,3,1,30,34,14.5765
2574,2954,1779559495711,1779559495711,1779559495720,1779559495722,1779559495722,1779559495714,1779559495752,3,0,2,1,38,41,14.1395
2576,2956,1779559495780,1779559495780,1779559495789,1779559495813,1779559495813,1779559495806,1779559495815,26,0,24,2,9,35,14.1193
2577,2957,1779559495815,1779559495815,1779559495824,1779559495847,1779559495847,1779559495839,1779559495849,24,0,23,1,10,34,13.2672
2578,2958,1779559495849,1779559495849,1779559495859,1779559495885,1779559495885,1779559495878,1779559495892,29,0,26,3,14,43,12.7470
2581,2961,1779559495969,1779559495969,1779559495978,1779559496010,1779559496011,1779559496003,1779559496003,34,1,32,1,0,34,13.5995
2582,2963,1779559496038,1779559496038,1779559496047,1779559496064,1779559496064,1779559496057,1779559496072,19,0,17,2,15,34,13.7192
2583,2964,1779559496072,1779559496072,1779559496080,1779559496098,1779559496098,1779559496090,1779559496107,18,0,18,0,17,35,12.9026
2584,2965,1779559496107,1779559496107,1779559496116,1779559496135,1779559496135,1779559496128,1779559496141,21,0,19,2,13,34,12.2765
2585,2967,1779559496175,1779559496175,1779559496184,1779559496189,1779559496189,1779559496181,1779559496209,6,0,5,1,28,34,12.4090
2586,2968,1779559496209,1779559496209,1779559496218,1779559496222,1779559496222,1779559496214,1779559496243,5,0,4,1,29,34,11.7149
2587,2969,1779559496243,1779559496243,1779559496253,1779559496260,1779559496260,1779559496252,1779559496278,9,0,7,2,26,35,11.2177
2588,2970,1779559496278,1779559496278,1779559496286,1779559496314,1779559496314,1779559496306,1779559496313,28,0,28,0,7,35,11.7111
2589,2971,1779559496312,1779559496312,1779559496321,1779559496346,1779559496347,1779559496339,1779559496348,27,1,25,1,9,36,11.1081
2590,2972,1779559496348,1779559496348,1779559496357,1779559496384,1779559496384,1779559496377,1779559496390,29,0,27,2,13,42,10.6836
2591,2973,1779559496390,1779559496390,1779559496399,1779559496439,1779559496439,1779559496431,1779559496463,41,0,40,1,32,73,11.2245
2593,2976,1779559496500,1779559496500,1779559496509,1779559496510,1779559496510,1779559496502,1779559496535,2,0,1,1,33,35,13.4760
2594,2977,1779559496535,1779559496535,1779559496545,1779559496564,1779559496564,1779559496556,1779559496569,21,0,19,2,13,34,13.8988
2595,2978,1779559496569,1779559496569,1779559496579,1779559496598,1779559496598,1779559496590,1779559496603,21,0,19,2,13,34,13.0515
2596,2979,1779559496603,1779559496603,1779559496613,1779559496636,1779559496636,1779559496628,1779559496638,25,0,23,2,10,35,12.4751
2597,2981,1779559496672,1779559496672,1779559496681,1779559496690,1779559496690,1779559496682,1779559496707,10,0,9,1,25,35,12.6541
2598,2982,1779559496707,1779559496707,1779559496716,1779559496722,1779559496723,1779559496715,1779559496742,8,1,6,1,27,35,12.0177
2599,2983,1779559496742,1779559496742,1779559496751,1779559496761,1779559496761,1779559496753,1779559496776,11,0,10,1,23,34,11.5503
