utc_iso,unix_ms,seq,cmd_seq_echo,t0_echo,t1_echo,t3_recv,tq_dequeue,t4_physics,t5_send,t6_unity
2026-05-23T11:00:46.2570830Z,1779534046257,2,-1,0,0,0,0,1779534046219,1779534046223,1779534046251
2026-05-23T11:00:46.3255580Z,1779534046325,3,-1,0,0,0,0,1779534046257,1779534046260,1779534046289
2026-05-23T11:00:46.3616430Z,1779534046361,4,-1,0,0,0,0,1779534046299,1779534046300,1779534046325
2026-05-23T11:00:46.4636360Z,1779534046463,5,-1,0,0,0,0,1779534046357,1779534046362,1779534046394
2026-05-23T11:00:46.4668840Z,1779534046466,7,-1,0,0,0,0,1779534046434,1779534046435,1779534046463
2026-05-23T11:00:46.5329860Z,1779534046532,8,-1,0,0,0,0,1779534046492,1779534046492,1779534046500
2026-05-23T11:00:46.6008410Z,1779534046600,9,-1,0,0,0,0,1779534046526,1779534046529,1779534046566
2026-05-23T11:00:46.6410530Z,1779534046641,10,-1,0,0,0,0,1779534046567,1779534046570,1779534046600
2026-05-23T11:00:46.6720400Z,1779534046672,11,-1,0,0,0,0,1779534046627,1779534046631,1779534046641
2026-05-23T11:00:46.7434480Z,1779534046743,13,-1,0,0,0,0,1779534046702,1779534046705,1779534046712
2026-05-23T11:00:46.8088450Z,1779534046808,14,-1,0,0,0,0,1779534046760,1779534046763,1779534046776
2026-05-23T11:00:46.8414290Z,1779534046841,15,-1,0,0,0,0,1779534046794,1779534046799,1779534046808
2026-05-23T11:00:46.9072870Z,1779534046907,16,-1,0,0,0,0,1779534046834,1779534046836,1779534046874
2026-05-23T11:00:46.9397020Z,1779534046939,17,-1,0,0,0,0,1779534046892,1779534046893,1779534046907
2026-05-23T11:00:46.9724610Z,1779534046972,18,-1,0,0,0,0,1779534046927,1779534046929,1779534046939
2026-05-23T11:00:47.0381570Z,1779534047038,19,-1,0,0,0,0,1779534046967,1779534046971,1779534047004
2026-05-23T11:00:47.0708840Z,1779534047070,20,-1,0,0,0,0,1779534047025,1779534047030,1779534047038
2026-05-23T11:00:47.1045590Z,1779534047104,21,-1,0,0,0,0,1779534047059,1779534047061,1779534047070
2026-05-23T11:00:47.1821830Z,1779534047182,22,-1,0,0,0,0,1779534047100,1779534047102,1779534047150
2026-05-23T11:00:47.2213510Z,1779534047221,23,-1,0,0,0,0,1779534047159,1779534047160,1779534047182
2026-05-23T11:00:47.2527890Z,1779534047252,24,-1,0,0,0,0,1779534047192,1779534047196,1779534047223
2026-05-23T11:00:47.2850080Z,1779534047285,25,-1,0,0,0,0,1779534047232,1779534047237,1779534047258
2026-05-23T11:00:47.3535450Z,1779534047353,26,-1,0,0,0,0,1779534047290,1779534047294,1779534047317
2026-05-23T11:00:47.3887810Z,1779534047388,27,-1,0,0,0,0,1779534047323,1779534047324,1779534047353
2026-05-23T11:00:47.4211370Z,1779534047421,28,-1,0,0,0,0,1779534047363,1779534047366,1779534047388
2026-05-23T11:00:47.5307800Z,1779534047530,29,-1,0,0,0,0,1779534047421,1779534047422,1779534047454
2026-05-23T11:00:47.5338630Z,1779534047533,31,-1,0,0,0,0,1779534047495,1779534047499,1779534047530
2026-05-23T11:00:47.6013600Z,1779534047601,32,-1,0,0,0,0,1779534047553,1779534047557,1779534047567
2026-05-23T11:00:47.6414390Z,1779534047641,33,-1,0,0,0,0,1779534047587,1779534047587,1779534047601
2026-05-23T11:00:47.7080900Z,1779534047708,34,-1,0,0,0,0,1779534047630,1779534047634,1779534047641
2026-05-23T11:00:47.7112990Z,1779534047711,35,-1,0,0,0,0,1779534047686,1779534047690,1779534047708
2026-05-23T11:00:47.7839970Z,1779534047783,36,-1,0,0,0,0,1779534047721,1779534047722,1779534047744
2026-05-23T11:00:47.8151760Z,1779534047815,37,-1,0,0,0,0,1779534047761,1779534047763,1779534047784
2026-05-23T11:00:47.8808880Z,1779534047880,38,-1,0,0,0,0,1779534047819,1779534047820,1779534047847
2026-05-23T11:00:47.9133040Z,1779534047913,39,-1,0,0,0,0,1779534047852,1779534047856,1779534047880
2026-05-23T11:00:47.9461690Z,1779534047946,40,-1,0,0,0,0,1779534047893,1779534047893,1779534047913
2026-05-23T11:00:48.0112560Z,1779534048011,41,-1,0,0,0,0,1779534047950,1779534047955,1779534047978
2026-05-23T11:00:48.0504070Z,1779534048050,42,-1,0,0,0,0,1779534047984,1779534047986,1779534048011
2026-05-23T11:00:48.0774290Z,1779534048077,43,-1,0,0,0,0,1779534048024,1779534048028,1779534048050
2026-05-23T11:00:48.1505190Z,1779534048150,44,-1,0,0,0,0,1779534048082,1779534048085,1779534048109
2026-05-23T11:00:48.1821350Z,1779534048182,45,-1,0,0,0,0,1779534048115,1779534048116,1779534048150
2026-05-23T11:00:48.2153910Z,1779534048215,46,-1,0,0,0,0,1779534048155,1779534048157,1779534048182
2026-05-23T11:00:48.2871430Z,1779534048287,47,-1,0,0,0,0,1779534048212,1779534048214,1779534048255
2026-05-23T11:00:48.3196430Z,1779534048319,48,-1,0,0,0,0,1779534048246,1779534048251,1779534048287
2026-05-23T11:00:48.3522950Z,1779534048352,49,-1,0,0,0,0,1779534048286,1779534048287,1779534048320
2026-05-23T11:00:48.4212930Z,1779534048421,50,-1,0,0,0,0,1779534048344,1779534048344,1779534048352
2026-05-23T11:00:48.4245020Z,1779534048424,51,-1,0,0,0,0,1779534048377,1779534048381,1779534048421
2026-05-23T11:00:48.4917260Z,1779534048491,52,-1,0,0,0,0,1779534048418,1779534048418,1779534048458
2026-05-23T11:00:48.5321670Z,1779534048532,53,-1,0,0,0,0,1779534048476,1779534048480,1779534048491
2026-05-23T11:00:48.5641960Z,1779534048564,54,-1,0,0,0,0,1779534048511,1779534048513,1779534048532
2026-05-23T11:00:48.5988620Z,1779534048598,55,-1,0,0,0,0,1779534048551,1779534048554,1779534048564
2026-05-23T11:00:48.7093770Z,1779534048709,56,-1,0,0,0,0,1779534048609,1779534048612,1779534048629
2026-05-23T11:00:48.7158020Z,1779534048715,58,-1,0,0,0,0,1779534048683,1779534048685,1779534048709
2026-05-23T11:00:48.8116920Z,1779534048811,59,3,1779534048746,1779534048746,1779534048740,1779534048741,1779534048741,1779534048742,1779534048779
2026-05-23T11:00:48.8441530Z,1779534048844,60,4,1779534048779,1779534048779,1779534048773,1779534048774,1779534048774,1779534048779,1779534048811
2026-05-23T11:00:48.8772230Z,1779534048877,61,5,1779534048811,1779534048811,1779534048805,1779534048814,1779534048814,1779534048815,1779534048844
2026-05-23T11:00:48.9426960Z,1779534048942,62,7,1779534048877,1779534048877,1779534048871,1779534048873,1779534048873,1779534048877,1779534048909
2026-05-23T11:00:48.9748490Z,1779534048974,63,8,1779534048909,1779534048909,1779534048904,1779534048908,1779534048908,1779534048908,1779534048942
2026-05-23T11:00:49.0079530Z,1779534049007,64,9,1779534048942,1779534048942,1779534048937,1779534048947,1779534048947,1779534048950,1779534048975
2026-05-23T11:00:49.0733840Z,1779534049073,65,11,1779534049008,1779534049008,1779534049003,1779534049006,1779534049006,1779534049008,1779534049040
2026-05-23T11:00:49.1071530Z,1779534049107,66,12,1779534049040,1779534049040,1779534049034,1779534049040,1779534049040,1779534049045,1779534049073
2026-05-23T11:00:49.1823860Z,1779534049182,67,13,1779534049073,1779534049073,1779534049067,1779534049080,1779534049080,1779534049082,1779534049107
2026-05-23T11:00:49.1872640Z,1779534049187,69,14,1779534049107,1779534049107,1779534049101,1779534049138,1779534049171,1779534049175,1779534049182
2026-05-23T11:00:49.2608090Z,1779534049260,70,16,1779534049187,1779534049187,1779534049181,1779534049211,1779534049211,1779534049212,1779534049257
2026-05-23T11:00:49.3257550Z,1779534049325,71,18,1779534049260,1779534049260,1779534049255,1779534049269,1779534049269,1779534049270,1779534049293
2026-05-23T11:00:49.3585980Z,1779534049358,72,19,1779534049293,1779534049293,1779534049288,1779534049302,1779534049302,1779534049306,1779534049326
2026-05-23T11:00:49.3907760Z,1779534049390,73,20,1779534049325,1779534049325,1779534049320,1779534049342,1779534049342,1779534049343,1779534049358
2026-05-23T11:00:49.4565840Z,1779534049456,74,22,1779534049390,1779534049390,1779534049385,1779534049400,1779534049401,1779534049401,1779534049423
2026-05-23T11:00:49.5250300Z,1779534049525,75,23,1779534049423,1779534049423,1779534049418,1779534049434,1779534049434,1779534049438,1779534049456
2026-05-23T11:00:49.5290490Z,1779534049529,76,24,1779534049456,1779534049456,1779534049451,1779534049473,1779534049473,1779534049475,1779534049525
2026-05-23T11:00:49.5954590Z,1779534049595,77,26,1779534049529,1779534049529,1779534049523,1779534049530,1779534049531,1779534049533,1779534049562
2026-05-23T11:00:49.6296760Z,1779534049629,78,27,1779534049562,1779534049562,1779534049556,1779534049564,1779534049564,1779534049564,1779534049595
2026-05-23T11:00:49.6626580Z,1779534049662,79,28,1779534049595,1779534049595,1779534049590,1779534049604,1779534049604,1779534049606,1779534049629
2026-05-23T11:00:49.7736970Z,1779534049773,80,30,1779534049662,1779534049662,1779534049657,1779534049663,1779534049663,1779534049663,1779534049703
2026-05-23T11:00:49.7786080Z,1779534049778,82,31,1779534049703,1779534049703,1779534049697,1779534049736,1779534049736,1779534049740,1779534049774
2026-05-23T11:00:49.8432680Z,1779534049843,83,33,1779534049778,1779534049778,1779534049772,1779534049794,1779534049794,1779534049798,1779534049810
2026-05-23T11:00:49.8767920Z,1779534049876,84,34,1779534049810,1779534049810,1779534049804,1779534049829,1779534049830,1779534049834,1779534049843
2026-05-23T11:00:49.9421200Z,1779534049942,85,36,1779534049876,1779534049876,1779534049871,1779534049873,1779534049874,1779534049879,1779534049909
2026-05-23T11:00:49.9744270Z,1779534049974,86,37,1779534049909,1779534049909,1779534049903,1779534049931,1779534049931,1779534049931,1779534049942
2026-05-23T11:00:50.0074070Z,1779534050007,87,38,1779534049942,1779534049942,1779534049936,1779534049963,1779534049963,1779534049967,1779534049974
2026-05-23T11:00:50.0726430Z,1779534050072,88,40,1779534050007,1779534050007,1779534050001,1779534050003,1779534050003,1779534050004,1779534050039
2026-05-23T11:00:50.1052450Z,1779534050105,89,41,1779534050039,1779534050039,1779534050034,1779534050061,1779534050061,1779534050062,1779534050072
2026-05-23T11:00:50.1718470Z,1779534050171,90,42,1779534050072,1779534050072,1779534050066,1779534050097,1779534050097,1779534050101,1779534050138
2026-05-23T11:00:50.2132200Z,1779534050213,91,44,1779534050138,1779534050138,1779534050132,1779534050138,1779534050138,1779534050143,1779534050172
2026-05-23T11:00:50.2453060Z,1779534050245,92,45,1779534050171,1779534050171,1779534050166,1779534050197,1779534050197,1779534050200,1779534050213
2026-05-23T11:00:50.2864170Z,1779534050286,93,46,1779534050213,1779534050213,1779534050207,1779534050230,1779534050230,1779534050231,1779534050245
2026-05-23T11:00:50.3172510Z,1779534050317,94,47,1779534050245,1779534050245,1779534050239,1779534050270,1779534050270,1779534050272,1779534050286
2026-05-23T11:00:50.3824240Z,1779534050382,95,49,1779534050317,1779534050317,1779534050311,1779534050328,1779534050328,1779534050330,1779534050349
2026-05-23T11:00:50.4153590Z,1779534050415,96,50,1779534050349,1779534050349,1779534050344,1779534050361,1779534050362,1779534050366,1779534050382
2026-05-23T11:00:50.4483900Z,1779534050448,97,51,1779534050382,1779534050382,1779534050376,1779534050403,1779534050403,1779534050403,1779534050415
2026-05-23T11:00:50.5131990Z,1779534050513,98,53,1779534050448,1779534050448,1779534050442,1779534050463,1779534050463,1779534050467,1779534050481
2026-05-23T11:00:50.5463400Z,1779534050546,99,54,1779534050480,1779534050480,1779534050474,1779534050498,1779534050499,1779534050503,1779534050513
2026-05-23T11:00:50.6181670Z,1779534050618,101,56,1779534050546,1779534050546,1779534050541,1779534050598,1779534050599,1779534050601,1779534050614
2026-05-23T11:00:50.6928350Z,1779534050692,102,58,1779534050618,1779534050618,1779534050612,1779534050634,1779534050634,1779534050637,1779534050652
2026-05-23T11:00:50.7677670Z,1779534050767,104,60,1779534050692,1779534050692,1779534050687,1779534050689,1779534050749,1779534050749,1779534050764
2026-05-23T11:00:50.8327520Z,1779534050832,105,62,1779534050767,1779534050767,1779534050761,1779534050784,1779534050784,1779534050785,1779534050800
2026-05-23T11:00:50.8981970Z,1779534050898,106,64,1779534050832,1779534050832,1779534050827,1779534050827,1779534050827,1779534050829,1779534050865
2026-05-23T11:00:50.9309430Z,1779534050930,107,65,1779534050865,1779534050865,1779534050859,1779534050886,1779534050886,1779534050887,1779534050898
2026-05-23T11:00:50.9639220Z,1779534050963,108,66,1779534050898,1779534050898,1779534050892,1779534050921,1779534050921,1779534050923,1779534050931
2026-05-23T11:00:51.0285070Z,1779534051028,109,68,1779534050963,1779534050964,1779534050958,1779534050963,1779534050963,1779534050965,1779534050996
2026-05-23T11:00:51.0944420Z,1779534051094,110,70,1779534051028,1779534051028,1779534051023,1779534051023,1779534051023,1779534051028,1779534051061
2026-05-23T11:00:51.1289720Z,1779534051128,111,71,1779534051061,1779534051061,1779534051056,1779534051058,1779534051058,1779534051059,1779534051094
2026-05-23T11:00:51.1620070Z,1779534051162,112,72,1779534051094,1779534051094,1779534051088,1779534051098,1779534051098,1779534051102,1779534051129
2026-05-23T11:00:51.2385480Z,1779534051238,114,74,1779534051162,1779534051162,1779534051156,1779534051158,1779534051192,1779534051195,1779534051235
2026-05-23T11:00:51.3122690Z,1779534051312,115,76,1779534051238,1779534051238,1779534051233,1779534051234,1779534051234,1779534051237,1779534051271
2026-05-23T11:00:51.3425450Z,1779534051342,116,77,1779534051270,1779534051270,1779534051265,1779534051293,1779534051293,1779534051294,1779534051312
2026-05-23T11:00:51.3752750Z,1779534051375,117,78,1779534051312,1779534051312,1779534051306,1779534051329,1779534051330,1779534051330,1779534051342
2026-05-23T11:00:51.4407820Z,1779534051440,118,79,1779534051342,1779534051342,1779534051336,1779534051371,1779534051371,1779534051373,1779534051408
2026-05-23T11:00:51.5069200Z,1779534051506,119,81,1779534051408,1779534051408,1779534051402,1779534051430,1779534051430,1779534051436,1779534051473
2026-05-23T11:00:51.5390730Z,1779534051539,120,82,1779534051440,1779534051440,1779534051435,1779534051467,1779534051467,1779534051473,1779534051507
2026-05-23T11:00:51.5714480Z,1779534051571,121,84,1779534051507,1779534051507,1779534051501,1779534051509,1779534051509,1779534051510,1779534051539
2026-05-23T11:00:51.6369790Z,1779534051636,122,86,1779534051571,1779534051571,1779534051565,1779534051568,1779534051569,1779534051574,1779534051604
2026-05-23T11:00:51.6694190Z,1779534051669,123,87,1779534051604,1779534051604,1779534051598,1779534051604,1779534051605,1779534051605,1779534051637
2026-05-23T11:00:51.7458480Z,1779534051745,124,88,1779534051637,1779534051637,1779534051631,1779534051644,1779534051644,1779534051646,1779534051669
2026-05-23T11:00:51.7497110Z,1779534051749,125,89,1779534051669,1779534051669,1779534051663,1779534051704,1779534051704,1779534051709,1779534051746
2026-05-23T11:00:51.8160470Z,1779534051816,126,89,1779534051669,1779534051669,1779534051663,1779534051704,1779534051740,1779534051746,1779534051782
2026-05-23T11:00:51.8489350Z,1779534051848,127,92,1779534051782,1779534051782,1779534051777,1779534051780,1779534051780,1779534051782,1779534051816
2026-05-23T11:00:51.9144980Z,1779534051914,128,93,1779534051816,1779534051816,1779534051810,1779534051839,1779534051839,1779534051845,1779534051881
2026-05-23T11:00:51.9474550Z,1779534051947,129,94,1779534051848,1779534051849,1779534051843,1779534051875,1779534051875,1779534051875,1779534051914
2026-05-23T11:00:51.9792100Z,1779534051979,130,96,1779534051914,1779534051914,1779534051908,1779534051916,1779534051916,1779534051918,1779534051947
2026-05-23T11:00:52.0441230Z,1779534052044,131,98,1779534051979,1779534051979,1779534051973,1779534051976,1779534051976,1779534051980,1779534052011
2026-05-23T11:00:52.0772170Z,1779534052077,132,99,1779534052011,1779534052011,1779534052006,1779534052010,1779534052010,1779534052012,1779534052044
2026-05-23T11:00:52.1097110Z,1779534052109,133,100,1779534052044,1779534052044,1779534052038,1779534052052,1779534052052,1779534052054,1779534052077
2026-05-23T11:00:52.1751060Z,1779534052175,134,102,1779534052109,1779534052109,1779534052104,1779534052113,1779534052113,1779534052116,1779534052143
2026-05-23T11:00:52.2082870Z,1779534052208,135,103,1779534052142,1779534052142,1779534052137,1779534052148,1779534052148,1779534052152,1779534052175
2026-05-23T11:00:52.2492770Z,1779534052249,136,104,1779534052175,1779534052175,1779534052169,1779534052190,1779534052190,1779534052194,1779534052208
2026-05-23T11:00:52.3220440Z,1779534052322,137,106,1779534052249,1779534052249,1779534052244,1779534052250,1779534052250,1779534052251,1779534052280
2026-05-23T11:00:52.3532200Z,1779534052353,138,107,1779534052280,1779534052280,1779534052274,1779534052285,1779534052285,1779534052288,1779534052322
2026-05-23T11:00:52.3860370Z,1779534052386,139,108,1779534052322,1779534052322,1779534052316,1779534052327,1779534052327,1779534052329,1779534052353
2026-05-23T11:00:52.4514960Z,1779534052451,140,110,1779534052386,1779534052386,1779534052380,1779534052386,1779534052386,1779534052388,1779534052418
2026-05-23T11:00:52.4837300Z,1779534052483,141,111,1779534052418,1779534052418,1779534052412,1779534052421,1779534052421,1779534052424,1779534052451
2026-05-23T11:00:52.5163610Z,1779534052516,142,112,1779534052451,1779534052451,1779534052445,1779534052461,1779534052462,1779534052465,1779534052483
2026-05-23T11:00:52.5818950Z,1779534052581,143,114,1779534052516,1779534052516,1779534052510,1779534052522,1779534052522,1779534052527,1779534052549
2026-05-23T11:00:52.6143830Z,1779534052614,144,115,1779534052548,1779534052548,1779534052543,1779534052564,1779534052564,1779534052569,1779534052582
2026-05-23T11:00:52.6797260Z,1779534052679,145,116,1779534052581,1779534052582,1779534052576,1779534052607,1779534052607,1779534052611,1779534052647
2026-05-23T11:00:52.7532980Z,1779534052753,146,118,1779534052647,1779534052647,1779534052641,1779534052672,1779534052672,1779534052673,1779534052713
2026-05-23T11:00:52.8294120Z,1779534052829,147,120,1779534052712,1779534052712,1779534052707,1779534052707,1779534052708,1779534052710,1779534052753
2026-05-23T11:00:52.8331110Z,1779534052833,149,121,1779534052753,1779534052753,1779534052747,1779534052750,1779534052809,1779534052810,1779534052829
2026-05-23T11:00:52.8995850Z,1779534052899,150,123,1779534052833,1779534052833,1779534052827,1779534052843,1779534052843,1779534052848,1779534052866
2026-05-23T11:00:52.9326300Z,1779534052932,151,124,1779534052866,1779534052866,1779534052861,1779534052884,1779534052884,1779534052885,1779534052899
2026-05-23T11:00:52.9985650Z,1779534052998,152,126,1779534052932,1779534052932,1779534052927,1779534052943,1779534052943,1779534052943,1779534052965
2026-05-23T11:00:53.0309550Z,1779534053030,153,127,1779534052965,1779534052965,1779534052959,1779534052977,1779534052977,1779534052980,1779534052998
2026-05-23T11:00:53.0634670Z,1779534053063,154,128,1779534052998,1779534052998,1779534052993,1779534053018,1779534053018,1779534053021,1779534053031
2026-05-23T11:00:53.1322940Z,1779534053132,155,130,1779534053063,1779534053063,1779534053057,1779534053079,1779534053079,1779534053080,1779534053096
2026-05-23T11:00:53.1650270Z,1779534053165,156,131,1779534053096,1779534053096,1779534053090,1779534053115,1779534053115,1779534053117,1779534053132
2026-05-23T11:00:53.2314050Z,1779534053231,157,132,1779534053132,1779534053132,1779534053126,1779534053155,1779534053155,1779534053159,1779534053198
2026-05-23T11:00:53.2722330Z,1779534053272,158,134,1779534053198,1779534053198,1779534053192,1779534053214,1779534053214,1779534053216,1779534053231
2026-05-23T11:00:53.3039810Z,1779534053303,159,135,1779534053231,1779534053231,1779534053225,1779534053249,1779534053249,1779534053252,1779534053272
2026-05-23T11:00:53.3442560Z,1779534053344,160,136,1779534053272,1779534053272,1779534053266,1779534053291,1779534053291,1779534053294,1779534053304
2026-05-23T11:00:53.4081000Z,1779534053408,161,138,1779534053344,1779534053344,1779534053338,1779534053350,1779534053350,1779534053351,1779534053375
2026-05-23T11:00:53.4406160Z,1779534053440,162,139,1779534053375,1779534053375,1779534053370,1779534053384,1779534053385,1779534053388,1779534053408
2026-05-23T11:00:53.4733480Z,1779534053473,163,140,1779534053408,1779534053408,1779534053402,1779534053426,1779534053426,1779534053430,1779534053440
2026-05-23T11:00:53.5390380Z,1779534053539,164,142,1779534053473,1779534053473,1779534053467,1779534053485,1779534053485,1779534053487,1779534053506
2026-05-23T11:00:53.5714530Z,1779534053571,165,143,1779534053506,1779534053506,1779534053500,1779534053519,1779534053520,1779534053524,1779534053539
2026-05-23T11:00:53.6372030Z,1779534053637,166,144,1779534053539,1779534053539,1779534053533,1779534053560,1779534053561,1779534053565,1779534053604
2026-05-23T11:00:53.6690580Z,1779534053669,167,146,1779534053603,1779534053603,1779534053599,1779534053623,1779534053623,1779534053627,1779534053637
2026-05-23T11:00:53.7349970Z,1779534053734,168,147,1779534053637,1779534053637,1779534053631,1779534053661,1779534053661,1779534053664,1779534053702
2026-05-23T11:00:53.7768570Z,1779534053776,169,149,1779534053701,1779534053702,1779534053696,1779534053701,1779534053701,1779534053706,1779534053735
2026-05-23T11:00:53.8078520Z,1779534053807,170,150,1779534053735,1779534053735,1779534053729,1779534053761,1779534053761,1779534053765,1779534053777
2026-05-23T11:00:53.8498910Z,1779534053849,171,151,1779534053776,1779534053776,1779534053771,1779534053795,1779534053795,1779534053797,1779534053808
2026-05-23T11:00:53.9173700Z,1779534053917,172,152,1779534053807,1779534053807,1779534053802,1779534053836,1779534053836,1779534053838,1779534053850
2026-05-23T11:00:53.9210070Z,1779534053921,173,153,1779534053849,1779534053849,1779534053844,1779534053895,1779534053895,1779534053899,1779534053917
2026-05-23T11:00:53.9879870Z,1779534053987,174,155,1779534053921,1779534053921,1779534053915,1779534053930,1779534053930,1779534053931,1779534053955
2026-05-23T11:00:54.0210450Z,1779534054021,175,156,1779534053955,1779534053955,1779534053949,1779534053972,1779534053972,1779534053974,1779534053988
2026-05-23T11:00:54.0866970Z,1779534054086,176,158,1779534054021,1779534054021,1779534054015,1779534054032,1779534054032,1779534054036,1779534054053
2026-05-23T11:00:54.1192840Z,1779534054119,177,159,1779534054053,1779534054053,1779534054047,1779534054066,1779534054067,1779534054068,1779534054086
2026-05-23T11:00:54.1523040Z,1779534054152,178,160,1779534054086,1779534054086,1779534054081,1779534054109,1779534054110,1779534054110,1779534054119
2026-05-23T11:00:54.2183980Z,1779534054218,179,162,1779534054152,1779534054152,1779534054146,1779534054169,1779534054170,1779534054172,1779534054185
2026-05-23T11:00:54.2516410Z,1779534054251,180,163,1779534054185,1779534054185,1779534054179,1779534054206,1779534054206,1779534054208,1779534054218
2026-05-23T11:00:54.3247590Z,1779534054324,181,165,1779534054251,1779534054251,1779534054246,1779534054249,1779534054249,1779534054250,1779534054292
2026-05-23T11:00:54.3655320Z,1779534054365,182,166,1779534054292,1779534054292,1779534054287,1779534054308,1779534054308,1779534054312,1779534054324
2026-05-23T11:00:54.3971000Z,1779534054397,183,167,1779534054324,1779534054324,1779534054319,1779534054343,1779534054343,1779534054344,1779534054365
2026-05-23T11:00:54.4295470Z,1779534054429,184,168,1779534054365,1779534054365,1779534054360,1779534054384,1779534054384,1779534054386,1779534054397
2026-05-23T11:00:54.4948880Z,1779534054494,185,170,1779534054429,1779534054429,1779534054424,1779534054443,1779534054443,1779534054444,1779534054462
2026-05-23T11:00:54.5276480Z,1779534054527,186,171,1779534054462,1779534054462,1779534054456,1779534054479,1779534054480,1779534054481,1779534054495
2026-05-23T11:00:54.5948670Z,1779534054594,187,172,1779534054494,1779534054495,1779534054489,1779534054520,1779534054520,1779534054523,1779534054560
2026-05-23T11:00:54.6304690Z,1779534054630,188,174,1779534054560,1779534054560,1779534054554,1779534054580,1779534054580,1779534054582,1779534054595
2026-05-23T11:00:54.6688580Z,1779534054668,189,175,1779534054594,1779534054594,1779534054589,1779534054614,1779534054615,1779534054619,1779534054630
2026-05-23T11:00:54.7053680Z,1779534054705,190,176,1779534054630,1779534054630,1779534054624,1779534054656,1779534054656,1779534054661,1779534054669
2026-05-23T11:00:54.7788340Z,1779534054778,191,178,1779534054705,1779534054705,1779534054699,1779534054716,1779534054716,1779534054718,1779534054743
2026-05-23T11:00:54.8207770Z,1779534054820,192,179,1779534054742,1779534054743,1779534054737,1779534054750,1779534054750,1779534054754,1779534054779
2026-05-23T11:00:54.8950610Z,1779534054895,193,180,1779534054778,1779534054778,1779534054773,1779534054792,1779534054792,1779534054796,1779534054821
2026-05-23T11:00:54.8991600Z,1779534054899,194,181,1779534054820,1779534054820,1779534054815,1779534054851,1779534054851,1779534054853,1779534054895
2026-05-23T11:00:54.9309690Z,1779534054930,195,181,1779534054820,1779534054820,1779534054815,1779534054851,1779534054887,1779534054890,1779534054899
2026-05-23T11:00:55.0030340Z,1779534055003,197,184,1779534054931,1779534054931,1779534054925,1779534054928,1779534054990,1779534054990,1779534055000
2026-05-23T11:00:55.1030450Z,1779534055103,198,186,1779534055003,1779534055003,1779534054997,1779534055026,1779534055027,1779534055031,1779534055069
2026-05-23T11:00:55.1386780Z,1779534055138,199,188,1779534055069,1779534055069,1779534055064,1779534055067,1779534055068,1779534055068,1779534055104
2026-05-23T11:00:55.1709030Z,1779534055170,200,189,1779534055103,1779534055103,1779534055098,1779534055126,1779534055127,1779534055131,1779534055139
2026-05-23T11:00:55.2036580Z,1779534055203,201,190,1779534055138,1779534055138,1779534055133,1779534055162,1779534055162,1779534055163,1779534055171
2026-05-23T11:00:55.2695540Z,1779534055269,202,192,1779534055203,1779534055203,1779534055198,1779534055202,1779534055202,1779534055204,1779534055236
2026-05-23T11:00:55.3107130Z,1779534055310,203,193,1779534055236,1779534055236,1779534055231,1779534055261,1779534055261,1779534055261,1779534055269
2026-05-23T11:00:55.3420420Z,1779534055342,204,194,1779534055269,1779534055269,1779534055263,1779534055295,1779534055295,1779534055298,1779534055311
2026-05-23T11:00:55.4154120Z,1779534055415,205,196,1779534055342,1779534055342,1779534055336,1779534055337,1779534055337,1779534055341,1779534055385
2026-05-23T11:00:55.4477140Z,1779534055447,206,197,1779534055383,1779534055383,1779534055379,1779534055395,1779534055395,1779534055398,1779534055415
2026-05-23T11:00:55.4800460Z,1779534055480,207,198,1779534055415,1779534055415,1779534055409,1779534055429,1779534055430,1779534055431,1779534055447
2026-05-23T11:00:55.5125870Z,1779534055512,208,199,1779534055447,1779534055447,1779534055442,1779534055470,1779534055471,1779534055472,1779534055480
2026-05-23T11:00:55.5784550Z,1779534055578,209,201,1779534055512,1779534055512,1779534055507,1779534055529,1779534055530,1779534055530,1779534055545
2026-05-23T11:00:55.6107030Z,1779534055610,210,202,1779534055545,1779534055545,1779534055539,1779534055564,1779534055564,1779534055567,1779534055578
2026-05-23T11:00:55.6761480Z,1779534055676,211,204,1779534055610,1779534055610,1779534055605,1779534055606,1779534055606,1779534055609,1779534055643
2026-05-23T11:00:55.7412240Z,1779534055741,212,205,1779534055643,1779534055643,1779534055637,1779534055667,1779534055667,1779534055671,1779534055708
2026-05-23T11:00:55.7744540Z,1779534055774,213,207,1779534055708,1779534055708,1779534055703,1779534055703,1779534055703,1779534055708,1779534055741
2026-05-23T11:00:55.8149760Z,1779534055814,214,208,1779534055741,1779534055741,1779534055735,1779534055743,1779534055743,1779534055744,1779534055774
2026-05-23T11:00:55.8464350Z,1779534055846,215,209,1779534055774,1779534055774,1779534055769,1779534055803,1779534055803,1779534055807,1779534055815
2026-05-23T11:00:55.9187760Z,1779534055918,216,210,1779534055815,1779534055815,1779534055809,1779534055839,1779534055839,1779534055843,1779534055888
2026-05-23T11:00:55.9515630Z,1779534055951,217,211,1779534055846,1779534055846,1779534055841,1779534055881,1779534055881,1779534055887,1779534055919
2026-05-23T11:00:55.9843920Z,1779534055984,218,213,1779534055918,1779534055918,1779534055913,1779534055939,1779534055940,1779534055943,1779534055951
2026-05-23T11:00:56.0569080Z,1779534056056,220,215,1779534055984,1779534055984,1779534055978,1779534056016,1779534056016,1779534056017,1779534056053
2026-05-23T11:00:56.1237170Z,1779534056123,221,217,1779534056056,1779534056056,1779534056050,1779534056076,1779534056076,1779534056080,1779534056090
2026-05-23T11:00:56.1574480Z,1779534056157,222,218,1779534056090,1779534056090,1779534056084,1779534056110,1779534056110,1779534056111,1779534056124
2026-05-23T11:00:56.2225070Z,1779534056222,223,219,1779534056123,1779534056123,1779534056118,1779534056151,1779534056151,1779534056153,1779534056190
2026-05-23T11:00:56.2887300Z,1779534056288,224,221,1779534056189,1779534056189,1779534056184,1779534056212,1779534056213,1779534056216,1779534056255
2026-05-23T11:00:56.3216720Z,1779534056321,225,223,1779534056255,1779534056255,1779534056249,1779534056250,1779534056250,1779534056252,1779534056289
2026-05-23T11:00:56.3622480Z,1779534056362,226,224,1779534056288,1779534056288,1779534056283,1779534056292,1779534056292,1779534056294,1779534056321
2026-05-23T11:00:56.4321920Z,1779534056432,227,225,1779534056321,1779534056321,1779534056316,1779534056352,1779534056352,1779534056353,1779534056362
2026-05-23T11:00:56.4359740Z,1779534056435,228,226,1779534056362,1779534056362,1779534056356,1779534056387,1779534056387,1779534056389,1779534056432
2026-05-23T11:00:56.5006910Z,1779534056500,229,227,1779534056432,1779534056432,1779534056426,1779534056428,1779534056428,1779534056431,1779534056468
2026-05-23T11:00:56.5335010Z,1779534056533,230,229,1779534056468,1779534056468,1779534056462,1779534056487,1779534056488,1779534056489,1779534056500
2026-05-23T11:00:56.5663580Z,1779534056566,231,230,1779534056500,1779534056500,1779534056495,1779534056525,1779534056525,1779534056525,1779534056533
2026-05-23T11:00:56.6315590Z,1779534056631,232,232,1779534056566,1779534056566,1779534056560,1779534056565,1779534056565,1779534056567,1779534056599
2026-05-23T11:00:56.6964600Z,1779534056696,233,233,1779534056598,1779534056598,1779534056593,1779534056625,1779534056625,1779534056629,1779534056663
2026-05-23T11:00:56.7286400Z,1779534056728,234,235,1779534056663,1779534056663,1779534056658,1779534056659,1779534056659,1779534056660,1779534056696
2026-05-23T11:00:56.7617060Z,1779534056761,235,236,1779534056696,1779534056696,1779534056690,1779534056700,1779534056700,1779534056702,1779534056731
2026-05-23T11:00:56.8284340Z,1779534056828,236,238,1779534056761,1779534056761,1779534056756,1779534056760,1779534056760,1779534056761,1779534056795
2026-05-23T11:00:56.8693200Z,1779534056869,237,239,1779534056794,1779534056795,1779534056789,1779534056795,1779534056795,1779534056797,1779534056828
2026-05-23T11:00:56.9007620Z,1779534056900,238,240,1779534056828,1779534056828,1779534056823,1779534056837,1779534056837,1779534056839,1779534056869
2026-05-23T11:00:56.9722560Z,1779534056972,240,242,1779534056900,1779534056900,1779534056895,1779534056897,1779534056931,1779534056933,1779534056941
2026-05-23T11:00:57.0376310Z,1779534057037,241,244,1779534056972,1779534056972,1779534056966,1779534056972,1779534056972,1779534056974,1779534057005
2026-05-23T11:00:57.1429970Z,1779534057142,242,245,1779534057004,1779534057004,1779534057000,1779534057031,1779534057031,1779534057033,1779534057070
2026-05-23T11:00:57.1471020Z,1779534057147,244,247,1779534057070,1779534057070,1779534057064,1779534057066,1779534057108,1779534057111,1779534057143
2026-05-23T11:00:57.2140320Z,1779534057214,245,249,1779534057147,1779534057147,1779534057141,1779534057167,1779534057167,1779534057168,1779534057180
2026-05-23T11:00:57.2468170Z,1779534057246,246,250,1779534057180,1779534057180,1779534057174,1779534057202,1779534057203,1779534057205,1779534057214
2026-05-23T11:00:57.3123310Z,1779534057312,247,252,1779534057246,1779534057246,1779534057241,1779534057243,1779534057243,1779534057247,1779534057279
2026-05-23T11:00:57.3866450Z,1779534057386,248,253,1779534057279,1779534057279,1779534057273,1779534057301,1779534057301,1779534057306,1779534057346
2026-05-23T11:00:57.4181930Z,1779534057418,249,254,1779534057312,1779534057312,1779534057306,1779534057339,1779534057339,1779534057343,1779534057386
2026-05-23T11:00:57.4585070Z,1779534057458,250,255,1779534057345,1779534057345,1779534057340,1779534057379,1779534057379,1779534057380,1779534057418
2026-05-23T11:00:57.4901780Z,1779534057490,251,257,1779534057418,1779534057418,1779534057412,1779534057438,1779534057438,1779534057439,1779534057458
2026-05-23T11:00:57.5220320Z,1779534057522,252,258,1779534057458,1779534057458,1779534057453,1779534057472,1779534057472,1779534057475,1779534057490
2026-05-23T11:00:57.5875630Z,1779534057587,253,259,1779534057490,1779534057490,1779534057484,1779534057513,1779534057513,1779534057518,1779534057554
2026-05-23T11:00:57.6201840Z,1779534057620,254,261,1779534057554,1779534057554,1779534057549,1779534057572,1779534057573,1779534057575,1779534057587
2026-05-23T11:00:57.6526060Z,1779534057652,255,262,1779534057587,1779534057587,1779534057582,1779534057606,1779534057606,1779534057606,1779534057620
2026-05-23T11:00:57.7179150Z,1779534057717,256,264,1779534057652,1779534057652,1779534057647,1779534057648,1779534057648,1779534057649,1779534057685
2026-05-23T11:00:57.7833580Z,1779534057783,257,265,1779534057685,1779534057685,1779534057679,1779534057707,1779534057707,1779534057711,1779534057751
2026-05-23T11:00:57.8165970Z,1779534057816,258,266,1779534057717,1779534057718,1779534057712,1779534057742,1779534057742,1779534057748,1779534057784
2026-05-23T11:00:57.8495010Z,1779534057849,259,268,1779534057783,1779534057783,1779534057778,1779534057784,1779534057784,1779534057785,1779534057817
2026-05-23T11:00:57.9226680Z,1779534057922,260,270,1779534057849,1779534057849,1779534057844,1779534057845,1779534057845,1779534057849,1779534057891
2026-05-23T11:00:57.9631300Z,1779534057963,261,270,1779534057849,1779534057849,1779534057844,1779534057845,1779534057880,1779534057885,1779534057922
2026-05-23T11:00:57.9942330Z,1779534057994,262,272,1779534057922,1779534057922,1779534057917,1779534057921,1779534057921,1779534057922,1779534057963
2026-05-23T11:00:58.0273720Z,1779534058027,263,273,1779534057963,1779534057963,1779534057957,1779534057979,1779534057980,1779534057984,1779534057994
2026-05-23T11:00:58.0921080Z,1779534058092,264,274,1779534057994,1779534057994,1779534057988,1779534058017,1779534058017,1779534058022,1779534058059
2026-05-23T11:00:58.1249010Z,1779534058124,265,276,1779534058059,1779534058059,1779534058053,1779534058056,1779534058056,1779534058059,1779534058092
2026-05-23T11:00:58.1940110Z,1779534058194,266,277,1779534058092,1779534058092,1779534058086,1779534058115,1779534058115,1779534058116,1779534058125
2026-05-23T11:00:58.1979530Z,1779534058197,267,278,1779534058124,1779534058124,1779534058119,1779534058151,1779534058152,1779534058152,1779534058194
2026-05-23T11:00:58.2649340Z,1779534058264,268,280,1779534058198,1779534058198,1779534058192,1779534058193,1779534058194,1779534058194,1779534058231
2026-05-23T11:00:58.2979900Z,1779534058297,269,281,1779534058231,1779534058231,1779534058225,1779534058253,1779534058253,1779534058253,1779534058265
2026-05-23T11:00:58.3313870Z,1779534058331,270,282,1779534058264,1779534058265,1779534058259,1779534058287,1779534058287,1779534058289,1779534058298
2026-05-23T11:00:58.4071660Z,1779534058407,271,284,1779534058331,1779534058331,1779534058326,1779534058328,1779534058329,1779534058331,1779534058375
2026-05-23T11:00:58.4472350Z,1779534058447,272,285,1779534058375,1779534058375,1779534058369,1779534058388,1779534058388,1779534058388,1779534058407
2026-05-23T11:00:58.4785920Z,1779534058478,273,286,1779534058407,1779534058407,1779534058401,1779534058422,1779534058422,1779534058425,1779534058447
2026-05-23T11:00:58.5108090Z,1779534058510,274,287,1779534058447,1779534058447,1779534058441,1779534058463,1779534058463,1779534058467,1779534058478
2026-05-23T11:00:58.5769640Z,1779534058576,275,289,1779534058510,1779534058510,1779534058505,1779534058522,1779534058523,1779534058525,1779534058544
2026-05-23T11:00:58.6093620Z,1779534058609,276,290,1779534058544,1779534058544,1779534058538,1779534058558,1779534058559,1779534058561,1779534058577
2026-05-23T11:00:58.6749870Z,1779534058674,277,291,1779534058577,1779534058577,1779534058571,1779534058599,1779534058599,1779534058603,1779534058642
2026-05-23T11:00:58.7078650Z,1779534058707,278,293,1779534058641,1779534058641,1779534058636,1779534058658,1779534058658,1779534058660,1779534058675
2026-05-23T11:00:58.7405290Z,1779534058740,279,294,1779534058675,1779534058675,1779534058669,1779534058692,1779534058693,1779534058696,1779534058708
2026-05-23T11:00:58.8062810Z,1779534058806,280,295,1779534058707,1779534058707,1779534058702,1779534058734,1779534058734,1779534058738,1779534058773
2026-05-23T11:00:58.8391610Z,1779534058839,281,297,1779534058773,1779534058773,1779534058767,1779534058793,1779534058793,1779534058796,1779534058806
2026-05-23T11:00:58.9171740Z,1779534058917,283,299,1779534058839,1779534058839,1779534058833,1779534058869,1779534058869,1779534058873,1779534058912
2026-05-23T11:00:58.9913970Z,1779534058991,284,301,1779534058917,1779534058917,1779534058911,1779534058927,1779534058927,1779534058931,1779534058949
2026-05-23T11:00:59.0224310Z,1779534059022,285,302,1779534058949,1779534058949,1779534058943,1779534058961,1779534058962,1779534058962,1779534058991
2026-05-23T11:00:59.0554930Z,1779534059055,286,303,1779534058991,1779534058991,1779534058986,1779534059003,1779534059003,1779534059004,1779534059022
2026-05-23T11:00:59.1226020Z,1779534059122,287,305,1779534059055,1779534059055,1779534059049,1779534059063,1779534059063,1779534059064,1779534059088
2026-05-23T11:00:59.1556490Z,1779534059155,288,306,1779534059088,1779534059088,1779534059083,1779534059099,1779534059100,1779534059101,1779534059123
2026-05-23T11:00:59.1889560Z,1779534059188,289,307,1779534059122,1779534059122,1779534059117,1779534059142,1779534059142,1779534059143,1779534059156
2026-05-23T11:00:59.2905930Z,1779534059290,290,309,1779534059189,1779534059189,1779534059183,1779534059201,1779534059201,1779534059206,1779534059221
2026-05-23T11:00:59.2941070Z,1779534059294,292,310,1779534059221,1779534059221,1779534059215,1779534059237,1779534059278,1779534059282,1779534059290
2026-05-23T11:00:59.4351260Z,1779534059435,293,313,1779534059328,1779534059328,1779534059322,1779534059340,1779534059341,1779534059345,1779534059361
2026-05-23T11:00:59.4395330Z,1779534059439,295,314,1779534059361,1779534059361,1779534059355,1779534059377,1779534059418,1779534059422,1779534059435
2026-05-23T11:00:59.5444520Z,1779534059544,296,317,1779534059471,1779534059471,1779534059466,1779534059477,1779534059477,1779534059479,1779534059513
2026-05-23T11:00:59.5769110Z,1779534059576,297,318,1779534059513,1779534059513,1779534059507,1779534059512,1779534059513,1779534059516,1779534059544
2026-05-23T11:00:59.6093500Z,1779534059609,298,319,1779534059544,1779534059544,1779534059539,1779534059553,1779534059554,1779534059557,1779534059577
2026-05-23T11:00:59.6745910Z,1779534059674,299,321,1779534059609,1779534059609,1779534059604,1779534059613,1779534059613,1779534059613,1779534059642
2026-05-23T11:00:59.7078340Z,1779534059707,300,322,1779534059642,1779534059642,1779534059636,1779534059649,1779534059649,1779534059655,1779534059674
2026-05-23T11:00:59.7399610Z,1779534059739,301,323,1779534059674,1779534059674,1779534059668,1779534059689,1779534059689,1779534059691,1779534059708
2026-05-23T11:00:59.8056130Z,1779534059805,302,325,1779534059740,1779534059740,1779534059734,1779534059749,1779534059749,1779534059750,1779534059773
2026-05-23T11:00:59.8378660Z,1779534059837,303,326,1779534059773,1779534059773,1779534059767,1779534059785,1779534059785,1779534059786,1779534059805
2026-05-23T11:00:59.8707770Z,1779534059870,304,327,1779534059805,1779534059805,1779534059800,1779534059826,1779534059826,1779534059827,1779534059838
2026-05-23T11:00:59.9473520Z,1779534059947,306,329,1779534059870,1779534059870,1779534059865,1779534059885,1779534059921,1779534059925,1779534059943
2026-05-23T11:01:00.0208680Z,1779534060020,307,331,1779534059947,1779534059947,1779534059941,1779534059961,1779534059961,1779534059962,1779534059980
2026-05-23T11:01:00.0850500Z,1779534060085,308,333,1779534060020,1779534060020,1779534060015,1779534060021,1779534060021,1779534060025,1779534060052
2026-05-23T11:01:00.1182170Z,1779534060118,309,334,1779534060052,1779534060052,1779534060047,1779534060056,1779534060056,1779534060061,1779534060085
2026-05-23T11:01:00.1508940Z,1779534060150,310,335,1779534060085,1779534060085,1779534060079,1779534060100,1779534060100,1779534060103,1779534060118
2026-05-23T11:01:00.2162820Z,1779534060216,311,337,1779534060150,1779534060150,1779534060145,1779534060160,1779534060160,1779534060160,1779534060183
2026-05-23T11:01:00.2486580Z,1779534060248,312,338,1779534060183,1779534060183,1779534060177,1779534060196,1779534060196,1779534060197,1779534060216
2026-05-23T11:01:00.2814690Z,1779534060281,313,339,1779534060216,1779534060216,1779534060210,1779534060238,1779534060238,1779534060239,1779534060249
2026-05-23T11:01:00.3896920Z,1779534060389,314,341,1779534060281,1779534060281,1779534060275,1779534060297,1779534060297,1779534060298,1779534060314
2026-05-23T11:01:00.3934810Z,1779534060393,316,342,1779534060314,1779534060314,1779534060308,1779534060335,1779534060375,1779534060377,1779534060389
2026-05-23T11:01:00.5331600Z,1779534060533,317,345,1779534060427,1779534060427,1779534060422,1779534060434,1779534060434,1779534060435,1779534060461
2026-05-23T11:01:00.5374360Z,1779534060537,319,346,1779534060460,1779534060461,1779534060455,1779534060468,1779534060510,1779534060514,1779534060533
2026-05-23T11:01:00.6344530Z,1779534060634,320,349,1779534060569,1779534060569,1779534060563,1779534060569,1779534060569,1779534060573,1779534060602
2026-05-23T11:01:00.6674200Z,1779534060667,321,350,1779534060601,1779534060601,1779534060596,1779534060604,1779534060604,1779534060605,1779534060634
2026-05-23T11:01:00.6999810Z,1779534060699,322,351,1779534060634,1779534060634,1779534060628,1779534060645,1779534060645,1779534060646,1779534060667
2026-05-23T11:01:00.7653810Z,1779534060765,323,353,1779534060700,1779534060700,1779534060694,1779534060705,1779534060705,1779534060708,1779534060732
2026-05-23T11:01:00.7982500Z,1779534060798,324,354,1779534060732,1779534060732,1779534060726,1779534060740,1779534060740,1779534060745,1779534060765
2026-05-23T11:01:00.8305210Z,1779534060830,325,355,1779534060765,1779534060765,1779534060759,1779534060781,1779534060781,1779534060782,1779534060798
2026-05-23T11:01:00.8965880Z,1779534060896,326,357,1779534060830,1779534060830,1779534060826,1779534060841,1779534060842,1779534060843,1779534060863
2026-05-23T11:01:00.9383890Z,1779534060938,327,358,1779534060863,1779534060863,1779534060857,1779534060876,1779534060877,1779534060880,1779534060896
2026-05-23T11:01:00.9699750Z,1779534060969,328,359,1779534060896,1779534060896,1779534060891,1779534060917,1779534060918,1779534060922,1779534060938
2026-05-23T11:01:01.0438930Z,1779534061043,329,361,1779534060970,1779534060970,1779534060965,1779534060976,1779534060977,1779534060980,1779534061003
2026-05-23T11:01:01.0747460Z,1779534061074,330,362,1779534061003,1779534061003,1779534060997,1779534061011,1779534061011,1779534061012,1779534061044
2026-05-23T11:01:01.1076260Z,1779534061107,331,363,1779534061043,1779534061043,1779534061038,1779534061051,1779534061051,1779534061054,1779534061075
2026-05-23T11:01:01.1764040Z,1779534061176,332,365,1779534061107,1779534061107,1779534061102,1779534061111,1779534061111,1779534061112,1779534061144
2026-05-23T11:01:01.2085140Z,1779534061208,333,366,1779534061143,1779534061143,1779534061138,1779534061145,1779534061145,1779534061148,1779534061176
2026-05-23T11:01:01.2411640Z,1779534061241,334,367,1779534061176,1779534061176,1779534061171,1779534061186,1779534061186,1779534061190,1779534061208
2026-05-23T11:01:01.3066980Z,1779534061306,335,369,1779534061241,1779534061241,1779534061235,1779534061245,1779534061246,1779534061249,1779534061273
2026-05-23T11:01:01.3390680Z,1779534061339,336,370,1779534061273,1779534061273,1779534061268,1779534061282,1779534061282,1779534061283,1779534061307
2026-05-23T11:01:01.3717970Z,1779534061371,337,371,1779534061306,1779534061306,1779534061301,1779534061322,1779534061322,1779534061324,1779534061339
2026-05-23T11:01:01.4783840Z,1779534061478,338,373,1779534061371,1779534061371,1779534061366,1779534061382,1779534061383,1779534061388,1779534061405
2026-05-23T11:01:01.4831480Z,1779534061483,340,374,1779534061405,1779534061405,1779534061399,1779534061417,1779534061458,1779534061460,1779534061478
2026-05-23T11:01:01.5882630Z,1779534061588,341,377,1779534061515,1779534061515,1779534061510,1779534061517,1779534061517,1779534061519,1779534061557
2026-05-23T11:01:01.6572930Z,1779534061657,342,378,1779534061557,1779534061557,1779534061552,1779534061552,1779534061552,1779534061556,1779534061588
2026-05-23T11:01:01.6617470Z,1779534061661,343,379,1779534061588,1779534061588,1779534061582,1779534061593,1779534061593,1779534061598,1779534061657
2026-05-23T11:01:01.6953680Z,1779534061695,344,380,1779534061657,1779534061657,1779534061651,1779534061652,1779534061652,1779534061654,1779534061661
2026-05-23T11:01:01.7614950Z,1779534061761,345,381,1779534061661,1779534061661,1779534061655,1779534061687,1779534061687,1779534061691,1779534061728
2026-05-23T11:01:01.7939550Z,1779534061793,346,383,1779534061728,1779534061728,1779534061723,1779534061728,1779534061729,1779534061733,1779534061761
2026-05-23T11:01:01.8591940Z,1779534061859,347,385,1779534061794,1779534061794,1779534061788,1779534061790,1779534061790,1779534061790,1779534061827
2026-05-23T11:01:01.8923140Z,1779534061892,348,386,1779534061827,1779534061827,1779534061821,1779534061825,1779534061826,1779534061827,1779534061859
2026-05-23T11:01:01.9253030Z,1779534061925,349,387,1779534061859,1779534061859,1779534061853,1779534061867,1779534061868,1779534061868,1779534061892
2026-05-23T11:01:01.9991390Z,1779534061999,350,389,1779534061925,1779534061925,1779534061919,1779534061928,1779534061928,1779534061933,1779534061960
2026-05-23T11:01:02.0693870Z,1779534062069,351,390,1779534061958,1779534061960,1779534061954,1779534061962,1779534061963,1779534061964,1779534061999
2026-05-23T11:01:02.0728100Z,1779534062072,352,391,1779534061999,1779534061999,1779534061993,1779534062004,1779534062004,1779534062006,1779534062069
2026-05-23T11:01:02.1377050Z,1779534062137,353,391,1779534061999,1779534061999,1779534061993,1779534062004,1779534062063,1779534062069,1779534062105
2026-05-23T11:01:02.1700240Z,1779534062170,354,393,1779534062072,1779534062072,1779534062066,1779534062097,1779534062098,1779534062100,1779534062137
2026-05-23T11:01:02.2025940Z,1779534062202,355,395,1779534062137,1779534062137,1779534062131,1779534062138,1779534062138,1779534062142,1779534062170
2026-05-23T11:01:02.2684210Z,1779534062268,356,397,1779534062202,1779534062202,1779534062197,1779534062198,1779534062198,1779534062199,1779534062235
2026-05-23T11:01:02.3006210Z,1779534062300,357,398,1779534062235,1779534062235,1779534062230,1779534062233,1779534062233,1779534062235,1779534062268
2026-05-23T11:01:02.3396840Z,1779534062339,358,399,1779534062268,1779534062268,1779534062262,1779534062274,1779534062275,1779534062277,1779534062300
2026-05-23T11:01:02.3991960Z,1779534062399,359,401,1779534062339,1779534062339,1779534062334,1779534062336,1779534062336,1779534062340,1779534062366
2026-05-23T11:01:02.4317320Z,1779534062431,360,402,1779534062366,1779534062366,1779534062360,1779534062373,1779534062373,1779534062377,1779534062400
2026-05-23T11:01:02.4731040Z,1779534062473,361,403,1779534062399,1779534062399,1779534062394,1779534062414,1779534062414,1779534062419,1779534062432
2026-05-23T11:01:02.5462580Z,1779534062546,363,405,1779534062473,1779534062473,1779534062467,1779534062473,1779534062508,1779534062513,1779534062542
2026-05-23T11:01:02.6111620Z,1779534062611,364,407,1779534062546,1779534062546,1779534062540,1779534062549,1779534062549,1779534062550,1779534062578
2026-05-23T11:01:02.7132920Z,1779534062713,365,409,1779534062611,1779534062611,1779534062605,1779534062609,1779534062609,1779534062612,1779534062644
2026-05-23T11:01:02.7169800Z,1779534062716,367,410,1779534062643,1779534062643,1779534062638,1779534062644,1779534062686,1779534062691,1779534062713
2026-05-23T11:01:02.8172320Z,1779534062817,368,413,1779534062750,1779534062750,1779534062744,1779534062746,1779534062746,1779534062748,1779534062783
2026-05-23T11:01:02.8496820Z,1779534062849,369,414,1779534062783,1779534062783,1779534062778,1779534062781,1779534062781,1779534062785,1779534062817
2026-05-23T11:01:02.8825400Z,1779534062882,370,415,1779534062817,1779534062817,1779534062811,1779534062823,1779534062823,1779534062827,1779534062849
2026-05-23T11:01:02.9488520Z,1779534062948,371,417,1779534062882,1779534062882,1779534062876,1779534062882,1779534062883,1779534062886,1779534062915
2026-05-23T11:01:02.9906290Z,1779534062990,372,418,1779534062915,1779534062915,1779534062909,1779534062922,1779534062922,1779534062922,1779534062949
2026-05-23T11:01:03.0219670Z,1779534063021,373,419,1779534062948,1779534062948,1779534062943,1779534062964,1779534062965,1779534062965,1779534062990
2026-05-23T11:01:03.0934340Z,1779534063093,374,421,1779534063022,1779534063022,1779534063016,1779534063023,1779534063024,1779534063027,1779534063062
2026-05-23T11:01:03.1283530Z,1779534063128,375,422,1779534063062,1779534063062,1779534063057,1779534063058,1779534063058,1779534063063,1779534063093
2026-05-23T11:01:03.1620030Z,1779534063162,376,423,1779534063093,1779534063093,1779534063087,1779534063099,1779534063099,1779534063104,1779534063128
2026-05-23T11:01:03.2270850Z,1779534063227,377,425,1779534063162,1779534063162,1779534063156,1779534063157,1779534063158,1779534063162,1779534063194
2026-05-23T11:01:03.2597350Z,1779534063259,378,426,1779534063194,1779534063194,1779534063188,1779534063191,1779534063192,1779534063193,1779534063227
2026-05-23T11:01:03.2924990Z,1779534063292,379,427,1779534063227,1779534063227,1779534063221,1779534063232,1779534063233,1779534063235,1779534063260
2026-05-23T11:01:03.3590280Z,1779534063359,380,429,1779534063292,1779534063292,1779534063287,1779534063291,1779534063291,1779534063293,1779534063325
2026-05-23T11:01:03.3906060Z,1779534063390,381,430,1779534063325,1779534063325,1779534063319,1779534063326,1779534063326,1779534063329,1779534063359
2026-05-23T11:01:03.4232720Z,1779534063423,382,431,1779534063359,1779534063359,1779534063354,1779534063367,1779534063367,1779534063371,1779534063390
2026-05-23T11:01:03.4899590Z,1779534063489,383,433,1779534063423,1779534063423,1779534063418,1779534063427,1779534063427,1779534063428,1779534063457
2026-05-23T11:01:03.5316060Z,1779534063531,384,434,1779534063457,1779534063457,1779534063451,1779534063461,1779534063462,1779534063464,1779534063490
2026-05-23T11:01:03.6021850Z,1779534063602,385,435,1779534063490,1779534063490,1779534063484,1779534063503,1779534063503,1779534063507,1779534063532
2026-05-23T11:01:03.6064160Z,1779534063606,386,436,1779534063531,1779534063531,1779534063525,1779534063562,1779534063562,1779534063563,1779534063602
2026-05-23T11:01:03.6716340Z,1779534063671,387,437,1779534063602,1779534063602,1779534063596,1779534063596,1779534063597,1779534063600,1779534063638
2026-05-23T11:01:03.7039000Z,1779534063703,388,439,1779534063638,1779534063638,1779534063632,1779534063637,1779534063637,1779534063638,1779534063671
2026-05-23T11:01:03.8059580Z,1779534063805,389,440,1779534063671,1779534063671,1779534063665,1779534063696,1779534063696,1779534063701,1779534063736
2026-05-23T11:01:03.8097850Z,1779534063809,391,442,1779534063736,1779534063736,1779534063731,1779534063731,1779534063772,1779534063775,1779534063806
2026-05-23T11:01:03.9104480Z,1779534063910,393,445,1779534063843,1779534063843,1779534063837,1779534063868,1779534063868,1779534063869,1779534063877
2026-05-23T11:01:03.9758130Z,1779534063975,394,447,1779534063910,1779534063910,1779534063904,1779534063909,1779534063909,1779534063911,1779534063942
2026-05-23T11:01:04.0490920Z,1779534064049,396,449,1779534063975,1779534063975,1779534063970,1779534064005,1779534064005,1779534064011,1779534064018
2026-05-23T11:01:04.1208940Z,1779534064120,397,451,1779534064049,1779534064049,1779534064043,1779534064046,1779534064047,1779534064053,1779534064090
2026-05-23T11:01:04.1535060Z,1779534064153,398,452,1779534064089,1779534064089,1779534064084,1779534064106,1779534064106,1779534064107,1779534064121
2026-05-23T11:01:04.1862730Z,1779534064186,399,453,1779534064120,1779534064120,1779534064115,1779534064140,1779534064141,1779534064143,1779534064153
2026-05-23T11:01:04.2515300Z,1779534064251,400,455,1779534064186,1779534064186,1779534064180,1779534064182,1779534064182,1779534064185,1779534064218
2026-05-23T11:01:04.2840530Z,1779534064284,401,456,1779534064218,1779534064218,1779534064213,1779534064241,1779534064242,1779534064242,1779534064251
2026-05-23T11:01:04.3494440Z,1779534064349,402,457,1779534064251,1779534064251,1779534064245,1779534064276,1779534064276,1779534064280,1779534064317
2026-05-23T11:01:04.3823780Z,1779534064382,403,459,1779534064317,1779534064317,1779534064311,1779534064318,1779534064318,1779534064321,1779534064349
2026-05-23T11:01:04.4476590Z,1779534064447,404,461,1779534064382,1779534064382,1779534064377,1779534064378,1779534064378,1779534064379,1779534064414
2026-05-23T11:01:04.4806160Z,1779534064480,405,462,1779534064414,1779534064414,1779534064409,1779534064412,1779534064413,1779534064415,1779534064447
2026-05-23T11:01:04.5527870Z,1779534064552,406,463,1779534064447,1779534064447,1779534064442,1779534064453,1779534064453,1779534064457,1779534064480
2026-05-23T11:01:04.5564320Z,1779534064556,407,464,1779534064480,1779534064480,1779534064475,1779534064513,1779534064513,1779534064515,1779534064553
2026-05-23T11:01:04.6281330Z,1779534064628,408,465,1779534064552,1779534064552,1779534064547,1779534064548,1779534064548,1779534064552,1779534064591
2026-05-23T11:01:04.6657250Z,1779534064665,409,467,1779534064591,1779534064591,1779534064585,1779534064589,1779534064589,1779534064594,1779534064628
2026-05-23T11:01:04.7019610Z,1779534064701,410,468,1779534064628,1779534064628,1779534064622,1779534064648,1779534064648,1779534064651,1779534064666
2026-05-23T11:01:04.7385400Z,1779534064738,411,469,1779534064665,1779534064665,1779534064660,1779534064683,1779534064684,1779534064688,1779534064702
2026-05-23T11:01:04.7743550Z,1779534064774,412,470,1779534064702,1779534064702,1779534064696,1779534064724,1779534064724,1779534064725,1779534064738
2026-05-23T11:01:04.8790920Z,1779534064879,413,472,1779534064774,1779534064774,1779534064768,1779534064783,1779534064783,1779534064787,1779534064810
2026-05-23T11:01:04.8825250Z,1779534064882,415,473,1779534064809,1779534064809,1779534064804,1779534064817,1779534064858,1779534064859,1779534064879
2026-05-23T11:01:04.9829510Z,1779534064982,416,476,1779534064916,1779534064916,1779534064911,1779534064918,1779534064918,1779534064918,1779534064949
2026-05-23T11:01:05.0160920Z,1779534065016,417,477,1779534064949,1779534064949,1779534064943,1779534064952,1779534064952,1779534064954,1779534064983
2026-05-23T11:01:05.0566230Z,1779534065056,418,478,1779534064983,1779534064983,1779534064977,1779534064993,1779534064993,1779534064995,1779534065016
2026-05-23T11:01:05.1335740Z,1779534065133,420,480,1779534065056,1779534065056,1779534065051,1779534065051,1779534065086,1779534065087,1779534065130
2026-05-23T11:01:05.1992750Z,1779534065199,421,482,1779534065133,1779534065133,1779534065128,1779534065130,1779534065130,1779534065134,1779534065165
2026-05-23T11:01:05.2309700Z,1779534065230,422,483,1779534065165,1779534065165,1779534065160,1779534065188,1779534065188,1779534065192,1779534065200
2026-05-23T11:01:05.2964170Z,1779534065296,423,484,1779534065199,1779534065199,1779534065194,1779534065224,1779534065224,1779534065229,1779534065263
2026-05-23T11:01:05.3288750Z,1779534065328,424,486,1779534065263,1779534065263,1779534065258,1779534065266,1779534065266,1779534065270,1779534065296
2026-05-23T11:01:05.3940930Z,1779534065394,425,488,1779534065328,1779534065328,1779534065323,1779534065326,1779534065327,1779534065328,1779534065361
2026-05-23T11:01:05.4268360Z,1779534065426,426,489,1779534065361,1779534065361,1779534065355,1779534065363,1779534065363,1779534065365,1779534065394
2026-05-23T11:01:05.4595170Z,1779534065459,427,490,1779534065394,1779534065394,1779534065388,1779534065406,1779534065406,1779534065408,1779534065427
2026-05-23T11:01:05.5253970Z,1779534065525,428,492,1779534065459,1779534065459,1779534065453,1779534065465,1779534065465,1779534065466,1779534065492
2026-05-23T11:01:05.5675600Z,1779534065567,429,493,1779534065492,1779534065492,1779534065486,1779534065500,1779534065500,1779534065502,1779534065525
2026-05-23T11:01:05.5985410Z,1779534065598,430,494,1779534065525,1779534065525,1779534065519,1779534065541,1779534065541,1779534065544,1779534065567
2026-05-23T11:01:05.6706850Z,1779534065670,431,496,1779534065598,1779534065598,1779534065594,1779534065600,1779534065600,1779534065604,1779534065638
2026-05-23T11:01:05.7024740Z,1779534065702,432,497,1779534065638,1779534065638,1779534065633,1779534065634,1779534065635,1779534065637,1779534065671
2026-05-23T11:01:05.7351530Z,1779534065735,433,498,1779534065670,1779534065670,1779534065665,1779534065675,1779534065676,1779534065678,1779534065704
2026-05-23T11:01:05.8003010Z,1779534065800,434,500,1779534065735,1779534065735,1779534065729,1779534065734,1779534065735,1779534065736,1779534065768
2026-05-23T11:01:05.8324200Z,1779534065832,435,501,1779534065768,1779534065768,1779534065762,1779534065769,1779534065769,1779534065773,1779534065800
2026-05-23T11:01:05.8650250Z,1779534065865,436,502,1779534065800,1779534065800,1779534065795,1779534065809,1779534065810,1779534065811,1779534065832
2026-05-23T11:01:05.9659370Z,1779534065965,437,504,1779534065865,1779534065865,1779534065859,1779534065869,1779534065869,1779534065873,1779534065898
2026-05-23T11:01:05.9694640Z,1779534065969,439,505,1779534065898,1779534065898,1779534065892,1779534065903,1779534065945,1779534065946,1779534065966
2026-05-23T11:01:06.0779970Z,1779534066077,440,508,1779534066003,1779534066003,1779534065997,1779534066004,1779534066005,1779534066009,1779534066037
2026-05-23T11:01:06.1103540Z,1779534066110,441,509,1779534066037,1779534066037,1779534066031,1779534066041,1779534066041,1779534066045,1779534066078
2026-05-23T11:01:06.1503990Z,1779534066150,442,510,1779534066078,1779534066078,1779534066072,1779534066080,1779534066080,1779534066083,1779534066110
2026-05-23T11:01:06.2142020Z,1779534066214,443,511,1779534066110,1779534066110,1779534066104,1779534066142,1779534066142,1779534066146,1779534066181
2026-05-23T11:01:06.2473640Z,1779534066247,444,513,1779534066181,1779534066181,1779534066176,1779534066177,1779534066178,1779534066179,1779534066214
2026-05-23T11:01:06.2800080Z,1779534066280,445,514,1779534066214,1779534066214,1779534066208,1779534066219,1779534066219,1779534066221,1779534066247
2026-05-23T11:01:06.3444450Z,1779534066344,446,516,1779534066280,1779534066280,1779534066274,1779534066278,1779534066278,1779534066278,1779534066312
2026-05-23T11:01:06.3773570Z,1779534066377,447,517,1779534066312,1779534066312,1779534066306,1779534066312,1779534066313,1779534066315,1779534066344
2026-05-23T11:01:06.4097940Z,1779534066409,448,518,1779534066344,1779534066344,1779534066339,1779534066354,1779534066354,1779534066357,1779534066377
2026-05-23T11:01:06.4755450Z,1779534066475,449,520,1779534066409,1779534066409,1779534066404,1779534066414,1779534066414,1779534066414,1779534066442
2026-05-23T11:01:06.5084900Z,1779534066508,450,521,1779534066442,1779534066442,1779534066436,1779534066449,1779534066449,1779534066451,1779534066475
2026-05-23T11:01:06.5411590Z,1779534066541,451,522,1779534066475,1779534066475,1779534066469,1779534066490,1779534066491,1779534066493,1779534066508
2026-05-23T11:01:06.6131600Z,1779534066613,452,524,1779534066541,1779534066541,1779534066535,1779534066549,1779534066550,1779534066554,1779534066583
2026-05-23T11:01:06.6532420Z,1779534066653,453,525,1779534066582,1779534066582,1779534066577,1779534066585,1779534066585,1779534066586,1779534066614
2026-05-23T11:01:06.6849520Z,1779534066684,454,526,1779534066613,1779534066613,1779534066608,1779534066626,1779534066626,1779534066628,1779534066653
2026-05-23T11:01:06.7500020Z,1779534066750,455,528,1779534066685,1779534066685,1779534066679,1779534066684,1779534066685,1779534066685,1779534066717
2026-05-23T11:01:06.7826100Z,1779534066782,456,529,1779534066717,1779534066717,1779534066711,1779534066723,1779534066723,1779534066728,1779534066750
2026-05-23T11:01:06.8152190Z,1779534066815,457,530,1779534066750,1779534066750,1779534066744,1779534066762,1779534066763,1779534066764,1779534066782
2026-05-23T11:01:06.8806540Z,1779534066880,458,532,1779534066815,1779534066815,1779534066809,1779534066821,1779534066821,1779534066822,1779534066848
2026-05-23T11:01:06.9134320Z,1779534066913,459,533,1779534066848,1779534066848,1779534066842,1779534066856,1779534066856,1779534066858,1779534066880
2026-05-23T11:01:06.9466880Z,1779534066946,460,534,1779534066880,1779534066880,1779534066875,1779534066898,1779534066898,1779534066900,1779534066913
2026-05-23T11:01:07.0562360Z,1779534067056,461,536,1779534066946,1779534066946,1779534066941,1779534066957,1779534066957,1779534066958,1779534066979
2026-05-23T11:01:07.0600220Z,1779534067060,463,537,1779534066979,1779534066979,1779534066973,1779534066992,1779534067034,1779534067036,1779534067056
2026-05-23T11:01:07.1699340Z,1779534067169,465,540,1779534067094,1779534067094,1779534067090,1779534067093,1779534067128,1779534067131,1779534067139
2026-05-23T11:01:07.2349940Z,1779534067234,466,542,1779534067170,1779534067170,1779534067164,1779534067171,1779534067171,1779534067173,1779534067203
2026-05-23T11:01:07.3008640Z,1779534067300,467,544,1779534067235,1779534067235,1779534067229,1779534067230,1779534067230,1779534067231,1779534067268
2026-05-23T11:01:07.3332780Z,1779534067333,468,545,1779534067268,1779534067268,1779534067262,1779534067264,1779534067264,1779534067267,1779534067301
2026-05-23T11:01:07.3664770Z,1779534067366,469,546,1779534067300,1779534067300,1779534067295,1779534067305,1779534067310,1779534067315,1779534067333
2026-05-23T11:01:07.4320330Z,1779534067432,470,548,1779534067366,1779534067366,1779534067360,1779534067364,1779534067364,1779534067367,1779534067399
2026-05-23T11:01:07.4644480Z,1779534067464,471,549,1779534067399,1779534067399,1779534067393,1779534067400,1779534067401,1779534067404,1779534067432
2026-05-23T11:01:07.4972340Z,1779534067497,472,550,1779534067432,1779534067432,1779534067426,1779534067442,1779534067443,1779534067446,1779534067464
2026-05-23T11:01:07.6025620Z,1779534067602,473,552,1779534067497,1779534067497,1779534067491,1779534067503,1779534067503,1779534067504,1779534067529
2026-05-23T11:01:07.6085300Z,1779534067608,475,553,1779534067529,1779534067529,1779534067524,1779534067538,1779534067581,1779534067586,1779534067603
2026-05-23T11:01:07.7133050Z,1779534067713,476,556,1779534067641,1779534067641,1779534067635,1779534067641,1779534067641,1779534067644,1779534067683
2026-05-23T11:01:07.7462600Z,1779534067746,477,557,1779534067682,1779534067682,1779534067678,1779534067678,1779534067678,1779534067683,1779534067713
2026-05-23T11:01:07.7786300Z,1779534067778,478,558,1779534067713,1779534067713,1779534067707,1779534067718,1779534067718,1779534067720,1779534067746
2026-05-23T11:01:07.8437570Z,1779534067843,479,560,1779534067778,1779534067778,1779534067773,1779534067777,1779534067777,1779534067782,1779534067811
2026-05-23T11:01:07.8766670Z,1779534067876,480,561,1779534067811,1779534067811,1779534067806,1779534067812,1779534067812,1779534067814,1779534067844
2026-05-23T11:01:07.9095450Z,1779534067909,481,562,1779534067843,1779534067843,1779534067838,1779534067856,1779534067856,1779534067857,1779534067877
2026-05-23T11:01:07.9749460Z,1779534067974,482,564,1779534067909,1779534067909,1779534067904,1779534067916,1779534067916,1779534067917,1779534067942
2026-05-23T11:01:08.0076190Z,1779534068007,483,565,1779534067942,1779534067942,1779534067936,1779534067950,1779534067950,1779534067953,1779534067975
2026-05-23T11:01:08.0404400Z,1779534068040,484,566,1779534067975,1779534067975,1779534067969,1779534067992,1779534067993,1779534067995,1779534068007
2026-05-23T11:01:08.1591410Z,1779534068159,486,568,1779534068040,1779534068040,1779534068034,1779534068052,1779534068088,1779534068090,1779534068113
2026-05-23T11:01:08.1628380Z,1779534068162,487,569,1779534068113,1779534068113,1779534068107,1779534068129,1779534068129,1779534068132,1779534068159
2026-05-23T11:01:08.2294850Z,1779534068229,488,571,1779534068162,1779534068162,1779534068157,1779534068188,1779534068188,1779534068189,1779534068196
2026-05-23T11:01:08.2947960Z,1779534068294,489,572,1779534068196,1779534068196,1779534068190,1779534068223,1779534068223,1779534068226,1779534068262
2026-05-23T11:01:08.3278600Z,1779534068327,490,574,1779534068262,1779534068262,1779534068256,1779534068264,1779534068264,1779534068268,1779534068295
2026-05-23T11:01:08.3931130Z,1779534068393,491,576,1779534068327,1779534068327,1779534068322,1779534068325,1779534068325,1779534068325,1779534068360
2026-05-23T11:01:08.4258810Z,1779534068425,492,577,1779534068360,1779534068360,1779534068355,1779534068359,1779534068360,1779534068361,1779534068393
2026-05-23T11:01:08.4589690Z,1779534068458,493,578,1779534068393,1779534068393,1779534068387,1779534068401,1779534068401,1779534068402,1779534068426
2026-05-23T11:01:08.5239560Z,1779534068523,494,580,1779534068459,1779534068459,1779534068453,1779534068461,1779534068461,1779534068461,1779534068491
2026-05-23T11:01:08.5569570Z,1779534068556,495,581,1779534068491,1779534068491,1779534068485,1779534068496,1779534068496,1779534068499,1779534068524
2026-05-23T11:01:08.6290590Z,1779534068629,496,582,1779534068524,1779534068524,1779534068518,1779534068537,1779534068537,1779534068540,1779534068557
2026-05-23T11:01:08.6326020Z,1779534068632,497,583,1779534068557,1779534068557,1779534068551,1779534068596,1779534068596,1779534068597,1779534068629
2026-05-23T11:01:08.7060150Z,1779534068706,498,585,1779534068632,1779534068632,1779534068626,1779534068631,1779534068631,1779534068635,1779534068665
2026-05-23T11:01:08.7373960Z,1779534068737,499,586,1779534068665,1779534068665,1779534068660,1779534068672,1779534068672,1779534068677,1779534068706
2026-05-23T11:01:08.8024150Z,1779534068802,500,587,1779534068706,1779534068706,1779534068700,1779534068731,1779534068731,1779534068731,1779534068769
2026-05-23T11:01:08.8351550Z,1779534068835,501,589,1779534068769,1779534068769,1779534068764,1779534068765,1779534068766,1779534068768,1779534068802
2026-05-23T11:01:08.8680970Z,1779534068868,502,590,1779534068802,1779534068802,1779534068796,1779534068806,1779534068806,1779534068810,1779534068835
2026-05-23T11:01:08.9330810Z,1779534068933,503,592,1779534068868,1779534068868,1779534068862,1779534068866,1779534068866,1779534068867,1779534068900
2026-05-23T11:01:08.9656850Z,1779534068965,504,593,1779534068900,1779534068900,1779534068895,1779534068903,1779534068903,1779534068903,1779534068933
2026-05-23T11:01:08.9984910Z,1779534068998,505,594,1779534068933,1779534068933,1779534068927,1779534068945,1779534068945,1779534068950,1779534068966
2026-05-23T11:01:09.0637620Z,1779534069063,506,596,1779534068998,1779534068998,1779534068993,1779534069004,1779534069004,1779534069009,1779534069032
2026-05-23T11:01:09.1402950Z,1779534069140,507,597,1779534069031,1779534069031,1779534069025,1779534069041,1779534069041,1779534069045,1779534069064
2026-05-23T11:01:09.1440700Z,1779534069144,508,598,1779534069063,1779534069063,1779534069058,1779534069083,1779534069083,1779534069083,1779534069140
2026-05-23T11:01:09.2187050Z,1779534069218,509,600,1779534069144,1779534069144,1779534069138,1779534069142,1779534069142,1779534069147,1779534069178
2026-05-23T11:01:09.2852750Z,1779534069285,510,601,1779534069176,1779534069176,1779534069171,1779534069177,1779534069178,1779534069178,1779534069218
2026-05-23T11:01:09.2888620Z,1779534069288,512,602,1779534069218,1779534069218,1779534069213,1779534069219,1779534069277,1779534069278,1779534069285
2026-05-23T11:01:09.3555370Z,1779534069355,513,604,1779534069288,1779534069288,1779534069283,1779534069311,1779534069312,1779534069314,1779534069322
2026-05-23T11:01:09.4215120Z,1779534069421,514,606,1779534069355,1779534069355,1779534069349,1779534069353,1779534069353,1779534069356,1779534069388
2026-05-23T11:01:09.4540550Z,1779534069454,515,607,1779534069388,1779534069388,1779534069383,1779534069412,1779534069412,1779534069413,1779534069421
2026-05-23T11:01:09.5191840Z,1779534069519,516,608,1779534069421,1779534069421,1779534069415,1779534069447,1779534069448,1779534069451,1779534069487
2026-05-23T11:01:09.5520810Z,1779534069552,517,610,1779534069486,1779534069486,1779534069482,1779534069490,1779534069490,1779534069494,1779534069519
2026-05-23T11:01:09.6186190Z,1779534069618,518,612,1779534069552,1779534069552,1779534069547,1779534069550,1779534069550,1779534069552,1779534069585
2026-05-23T11:01:09.6604400Z,1779534069660,519,613,1779534069585,1779534069585,1779534069579,1779534069585,1779534069585,1779534069589,1779534069618
2026-05-23T11:01:09.6913640Z,1779534069691,520,614,1779534069618,1779534069618,1779534069613,1779534069629,1779534069629,1779534069630,1779534069660
2026-05-23T11:01:09.7643030Z,1779534069764,522,616,1779534069691,1779534069691,1779534069685,1779534069687,1779534069722,1779534069724,1779534069732
2026-05-23T11:01:09.8288940Z,1779534069828,523,618,1779534069764,1779534069764,1779534069758,1779534069764,1779534069764,1779534069765,1779534069796
2026-05-23T11:01:09.8942930Z,1779534069894,524,620,1779534069828,1779534069828,1779534069823,1779534069824,1779534069824,1779534069828,1779534069861
2026-05-23T11:01:09.9274910Z,1779534069927,525,621,1779534069861,1779534069861,1779534069855,1779534069859,1779534069860,1779534069860,1779534069894
2026-05-23T11:01:09.9593700Z,1779534069959,526,622,1779534069894,1779534069894,1779534069888,1779534069900,1779534069900,1779534069902,1779534069927
2026-05-23T11:01:10.0248740Z,1779534070024,527,624,1779534069959,1779534069959,1779534069953,1779534069959,1779534069959,1779534069959,1779534069992
2026-05-23T11:01:10.0574320Z,1779534070057,528,625,1779534069991,1779534069992,1779534069986,1779534069994,1779534069994,1779534069996,1779534070025
2026-05-23T11:01:10.0900380Z,1779534070090,529,626,1779534070024,1779534070024,1779534070019,1779534070036,1779534070036,1779534070038,1779534070057
2026-05-23T11:01:10.1647500Z,1779534070164,530,628,1779534070090,1779534070090,1779534070084,1779534070094,1779534070095,1779534070095,1779534070123
2026-05-23T11:01:10.1963380Z,1779534070196,531,629,1779534070123,1779534070123,1779534070117,1779534070130,1779534070130,1779534070133,1779534070165
2026-05-23T11:01:10.2371890Z,1779534070237,532,630,1779534070164,1779534070164,1779534070159,1779534070171,1779534070171,1779534070174,1779534070196
2026-05-23T11:01:10.3008010Z,1779534070300,533,631,1779534070196,1779534070196,1779534070190,1779534070230,1779534070231,1779534070231,1779534070268
2026-05-23T11:01:10.3694220Z,1779534070369,534,633,1779534070268,1779534070268,1779534070262,1779534070266,1779534070266,1779534070268,1779534070301
2026-05-23T11:01:10.3729310Z,1779534070372,535,634,1779534070300,1779534070300,1779534070295,1779534070306,1779534070306,1779534070310,1779534070369
2026-05-23T11:01:10.4399710Z,1779534070439,536,635,1779534070369,1779534070369,1779534070363,1779534070365,1779534070365,1779534070367,1779534070407
2026-05-23T11:01:10.4734770Z,1779534070473,537,636,1779534070372,1779534070373,1779534070367,1779534070400,1779534070400,1779534070403,1779534070440
2026-05-23T11:01:10.5058320Z,1779534070505,538,638,1779534070440,1779534070440,1779534070434,1779534070441,1779534070441,1779534070444,1779534070473
2026-05-23T11:01:10.5709100Z,1779534070570,539,640,1779534070505,1779534070505,1779534070500,1779534070502,1779534070502,1779534070502,1779534070538
2026-05-23T11:01:10.6043060Z,1779534070604,540,641,1779534070538,1779534070538,1779534070533,1779534070538,1779534070538,1779534070539,1779534070571
2026-05-23T11:01:10.6373270Z,1779534070637,541,642,1779534070570,1779534070571,1779534070565,1779534070582,1779534070582,1779534070586,1779534070604
2026-05-23T11:01:10.7088290Z,1779534070708,542,644,1779534070637,1779534070637,1779534070631,1779534070640,1779534070641,1779534070642,1779534070677
2026-05-23T11:01:10.7496360Z,1779534070749,543,645,1779534070677,1779534070677,1779534070672,1779534070675,1779534070676,1779534070678,1779534070709
2026-05-23T11:01:10.7812340Z,1779534070781,544,646,1779534070708,1779534070708,1779534070703,1779534070716,1779534070716,1779534070719,1779534070749
2026-05-23T11:01:10.8470600Z,1779534070847,545,647,1779534070749,1779534070749,1779534070744,1779534070774,1779534070775,1779534070778,1779534070814
2026-05-23T11:01:10.8793660Z,1779534070879,546,649,1779534070814,1779534070814,1779534070808,1779534070810,1779534070810,1779534070814,1779534070847
2026-05-23T11:01:10.9123140Z,1779534070912,547,650,1779534070847,1779534070847,1779534070841,1779534070851,1779534070851,1779534070855,1779534070879
2026-05-23T11:01:10.9782000Z,1779534070978,548,652,1779534070912,1779534070912,1779534070906,1779534070910,1779534070910,1779534070913,1779534070945
2026-05-23T11:01:11.0109050Z,1779534071010,549,653,1779534070945,1779534070945,1779534070939,1779534070948,1779534070949,1779534070950,1779534070978
2026-05-23T11:01:11.0432410Z,1779534071043,550,654,1779534070978,1779534070978,1779534070972,1779534070993,1779534070993,1779534070997,1779534071011
2026-05-23T11:01:11.1086490Z,1779534071108,551,656,1779534071043,1779534071043,1779534071037,1779534071049,1779534071049,1779534071050,1779534071076
2026-05-23T11:01:11.1440570Z,1779534071144,552,657,1779534071075,1779534071075,1779534071070,1779534071084,1779534071084,1779534071086,1779534071109
2026-05-23T11:01:11.1860270Z,1779534071186,553,658,1779534071108,1779534071108,1779534071103,1779534071125,1779534071125,1779534071128,1779534071144
2026-05-23T11:01:11.2585040Z,1779534071258,554,660,1779534071186,1779534071186,1779534071180,1779534071184,1779534071184,1779534071189,1779534071218
2026-05-23T11:01:11.2898050Z,1779534071289,555,661,1779534071218,1779534071218,1779534071212,1779534071221,1779534071221,1779534071222,1779534071258
2026-05-23T11:01:11.3228800Z,1779534071322,556,662,1779534071258,1779534071258,1779534071252,1779534071262,1779534071263,1779534071264,1779534071290
2026-05-23T11:01:11.4252140Z,1779534071425,557,664,1779534071322,1779534071322,1779534071317,1779534071322,1779534071322,1779534071326,1779534071355
2026-05-23T11:01:11.4289720Z,1779534071428,559,665,1779534071355,1779534071355,1779534071349,1779534071356,1779534071399,1779534071399,1779534071425
2026-05-23T11:01:11.5292930Z,1779534071529,560,668,1779534071462,1779534071462,1779534071456,1779534071458,1779534071459,1779534071460,1779534071495
2026-05-23T11:01:11.5612690Z,1779534071561,561,669,1779534071495,1779534071495,1779534071489,1779534071494,1779534071494,1779534071497,1779534071529
2026-05-23T11:01:11.5938100Z,1779534071593,562,670,1779534071529,1779534071529,1779534071523,1779534071536,1779534071537,1779534071537,1779534071561
2026-05-23T11:01:11.6995690Z,1779534071699,563,672,1779534071593,1779534071593,1779534071588,1779534071597,1779534071597,1779534071601,1779534071627
2026-05-23T11:01:11.7035660Z,1779534071703,565,673,1779534071626,1779534071627,1779534071621,1779534071632,1779534071673,1779534071678,1779534071699
2026-05-23T11:01:11.8090970Z,1779534071809,567,676,1779534071737,1779534071737,1779534071731,1779534071732,1779534071767,1779534071767,1779534071777
2026-05-23T11:01:11.8742120Z,1779534071874,568,678,1779534071809,1779534071809,1779534071803,1779534071812,1779534071812,1779534071815,1779534071841
2026-05-23T11:01:11.9394480Z,1779534071939,569,680,1779534071874,1779534071874,1779534071868,1779534071871,1779534071871,1779534071871,1779534071907
2026-05-23T11:01:11.9724300Z,1779534071972,570,681,1779534071907,1779534071907,1779534071901,1779534071906,1779534071906,1779534071907,1779534071939
2026-05-23T11:01:12.0053470Z,1779534072005,571,682,1779534071939,1779534071939,1779534071933,1779534071949,1779534071949,1779534071955,1779534071972
2026-05-23T11:01:12.0707130Z,1779534072070,572,684,1779534072005,1779534072005,1779534071999,1779534072008,1779534072008,1779534072012,1779534072038
2026-05-23T11:01:12.1033240Z,1779534072103,573,685,1779534072038,1779534072038,1779534072032,1779534072045,1779534072045,1779534072048,1779534072070
2026-05-23T11:01:12.1363930Z,1779534072136,574,686,1779534072070,1779534072070,1779534072064,1779534072086,1779534072086,1779534072089,1779534072103
2026-05-23T11:01:12.2028790Z,1779534072202,575,688,1779534072136,1779534072136,1779534072130,1779534072145,1779534072145,1779534072147,1779534072169
2026-05-23T11:01:12.2434690Z,1779534072243,576,689,1779534072169,1779534072169,1779534072163,1779534072183,1779534072183,1779534072183,1779534072203
2026-05-23T11:01:12.3142260Z,1779534072314,577,690,1779534072202,1779534072202,1779534072197,1779534072223,1779534072223,1779534072226,1779534072243
2026-05-23T11:01:12.3181750Z,1779534072318,578,691,1779534072243,1779534072243,1779534072237,1779534072281,1779534072281,1779534072283,1779534072314
2026-05-23T11:01:12.3828910Z,1779534072382,579,693,1779534072318,1779534072318,1779534072312,1779534072316,1779534072317,1779534072320,1779534072350
2026-05-23T11:01:12.4152730Z,1779534072415,580,694,1779534072350,1779534072350,1779534072344,1779534072358,1779534072358,1779534072361,1779534072383
2026-05-23T11:01:12.5160850Z,1779534072516,581,696,1779534072415,1779534072415,1779534072409,1779534072417,1779534072417,1779534072418,1779534072448
2026-05-23T11:01:12.5196710Z,1779534072519,583,697,1779534072448,1779534072448,1779534072442,1779534072451,1779534072493,1779534072496,1779534072516
2026-05-23T11:01:12.6190590Z,1779534072619,584,700,1779534072552,1779534072552,1779534072547,1779534072552,1779534072552,1779534072556,1779534072586
2026-05-23T11:01:12.6523490Z,1779534072652,585,701,1779534072586,1779534072586,1779534072581,1779534072587,1779534072587,1779534072589,1779534072619
2026-05-23T11:01:12.6856430Z,1779534072685,586,702,1779534072619,1779534072619,1779534072614,1779534072628,1779534072628,1779534072630,1779534072652
2026-05-23T11:01:12.7588660Z,1779534072758,587,704,1779534072685,1779534072685,1779534072680,1779534072688,1779534072688,1779534072688,1779534072727
2026-05-23T11:01:12.7996240Z,1779534072799,588,705,1779534072727,1779534072727,1779534072721,1779534072722,1779534072722,1779534072725,1779534072759
2026-05-23T11:01:12.8305640Z,1779534072830,589,706,1779534072758,1779534072758,1779534072753,1779534072763,1779534072764,1779534072766,1779534072799
2026-05-23T11:01:12.8965800Z,1779534072896,590,707,1779534072799,1779534072799,1779534072794,1779534072823,1779534072823,1779534072828,1779534072863
2026-05-23T11:01:12.9285710Z,1779534072928,591,709,1779534072863,1779534072863,1779534072857,1779534072861,1779534072861,1779534072864,1779534072896
2026-05-23T11:01:12.9615940Z,1779534072961,592,710,1779534072896,1779534072896,1779534072891,1779534072903,1779534072903,1779534072905,1779534072928
2026-05-23T11:01:13.0268280Z,1779534073026,593,712,1779534072961,1779534072961,1779534072956,1779534072963,1779534072963,1779534072963,1779534072994
2026-05-23T11:01:13.0591320Z,1779534073059,594,713,1779534072993,1779534072993,1779534072988,1779534073001,1779534073001,1779534073004,1779534073027
2026-05-23T11:01:13.0921260Z,1779534073092,595,714,1779534073026,1779534073026,1779534073021,1779534073043,1779534073043,1779534073045,1779534073059
2026-05-23T11:01:13.1607510Z,1779534073160,596,716,1779534073092,1779534073092,1779534073086,1779534073103,1779534073103,1779534073106,1779534073127
2026-05-23T11:01:13.2328750Z,1779534073232,597,717,1779534073127,1779534073127,1779534073121,1779534073140,1779534073140,1779534073142,1779534073161
2026-05-23T11:01:13.2372800Z,1779534073237,598,718,1779534073160,1779534073160,1779534073155,1779534073180,1779534073180,1779534073183,1779534073233
2026-05-23T11:01:13.3414370Z,1779534073341,599,720,1779534073237,1779534073237,1779534073231,1779534073240,1779534073240,1779534073241,1779534073269
2026-05-23T11:01:13.3457290Z,1779534073345,601,721,1779534073269,1779534073269,1779534073263,1779534073274,1779534073316,1779534073319,1779534073341
2026-05-23T11:01:13.4429880Z,1779534073442,602,724,1779534073377,1779534073377,1779534073371,1779534073375,1779534073375,1779534073378,1779534073411
2026-05-23T11:01:13.4754070Z,1779534073475,603,725,1779534073410,1779534073411,1779534073405,1779534073413,1779534073413,1779534073415,1779534073443
2026-05-23T11:01:13.5087500Z,1779534073508,604,726,1779534073443,1779534073443,1779534073437,1779534073453,1779534073454,1779534073457,1779534073475
2026-05-23T11:01:13.6097020Z,1779534073609,605,728,1779534073508,1779534073508,1779534073503,1779534073514,1779534073514,1779534073515,1779534073541
2026-05-23T11:01:13.6133650Z,1779534073613,607,729,1779534073541,1779534073541,1779534073535,1779534073550,1779534073591,1779534073594,1779534073609
2026-05-23T11:01:13.7135780Z,1779534073713,608,732,1779534073647,1779534073647,1779534073641,1779534073651,1779534073651,1779534073651,1779534073680
2026-05-23T11:01:13.7552660Z,1779534073755,609,733,1779534073680,1779534073680,1779534073674,1779534073685,1779534073686,1779534073688,1779534073713
2026-05-23T11:01:13.7866510Z,1779534073786,610,734,1779534073713,1779534073713,1779534073708,1779534073726,1779534073726,1779534073729,1779534073755
2026-05-23T11:01:13.8587820Z,1779534073858,611,736,1779534073786,1779534073786,1779534073781,1779534073785,1779534073785,1779534073788,1779534073827
2026-05-23T11:01:13.8913700Z,1779534073891,612,737,1779534073827,1779534073827,1779534073822,1779534073822,1779534073823,1779534073825,1779534073859
2026-05-23T11:01:13.9240850Z,1779534073924,613,738,1779534073858,1779534073858,1779534073853,1779534073864,1779534073865,1779534073866,1779534073891
2026-05-23T11:01:13.9896590Z,1779534073989,614,740,1779534073924,1779534073924,1779534073918,1779534073924,1779534073924,1779534073924,1779534073957
2026-05-23T11:01:14.0220370Z,1779534074022,615,741,1779534073957,1779534073957,1779534073951,1779534073964,1779534073964,1779534073966,1779534073990
2026-05-23T11:01:14.0547910Z,1779534074054,616,742,1779534073989,1779534073989,1779534073984,1779534074004,1779534074004,1779534074007,1779534074022
2026-05-23T11:01:14.1198630Z,1779534074119,617,744,1779534074054,1779534074054,1779534074049,1779534074064,1779534074065,1779534074065,1779534074087
2026-05-23T11:01:14.1525570Z,1779534074152,618,745,1779534074087,1779534074087,1779534074082,1779534074100,1779534074100,1779534074101,1779534074120
2026-05-23T11:01:14.1854830Z,1779534074185,619,746,1779534074119,1779534074119,1779534074114,1779534074141,1779534074141,1779534074142,1779534074152
2026-05-23T11:01:14.2605120Z,1779534074260,620,748,1779534074185,1779534074185,1779534074179,1779534074200,1779534074200,1779534074204,1779534074218
2026-05-23T11:01:14.2917930Z,1779534074291,621,749,1779534074218,1779534074218,1779534074213,1779534074235,1779534074235,1779534074236,1779534074260
2026-05-23T11:01:14.3321070Z,1779534074332,622,750,1779534074260,1779534074260,1779534074255,1779534074276,1779534074276,1779534074277,1779534074292
2026-05-23T11:01:14.3960760Z,1779534074396,623,752,1779534074332,1779534074332,1779534074326,1779534074335,1779534074335,1779534074339,1779534074363
2026-05-23T11:01:14.4285450Z,1779534074428,624,753,1779534074363,1779534074363,1779534074357,1779534074369,1779534074369,1779534074371,1779534074396
2026-05-23T11:01:14.4610410Z,1779534074461,625,754,1779534074396,1779534074396,1779534074390,1779534074410,1779534074410,1779534074412,1779534074428
2026-05-23T11:01:14.5262450Z,1779534074526,626,756,1779534074461,1779534074461,1779534074455,1779534074469,1779534074470,1779534074473,1779534074493
2026-05-23T11:01:14.5586440Z,1779534074558,627,757,1779534074493,1779534074493,1779534074487,1779534074505,1779534074505,1779534074509,1779534074526
2026-05-23T11:01:14.5941260Z,1779534074594,628,758,1779534074526,1779534074526,1779534074520,1779534074547,1779534074547,1779534074550,1779534074558
2026-05-23T11:01:14.7085660Z,1779534074708,629,760,1779534074594,1779534074594,1779534074588,1779534074606,1779534074606,1779534074608,1779534074632
2026-05-23T11:01:14.7120110Z,1779534074712,631,761,1779534074632,1779534074632,1779534074627,1779534074642,1779534074684,1779534074686,1779534074708
2026-05-23T11:01:14.8639390Z,1779534074863,633,764,1779534074749,1779534074749,1779534074744,1779534074778,1779534074779,1779534074780,1779534074791
2026-05-23T11:01:14.8676830Z,1779534074867,634,765,1779534074790,1779534074790,1779534074785,1779534074819,1779534074819,1779534074820,1779534074864
2026-05-23T11:01:14.9322920Z,1779534074932,635,767,1779534074867,1779534074867,1779534074861,1779534074879,1779534074879,1779534074883,1779534074900
2026-05-23T11:01:14.9654670Z,1779534074965,636,768,1779534074899,1779534074899,1779534074894,1779534074914,1779534074914,1779534074914,1779534074932
2026-05-23T11:01:14.9979240Z,1779534074997,637,769,1779534074932,1779534074932,1779534074926,1779534074956,1779534074956,1779534074956,1779534074965
2026-05-23T11:01:15.0628620Z,1779534075062,638,771,1779534074997,1779534074998,1779534074992,1779534075016,1779534075016,1779534075020,1779534075030
2026-05-23T11:01:15.0955000Z,1779534075095,639,772,1779534075030,1779534075030,1779534075024,1779534075050,1779534075050,1779534075051,1779534075063
2026-05-23T11:01:15.1642530Z,1779534075164,640,774,1779534075095,1779534075095,1779534075089,1779534075092,1779534075092,1779534075094,1779534075131
2026-05-23T11:01:15.1963500Z,1779534075196,641,775,1779534075131,1779534075131,1779534075126,1779534075151,1779534075151,1779534075155,1779534075164
2026-05-23T11:01:15.2294310Z,1779534075229,642,776,1779534075164,1779534075164,1779534075158,1779534075187,1779534075187,1779534075188,1779534075196
2026-05-23T11:01:15.3046210Z,1779534075304,643,778,1779534075229,1779534075229,1779534075224,1779534075229,1779534075229,1779534075230,1779534075262
2026-05-23T11:01:15.3368150Z,1779534075336,644,779,1779534075262,1779534075262,1779534075257,1779534075289,1779534075289,1779534075290,1779534075304
2026-05-23T11:01:15.3774940Z,1779534075377,645,780,1779534075304,1779534075304,1779534075298,1779534075324,1779534075324,1779534075327,1779534075337
2026-05-23T11:01:15.4083190Z,1779534075408,646,781,1779534075336,1779534075336,1779534075331,1779534075365,1779534075365,1779534075368,1779534075377
2026-05-23T11:01:15.4743660Z,1779534075474,647,783,1779534075408,1779534075408,1779534075402,1779534075425,1779534075425,1779534075426,1779534075441
2026-05-23T11:01:15.5174440Z,1779534075517,648,784,1779534075440,1779534075441,1779534075435,1779534075462,1779534075462,1779534075464,1779534075475
2026-05-23T11:01:15.5475990Z,1779534075547,649,785,1779534075474,1779534075474,1779534075469,1779534075503,1779534075503,1779534075506,1779534075517
2026-05-23T11:01:15.6133340Z,1779534075613,650,787,1779534075547,1779534075547,1779534075542,1779534075563,1779534075563,1779534075563,1779534075580
2026-05-23T11:01:15.6459730Z,1779534075645,651,788,1779534075580,1779534075580,1779534075574,1779534075599,1779534075599,1779534075601,1779534075613
2026-05-23T11:01:15.7114940Z,1779534075711,652,790,1779534075646,1779534075646,1779534075640,1779534075640,1779534075640,1779534075642,1779534075679
2026-05-23T11:01:15.7444820Z,1779534075744,653,791,1779534075678,1779534075678,1779534075673,1779534075699,1779534075700,1779534075703,1779534075711
2026-05-23T11:01:15.8233360Z,1779534075823,654,792,1779534075711,1779534075711,1779534075705,1779534075735,1779534075735,1779534075735,1779534075744
2026-05-23T11:01:15.8276660Z,1779534075827,655,793,1779534075744,1779534075744,1779534075738,1779534075775,1779534075775,1779534075777,1779534075823
2026-05-23T11:01:15.9027640Z,1779534075902,656,795,1779534075827,1779534075827,1779534075821,1779534075834,1779534075835,1779534075836,1779534075862
2026-05-23T11:01:15.9341180Z,1779534075934,657,796,1779534075862,1779534075862,1779534075856,1779534075869,1779534075870,1779534075872,1779534075903
2026-05-23T11:01:15.9672450Z,1779534075967,658,797,1779534075902,1779534075902,1779534075897,1779534075910,1779534075910,1779534075913,1779534075934
2026-05-23T11:01:16.0327300Z,1779534076032,659,799,1779534075967,1779534075967,1779534075962,1779534075969,1779534075969,1779534075970,1779534076000
2026-05-23T11:01:16.0654870Z,1779534076065,660,800,1779534076000,1779534076000,1779534075994,1779534076004,1779534076004,1779534076007,1779534076032
2026-05-23T11:01:16.0985300Z,1779534076098,661,801,1779534076032,1779534076032,1779534076027,1779534076045,1779534076046,1779534076049,1779534076065
2026-05-23T11:01:16.1639000Z,1779534076163,662,803,1779534076098,1779534076098,1779534076092,1779534076105,1779534076105,1779534076106,1779534076131
2026-05-23T11:01:16.1970580Z,1779534076197,663,804,1779534076131,1779534076131,1779534076125,1779534076142,1779534076142,1779534076142,1779534076164
2026-05-23T11:01:16.2294540Z,1779534076229,664,805,1779534076163,1779534076163,1779534076158,1779534076181,1779534076181,1779534076183,1779534076197
2026-05-23T11:01:16.3039850Z,1779534076303,665,807,1779534076229,1779534076229,1779534076225,1779534076242,1779534076242,1779534076246,1779534076263
2026-05-23T11:01:16.3350950Z,1779534076335,666,808,1779534076263,1779534076263,1779534076257,1779534076278,1779534076278,1779534076283,1779534076304
2026-05-23T11:01:16.3689430Z,1779534076368,667,809,1779534076304,1779534076304,1779534076298,1779534076318,1779534076318,1779534076320,1779534076335
2026-05-23T11:01:16.4408180Z,1779534076440,668,811,1779534076369,1779534076369,1779534076363,1779534076377,1779534076377,1779534076378,1779534076409
2026-05-23T11:01:16.4738040Z,1779534076473,669,812,1779534076409,1779534076409,1779534076403,1779534076411,1779534076411,1779534076415,1779534076441
2026-05-23T11:01:16.5072210Z,1779534076507,670,813,1779534076440,1779534076440,1779534076435,1779534076453,1779534076453,1779534076457,1779534076474
2026-05-23T11:01:16.5792310Z,1779534076579,671,815,1779534076507,1779534076507,1779534076502,1779534076513,1779534076513,1779534076516,1779534076548
2026-05-23T11:01:16.6120310Z,1779534076612,672,816,1779534076548,1779534076548,1779534076542,1779534076549,1779534076550,1779534076552,1779534076579
2026-05-23T11:01:16.6446560Z,1779534076644,673,817,1779534076579,1779534076579,1779534076573,1779534076589,1779534076590,1779534076594,1779534076612
2026-05-23T11:01:16.7104830Z,1779534076710,674,819,1779534076644,1779534076644,1779534076639,1779534076649,1779534076649,1779534076651,1779534076677
2026-05-23T11:01:16.7425400Z,1779534076742,675,820,1779534076677,1779534076677,1779534076671,1779534076683,1779534076684,1779534076687,1779534076710
2026-05-23T11:01:16.7756880Z,1779534076775,676,821,1779534076710,1779534076710,1779534076704,1779534076725,1779534076725,1779534076729,1779534076742
2026-05-23T11:01:16.8927550Z,1779534076892,677,823,1779534076775,1779534076775,1779534076770,1779534076784,1779534076784,1779534076786,1779534076816
2026-05-23T11:01:16.8969360Z,1779534076896,679,824,1779534076816,1779534076816,1779534076811,1779534076820,1779534076861,1779534076863,1779534076893
2026-05-23T11:01:16.9632390Z,1779534076963,680,826,1779534076904,1779534076904,1779534076899,1779534076919,1779534076920,1779534076920,1779534076930
2026-05-23T11:01:16.9966100Z,1779534076996,681,827,1779534076930,1779534076930,1779534076924,1779534076955,1779534076955,1779534076956,1779534076963
2026-05-23T11:01:17.0617740Z,1779534077061,682,829,1779534076996,1779534076996,1779534076990,1779534076996,1779534076996,1779534076998,1779534077029
2026-05-23T11:01:17.1296680Z,1779534077129,683,830,1779534077029,1779534077029,1779534077023,1779534077055,1779534077056,1779534077059,1779534077094
2026-05-23T11:01:17.1629000Z,1779534077162,684,832,1779534077094,1779534077094,1779534077089,1779534077090,1779534077090,1779534077091,1779534077129
2026-05-23T11:01:17.1955170Z,1779534077195,685,833,1779534077129,1779534077129,1779534077124,1779534077131,1779534077131,1779534077133,1779534077163
2026-05-23T11:01:17.2610080Z,1779534077261,686,835,1779534077195,1779534077195,1779534077189,1779534077191,1779534077191,1779534077196,1779534077228
2026-05-23T11:01:17.3323020Z,1779534077332,687,836,1779534077228,1779534077228,1779534077222,1779534077227,1779534077227,1779534077228,1779534077261
2026-05-23T11:01:17.3357820Z,1779534077335,688,837,1779534077261,1779534077261,1779534077255,1779534077269,1779534077270,1779534077270,1779534077332
2026-05-23T11:01:17.4401290Z,1779534077440,689,838,1779534077332,1779534077332,1779534077326,1779534077328,1779534077328,1779534077332,1779534077368
2026-05-23T11:01:17.4439310Z,1779534077443,691,840,1779534077367,1779534077368,1779534077363,1779534077364,1779534077406,1779534077409,1779534077440
2026-05-23T11:01:17.5172320Z,1779534077517,692,842,1779534077443,1779534077444,1779534077438,1779534077466,1779534077466,1779534077466,1779534077476
2026-05-23T11:01:17.5481890Z,1779534077548,693,843,1779534077476,1779534077476,1779534077470,1779534077502,1779534077502,1779534077502,1779534077517
2026-05-23T11:01:17.6134610Z,1779534077613,694,845,1779534077548,1779534077548,1779534077542,1779534077544,1779534077544,1779534077546,1779534077581
2026-05-23T11:01:17.6468170Z,1779534077646,695,846,1779534077580,1779534077580,1779534077575,1779534077603,1779534077603,1779534077603,1779534077613
2026-05-23T11:01:17.7112250Z,1779534077711,696,847,1779534077613,1779534077613,1779534077607,1779534077638,1779534077639,1779534077640,1779534077679
2026-05-23T11:01:17.7436290Z,1779534077743,697,849,1779534077678,1779534077678,1779534077672,1779534077680,1779534077681,1779534077683,1779534077711
2026-05-23T11:01:17.8100290Z,1779534077810,698,851,1779534077743,1779534077743,1779534077738,1779534077743,1779534077743,1779534077746,1779534077777
2026-05-23T11:01:17.8512000Z,1779534077851,699,852,1779534077777,1779534077777,1779534077771,1779534077777,1779534077777,1779534077778,1779534077810
2026-05-23T11:01:17.8830510Z,1779534077883,700,853,1779534077810,1779534077810,1779534077804,1779534077818,1779534077818,1779534077819,1779534077851
2026-05-23T11:01:17.9626030Z,1779534077962,702,855,1779534077883,1779534077883,1779534077877,1779534077878,1779534077912,1779534077915,1779534077959
2026-05-23T11:01:18.0291530Z,1779534078029,703,856,1779534077959,1779534077959,1779534077953,1779534077954,1779534077954,1779534077957,1779534077996
2026-05-23T11:01:18.0621410Z,1779534078062,704,858,1779534077996,1779534077996,1779534077990,1779534078012,1779534078013,1779534078014,1779534078029
2026-05-23T11:01:18.0946640Z,1779534078094,705,859,1779534078029,1779534078029,1779534078023,1779534078048,1779534078048,1779534078051,1779534078062
2026-05-23T11:01:18.1599030Z,1779534078159,706,860,1779534078062,1779534078062,1779534078056,1779534078088,1779534078088,1779534078094,1779534078127
2026-05-23T11:01:18.1925580Z,1779534078192,707,862,1779534078127,1779534078127,1779534078122,1779534078148,1779534078148,1779534078151,1779534078160
2026-05-23T11:01:18.2582950Z,1779534078258,708,863,1779534078159,1779534078159,1779534078154,1779534078185,1779534078185,1779534078189,1779534078225
2026-05-23T11:01:18.2908640Z,1779534078290,709,865,1779534078225,1779534078225,1779534078219,1779534078227,1779534078227,1779534078231,1779534078258
2026-05-23T11:01:18.3644330Z,1779534078364,710,867,1779534078290,1779534078290,1779534078285,1779534078287,1779534078287,1779534078289,1779534078323
2026-05-23T11:01:18.3954510Z,1779534078395,711,868,1779534078323,1779534078323,1779534078318,1779534078321,1779534078322,1779534078326,1779534078364
2026-05-23T11:01:18.4359130Z,1779534078435,712,869,1779534078364,1779534078364,1779534078358,1779534078362,1779534078363,1779534078366,1779534078395
2026-05-23T11:01:18.4676620Z,1779534078467,713,870,1779534078395,1779534078395,1779534078390,1779534078422,1779534078422,1779534078423,1779534078436
2026-05-23T11:01:18.5001290Z,1779534078500,714,871,1779534078435,1779534078436,1779534078430,1779534078457,1779534078457,1779534078459,1779534078467
2026-05-23T11:01:18.5655210Z,1779534078565,715,873,1779534078500,1779534078500,1779534078494,1779534078498,1779534078498,1779534078500,1779534078532
2026-05-23T11:01:18.6308970Z,1779534078630,716,874,1779534078532,1779534078532,1779534078526,1779534078557,1779534078557,1779534078561,1779534078598
2026-05-23T11:01:18.6632340Z,1779534078663,717,875,1779534078565,1779534078565,1779534078559,1779534078592,1779534078592,1779534078597,1779534078632
2026-05-23T11:01:18.6956330Z,1779534078695,718,877,1779534078630,1779534078630,1779534078626,1779534078633,1779534078633,1779534078638,1779534078663
2026-05-23T11:01:18.7609090Z,1779534078760,719,879,1779534078695,1779534078695,1779534078690,1779534078692,1779534078692,1779534078696,1779534078729
2026-05-23T11:01:18.7938500Z,1779534078793,720,880,1779534078729,1779534078729,1779534078723,1779534078727,1779534078727,1779534078733,1779534078761
2026-05-23T11:01:18.8269290Z,1779534078826,721,881,1779534078760,1779534078761,1779534078755,1779534078769,1779534078769,1779534078769,1779534078794
2026-05-23T11:01:18.8998580Z,1779534078899,722,883,1779534078826,1779534078827,1779534078821,1779534078828,1779534078828,1779534078829,1779534078867
2026-05-23T11:01:18.9397610Z,1779534078939,723,884,1779534078867,1779534078867,1779534078862,1779534078863,1779534078863,1779534078867,1779534078900
2026-05-23T11:01:18.9712870Z,1779534078971,724,885,1779534078900,1779534078900,1779534078894,1779534078903,1779534078904,1779534078908,1779534078940
2026-05-23T11:01:19.0437090Z,1779534079043,726,887,1779534078971,1779534078971,1779534078965,1779534078998,1779534078998,1779534079001,1779534079040
2026-05-23T11:01:19.1113230Z,1779534079111,727,889,1779534079043,1779534079043,1779534079038,1779534079039,1779534079039,1779534079043,1779534079078
2026-05-23T11:01:19.1472980Z,1779534079147,728,890,1779534079078,1779534079078,1779534079072,1779534079098,1779534079098,1779534079100,1779534079111
2026-05-23T11:01:19.1795050Z,1779534079179,729,891,1779534079111,1779534079111,1779534079105,1779534079132,1779534079133,1779534079136,1779534079147
2026-05-23T11:01:19.2445910Z,1779534079244,730,893,1779534079179,1779534079179,1779534079173,1779534079174,1779534079174,1779534079179,1779534079212
2026-05-23T11:01:19.2774870Z,1779534079277,731,894,1779534079211,1779534079211,1779534079206,1779534079233,1779534079233,1779534079235,1779534079244
2026-05-23T11:01:19.3432870Z,1779534079343,732,895,1779534079244,1779534079244,1779534079239,1779534079267,1779534079267,1779534079273,1779534079310
2026-05-23T11:01:19.3846000Z,1779534079384,733,897,1779534079310,1779534079310,1779534079304,1779534079308,1779534079308,1779534079310,1779534079343
2026-05-23T11:01:19.4540010Z,1779534079454,734,898,1779534079343,1779534079343,1779534079337,1779534079367,1779534079368,1779534079373,1779534079384
2026-05-23T11:01:19.4578510Z,1779534079457,736,899,1779534079384,1779534079384,1779534079378,1779534079402,1779534079444,1779534079445,1779534079454
2026-05-23T11:01:19.5551500Z,1779534079555,737,902,1779534079489,1779534079489,1779534079484,1779534079502,1779534079503,1779534079505,1779534079522
2026-05-23T11:01:19.5882010Z,1779534079588,738,903,1779534079522,1779534079522,1779534079516,1779534079537,1779534079537,1779534079541,1779534079555
2026-05-23T11:01:19.6532660Z,1779534079653,739,904,1779534079555,1779534079555,1779534079549,1779534079580,1779534079580,1779534079582,1779534079620
2026-05-23T11:01:19.6858090Z,1779534079685,740,906,1779534079620,1779534079620,1779534079614,1779534079639,1779534079639,1779534079644,1779534079653
2026-05-23T11:01:19.7187700Z,1779534079718,741,907,1779534079653,1779534079653,1779534079647,1779534079675,1779534079675,1779534079675,1779534079686
2026-05-23T11:01:19.7841870Z,1779534079784,742,909,1779534079718,1779534079718,1779534079713,1779534079719,1779534079720,1779534079723,1779534079751
2026-05-23T11:01:19.8501300Z,1779534079850,743,911,1779534079784,1779534079784,1779534079779,1779534079781,1779534079781,1779534079781,1779534079817
2026-05-23T11:01:19.8917830Z,1779534079891,744,912,1779534079817,1779534079817,1779534079811,1779534079818,1779534079819,1779534079823,1779534079850
2026-05-23T11:01:19.9227410Z,1779534079922,745,913,1779534079850,1779534079850,1779534079844,1779534079859,1779534079859,1779534079860,1779534079892
2026-05-23T11:01:19.9948860Z,1779534079994,747,915,1779534079922,1779534079922,1779534079917,1779534079919,1779534079954,1779534079955,1779534079963
2026-05-23T11:01:20.0973310Z,1779534080097,748,917,1779534079994,1779534079994,1779534079989,1779534079995,1779534079995,1779534079997,1779534080027
2026-05-23T11:01:20.1006470Z,1779534080100,750,918,1779534080027,1779534080027,1779534080022,1779534080054,1779534080088,1779534080090,1779534080097
2026-05-23T11:01:20.2009700Z,1779534080200,751,921,1779534080134,1779534080134,1779534080128,1779534080130,1779534080131,1779534080132,1779534080168
2026-05-23T11:01:20.2335930Z,1779534080233,752,922,1779534080167,1779534080167,1779534080162,1779534080190,1779534080190,1779534080192,1779534080201
2026-05-23T11:01:20.2995740Z,1779534080299,753,923,1779534080201,1779534080201,1779534080195,1779534080227,1779534080227,1779534080231,1779534080267
2026-05-23T11:01:20.3321920Z,1779534080332,754,925,1779534080266,1779534080266,1779534080261,1779534080268,1779534080268,1779534080272,1779534080299
2026-05-23T11:01:20.4058600Z,1779534080405,755,927,1779534080332,1779534080332,1779534080326,1779534080327,1779534080327,1779534080329,1779534080365
2026-05-23T11:01:20.4763550Z,1779534080476,756,928,1779534080365,1779534080365,1779534080359,1779534080363,1779534080363,1779534080365,1779534080406
2026-05-23T11:01:20.4799280Z,1779534080479,758,929,1779534080405,1779534080405,1779534080400,1779534080404,1779534080464,1779534080464,1779534080476
2026-05-23T11:01:20.5443710Z,1779534080544,759,931,1779534080479,1779534080480,1779534080473,1779534080498,1779534080498,1779534080498,1779534080512
2026-05-23T11:01:20.6099350Z,1779534080609,760,933,1779534080544,1779534080544,1779534080538,1779534080541,1779534080541,1779534080541,1779534080577
2026-05-23T11:01:20.6753060Z,1779534080675,761,934,1779534080577,1779534080577,1779534080571,1779534080600,1779534080601,1779534080605,1779534080642
2026-05-23T11:01:20.7082490Z,1779534080708,762,936,1779534080642,1779534080642,1779534080637,1779534080638,1779534080638,1779534080643,1779534080675
2026-05-23T11:01:20.7410860Z,1779534080741,763,937,1779534080675,1779534080675,1779534080669,1779534080683,1779534080683,1779534080685,1779534080708
2026-05-23T11:01:20.8066550Z,1779534080806,764,939,1779534080741,1779534080741,1779534080735,1779534080747,1779534080747,1779534080749,1779534080773
2026-05-23T11:01:20.8389670Z,1779534080838,765,940,1779534080773,1779534080773,1779534080768,1779534080783,1779534080783,1779534080785,1779534080806
2026-05-23T11:01:20.8721280Z,1779534080872,766,941,1779534080806,1779534080806,1779534080800,1779534080824,1779534080824,1779534080827,1779534080839
2026-05-23T11:01:20.9445840Z,1779534080944,767,943,1779534080872,1779534080872,1779534080866,1779534080883,1779534080884,1779534080885,1779534080913
2026-05-23T11:01:20.9850150Z,1779534080985,768,944,1779534080913,1779534080913,1779534080907,1779534080918,1779534080918,1779534080922,1779534080945
2026-05-23T11:01:21.0167780Z,1779534081016,769,945,1779534080944,1779534080944,1779534080938,1779534080959,1779534080959,1779534080963,1779534080985
2026-05-23T11:01:21.0818090Z,1779534081081,770,947,1779534081016,1779534081016,1779534081010,1779534081019,1779534081019,1779534081021,1779534081049
2026-05-23T11:01:21.1148030Z,1779534081114,771,948,1779534081048,1779534081049,1779534081043,1779534081055,1779534081055,1779534081057,1779534081082
2026-05-23T11:01:21.1874760Z,1779534081187,772,949,1779534081081,1779534081081,1779534081076,1779534081095,1779534081095,1779534081099,1779534081115
2026-05-23T11:01:21.1906220Z,1779534081190,773,950,1779534081114,1779534081114,1779534081109,1779534081155,1779534081155,1779534081157,1779534081187
2026-05-23T11:01:21.2574710Z,1779534081257,774,952,1779534081190,1779534081190,1779534081184,1779534081190,1779534081190,1779534081194,1779534081224
2026-05-23T11:01:21.2907140Z,1779534081290,775,953,1779534081224,1779534081224,1779534081218,1779534081231,1779534081231,1779534081235,1779534081257
2026-05-23T11:01:21.3562360Z,1779534081356,776,955,1779534081290,1779534081290,1779534081285,1779534081291,1779534081291,1779534081293,1779534081323
2026-05-23T11:01:21.3890680Z,1779534081389,777,956,1779534081322,1779534081322,1779534081317,1779534081327,1779534081327,1779534081329,1779534081356
2026-05-23T11:01:21.4307530Z,1779534081430,778,957,1779534081356,1779534081356,1779534081350,1779534081368,1779534081368,1779534081371,1779534081389
2026-05-23T11:01:21.5019220Z,1779534081501,779,959,1779534081430,1779534081430,1779534081425,1779534081427,1779534081427,1779534081429,1779534081461
2026-05-23T11:01:21.5333720Z,1779534081533,780,960,1779534081461,1779534081461,1779534081456,1779534081461,1779534081461,1779534081465,1779534081502
2026-05-23T11:01:21.5658150Z,1779534081565,781,961,1779534081501,1779534081502,1779534081496,1779534081503,1779534081503,1779534081507,1779534081533
2026-05-23T11:01:21.6311830Z,1779534081631,782,963,1779534081565,1779534081565,1779534081560,1779534081562,1779534081562,1779534081565,1779534081598
2026-05-23T11:01:21.6641850Z,1779534081664,783,964,1779534081598,1779534081598,1779534081592,1779534081597,1779534081597,1779534081602,1779534081631
2026-05-23T11:01:21.6969030Z,1779534081696,784,965,1779534081631,1779534081631,1779534081625,1779534081638,1779534081638,1779534081638,1779534081664
2026-05-23T11:01:21.7617610Z,1779534081761,785,967,1779534081696,1779534081696,1779534081691,1779534081697,1779534081697,1779534081698,1779534081729
2026-05-23T11:01:21.7948890Z,1779534081794,786,968,1779534081729,1779534081729,1779534081724,1779534081732,1779534081732,1779534081734,1779534081762
2026-05-23T11:01:21.8274840Z,1779534081827,787,969,1779534081761,1779534081761,1779534081756,1779534081776,1779534081776,1779534081780,1779534081795
2026-05-23T11:01:21.8928520Z,1779534081892,788,971,1779534081827,1779534081827,1779534081821,1779534081836,1779534081836,1779534081840,1779534081860
2026-05-23T11:01:21.9677550Z,1779534081967,789,972,1779534081859,1779534081859,1779534081854,1779534081871,1779534081871,1779534081872,1779534081893
2026-05-23T11:01:21.9743340Z,1779534081974,790,973,1779534081892,1779534081892,1779534081887,1779534081913,1779534081913,1779534081918,1779534081968
2026-05-23T11:01:22.0473870Z,1779534082047,791,975,1779534081974,1779534081974,1779534081968,1779534081973,1779534081973,1779534081976,1779534082007
2026-05-23T11:01:22.0781820Z,1779534082078,792,976,1779534082007,1779534082007,1779534082001,1779534082007,1779534082007,1779534082008,1779534082047
2026-05-23T11:01:22.1112090Z,1779534082111,793,977,1779534082047,1779534082047,1779534082041,1779534082048,1779534082048,1779534082049,1779534082078
2026-05-23T11:01:22.1765500Z,1779534082176,794,979,1779534082111,1779534082111,1779534082105,1779534082107,1779534082108,1779534082111,1779534082143
2026-05-23T11:01:22.2450310Z,1779534082245,795,980,1779534082143,1779534082143,1779534082138,1779534082144,1779534082144,1779534082149,1779534082176
2026-05-23T11:01:22.2483540Z,1779534082248,796,981,1779534082176,1779534082176,1779534082171,1779534082186,1779534082186,1779534082186,1779534082245
2026-05-23T11:01:22.3147570Z,1779534082314,797,983,1779534082248,1779534082248,1779534082242,1779534082245,1779534082245,1779534082249,1779534082281
2026-05-23T11:01:22.3480970Z,1779534082348,798,984,1779534082281,1779534082281,1779534082276,1779534082281,1779534082281,1779534082281,1779534082315
2026-05-23T11:01:22.3810810Z,1779534082381,799,985,1779534082314,1779534082314,1779534082309,1779534082325,1779534082325,1779534082328,1779534082348
2026-05-23T11:01:22.4566630Z,1779534082456,801,987,1779534082381,1779534082381,1779534082376,1779534082384,1779534082419,1779534082421,1779534082453
2026-05-23T11:01:22.5293010Z,1779534082529,802,989,1779534082456,1779534082456,1779534082450,1779534082460,1779534082460,1779534082464,1779534082488
2026-05-23T11:01:22.5599290Z,1779534082559,803,990,1779534082488,1779534082488,1779534082483,1779534082520,1779534082520,1779534082521,1779534082529
2026-05-23T11:01:22.6257320Z,1779534082625,804,992,1779534082559,1779534082560,1779534082554,1779534082555,1779534082555,1779534082558,1779534082593
2026-05-23T11:01:22.6586880Z,1779534082658,805,993,1779534082592,1779534082592,1779534082587,1779534082596,1779534082596,1779534082599,1779534082625
2026-05-23T11:01:22.7239810Z,1779534082723,806,995,1779534082658,1779534082658,1779534082653,1779534082656,1779534082656,1779534082657,1779534082691
2026-05-23T11:01:22.7564960Z,1779534082756,807,996,1779534082691,1779534082691,1779534082685,1779534082691,1779534082691,1779534082693,1779534082724
2026-05-23T11:01:22.7889620Z,1779534082788,808,997,1779534082724,1779534082724,1779534082718,1779534082731,1779534082731,1779534082734,1779534082756
2026-05-23T11:01:22.8541560Z,1779534082854,809,999,1779534082789,1779534082789,1779534082783,1779534082790,1779534082791,1779534082793,1779534082821
2026-05-23T11:01:22.8872820Z,1779534082887,810,1000,1779534082821,1779534082821,1779534082815,1779534082825,1779534082825,1779534082830,1779534082854
2026-05-23T11:01:22.9202210Z,1779534082920,811,1001,1779534082854,1779534082854,1779534082848,1779534082866,1779534082866,1779534082866,1779534082887
2026-05-23T11:01:22.9934950Z,1779534082993,812,1003,1779534082920,1779534082920,1779534082914,1779534082925,1779534082925,1779534082929,1779534082961
2026-05-23T11:01:23.0346280Z,1779534083034,813,1004,1779534082961,1779534082961,1779534082956,1779534082959,1779534082959,1779534082960,1779534082993
2026-05-23T11:01:23.0654350Z,1779534083065,814,1005,1779534082993,1779534082993,1779534082987,1779534083000,1779534083000,1779534083001,1779534083034
2026-05-23T11:01:23.1341110Z,1779534083134,815,1006,1779534083034,1779534083034,1779534083029,1779534083059,1779534083059,1779534083063,1779534083098
2026-05-23T11:01:23.1666720Z,1779534083166,816,1008,1779534083098,1779534083098,1779534083092,1779534083099,1779534083099,1779534083101,1779534083134
2026-05-23T11:01:23.1987970Z,1779534083198,817,1009,1779534083134,1779534083134,1779534083128,1779534083140,1779534083141,1779534083142,1779534083166
2026-05-23T11:01:23.2638520Z,1779534083263,818,1011,1779534083198,1779534083198,1779534083193,1779534083201,1779534083201,1779534083201,1779534083231
2026-05-23T11:01:23.3324160Z,1779534083332,819,1012,1779534083231,1779534083231,1779534083225,1779534083235,1779534083235,1779534083238,1779534083264
2026-05-23T11:01:23.3358390Z,1779534083335,820,1013,1779534083263,1779534083263,1779534083258,1779534083276,1779534083277,1779534083280,1779534083332
2026-05-23T11:01:23.4021480Z,1779534083402,821,1015,1779534083335,1779534083335,1779534083330,1779534083336,1779534083336,1779534083339,1779534083369
2026-05-23T11:01:23.4750940Z,1779534083475,822,1016,1779534083368,1779534083369,1779534083363,1779534083371,1779534083371,1779534083375,1779534083402
2026-05-23T11:01:23.4790680Z,1779534083479,823,1017,1779534083402,1779534083402,1779534083396,1779534083414,1779534083414,1779534083416,1779534083475
2026-05-23T11:01:23.5509950Z,1779534083550,824,1019,1779534083479,1779534083479,1779534083473,1779534083473,1779534083473,1779534083473,1779534083510
2026-05-23T11:01:23.5821730Z,1779534083582,825,1020,1779534083510,1779534083510,1779534083505,1779534083507,1779534083507,1779534083509,1779534083551
2026-05-23T11:01:23.6147890Z,1779534083614,826,1021,1779534083551,1779534083551,1779534083545,1779534083549,1779534083550,1779534083550,1779534083582
2026-05-23T11:01:23.6803510Z,1779534083680,827,1022,1779534083582,1779534083582,1779534083576,1779534083608,1779534083608,1779534083613,1779534083647
2026-05-23T11:01:23.7127000Z,1779534083712,828,1024,1779534083647,1779534083647,1779534083642,1779534083643,1779534083643,1779534083645,1779534083680
2026-05-23T11:01:23.7454940Z,1779534083745,829,1025,1779534083680,1779534083680,1779534083674,1779534083684,1779534083684,1779534083687,1779534083712
2026-05-23T11:01:23.8106510Z,1779534083810,830,1027,1779534083745,1779534083745,1779534083739,1779534083743,1779534083743,1779534083748,1779534083778
2026-05-23T11:01:23.8433870Z,1779534083843,831,1028,1779534083778,1779534083778,1779534083772,1779534083778,1779534083778,1779534083779,1779534083810
2026-05-23T11:01:23.8764340Z,1779534083876,832,1029,1779534083810,1779534083810,1779534083804,1779534083820,1779534083820,1779534083821,1779534083843
2026-05-23T11:01:23.9420210Z,1779534083942,833,1031,1779534083876,1779534083876,1779534083870,1779534083880,1779534083880,1779534083883,1779534083909
2026-05-23T11:01:23.9755670Z,1779534083975,834,1032,1779534083908,1779534083909,1779534083903,1779534083914,1779534083914,1779534083915,1779534083942
2026-05-23T11:01:24.0164990Z,1779534084016,835,1033,1779534083942,1779534083942,1779534083936,1779534083955,1779534083955,1779534083956,1779534083975
2026-05-23T11:01:24.0901150Z,1779534084090,837,1035,1779534084016,1779534084016,1779534084010,1779534084015,1779534084049,1779534084052,1779534084086
2026-05-23T11:01:24.1549710Z,1779534084154,838,1037,1779534084090,1779534084090,1779534084084,1779534084091,1779534084091,1779534084095,1779534084122
2026-05-23T11:01:24.2207870Z,1779534084220,840,1039,1779534084155,1779534084155,1779534084149,1779534084150,1779534084185,1779534084186,1779534084194
2026-05-23T11:01:24.2864280Z,1779534084286,841,1041,1779534084220,1779534084220,1779534084215,1779534084225,1779534084225,1779534084228,1779534084253
2026-05-23T11:01:24.3517240Z,1779534084351,842,1043,1779534084286,1779534084286,1779534084280,1779534084284,1779534084284,1779534084286,1779534084318
2026-05-23T11:01:24.4210220Z,1779534084421,843,1044,1779534084318,1779534084318,1779534084313,1779534084319,1779534084319,1779534084323,1779534084351
2026-05-23T11:01:24.4243240Z,1779534084424,844,1045,1779534084351,1779534084351,1779534084346,1779534084360,1779534084360,1779534084360,1779534084421
2026-05-23T11:01:24.5000020Z,1779534084500,845,1046,1779534084421,1779534084421,1779534084415,1779534084418,1779534084418,1779534084422,1779534084458
2026-05-23T11:01:24.5711580Z,1779534084571,846,1047,1779534084424,1779534084424,1779534084418,1779534084452,1779534084452,1779534084454,1779534084500
2026-05-23T11:01:24.5750610Z,1779534084575,848,1049,1779534084500,1779534084500,1779534084494,1779534084551,1779534084552,1779534084556,1779534084571
2026-05-23T11:01:24.6504650Z,1779534084650,849,1051,1779534084575,1779534084575,1779534084569,1779534084588,1779534084589,1779534084589,1779534084612
2026-05-23T11:01:24.6864120Z,1779534084686,850,1052,1779534084612,1779534084612,1779534084606,1779534084629,1779534084629,1779534084632,1779534084650
2026-05-23T11:01:24.7600130Z,1779534084760,851,1054,1779534084686,1779534084686,1779534084682,1779534084688,1779534084688,1779534084688,1779534084723
2026-05-23T11:01:24.7957870Z,1779534084795,852,1055,1779534084722,1779534084722,1779534084717,1779534084722,1779534084722,1779534084725,1779534084760
2026-05-23T11:01:24.8318960Z,1779534084831,853,1056,1779534084760,1779534084760,1779534084754,1779534084763,1779534084763,1779534084767,1779534084796
2026-05-23T11:01:24.8643140Z,1779534084864,854,1057,1779534084795,1779534084795,1779534084790,1779534084823,1779534084823,1779534084824,1779534084832
2026-05-23T11:01:24.9297600Z,1779534084929,855,1058,1779534084831,1779534084831,1779534084826,1779534084858,1779534084858,1779534084861,1779534084897
2026-05-23T11:01:24.9630880Z,1779534084963,856,1060,1779534084897,1779534084897,1779534084891,1779534084899,1779534084899,1779534084903,1779534084929
2026-05-23T11:01:25.0391750Z,1779534085039,858,1062,1779534084963,1779534084963,1779534084957,1779534084958,1779534084993,1779534084996,1779534085035
2026-05-23T11:01:25.1135160Z,1779534085113,859,1064,1779534085039,1779534085039,1779534085033,1779534085034,1779534085034,1779534085038,1779534085072
2026-05-23T11:01:25.1482400Z,1779534085148,860,1065,1779534085072,1779534085072,1779534085066,1779534085094,1779534085094,1779534085096,1779534085113
2026-05-23T11:01:25.1807120Z,1779534085180,861,1066,1779534085113,1779534085113,1779534085107,1779534085130,1779534085130,1779534085132,1779534085148
2026-05-23T11:01:25.2463370Z,1779534085246,862,1067,1779534085148,1779534085148,1779534085142,1779534085171,1779534085171,1779534085174,1779534085214
2026-05-23T11:01:25.3147530Z,1779534085314,863,1069,1779534085213,1779534085213,1779534085207,1779534085231,1779534085231,1779534085232,1779534085246
2026-05-23T11:01:25.3185050Z,1779534085318,864,1070,1779534085246,1779534085246,1779534085240,1779534085266,1779534085266,1779534085269,1779534085314
2026-05-23T11:01:25.3518690Z,1779534085351,865,1070,1779534085246,1779534085246,1779534085240,1779534085266,1779534085308,1779534085311,1779534085318
2026-05-23T11:01:25.4188480Z,1779534085418,866,1073,1779534085351,1779534085351,1779534085346,1779534085369,1779534085369,1779534085369,1779534085385
2026-05-23T11:01:25.4514370Z,1779534085451,867,1074,1779534085385,1779534085385,1779534085379,1779534085406,1779534085407,1779534085412,1779534085419
2026-05-23T11:01:25.5181170Z,1779534085518,868,1076,1779534085451,1779534085451,1779534085445,1779534085448,1779534085448,1779534085448,1779534085484
2026-05-23T11:01:25.5590260Z,1779534085559,869,1077,1779534085484,1779534085484,1779534085478,1779534085508,1779534085508,1779534085511,1779534085518
2026-05-23T11:01:25.5901400Z,1779534085590,870,1078,1779534085518,1779534085518,1779534085512,1779534085543,1779534085543,1779534085546,1779534085559
2026-05-23T11:01:25.6619080Z,1779534085661,871,1080,1779534085590,1779534085590,1779534085584,1779534085584,1779534085584,1779534085588,1779534085630
2026-05-23T11:01:25.6945320Z,1779534085694,872,1081,1779534085630,1779534085630,1779534085625,1779534085645,1779534085645,1779534085645,1779534085662
2026-05-23T11:01:25.7272240Z,1779534085727,873,1082,1779534085661,1779534085661,1779534085656,1779534085680,1779534085680,1779534085683,1779534085694
2026-05-23T11:01:25.7923350Z,1779534085792,874,1083,1779534085694,1779534085694,1779534085688,1779534085720,1779534085721,1779534085725,1779534085759
2026-05-23T11:01:25.8249250Z,1779534085824,875,1085,1779534085759,1779534085759,1779534085754,1779534085780,1779534085780,1779534085781,1779534085792
2026-05-23T11:01:25.8900960Z,1779534085890,876,1086,1779534085792,1779534085792,1779534085786,1779534085814,1779534085815,1779534085818,1779534085857
2026-05-23T11:01:25.9232330Z,1779534085923,877,1088,1779534085857,1779534085857,1779534085852,1779534085857,1779534085857,1779534085862,1779534085890
2026-05-23T11:01:25.9896880Z,1779534085989,878,1090,1779534085923,1779534085923,1779534085917,1779534085917,1779534085918,1779534085921,1779534085955
2026-05-23T11:01:26.0298270Z,1779534086029,879,1091,1779534085955,1779534085955,1779534085949,1779534085952,1779534085952,1779534085954,1779534085989
2026-05-23T11:01:26.0610090Z,1779534086061,880,1092,1779534085989,1779534085989,1779534085983,1779534085994,1779534085994,1779534085996,1779534086030
2026-05-23T11:01:26.0943890Z,1779534086094,881,1093,1779534086029,1779534086029,1779534086024,1779534086053,1779534086053,1779534086053,1779534086061
2026-05-23T11:01:26.1662250Z,1779534086166,882,1095,1779534086094,1779534086094,1779534086088,1779534086089,1779534086089,1779534086090,1779534086135
2026-05-23T11:01:26.1986570Z,1779534086198,883,1096,1779534086134,1779534086135,1779534086129,1779534086129,1779534086129,1779534086132,1779534086166
2026-05-23T11:01:26.2313150Z,1779534086231,884,1097,1779534086166,1779534086166,1779534086160,1779534086188,1779534086188,1779534086189,1779534086198
2026-05-23T11:01:26.2971620Z,1779534086297,885,1098,1779534086198,1779534086198,1779534086192,1779534086223,1779534086223,1779534086226,1779534086264
2026-05-23T11:01:26.3294960Z,1779534086329,886,1100,1779534086264,1779534086264,1779534086258,1779534086263,1779534086264,1779534086268,1779534086297
2026-05-23T11:01:26.3951990Z,1779534086395,887,1102,1779534086329,1779534086329,1779534086323,1779534086324,1779534086324,1779534086330,1779534086362
2026-05-23T11:01:26.4276170Z,1779534086427,888,1103,1779534086362,1779534086362,1779534086356,1779534086361,1779534086361,1779534086361,1779534086395
2026-05-23T11:01:26.4599620Z,1779534086459,889,1104,1779534086395,1779534086395,1779534086389,1779534086405,1779534086405,1779534086409,1779534086427
2026-05-23T11:01:26.5649530Z,1779534086564,890,1106,1779534086460,1779534086460,1779534086454,1779534086462,1779534086463,1779534086463,1779534086493
2026-05-23T11:01:26.6103180Z,1779534086610,892,1107,1779534086493,1779534086493,1779534086487,1779534086497,1779534086538,1779534086542,1779534086565
2026-05-23T11:01:26.6142920Z,1779534086614,893,1108,1779534086565,1779534086565,1779534086559,1779534086596,1779534086596,1779534086601,1779534086610
2026-05-23T11:01:26.6809400Z,1779534086680,894,1110,1779534086614,1779534086614,1779534086608,1779534086631,1779534086631,1779534086633,1779534086648
2026-05-23T11:01:26.7465210Z,1779534086746,895,1111,1779534086647,1779534086647,1779534086642,1779534086672,1779534086672,1779534086675,1779534086714
2026-05-23T11:01:26.7793740Z,1779534086779,896,1113,1779534086713,1779534086713,1779534086708,1779534086731,1779534086731,1779534086732,1779534086746
2026-05-23T11:01:26.8115370Z,1779534086811,897,1114,1779534086746,1779534086746,1779534086740,1779534086765,1779534086765,1779534086768,1779534086779
2026-05-23T11:01:26.8772450Z,1779534086877,898,1116,1779534086811,1779534086811,1779534086806,1779534086806,1779534086806,1779534086810,1779534086844
2026-05-23T11:01:26.9100300Z,1779534086910,899,1117,1779534086843,1779534086844,1779534086838,1779534086865,1779534086865,1779534086867,1779534086877
2026-05-23T11:01:26.9744330Z,1779534086974,900,1118,1779534086877,1779534086877,1779534086871,1779534086903,1779534086903,1779534086908,1779534086942
2026-05-23T11:01:27.0075040Z,1779534087007,901,1120,1779534086941,1779534086941,1779534086936,1779534086943,1779534086943,1779534086944,1779534086974
2026-05-23T11:01:27.0832690Z,1779534087083,903,1122,1779534087007,1779534087007,1779534087002,1779534087002,1779534087037,1779534087038,1779534087079
2026-05-23T11:01:27.1593690Z,1779534087159,904,1124,1779534087083,1779534087083,1779534087077,1779534087080,1779534087080,1779534087080,1779534087116
2026-05-23T11:01:27.1897700Z,1779534087189,905,1125,1779534087115,1779534087115,1779534087110,1779534087139,1779534087139,1779534087144,1779534087159
2026-05-23T11:01:27.2224700Z,1779534087222,906,1126,1779534087159,1779534087159,1779534087153,1779534087174,1779534087175,1779534087175,1779534087190
2026-05-23T11:01:27.2878790Z,1779534087287,907,1127,1779534087190,1779534087190,1779534087184,1779534087216,1779534087216,1779534087217,1779534087255
2026-05-23T11:01:27.3201290Z,1779534087320,908,1129,1779534087254,1779534087254,1779534087249,1779534087275,1779534087275,1779534087278,1779534087288
2026-05-23T11:01:27.3853420Z,1779534087385,909,1130,1779534087287,1779534087287,1779534087282,1779534087310,1779534087310,1779534087315,1779534087352
2026-05-23T11:01:27.4183250Z,1779534087418,910,1132,1779534087352,1779534087352,1779534087346,1779534087352,1779534087352,1779534087356,1779534087386
2026-05-23T11:01:27.5192970Z,1779534087519,911,1133,1779534087385,1779534087385,1779534087379,1779534087412,1779534087412,1779534087414,1779534087451
2026-05-23T11:01:27.5228560Z,1779534087522,913,1135,1779534087451,1779534087451,1779534087445,1779534087447,1779534087489,1779534087491,1779534087519
2026-05-23T11:01:27.5966840Z,1779534087596,914,1137,1779534087522,1779534087522,1779534087517,1779534087548,1779534087548,1779534087549,1779534087556
2026-05-23T11:01:27.6681460Z,1779534087668,915,1138,1779534087556,1779534087556,1779534087550,1779534087584,1779534087584,1779534087585,1779534087596
2026-05-23T11:01:27.6715010Z,1779534087671,916,1139,1779534087596,1779534087596,1779534087590,1779534087624,1779534087624,1779534087626,1779534087668
2026-05-23T11:01:27.7374450Z,1779534087737,917,1141,1779534087671,1779534087671,1779534087665,1779534087684,1779534087684,1779534087685,1779534087703
2026-05-23T11:01:27.7695710Z,1779534087769,918,1142,1779534087703,1779534087703,1779534087697,1779534087718,1779534087719,1779534087722,1779534087737
2026-05-23T11:01:27.8347530Z,1779534087834,919,1143,1779534087737,1779534087737,1779534087731,1779534087759,1779534087759,1779534087763,1779534087802
2026-05-23T11:01:27.8678630Z,1779534087867,920,1145,1779534087802,1779534087802,1779534087796,1779534087818,1779534087818,1779534087821,1779534087834
2026-05-23T11:01:27.9002020Z,1779534087900,921,1146,1779534087834,1779534087834,1779534087829,1779534087853,1779534087853,1779534087858,1779534087868
2026-05-23T11:01:27.9654020Z,1779534087965,922,1148,1779534087900,1779534087900,1779534087894,1779534087897,1779534087897,1779534087899,1779534087932
2026-05-23T11:01:28.0311110Z,1779534088031,923,1149,1779534087932,1779534087932,1779534087927,1779534087957,1779534087957,1779534087961,1779534087998
2026-05-23T11:01:28.0645630Z,1779534088064,924,1151,1779534087998,1779534087998,1779534087994,1779534087995,1779534087995,1779534087999,1779534088031
2026-05-23T11:01:28.1049580Z,1779534088104,925,1152,1779534088031,1779534088031,1779534088025,1779534088037,1779534088037,1779534088042,1779534088064
2026-05-23T11:01:28.1769070Z,1779534088176,926,1153,1779534088064,1779534088064,1779534088058,1779534088095,1779534088095,1779534088098,1779534088136
2026-05-23T11:01:28.2078560Z,1779534088207,927,1155,1779534088136,1779534088136,1779534088130,1779534088134,1779534088135,1779534088135,1779534088177
2026-05-23T11:01:28.2408510Z,1779534088240,928,1156,1779534088176,1779534088176,1779534088171,1779534088175,1779534088175,1779534088178,1779534088208
2026-05-23T11:01:28.3059410Z,1779534088305,929,1157,1779534088207,1779534088207,1779534088202,1779534088234,1779534088234,1779534088236,1779534088273
2026-05-23T11:01:28.3389540Z,1779534088338,930,1159,1779534088273,1779534088273,1779534088268,1779534088269,1779534088269,1779534088272,1779534088306
2026-05-23T11:01:28.3714780Z,1779534088371,931,1160,1779534088305,1779534088306,1779534088300,1779534088310,1779534088311,1779534088313,1779534088339
2026-05-23T11:01:28.4370450Z,1779534088437,932,1162,1779534088371,1779534088371,1779534088365,1779534088371,1779534088371,1779534088375,1779534088404
2026-05-23T11:01:28.4696150Z,1779534088469,933,1163,1779534088404,1779534088404,1779534088398,1779534088405,1779534088406,1779534088406,1779534088437
2026-05-23T11:01:28.5024370Z,1779534088502,934,1164,1779534088437,1779534088437,1779534088431,1779534088448,1779534088448,1779534088448,1779534088470
2026-05-23T11:01:28.6138520Z,1779534088613,935,1166,1779534088502,1779534088502,1779534088497,1779534088508,1779534088508,1779534088511,1779534088535
2026-05-23T11:01:28.6178870Z,1779534088617,937,1167,1779534088535,1779534088535,1779534088529,1779534088543,1779534088584,1779534088589,1779534088614
2026-05-23T11:01:28.6928830Z,1779534088692,938,1169,1779534088617,1779534088617,1779534088612,1779534088643,1779534088643,1779534088643,1779534088651
2026-05-23T11:01:28.7243350Z,1779534088724,939,1170,1779534088651,1779534088651,1779534088645,1779534088679,1779534088679,1779534088680,1779534088693
2026-05-23T11:01:28.7902720Z,1779534088790,940,1172,1779534088724,1779534088724,1779534088718,1779534088719,1779534088719,1779534088722,1779534088757
2026-05-23T11:01:28.8225060Z,1779534088822,941,1173,1779534088757,1779534088757,1779534088751,1779534088779,1779534088779,1779534088781,1779534088790
2026-05-23T11:01:28.8882720Z,1779534088888,942,1174,1779534088790,1779534088790,1779534088784,1779534088814,1779534088814,1779534088817,1779534088855
2026-05-23T11:01:28.9211820Z,1779534088921,943,1176,1779534088855,1779534088855,1779534088849,1779534088856,1779534088856,1779534088859,1779534088888
2026-05-23T11:01:28.9867770Z,1779534088986,944,1178,1779534088921,1779534088921,1779534088915,1779534088916,1779534088916,1779534088916,1779534088953
2026-05-23T11:01:29.0189910Z,1779534089018,945,1179,1779534088953,1779534088953,1779534088947,1779534088953,1779534088953,1779534088958,1779534088986
2026-05-23T11:01:29.0520540Z,1779534089052,946,1180,1779534088986,1779534088986,1779534088981,1779534088998,1779534088998,1779534088999,1779534089019
2026-05-23T11:01:29.1295310Z,1779534089129,947,1182,1779534089052,1779534089052,1779534089046,1779534089057,1779534089057,1779534089057,1779534089086
2026-05-23T11:01:29.1613050Z,1779534089161,948,1183,1779534089085,1779534089085,1779534089080,1779534089091,1779534089091,1779534089094,1779534089129
2026-05-23T11:01:29.2018140Z,1779534089201,949,1184,1779534089129,1779534089129,1779534089123,1779534089132,1779534089132,1779534089136,1779534089161
2026-05-23T11:01:29.2657150Z,1779534089265,950,1185,1779534089161,1779534089161,1779534089155,1779534089191,1779534089191,1779534089196,1779534089233
2026-05-23T11:01:29.2986440Z,1779534089298,951,1186,1779534089201,1779534089201,1779534089196,1779534089226,1779534089226,1779534089227,1779534089265
2026-05-23T11:01:29.3309380Z,1779534089330,952,1188,1779534089265,1779534089265,1779534089260,1779534089266,1779534089267,1779534089270,1779534089298
2026-05-23T11:01:29.3965080Z,1779534089396,953,1190,1779534089330,1779534089331,1779534089325,1779534089326,1779534089326,1779534089328,1779534089363
2026-05-23T11:01:29.4289080Z,1779534089428,954,1191,1779534089363,1779534089363,1779534089358,1779534089360,1779534089361,1779534089364,1779534089396
2026-05-23T11:01:29.4616500Z,1779534089461,955,1192,1779534089396,1779534089396,1779534089390,1779534089401,1779534089401,1779534089406,1779534089429
2026-05-23T11:01:29.5270470Z,1779534089527,956,1194,1779534089461,1779534089461,1779534089455,1779534089461,1779534089461,1779534089463,1779534089494
2026-05-23T11:01:29.5598070Z,1779534089559,957,1195,1779534089494,1779534089494,1779534089488,1779534089497,1779534089497,1779534089499,1779534089527
2026-05-23T11:01:29.5931990Z,1779534089593,958,1196,1779534089527,1779534089527,1779534089521,1779534089538,1779534089539,1779534089540,1779534089560
2026-05-23T11:01:29.7092310Z,1779534089709,959,1198,1779534089593,1779534089593,1779534089587,1779534089598,1779534089598,1779534089601,1779534089634
2026-05-23T11:01:29.7131870Z,1779534089713,961,1199,1779534089634,1779534089634,1779534089628,1779534089635,1779534089675,1779534089679,1779534089709
2026-05-23T11:01:29.8130710Z,1779534089813,962,1201,1779534089713,1779534089713,1779534089707,1779534089739,1779534089739,1779534089743,1779534089779
2026-05-23T11:01:29.8457070Z,1779534089845,963,1203,1779534089779,1779534089779,1779534089774,1779534089775,1779534089775,1779534089779,1779534089813
2026-05-23T11:01:29.8786890Z,1779534089878,964,1204,1779534089813,1779534089813,1779534089807,1779534089816,1779534089816,1779534089820,1779534089845
2026-05-23T11:01:29.9436460Z,1779534089943,965,1206,1779534089878,1779534089878,1779534089872,1779534089875,1779534089875,1779534089877,1779534089911
2026-05-23T11:01:29.9764740Z,1779534089976,966,1207,1779534089910,1779534089910,1779534089905,1779534089911,1779534089911,1779534089913,1779534089943
2026-05-23T11:01:30.0091530Z,1779534090009,967,1208,1779534089943,1779534089943,1779534089937,1779534089953,1779534089953,1779534089955,1779534089976
2026-05-23T11:01:30.0748130Z,1779534090074,968,1210,1779534090009,1779534090009,1779534090003,1779534090011,1779534090011,1779534090013,1779534090042
2026-05-23T11:01:30.1162130Z,1779534090116,969,1211,1779534090041,1779534090042,1779534090036,1779534090046,1779534090046,1779534090049,1779534090075
2026-05-23T11:01:30.1472490Z,1779534090147,970,1212,1779534090074,1779534090074,1779534090069,1779534090087,1779534090087,1779534090090,1779534090116
2026-05-23T11:01:30.2124470Z,1779534090212,971,1214,1779534090147,1779534090147,1779534090141,1779534090146,1779534090146,1779534090147,1779534090180
2026-05-23T11:01:30.2453990Z,1779534090245,972,1215,1779534090179,1779534090180,1779534090174,1779534090180,1779534090180,1779534090183,1779534090212
2026-05-23T11:01:30.2781040Z,1779534090278,973,1216,1779534090212,1779534090212,1779534090207,1779534090221,1779534090221,1779534090224,1779534090245
2026-05-23T11:01:30.3431680Z,1779534090343,974,1218,1779534090278,1779534090278,1779534090272,1779534090280,1779534090281,1779534090282,1779534090311
2026-05-23T11:01:30.3762730Z,1779534090376,975,1219,1779534090310,1779534090310,1779534090305,1779534090315,1779534090315,1779534090319,1779534090343
2026-05-23T11:01:30.4086490Z,1779534090408,976,1220,1779534090343,1779534090343,1779534090337,1779534090357,1779534090358,1779534090361,1779534090376
2026-05-23T11:01:30.4740630Z,1779534090474,977,1222,1779534090408,1779534090408,1779534090404,1779534090416,1779534090417,1779534090419,1779534090441
2026-05-23T11:01:30.5069870Z,1779534090506,978,1223,1779534090441,1779534090441,1779534090435,1779534090451,1779534090452,1779534090456,1779534090474
2026-05-23T11:01:30.5389770Z,1779534090538,979,1224,1779534090474,1779534090474,1779534090468,1779534090493,1779534090493,1779534090498,1779534090507
2026-05-23T11:01:30.6054900Z,1779534090605,980,1226,1779534090539,1779534090539,1779534090533,1779534090553,1779534090553,1779534090556,1779534090572
2026-05-23T11:01:30.6459330Z,1779534090645,981,1227,1779534090572,1779534090572,1779534090566,1779534090587,1779534090587,1779534090591,1779534090605
2026-05-23T11:01:30.6774260Z,1779534090677,982,1228,1779534090605,1779534090605,1779534090599,1779534090629,1779534090629,1779534090633,1779534090646
2026-05-23T11:01:30.7854100Z,1779534090785,983,1230,1779534090677,1779534090677,1779534090671,1779534090691,1779534090691,1779534090693,1779534090710
2026-05-23T11:01:30.7887920Z,1779534090788,985,1231,1779534090710,1779534090710,1779534090704,1779534090727,1779534090767,1779534090770,1779534090785
2026-05-23T11:01:30.8889980Z,1779534090888,986,1234,1779534090822,1779534090822,1779534090816,1779534090826,1779534090827,1779534090828,1779534090855
2026-05-23T11:01:30.9213680Z,1779534090921,987,1235,1779534090855,1779534090855,1779534090849,1779534090861,1779534090861,1779534090864,1779534090889
2026-05-23T11:01:30.9539820Z,1779534090953,988,1236,1779534090889,1779534090889,1779534090883,1779534090902,1779534090903,1779534090906,1779534090921
2026-05-23T11:01:31.0190220Z,1779534091019,989,1238,1779534090954,1779534090954,1779534090948,1779534090962,1779534090962,1779534090965,1779534090986
2026-05-23T11:01:31.0514780Z,1779534091051,990,1239,1779534090986,1779534090986,1779534090980,1779534091001,1779534091001,1779534091001,1779534091019
2026-05-23T11:01:31.0845770Z,1779534091084,991,1240,1779534091019,1779534091019,1779534091013,1779534091042,1779534091042,1779534091044,1779534091051
2026-05-23T11:01:31.1614730Z,1779534091161,992,1242,1779534091084,1779534091084,1779534091078,1779534091102,1779534091102,1779534091106,1779534091117
2026-05-23T11:01:31.1927790Z,1779534091192,993,1243,1779534091117,1779534091117,1779534091111,1779534091137,1779534091137,1779534091137,1779534091161
2026-05-23T11:01:31.2325090Z,1779534091232,994,1244,1779534091161,1779534091161,1779534091155,1779534091177,1779534091177,1779534091179,1779534091192
2026-05-23T11:01:31.2968770Z,1779534091296,995,1246,1779534091232,1779534091232,1779534091226,1779534091236,1779534091236,1779534091240,1779534091264
2026-05-23T11:01:31.3290530Z,1779534091329,996,1247,1779534091263,1779534091263,1779534091258,1779534091271,1779534091271,1779534091272,1779534091297
2026-05-23T11:01:31.3618810Z,1779534091361,997,1248,1779534091296,1779534091296,1779534091291,1779534091313,1779534091313,1779534091314,1779534091329
2026-05-23T11:01:31.4269660Z,1779534091426,998,1250,1779534091362,1779534091362,1779534091356,1779534091372,1779534091373,1779534091376,1779534091394
2026-05-23T11:01:31.4594590Z,1779534091459,999,1251,1779534091394,1779534091394,1779534091388,1779534091407,1779534091407,1779534091409,1779534091427
2026-05-23T11:01:31.4990670Z,1779534091499,1000,1252,1779534091427,1779534091427,1779534091421,1779534091448,1779534091448,1779534091450,1779534091459
2026-05-23T11:01:31.5578960Z,1779534091557,1001,1254,1779534091499,1779534091499,1779534091493,1779534091509,1779534091509,1779534091513,1779534091525
2026-05-23T11:01:31.5900600Z,1779534091590,1002,1255,1779534091525,1779534091525,1779534091519,1779534091544,1779534091544,1779534091545,1779534091558
2026-05-23T11:01:31.6560380Z,1779534091656,1003,1257,1779534091590,1779534091590,1779534091584,1779534091586,1779534091586,1779534091587,1779534091622
2026-05-23T11:01:31.6969710Z,1779534091696,1004,1258,1779534091622,1779534091622,1779534091616,1779534091645,1779534091645,1779534091648,1779534091656
2026-05-23T11:01:31.7658490Z,1779534091765,1005,1259,1779534091656,1779534091656,1779534091650,1779534091681,1779534091682,1779534091685,1779534091697
2026-05-23T11:01:31.7702330Z,1779534091770,1006,1260,1779534091697,1779534091697,1779534091691,1779534091721,1779534091721,1779534091722,1779534091766
2026-05-23T11:01:31.8711010Z,1779534091871,1007,1262,1779534091770,1779534091770,1779534091764,1779534091780,1779534091780,1779534091785,1779534091802
2026-05-23T11:01:31.8744470Z,1779534091874,1009,1263,1779534091802,1779534091802,1779534091796,1779534091816,1779534091856,1779534091857,1779534091871
2026-05-23T11:01:31.9750890Z,1779534091975,1010,1266,1779534091908,1779534091908,1779534091902,1779534091915,1779534091915,1779534091916,1779534091942
2026-05-23T11:01:32.0071750Z,1779534092007,1011,1267,1779534091941,1779534091941,1779534091936,1779534091949,1779534091949,1779534091952,1779534091975
2026-05-23T11:01:32.0395870Z,1779534092039,1012,1268,1779534091975,1779534091975,1779534091969,1779534091991,1779534091991,1779534091996,1779534092007
2026-05-23T11:01:32.1051570Z,1779534092105,1013,1270,1779534092039,1779534092039,1779534092033,1779534092051,1779534092051,1779534092054,1779534092072
2026-05-23T11:01:32.1385690Z,1779534092138,1014,1271,1779534092072,1779534092072,1779534092066,1779534092085,1779534092085,1779534092085,1779534092105
2026-05-23T11:01:32.1790520Z,1779534092179,1015,1272,1779534092105,1779534092105,1779534092099,1779534092125,1779534092125,1779534092128,1779534092138
2026-05-23T11:01:32.2522680Z,1779534092252,1017,1274,1779534092179,1779534092179,1779534092173,1779534092184,1779534092219,1779534092221,1779534092249
2026-05-23T11:01:32.3174360Z,1779534092317,1018,1276,1779534092252,1779534092252,1779534092246,1779534092260,1779534092260,1779534092263,1779534092284
2026-05-23T11:01:32.3823180Z,1779534092382,1019,1278,1779534092317,1779534092317,1779534092311,1779534092319,1779534092319,1779534092321,1779534092349
2026-05-23T11:01:32.4151230Z,1779534092415,1020,1279,1779534092349,1779534092349,1779534092343,1779534092353,1779534092353,1779534092358,1779534092382
2026-05-23T11:01:32.4481310Z,1779534092448,1021,1280,1779534092382,1779534092382,1779534092376,1779534092395,1779534092395,1779534092400,1779534092415
2026-05-23T11:01:32.5129960Z,1779534092512,1022,1282,1779534092448,1779534092448,1779534092442,1779534092454,1779534092454,1779534092459,1779534092480
2026-05-23T11:01:32.5457130Z,1779534092545,1023,1283,1779534092480,1779534092480,1779534092474,1779534092490,1779534092490,1779534092490,1779534092513
2026-05-23T11:01:32.5787900Z,1779534092578,1024,1284,1779534092513,1779534092513,1779534092507,1779534092531,1779534092531,1779534092532,1779534092545
2026-05-23T11:01:32.6439580Z,1779534092643,1025,1286,1779534092578,1779534092578,1779534092573,1779534092591,1779534092591,1779534092594,1779534092611
2026-05-23T11:01:32.6775240Z,1779534092677,1026,1287,1779534092611,1779534092611,1779534092605,1779534092626,1779534092626,1779534092630,1779534092644
2026-05-23T11:01:32.7494500Z,1779534092749,1027,1288,1779534092644,1779534092644,1779534092638,1779534092667,1779534092668,1779534092671,1779534092718
2026-05-23T11:01:32.7897150Z,1779534092789,1028,1290,1779534092718,1779534092718,1779534092712,1779534092726,1779534092727,1779534092727,1779534092749
2026-05-23T11:01:32.8210730Z,1779534092821,1029,1291,1779534092749,1779534092749,1779534092743,1779534092761,1779534092761,1779534092764,1779534092790
2026-05-23T11:01:32.8541230Z,1779534092854,1030,1292,1779534092789,1779534092789,1779534092783,1779534092802,1779534092802,1779534092805,1779534092821
2026-05-23T11:01:32.9194470Z,1779534092919,1031,1294,1779534092854,1779534092854,1779534092848,1779534092861,1779534092861,1779534092862,1779534092887
2026-05-23T11:01:32.9889040Z,1779534092988,1032,1295,1779534092887,1779534092887,1779534092881,1779534092898,1779534092898,1779534092899,1779534092919
2026-05-23T11:01:32.9920080Z,1779534092992,1033,1296,1779534092919,1779534092919,1779534092913,1779534092939,1779534092939,1779534092941,1779534092989
2026-05-23T11:01:33.0591980Z,1779534093059,1034,1298,1779534092992,1779534092992,1779534092986,1779534092998,1779534092999,1779534092999,1779534093025
2026-05-23T11:01:33.0925820Z,1779534093092,1035,1299,1779534093025,1779534093025,1779534093020,1779534093035,1779534093035,1779534093035,1779534093059
2026-05-23T11:01:33.1292530Z,1779534093129,1036,1300,1779534093059,1779534093059,1779534093053,1779534093076,1779534093076,1779534093077,1779534093092
2026-05-23T11:01:33.2032940Z,1779534093203,1037,1302,1779534093129,1779534093129,1779534093123,1779534093136,1779534093136,1779534093139,1779534093162
2026-05-23T11:01:33.2342680Z,1779534093234,1038,1303,1779534093162,1779534093162,1779534093156,1779534093170,1779534093170,1779534093171,1779534093203
2026-05-23T11:01:33.2745120Z,1779534093274,1039,1304,1779534093203,1779534093203,1779534093197,1779534093211,1779534093211,1779534093213,1779534093234
2026-05-23T11:01:33.3385970Z,1779534093338,1040,1306,1779534093274,1779534093274,1779534093268,1779534093271,1779534093271,1779534093275,1779534093306
2026-05-23T11:01:33.3712070Z,1779534093371,1041,1307,1779534093306,1779534093306,1779534093300,1779534093306,1779534093306,1779534093306,1779534093338
2026-05-23T11:01:33.4041330Z,1779534093404,1042,1308,1779534093338,1779534093338,1779534093333,1779534093348,1779534093348,1779534093349,1779534093371
2026-05-23T11:01:33.4695400Z,1779534093469,1043,1310,1779534093404,1779534093404,1779534093398,1779534093407,1779534093407,1779534093407,1779534093437
2026-05-23T11:01:33.5022880Z,1779534093502,1044,1311,1779534093437,1779534093437,1779534093431,1779534093442,1779534093442,1779534093444,1779534093469
2026-05-23T11:01:33.5348120Z,1779534093534,1045,1312,1779534093469,1779534093469,1779534093463,1779534093484,1779534093484,1779534093485,1779534093502
2026-05-23T11:01:33.6002290Z,1779534093600,1046,1314,1779534093534,1779534093534,1779534093529,1779534093544,1779534093544,1779534093544,1779534093568
2026-05-23T11:01:33.6329640Z,1779534093632,1047,1315,1779534093567,1779534093567,1779534093562,1779534093578,1779534093578,1779534093580,1779534093600
2026-05-23T11:01:33.6663410Z,1779534093666,1048,1316,1779534093600,1779534093600,1779534093594,1779534093620,1779534093620,1779534093622,1779534093633
2026-05-23T11:01:33.7396810Z,1779534093739,1049,1318,1779534093666,1779534093666,1779534093660,1779534093679,1779534093679,1779534093680,1779534093707
2026-05-23T11:01:33.7794520Z,1779534093779,1050,1319,1779534093707,1779534093707,1779534093702,1779534093714,1779534093714,1779534093716,1779534093739
2026-05-23T11:01:33.8106680Z,1779534093810,1051,1320,1779534093739,1779534093739,1779534093733,1779534093754,1779534093755,1779534093758,1779534093779
2026-05-23T11:01:33.8763210Z,1779534093876,1052,1322,1779534093810,1779534093810,1779534093804,1779534093814,1779534093814,1779534093815,1779534093843
2026-05-23T11:01:33.9091720Z,1779534093909,1053,1323,1779534093843,1779534093843,1779534093837,1779534093848,1779534093848,1779534093851,1779534093876
2026-05-23T11:01:33.9419450Z,1779534093941,1054,1324,1779534093876,1779534093876,1779534093870,1779534093889,1779534093889,1779534093892,1779534093909
2026-05-23T11:01:34.0075300Z,1779534094007,1055,1326,1779534093941,1779534093942,1779534093936,1779534093948,1779534093948,1779534093949,1779534093974
2026-05-23T11:01:34.0755570Z,1779534094075,1056,1327,1779534093974,1779534093974,1779534093968,1779534093984,1779534093984,1779534093986,1779534094007
2026-05-23T11:01:34.0792560Z,1779534094079,1057,1328,1779534094007,1779534094007,1779534094001,1779534094024,1779534094025,1779534094028,1779534094075
2026-05-23T11:01:34.1456670Z,1779534094145,1058,1330,1779534094079,1779534094079,1779534094076,1779534094085,1779534094085,1779534094086,1779534094112
2026-05-23T11:01:34.2192190Z,1779534094219,1059,1331,1779534094112,1779534094112,1779534094106,1779534094123,1779534094123,1779534094127,1779534094145
2026-05-23T11:01:34.2228900Z,1779534094222,1060,1332,1779534094145,1779534094145,1779534094140,1779534094165,1779534094165,1779534094170,1779534094219
2026-05-23T11:01:34.2957760Z,1779534094295,1061,1334,1779534094222,1779534094222,1779534094216,1779534094224,1779534094225,1779534094227,1779534094256
2026-05-23T11:01:34.3274030Z,1779534094327,1062,1335,1779534094256,1779534094256,1779534094250,1779534094259,1779534094259,1779534094264,1779534094295
2026-05-23T11:01:34.3599970Z,1779534094359,1063,1336,1779534094295,1779534094295,1779534094290,1779534094299,1779534094300,1779534094301,1779534094327
2026-05-23T11:01:34.4254920Z,1779534094425,1064,1338,1779534094360,1779534094360,1779534094354,1779534094358,1779534094358,1779534094359,1779534094392
2026-05-23T11:01:34.4583420Z,1779534094458,1065,1339,1779534094392,1779534094392,1779534094386,1779534094393,1779534094393,1779534094397,1779534094425
2026-05-23T11:01:34.4909150Z,1779534094490,1066,1340,1779534094425,1779534094425,1779534094420,1779534094434,1779534094434,1779534094438,1779534094458
2026-05-23T11:01:34.5559220Z,1779534094555,1067,1342,1779534094490,1779534094490,1779534094485,1779534094494,1779534094494,1779534094495,1779534094523
2026-05-23T11:01:34.5914360Z,1779534094591,1068,1343,1779534094523,1779534094523,1779534094517,1779534094531,1779534094531,1779534094532,1779534094556
2026-05-23T11:01:34.6275610Z,1779534094627,1069,1344,1779534094555,1779534094555,1779534094550,1779534094571,1779534094571,1779534094573,1779534094591
2026-05-23T11:01:34.7023260Z,1779534094702,1070,1346,1779534094627,1779534094627,1779534094621,1779534094631,1779534094631,1779534094632,1779534094666
2026-05-23T11:01:34.7435480Z,1779534094743,1071,1347,1779534094665,1779534094665,1779534094660,1779534094666,1779534094666,1779534094669,1779534094702
2026-05-23T11:01:34.7809890Z,1779534094780,1072,1348,1779534094702,1779534094702,1779534094696,1779534094707,1779534094707,1779534094711,1779534094743
2026-05-23T11:01:34.8151560Z,1779534094815,1073,1349,1779534094743,1779534094743,1779534094737,1779534094766,1779534094766,1779534094770,1779534094781
2026-05-23T11:01:34.8561830Z,1779534094856,1074,1350,1779534094781,1779534094781,1779534094775,1779534094802,1779534094803,1779534094805,1779534094815
2026-05-23T11:01:34.8874980Z,1779534094887,1075,1351,1779534094815,1779534094815,1779534094809,1779534094842,1779534094843,1779534094846,1779534094856
2026-05-23T11:01:34.9526060Z,1779534094952,1076,1353,1779534094887,1779534094887,1779534094881,1779534094902,1779534094902,1779534094904,1779534094920
2026-05-23T11:01:34.9849660Z,1779534094984,1077,1354,1779534094920,1779534094920,1779534094914,1779534094936,1779534094937,1779534094940,1779534094952
2026-05-23T11:01:35.0503190Z,1779534095050,1078,1355,1779534094952,1779534094952,1779534094946,1779534094978,1779534094978,1779534094982,1779534095018
2026-05-23T11:01:35.0829510Z,1779534095082,1079,1357,1779534095018,1779534095018,1779534095012,1779534095037,1779534095037,1779534095040,1779534095050
2026-05-23T11:01:35.1552930Z,1779534095155,1080,1358,1779534095050,1779534095050,1779534095044,1779534095071,1779534095072,1779534095073,1779534095083
2026-05-23T11:01:35.1589200Z,1779534095158,1081,1359,1779534095083,1779534095083,1779534095077,1779534095113,1779534095114,1779534095114,1779534095155
2026-05-23T11:01:35.2266020Z,1779534095226,1082,1361,1779534095158,1779534095159,1779534095154,1779534095173,1779534095173,1779534095177,1779534095192
2026-05-23T11:01:35.2667540Z,1779534095266,1083,1362,1779534095192,1779534095192,1779534095186,1779534095208,1779534095208,1779534095209,1779534095226
2026-05-23T11:01:35.2984460Z,1779534095298,1084,1363,1779534095226,1779534095226,1779534095220,1779534095250,1779534095250,1779534095251,1779534095267
2026-05-23T11:01:35.3692980Z,1779534095369,1085,1365,1779534095298,1779534095298,1779534095292,1779534095309,1779534095310,1779534095311,1779534095338
2026-05-23T11:01:35.4020380Z,1779534095402,1086,1366,1779534095337,1779534095337,1779534095332,1779534095344,1779534095344,1779534095347,1779534095369
2026-05-23T11:01:35.4345730Z,1779534095434,1087,1367,1779534095369,1779534095369,1779534095363,1779534095386,1779534095386,1779534095390,1779534095402
2026-05-23T11:01:35.4998180Z,1779534095499,1088,1369,1779534095434,1779534095434,1779534095428,1779534095445,1779534095445,1779534095448,1779534095467
2026-05-23T11:01:35.5321960Z,1779534095532,1089,1370,1779534095467,1779534095467,1779534095461,1779534095479,1779534095479,1779534095480,1779534095500
2026-05-23T11:01:35.5976810Z,1779534095597,1090,1371,1779534095499,1779534095499,1779534095494,1779534095523,1779534095523,1779534095528,1779534095565
2026-05-23T11:01:35.6301920Z,1779534095630,1091,1373,1779534095565,1779534095565,1779534095559,1779534095583,1779534095583,1779534095588,1779534095597
2026-05-23T11:01:35.6628080Z,1779534095662,1092,1374,1779534095597,1779534095597,1779534095591,1779534095617,1779534095617,1779534095619,1779534095630
2026-05-23T11:01:35.7291260Z,1779534095729,1093,1376,1779534095662,1779534095662,1779534095656,1779534095658,1779534095658,1779534095662,1779534095696
2026-05-23T11:01:35.7694370Z,1779534095769,1094,1377,1779534095695,1779534095695,1779534095690,1779534095718,1779534095719,1779534095719,1779534095729
2026-05-23T11:01:35.8013080Z,1779534095801,1095,1378,1779534095729,1779534095729,1779534095723,1779534095755,1779534095756,1779534095756,1779534095769
2026-05-23T11:01:35.8723080Z,1779534095872,1096,1380,1779534095801,1779534095801,1779534095795,1779534095796,1779534095796,1779534095798,1779534095841
2026-05-23T11:01:35.9050930Z,1779534095905,1097,1381,1779534095841,1779534095841,1779534095835,1779534095856,1779534095856,1779534095860,1779534095872
2026-05-23T11:01:35.9382610Z,1779534095938,1098,1382,1779534095872,1779534095872,1779534095866,1779534095892,1779534095893,1779534095897,1779534095905
2026-05-23T11:01:36.0032170Z,1779534096003,1099,1384,1779534095938,1779534095938,1779534095932,1779534095936,1779534095936,1779534095940,1779534095970
2026-05-23T11:01:36.0684580Z,1779534096068,1100,1385,1779534095970,1779534095970,1779534095964,1779534095995,1779534095995,1779534095997,1779534096035
2026-05-23T11:01:36.1012050Z,1779534096101,1101,1386,1779534096003,1779534096003,1779534095997,1779534096029,1779534096029,1779534096034,1779534096068
2026-05-23T11:01:36.1340900Z,1779534096134,1102,1388,1779534096068,1779534096068,1779534096062,1779534096070,1779534096070,1779534096071,1779534096101
2026-05-23T11:01:36.2418700Z,1779534096241,1103,1390,1779534096134,1779534096134,1779534096128,1779534096129,1779534096129,1779534096133,1779534096166
2026-05-23T11:01:36.2459120Z,1779534096245,1105,1391,1779534096166,1779534096166,1779534096160,1779534096164,1779534096206,1779534096207,1779534096242
2026-05-23T11:01:36.3131990Z,1779534096313,1106,1393,1779534096245,1779534096246,1779534096240,1779534096265,1779534096265,1779534096267,1779534096279
2026-05-23T11:01:36.3529500Z,1779534096352,1107,1394,1779534096279,1779534096279,1779534096273,1779534096301,1779534096301,1779534096304,1779534096313
2026-05-23T11:01:36.3844340Z,1779534096384,1108,1395,1779534096313,1779534096313,1779534096307,1779534096343,1779534096343,1779534096345,1779534096353
2026-05-23T11:01:36.4499920Z,1779534096449,1109,1397,1779534096384,1779534096384,1779534096378,1779534096403,1779534096403,1779534096403,1779534096417
2026-05-23T11:01:36.4826260Z,1779534096482,1110,1398,1779534096417,1779534096417,1779534096411,1779534096437,1779534096437,1779534096440,1779534096450
2026-05-23T11:01:36.5478410Z,1779534096547,1111,1400,1779534096482,1779534096482,1779534096477,1779534096478,1779534096478,1779534096482,1779534096515
2026-05-23T11:01:36.5803330Z,1779534096580,1112,1401,1779534096515,1779534096515,1779534096509,1779534096537,1779534096537,1779534096540,1779534096548
2026-05-23T11:01:36.6458370Z,1779534096645,1113,1402,1779534096547,1779534096547,1779534096542,1779534096571,1779534096571,1779534096577,1779534096613
2026-05-23T11:01:36.6785280Z,1779534096678,1114,1404,1779534096613,1779534096613,1779534096608,1779534096613,1779534096613,1779534096614,1779534096646
2026-05-23T11:01:36.7443720Z,1779534096744,1115,1406,1779534096678,1779534096678,1779534096672,1779534096673,1779534096673,1779534096676,1779534096711
2026-05-23T11:01:36.7848900Z,1779534096784,1116,1407,1779534096711,1779534096711,1779534096705,1779534096709,1779534096709,1779534096712,1779534096744
2026-05-23T11:01:36.8165040Z,1779534096816,1117,1408,1779534096744,1779534096744,1779534096738,1779534096750,1779534096750,1779534096753,1779534096785
2026-05-23T11:01:36.8882210Z,1779534096888,1119,1410,1779534096816,1779534096816,1779534096810,1779534096844,1779534096844,1779534096847,1779534096857
2026-05-23T11:01:36.9536710Z,1779534096953,1120,1412,1779534096888,1779534096888,1779534096882,1779534096885,1779534096885,1779534096890,1779534096921
2026-05-23T11:01:36.9867200Z,1779534096986,1121,1413,1779534096921,1779534096921,1779534096915,1779534096944,1779534096944,1779534096947,1779534096953
2026-05-23T11:01:37.0518620Z,1779534097051,1122,1414,1779534096953,1779534096953,1779534096947,1779534096978,1779534096978,1779534096984,1779534097019
2026-05-23T11:01:37.0846750Z,1779534097084,1123,1416,1779534097019,1779534097019,1779534097013,1779534097019,1779534097019,1779534097020,1779534097052
2026-05-23T11:01:37.1534940Z,1779534097153,1124,1418,1779534097084,1779534097084,1779534097079,1779534097079,1779534097079,1779534097082,1779534097118
2026-05-23T11:01:37.1861780Z,1779534097186,1125,1419,1779534097118,1779534097118,1779534097112,1779534097115,1779534097115,1779534097118,1779534097153
2026-05-23T11:01:37.2192530Z,1779534097219,1126,1420,1779534097153,1779534097153,1779534097147,1779534097156,1779534097156,1779534097160,1779534097186
2026-05-23T11:01:37.3297610Z,1779534097329,1127,1422,1779534097219,1779534097219,1779534097213,1779534097217,1779534097217,1779534097217,1779534097252
2026-05-23T11:01:37.3332680Z,1779534097333,1129,1423,1779534097251,1779534097251,1779534097246,1779534097252,1779534097293,1779534097296,1779534097330
2026-05-23T11:01:37.4090390Z,1779534097409,1130,1425,1779534097333,1779534097333,1779534097327,1779534097353,1779534097353,1779534097357,1779534097368
2026-05-23T11:01:37.4401120Z,1779534097440,1131,1426,1779534097367,1779534097367,1779534097362,1779534097387,1779534097388,1779534097388,1779534097409
2026-05-23T11:01:37.4727650Z,1779534097472,1132,1427,1779534097409,1779534097409,1779534097403,1779534097428,1779534097429,1779534097430,1779534097440
2026-05-23T11:01:37.5384250Z,1779534097538,1133,1429,1779534097472,1779534097472,1779534097467,1779534097487,1779534097488,1779534097488,1779534097505
2026-05-23T11:01:37.5711040Z,1779534097571,1134,1430,1779534097505,1779534097505,1779534097499,1779534097524,1779534097524,1779534097525,1779534097538
2026-05-23T11:01:37.6367840Z,1779534097636,1135,1431,1779534097538,1779534097538,1779534097532,1779534097564,1779534097564,1779534097568,1779534097604
2026-05-23T11:01:37.6694300Z,1779534097669,1136,1433,1779534097603,1779534097603,1779534097598,1779534097626,1779534097626,1779534097627,1779534097637
2026-05-23T11:01:37.7352760Z,1779534097735,1137,1434,1779534097636,1779534097636,1779534097631,1779534097661,1779534097661,1779534097664,1779534097702
2026-05-23T11:01:37.7690720Z,1779534097769,1138,1436,1779534097702,1779534097702,1779534097696,1779534097702,1779534097703,1779534097706,1779534097735
2026-05-23T11:01:37.8410760Z,1779534097841,1140,1438,1779534097769,1779534097769,1779534097763,1779534097796,1779534097796,1779534097801,1779534097809
2026-05-23T11:01:37.9129170Z,1779534097912,1141,1440,1779534097841,1779534097841,1779534097835,1779534097837,1779534097837,1779534097837,1779534097881
2026-05-23T11:01:37.9456150Z,1779534097945,1142,1441,1779534097881,1779534097881,1779534097875,1779534097896,1779534097896,1779534097899,1779534097913
2026-05-23T11:01:37.9784110Z,1779534097978,1143,1442,1779534097912,1779534097913,1779534097907,1779534097930,1779534097930,1779534097935,1779534097945
2026-05-23T11:01:38.0436050Z,1779534098043,1144,1443,1779534097945,1779534097945,1779534097939,1779534097972,1779534097972,1779534097977,1779534098010
2026-05-23T11:01:38.0759380Z,1779534098075,1145,1445,1779534098010,1779534098010,1779534098005,1779534098031,1779534098032,1779534098036,1779534098043
2026-05-23T11:01:38.1413860Z,1779534098141,1146,1446,1779534098043,1779534098043,1779534098037,1779534098068,1779534098068,1779534098073,1779534098109
2026-05-23T11:01:38.1745070Z,1779534098174,1147,1448,1779534098108,1779534098109,1779534098103,1779534098109,1779534098109,1779534098112,1779534098141
2026-05-23T11:01:38.2393630Z,1779534098239,1148,1450,1779534098174,1779534098174,1779534098169,1779534098175,1779534098175,1779534098178,1779534098207
2026-05-23T11:01:38.2722710Z,1779534098272,1149,1451,1779534098206,1779534098206,1779534098201,1779534098210,1779534098210,1779534098215,1779534098239
2026-05-23T11:01:38.3445880Z,1779534098344,1150,1452,1779534098239,1779534098239,1779534098233,1779534098252,1779534098253,1779534098257,1779534098272
2026-05-23T11:01:38.3894800Z,1779534098389,1151,1453,1779534098272,1779534098272,1779534098266,1779534098312,1779534098312,1779534098314,1779534098344
2026-05-23T11:01:38.3928160Z,1779534098392,1152,1454,1779534098344,1779534098344,1779534098338,1779534098346,1779534098346,1779534098351,1779534098389
2026-05-23T11:01:38.4601300Z,1779534098460,1153,1456,1779534098392,1779534098392,1779534098387,1779534098387,1779534098387,1779534098392,1779534098427
2026-05-23T11:01:38.4925790Z,1779534098492,1154,1457,1779534098426,1779534098426,1779534098421,1779534098446,1779534098446,1779534098449,1779534098460
2026-05-23T11:01:38.5254170Z,1779534098525,1155,1458,1779534098460,1779534098460,1779534098454,1779534098481,1779534098481,1779534098485,1779534098492
2026-05-23T11:01:38.5910860Z,1779534098591,1156,1460,1779534098525,1779534098525,1779534098519,1779534098523,1779534098523,1779534098526,1779534098558
2026-05-23T11:01:38.6234670Z,1779534098623,1157,1461,1779534098558,1779534098558,1779534098552,1779534098582,1779534098582,1779534098583,1779534098591
2026-05-23T11:01:38.6957530Z,1779534098695,1158,1463,1779534098623,1779534098623,1779534098617,1779534098618,1779534098618,1779534098621,1779534098656
2026-05-23T11:01:38.7219050Z,1779534098721,1159,1464,1779534098656,1779534098656,1779534098650,1779534098661,1779534098661,1779534098662,1779534098696
2026-05-23T11:01:38.7878810Z,1779534098787,1160,1466,1779534098721,1779534098721,1779534098717,1779534098720,1779534098721,1779534098722,1779534098754
2026-05-23T11:01:38.8283980Z,1779534098828,1161,1467,1779534098754,1779534098754,1779534098748,1779534098758,1779534098758,1779534098759,1779534098788
2026-05-23T11:01:38.8596320Z,1779534098859,1162,1468,1779534098787,1779534098787,1779534098781,1779534098801,1779534098801,1779534098806,1779534098828
2026-05-23T11:01:38.9337820Z,1779534098933,1163,1470,1779534098859,1779534098859,1779534098853,1779534098859,1779534098859,1779534098859,1779534098893
2026-05-23T11:01:38.9646350Z,1779534098964,1164,1471,1779534098893,1779534098893,1779534098887,1779534098895,1779534098895,1779534098896,1779534098934
2026-05-23T11:01:38.9978540Z,1779534098997,1165,1472,1779534098933,1779534098933,1779534098928,1779534098936,1779534098936,1779534098938,1779534098964
2026-05-23T11:01:39.0630060Z,1779534099063,1166,1474,1779534098997,1779534098997,1779534098992,1779534098996,1779534098996,1779534099000,1779534099030
2026-05-23T11:01:39.0955430Z,1779534099095,1167,1475,1779534099030,1779534099030,1779534099024,1779534099030,1779534099030,1779534099032,1779534099063
2026-05-23T11:01:39.1312000Z,1779534099131,1168,1476,1779534099063,1779534099063,1779534099058,1779534099071,1779534099072,1779534099073,1779534099095
2026-05-23T11:01:39.1965120Z,1779534099196,1169,1478,1779534099131,1779534099131,1779534099125,1779534099132,1779534099132,1779534099135,1779534099163
2026-05-23T11:01:39.2287010Z,1779534099228,1170,1479,1779534099163,1779534099163,1779534099157,1779534099166,1779534099166,1779534099167,1779534099196
2026-05-23T11:01:39.2613630Z,1779534099261,1171,1480,1779534099196,1779534099196,1779534099190,1779534099207,1779534099208,1779534099208,1779534099229
2026-05-23T11:01:39.3375030Z,1779534099337,1173,1482,1779534099261,1779534099261,1779534099255,1779534099266,1779534099301,1779534099302,1779534099334
2026-05-23T11:01:39.4409310Z,1779534099440,1174,1484,1779534099337,1779534099337,1779534099331,1779534099341,1779534099341,1779534099345,1779534099370
2026-05-23T11:01:39.4794950Z,1779534099479,1175,1485,1779534099369,1779534099369,1779534099363,1779534099400,1779534099401,1779534099401,1779534099441
2026-05-23T11:01:39.4826090Z,1779534099482,1176,1486,1779534099440,1779534099441,1779534099435,1779534099436,1779534099437,1779534099438,1779534099479
2026-05-23T11:01:39.5491930Z,1779534099549,1177,1488,1779534099482,1779534099482,1779534099476,1779534099477,1779534099477,1779534099481,1779534099516
2026-05-23T11:01:39.5823630Z,1779534099582,1178,1489,1779534099516,1779534099516,1779534099510,1779534099537,1779534099537,1779534099538,1779534099549
2026-05-23T11:01:39.6149110Z,1779534099614,1179,1490,1779534099549,1779534099549,1779534099543,1779534099571,1779534099571,1779534099573,1779534099582
2026-05-23T11:01:39.6802950Z,1779534099680,1180,1492,1779534099614,1779534099614,1779534099608,1779534099612,1779534099612,1779534099615,1779534099648
2026-05-23T11:01:39.7457030Z,1779534099745,1181,1493,1779534099648,1779534099648,1779534099642,1779534099674,1779534099674,1779534099674,1779534099713
2026-05-23T11:01:39.7788950Z,1779534099778,1182,1495,1779534099712,1779534099712,1779534099708,1779534099710,1779534099710,1779534099710,1779534099745
2026-05-23T11:01:39.8115950Z,1779534099811,1183,1496,1779534099745,1779534099745,1779534099739,1779534099749,1779534099750,1779534099753,1779534099779
2026-05-23T11:01:39.8861570Z,1779534099886,1184,1498,1779534099811,1779534099811,1779534099805,1779534099808,1779534099809,1779534099813,1779534099845
2026-05-23T11:01:39.9176670Z,1779534099917,1185,1499,1779534099844,1779534099844,1779534099839,1779534099843,1779534099843,1779534099845,1779534099886
2026-05-23T11:01:39.9575470Z,1779534099957,1186,1500,1779534099886,1779534099886,1779534099880,1779534099884,1779534099884,1779534099887,1779534099918
2026-05-23T11:01:39.9889050Z,1779534099988,1187,1501,1779534099917,1779534099917,1779534099912,1779534099944,1779534099944,1779534099948,1779534099957
2026-05-23T11:01:40.0214010Z,1779534100021,1188,1502,1779534099957,1779534099957,1779534099951,1779534099979,1779534099979,1779534099979,1779534099989
2026-05-23T11:01:40.0872770Z,1779534100087,1189,1504,1779534100021,1779534100021,1779534100015,1779534100020,1779534100020,1779534100023,1779534100054
2026-05-23T11:01:40.1521490Z,1779534100152,1190,1506,1779534100087,1779534100087,1779534100081,1779534100082,1779534100082,1779534100086,1779534100120
2026-05-23T11:01:40.1849470Z,1779534100184,1191,1507,1779534100119,1779534100119,1779534100114,1779534100117,1779534100117,1779534100119,1779534100152
2026-05-23T11:01:40.2176360Z,1779534100217,1192,1508,1779534100152,1779534100152,1779534100146,1779534100160,1779534100160,1779534100161,1779534100185
2026-05-23T11:01:40.2827320Z,1779534100282,1193,1510,1779534100217,1779534100217,1779534100212,1779534100219,1779534100219,1779534100223,1779534100250
2026-05-23T11:01:40.3153260Z,1779534100315,1194,1511,1779534100250,1779534100250,1779534100244,1779534100254,1779534100254,1779534100255,1779534100282
2026-05-23T11:01:40.3489590Z,1779534100348,1195,1512,1779534100282,1779534100282,1779534100277,1779534100295,1779534100295,1779534100296,1779534100315
2026-05-23T11:01:40.4208920Z,1779534100420,1196,1514,1779534100349,1779534100349,1779534100343,1779534100355,1779534100356,1779534100359,1779534100389
2026-05-23T11:01:40.4609150Z,1779534100460,1197,1515,1779534100389,1779534100389,1779534100383,1779534100391,1779534100391,1779534100396,1779534100421
2026-05-23T11:01:40.4924350Z,1779534100492,1198,1516,1779534100420,1779534100420,1779534100415,1779534100432,1779534100432,1779534100432,1779534100461
2026-05-23T11:01:40.5939230Z,1779534100593,1199,1518,1779534100492,1779534100492,1779534100486,1779534100491,1779534100491,1779534100495,1779534100525
2026-05-23T11:01:40.5976230Z,1779534100597,1201,1519,1779534100524,1779534100524,1779534100519,1779534100526,1779534100568,1779534100568,1779534100594
2026-05-23T11:01:40.6974710Z,1779534100697,1202,1522,1779534100630,1779534100630,1779534100624,1779534100627,1779534100627,1779534100627,1779534100664
2026-05-23T11:01:40.7299000Z,1779534100729,1203,1523,1779534100664,1779534100664,1779534100658,1779534100662,1779534100662,1779534100665,1779534100697
2026-05-23T11:01:40.7626800Z,1779534100762,1204,1524,1779534100697,1779534100697,1779534100691,1779534100703,1779534100703,1779534100707,1779534100730
2026-05-23T11:01:40.8286380Z,1779534100828,1205,1526,1779534100762,1779534100762,1779534100757,1779534100762,1779534100762,1779534100766,1779534100795
2026-05-23T11:01:40.8617250Z,1779534100861,1206,1527,1779534100795,1779534100795,1779534100789,1779534100797,1779534100797,1779534100797,1779534100828
2026-05-23T11:01:40.9017620Z,1779534100901,1207,1528,1779534100828,1779534100828,1779534100823,1779534100838,1779534100839,1779534100839,1779534100862
2026-05-23T11:01:40.9739440Z,1779534100973,1208,1530,1779534100901,1779534100901,1779534100896,1779534100898,1779534100898,1779534100899,1779534100933
2026-05-23T11:01:41.0052450Z,1779534101005,1209,1531,1779534100933,1779534100933,1779534100927,1779534100933,1779534100933,1779534100935,1779534100974
2026-05-23T11:01:41.0385030Z,1779534101038,1210,1532,1779534100974,1779534100974,1779534100968,1779534100974,1779534100974,1779534100976,1779534101005
2026-05-23T11:01:41.1034580Z,1779534101103,1211,1534,1779534101038,1779534101038,1779534101032,1779534101033,1779534101033,1779534101036,1779534101070
2026-05-23T11:01:41.1402110Z,1779534101140,1212,1535,1779534101070,1779534101070,1779534101064,1779534101068,1779534101068,1779534101073,1779534101103
2026-05-23T11:01:41.1724180Z,1779534101172,1213,1536,1779534101103,1779534101103,1779534101097,1779534101109,1779534101109,1779534101114,1779534101140
2026-05-23T11:01:41.2379740Z,1779534101237,1214,1538,1779534101172,1779534101172,1779534101166,1779534101168,1779534101168,1779534101170,1779534101205
2026-05-23T11:01:41.2703750Z,1779534101270,1215,1539,1779534101205,1779534101205,1779534101199,1779534101204,1779534101205,1779534101207,1779534101238
2026-05-23T11:01:41.3028160Z,1779534101302,1216,1540,1779534101238,1779534101238,1779534101232,1779534101246,1779534101246,1779534101249,1779534101270
2026-05-23T11:01:41.3696650Z,1779534101369,1217,1542,1779534101302,1779534101302,1779534101297,1779534101307,1779534101307,1779534101311,1779534101336
2026-05-23T11:01:41.4110530Z,1779534101411,1218,1543,1779534101336,1779534101336,1779534101330,1779534101344,1779534101345,1779534101348,1779534101369
2026-05-23T11:01:41.4421260Z,1779534101442,1219,1544,1779534101369,1779534101369,1779534101363,1779534101386,1779534101387,1779534101389,1779534101411
2026-05-23T11:01:41.5137990Z,1779534101513,1220,1546,1779534101442,1779534101442,1779534101436,1779534101446,1779534101446,1779534101446,1779534101482
2026-05-23T11:01:41.5468870Z,1779534101546,1221,1547,1779534101482,1779534101482,1779534101476,1779534101480,1779534101481,1779534101483,1779534101514
2026-05-23T11:01:41.5795630Z,1779534101579,1222,1548,1779534101513,1779534101513,1779534101508,1779534101522,1779534101522,1779534101525,1779534101547
2026-05-23T11:01:41.6518370Z,1779534101651,1224,1550,1779534101579,1779534101579,1779534101573,1779534101581,1779534101616,1779534101617,1779534101648
2026-05-23T11:01:41.7189920Z,1779534101718,1225,1552,1779534101651,1779534101651,1779534101645,1779534101657,1779534101657,1779534101660,1779534101685
2026-05-23T11:01:41.7845140Z,1779534101784,1226,1554,1779534101719,1779534101719,1779534101713,1779534101717,1779534101718,1779534101718,1779534101752
2026-05-23T11:01:41.8179350Z,1779534101817,1227,1555,1779534101752,1779534101752,1779534101746,1779534101753,1779534101753,1779534101754,1779534101784
2026-05-23T11:01:41.8503270Z,1779534101850,1228,1556,1779534101784,1779534101784,1779534101779,1779534101797,1779534101797,1779534101801,1779534101818
2026-05-23T11:01:41.9289050Z,1779534101928,1230,1558,1779534101850,1779534101850,1779534101844,1779534101857,1779534101892,1779534101895,1779534101923
2026-05-23T11:01:42.0024570Z,1779534102002,1231,1560,1779534101928,1779534101928,1779534101922,1779534101932,1779534101932,1779534101933,1779534101960
2026-05-23T11:01:42.0335640Z,1779534102033,1232,1561,1779534101960,1779534101960,1779534101954,1779534101991,1779534101991,1779534101995,1779534102002
2026-05-23T11:01:42.0989470Z,1779534102098,1233,1562,1779534102002,1779534102002,1779534101996,1779534102026,1779534102026,1779534102027,1779534102066
2026-05-23T11:01:42.1314380Z,1779534102131,1234,1564,1779534102065,1779534102065,1779534102060,1779534102067,1779534102067,1779534102070,1779534102099
2026-05-23T11:01:42.1971280Z,1779534102197,1235,1566,1779534102131,1779534102131,1779534102125,1779534102126,1779534102126,1779534102131,1779534102164
2026-05-23T11:01:42.2299500Z,1779534102229,1236,1567,1779534102164,1779534102164,1779534102158,1779534102161,1779534102161,1779534102162,1779534102197
2026-05-23T11:01:42.2629540Z,1779534102262,1237,1568,1779534102197,1779534102197,1779534102191,1779534102202,1779534102203,1779534102204,1779534102230
2026-05-23T11:01:42.3284480Z,1779534102328,1238,1570,1779534102263,1779534102263,1779534102257,1779534102264,1779534102264,1779534102269,1779534102295
2026-05-23T11:01:42.3612780Z,1779534102361,1239,1571,1779534102295,1779534102295,1779534102289,1779534102301,1779534102301,1779534102301,1779534102328
2026-05-23T11:01:42.4335240Z,1779534102433,1240,1572,1779534102328,1779534102328,1779534102322,1779534102341,1779534102341,1779534102343,1779534102361
2026-05-23T11:01:42.4379630Z,1779534102437,1241,1573,1779534102361,1779534102361,1779534102355,1779534102401,1779534102401,1779534102405,1779534102433
2026-05-23T11:01:42.5108720Z,1779534102510,1242,1575,1779534102438,1779534102438,1779534102432,1779534102435,1779534102435,1779534102437,1779534102470
2026-05-23T11:01:42.5418810Z,1779534102541,1243,1576,1779534102470,1779534102470,1779534102464,1779534102476,1779534102477,1779534102478,1779534102511
2026-05-23T11:01:42.6075510Z,1779534102607,1244,1577,1779534102510,1779534102510,1779534102505,1779534102535,1779534102535,1779534102536,1779534102575
2026-05-23T11:01:42.6405780Z,1779534102640,1245,1579,1779534102574,1779534102574,1779534102569,1779534102572,1779534102572,1779534102572,1779534102607
2026-05-23T11:01:42.6725380Z,1779534102672,1246,1580,1779534102607,1779534102607,1779534102601,1779534102613,1779534102613,1779534102614,1779534102641
2026-05-23T11:01:42.7381120Z,1779534102738,1247,1582,1779534102672,1779534102672,1779534102666,1779534102672,1779534102672,1779534102676,1779534102705
2026-05-23T11:01:42.7706510Z,1779534102770,1248,1583,1779534102705,1779534102705,1779534102699,1779534102707,1779534102708,1779534102712,1779534102738
2026-05-23T11:01:42.8030800Z,1779534102803,1249,1584,1779534102738,1779534102738,1779534102733,1779534102752,1779534102752,1779534102755,1779534102770
2026-05-23T11:01:42.8693710Z,1779534102869,1250,1586,1779534102803,1779534102803,1779534102797,1779534102810,1779534102810,1779534102814,1779534102835
2026-05-23T11:01:42.9467170Z,1779534102946,1251,1587,1779534102835,1779534102835,1779534102830,1779534102845,1779534102845,1779534102850,1779534102869
2026-05-23T11:01:42.9505870Z,1779534102950,1252,1588,1779534102869,1779534102869,1779534102863,1779534102886,1779534102886,1779534102887,1779534102946
2026-05-23T11:01:43.0174220Z,1779534103017,1253,1590,1779534102950,1779534102950,1779534102944,1779534102946,1779534102946,1779534102950,1779534102984
2026-05-23T11:01:43.0503890Z,1779534103050,1254,1591,1779534102984,1779534102984,1779534102978,1779534102981,1779534102981,1779534102981,1779534103017
2026-05-23T11:01:43.0827740Z,1779534103082,1255,1592,1779534103017,1779534103017,1779534103011,1779534103022,1779534103023,1779534103023,1779534103050
2026-05-23T11:01:43.1509220Z,1779534103150,1256,1594,1779534103082,1779534103082,1779534103077,1779534103082,1779534103082,1779534103086,1779534103115
2026-05-23T11:01:43.1831630Z,1779534103183,1257,1595,1779534103115,1779534103115,1779534103109,1779534103117,1779534103117,1779534103118,1779534103151
2026-05-23T11:01:43.2157040Z,1779534103215,1258,1596,1779534103150,1779534103151,1779534103145,1779534103159,1779534103159,1779534103160,1779534103183
2026-05-23T11:01:43.2811410Z,1779534103281,1259,1598,1779534103215,1779534103215,1779534103209,1779534103223,1779534103223,1779534103225,1779534103248
2026-05-23T11:01:43.3137180Z,1779534103313,1260,1599,1779534103248,1779534103248,1779534103242,1779534103261,1779534103261,1779534103262,1779534103281
2026-05-23T11:01:43.3468370Z,1779534103346,1261,1600,1779534103281,1779534103281,1779534103275,1779534103301,1779534103301,1779534103303,1779534103313
2026-05-23T11:01:43.4517220Z,1779534103451,1262,1602,1779534103346,1779534103346,1779534103341,1779534103361,1779534103361,1779534103366,1779534103379
2026-05-23T11:01:43.4552150Z,1779534103455,1264,1603,1779534103379,1779534103379,1779534103373,1779534103396,1779534103437,1779534103438,1779534103452
2026-05-23T11:01:43.5588510Z,1779534103558,1265,1606,1779534103488,1779534103488,1779534103482,1779534103496,1779534103496,1779534103496,1779534103528
2026-05-23T11:01:43.5915390Z,1779534103591,1266,1607,1779534103528,1779534103528,1779534103522,1779534103531,1779534103531,1779534103533,1779534103559
2026-05-23T11:01:43.6243240Z,1779534103624,1267,1608,1779534103558,1779534103558,1779534103553,1779534103572,1779534103572,1779534103575,1779534103591
2026-05-23T11:01:43.6899650Z,1779534103689,1268,1610,1779534103624,1779534103624,1779534103620,1779534103631,1779534103631,1779534103633,1779534103658
2026-05-23T11:01:43.7224340Z,1779534103722,1269,1611,1779534103657,1779534103657,1779534103652,1779534103667,1779534103667,1779534103669,1779534103690
2026-05-23T11:01:43.7547520Z,1779534103754,1270,1612,1779534103690,1779534103690,1779534103684,1779534103708,1779534103709,1779534103712,1779534103723
2026-05-23T11:01:43.8274570Z,1779534103827,1272,1614,1779534103754,1779534103754,1779534103748,1779534103767,1779534103801,1779534103803,1779534103824
2026-05-23T11:01:43.8949780Z,1779534103894,1273,1616,1779534103827,1779534103827,1779534103821,1779534103842,1779534103842,1779534103845,1779534103860
2026-05-23T11:01:43.9701020Z,1779534103970,1275,1618,1779534103895,1779534103895,1779534103889,1779534103901,1779534103935,1779534103938,1779534103966
2026-05-23T11:01:44.0421050Z,1779534104042,1276,1620,1779534103970,1779534103970,1779534103964,1779534103976,1779534103976,1779534103980,1779534104001
2026-05-23T11:01:44.1056450Z,1779534104105,1277,1621,1779534104001,1779534104001,1779534103995,1779534104036,1779534104036,1779534104038,1779534104073
2026-05-23T11:01:44.1389080Z,1779534104138,1278,1623,1779534104073,1779534104073,1779534104067,1779534104071,1779534104071,1779534104074,1779534104105
2026-05-23T11:01:44.1708430Z,1779534104170,1279,1624,1779534104105,1779534104105,1779534104100,1779534104112,1779534104112,1779534104116,1779534104139
2026-05-23T11:01:44.2367970Z,1779534104236,1280,1626,1779534104170,1779534104170,1779534104165,1779534104172,1779534104172,1779534104173,1779534104203
2026-05-23T11:01:44.2687390Z,1779534104268,1281,1627,1779534104203,1779534104203,1779534104197,1779534104206,1779534104206,1779534104209,1779534104237
2026-05-23T11:01:44.3013040Z,1779534104301,1282,1628,1779534104236,1779534104236,1779534104231,1779534104247,1779534104247,1779534104250,1779534104269
2026-05-23T11:01:44.3665040Z,1779534104366,1283,1630,1779534104301,1779534104301,1779534104295,1779534104310,1779534104310,1779534104314,1779534104334
2026-05-23T11:01:44.3991880Z,1779534104399,1284,1631,1779534104333,1779534104333,1779534104328,1779534104345,1779534104346,1779534104350,1779534104366
2026-05-23T11:01:44.4744220Z,1779534104474,1286,1633,1779534104399,1779534104399,1779534104393,1779534104447,1779534104448,1779534104452,1779534104471
2026-05-23T11:01:44.5475170Z,1779534104547,1287,1635,1779534104474,1779534104474,1779534104468,1779534104481,1779534104482,1779534104483,1779534104507
2026-05-23T11:01:44.5801200Z,1779534104580,1288,1636,1779534104507,1779534104507,1779534104501,1779534104524,1779534104525,1779534104525,1779534104547
2026-05-23T11:01:44.6536990Z,1779534104653,1289,1638,1779534104580,1779534104580,1779534104574,1779534104583,1779534104583,1779534104587,1779534104617
2026-05-23T11:01:44.6903110Z,1779534104690,1290,1639,1779534104617,1779534104617,1779534104611,1779534104617,1779534104618,1779534104619,1779534104654
2026-05-23T11:01:44.7268790Z,1779534104726,1291,1640,1779534104653,1779534104653,1779534104648,1779534104659,1779534104659,1779534104660,1779534104690
2026-05-23T11:01:44.8012210Z,1779534104801,1293,1642,1779534104726,1779534104726,1779534104721,1779534104753,1779534104753,1779534104754,1779534104764
2026-05-23T11:01:44.9047610Z,1779534104904,1294,1644,1779534104801,1779534104801,1779534104797,1779534104797,1779534104797,1779534104802,1779534104834
2026-05-23T11:01:44.9099610Z,1779534104909,1296,1645,1779534104834,1779534104834,1779534104828,1779534104855,1779534104891,1779534104895,1779534104905
2026-05-23T11:01:44.9855870Z,1779534104985,1297,1647,1779534104910,1779534104910,1779534104904,1779534104933,1779534104934,1779534104936,1779534104943
2026-05-23T11:01:45.0593930Z,1779534105059,1299,1649,1779534104985,1779534104985,1779534104979,1779534104994,1779534105029,1779534105030,1779534105055
2026-05-23T11:01:45.1255540Z,1779534105125,1300,1651,1779534105059,1779534105059,1779534105053,1779534105070,1779534105070,1779534105072,1779534105091
2026-05-23T11:01:45.1930870Z,1779534105193,1301,1653,1779534105125,1779534105125,1779534105119,1779534105129,1779534105129,1779534105135,1779534105160
2026-05-23T11:01:45.2259520Z,1779534105225,1302,1654,1779534105160,1779534105160,1779534105154,1779534105164,1779534105164,1779534105166,1779534105193
2026-05-23T11:01:45.2585490Z,1779534105258,1303,1655,1779534105193,1779534105193,1779534105187,1779534105211,1779534105211,1779534105215,1779534105226
2026-05-23T11:01:45.3237600Z,1779534105323,1304,1657,1779534105258,1779534105258,1779534105253,1779534105271,1779534105271,1779534105271,1779534105291
2026-05-23T11:01:45.3569020Z,1779534105356,1305,1658,1779534105291,1779534105291,1779534105285,1779534105306,1779534105306,1779534105310,1779534105324
2026-05-23T11:01:45.4219570Z,1779534105421,1306,1659,1779534105323,1779534105323,1779534105318,1779534105347,1779534105347,1779534105352,1779534105389
2026-05-23T11:01:45.4552290Z,1779534105455,1307,1661,1779534105388,1779534105388,1779534105383,1779534105406,1779534105406,1779534105409,1779534105422
2026-05-23T11:01:45.4960890Z,1779534105496,1308,1662,1779534105422,1779534105422,1779534105416,1779534105441,1779534105441,1779534105445,1779534105455
2026-05-23T11:01:45.5283580Z,1779534105528,1309,1663,1779534105455,1779534105455,1779534105449,1779534105482,1779534105482,1779534105482,1779534105496
2026-05-23T11:01:45.5992950Z,1779534105599,1310,1665,1779534105528,1779534105528,1779534105523,1779534105540,1779534105541,1779534105545,1779534105568
2026-05-23T11:01:45.6319700Z,1779534105631,1311,1666,1779534105568,1779534105568,1779534105562,1779534105575,1779534105575,1779534105577,1779534105599
2026-05-23T11:01:45.6649060Z,1779534105664,1312,1667,1779534105599,1779534105599,1779534105593,1779534105615,1779534105616,1779534105618,1779534105632
2026-05-23T11:01:45.7306870Z,1779534105730,1313,1669,1779534105664,1779534105664,1779534105660,1779534105677,1779534105677,1779534105681,1779534105697
2026-05-23T11:01:45.7631230Z,1779534105763,1314,1670,1779534105697,1779534105697,1779534105691,1779534105716,1779534105716,1779534105717,1779534105730
2026-05-23T11:01:45.8295510Z,1779534105829,1315,1671,1779534105730,1779534105730,1779534105724,1779534105756,1779534105756,1779534105760,1779534105796
2026-05-23T11:01:45.8618420Z,1779534105861,1316,1673,1779534105796,1779534105796,1779534105790,1779534105816,1779534105816,1779534105817,1779534105829
2026-05-23T11:01:45.8946570Z,1779534105894,1317,1674,1779534105829,1779534105829,1779534105823,1779534105853,1779534105853,1779534105853,1779534105862
2026-05-23T11:01:46.0050920Z,1779534106005,1318,1676,1779534105894,1779534105894,1779534105888,1779534105896,1779534105896,1779534105901,1779534105928
2026-05-23T11:01:46.0169150Z,1779534106016,1320,1677,1779534105928,1779534105928,1779534105922,1779534105956,1779534105994,1779534105996,1779534106005
2026-05-23T11:01:46.0909110Z,1779534106090,1321,1679,1779534106016,1779534106017,1779534106011,1779534106034,1779534106034,1779534106034,1779534106050
2026-05-23T11:01:46.1553850Z,1779534106155,1322,1681,1779534106090,1779534106091,1779534106085,1779534106094,1779534106094,1779534106097,1779534106122
2026-05-23T11:01:46.1881930Z,1779534106188,1323,1682,1779534106122,1779534106122,1779534106116,1779534106128,1779534106128,1779534106128,1779534106155
2026-05-23T11:01:46.2206310Z,1779534106220,1324,1683,1779534106155,1779534106155,1779534106149,1779534106169,1779534106169,1779534106170,1779534106188
2026-05-23T11:01:46.2866070Z,1779534106286,1325,1685,1779534106220,1779534106220,1779534106214,1779534106228,1779534106228,1779534106228,1779534106253
2026-05-23T11:01:46.3189510Z,1779534106318,1326,1686,1779534106253,1779534106253,1779534106247,1779534106263,1779534106263,1779534106265,1779534106286
2026-05-23T11:01:46.3514720Z,1779534106351,1327,1687,1779534106286,1779534106286,1779534106281,1779534106304,1779534106304,1779534106306,1779534106319
2026-05-23T11:01:46.4170640Z,1779534106417,1328,1689,1779534106351,1779534106351,1779534106345,1779534106366,1779534106366,1779534106370,1779534106384
2026-05-23T11:01:46.4499160Z,1779534106449,1329,1690,1779534106384,1779534106384,1779534106378,1779534106400,1779534106400,1779534106401,1779534106417
2026-05-23T11:01:46.5247830Z,1779534106524,1330,1691,1779534106417,1779534106417,1779534106411,1779534106441,1779534106441,1779534106443,1779534106483
2026-05-23T11:01:46.5559550Z,1779534106555,1331,1693,1779534106483,1779534106483,1779534106477,1779534106500,1779534106500,1779534106502,1779534106524
2026-05-23T11:01:46.5993380Z,1779534106599,1332,1694,1779534106524,1779534106524,1779534106519,1779534106535,1779534106535,1779534106538,1779534106556
2026-05-23T11:01:46.6304230Z,1779534106630,1333,1695,1779534106556,1779534106556,1779534106550,1779534106576,1779534106576,1779534106580,1779534106599
2026-05-23T11:01:46.6962290Z,1779534106696,1334,1697,1779534106630,1779534106630,1779534106624,1779534106636,1779534106636,1779534106636,1779534106663
2026-05-23T11:01:46.7293020Z,1779534106729,1335,1698,1779534106663,1779534106663,1779534106657,1779534106671,1779534106671,1779534106672,1779534106696
2026-05-23T11:01:46.7611510Z,1779534106761,1336,1699,1779534106696,1779534106696,1779534106690,1779534106712,1779534106712,1779534106713,1779534106729
2026-05-23T11:01:46.8267280Z,1779534106826,1337,1701,1779534106761,1779534106761,1779534106756,1779534106771,1779534106771,1779534106771,1779534106793
2026-05-23T11:01:46.8592130Z,1779534106859,1338,1702,1779534106793,1779534106793,1779534106787,1779534106808,1779534106808,1779534106813,1779534106826
2026-05-23T11:01:46.9250300Z,1779534106925,1339,1703,1779534106826,1779534106826,1779534106820,1779534106852,1779534106852,1779534106856,1779534106892
2026-05-23T11:01:46.9907480Z,1779534106990,1340,1705,1779534106891,1779534106891,1779534106886,1779534106914,1779534106914,1779534106919,1779534106958
2026-05-23T11:01:47.0335780Z,1779534107033,1341,1706,1779534106925,1779534106925,1779534106919,1779534106951,1779534106951,1779534106957,1779534106991
2026-05-23T11:01:47.1089830Z,1779534107108,1342,1708,1779534106990,1779534106990,1779534106985,1779534106995,1779534106996,1779534106999,1779534107033
2026-05-23T11:01:47.1130500Z,1779534107113,1344,1709,1779534107033,1779534107033,1779534107027,1779534107054,1779534107090,1779534107094,1779534107109
2026-05-23T11:01:47.1820720Z,1779534107182,1345,1711,1779534107113,1779534107113,1779534107107,1779534107131,1779534107132,1779534107132,1779534107149
2026-05-23T11:01:47.2483620Z,1779534107248,1346,1713,1779534107182,1779534107182,1779534107179,1779534107191,1779534107191,1779534107195,1779534107215
2026-05-23T11:01:47.2805270Z,1779534107280,1347,1714,1779534107215,1779534107215,1779534107209,1779534107226,1779534107226,1779534107226,1779534107248
2026-05-23T11:01:47.3132480Z,1779534107313,1348,1715,1779534107248,1779534107248,1779534107242,1779534107266,1779534107267,1779534107268,1779534107280
2026-05-23T11:01:47.3789950Z,1779534107378,1349,1717,1779534107313,1779534107313,1779534107307,1779534107326,1779534107326,1779534107326,1779534107346
2026-05-23T11:01:47.4114460Z,1779534107411,1350,1718,1779534107346,1779534107346,1779534107340,1779534107362,1779534107362,1779534107363,1779534107379
2026-05-23T11:01:47.4772950Z,1779534107477,1351,1719,1779534107379,1779534107379,1779534107373,1779534107404,1779534107404,1779534107405,1779534107444
2026-05-23T11:01:47.5103320Z,1779534107510,1352,1721,1779534107444,1779534107444,1779534107438,1779534107461,1779534107461,1779534107461,1779534107477
2026-05-23T11:01:47.5509570Z,1779534107550,1353,1722,1779534107477,1779534107477,1779534107471,1779534107495,1779534107495,1779534107498,1779534107510
2026-05-23T11:01:47.5822290Z,1779534107582,1354,1723,1779534107510,1779534107510,1779534107504,1779534107537,1779534107537,1779534107540,1779534107551
2026-05-23T11:01:47.6557620Z,1779534107655,1355,1725,1779534107582,1779534107582,1779534107576,1779534107596,1779534107597,1779534107598,1779534107615
2026-05-23T11:01:47.6869090Z,1779534107686,1356,1726,1779534107615,1779534107615,1779534107609,1779534107632,1779534107632,1779534107635,1779534107656
2026-05-23T11:01:47.7193390Z,1779534107719,1357,1727,1779534107655,1779534107655,1779534107650,1779534107674,1779534107674,1779534107676,1779534107687
2026-05-23T11:01:47.7846120Z,1779534107784,1358,1729,1779534107719,1779534107719,1779534107713,1779534107733,1779534107734,1779534107734,1779534107752
2026-05-23T11:01:47.8176530Z,1779534107817,1359,1730,1779534107751,1779534107751,1779534107746,1779534107768,1779534107768,1779534107770,1779534107784
2026-05-23T11:01:47.8824560Z,1779534107882,1360,1731,1779534107784,1779534107784,1779534107778,1779534107809,1779534107809,1779534107814,1779534107849
2026-05-23T11:01:47.9152270Z,1779534107915,1361,1733,1779534107849,1779534107849,1779534107843,1779534107868,1779534107869,1779534107870,1779534107882
2026-05-23T11:01:47.9481900Z,1779534107948,1362,1734,1779534107882,1779534107882,1779534107876,1779534107904,1779534107904,1779534107907,1779534107915
2026-05-23T11:01:48.0136640Z,1779534108013,1363,1736,1779534107948,1779534107948,1779534107942,1779534107944,1779534107944,1779534107945,1779534107980
2026-05-23T11:01:48.0557060Z,1779534108055,1364,1737,1779534107980,1779534107980,1779534107975,1779534108003,1779534108004,1779534108007,1779534108013
2026-05-23T11:01:48.0875940Z,1779534108087,1365,1738,1779534108013,1779534108013,1779534108007,1779534108039,1779534108039,1779534108043,1779534108056
2026-05-23T11:01:48.1954960Z,1779534108195,1366,1739,1779534108055,1779534108055,1779534108049,1779534108080,1779534108080,1779534108085,1779534108128
2026-05-23T11:01:48.1990910Z,1779534108199,1368,1741,1779534108128,1779534108128,1779534108122,1779534108139,1779534108175,1779534108178,1779534108195
2026-05-23T11:01:48.2654790Z,1779534108265,1369,1743,1779534108199,1779534108199,1779534108193,1779534108216,1779534108216,1779534108220,1779534108232
2026-05-23T11:01:48.3314920Z,1779534108331,1370,1745,1779534108265,1779534108265,1779534108259,1779534108275,1779534108275,1779534108278,1779534108299
2026-05-23T11:01:48.3636180Z,1779534108363,1371,1746,1779534108299,1779534108299,1779534108293,1779534108309,1779534108309,1779534108314,1779534108331
2026-05-23T11:01:48.3968700Z,1779534108396,1372,1747,1779534108331,1779534108331,1779534108325,1779534108350,1779534108350,1779534108351,1779534108363
2026-05-23T11:01:48.4619120Z,1779534108461,1373,1749,1779534108396,1779534108396,1779534108391,1779534108410,1779534108410,1779534108415,1779534108429
2026-05-23T11:01:48.4947720Z,1779534108494,1374,1750,1779534108429,1779534108429,1779534108423,1779534108444,1779534108445,1779534108446,1779534108462
2026-05-23T11:01:48.5278330Z,1779534108527,1375,1751,1779534108462,1779534108462,1779534108456,1779534108486,1779534108486,1779534108487,1779534108494
2026-05-23T11:01:48.5997070Z,1779534108599,1376,1753,1779534108527,1779534108527,1779534108521,1779534108545,1779534108545,1779534108545,1779534108568
2026-05-23T11:01:48.6402720Z,1779534108640,1377,1754,1779534108568,1779534108568,1779534108562,1779534108579,1779534108579,1779534108582,1779534108599
2026-05-23T11:01:48.6716480Z,1779534108671,1378,1755,1779534108599,1779534108599,1779534108593,1779534108620,1779534108620,1779534108625,1779534108640
2026-05-23T11:01:48.7370440Z,1779534108737,1379,1757,1779534108671,1779534108671,1779534108665,1779534108679,1779534108679,1779534108682,1779534108704
2026-05-23T11:01:48.7691020Z,1779534108769,1380,1758,1779534108704,1779534108704,1779534108698,1779534108713,1779534108714,1779534108719,1779534108737
2026-05-23T11:01:48.8019330Z,1779534108801,1381,1759,1779534108737,1779534108737,1779534108731,1779534108755,1779534108755,1779534108756,1779534108769
2026-05-23T11:01:48.8672880Z,1779534108867,1382,1761,1779534108801,1779534108802,1779534108796,1779534108814,1779534108814,1779534108814,1779534108834
2026-05-23T11:01:48.8997830Z,1779534108899,1383,1762,1779534108834,1779534108834,1779534108828,1779534108849,1779534108849,1779534108851,1779534108867
2026-05-23T11:01:48.9653190Z,1779534108965,1384,1763,1779534108867,1779534108867,1779534108861,1779534108890,1779534108890,1779534108893,1779534108933
2026-05-23T11:01:48.9984160Z,1779534108998,1385,1765,1779534108932,1779534108933,1779534108927,1779534108952,1779534108952,1779534108956,1779534108965
2026-05-23T11:01:49.0309550Z,1779534109030,1386,1766,1779534108965,1779534108965,1779534108959,1779534108987,1779534108987,1779534108988,1779534108998
2026-05-23T11:01:49.1032110Z,1779534109103,1387,1768,1779534109031,1779534109031,1779534109025,1779534109027,1779534109027,1779534109030,1779534109072
2026-05-23T11:01:49.1473540Z,1779534109147,1388,1769,1779534109072,1779534109072,1779534109066,1779534109088,1779534109089,1779534109093,1779534109103
2026-05-23T11:01:49.1780880Z,1779534109178,1389,1770,1779534109103,1779534109103,1779534109097,1779534109122,1779534109123,1779534109125,1779534109147
2026-05-23T11:01:49.2107920Z,1779534109210,1390,1771,1779534109147,1779534109147,1779534109141,1779534109163,1779534109163,1779534109167,1779534109178
2026-05-23T11:01:49.2820990Z,1779534109282,1392,1773,1779534109210,1779534109210,1779534109206,1779534109222,1779534109257,1779534109261,1779534109279
2026-05-23T11:01:49.3490890Z,1779534109349,1393,1775,1779534109282,1779534109282,1779534109276,1779534109298,1779534109298,1779534109303,1779534109315
2026-05-23T11:01:49.4147380Z,1779534109414,1394,1777,1779534109349,1779534109349,1779534109344,1779534109357,1779534109358,1779534109361,1779534109382
2026-05-23T11:01:49.4473040Z,1779534109447,1395,1778,1779534109382,1779534109382,1779534109376,1779534109392,1779534109393,1779534109393,1779534109415
2026-05-23T11:01:49.4798820Z,1779534109479,1396,1779,1779534109414,1779534109414,1779534109408,1779534109434,1779534109434,1779534109436,1779534109447
2026-05-23T11:01:49.5459260Z,1779534109545,1397,1781,1779534109479,1779534109479,1779534109474,1779534109495,1779534109495,1779534109498,1779534109512
2026-05-23T11:01:49.5871640Z,1779534109587,1398,1782,1779534109512,1779534109512,1779534109506,1779534109531,1779534109531,1779534109534,1779534109546
2026-05-23T11:01:49.6569920Z,1779534109656,1399,1783,1779534109545,1779534109546,1779534109540,1779534109573,1779534109573,1779534109575,1779534109587
2026-05-23T11:01:49.6605630Z,1779534109660,1400,1784,1779534109587,1779534109587,1779534109581,1779534109631,1779534109632,1779534109632,1779534109657
2026-05-23T11:01:49.7249640Z,1779534109724,1401,1786,1779534109660,1779534109660,1779534109654,1779534109666,1779534109666,1779534109669,1779534109692
2026-05-23T11:01:49.7578040Z,1779534109757,1402,1787,1779534109692,1779534109692,1779534109686,1779534109707,1779534109707,1779534109711,1779534109725
2026-05-23T11:01:49.8228180Z,1779534109822,1403,1789,1779534109757,1779534109757,1779534109752,1779534109767,1779534109767,1779534109768,1779534109790
2026-05-23T11:01:49.8559410Z,1779534109855,1404,1790,1779534109790,1779534109790,1779534109784,1779534109803,1779534109803,1779534109806,1779534109822
2026-05-23T11:01:49.8885490Z,1779534109888,1405,1791,1779534109822,1779534109822,1779534109816,1779534109843,1779534109843,1779534109847,1779534109856
2026-05-23T11:01:49.9537900Z,1779534109953,1406,1793,1779534109888,1779534109888,1779534109882,1779534109903,1779534109903,1779534109904,1779534109921
2026-05-23T11:01:49.9869180Z,1779534109986,1407,1794,1779534109921,1779534109921,1779534109915,1779534109938,1779534109939,1779534109939,1779534109953
2026-05-23T11:01:50.0524670Z,1779534110052,1408,1795,1779534109953,1779534109953,1779534109947,1779534109978,1779534109978,1779534109982,1779534110019
2026-05-23T11:01:50.0861290Z,1779534110086,1409,1797,1779534110019,1779534110019,1779534110013,1779534110038,1779534110038,1779534110039,1779534110052
2026-05-23T11:01:50.1273900Z,1779534110127,1410,1798,1779534110052,1779534110052,1779534110046,1779534110074,1779534110074,1779534110075,1779534110086
2026-05-23T11:01:50.1583690Z,1779534110158,1411,1799,1779534110086,1779534110086,1779534110080,1779534110115,1779534110115,1779534110116,1779534110127
2026-05-23T11:01:50.2301110Z,1779534110230,1412,1801,1779534110158,1779534110158,1779534110152,1779534110175,1779534110175,1779534110178,1779534110199
2026-05-23T11:01:50.2630590Z,1779534110263,1413,1802,1779534110198,1779534110198,1779534110193,1779534110210,1779534110210,1779534110215,1779534110230
2026-05-23T11:01:50.2957160Z,1779534110295,1414,1803,1779534110230,1779534110230,1779534110224,1779534110251,1779534110251,1779534110251,1779534110263
2026-05-23T11:01:50.3980260Z,1779534110398,1415,1805,1779534110295,1779534110295,1779534110290,1779534110311,1779534110311,1779534110315,1779534110329
2026-05-23T11:01:50.4013300Z,1779534110401,1417,1806,1779534110329,1779534110329,1779534110323,1779534110346,1779534110387,1779534110388,1779534110398
2026-05-23T11:01:50.5013710Z,1779534110501,1418,1809,1779534110434,1779534110434,1779534110429,1779534110446,1779534110447,1779534110447,1779534110468
2026-05-23T11:01:50.5339360Z,1779534110533,1419,1810,1779534110468,1779534110468,1779534110462,1779534110481,1779534110481,1779534110483,1779534110501
2026-05-23T11:01:50.5672640Z,1779534110567,1420,1811,1779534110501,1779534110501,1779534110495,1779534110523,1779534110523,1779534110525,1779534110534
2026-05-23T11:01:50.6388450Z,1779534110638,1421,1813,1779534110567,1779534110567,1779534110561,1779534110582,1779534110582,1779534110587,1779534110607
2026-05-23T11:01:50.6794410Z,1779534110679,1422,1814,1779534110607,1779534110607,1779534110602,1779534110616,1779534110616,1779534110618,1779534110639
2026-05-23T11:01:50.7106030Z,1779534110710,1423,1815,1779534110638,1779534110638,1779534110633,1779534110658,1779534110658,1779534110660,1779534110679
2026-05-23T11:01:50.7757610Z,1779534110775,1424,1817,1779534110710,1779534110710,1779534110704,1779534110717,1779534110718,1779534110718,1779534110743
2026-05-23T11:01:50.8088050Z,1779534110808,1425,1818,1779534110743,1779534110743,1779534110737,1779534110754,1779534110755,1779534110760,1779534110775
2026-05-23T11:01:50.8413630Z,1779534110841,1426,1819,1779534110775,1779534110775,1779534110769,1779534110794,1779534110795,1779534110796,1779534110808
2026-05-23T11:01:50.9066070Z,1779534110906,1427,1821,1779534110841,1779534110841,1779534110835,1779534110853,1779534110854,1779534110858,1779534110874
2026-05-23T11:01:50.9394840Z,1779534110939,1428,1822,1779534110874,1779534110874,1779534110868,1779534110888,1779534110888,1779534110890,1779534110906
2026-05-23T11:01:50.9719990Z,1779534110971,1429,1823,1779534110906,1779534110906,1779534110900,1779534110929,1779534110929,1779534110932,1779534110939
2026-05-23T11:01:51.0372500Z,1779534111037,1430,1825,1779534110972,1779534110972,1779534110966,1779534110989,1779534110989,1779534110989,1779534111004
2026-05-23T11:01:51.0703260Z,1779534111070,1431,1826,1779534111004,1779534111004,1779534110998,1779534111024,1779534111024,1779534111028,1779534111037
2026-05-23T11:01:51.1492530Z,1779534111149,1433,1828,1779534111070,1779534111070,1779534111064,1779534111065,1779534111125,1779534111129,1779534111145
2026-05-23T11:01:51.2223770Z,1779534111222,1434,1830,1779534111149,1779534111149,1779534111143,1779534111159,1779534111159,1779534111162,1779534111182
2026-05-23T11:01:51.2530980Z,1779534111253,1435,1831,1779534111182,1779534111182,1779534111176,1779534111200,1779534111200,1779534111203,1779534111222
2026-05-23T11:01:51.3187880Z,1779534111318,1436,1833,1779534111253,1779534111253,1779534111248,1779534111259,1779534111259,1779534111261,1779534111286
2026-05-23T11:01:51.3512830Z,1779534111351,1437,1834,1779534111285,1779534111285,1779534111280,1779534111295,1779534111295,1779534111298,1779534111319
2026-05-23T11:01:51.3835920Z,1779534111383,1438,1835,1779534111318,1779534111318,1779534111313,1779534111336,1779534111336,1779534111340,1779534111351
2026-05-23T11:01:51.4562760Z,1779534111456,1440,1837,1779534111383,1779534111383,1779534111377,1779534111395,1779534111431,1779534111434,1779534111453
2026-05-23T11:01:51.5230230Z,1779534111523,1441,1839,1779534111456,1779534111456,1779534111450,1779534111473,1779534111474,1779534111476,1779534111489
2026-05-23T11:01:51.5888880Z,1779534111588,1442,1841,1779534111523,1779534111523,1779534111517,1779534111533,1779534111533,1779534111534,1779534111556
2026-05-23T11:01:51.6297030Z,1779534111629,1443,1842,1779534111556,1779534111556,1779534111550,1779534111569,1779534111570,1779534111571,1779534111589
2026-05-23T11:01:51.6612060Z,1779534111661,1444,1843,1779534111588,1779534111588,1779534111583,1779534111611,1779534111611,1779534111612,1779534111630
2026-05-23T11:01:51.7346390Z,1779534111734,1445,1845,1779534111661,1779534111661,1779534111655,1779534111670,1779534111670,1779534111670,1779534111694
2026-05-23T11:01:51.7663240Z,1779534111766,1446,1846,1779534111694,1779534111694,1779534111688,1779534111706,1779534111706,1779534111707,1779534111734
2026-05-23T11:01:51.7988650Z,1779534111798,1447,1847,1779534111734,1779534111734,1779534111728,1779534111747,1779534111747,1779534111749,1779534111766
2026-05-23T11:01:51.8636240Z,1779534111863,1448,1849,1779534111798,1779534111799,1779534111794,1779534111806,1779534111807,1779534111811,1779534111831
2026-05-23T11:01:51.8966650Z,1779534111896,1449,1850,1779534111831,1779534111831,1779534111825,1779534111841,1779534111841,1779534111843,1779534111863
2026-05-23T11:01:51.9292700Z,1779534111929,1450,1851,1779534111863,1779534111863,1779534111858,1779534111882,1779534111882,1779534111885,1779534111896
2026-05-23T11:01:51.9944180Z,1779534111994,1451,1853,1779534111929,1779534111929,1779534111923,1779534111942,1779534111942,1779534111942,1779534111962
2026-05-23T11:01:52.0276470Z,1779534112027,1452,1854,1779534111962,1779534111962,1779534111956,1779534111977,1779534111977,1779534111980,1779534111994
2026-05-23T11:01:52.0924810Z,1779534112092,1453,1855,1779534111994,1779534111994,1779534111988,1779534112020,1779534112020,1779534112023,1779534112059
2026-05-23T11:01:52.1259930Z,1779534112125,1454,1857,1779534112059,1779534112059,1779534112054,1779534112083,1779534112083,1779534112083,1779534112092
2026-05-23T11:01:52.2001370Z,1779534112200,1455,1859,1779534112126,1779534112126,1779534112121,1779534112121,1779534112122,1779534112126,1779534112169
2026-05-23T11:01:52.2411590Z,1779534112241,1456,1859,1779534112126,1779534112126,1779534112121,1779534112121,1779534112161,1779534112162,1779534112200
2026-05-23T11:01:52.2725910Z,1779534112272,1457,1861,1779534112200,1779534112200,1779534112194,1779534112220,1779534112221,1779534112225,1779534112241
2026-05-23T11:01:52.3054610Z,1779534112305,1458,1862,1779534112241,1779534112241,1779534112235,1779534112255,1779534112255,1779534112257,1779534112272
2026-05-23T11:01:52.3379200Z,1779534112337,1459,1863,1779534112272,1779534112272,1779534112266,1779534112297,1779534112297,1779534112298,1779534112305
2026-05-23T11:01:52.4038490Z,1779534112403,1460,1865,1779534112337,1779534112337,1779534112332,1779534112357,1779534112357,1779534112360,1779534112371
2026-05-23T11:01:52.4686660Z,1779534112468,1461,1866,1779534112370,1779534112370,1779534112365,1779534112392,1779534112392,1779534112397,1779534112436
2026-05-23T11:01:52.5376970Z,1779534112537,1462,1868,1779534112435,1779534112435,1779534112429,1779534112435,1779534112436,1779534112439,1779534112468
2026-05-23T11:01:52.5411050Z,1779534112541,1463,1869,1779534112468,1779534112468,1779534112462,1779534112495,1779534112496,1779534112496,1779534112537
2026-05-23T11:01:52.5749030Z,1779534112574,1464,1870,1779534112537,1779534112537,1779534112533,1779534112533,1779534112533,1779534112534,1779534112541
2026-05-23T11:01:52.6816430Z,1779534112681,1465,1872,1779534112575,1779534112575,1779534112569,1779534112575,1779534112575,1779534112575,1779534112608
2026-05-23T11:01:52.6857340Z,1779534112685,1467,1873,1779534112608,1779534112608,1779534112602,1779534112635,1779534112670,1779534112674,1779534112681
2026-05-23T11:01:52.7900120Z,1779534112790,1468,1876,1779534112717,1779534112717,1779534112712,1779534112712,1779534112712,1779534112717,1779534112758
2026-05-23T11:01:52.8226280Z,1779534112822,1469,1877,1779534112758,1779534112758,1779534112752,1779534112771,1779534112771,1779534112774,1779534112790
2026-05-23T11:01:52.8553610Z,1779534112855,1470,1878,1779534112790,1779534112790,1779534112784,1779534112806,1779534112806,1779534112811,1779534112822
2026-05-23T11:01:52.8881890Z,1779534112888,1471,1879,1779534112822,1779534112822,1779534112816,1779534112847,1779534112847,1779534112848,1779534112855
2026-05-23T11:01:52.9535700Z,1779534112953,1472,1881,1779534112888,1779534112888,1779534112882,1779534112905,1779534112906,1779534112906,1779534112920
2026-05-23T11:01:52.9857280Z,1779534112985,1473,1882,1779534112920,1779534112920,1779534112914,1779534112940,1779534112940,1779534112943,1779534112953
2026-05-23T11:01:53.0511470Z,1779534113051,1474,1884,1779534112985,1779534112985,1779534112979,1779534112984,1779534112984,1779534112985,1779534113018
2026-05-23T11:01:53.0834790Z,1779534113083,1475,1885,1779534113018,1779534113018,1779534113013,1779534113041,1779534113041,1779534113042,1779534113051
2026-05-23T11:01:53.1920810Z,1779534113192,1476,1886,1779534113051,1779534113051,1779534113045,1779534113076,1779534113076,1779534113079,1779534113117
2026-05-23T11:01:53.1962190Z,1779534113196,1478,1888,1779534113117,1779534113117,1779534113111,1779534113117,1779534113177,1779534113181,1779534113192
2026-05-23T11:01:53.2696650Z,1779534113269,1479,1890,1779534113196,1779534113196,1779534113190,1779534113215,1779534113215,1779534113217,1779534113235
2026-05-23T11:01:53.3005070Z,1779534113300,1480,1891,1779534113235,1779534113235,1779534113229,1779534113258,1779534113258,1779534113259,1779534113269
2026-05-23T11:01:53.3658620Z,1779534113365,1481,1893,1779534113300,1779534113300,1779534113294,1779534113319,1779534113319,1779534113322,1779534113333
2026-05-23T11:01:53.3989940Z,1779534113398,1482,1894,1779534113333,1779534113333,1779534113327,1779534113356,1779534113356,1779534113359,1779534113366
2026-05-23T11:01:53.4634910Z,1779534113463,1483,1896,1779534113399,1779534113399,1779534113393,1779534113396,1779534113396,1779534113401,1779534113431
2026-05-23T11:01:53.5293800Z,1779534113529,1484,1897,1779534113431,1779534113431,1779534113425,1779534113455,1779534113455,1779534113458,1779534113496
2026-05-23T11:01:53.5617250Z,1779534113561,1485,1899,1779534113496,1779534113496,1779534113490,1779534113494,1779534113494,1779534113494,1779534113530
2026-05-23T11:01:53.6304670Z,1779534113630,1486,1900,1779534113529,1779534113529,1779534113523,1779534113533,1779534113533,1779534113535,1779534113561
2026-05-23T11:01:53.6338620Z,1779534113633,1487,1901,1779534113561,1779534113561,1779534113556,1779534113593,1779534113593,1779534113597,1779534113630
2026-05-23T11:01:53.7076630Z,1779534113707,1488,1903,1779534113633,1779534113633,1779534113628,1779534113628,1779534113629,1779534113629,1779534113667
2026-05-23T11:01:53.7786300Z,1779534113778,1489,1904,1779534113667,1779534113667,1779534113661,1779534113669,1779534113669,1779534113670,1779534113707
2026-05-23T11:01:53.7819610Z,1779534113781,1491,1905,1779534113707,1779534113707,1779534113701,1779534113729,1779534113764,1779534113767,1779534113778
2026-05-23T11:01:53.8798540Z,1779534113879,1492,1907,1779534113782,1779534113782,1779534113775,1779534113806,1779534113806,1779534113810,1779534113847
2026-05-23T11:01:53.9129770Z,1779534113912,1493,1909,1779534113847,1779534113847,1779534113841,1779534113867,1779534113867,1779534113867,1779534113880
2026-05-23T11:01:53.9456980Z,1779534113945,1494,1910,1779534113879,1779534113879,1779534113873,1779534113901,1779534113901,1779534113903,1779534113913
2026-05-23T11:01:54.0111340Z,1779534114011,1495,1912,1779534113945,1779534113945,1779534113939,1779534113942,1779534113943,1779534113945,1779534113978
2026-05-23T11:01:54.0439810Z,1779534114043,1496,1913,1779534113978,1779534113978,1779534113973,1779534114002,1779534114002,1779534114003,1779534114011
2026-05-23T11:01:54.1091710Z,1779534114109,1497,1914,1779534114011,1779534114011,1779534114005,1779534114038,1779534114038,1779534114039,1779534114076
2026-05-23T11:01:54.1422180Z,1779534114142,1498,1916,1779534114076,1779534114076,1779534114070,1779534114078,1779534114078,1779534114081,1779534114109
2026-05-23T11:01:54.2171700Z,1779534114217,1499,1918,1779534114142,1779534114142,1779534114136,1779534114138,1779534114139,1779534114140,1779534114176
2026-05-23T11:01:54.2486790Z,1779534114248,1500,1919,1779534114175,1779534114175,1779534114170,1779534114174,1779534114174,1779534114176,1779534114217
2026-05-23T11:01:54.2886930Z,1779534114288,1501,1920,1779534114217,1779534114217,1779534114211,1779534114215,1779534114215,1779534114217,1779534114248
2026-05-23T11:01:54.3199750Z,1779534114319,1502,1921,1779534114248,1779534114248,1779534114242,1779534114274,1779534114275,1779534114279,1779534114288
2026-05-23T11:01:54.3855780Z,1779534114385,1503,1922,1779534114288,1779534114288,1779534114283,1779534114311,1779534114311,1779534114317,1779534114352
2026-05-23T11:01:54.4184050Z,1779534114418,1504,1924,1779534114352,1779534114352,1779534114346,1779534114355,1779534114355,1779534114358,1779534114385
2026-05-23T11:01:54.4832830Z,1779534114483,1505,1926,1779534114418,1779534114418,1779534114413,1779534114414,1779534114415,1779534114415,1779534114451
2026-05-23T11:01:54.5164750Z,1779534114516,1506,1927,1779534114450,1779534114450,1779534114445,1779534114450,1779534114450,1779534114451,1779534114483
2026-05-23T11:01:54.5491460Z,1779534114549,1507,1928,1779534114483,1779534114483,1779534114477,1779534114492,1779534114493,1779534114498,1779534114516
2026-05-23T11:01:54.6211010Z,1779534114621,1508,1930,1779534114549,1779534114549,1779534114543,1779534114555,1779534114555,1779534114555,1779534114584
2026-05-23T11:01:54.6574960Z,1779534114657,1509,1931,1779534114583,1779534114583,1779534114577,1779534114589,1779534114589,1779534114592,1779534114621
2026-05-23T11:01:54.6999860Z,1779534114699,1510,1932,1779534114621,1779534114621,1779534114615,1779534114631,1779534114631,1779534114634,1779534114657
2026-05-23T11:01:54.7351690Z,1779534114735,1511,1933,1779534114657,1779534114657,1779534114651,1779534114691,1779534114691,1779534114691,1779534114700
2026-05-23T11:01:54.8135480Z,1779534114813,1512,1934,1779534114700,1779534114700,1779534114694,1779534114726,1779534114727,1779534114728,1779534114777
2026-05-23T11:01:54.8460030Z,1779534114846,1513,1935,1779534114735,1779534114735,1779534114729,1779534114768,1779534114768,1779534114770,1779534114813
2026-05-23T11:01:54.9156770Z,1779534114915,1514,1937,1779534114813,1779534114813,1779534114807,1779534114828,1779534114829,1779534114833,1779534114846
2026-05-23T11:01:54.9193040Z,1779534114919,1516,1938,1779534114846,1779534114846,1779534114840,1779534114864,1779534114905,1779534114906,1779534114915
2026-05-23T11:01:55.0190110Z,1779534115019,1517,1941,1779534114952,1779534114952,1779534114947,1779534114964,1779534114965,1779534114965,1779534114986
2026-05-23T11:01:55.0515880Z,1779534115051,1518,1942,1779534114986,1779534114986,1779534114980,1779534114999,1779534114999,1779534115000,1779534115019
2026-05-23T11:01:55.1177350Z,1779534115117,1519,1943,1779534115019,1779534115019,1779534115013,1779534115041,1779534115042,1779534115046,1779534115084
2026-05-23T11:01:55.1528840Z,1779534115152,1520,1945,1779534115084,1779534115084,1779534115078,1779534115101,1779534115101,1779534115103,1779534115117
2026-05-23T11:01:55.1861840Z,1779534115186,1521,1946,1779534115117,1779534115117,1779534115111,1779534115136,1779534115136,1779534115139,1779534115153
2026-05-23T11:01:55.2969390Z,1779534115296,1522,1947,1779534115152,1779534115152,1779534115147,1779534115178,1779534115178,1779534115181,1779534115227
2026-05-23T11:01:55.3015720Z,1779534115301,1524,1949,1779534115226,1779534115226,1779534115221,1779534115237,1779534115277,1779534115282,1779534115297
2026-05-23T11:01:55.3664630Z,1779534115366,1525,1951,1779534115301,1779534115301,1779534115295,1779534115318,1779534115318,1779534115319,1779534115333
2026-05-23T11:01:55.4316270Z,1779534115431,1526,1953,1779534115366,1779534115366,1779534115360,1779534115377,1779534115378,1779534115382,1779534115399
2026-05-23T11:01:55.4642670Z,1779534115464,1527,1954,1779534115398,1779534115398,1779534115393,1779534115411,1779534115411,1779534115414,1779534115432
2026-05-23T11:01:55.4971090Z,1779534115497,1528,1955,1779534115431,1779534115431,1779534115425,1779534115452,1779534115452,1779534115456,1779534115464
2026-05-23T11:01:55.5622250Z,1779534115562,1529,1957,1779534115497,1779534115497,1779534115491,1779534115514,1779534115514,1779534115514,1779534115529
2026-05-23T11:01:55.5946540Z,1779534115594,1530,1958,1779534115529,1779534115529,1779534115523,1779534115548,1779534115548,1779534115553,1779534115562
2026-05-23T11:01:55.6602650Z,1779534115660,1531,1960,1779534115594,1779534115594,1779534115589,1779534115590,1779534115590,1779534115594,1779534115628
2026-05-23T11:01:55.6926640Z,1779534115692,1532,1961,1779534115627,1779534115627,1779534115622,1779534115649,1779534115649,1779534115651,1779534115660
2026-05-23T11:01:55.8010400Z,1779534115801,1533,1962,1779534115660,1779534115660,1779534115654,1779534115684,1779534115684,1779534115688,1779534115734
2026-05-23T11:01:55.8044210Z,1779534115804,1535,1964,1779534115733,1779534115733,1779534115728,1779534115784,1779534115784,1779534115788,1779534115801
2026-05-23T11:01:55.8716460Z,1779534115871,1536,1966,1779534115804,1779534115804,1779534115798,1779534115819,1779534115819,1779534115825,1779534115838
2026-05-23T11:01:55.9049220Z,1779534115904,1537,1967,1779534115838,1779534115838,1779534115832,1779534115860,1779534115860,1779534115861,1779534115871
2026-05-23T11:01:55.9707080Z,1779534115970,1538,1969,1779534115904,1779534115905,1779534115899,1779534115920,1779534115920,1779534115924,1779534115938
2026-05-23T11:01:56.0032120Z,1779534116003,1539,1970,1779534115938,1779534115938,1779534115932,1779534115954,1779534115954,1779534115955,1779534115971
2026-05-23T11:01:56.0688080Z,1779534116068,1540,1971,1779534115970,1779534115970,1779534115964,1779534115995,1779534115995,1779534115998,1779534116035
2026-05-23T11:01:56.1012460Z,1779534116101,1541,1973,1779534116035,1779534116035,1779534116029,1779534116055,1779534116055,1779534116060,1779534116069
2026-05-23T11:01:56.1665140Z,1779534116166,1542,1974,1779534116068,1779534116068,1779534116062,1779534116093,1779534116093,1779534116096,1779534116133
2026-05-23T11:01:56.2002870Z,1779534116200,1543,1976,1779534116133,1779534116133,1779534116127,1779534116133,1779534116133,1779534116137,1779534116166
2026-05-23T11:01:56.2730120Z,1779534116273,1544,1977,1779534116166,1779534116166,1779534116160,1779534116192,1779534116192,1779534116194,1779534116241
2026-05-23T11:01:56.3057110Z,1779534116305,1545,1978,1779534116200,1779534116200,1779534116194,1779534116231,1779534116232,1779534116235,1779534116273
2026-05-23T11:01:56.3460010Z,1779534116346,1546,1980,1779534116273,1779534116273,1779534116267,1779534116271,1779534116271,1779534116271,1779534116305
2026-05-23T11:01:56.3774670Z,1779534116377,1547,1981,1779534116305,1779534116305,1779534116300,1779534116330,1779534116330,1779534116331,1779534116346
2026-05-23T11:01:56.4099990Z,1779534116409,1548,1982,1779534116346,1779534116346,1779534116340,1779534116365,1779534116365,1779534116367,1779534116377
2026-05-23T11:01:56.4755990Z,1779534116475,1549,1984,1779534116410,1779534116410,1779534116404,1779534116407,1779534116407,1779534116410,1779534116442
2026-05-23T11:01:56.5077470Z,1779534116507,1550,1985,1779534116442,1779534116442,1779534116436,1779534116466,1779534116466,1779534116468,1779534116475
2026-05-23T11:01:56.5727170Z,1779534116572,1551,1987,1779534116507,1779534116507,1779534116502,1779534116503,1779534116503,1779534116506,1779534116540
2026-05-23T11:01:56.6055840Z,1779534116605,1552,1988,1779534116540,1779534116540,1779534116534,1779534116544,1779534116544,1779534116548,1779534116572
2026-05-23T11:01:56.6708530Z,1779534116670,1553,1990,1779534116605,1779534116605,1779534116600,1779534116604,1779534116604,1779534116606,1779534116638
2026-05-23T11:01:56.7039670Z,1779534116703,1554,1991,1779534116638,1779534116638,1779534116632,1779534116644,1779534116644,1779534116648,1779534116671
2026-05-23T11:01:56.7760970Z,1779534116776,1555,1992,1779534116670,1779534116670,1779534116664,1779534116684,1779534116684,1779534116689,1779534116704
2026-05-23T11:01:56.7802030Z,1779534116780,1556,1993,1779534116704,1779534116704,1779534116698,1779534116743,1779534116743,1779534116748,1779534116776
2026-05-23T11:01:56.8876090Z,1779534116887,1557,1995,1779534116780,1779534116780,1779534116774,1779534116778,1779534116778,1779534116779,1779534116813
2026-05-23T11:01:56.8907520Z,1779534116890,1558,1996,1779534116812,1779534116812,1779534116807,1779534116819,1779534116819,1779534116821,1779534116887
2026-05-23T11:01:56.9246370Z,1779534116924,1559,1996,1779534116812,1779534116812,1779534116807,1779534116819,1779534116878,1779534116883,1779534116890
2026-05-23T11:01:56.9915220Z,1779534116991,1560,1998,1779534116890,1779534116890,1779534116884,1779534116917,1779534116917,1779534116920,1779534116958
2026-05-23T11:01:57.0237140Z,1779534117023,1561,2000,1779534116957,1779534116958,1779534116952,1779534116958,1779534116958,1779534116961,1779534116991
2026-05-23T11:01:57.0888460Z,1779534117088,1562,2001,1779534116991,1779534116991,1779534116985,1779534117017,1779534117017,1779534117020,1779534117056
2026-05-23T11:01:57.1222870Z,1779534117122,1563,2003,1779534117056,1779534117056,1779534117051,1779534117054,1779534117054,1779534117057,1779534117089
2026-05-23T11:01:57.1579900Z,1779534117157,1564,2004,1779534117088,1779534117088,1779534117083,1779534117095,1779534117095,1779534117099,1779534117122
2026-05-23T11:01:57.2624710Z,1779534117262,1565,2006,1779534117158,1779534117158,1779534117152,1779534117154,1779534117154,1779534117156,1779534117190
2026-05-23T11:01:57.2666390Z,1779534117266,1567,2007,1779534117190,1779534117190,1779534117184,1779534117189,1779534117231,1779534117233,1779534117262
2026-05-23T11:01:57.3700960Z,1779534117370,1569,2010,1779534117299,1779534117299,1779534117293,1779534117325,1779534117326,1779534117330,1779534117339
2026-05-23T11:01:57.4355400Z,1779534117435,1570,2012,1779534117370,1779534117370,1779534117364,1779534117366,1779534117366,1779534117368,1779534117402
2026-05-23T11:01:57.5005320Z,1779534117500,1572,2014,1779534117435,1779534117435,1779534117429,1779534117460,1779534117460,1779534117461,1779534117468
2026-05-23T11:01:57.5659310Z,1779534117565,1573,2016,1779534117500,1779534117500,1779534117494,1779534117503,1779534117503,1779534117508,1779534117533
2026-05-23T11:01:57.6310600Z,1779534117631,1574,2018,1779534117566,1779534117566,1779534117560,1779534117563,1779534117563,1779534117565,1779534117599
2026-05-23T11:01:57.6638720Z,1779534117663,1575,2019,1779534117598,1779534117598,1779534117593,1779534117597,1779534117597,1779534117601,1779534117631
2026-05-23T11:01:57.6969450Z,1779534117696,1576,2020,1779534117631,1779534117631,1779534117625,1779534117639,1779534117639,1779534117642,1779534117664
2026-05-23T11:01:57.7630700Z,1779534117763,1577,2022,1779534117697,1779534117697,1779534117693,1779534117699,1779534117699,1779534117700,1779534117729
2026-05-23T11:01:57.8037010Z,1779534117803,1578,2023,1779534117729,1779534117729,1779534117723,1779534117734,1779534117734,1779534117736,1779534117763
2026-05-23T11:01:57.8736910Z,1779534117873,1579,2024,1779534117763,1779534117763,1779534117757,1779534117778,1779534117778,1779534117782,1779534117804
2026-05-23T11:01:57.8777360Z,1779534117877,1580,2025,1779534117803,1779534117803,1779534117797,1779534117836,1779534117836,1779534117840,1779534117874
2026-05-23T11:01:57.9780940Z,1779534117978,1581,2026,1779534117873,1779534117873,1779534117868,1779534117871,1779534117871,1779534117876,1779534117909
2026-05-23T11:01:57.9812930Z,1779534117981,1582,2028,1779534117909,1779534117909,1779534117903,1779534117913,1779534117913,1779534117918,1779534117978
2026-05-23T11:01:58.0481610Z,1779534118048,1583,2029,1779534117978,1779534117978,1779534117972,1779534117973,1779534117973,1779534117975,1779534118014
2026-05-23T11:01:58.0810480Z,1779534118081,1584,2031,1779534118014,1779534118014,1779534118008,1779534118012,1779534118012,1779534118017,1779534118048
2026-05-23T11:01:58.1135110Z,1779534118113,1585,2032,1779534118048,1779534118048,1779534118042,1779534118054,1779534118055,1779534118059,1779534118081
2026-05-23T11:01:58.1790850Z,1779534118179,1586,2034,1779534118113,1779534118113,1779534118107,1779534118115,1779534118115,1779534118116,1779534118147
2026-05-23T11:01:58.2125280Z,1779534118212,1587,2035,1779534118146,1779534118146,1779534118141,1779534118149,1779534118150,1779534118153,1779534118179
2026-05-23T11:01:58.2458040Z,1779534118245,1588,2036,1779534118179,1779534118179,1779534118173,1779534118190,1779534118191,1779534118194,1779534118212
2026-05-23T11:01:58.3561320Z,1779534118356,1589,2038,1779534118245,1779534118245,1779534118241,1779534118250,1779534118250,1779534118251,1779534118286
2026-05-23T11:01:58.3595940Z,1779534118359,1591,2039,1779534118286,1779534118286,1779534118280,1779534118285,1779534118326,1779534118328,1779534118356
2026-05-23T11:01:58.4575550Z,1779534118457,1592,2041,1779534118359,1779534118359,1779534118353,1779534118385,1779534118385,1779534118385,1779534118424
2026-05-23T11:01:58.4904880Z,1779534118490,1593,2043,1779534118424,1779534118424,1779534118419,1779534118420,1779534118420,1779534118423,1779534118457
2026-05-23T11:01:58.5306120Z,1779534118530,1594,2044,1779534118457,1779534118457,1779534118451,1779534118461,1779534118461,1779534118464,1779534118490
2026-05-23T11:01:58.5618810Z,1779534118561,1595,2045,1779534118490,1779534118490,1779534118484,1779534118520,1779534118520,1779534118521,1779534118530
2026-05-23T11:01:58.6274240Z,1779534118627,1596,2046,1779534118530,1779534118530,1779534118524,1779534118555,1779534118555,1779534118558,1779534118594
2026-05-23T11:01:58.6601300Z,1779534118660,1597,2048,1779534118594,1779534118594,1779534118588,1779534118597,1779534118597,1779534118600,1779534118627
2026-05-23T11:01:58.7253670Z,1779534118725,1598,2050,1779534118660,1779534118660,1779534118654,1779534118657,1779534118657,1779534118661,1779534118692
2026-05-23T11:01:58.7593790Z,1779534118759,1599,2051,1779534118692,1779534118692,1779534118686,1779534118692,1779534118692,1779534118692,1779534118725
2026-05-23T11:01:58.7995780Z,1779534118799,1600,2052,1779534118725,1779534118725,1779534118720,1779534118734,1779534118734,1779534118735,1779534118759
2026-05-23T11:01:58.8714220Z,1779534118871,1601,2054,1779534118799,1779534118799,1779534118793,1779534118794,1779534118794,1779534118797,1779534118831
2026-05-23T11:01:58.9027370Z,1779534118902,1602,2055,1779534118830,1779534118831,1779534118826,1779534118829,1779534118830,1779534118833,1779534118871
2026-05-23T11:01:58.9357420Z,1779534118935,1603,2056,1779534118871,1779534118871,1779534118865,1779534118870,1779534118870,1779534118870,1779534118903
2026-05-23T11:01:59.0010660Z,1779534119001,1604,2057,1779534118902,1779534118902,1779534118897,1779534118929,1779534118929,1779534118933,1779534118968
2026-05-23T11:01:59.0709130Z,1779534119070,1605,2059,1779534118968,1779534118968,1779534118962,1779534118964,1779534118965,1779534118967,1779534119001
2026-05-23T11:01:59.0740930Z,1779534119074,1606,2060,1779534119001,1779534119001,1779534118995,1779534119005,1779534119006,1779534119009,1779534119071
2026-05-23T11:01:59.1430070Z,1779534119143,1607,2061,1779534119070,1779534119070,1779534119065,1779534119065,1779534119065,1779534119070,1779534119107
2026-05-23T11:01:59.1772720Z,1779534119177,1608,2062,1779534119074,1779534119074,1779534119068,1779534119102,1779534119102,1779534119107,1779534119143
2026-05-23T11:01:59.2094490Z,1779534119209,1609,2064,1779534119143,1779534119143,1779534119137,1779534119142,1779534119142,1779534119143,1779534119177
2026-05-23T11:01:59.2752880Z,1779534119275,1610,2066,1779534119209,1779534119209,1779534119203,1779534119207,1779534119207,1779534119207,1779534119242
2026-05-23T11:01:59.3161880Z,1779534119316,1611,2067,1779534119242,1779534119242,1779534119237,1779534119242,1779534119242,1779534119244,1779534119275
2026-05-23T11:01:59.3476250Z,1779534119347,1612,2068,1779534119275,1779534119275,1779534119270,1779534119283,1779534119284,1779534119286,1779534119316
2026-05-23T11:01:59.4196130Z,1779534119419,1613,2070,1779534119347,1779534119347,1779534119341,1779534119344,1779534119344,1779534119349,1779534119387
2026-05-23T11:01:59.4512280Z,1779534119451,1614,2070,1779534119347,1779534119347,1779534119341,1779534119344,1779534119380,1779534119385,1779534119419
2026-05-23T11:01:59.4841480Z,1779534119484,1615,2072,1779534119419,1779534119419,1779534119413,1779534119421,1779534119422,1779534119427,1779534119451
2026-05-23T11:01:59.5494250Z,1779534119549,1616,2074,1779534119484,1779534119484,1779534119478,1779534119481,1779534119482,1779534119486,1779534119517
2026-05-23T11:01:59.5822660Z,1779534119582,1617,2075,1779534119517,1779534119517,1779534119511,1779534119516,1779534119517,1779534119517,1779534119549
2026-05-23T11:01:59.6147450Z,1779534119614,1618,2076,1779534119549,1779534119549,1779534119544,1779534119558,1779534119558,1779534119559,1779534119582
2026-05-23T11:01:59.6801190Z,1779534119680,1619,2078,1779534119614,1779534119614,1779534119609,1779534119618,1779534119618,1779534119622,1779534119647
2026-05-23T11:01:59.7128090Z,1779534119712,1620,2079,1779534119647,1779534119647,1779534119641,1779534119653,1779534119653,1779534119658,1779534119680
2026-05-23T11:01:59.7455770Z,1779534119745,1621,2080,1779534119680,1779534119680,1779534119674,1779534119694,1779534119694,1779534119695,1779534119713
2026-05-23T11:01:59.8509140Z,1779534119850,1622,2082,1779534119745,1779534119745,1779534119739,1779534119754,1779534119754,1779534119759,1779534119778
2026-05-23T11:01:59.8566770Z,1779534119856,1624,2083,1779534119778,1779534119778,1779534119772,1779534119791,1779534119833,1779534119836,1779534119851
2026-05-23T11:01:59.9619090Z,1779534119961,1625,2086,1779534119889,1779534119889,1779534119883,1779534119893,1779534119893,1779534119896,1779534119931
2026-05-23T11:01:59.9946650Z,1779534119994,1626,2087,1779534119930,1779534119930,1779534119925,1779534119928,1779534119929,1779534119932,1779534119962
2026-05-23T11:02:00.0283160Z,1779534120028,1627,2088,1779534119962,1779534119962,1779534119956,1779534119969,1779534119969,1779534119973,1779534119995
2026-05-23T11:02:00.0931040Z,1779534120093,1628,2090,1779534120028,1779534120028,1779534120022,1779534120029,1779534120029,1779534120032,1779534120061
2026-05-23T11:02:00.1259180Z,1779534120125,1629,2091,1779534120061,1779534120061,1779534120055,1779534120064,1779534120064,1779534120064,1779534120093
2026-05-23T11:02:00.1588310Z,1779534120158,1630,2092,1779534120093,1779534120093,1779534120087,1779534120105,1779534120106,1779534120106,1779534120126
2026-05-23T11:02:00.2235800Z,1779534120223,1631,2094,1779534120158,1779534120158,1779534120153,1779534120165,1779534120166,1779534120170,1779534120191
2026-05-23T11:02:00.2561600Z,1779534120256,1632,2095,1779534120191,1779534120191,1779534120185,1779534120200,1779534120200,1779534120201,1779534120223
2026-05-23T11:02:00.2893980Z,1779534120289,1633,2096,1779534120223,1779534120223,1779534120217,1779534120242,1779534120242,1779534120243,1779534120256
2026-05-23T11:02:00.3716430Z,1779534120371,1635,2098,1779534120289,1779534120289,1779534120283,1779534120301,1779534120336,1779534120339,1779534120367
2026-05-23T11:02:00.4471570Z,1779534120447,1636,2100,1779534120371,1779534120371,1779534120365,1779534120377,1779534120377,1779534120382,1779534120406
2026-05-23T11:02:00.4785760Z,1779534120478,1637,2101,1779534120406,1779534120406,1779534120400,1779534120436,1779534120437,1779534120439,1779534120447
2026-05-23T11:02:00.5441460Z,1779534120544,1638,2102,1779534120447,1779534120447,1779534120441,1779534120471,1779534120471,1779534120475,1779534120511
2026-05-23T11:02:00.5771240Z,1779534120577,1639,2104,1779534120511,1779534120511,1779534120505,1779534120513,1779534120513,1779534120517,1779534120551
2026-05-23T11:02:00.6420010Z,1779534120642,1640,2106,1779534120577,1779534120577,1779534120571,1779534120572,1779534120572,1779534120574,1779534120609
2026-05-23T11:02:00.6745260Z,1779534120674,1641,2107,1779534120609,1779534120609,1779534120603,1779534120606,1779534120606,1779534120610,1779534120642
2026-05-23T11:02:00.7077010Z,1779534120707,1642,2108,1779534120642,1779534120642,1779534120636,1779534120647,1779534120647,1779534120647,1779534120674
2026-05-23T11:02:00.7724140Z,1779534120772,1643,2110,1779534120707,1779534120707,1779534120703,1779534120711,1779534120711,1779534120713,1779534120740
2026-05-23T11:02:00.8053250Z,1779534120805,1644,2111,1779534120739,1779534120739,1779534120734,1779534120746,1779534120746,1779534120749,1779534120772
2026-05-23T11:02:00.8386510Z,1779534120838,1645,2112,1779534120772,1779534120772,1779534120766,1779534120788,1779534120788,1779534120791,1779534120805
2026-05-23T11:02:00.9106310Z,1779534120910,1646,2114,1779534120838,1779534120838,1779534120832,1779534120846,1779534120846,1779534120848,1779534120879
2026-05-23T11:02:00.9509540Z,1779534120950,1647,2115,1779534120879,1779534120879,1779534120873,1779534120880,1779534120880,1779534120884,1779534120910
2026-05-23T11:02:00.9822210Z,1779534120982,1648,2116,1779534120910,1779534120910,1779534120904,1779534120920,1779534120921,1779534120921,1779534120951
2026-05-23T11:02:01.0470810Z,1779534121047,1649,2118,1779534120982,1779534120982,1779534120976,1779534120980,1779534120980,1779534120983,1779534121014
2026-05-23T11:02:01.0794900Z,1779534121079,1650,2119,1779534121014,1779534121014,1779534121009,1779534121015,1779534121015,1779534121020,1779534121047
2026-05-23T11:02:01.1122050Z,1779534121112,1651,2120,1779534121047,1779534121047,1779534121041,1779534121056,1779534121056,1779534121057,1779534121079
2026-05-23T11:02:01.1803450Z,1779534121180,1652,2122,1779534121112,1779534121112,1779534121106,1779534121115,1779534121115,1779534121120,1779534121148
2026-05-23T11:02:01.2489770Z,1779534121248,1653,2123,1779534121148,1779534121148,1779534121142,1779534121149,1779534121149,1779534121152,1779534121180
2026-05-23T11:02:01.2520580Z,1779534121252,1654,2124,1779534121180,1779534121180,1779534121174,1779534121191,1779534121191,1779534121194,1779534121249
2026-05-23T11:02:01.3192770Z,1779534121319,1655,2126,1779534121252,1779534121252,1779534121246,1779534121250,1779534121250,1779534121251,1779534121285
2026-05-23T11:02:01.3604810Z,1779534121360,1656,2127,1779534121285,1779534121285,1779534121279,1779534121285,1779534121285,1779534121287,1779534121319
2026-05-23T11:02:01.3915870Z,1779534121391,1657,2128,1779534121319,1779534121319,1779534121313,1779534121325,1779534121325,1779534121328,1779534121360
2026-05-23T11:02:01.4651140Z,1779534121465,1659,2130,1779534121391,1779534121391,1779534121385,1779534121417,1779534121418,1779534121422,1779534121434
2026-05-23T11:02:01.5297530Z,1779534121529,1660,2131,1779534121433,1779534121434,1779534121428,1779534121459,1779534121459,1779534121464,1779534121497
2026-05-23T11:02:01.5626970Z,1779534121562,1661,2133,1779534121497,1779534121497,1779534121491,1779534121518,1779534121518,1779534121520,1779534121530
2026-05-23T11:02:01.5952930Z,1779534121595,1662,2134,1779534121529,1779534121529,1779534121523,1779534121551,1779534121551,1779534121551,1779534121562
2026-05-23T11:02:01.6603690Z,1779534121660,1663,2136,1779534121595,1779534121595,1779534121589,1779534121592,1779534121592,1779534121594,1779534121628
2026-05-23T11:02:01.6927960Z,1779534121692,1664,2137,1779534121628,1779534121628,1779534121622,1779534121651,1779534121651,1779534121651,1779534121660
2026-05-23T11:02:01.7586590Z,1779534121758,1665,2139,1779534121693,1779534121693,1779534121687,1779534121694,1779534121695,1779534121699,1779534121725
2026-05-23T11:02:01.7908680Z,1779534121790,1666,2140,1779534121725,1779534121725,1779534121719,1779534121737,1779534121737,1779534121742,1779534121758
2026-05-23T11:02:01.8957410Z,1779534121895,1667,2142,1779534121790,1779534121790,1779534121785,1779534121796,1779534121796,1779534121799,1779534121824
2026-05-23T11:02:01.8998010Z,1779534121899,1669,2143,1779534121823,1779534121823,1779534121818,1779534121830,1779534121871,1779534121876,1779534121895
2026-05-23T11:02:02.0038740Z,1779534122003,1670,2146,1779534121932,1779534121932,1779534121926,1779534121932,1779534121932,1779534121935,1779534121972
2026-05-23T11:02:02.0366530Z,1779534122036,1671,2147,1779534121972,1779534121972,1779534121967,1779534121971,1779534121971,1779534121974,1779534122004
2026-05-23T11:02:02.0689850Z,1779534122068,1672,2148,1779534122003,1779534122003,1779534121998,1779534122011,1779534122011,1779534122015,1779534122036
2026-05-23T11:02:02.1343650Z,1779534122134,1673,2150,1779534122069,1779534122069,1779534122063,1779534122069,1779534122069,1779534122073,1779534122102
2026-05-23T11:02:02.1671080Z,1779534122167,1674,2151,1779534122101,1779534122101,1779534122096,1779534122103,1779534122103,1779534122105,1779534122134
2026-05-23T11:02:02.1996490Z,1779534122199,1675,2152,1779534122134,1779534122134,1779534122128,1779534122143,1779534122144,1779534122147,1779534122167
2026-05-23T11:02:02.2650820Z,1779534122265,1676,2154,1779534122199,1779534122199,1779534122196,1779534122202,1779534122203,1779534122206,1779534122233
2026-05-23T11:02:02.3344790Z,1779534122334,1677,2155,1779534122232,1779534122232,1779534122226,1779534122236,1779534122237,1779534122239,1779534122265
2026-05-23T11:02:02.3428080Z,1779534122342,1678,2156,1779534122265,1779534122265,1779534122259,1779534122277,1779534122277,1779534122282,1779534122334
2026-05-23T11:02:02.4174730Z,1779534122417,1679,2157,1779534122334,1779534122334,1779534122328,1779534122336,1779534122336,1779534122339,1779534122377
2026-05-23T11:02:02.4487980Z,1779534122448,1680,2158,1779534122342,1779534122342,1779534122336,1779534122370,1779534122371,1779534122377,1779534122417
2026-05-23T11:02:02.4819190Z,1779534122481,1681,2159,1779534122377,1779534122377,1779534122372,1779534122410,1779534122411,1779534122414,1779534122449
2026-05-23T11:02:02.5146700Z,1779534122514,1682,2161,1779534122448,1779534122448,1779534122443,1779534122469,1779534122470,1779534122472,1779534122482
2026-05-23T11:02:02.5474880Z,1779534122547,1683,2162,1779534122481,1779534122482,1779534122476,1779534122504,1779534122505,1779534122507,1779534122514
2026-05-23T11:02:02.6126290Z,1779534122612,1684,2164,1779534122547,1779534122547,1779534122541,1779534122545,1779534122545,1779534122548,1779534122579
2026-05-23T11:02:02.6785470Z,1779534122678,1685,2165,1779534122579,1779534122579,1779534122573,1779534122606,1779534122606,1779534122612,1779534122645
2026-05-23T11:02:02.7109850Z,1779534122710,1686,2167,1779534122645,1779534122645,1779534122639,1779534122640,1779534122640,1779534122643,1779534122678
2026-05-23T11:02:02.7437050Z,1779534122743,1687,2168,1779534122678,1779534122678,1779534122672,1779534122681,1779534122681,1779534122685,1779534122711
2026-05-23T11:02:02.8092720Z,1779534122809,1688,2170,1779534122743,1779534122743,1779534122738,1779534122741,1779534122742,1779534122742,1779534122776
2026-05-23T11:02:02.8419830Z,1779534122841,1689,2171,1779534122776,1779534122776,1779534122770,1779534122776,1779534122776,1779534122778,1779534122809
2026-05-23T11:02:02.8750330Z,1779534122875,1690,2172,1779534122809,1779534122809,1779534122803,1779534122817,1779534122817,1779534122820,1779534122842
2026-05-23T11:02:02.9861960Z,1779534122986,1691,2174,1779534122875,1779534122875,1779534122869,1779534122876,1779534122876,1779534122877,1779534122916
2026-05-23T11:02:02.9897820Z,1779534122989,1693,2175,1779534122915,1779534122915,1779534122910,1779534122910,1779534122951,1779534122955,1779534122986
2026-05-23T11:02:03.0548930Z,1779534123054,1694,2177,1779534122989,1779534122989,1779534122984,1779534123009,1779534123009,1779534123012,1779534123022
2026-05-23T11:02:03.1206440Z,1779534123120,1695,2178,1779534123022,1779534123022,1779534123016,1779534123048,1779534123048,1779534123050,1779534123087
2026-05-23T11:02:03.1572680Z,1779534123157,1696,2180,1779534123087,1779534123087,1779534123081,1779534123090,1779534123090,1779534123092,1779534123120
2026-05-23T11:02:03.1890620Z,1779534123189,1697,2181,1779534123120,1779534123120,1779534123115,1779534123149,1779534123149,1779534123150,1779534123157
2026-05-23T11:02:03.2543460Z,1779534123254,1698,2183,1779534123189,1779534123189,1779534123183,1779534123184,1779534123184,1779534123188,1779534123222
2026-05-23T11:02:03.2871830Z,1779534123287,1699,2184,1779534123221,1779534123221,1779534123216,1779534123224,1779534123224,1779534123230,1779534123254
2026-05-23T11:02:03.3527270Z,1779534123352,1700,2186,1779534123287,1779534123287,1779534123281,1779534123283,1779534123283,1779534123285,1779534123320
2026-05-23T11:02:03.4305670Z,1779534123430,1701,2187,1779534123319,1779534123319,1779534123313,1779534123320,1779534123320,1779534123322,1779534123352
2026-05-23T11:02:03.4341300Z,1779534123434,1703,2188,1779534123352,1779534123352,1779534123346,1779534123362,1779534123421,1779534123421,1779534123430
2026-05-23T11:02:03.5084310Z,1779534123508,1704,2190,1779534123434,1779534123434,1779534123428,1779534123454,1779534123454,1779534123457,1779534123468
2026-05-23T11:02:03.5398870Z,1779534123539,1705,2191,1779534123468,1779534123468,1779534123462,1779534123494,1779534123494,1779534123499,1779534123508
2026-05-23T11:02:03.6057220Z,1779534123605,1706,2193,1779534123539,1779534123539,1779534123534,1779534123553,1779534123553,1779534123556,1779534123573
2026-05-23T11:02:03.6387630Z,1779534123638,1707,2194,1779534123573,1779534123573,1779534123567,1779534123586,1779534123587,1779534123588,1779534123605
2026-05-23T11:02:03.6713970Z,1779534123671,1708,2195,1779534123605,1779534123605,1779534123600,1779534123629,1779534123629,1779534123629,1779534123639
2026-05-23T11:02:03.7359370Z,1779534123735,1709,2197,1779534123671,1779534123671,1779534123665,1779534123687,1779534123687,1779534123687,1779534123703
2026-05-23T11:02:03.7688760Z,1779534123768,1710,2198,1779534123703,1779534123703,1779534123697,1779534123721,1779534123721,1779534123723,1779534123736
2026-05-23T11:02:03.8341830Z,1779534123834,1711,2199,1779534123735,1779534123736,1779534123730,1779534123761,1779534123762,1779534123765,1779534123801
2026-05-23T11:02:03.8675160Z,1779534123867,1712,2201,1779534123801,1779534123801,1779534123795,1779534123821,1779534123821,1779534123826,1779534123834
2026-05-23T11:02:03.9416440Z,1779534123941,1713,2202,1779534123834,1779534123834,1779534123828,1779534123857,1779534123857,1779534123861,1779534123900
2026-05-23T11:02:03.9729230Z,1779534123972,1714,2204,1779534123900,1779534123900,1779534123895,1779534123897,1779534123897,1779534123902,1779534123941
2026-05-23T11:02:04.0139120Z,1779534124013,1715,2205,1779534123941,1779534123941,1779534123936,1779534123956,1779534123956,1779534123959,1779534123973
2026-05-23T11:02:04.0452480Z,1779534124045,1716,2206,1779534123972,1779534123973,1779534123967,1779534123990,1779534123990,1779534123995,1779534124014
2026-05-23T11:02:04.0777870Z,1779534124077,1717,2207,1779534124013,1779534124013,1779534124008,1779534124031,1779534124031,1779534124036,1779534124045
2026-05-23T11:02:04.1427050Z,1779534124142,1718,2209,1779534124077,1779534124077,1779534124074,1779534124089,1779534124089,1779534124090,1779534124110
2026-05-23T11:02:04.1757300Z,1779534124175,1719,2210,1779534124110,1779534124110,1779534124104,1779534124124,1779534124124,1779534124125,1779534124142
2026-05-23T11:02:04.2083180Z,1779534124208,1720,2211,1779534124142,1779534124142,1779534124136,1779534124164,1779534124164,1779534124167,1779534124176
2026-05-23T11:02:04.2734830Z,1779534124273,1721,2213,1779534124208,1779534124208,1779534124202,1779534124223,1779534124223,1779534124224,1779534124240
2026-05-23T11:02:04.3060000Z,1779534124306,1722,2214,1779534124240,1779534124240,1779534124235,1779534124258,1779534124258,1779534124262,1779534124273
2026-05-23T11:02:04.3387480Z,1779534124338,1723,2215,1779534124273,1779534124273,1779534124267,1779534124297,1779534124297,1779534124298,1779534124306
2026-05-23T11:02:04.4047990Z,1779534124404,1724,2217,1779534124338,1779534124338,1779534124333,1779534124356,1779534124356,1779534124360,1779534124372
2026-05-23T11:02:04.4452540Z,1779534124445,1725,2218,1779534124371,1779534124371,1779534124366,1779534124390,1779534124390,1779534124391,1779534124405
2026-05-23T11:02:04.5189680Z,1779534124518,1726,2219,1779534124404,1779534124404,1779534124399,1779534124431,1779534124431,1779534124433,1779534124445
2026-05-23T11:02:04.5223890Z,1779534124522,1727,2220,1779534124445,1779534124445,1779534124439,1779534124491,1779534124491,1779534124495,1779534124519
2026-05-23T11:02:04.5925430Z,1779534124592,1728,2222,1779534124522,1779534124522,1779534124516,1779534124525,1779534124525,1779534124526,1779534124557
2026-05-23T11:02:04.6314840Z,1779534124631,1729,2223,1779534124556,1779534124556,1779534124551,1779534124565,1779534124565,1779534124568,1779534124592
2026-05-23T11:02:04.7041260Z,1779534124704,1730,2225,1779534124631,1779534124631,1779534124625,1779534124625,1779534124626,1779534124630,1779534124668
2026-05-23T11:02:04.7408990Z,1779534124740,1731,2225,1779534124631,1779534124631,1779534124625,1779534124625,1779534124661,1779534124663,1779534124704
2026-05-23T11:02:04.7773320Z,1779534124777,1732,2227,1779534124704,1779534124704,1779534124698,1779534124703,1779534124703,1779534124704,1779534124741
2026-05-23T11:02:04.8149510Z,1779534124814,1733,2228,1779534124740,1779534124740,1779534124735,1779534124763,1779534124763,1779534124767,1779534124777
2026-05-23T11:02:04.8475020Z,1779534124847,1734,2229,1779534124777,1779534124777,1779534124771,1779534124799,1779534124799,1779534124803,1779534124815
2026-05-23T11:02:04.9131820Z,1779534124913,1735,2230,1779534124815,1779534124815,1779534124809,1779534124840,1779534124840,1779534124845,1779534124880
2026-05-23T11:02:04.9538840Z,1779534124953,1736,2232,1779534124880,1779534124880,1779534124874,1779534124898,1779534124898,1779534124902,1779534124913
2026-05-23T11:02:05.0240660Z,1779534125024,1737,2233,1779534124913,1779534124913,1779534124907,1779534124932,1779534124932,1779534124934,1779534124954
2026-05-23T11:02:05.0277440Z,1779534125027,1738,2234,1779534124953,1779534124953,1779534124948,1779534124972,1779534124973,1779534124976,1779534125024
2026-05-23T11:02:05.0919870Z,1779534125091,1739,2236,1779534125027,1779534125027,1779534125021,1779534125032,1779534125032,1779534125035,1779534125059
2026-05-23T11:02:05.1259210Z,1779534125125,1740,2237,1779534125059,1779534125059,1779534125053,1779534125066,1779534125066,1779534125067,1779534125092
2026-05-23T11:02:05.1594940Z,1779534125159,1741,2238,1779534125092,1779534125092,1779534125086,1779534125107,1779534125107,1779534125110,1779534125126
2026-05-23T11:02:05.2244020Z,1779534125224,1742,2240,1779534125159,1779534125159,1779534125153,1779534125166,1779534125166,1779534125168,1779534125192
2026-05-23T11:02:05.2572640Z,1779534125257,1743,2241,1779534125191,1779534125191,1779534125186,1779534125200,1779534125200,1779534125205,1779534125224
2026-05-23T11:02:05.2897400Z,1779534125289,1744,2242,1779534125224,1779534125224,1779534125218,1779534125240,1779534125240,1779534125242,1779534125257
2026-05-23T11:02:05.3547830Z,1779534125354,1745,2244,1779534125289,1779534125289,1779534125283,1779534125300,1779534125301,1779534125305,1779534125322
2026-05-23T11:02:05.3878410Z,1779534125387,1746,2245,1779534125322,1779534125322,1779534125316,1779534125337,1779534125337,1779534125337,1779534125354
2026-05-23T11:02:05.4205800Z,1779534125420,1747,2246,1779534125354,1779534125354,1779534125348,1779534125376,1779534125376,1779534125379,1779534125388
2026-05-23T11:02:05.4925910Z,1779534125492,1748,2248,1779534125420,1779534125420,1779534125414,1779534125435,1779534125435,1779534125436,1779534125461
2026-05-23T11:02:05.5329440Z,1779534125532,1749,2249,1779534125461,1779534125461,1779534125455,1779534125468,1779534125469,1779534125473,1779534125493
2026-05-23T11:02:05.5998310Z,1779534125599,1750,2250,1779534125492,1779534125492,1779534125486,1779534125509,1779534125509,1779534125510,1779534125533
2026-05-23T11:02:05.6029370Z,1779534125602,1751,2251,1779534125533,1779534125533,1779534125527,1779534125567,1779534125567,1779534125567,1779534125600
2026-05-23T11:02:05.6697320Z,1779534125669,1752,2253,1779534125602,1779534125603,1779534125597,1779534125602,1779534125603,1779534125604,1779534125636
2026-05-23T11:02:05.7030080Z,1779534125703,1753,2254,1779534125636,1779534125636,1779534125631,1779534125644,1779534125644,1779534125645,1779534125669
2026-05-23T11:02:05.7680610Z,1779534125768,1754,2256,1779534125703,1779534125703,1779534125697,1779534125703,1779534125703,1779534125708,1779534125735
2026-05-23T11:02:05.8004670Z,1779534125800,1755,2257,1779534125735,1779534125735,1779534125729,1779534125738,1779534125738,1779534125739,1779534125768
2026-05-23T11:02:05.8333730Z,1779534125833,1756,2258,1779534125768,1779534125768,1779534125762,1779534125779,1779534125779,1779534125781,1779534125800
2026-05-23T11:02:05.8990390Z,1779534125899,1757,2260,1779534125833,1779534125833,1779534125827,1779534125839,1779534125839,1779534125844,1779534125865
2026-05-23T11:02:05.9316410Z,1779534125931,1758,2261,1779534125865,1779534125865,1779534125860,1779534125878,1779534125878,1779534125880,1779534125899
2026-05-23T11:02:05.9723140Z,1779534125972,1759,2262,1779534125899,1779534125899,1779534125893,1779534125916,1779534125916,1779534125916,1779534125931
2026-05-23T11:02:06.0439860Z,1779534126043,1760,2264,1779534125972,1779534125972,1779534125966,1779534125975,1779534125975,1779534125979,1779534126004
2026-05-23T11:02:06.0748710Z,1779534126074,1761,2265,1779534126004,1779534126004,1779534125998,1779534126009,1779534126009,1779534126010,1779534126044
2026-05-23T11:02:06.1077840Z,1779534126107,1762,2266,1779534126044,1779534126044,1779534126038,1779534126049,1779534126050,1779534126053,1779534126075
2026-05-23T11:02:06.1728790Z,1779534126172,1763,2268,1779534126107,1779534126107,1779534126102,1779534126108,1779534126108,1779534126111,1779534126140
2026-05-23T11:02:06.2057500Z,1779534126205,1764,2269,1779534126140,1779534126140,1779534126134,1779534126142,1779534126142,1779534126143,1779534126173
2026-05-23T11:02:06.2385200Z,1779534126238,1765,2270,1779534126172,1779534126172,1779534126167,1779534126182,1779534126182,1779534126184,1779534126205
2026-05-23T11:02:06.3033070Z,1779534126303,1766,2272,1779534126238,1779534126238,1779534126233,1779534126241,1779534126241,1779534126244,1779534126270
2026-05-23T11:02:06.3359450Z,1779534126335,1767,2273,1779534126270,1779534126270,1779534126264,1779534126275,1779534126275,1779534126275,1779534126303
2026-05-23T11:02:06.3689690Z,1779534126368,1768,2274,1779534126303,1779534126303,1779534126297,1779534126316,1779534126316,1779534126318,1779534126336
2026-05-23T11:02:06.4343060Z,1779534126434,1769,2276,1779534126369,1779534126369,1779534126363,1779534126375,1779534126375,1779534126380,1779534126401
2026-05-23T11:02:06.4755530Z,1779534126475,1770,2277,1779534126401,1779534126401,1779534126395,1779534126411,1779534126411,1779534126412,1779534126434
2026-05-23T11:02:06.5071550Z,1779534126507,1771,2278,1779534126434,1779534126434,1779534126428,1779534126451,1779534126451,1779534126455,1779534126475
2026-05-23T11:02:06.5799590Z,1779534126579,1772,2280,1779534126507,1779534126507,1779534126501,1779534126511,1779534126511,1779534126514,1779534126548
2026-05-23T11:02:06.6122720Z,1779534126612,1773,2281,1779534126548,1779534126548,1779534126542,1779534126545,1779534126545,1779534126546,1779534126580
2026-05-23T11:02:06.6808340Z,1779534126680,1774,2282,1779534126580,1779534126580,1779534126574,1779534126585,1779534126586,1779534126589,1779534126612
2026-05-23T11:02:06.6837970Z,1779534126683,1775,2283,1779534126612,1779534126612,1779534126606,1779534126644,1779534126644,1779534126646,1779534126680
2026-05-23T11:02:06.7505370Z,1779534126750,1776,2285,1779534126683,1779534126683,1779534126678,1779534126679,1779534126679,1779534126683,1779534126717
2026-05-23T11:02:06.7836410Z,1779534126783,1777,2286,1779534126717,1779534126717,1779534126711,1779534126720,1779534126721,1779534126725,1779534126750
2026-05-23T11:02:06.8489650Z,1779534126848,1778,2288,1779534126783,1779534126783,1779534126777,1779534126779,1779534126780,1779534126784,1779534126816
2026-05-23T11:02:06.8817220Z,1779534126881,1779,2289,1779534126816,1779534126816,1779534126811,1779534126813,1779534126813,1779534126815,1779534126849
2026-05-23T11:02:06.9146460Z,1779534126914,1780,2290,1779534126849,1779534126849,1779534126843,1779534126855,1779534126855,1779534126856,1779534126881
2026-05-23T11:02:06.9814290Z,1779534126981,1781,2292,1779534126914,1779534126914,1779534126908,1779534126915,1779534126915,1779534126919,1779534126948
2026-05-23T11:02:07.0219000Z,1779534127021,1782,2293,1779534126948,1779534126948,1779534126942,1779534126948,1779534126949,1779534126950,1779534126981
2026-05-23T11:02:07.0534430Z,1779534127053,1783,2294,1779534126981,1779534126981,1779534126975,1779534126990,1779534126990,1779534126992,1779534127022
2026-05-23T11:02:07.1253040Z,1779534127125,1785,2296,1779534127053,1779534127053,1779534127047,1779534127049,1779534127083,1779534127084,1779534127093
2026-05-23T11:02:07.1935150Z,1779534127193,1786,2298,1779534127125,1779534127125,1779534127119,1779534127123,1779534127123,1779534127126,1779534127161
2026-05-23T11:02:07.2265960Z,1779534127226,1787,2299,1779534127161,1779534127161,1779534127155,1779534127181,1779534127181,1779534127186,1779534127193
2026-05-23T11:02:07.2588570Z,1779534127258,1788,2300,1779534127193,1779534127193,1779534127187,1779534127215,1779534127215,1779534127217,1779534127226
2026-05-23T11:02:07.3244020Z,1779534127324,1789,2302,1779534127258,1779534127258,1779534127253,1779534127256,1779534127256,1779534127259,1779534127291
2026-05-23T11:02:07.3576060Z,1779534127357,1790,2303,1779534127291,1779534127291,1779534127285,1779534127315,1779534127316,1779534127316,1779534127324
2026-05-23T11:02:07.4225270Z,1779534127422,1791,2304,1779534127324,1779534127324,1779534127318,1779534127350,1779534127350,1779534127353,1779534127390
2026-05-23T11:02:07.4556180Z,1779534127455,1792,2306,1779534127390,1779534127390,1779534127384,1779534127391,1779534127391,1779534127393,1779534127422
2026-05-23T11:02:07.5315980Z,1779534127531,1794,2308,1779534127455,1779534127455,1779534127449,1779534127450,1779534127485,1779534127490,1779534127528
2026-05-23T11:02:07.6050980Z,1779534127605,1795,2310,1779534127531,1779534127531,1779534127525,1779534127527,1779534127527,1779534127527,1779534127564
2026-05-23T11:02:07.6366460Z,1779534127636,1796,2311,1779534127564,1779534127564,1779534127559,1779534127585,1779534127585,1779534127585,1779534127605
2026-05-23T11:02:07.6690970Z,1779534127669,1797,2312,1779534127605,1779534127605,1779534127599,1779534127619,1779534127619,1779534127621,1779534127636
2026-05-23T11:02:07.7348810Z,1779534127734,1798,2313,1779534127636,1779534127636,1779534127630,1779534127659,1779534127659,1779534127663,1779534127701
2026-05-23T11:02:07.7735780Z,1779534127773,1799,2315,1779534127701,1779534127701,1779534127696,1779534127717,1779534127717,1779534127719,1779534127735
2026-05-23T11:02:07.8002560Z,1779534127800,1800,2316,1779534127734,1779534127734,1779534127728,1779534127751,1779534127752,1779534127756,1779534127773
2026-05-23T11:02:07.8328030Z,1779534127832,1801,2317,1779534127773,1779534127773,1779534127767,1779534127792,1779534127792,1779534127793,1779534127800
2026-05-23T11:02:07.8985670Z,1779534127898,1802,2319,1779534127832,1779534127832,1779534127826,1779534127850,1779534127851,1779534127854,1779534127865
2026-05-23T11:02:07.9680140Z,1779534127968,1803,2320,1779534127865,1779534127865,1779534127859,1779534127885,1779534127885,1779534127890,1779534127898
2026-05-23T11:02:07.9712470Z,1779534127971,1804,2321,1779534127898,1779534127898,1779534127892,1779534127926,1779534127926,1779534127932,1779534127968
2026-05-23T11:02:08.0452500Z,1779534128045,1805,2323,1779534127971,1779534127971,1779534127965,1779534127984,1779534127984,1779534127984,1779534128005
2026-05-23T11:02:08.1170590Z,1779534128117,1806,2324,1779534128005,1779534128005,1779534127999,1779534128019,1779534128019,1779534128020,1779534128045
2026-05-23T11:02:08.1210620Z,1779534128121,1807,2325,1779534128045,1779534128045,1779534128039,1779534128059,1779534128059,1779534128061,1779534128117
2026-05-23T11:02:08.1867240Z,1779534128186,1808,2327,1779534128121,1779534128121,1779534128115,1779534128119,1779534128119,1779534128124,1779534128153
2026-05-23T11:02:08.2191090Z,1779534128219,1809,2328,1779534128152,1779534128152,1779534128147,1779534128153,1779534128153,1779534128155,1779534128186
2026-05-23T11:02:08.2518510Z,1779534128251,1810,2329,1779534128186,1779534128186,1779534128180,1779534128193,1779534128193,1779534128197,1779534128219
2026-05-23T11:02:08.3177120Z,1779534128317,1811,2331,1779534128251,1779534128251,1779534128246,1779534128252,1779534128252,1779534128254,1779534128284
2026-05-23T11:02:08.3500050Z,1779534128350,1812,2332,1779534128284,1779534128284,1779534128278,1779534128286,1779534128286,1779534128290,1779534128317
2026-05-23T11:02:08.3826240Z,1779534128382,1813,2333,1779534128317,1779534128317,1779534128311,1779534128326,1779534128327,1779534128331,1779534128350
2026-05-23T11:02:08.4484880Z,1779534128448,1814,2335,1779534128382,1779534128382,1779534128376,1779534128387,1779534128387,1779534128389,1779534128415
2026-05-23T11:02:08.4813410Z,1779534128481,1815,2336,1779534128415,1779534128415,1779534128409,1779534128423,1779534128423,1779534128425,1779534128448
2026-05-23T11:02:08.5150810Z,1779534128515,1816,2337,1779534128448,1779534128448,1779534128442,1779534128464,1779534128465,1779534128466,1779534128481
2026-05-23T11:02:08.5888370Z,1779534128588,1817,2339,1779534128515,1779534128515,1779534128509,1779534128523,1779534128523,1779534128525,1779534128558
2026-05-23T11:02:08.6215240Z,1779534128621,1818,2340,1779534128557,1779534128557,1779534128552,1779534128558,1779534128558,1779534128562,1779534128589
2026-05-23T11:02:08.6539100Z,1779534128653,1819,2341,1779534128588,1779534128588,1779534128583,1779534128598,1779534128598,1779534128599,1779534128621
2026-05-23T11:02:08.7189620Z,1779534128718,1820,2343,1779534128653,1779534128653,1779534128648,1779534128657,1779534128657,1779534128661,1779534128687
2026-05-23T11:02:08.7517210Z,1779534128751,1821,2344,1779534128686,1779534128686,1779534128680,1779534128691,1779534128692,1779534128693,1779534128719
2026-05-23T11:02:08.7847710Z,1779534128784,1822,2345,1779534128719,1779534128719,1779534128713,1779534128733,1779534128733,1779534128734,1779534128752
2026-05-23T11:02:08.8574400Z,1779534128857,1824,2347,1779534128784,1779534128784,1779534128778,1779534128793,1779534128828,1779534128832,1779534128854
2026-05-23T11:02:08.9243850Z,1779534128924,1825,2349,1779534128857,1779534128857,1779534128851,1779534128870,1779534128870,1779534128874,1779534128890
2026-05-23T11:02:08.9900960Z,1779534128990,1826,2351,1779534128924,1779534128924,1779534128918,1779534128929,1779534128929,1779534128931,1779534128957
2026-05-23T11:02:09.0234060Z,1779534129023,1827,2352,1779534128957,1779534128957,1779534128951,1779534128963,1779534128963,1779534128963,1779534128990
2026-05-23T11:02:09.0644780Z,1779534129064,1828,2353,1779534128990,1779534128990,1779534128984,1779534129004,1779534129004,1779534129005,1779534129023
2026-05-23T11:02:09.1392340Z,1779534129139,1829,2355,1779534129064,1779534129064,1779534129058,1779534129063,1779534129063,1779534129063,1779534129095
2026-05-23T11:02:09.1697730Z,1779534129169,1830,2356,1779534129095,1779534129095,1779534129089,1779534129099,1779534129099,1779534129099,1779534129139
2026-05-23T11:02:09.2023760Z,1779534129202,1831,2357,1779534129139,1779534129139,1779534129133,1779534129139,1779534129139,1779534129141,1779534129169
2026-05-23T11:02:09.2680430Z,1779534129268,1832,2359,1779534129202,1779534129202,1779534129196,1779534129197,1779534129197,1779534129198,1779534129235
2026-05-23T11:02:09.3006870Z,1779534129300,1833,2360,1779534129235,1779534129235,1779534129229,1779534129231,1779534129231,1779534129234,1779534129268
2026-05-23T11:02:09.3334170Z,1779534129333,1834,2361,1779534129268,1779534129268,1779534129262,1779534129271,1779534129271,1779534129277,1779534129300
2026-05-23T11:02:09.3987000Z,1779534129398,1835,2363,1779534129333,1779534129333,1779534129327,1779534129331,1779534129331,1779534129334,1779534129365
2026-05-23T11:02:09.4312420Z,1779534129431,1836,2364,1779534129365,1779534129365,1779534129359,1779534129366,1779534129366,1779534129371,1779534129398
2026-05-23T11:02:09.4634890Z,1779534129463,1837,2365,1779534129398,1779534129398,1779534129393,1779534129408,1779534129408,1779534129413,1779534129431
2026-05-23T11:02:09.5299810Z,1779534129529,1838,2367,1779534129463,1779534129463,1779534129457,1779534129468,1779534129468,1779534129470,1779534129496
2026-05-23T11:02:09.5708340Z,1779534129570,1839,2368,1779534129496,1779534129496,1779534129491,1779534129501,1779534129502,1779534129502,1779534129530
2026-05-23T11:02:09.6019900Z,1779534129601,1840,2369,1779534129530,1779534129530,1779534129524,1779534129542,1779534129542,1779534129544,1779534129571
2026-05-23T11:02:09.6735940Z,1779534129673,1841,2371,1779534129602,1779534129602,1779534129596,1779534129600,1779534129600,1779534129602,1779534129642
2026-05-23T11:02:09.7061460Z,1779534129706,1842,2371,1779534129602,1779534129602,1779534129596,1779534129600,1779534129634,1779534129639,1779534129673
2026-05-23T11:02:09.7390780Z,1779534129739,1843,2373,1779534129673,1779534129673,1779534129667,1779534129674,1779534129674,1779534129677,1779534129706
2026-05-23T11:02:09.8041640Z,1779534129804,1844,2375,1779534129739,1779534129739,1779534129733,1779534129733,1779534129733,1779534129735,1779534129771
2026-05-23T11:02:09.8372530Z,1779534129837,1845,2376,1779534129771,1779534129771,1779534129765,1779534129767,1779534129767,1779534129772,1779534129804
2026-05-23T11:02:09.8693810Z,1779534129869,1846,2377,1779534129804,1779534129804,1779534129799,1779534129808,1779534129808,1779534129809,1779534129841
2026-05-23T11:02:09.9415990Z,1779534129941,1848,2379,1779534129869,1779534129869,1779534129863,1779534129867,1779534129905,1779534129908,1779534129938
2026-05-23T11:02:10.0088340Z,1779534130008,1849,2381,1779534129941,1779534129941,1779534129935,1779534129941,1779534129941,1779534129944,1779534129975
2026-05-23T11:02:10.0807780Z,1779534130080,1851,2383,1779534130008,1779534130008,1779534130003,1779534130034,1779534130034,1779534130038,1779534130049
2026-05-23T11:02:10.1526310Z,1779534130152,1852,2384,1779534130049,1779534130049,1779534130043,1779534130075,1779534130075,1779534130080,1779534130121
2026-05-23T11:02:10.1854120Z,1779534130185,1853,2386,1779534130121,1779534130121,1779534130115,1779534130134,1779534130135,1779534130138,1779534130152
2026-05-23T11:02:10.2181620Z,1779534130218,1854,2387,1779534130152,1779534130152,1779534130146,1779534130169,1779534130169,1779534130169,1779534130185
2026-05-23T11:02:10.2833610Z,1779534130283,1855,2388,1779534130185,1779534130185,1779534130179,1779534130210,1779534130210,1779534130212,1779534130250
2026-05-23T11:02:10.3158080Z,1779534130315,1856,2390,1779534130250,1779534130250,1779534130244,1779534130270,1779534130271,1779534130274,1779534130283
2026-05-23T11:02:10.3484910Z,1779534130348,1857,2391,1779534130283,1779534130283,1779534130277,1779534130305,1779534130305,1779534130306,1779534130316
2026-05-23T11:02:10.4144520Z,1779534130414,1858,2393,1779534130348,1779534130348,1779534130342,1779534130346,1779534130346,1779534130347,1779534130381
2026-05-23T11:02:10.4466400Z,1779534130446,1859,2394,1779534130380,1779534130381,1779534130375,1779534130405,1779534130406,1779534130406,1779534130414
2026-05-23T11:02:10.5118980Z,1779534130511,1860,2395,1779534130414,1779534130414,1779534130408,1779534130440,1779534130440,1779534130443,1779534130479
2026-05-23T11:02:10.5446100Z,1779534130544,1861,2397,1779534130479,1779534130479,1779534130473,1779534130480,1779534130480,1779534130484,1779534130512
2026-05-23T11:02:10.6200680Z,1779534130620,1862,2399,1779534130544,1779534130544,1779534130538,1779534130539,1779534130539,1779534130544,1779534130578
2026-05-23T11:02:10.6903860Z,1779534130690,1863,2400,1779534130578,1779534130578,1779534130572,1779534130573,1779534130573,1779534130574,1779534130620
2026-05-23T11:02:10.6939470Z,1779534130693,1865,2401,1779534130620,1779534130620,1779534130614,1779534130614,1779534130674,1779534130674,1779534130690
2026-05-23T11:02:10.7588590Z,1779534130758,1866,2403,1779534130694,1779534130694,1779534130688,1779534130708,1779534130708,1779534130711,1779534130725
2026-05-23T11:02:10.8238860Z,1779534130823,1867,2404,1779534130725,1779534130725,1779534130719,1779534130748,1779534130749,1779534130754,1779534130791
2026-05-23T11:02:10.8567140Z,1779534130856,1868,2406,1779534130791,1779534130791,1779534130785,1779534130807,1779534130807,1779534130810,1779534130824
2026-05-23T11:02:10.8890760Z,1779534130889,1869,2407,1779534130823,1779534130823,1779534130818,1779534130841,1779534130841,1779534130842,1779534130857
2026-05-23T11:02:10.9545900Z,1779534130954,1870,2408,1779534130856,1779534130856,1779534130850,1779534130882,1779534130882,1779534130885,1779534130923
2026-05-23T11:02:11.0233430Z,1779534131023,1871,2410,1779534130921,1779534130922,1779534130917,1779534130942,1779534130942,1779534130944,1779534130954
2026-05-23T11:02:11.0278620Z,1779534131027,1872,2411,1779534130954,1779534130954,1779534130948,1779534130976,1779534130977,1779534130980,1779534131023
2026-05-23T11:02:11.0950120Z,1779534131095,1873,2412,1779534131023,1779534131023,1779534131017,1779534131018,1779534131018,1779534131022,1779534131061
2026-05-23T11:02:11.1390280Z,1779534131139,1874,2414,1779534131061,1779534131061,1779534131055,1779534131078,1779534131078,1779534131078,1779534131095
2026-05-23T11:02:11.1711360Z,1779534131171,1875,2415,1779534131095,1779534131095,1779534131089,1779534131112,1779534131113,1779534131116,1779534131140
2026-05-23T11:02:11.2038900Z,1779534131203,1876,2416,1779534131139,1779534131139,1779534131134,1779534131153,1779534131153,1779534131158,1779534131171
2026-05-23T11:02:11.2693440Z,1779534131269,1877,2418,1779534131203,1779534131203,1779534131198,1779534131211,1779534131211,1779534131215,1779534131237
2026-05-23T11:02:11.3018800Z,1779534131301,1878,2419,1779534131236,1779534131236,1779534131231,1779534131245,1779534131245,1779534131246,1779534131269
2026-05-23T11:02:11.3348830Z,1779534131334,1879,2420,1779534131269,1779534131269,1779534131263,1779534131286,1779534131286,1779534131287,1779534131302
2026-05-23T11:02:11.4006080Z,1779534131400,1880,2422,1779534131334,1779534131334,1779534131329,1779534131344,1779534131344,1779534131345,1779534131368
2026-05-23T11:02:11.4334490Z,1779534131433,1881,2423,1779534131367,1779534131367,1779534131362,1779534131378,1779534131378,1779534131381,1779534131400
2026-05-23T11:02:11.4660550Z,1779534131466,1882,2424,1779534131400,1779534131400,1779534131394,1779534131421,1779534131421,1779534131424,1779534131433
2026-05-23T11:02:11.5317690Z,1779534131531,1883,2426,1779534131466,1779534131466,1779534131460,1779534131479,1779534131479,1779534131480,1779534131498
2026-05-23T11:02:11.5643350Z,1779534131564,1884,2427,1779534131498,1779534131498,1779534131493,1779534131514,1779534131514,1779534131517,1779534131531
2026-05-23T11:02:11.6305830Z,1779534131630,1885,2428,1779534131531,1779534131531,1779534131525,1779534131554,1779534131554,1779534131559,1779534131597
2026-05-23T11:02:11.6713330Z,1779534131671,1886,2430,1779534131597,1779534131597,1779534131591,1779534131614,1779534131614,1779534131616,1779534131630
2026-05-23T11:02:11.7030350Z,1779534131703,1887,2431,1779534131630,1779534131630,1779534131624,1779534131648,1779534131648,1779534131652,1779534131671
2026-05-23T11:02:11.7353950Z,1779534131735,1888,2432,1779534131671,1779534131671,1779534131665,1779534131689,1779534131689,1779534131689,1779534131703
2026-05-23T11:02:11.8013870Z,1779534131801,1889,2434,1779534131735,1779534131735,1779534131729,1779534131747,1779534131747,1779534131751,1779534131768
2026-05-23T11:02:11.8333620Z,1779534131833,1890,2435,1779534131768,1779534131768,1779534131762,1779534131781,1779534131781,1779534131782,1779534131801
2026-05-23T11:02:11.8658550Z,1779534131865,1891,2436,1779534131801,1779534131801,1779534131795,1779534131821,1779534131822,1779534131825,1779534131834
2026-05-23T11:02:11.9314130Z,1779534131931,1892,2438,1779534131865,1779534131865,1779534131860,1779534131880,1779534131880,1779534131882,1779534131899
2026-05-23T11:02:11.9640300Z,1779534131964,1893,2439,1779534131899,1779534131899,1779534131893,1779534131913,1779534131914,1779534131915,1779534131931
2026-05-23T11:02:12.0291950Z,1779534132029,1894,2440,1779534131931,1779534131931,1779534131925,1779534131954,1779534131954,1779534131957,1779534131997
2026-05-23T11:02:12.0622430Z,1779534132062,1895,2442,1779534131996,1779534131996,1779534131990,1779534132015,1779534132015,1779534132019,1779534132029
2026-05-23T11:02:12.1388070Z,1779534132138,1896,2443,1779534132029,1779534132029,1779534132023,1779534132050,1779534132050,1779534132051,1779534132062
2026-05-23T11:02:12.1449210Z,1779534132144,1897,2444,1779534132062,1779534132062,1779534132056,1779534132091,1779534132092,1779534132092,1779534132140
2026-05-23T11:02:12.2121810Z,1779534132212,1898,2446,1779534132144,1779534132145,1779534132139,1779534132150,1779534132150,1779534132154,1779534132179
2026-05-23T11:02:12.2451260Z,1779534132245,1899,2447,1779534132178,1779534132178,1779534132173,1779534132185,1779534132186,1779534132186,1779534132212
2026-05-23T11:02:12.2775440Z,1779534132277,1900,2448,1779534132212,1779534132212,1779534132206,1779534132227,1779534132227,1779534132228,1779534132245
2026-05-23T11:02:12.3425590Z,1779534132342,1901,2450,1779534132277,1779534132277,1779534132275,1779534132288,1779534132288,1779534132292,1779534132310
2026-05-23T11:02:12.3751480Z,1779534132375,1902,2451,1779534132310,1779534132310,1779534132304,1779534132322,1779534132323,1779534132324,1779534132342
2026-05-23T11:02:12.4405070Z,1779534132440,1903,2452,1779534132342,1779534132342,1779534132336,1779534132366,1779534132366,1779534132371,1779534132411
2026-05-23T11:02:12.4730030Z,1779534132473,1904,2454,1779534132407,1779534132410,1779534132405,1779534132425,1779534132425,1779534132428,1779534132440
2026-05-23T11:02:12.5064730Z,1779534132506,1905,2455,1779534132440,1779534132440,1779534132434,1779534132459,1779534132459,1779534132461,1779534132473
2026-05-23T11:02:12.5786760Z,1779534132578,1906,2456,1779534132473,1779534132473,1779534132467,1779534132499,1779534132499,1779534132504,1779534132548
2026-05-23T11:02:12.6116700Z,1779534132611,1907,2458,1779534132547,1779534132547,1779534132542,1779534132559,1779534132559,1779534132563,1779534132578
2026-05-23T11:02:12.6451250Z,1779534132645,1908,2459,1779534132578,1779534132578,1779534132572,1779534132592,1779534132592,1779534132594,1779534132611
2026-05-23T11:02:12.6864680Z,1779534132686,1909,2460,1779534132611,1779534132611,1779534132605,1779534132632,1779534132633,1779534132635,1779534132645
2026-05-23T11:02:12.7499250Z,1779534132749,1910,2462,1779534132686,1779534132686,1779534132680,1779534132692,1779534132692,1779534132693,1779534132717
2026-05-23T11:02:12.7823780Z,1779534132782,1911,2463,1779534132717,1779534132717,1779534132711,1779534132726,1779534132726,1779534132731,1779534132750
2026-05-23T11:02:12.8151420Z,1779534132815,1912,2464,1779534132749,1779534132750,1779534132744,1779534132767,1779534132767,1779534132767,1779534132782
2026-05-23T11:02:12.8802470Z,1779534132880,1913,2466,1779534132815,1779534132815,1779534132809,1779534132825,1779534132825,1779534132826,1779534132847
2026-05-23T11:02:12.9125820Z,1779534132912,1914,2467,1779534132847,1779534132847,1779534132841,1779534132859,1779534132859,1779534132862,1779534132880
2026-05-23T11:02:12.9460510Z,1779534132946,1915,2468,1779534132880,1779534132880,1779534132874,1779534132900,1779534132900,1779534132903,1779534132912
2026-05-23T11:02:13.0110260Z,1779534133011,1916,2470,1779534132946,1779534132946,1779534132940,1779534132959,1779534132959,1779534132960,1779534132978
2026-05-23T11:02:13.0434530Z,1779534133043,1917,2471,1779534132978,1779534132978,1779534132972,1779534132993,1779534132993,1779534132997,1779534133011
2026-05-23T11:02:13.1099990Z,1779534133109,1918,2472,1779534133011,1779534133011,1779534133005,1779534133034,1779534133035,1779534133039,1779534133077
2026-05-23T11:02:13.1527920Z,1779534133152,1919,2474,1779534133076,1779534133076,1779534133070,1779534133093,1779534133093,1779534133094,1779534133110
2026-05-23T11:02:13.2205850Z,1779534133220,1920,2475,1779534133110,1779534133110,1779534133104,1779534133128,1779534133128,1779534133131,1779534133153
2026-05-23T11:02:13.2250210Z,1779534133225,1921,2476,1779534133152,1779534133152,1779534133146,1779534133169,1779534133170,1779534133172,1779534133220
2026-05-23T11:02:13.2917180Z,1779534133291,1922,2478,1779534133225,1779534133225,1779534133219,1779534133228,1779534133229,1779534133229,1779534133259
2026-05-23T11:02:13.3249730Z,1779534133324,1923,2479,1779534133258,1779534133258,1779534133253,1779534133265,1779534133265,1779534133265,1779534133291
2026-05-23T11:02:13.3579510Z,1779534133357,1924,2480,1779534133291,1779534133291,1779534133285,1779534133306,1779534133306,1779534133307,1779534133325
2026-05-23T11:02:13.4230900Z,1779534133423,1925,2482,1779534133358,1779534133358,1779534133352,1779534133365,1779534133365,1779534133369,1779534133390
2026-05-23T11:02:13.4559980Z,1779534133455,1926,2483,1779534133390,1779534133390,1779534133384,1779534133399,1779534133400,1779534133401,1779534133423
2026-05-23T11:02:13.4888370Z,1779534133488,1927,2484,1779534133423,1779534133423,1779534133417,1779534133440,1779534133440,1779534133443,1779534133456
2026-05-23T11:02:13.5539910Z,1779534133553,1928,2486,1779534133488,1779534133489,1779534133483,1779534133500,1779534133500,1779534133502,1779534133521
2026-05-23T11:02:13.5871450Z,1779534133587,1929,2487,1779534133521,1779534133521,1779534133515,1779534133535,1779534133535,1779534133540,1779534133554
2026-05-23T11:02:13.6199980Z,1779534133619,1930,2488,1779534133554,1779534133554,1779534133548,1779534133575,1779534133575,1779534133577,1779534133587
2026-05-23T11:02:13.6925270Z,1779534133692,1931,2490,1779534133620,1779534133620,1779534133614,1779534133634,1779534133634,1779534133639,1779534133661
2026-05-23T11:02:13.7250700Z,1779534133725,1932,2491,1779534133661,1779534133661,1779534133655,1779534133668,1779534133668,1779534133671,1779534133692
2026-05-23T11:02:13.7577380Z,1779534133757,1933,2492,1779534133692,1779534133692,1779534133686,1779534133709,1779534133714,1779534133717,1779534133725
2026-05-23T11:02:13.8226360Z,1779534133822,1934,2494,1779534133757,1779534133757,1779534133752,1779534133767,1779534133767,1779534133770,1779534133790
2026-05-23T11:02:13.8551750Z,1779534133855,1935,2495,1779534133790,1779534133790,1779534133784,1779534133800,1779534133801,1779534133802,1779534133823
2026-05-23T11:02:13.8879920Z,1779534133887,1936,2496,1779534133822,1779534133822,1779534133816,1779534133841,1779534133841,1779534133844,1779534133855
2026-05-23T11:02:13.9531380Z,1779534133953,1937,2498,1779534133888,1779534133888,1779534133882,1779534133900,1779534133900,1779534133900,1779534133920
2026-05-23T11:02:13.9857400Z,1779534133985,1938,2499,1779534133920,1779534133920,1779534133914,1779534133934,1779534133934,1779534133937,1779534133953
2026-05-23T11:02:14.0509910Z,1779534134050,1939,2500,1779534133953,1779534133953,1779534133947,1779534133974,1779534133975,1779534133979,1779534134018
2026-05-23T11:02:14.0832720Z,1779534134083,1940,2502,1779534134018,1779534134018,1779534134012,1779534134034,1779534134034,1779534134035,1779534134051
2026-05-23T11:02:14.1160390Z,1779534134116,1941,2503,1779534134051,1779534134051,1779534134045,1779534134068,1779534134068,1779534134072,1779534134083
2026-05-23T11:02:14.1910100Z,1779534134191,1942,2504,1779534134083,1779534134083,1779534134077,1779534134109,1779534134109,1779534134114,1779534134151
2026-05-23T11:02:14.2221380Z,1779534134222,1943,2506,1779534134150,1779534134150,1779534134145,1779534134168,1779534134168,1779534134170,1779534134191
2026-05-23T11:02:14.2915190Z,1779534134291,1944,2507,1779534134191,1779534134191,1779534134185,1779534134202,1779534134202,1779534134207,1779534134222
2026-05-23T11:02:14.2950180Z,1779534134295,1945,2508,1779534134222,1779534134222,1779534134216,1779534134242,1779534134243,1779534134244,1779534134291
2026-05-23T11:02:14.3618360Z,1779534134361,1946,2510,1779534134295,1779534134295,1779534134289,1779534134301,1779534134301,1779534134301,1779534134328
2026-05-23T11:02:14.3954030Z,1779534134395,1947,2511,1779534134328,1779534134328,1779534134322,1779534134335,1779534134335,1779534134337,1779534134362
2026-05-23T11:02:14.4278730Z,1779534134427,1948,2512,1779534134361,1779534134361,1779534134355,1779534134375,1779534134375,1779534134379,1779534134395
2026-05-23T11:02:14.4931930Z,1779534134493,1949,2514,1779534134427,1779534134427,1779534134422,1779534134435,1779534134435,1779534134436,1779534134460
2026-05-23T11:02:14.5249330Z,1779534134524,1950,2515,1779534134460,1779534134460,1779534134454,1779534134469,1779534134469,1779534134472,1779534134493
2026-05-23T11:02:14.5586500Z,1779534134558,1951,2516,1779534134493,1779534134493,1779534134487,1779534134510,1779534134510,1779534134514,1779534134525
2026-05-23T11:02:14.6312200Z,1779534134631,1952,2518,1779534134558,1779534134558,1779534134553,1779534134570,1779534134570,1779534134571,1779534134592
2026-05-23T11:02:14.7053360Z,1779534134705,1953,2519,1779534134592,1779534134592,1779534134586,1779534134604,1779534134604,1779534134608,1779534134631
2026-05-23T11:02:14.7104090Z,1779534134710,1954,2520,1779534134631,1779534134631,1779534134625,1779534134645,1779534134645,1779534134649,1779534134705
2026-05-23T11:02:14.7843860Z,1779534134784,1955,2521,1779534134705,1779534134705,1779534134699,1779534134704,1779534134704,1779534134705,1779534134747
2026-05-23T11:02:14.8200380Z,1779534134820,1956,2522,1779534134710,1779534134710,1779534134705,1779534134739,1779534134739,1779534134741,1779534134784
2026-05-23T11:02:14.8525960Z,1779534134852,1957,2524,1779534134784,1779534134784,1779534134778,1779534134779,1779534134780,1779534134784,1779534134821
2026-05-23T11:02:14.8854410Z,1779534134885,1958,2525,1779534134820,1779534134820,1779534134814,1779534134837,1779534134838,1779534134840,1779534134852
2026-05-23T11:02:14.9180650Z,1779534134918,1959,2526,1779534134852,1779534134852,1779534134846,1779534134871,1779534134871,1779534134871,1779534134885
2026-05-23T11:02:14.9833330Z,1779534134983,1960,2527,1779534134885,1779534134885,1779534134879,1779534134912,1779534134912,1779534134913,1779534134950
2026-05-23T11:02:15.0158640Z,1779534135015,1961,2529,1779534134950,1779534134950,1779534134944,1779534134971,1779534134971,1779534134971,1779534134983
2026-05-23T11:02:15.0484970Z,1779534135048,1962,2530,1779534134983,1779534134983,1779534134977,1779534135004,1779534135005,1779534135008,1779534135016
2026-05-23T11:02:15.1140460Z,1779534135114,1963,2532,1779534135048,1779534135048,1779534135042,1779534135046,1779534135046,1779534135050,1779534135081
2026-05-23T11:02:15.1925380Z,1779534135192,1965,2534,1779534135114,1779534135114,1779534135108,1779534135139,1779534135139,1779534135144,1779534135189
2026-05-23T11:02:15.2245440Z,1779534135224,1966,2534,1779534135114,1779534135114,1779534135108,1779534135139,1779534135180,1779534135185,1779534135192
2026-05-23T11:02:15.2897000Z,1779534135289,1967,2537,1779534135224,1779534135224,1779534135218,1779534135239,1779534135239,1779534135243,1779534135257
2026-05-23T11:02:15.3597250Z,1779534135359,1968,2538,1779534135257,1779534135257,1779534135251,1779534135273,1779534135273,1779534135274,1779534135289
2026-05-23T11:02:15.3639030Z,1779534135363,1969,2539,1779534135289,1779534135289,1779534135283,1779534135316,1779534135316,1779534135316,1779534135360
2026-05-23T11:02:15.4311450Z,1779534135431,1970,2541,1779534135363,1779534135363,1779534135358,1779534135376,1779534135376,1779534135379,1779534135397
2026-05-23T11:02:15.4639730Z,1779534135463,1971,2542,1779534135397,1779534135397,1779534135391,1779534135411,1779534135411,1779534135415,1779534135431
2026-05-23T11:02:15.4964210Z,1779534135496,1972,2543,1779534135431,1779534135431,1779534135425,1779534135453,1779534135453,1779534135455,1779534135464
2026-05-23T11:02:15.5620260Z,1779534135562,1973,2545,1779534135496,1779534135496,1779534135490,1779534135512,1779534135512,1779534135513,1779534135529
2026-05-23T11:02:15.5949680Z,1779534135594,1974,2546,1779534135529,1779534135529,1779534135523,1779534135548,1779534135548,1779534135552,1779534135562
2026-05-23T11:02:15.6603340Z,1779534135660,1975,2548,1779534135595,1779534135595,1779534135589,1779534135590,1779534135590,1779534135593,1779534135628
2026-05-23T11:02:15.6933700Z,1779534135693,1976,2549,1779534135627,1779534135627,1779534135621,1779534135649,1779534135649,1779534135650,1779534135660
2026-05-23T11:02:15.7668580Z,1779534135766,1977,2550,1779534135660,1779534135660,1779534135654,1779534135682,1779534135682,1779534135686,1779534135693
2026-05-23T11:02:15.7736620Z,1779534135773,1978,2551,1779534135693,1779534135693,1779534135687,1779534135723,1779534135723,1779534135727,1779534135769
2026-05-23T11:02:15.8391510Z,1779534135839,1979,2553,1779534135773,1779534135773,1779534135767,1779534135783,1779534135783,1779534135784,1779534135805
2026-05-23T11:02:15.8714190Z,1779534135871,1980,2554,1779534135805,1779534135805,1779534135799,1779534135818,1779534135819,1779534135821,1779534135839
2026-05-23T11:02:15.9041370Z,1779534135904,1981,2555,1779534135839,1779534135839,1779534135833,1779534135858,1779534135858,1779534135861,1779534135871
2026-05-23T11:02:15.9695070Z,1779534135969,1982,2557,1779534135904,1779534135904,1779534135898,1779534135918,1779534135918,1779534135919,1779534135937
2026-05-23T11:02:16.0022000Z,1779534136002,1983,2558,1779534135937,1779534135937,1779534135931,1779534135952,1779534135952,1779534135952,1779534135969
2026-05-23T11:02:16.0349830Z,1779534136034,1984,2559,1779534135969,1779534135969,1779534135963,1779534135992,1779534135992,1779534135994,1779534136002
2026-05-23T11:02:16.1008150Z,1779534136100,1985,2561,1779534136035,1779534136035,1779534136029,1779534136051,1779534136052,1779534136056,1779534136067
2026-05-23T11:02:16.1333280Z,1779534136133,1986,2562,1779534136067,1779534136067,1779534136061,1779534136087,1779534136088,1779534136092,1779534136101
2026-05-23T11:02:16.1989950Z,1779534136198,1987,2564,1779534136133,1779534136133,1779534136127,1779534136129,1779534136129,1779534136133,1779534136166
2026-05-23T11:02:16.2707210Z,1779534136270,1988,2565,1779534136166,1779534136166,1779534136160,1779534136189,1779534136189,1779534136190,1779534136199
2026-05-23T11:02:16.2742560Z,1779534136274,1989,2566,1779534136199,1779534136199,1779534136193,1779534136222,1779534136222,1779534136225,1779534136270
2026-05-23T11:02:16.3066570Z,1779534136306,1990,2566,1779534136199,1779534136199,1779534136193,1779534136222,1779534136263,1779534136267,1779534136274
2026-05-23T11:02:16.3719350Z,1779534136371,1991,2569,1779534136306,1779534136306,1779534136300,1779534136322,1779534136322,1779534136324,1779534136339
2026-05-23T11:02:16.4050660Z,1779534136405,1992,2570,1779534136339,1779534136339,1779534136333,1779534136356,1779534136356,1779534136360,1779534136372
2026-05-23T11:02:16.4736140Z,1779534136473,1993,2571,1779534136371,1779534136372,1779534136366,1779534136396,1779534136396,1779534136396,1779534136405
2026-05-23T11:02:16.4780860Z,1779534136478,1994,2572,1779534136405,1779534136405,1779534136399,1779534136456,1779534136456,1779534136458,1779534136473
2026-05-23T11:02:16.5441790Z,1779534136544,1995,2574,1779534136478,1779534136478,1779534136472,1779534136490,1779534136490,1779534136495,1779534136511
2026-05-23T11:02:16.5773550Z,1779534136577,1996,2575,1779534136510,1779534136510,1779534136505,1779534136531,1779534136531,1779534136531,1779534136544
2026-05-23T11:02:16.6423400Z,1779534136642,1997,2577,1779534136577,1779534136577,1779534136571,1779534136590,1779534136590,1779534136591,1779534136609
2026-05-23T11:02:16.6749460Z,1779534136674,1998,2578,1779534136609,1779534136609,1779534136603,1779534136624,1779534136625,1779534136628,1779534136642
2026-05-23T11:02:16.7405100Z,1779534136740,1999,2579,1779534136642,1779534136642,1779534136636,1779534136665,1779534136666,1779534136671,1779534136707
2026-05-23T11:02:16.7836560Z,1779534136783,2000,2581,1779534136707,1779534136707,1779534136702,1779534136724,1779534136724,1779534136725,1779534136740
2026-05-23T11:02:16.8541840Z,1779534136854,2001,2582,1779534136740,1779534136740,1779534136734,1779534136763,1779534136763,1779534136767,1779534136783
2026-05-23T11:02:16.8579650Z,1779534136857,2002,2583,1779534136783,1779534136783,1779534136777,1779534136805,1779534136806,1779534136808,1779534136854
2026-05-23T11:02:16.9234060Z,1779534136923,2003,2585,1779534136858,1779534136858,1779534136852,1779534136865,1779534136865,1779534136866,1779534136890
2026-05-23T11:02:16.9555460Z,1779534136955,2004,2586,1779534136890,1779534136890,1779534136884,1779534136900,1779534136900,1779534136902,1779534136923
2026-05-23T11:02:16.9885600Z,1779534136988,2005,2587,1779534136923,1779534136923,1779534136917,1779534136941,1779534136941,1779534136944,1779534136955
2026-05-23T11:02:17.0536860Z,1779534137053,2006,2589,1779534136988,1779534136988,1779534136982,1779534136999,1779534137000,1779534137002,1779534137021
2026-05-23T11:02:17.0858370Z,1779534137085,2007,2590,1779534137020,1779534137020,1779534137015,1779534137034,1779534137035,1779534137038,1779534137053
2026-05-23T11:02:17.1188750Z,1779534137118,2008,2591,1779534137053,1779534137053,1779534137047,1779534137075,1779534137075,1779534137075,1779534137086
2026-05-23T11:02:17.1872970Z,1779534137187,2009,2593,1779534137118,1779534137118,1779534137113,1779534137139,1779534137139,1779534137144,1779534137154
2026-05-23T11:02:17.2525080Z,1779534137252,2010,2594,1779534137154,1779534137154,1779534137148,1779534137176,1779534137176,1779534137180,1779534137219
2026-05-23T11:02:17.2851130Z,1779534137285,2011,2596,1779534137219,1779534137219,1779534137213,1779534137219,1779534137219,1779534137221,1779534137252
2026-05-23T11:02:17.3597860Z,1779534137359,2012,2597,1779534137252,1779534137252,1779534137246,1779534137276,1779534137276,1779534137278,1779534137319
2026-05-23T11:02:17.3908310Z,1779534137390,2014,2599,1779534137319,1779534137319,1779534137313,1779534137350,1779534137350,1779534137351,1779534137360
2026-05-23T11:02:17.4562930Z,1779534137456,2015,2601,1779534137390,1779534137390,1779534137384,1779534137409,1779534137409,1779534137413,1779534137424
2026-05-23T11:02:17.4891140Z,1779534137489,2016,2602,1779534137424,1779534137424,1779534137418,1779534137443,1779534137444,1779534137444,1779534137456
2026-05-23T11:02:17.5609250Z,1779534137560,2018,2604,1779534137489,1779534137489,1779534137483,1779534137485,1779534137544,1779534137547,1779534137557
2026-05-23T11:02:17.6283130Z,1779534137628,2019,2606,1779534137560,1779534137561,1779534137554,1779534137580,1779534137580,1779534137584,1779534137595
2026-05-23T11:02:17.6936840Z,1779534137693,2020,2607,1779534137594,1779534137594,1779534137588,1779534137621,1779534137621,1779534137625,1779534137661
2026-05-23T11:02:17.7589740Z,1779534137758,2021,2609,1779534137661,1779534137661,1779534137655,1779534137683,1779534137683,1779534137687,1779534137726
2026-05-23T11:02:17.7922270Z,1779534137792,2022,2610,1779534137693,1779534137693,1779534137687,1779534137718,1779534137718,1779534137720,1779534137759
2026-05-23T11:02:17.8244770Z,1779534137824,2023,2612,1779534137759,1779534137759,1779534137753,1779534137758,1779534137758,1779534137762,1779534137792
2026-05-23T11:02:17.8987700Z,1779534137898,2024,2613,1779534137792,1779534137792,1779534137786,1779534137817,1779534137817,1779534137820,1779534137858
2026-05-23T11:02:17.9298450Z,1779534137929,2025,2614,1779534137824,1779534137824,1779534137818,1779534137851,1779534137851,1779534137856,1779534137898
2026-05-23T11:02:17.9624610Z,1779534137962,2026,2615,1779534137858,1779534137858,1779534137853,1779534137892,1779534137892,1779534137894,1779534137930
2026-05-23T11:02:17.9950520Z,1779534137995,2027,2617,1779534137929,1779534137929,1779534137924,1779534137951,1779534137951,1779534137952,1779534137962
2026-05-23T11:02:18.0282320Z,1779534138028,2028,2618,1779534137962,1779534137962,1779534137956,1779534137985,1779534137985,1779534137988,1779534137995
2026-05-23T11:02:18.0932400Z,1779534138093,2029,2620,1779534138028,1779534138028,1779534138022,1779534138025,1779534138025,1779534138029,1779534138060
2026-05-23T11:02:18.1260440Z,1779534138126,2030,2621,1779534138060,1779534138060,1779534138054,1779534138084,1779534138084,1779534138086,1779534138093
2026-05-23T11:02:18.1909340Z,1779534138190,2031,2623,1779534138126,1779534138126,1779534138120,1779534138120,1779534138120,1779534138124,1779534138158
2026-05-23T11:02:18.2234090Z,1779534138223,2032,2624,1779534138158,1779534138158,1779534138152,1779534138160,1779534138160,1779534138165,1779534138191
2026-05-23T11:02:18.2892560Z,1779534138289,2033,2626,1779534138223,1779534138223,1779534138217,1779534138218,1779534138218,1779534138219,1779534138256
2026-05-23T11:02:18.3220040Z,1779534138322,2034,2627,1779534138256,1779534138256,1779534138250,1779534138253,1779534138254,1779534138255,1779534138289
2026-05-23T11:02:18.3551630Z,1779534138355,2035,2628,1779534138289,1779534138289,1779534138283,1779534138294,1779534138294,1779534138297,1779534138322
2026-05-23T11:02:18.4272210Z,1779534138427,2036,2630,1779534138355,1779534138355,1779534138349,1779534138353,1779534138353,1779534138354,1779534138397
2026-05-23T11:02:18.4599640Z,1779534138459,2037,2630,1779534138355,1779534138355,1779534138349,1779534138353,1779534138387,1779534138390,1779534138427
2026-05-23T11:02:18.4925170Z,1779534138492,2038,2632,1779534138427,1779534138427,1779534138421,1779534138428,1779534138428,1779534138432,1779534138460
2026-05-23T11:02:18.5576340Z,1779534138557,2039,2633,1779534138460,1779534138460,1779534138455,1779534138487,1779534138487,1779534138491,1779534138525
2026-05-23T11:02:18.6261240Z,1779534138626,2040,2635,1779534138524,1779534138524,1779534138519,1779534138521,1779534138521,1779534138523,1779534138557
2026-05-23T11:02:18.6301440Z,1779534138630,2041,2636,1779534138557,1779534138557,1779534138551,1779534138562,1779534138562,1779534138565,1779534138626
2026-05-23T11:02:18.6967570Z,1779534138696,2042,2638,1779534138630,1779534138630,1779534138624,1779534138624,1779534138624,1779534138628,1779534138663
2026-05-23T11:02:18.7299130Z,1779534138729,2043,2639,1779534138663,1779534138663,1779534138657,1779534138660,1779534138660,1779534138665,1779534138696
2026-05-23T11:02:18.7623730Z,1779534138762,2044,2640,1779534138696,1779534138696,1779534138690,1779534138701,1779534138701,1779534138706,1779534138730
2026-05-23T11:02:18.8287840Z,1779534138828,2045,2642,1779534138762,1779534138762,1779534138759,1779534138772,1779534138773,1779534138774,1779534138795
2026-05-23T11:02:18.8703060Z,1779534138870,2046,2643,1779534138795,1779534138795,1779534138789,1779534138810,1779534138811,1779534138811,1779534138829
2026-05-23T11:02:18.9024440Z,1779534138902,2047,2644,1779534138828,1779534138828,1779534138822,1779534138852,1779534138853,1779534138858,1779534138870
2026-05-23T11:02:18.9740350Z,1779534138974,2048,2646,1779534138902,1779534138902,1779534138896,1779534138910,1779534138911,1779534138911,1779534138942
2026-05-23T11:02:19.0065590Z,1779534139006,2049,2647,1779534138942,1779534138942,1779534138936,1779534138944,1779534138945,1779534138947,1779534138974
2026-05-23T11:02:19.0395460Z,1779534139039,2050,2648,1779534138974,1779534138974,1779534138968,1779534138985,1779534138985,1779534138989,1779534139006
2026-05-23T11:02:19.1047920Z,1779534139104,2051,2650,1779534139039,1779534139039,1779534139033,1779534139044,1779534139044,1779534139049,1779534139072
2026-05-23T11:02:19.1399880Z,1779534139139,2052,2651,1779534139072,1779534139072,1779534139066,1779534139078,1779534139078,1779534139080,1779534139105
2026-05-23T11:02:19.1725780Z,1779534139172,2053,2652,1779534139104,1779534139104,1779534139099,1779534139120,1779534139120,1779534139121,1779534139140
2026-05-23T11:02:19.2383310Z,1779534139238,2054,2654,1779534139172,1779534139172,1779534139166,1779534139179,1779534139179,1779534139179,1779534139205
2026-05-23T11:02:19.2707640Z,1779534139270,2055,2655,1779534139205,1779534139205,1779534139199,1779534139213,1779534139214,1779534139215,1779534139239
2026-05-23T11:02:19.3031950Z,1779534139303,2056,2656,1779534139238,1779534139238,1779534139232,1779534139254,1779534139254,1779534139257,1779534139271
2026-05-23T11:02:19.3799700Z,1779534139379,2058,2658,1779534139303,1779534139303,1779534139297,1779534139312,1779534139346,1779534139350,1779534139376
2026-05-23T11:02:19.4549380Z,1779534139454,2059,2660,1779534139380,1779534139380,1779534139374,1779534139387,1779534139387,1779534139388,1779534139412
2026-05-23T11:02:19.5190050Z,1779534139519,2060,2661,1779534139412,1779534139412,1779534139406,1779534139445,1779534139446,1779534139450,1779534139486
2026-05-23T11:02:19.5516980Z,1779534139551,2061,2663,1779534139485,1779534139485,1779534139480,1779534139480,1779534139480,1779534139481,1779534139519
2026-05-23T11:02:19.5843490Z,1779534139584,2062,2664,1779534139519,1779534139519,1779534139513,1779534139521,1779534139521,1779534139525,1779534139552
2026-05-23T11:02:19.6856710Z,1779534139685,2063,2666,1779534139584,1779534139584,1779534139579,1779534139579,1779534139580,1779534139584,1779534139617
2026-05-23T11:02:19.6892010Z,1779534139689,2065,2667,1779534139616,1779534139616,1779534139611,1779534139613,1779534139654,1779534139658,1779534139685
2026-05-23T11:02:19.7900900Z,1779534139790,2067,2670,1779534139722,1779534139722,1779534139716,1779534139747,1779534139747,1779534139748,1779534139756
2026-05-23T11:02:19.8657610Z,1779534139865,2068,2672,1779534139790,1779534139790,1779534139784,1779534139788,1779534139788,1779534139791,1779534139823
2026-05-23T11:02:19.9360640Z,1779534139936,2069,2673,1779534139823,1779534139823,1779534139817,1779534139847,1779534139847,1779534139848,1779534139866
2026-05-23T11:02:19.9401830Z,1779534139940,2071,2674,1779534139865,1779534139865,1779534139860,1779534139881,1779534139922,1779534139926,1779534139936
2026-05-23T11:02:20.0382800Z,1779534140038,2072,2677,1779534139972,1779534139972,1779534139967,1779534139980,1779534139980,1779534139981,1779534140005
2026-05-23T11:02:20.0708380Z,1779534140070,2073,2678,1779534140005,1779534140005,1779534139999,1779534140014,1779534140014,1779534140018,1779534140038
2026-05-23T11:02:20.1036650Z,1779534140103,2074,2679,1779534140038,1779534140038,1779534140032,1779534140055,1779534140055,1779534140055,1779534140071
2026-05-23T11:02:20.1694980Z,1779534140169,2075,2681,1779534140103,1779534140103,1779534140097,1779534140113,1779534140113,1779534140118,1779534140137
2026-05-23T11:02:20.2020160Z,1779534140202,2076,2682,1779534140136,1779534140136,1779534140131,1779534140149,1779534140149,1779534140154,1779534140169
2026-05-23T11:02:20.2345970Z,1779534140234,2077,2683,1779534140169,1779534140169,1779534140163,1779534140189,1779534140189,1779534140192,1779534140202
2026-05-23T11:02:20.3000350Z,1779534140300,2078,2685,1779534140234,1779534140234,1779534140228,1779534140249,1779534140249,1779534140254,1779534140268
2026-05-23T11:02:20.3329160Z,1779534140332,2079,2686,1779534140268,1779534140268,1779534140262,1779534140283,1779534140283,1779534140285,1779534140300
2026-05-23T11:02:20.3989210Z,1779534140398,2080,2687,1779534140300,1779534140300,1779534140294,1779534140324,1779534140324,1779534140327,1779534140366
2026-05-23T11:02:20.4323200Z,1779534140432,2081,2689,1779534140365,1779534140365,1779534140360,1779534140382,1779534140382,1779534140384,1779534140399
2026-05-23T11:02:20.4725870Z,1779534140472,2082,2690,1779534140398,1779534140399,1779534140393,1779534140416,1779534140416,1779534140420,1779534140432
2026-05-23T11:02:20.5042390Z,1779534140504,2083,2691,1779534140432,1779534140432,1779534140426,1779534140457,1779534140457,1779534140462,1779534140472
2026-05-23T11:02:20.5695110Z,1779534140569,2084,2693,1779534140504,1779534140504,1779534140498,1779534140517,1779534140517,1779534140520,1779534140537
2026-05-23T11:02:20.6024140Z,1779534140602,2085,2694,1779534140537,1779534140537,1779534140531,1779534140552,1779534140552,1779534140557,1779534140570
2026-05-23T11:02:20.6354930Z,1779534140635,2086,2695,1779534140569,1779534140569,1779534140563,1779534140592,1779534140593,1779534140594,1779534140602
2026-05-23T11:02:20.7002970Z,1779534140700,2087,2697,1779534140635,1779534140635,1779534140629,1779534140652,1779534140652,1779534140656,1779534140668
2026-05-23T11:02:20.7690430Z,1779534140769,2088,2698,1779534140668,1779534140668,1779534140662,1779534140689,1779534140689,1779534140692,1779534140700
2026-05-23T11:02:20.7739860Z,1779534140773,2089,2699,1779534140700,1779534140700,1779534140694,1779534140729,1779534140729,1779534140734,1779534140769
2026-05-23T11:02:20.8742010Z,1779534140874,2090,2701,1779534140774,1779534140774,1779534140768,1779534140788,1779534140788,1779534140789,1779534140808
2026-05-23T11:02:20.8795590Z,1779534140879,2092,2702,1779534140807,1779534140807,1779534140801,1779534140822,1779534140862,1779534140862,1779534140874
2026-05-23T11:02:20.9764500Z,1779534140976,2093,2705,1779534140910,1779534140910,1779534140904,1779534140921,1779534140921,1779534140925,1779534140944
2026-05-23T11:02:21.0191540Z,1779534141019,2094,2706,1779534140943,1779534140944,1779534140939,1779534140955,1779534140955,1779534140956,1779534140976
2026-05-23T11:02:21.0895950Z,1779534141089,2095,2707,1779534140976,1779534140976,1779534140970,1779534140995,1779534140995,1779534140998,1779534141019
2026-05-23T11:02:21.0936840Z,1779534141093,2096,2708,1779534141019,1779534141019,1779534141013,1779534141054,1779534141054,1779534141055,1779534141089
2026-05-23T11:02:21.1975840Z,1779534141197,2098,2710,1779534141093,1779534141093,1779534141087,1779534141089,1779534141129,1779534141134,1779534141189
2026-05-23T11:02:21.2599030Z,1779534141259,2099,2711,1779534141189,1779534141189,1779534141183,1779534141188,1779534141188,1779534141193,1779534141227
2026-05-23T11:02:21.2919440Z,1779534141291,2100,2713,1779534141227,1779534141227,1779534141221,1779534141223,1779534141223,1779534141224,1779534141260
2026-05-23T11:02:21.3243140Z,1779534141324,2101,2714,1779534141260,1779534141260,1779534141254,1779534141263,1779534141263,1779534141265,1779534141292
2026-05-23T11:02:21.3898750Z,1779534141389,2102,2716,1779534141324,1779534141324,1779534141318,1779534141321,1779534141322,1779534141326,1779534141358
2026-05-23T11:02:21.4225790Z,1779534141422,2103,2717,1779534141357,1779534141357,1779534141352,1779534141355,1779534141356,1779534141358,1779534141390
2026-05-23T11:02:21.4574520Z,1779534141457,2104,2718,1779534141389,1779534141389,1779534141384,1779534141396,1779534141396,1779534141399,1779534141422
2026-05-23T11:02:21.5347080Z,1779534141534,2106,2720,1779534141457,1779534141457,1779534141451,1779534141456,1779534141490,1779534141492,1779534141531
2026-05-23T11:02:21.6017600Z,1779534141601,2107,2722,1779534141534,1779534141534,1779534141528,1779534141531,1779534141531,1779534141533,1779534141569
2026-05-23T11:02:21.6794100Z,1779534141679,2108,2723,1779534141569,1779534141569,1779534141563,1779534141590,1779534141590,1779534141591,1779534141601
2026-05-23T11:02:21.6842800Z,1779534141684,2110,2724,1779534141601,1779534141601,1779534141595,1779534141624,1779534141667,1779534141668,1779534141679
2026-05-23T11:02:21.7810220Z,1779534141781,2111,2727,1779534141714,1779534141714,1779534141708,1779534141727,1779534141727,1779534141731,1779534141748
2026-05-23T11:02:21.8490090Z,1779534141849,2112,2728,1779534141747,1779534141747,1779534141742,1779534141763,1779534141763,1779534141764,1779534141781
2026-05-23T11:02:21.8539490Z,1779534141853,2113,2729,1779534141781,1779534141781,1779534141775,1779534141804,1779534141805,1779534141806,1779534141849
2026-05-23T11:02:21.9209050Z,1779534141920,2114,2731,1779534141854,1779534141854,1779534141848,1779534141865,1779534141865,1779534141869,1779534141888
2026-05-23T11:02:21.9541600Z,1779534141954,2115,2732,1779534141887,1779534141887,1779534141882,1779534141900,1779534141901,1779534141905,1779534141921
2026-05-23T11:02:22.0277020Z,1779534142027,2116,2733,1779534141920,1779534141921,1779534141915,1779534141943,1779534141944,1779534141948,1779534141987
2026-05-23T11:02:22.0592530Z,1779534142059,2117,2735,1779534141987,1779534141987,1779534141981,1779534142001,1779534142001,1779534142006,1779534142027
2026-05-23T11:02:22.0917450Z,1779534142091,2118,2736,1779534142027,1779534142027,1779534142022,1779534142035,1779534142036,1779534142037,1779534142059
2026-05-23T11:02:22.1242820Z,1779534142124,2119,2737,1779534142059,1779534142059,1779534142053,1779534142076,1779534142076,1779534142079,1779534142091
2026-05-23T11:02:22.1895390Z,1779534142189,2120,2739,1779534142124,1779534142124,1779534142118,1779534142135,1779534142135,1779534142136,1779534142157
2026-05-23T11:02:22.2223170Z,1779534142222,2121,2740,1779534142157,1779534142157,1779534142151,1779534142174,1779534142174,1779534142179,1779534142196
2026-05-23T11:02:22.3504670Z,1779534142350,2124,2742,1779534142222,1779534142222,1779534142216,1779534142273,1779534142307,1779534142309,1779534142343
2026-05-23T11:02:22.4129220Z,1779534142412,2125,2744,1779534142350,1779534142350,1779534142344,1779534142348,1779534142348,1779534142352,1779534142380
2026-05-23T11:02:22.4785220Z,1779534142478,2126,2745,1779534142380,1779534142380,1779534142375,1779534142406,1779534142406,1779534142410,1779534142445
2026-05-23T11:02:22.5876410Z,1779534142587,2127,2747,1779534142445,1779534142445,1779534142439,1779534142440,1779534142441,1779534142442,1779534142478
2026-05-23T11:02:22.5940590Z,1779534142594,2130,2748,1779534142478,1779534142478,1779534142472,1779534142480,1779534142572,1779534142577,1779534142588
2026-05-23T11:02:22.6613950Z,1779534142661,2131,2750,1779534142594,1779534142594,1779534142588,1779534142612,1779534142613,1779534142617,1779534142625
2026-05-23T11:02:22.7325460Z,1779534142732,2132,2752,1779534142661,1779534142661,1779534142655,1779534142672,1779534142672,1779534142673,1779534142697
2026-05-23T11:02:22.7660880Z,1779534142766,2133,2753,1779534142697,1779534142697,1779534142691,1779534142707,1779534142707,1779534142710,1779534142732
2026-05-23T11:02:22.8024170Z,1779534142802,2134,2754,1779534142732,1779534142732,1779534142726,1779534142747,1779534142747,1779534142752,1779534142766
2026-05-23T11:02:22.9227320Z,1779534142922,2137,2756,1779534142802,1779534142802,1779534142796,1779534142805,1779534142881,1779534142886,1779534142915
2026-05-23T11:02:22.9904920Z,1779534142990,2138,2758,1779534142922,1779534142922,1779534142916,1779534142940,1779534142940,1779534142944,1779534142957
2026-05-23T11:02:23.0322030Z,1779534143032,2139,2759,1779534142957,1779534142957,1779534142951,1779534142974,1779534142974,1779534142976,1779534142990
2026-05-23T11:02:23.0634680Z,1779534143063,2140,2760,1779534142990,1779534142990,1779534142984,1779534143015,1779534143015,1779534143018,1779534143032
2026-05-23T11:02:23.1378820Z,1779534143137,2142,2762,1779534143063,1779534143063,1779534143057,1779534143074,1779534143108,1779534143112,1779534143134
2026-05-23T11:02:23.2067790Z,1779534143206,2143,2764,1779534143137,1779534143137,1779534143131,1779534143148,1779534143148,1779534143150,1779534143173
2026-05-23T11:02:23.2719330Z,1779534143271,2144,2766,1779534143206,1779534143206,1779534143201,1779534143208,1779534143208,1779534143208,1779534143239
2026-05-23T11:02:23.3046390Z,1779534143304,2145,2767,1779534143239,1779534143239,1779534143233,1779534143243,1779534143243,1779534143244,1779534143272
2026-05-23T11:02:23.3374240Z,1779534143337,2146,2768,1779534143272,1779534143272,1779534143266,1779534143283,1779534143283,1779534143287,1779534143304
2026-05-23T11:02:23.4020720Z,1779534143402,2147,2770,1779534143337,1779534143337,1779534143331,1779534143342,1779534143342,1779534143346,1779534143370
2026-05-23T11:02:23.4350500Z,1779534143435,2148,2771,1779534143370,1779534143370,1779534143364,1779534143376,1779534143376,1779534143377,1779534143402
2026-05-23T11:02:23.4679090Z,1779534143467,2149,2772,1779534143402,1779534143402,1779534143396,1779534143417,1779534143417,1779534143419,1779534143435
2026-05-23T11:02:23.5469940Z,1779534143546,2151,2774,1779534143467,1779534143467,1779534143463,1779534143475,1779534143509,1779534143509,1779534143541
2026-05-23T11:02:23.6652270Z,1779534143665,2152,2776,1779534143547,1779534143547,1779534143541,1779534143549,1779534143549,1779534143553,1779534143589
