timestamp_utc,seq,cmd_seq_echo,has_cmd,server_ts_ms,T0_input_ns,T1_send_ns,T3_isaac_recv_ns,T4_physics_ns,T5_isaac_send_ns,T6_unity_recv_ns,T7_rendered_ns,RTT_ms,Processing_ms,Network_est_ms,RenderDelay_ms,MTP_ms,Jitter_ms,NOTE_clocks
2026-05-23T11:00:46.2582170Z,2,-1,0,1779534046223,0,0,0,1779534046219000000,1779534046223000000,1779534046251000000,1779534046257000000,N/A,N/A,N/A,6.0000,N/A,0.00,T3-T5 on Isaac clock; Network_est approximate
2026-05-23T11:00:46.3257630Z,3,-1,0,1779534046260,0,0,0,1779534046257000000,1779534046260000000,1779534046289000000,1779534046325000000,N/A,N/A,N/A,36.0000,N/A,1.94,T3-T5 on Isaac clock; Network_est approximate
2026-05-23T11:00:46.3618110Z,4,-1,0,1779534046300,0,0,0,1779534046299000000,1779534046300000000,1779534046325000000,1779534046361000000,N/A,N/A,N/A,36.0000,N/A,2.06,T3-T5 on Isaac clock; Network_est approximate
2026-05-23T11:00:46.4637300Z,5,-1,0,1779534046362,0,0,0,1779534046357000000,1779534046362000000,1779534046394000000,1779534046463000000,N/A,N/A,N/A,69.0000,N/A,4.43,T3-T5 on Isaac clock; Network_est approximate
2026-05-23T11:00:46.4669550Z,7,-1,0,1779534046435,0,0,0,1779534046434000000,1779534046435000000,1779534046463000000,1779534046466000000,N/A,N/A,N/A,3.0000,N/A,8.52,T3-T5 on Isaac clock; Network_est approximate
2026-05-23T11:00:46.5330490Z,8,-1,0,1779534046492,0,0,0,1779534046492000000,1779534046492000000,1779534046500000000,1779534046533000000,N/A,N/A,N/A,33.0000,N/A,8.55,T3-T5 on Isaac clock; Network_est approximate
2026-05-23T11:00:46.6009420Z,9,-1,0,1779534046529,0,0,0,1779534046526000000,1779534046529000000,1779534046566000000,1779534046600000000,N/A,N/A,N/A,34.0000,N/A,9.95,T3-T5 on Isaac clock; Network_est approximate
2026-05-23T11:00:46.6411570Z,10,-1,0,1779534046570,0,0,0,1779534046567000000,1779534046570000000,1779534046600000000,1779534046641000000,N/A,N/A,N/A,41.0000,N/A,9.37,T3-T5 on Isaac clock; Network_est approximate
2026-05-23T11:00:46.6721090Z,11,-1,0,1779534046631,0,0,0,1779534046627000000,1779534046631000000,1779534046641000000,1779534046672000000,N/A,N/A,N/A,31.0000,N/A,10.66,T3-T5 on Isaac clock; Network_est approximate
2026-05-23T11:00:46.7435290Z,13,-1,0,1779534046705,0,0,0,1779534046702000000,1779534046705000000,1779534046712000000,1779534046743000000,N/A,N/A,N/A,31.0000,N/A,10.16,T3-T5 on Isaac clock; Network_est approximate
2026-05-23T11:00:46.8089350Z,14,-1,0,1779534046763,0,0,0,1779534046760000000,1779534046763000000,1779534046776000000,1779534046808000000,N/A,N/A,N/A,32.0000,N/A,9.99,T3-T5 on Isaac clock; Network_est approximate
2026-05-23T11:00:46.8414970Z,15,-1,0,1779534046799,0,0,0,1779534046794000000,1779534046799000000,1779534046808000000,1779534046841000000,N/A,N/A,N/A,33.0000,N/A,9.58,T3-T5 on Isaac clock; Network_est approximate
2026-05-23T11:00:46.9073800Z,16,-1,0,1779534046836,0,0,0,1779534046834000000,1779534046836000000,1779534046874000000,1779534046907000000,N/A,N/A,N/A,33.0000,N/A,10.78,T3-T5 on Isaac clock; Network_est approximate
2026-05-23T11:00:46.9397880Z,17,-1,0,1779534046893,0,0,0,1779534046892000000,1779534046893000000,1779534046907000000,1779534046939000000,N/A,N/A,N/A,32.0000,N/A,11.64,T3-T5 on Isaac clock; Network_est approximate
2026-05-23T11:00:46.9725290Z,18,-1,0,1779534046929,0,0,0,1779534046927000000,1779534046929000000,1779534046939000000,1779534046972000000,N/A,N/A,N/A,33.0000,N/A,11.12,T3-T5 on Isaac clock; Network_est approximate
2026-05-23T11:00:47.0382460Z,19,-1,0,1779534046971,0,0,0,1779534046967000000,1779534046971000000,1779534047004000000,1779534047038000000,N/A,N/A,N/A,34.0000,N/A,11.90,T3-T5 on Isaac clock; Network_est approximate
2026-05-23T11:00:47.0709940Z,20,-1,0,1779534047030,0,0,0,1779534047025000000,1779534047030000000,1779534047038000000,1779534047070000000,N/A,N/A,N/A,32.0000,N/A,12.80,T3-T5 on Isaac clock; Network_est approximate
2026-05-23T11:00:47.1046370Z,21,-1,0,1779534047061,0,0,0,1779534047059000000,1779534047061000000,1779534047070000000,1779534047104000000,N/A,N/A,N/A,34.0000,N/A,12.17,T3-T5 on Isaac clock; Network_est approximate
2026-05-23T11:00:47.1826480Z,22,-1,0,1779534047102,0,0,0,1779534047100000000,1779534047102000000,1779534047150000000,1779534047182000000,N/A,N/A,N/A,32.0000,N/A,13.70,T3-T5 on Isaac clock; Network_est approximate
2026-05-23T11:00:47.2291390Z,23,-1,0,1779534047160,0,0,0,1779534047159000000,1779534047160000000,1779534047182000000,1779534047229000000,N/A,N/A,N/A,47.0000,N/A,14.02,T3-T5 on Isaac clock; Network_est approximate
2026-05-23T11:00:47.2585370Z,24,-1,0,1779534047196,0,0,0,1779534047192000000,1779534047196000000,1779534047223000000,1779534047258000000,N/A,N/A,N/A,35.0000,N/A,13.39,T3-T5 on Isaac clock; Network_est approximate
2026-05-23T11:00:47.2850780Z,25,-1,0,1779534047237,0,0,0,1779534047232000000,1779534047237000000,1779534047258000000,1779534047285000000,N/A,N/A,N/A,27.0000,N/A,13.14,T3-T5 on Isaac clock; Network_est approximate
2026-05-23T11:00:47.3536550Z,26,-1,0,1779534047294,0,0,0,1779534047290000000,1779534047294000000,1779534047317000000,1779534047353000000,N/A,N/A,N/A,36.0000,N/A,13.04,T3-T5 on Isaac clock; Network_est approximate
2026-05-23T11:00:47.3888890Z,27,-1,0,1779534047324,0,0,0,1779534047323000000,1779534047324000000,1779534047353000000,1779534047388000000,N/A,N/A,N/A,35.0000,N/A,12.55,T3-T5 on Isaac clock; Network_est approximate
2026-05-23T11:00:47.4212130Z,28,-1,0,1779534047366,0,0,0,1779534047363000000,1779534047366000000,1779534047388000000,1779534047421000000,N/A,N/A,N/A,33.0000,N/A,12.37,T3-T5 on Isaac clock; Network_est approximate
2026-05-23T11:00:47.5309070Z,29,-1,0,1779534047422,0,0,0,1779534047421000000,1779534047422000000,1779534047454000000,1779534047530000000,N/A,N/A,N/A,76.0000,N/A,14.95,T3-T5 on Isaac clock; Network_est approximate
2026-05-23T11:00:47.5339320Z,31,-1,0,1779534047499,0,0,0,1779534047495000000,1779534047499000000,1779534047530000000,1779534047533000000,N/A,N/A,N/A,3.0000,N/A,18.64,T3-T5 on Isaac clock; Network_est approximate
2026-05-23T11:00:47.6014700Z,32,-1,0,1779534047557,0,0,0,1779534047553000000,1779534047557000000,1779534047567000000,1779534047601000000,N/A,N/A,N/A,34.0000,N/A,18.07,T3-T5 on Isaac clock; Network_est approximate
2026-05-23T11:00:47.6415340Z,33,-1,0,1779534047587,0,0,0,1779534047587000000,1779534047587000000,1779534047601000000,1779534047641000000,N/A,N/A,N/A,40.0000,N/A,17.57,T3-T5 on Isaac clock; Network_est approximate
2026-05-23T11:00:47.7082020Z,34,-1,0,1779534047634,0,0,0,1779534047630000000,1779534047634000000,1779534047641000000,1779534047708000000,N/A,N/A,N/A,67.0000,N/A,17.70,T3-T5 on Isaac clock; Network_est approximate
2026-05-23T11:00:47.7113680Z,35,-1,0,1779534047690,0,0,0,1779534047686000000,1779534047690000000,1779534047708000000,1779534047711000000,N/A,N/A,N/A,3.0000,N/A,19.89,T3-T5 on Isaac clock; Network_est approximate
2026-05-23T11:00:47.7841060Z,36,-1,0,1779534047722,0,0,0,1779534047721000000,1779534047722000000,1779534047744000000,1779534047784000000,N/A,N/A,N/A,40.0000,N/A,21.19,T3-T5 on Isaac clock; Network_est approximate
2026-05-23T11:00:47.8152460Z,37,-1,0,1779534047763,0,0,0,1779534047761000000,1779534047763000000,1779534047784000000,1779534047815000000,N/A,N/A,N/A,31.0000,N/A,20.48,T3-T5 on Isaac clock; Network_est approximate
2026-05-23T11:00:47.8809930Z,38,-1,0,1779534047820,0,0,0,1779534047819000000,1779534047820000000,1779534047847000000,1779534047880000000,N/A,N/A,N/A,33.0000,N/A,19.75,T3-T5 on Isaac clock; Network_est approximate
2026-05-23T11:00:47.9133860Z,39,-1,0,1779534047856,0,0,0,1779534047852000000,1779534047856000000,1779534047880000000,1779534047913000000,N/A,N/A,N/A,33.0000,N/A,18.74,T3-T5 on Isaac clock; Network_est approximate
2026-05-23T11:00:47.9462310Z,40,-1,0,1779534047893,0,0,0,1779534047893000000,1779534047893000000,1779534047913000000,1779534047946000000,N/A,N/A,N/A,33.0000,N/A,17.82,T3-T5 on Isaac clock; Network_est approximate
2026-05-23T11:00:48.0113430Z,41,-1,0,1779534047955,0,0,0,1779534047950000000,1779534047955000000,1779534047978000000,1779534048011000000,N/A,N/A,N/A,33.0000,N/A,16.90,T3-T5 on Isaac clock; Network_est approximate
2026-05-23T11:00:48.0505850Z,42,-1,0,1779534047986,0,0,0,1779534047984000000,1779534047986000000,1779534048011000000,1779534048050000000,N/A,N/A,N/A,39.0000,N/A,16.36,T3-T5 on Isaac clock; Network_est approximate
2026-05-23T11:00:48.0775020Z,43,-1,0,1779534048028,0,0,0,1779534048024000000,1779534048028000000,1779534048050000000,1779534048077000000,N/A,N/A,N/A,27.0000,N/A,16.27,T3-T5 on Isaac clock; Network_est approximate
2026-05-23T11:00:48.1506130Z,44,-1,0,1779534048085,0,0,0,1779534048082000000,1779534048085000000,1779534048109000000,1779534048150000000,N/A,N/A,N/A,41.0000,N/A,16.26,T3-T5 on Isaac clock; Network_est approximate
2026-05-23T11:00:48.1822580Z,45,-1,0,1779534048116,0,0,0,1779534048115000000,1779534048116000000,1779534048150000000,1779534048182000000,N/A,N/A,N/A,32.0000,N/A,15.29,T3-T5 on Isaac clock; Network_est approximate
2026-05-23T11:00:48.2154630Z,46,-1,0,1779534048157,0,0,0,1779534048155000000,1779534048157000000,1779534048182000000,1779534048215000000,N/A,N/A,N/A,33.0000,N/A,14.82,T3-T5 on Isaac clock; Network_est approximate
2026-05-23T11:00:48.2873910Z,47,-1,0,1779534048214,0,0,0,1779534048212000000,1779534048214000000,1779534048255000000,1779534048287000000,N/A,N/A,N/A,32.0000,N/A,14.81,T3-T5 on Isaac clock; Network_est approximate
2026-05-23T11:00:48.3204100Z,48,-1,0,1779534048251,0,0,0,1779534048246000000,1779534048251000000,1779534048287000000,1779534048320000000,N/A,N/A,N/A,33.0000,N/A,14.17,T3-T5 on Isaac clock; Network_est approximate
2026-05-23T11:00:48.3523840Z,49,-1,0,1779534048287,0,0,0,1779534048286000000,1779534048287000000,1779534048320000000,1779534048352000000,N/A,N/A,N/A,32.0000,N/A,13.49,T3-T5 on Isaac clock; Network_est approximate
2026-05-23T11:00:48.4213820Z,50,-1,0,1779534048344,0,0,0,1779534048344000000,1779534048344000000,1779534048352000000,1779534048421000000,N/A,N/A,N/A,69.0000,N/A,13.40,T3-T5 on Isaac clock; Network_est approximate
2026-05-23T11:00:48.4245680Z,51,-1,0,1779534048381,0,0,0,1779534048377000000,1779534048381000000,1779534048421000000,1779534048424000000,N/A,N/A,N/A,3.0000,N/A,14.67,T3-T5 on Isaac clock; Network_est approximate
2026-05-23T11:00:48.4918460Z,52,-1,0,1779534048418,0,0,0,1779534048418000000,1779534048418000000,1779534048458000000,1779534048491000000,N/A,N/A,N/A,33.0000,N/A,15.64,T3-T5 on Isaac clock; Network_est approximate
2026-05-23T11:00:48.5322660Z,53,-1,0,1779534048480,0,0,0,1779534048476000000,1779534048480000000,1779534048491000000,1779534048532000000,N/A,N/A,N/A,41.0000,N/A,16.01,T3-T5 on Isaac clock; Network_est approximate
2026-05-23T11:00:48.5643310Z,54,-1,0,1779534048513,0,0,0,1779534048511000000,1779534048513000000,1779534048532000000,1779534048564000000,N/A,N/A,N/A,32.0000,N/A,15.07,T3-T5 on Isaac clock; Network_est approximate
2026-05-23T11:00:48.5990680Z,55,-1,0,1779534048554,0,0,0,1779534048551000000,1779534048554000000,1779534048564000000,1779534048599000000,N/A,N/A,N/A,35.0000,N/A,14.52,T3-T5 on Isaac clock; Network_est approximate
2026-05-23T11:00:48.7095520Z,56,-1,0,1779534048612,0,0,0,1779534048609000000,1779534048612000000,1779534048629000000,1779534048709000000,N/A,N/A,N/A,80.0000,N/A,16.89,T3-T5 on Isaac clock; Network_est approximate
2026-05-23T11:00:48.7162730Z,58,-1,0,1779534048685,0,0,0,1779534048683000000,1779534048685000000,1779534048709000000,1779534048716000000,N/A,N/A,N/A,7.0000,N/A,19.99,T3-T5 on Isaac clock; Network_est approximate
2026-05-23T11:00:48.8119910Z,59,3,0,1779534048742,1779534048746000000,1779534048746000000,1779534048740000000,1779534048741000000,1779534048742000000,1779534048779000000,1779534048811000000,33.0000,1.0000,16.0000,32.0000,65.0000,21.16,T3-T5 on Isaac clock; Network_est approximate
2026-05-23T11:00:48.8443750Z,60,4,0,1779534048779,1779534048779000000,1779534048779000000,1779534048773000000,1779534048774000000,1779534048779000000,1779534048811000000,1779534048844000000,32.0000,1.0000,15.5000,33.0000,65.0000,20.12,T3-T5 on Isaac clock; Network_est approximate
2026-05-23T11:00:48.8774450Z,61,5,0,1779534048815,1779534048811000000,1779534048811000000,1779534048805000000,1779534048814000000,1779534048815000000,1779534048844000000,1779534048877000000,33.0000,9.0000,12.0000,33.0000,66.0000,19.05,T3-T5 on Isaac clock; Network_est approximate
2026-05-23T11:00:48.9429450Z,62,7,0,1779534048877,1779534048877000000,1779534048877000000,1779534048871000000,1779534048873000000,1779534048877000000,1779534048909000000,1779534048942000000,32.0000,2.0000,15.0000,33.0000,65.0000,18.07,T3-T5 on Isaac clock; Network_est approximate
2026-05-23T11:00:48.9750720Z,63,8,0,1779534048908,1779534048909000000,1779534048909000000,1779534048904000000,1779534048908000000,1779534048908000000,1779534048942000000,1779534048975000000,33.0000,4.0000,14.5000,33.0000,66.0000,17.02,T3-T5 on Isaac clock; Network_est approximate
2026-05-23T11:00:49.0081780Z,64,9,0,1779534048950,1779534048942000000,1779534048942000000,1779534048937000000,1779534048947000000,1779534048950000000,1779534048975000000,1779534049008000000,33.0000,10.0000,11.5000,33.0000,66.0000,16.51,T3-T5 on Isaac clock; Network_est approximate
2026-05-23T11:00:49.0736080Z,65,11,0,1779534049008,1779534049008000000,1779534049008000000,1779534049003000000,1779534049006000000,1779534049008000000,1779534049040000000,1779534049073000000,32.0000,3.0000,14.5000,33.0000,65.0000,15.94,T3-T5 on Isaac clock; Network_est approximate
2026-05-23T11:00:49.1078030Z,66,12,0,1779534049045,1779534049040000000,1779534049040000000,1779534049034000000,1779534049040000000,1779534049045000000,1779534049073000000,1779534049107000000,33.0000,6.0000,13.5000,34.0000,67.0000,15.14,T3-T5 on Isaac clock; Network_est approximate
2026-05-23T11:00:49.1826700Z,67,13,0,1779534049082,1779534049073000000,1779534049073000000,1779534049067000000,1779534049080000000,1779534049082000000,1779534049107000000,1779534049182000000,34.0000,13.0000,10.5000,75.0000,109.0000,16.57,T3-T5 on Isaac clock; Network_est approximate
2026-05-23T11:00:49.1876230Z,69,14,0,1779534049175,1779534049107000000,1779534049107000000,1779534049101000000,1779534049171000000,1779534049175000000,1779534049182000000,1779534049187000000,75.0000,70.0000,2.5000,5.0000,80.0000,21.05,T3-T5 on Isaac clock; Network_est approximate
2026-05-23T11:00:49.2610840Z,70,16,0,1779534049212,1779534049187000000,1779534049187000000,1779534049181000000,1779534049211000000,1779534049212000000,1779534049257000000,1779534049261000000,70.0000,30.0000,20.0000,4.0000,74.0000,22.02,T3-T5 on Isaac clock; Network_est approximate
2026-05-23T11:00:49.3261540Z,71,18,0,1779534049270,1779534049260000000,1779534049260000000,1779534049255000000,1779534049269000000,1779534049270000000,1779534049293000000,1779534049326000000,33.0000,14.0000,9.5000,33.0000,66.0000,21.07,T3-T5 on Isaac clock; Network_est approximate
2026-05-23T11:00:49.3590460Z,72,19,0,1779534049306,1779534049293000000,1779534049293000000,1779534049288000000,1779534049302000000,1779534049306000000,1779534049326000000,1779534049359000000,33.0000,14.0000,9.5000,33.0000,66.0000,19.95,T3-T5 on Isaac clock; Network_est approximate
2026-05-23T11:00:49.3915000Z,73,20,0,1779534049343,1779534049325000000,1779534049325000000,1779534049320000000,1779534049342000000,1779534049343000000,1779534049358000000,1779534049391000000,33.0000,22.0000,5.5000,33.0000,66.0000,19.01,T3-T5 on Isaac clock; Network_est approximate
2026-05-23T11:00:49.4568740Z,74,22,0,1779534049401,1779534049390000000,1779534049390000000,1779534049385000000,1779534049401000000,1779534049401000000,1779534049423000000,1779534049456000000,33.0000,16.0000,8.5000,33.0000,66.0000,18.31,T3-T5 on Isaac clock; Network_est approximate
2026-05-23T11:00:49.5253710Z,75,23,0,1779534049438,1779534049423000000,1779534049423000000,1779534049418000000,1779534049434000000,1779534049438000000,1779534049456000000,1779534049525000000,33.0000,16.0000,8.5000,69.0000,102.0000,19.13,T3-T5 on Isaac clock; Network_est approximate
2026-05-23T11:00:49.5292970Z,76,24,0,1779534049475,1779534049456000000,1779534049456000000,1779534049451000000,1779534049473000000,1779534049475000000,1779534049525000000,1779534049529000000,69.0000,22.0000,23.5000,4.0000,73.0000,19.99,T3-T5 on Isaac clock; Network_est approximate
2026-05-23T11:00:49.5957490Z,77,26,0,1779534049533,1779534049529000000,1779534049529000000,1779534049523000000,1779534049531000000,1779534049533000000,1779534049562000000,1779534049595000000,33.0000,8.0000,12.5000,33.0000,66.0000,19.27,T3-T5 on Isaac clock; Network_est approximate
2026-05-23T11:00:49.6300170Z,78,27,0,1779534049564,1779534049562000000,1779534049562000000,1779534049556000000,1779534049564000000,1779534049564000000,1779534049595000000,1779534049630000000,33.0000,8.0000,12.5000,35.0000,68.0000,18.27,T3-T5 on Isaac clock; Network_est approximate
2026-05-23T11:00:49.6629510Z,79,28,0,1779534049606,1779534049595000000,1779534049595000000,1779534049590000000,1779534049604000000,1779534049606000000,1779534049629000000,1779534049662000000,34.0000,14.0000,10.0000,33.0000,67.0000,17.69,T3-T5 on Isaac clock; Network_est approximate
2026-05-23T11:00:49.7748030Z,80,30,0,1779534049663,1779534049662000000,1779534049662000000,1779534049657000000,1779534049663000000,1779534049663000000,1779534049703000000,1779534049774000000,41.0000,6.0000,17.5000,71.0000,112.0000,19.96,T3-T5 on Isaac clock; Network_est approximate
2026-05-23T11:00:49.7788020Z,82,31,0,1779534049740,1779534049703000000,1779534049703000000,1779534049697000000,1779534049736000000,1779534049740000000,1779534049774000000,1779534049778000000,71.0000,39.0000,16.0000,4.0000,75.0000,23.22,T3-T5 on Isaac clock; Network_est approximate
2026-05-23T11:00:49.8435410Z,83,33,0,1779534049798,1779534049778000000,1779534049778000000,1779534049772000000,1779534049794000000,1779534049798000000,1779534049810000000,1779534049843000000,32.0000,22.0000,5.0000,33.0000,65.0000,22.18,T3-T5 on Isaac clock; Network_est approximate
2026-05-23T11:00:49.8770750Z,84,34,0,1779534049834,1779534049810000000,1779534049810000000,1779534049804000000,1779534049830000000,1779534049834000000,1779534049843000000,1779534049877000000,33.0000,26.0000,3.5000,34.0000,67.0000,20.95,T3-T5 on Isaac clock; Network_est approximate
2026-05-23T11:00:49.9424520Z,85,36,0,1779534049879,1779534049876000000,1779534049876000000,1779534049871000000,1779534049874000000,1779534049879000000,1779534049909000000,1779534049942000000,33.0000,3.0000,15.0000,33.0000,66.0000,20.91,T3-T5 on Isaac clock; Network_est approximate
2026-05-23T11:00:49.9747310Z,86,37,0,1779534049931,1779534049909000000,1779534049909000000,1779534049903000000,1779534049931000000,1779534049931000000,1779534049942000000,1779534049974000000,33.0000,28.0000,2.5000,32.0000,65.0000,20.84,T3-T5 on Isaac clock; Network_est approximate
2026-05-23T11:00:50.0076200Z,87,38,0,1779534049967,1779534049942000000,1779534049942000000,1779534049936000000,1779534049963000000,1779534049967000000,1779534049974000000,1779534050007000000,32.0000,27.0000,2.5000,33.0000,65.0000,19.72,T3-T5 on Isaac clock; Network_est approximate
2026-05-23T11:00:50.0728850Z,88,40,0,1779534050004,1779534050007000000,1779534050007000000,1779534050001000000,1779534050003000000,1779534050004000000,1779534050039000000,1779534050072000000,32.0000,2.0000,15.0000,33.0000,65.0000,20.25,T3-T5 on Isaac clock; Network_est approximate
2026-05-23T11:00:50.1055300Z,89,41,0,1779534050062,1779534050039000000,1779534050039000000,1779534050034000000,1779534050061000000,1779534050062000000,1779534050072000000,1779534050105000000,33.0000,27.0000,3.0000,33.0000,66.0000,20.58,T3-T5 on Isaac clock; Network_est approximate
2026-05-23T11:00:50.1721030Z,90,42,0,1779534050101,1779534050072000000,1779534050072000000,1779534050066000000,1779534050097000000,1779534050101000000,1779534050138000000,1779534050172000000,66.0000,31.0000,17.5000,34.0000,100.0000,21.01,T3-T5 on Isaac clock; Network_est approximate
2026-05-23T11:00:50.2135120Z,91,44,0,1779534050143,1779534050138000000,1779534050138000000,1779534050132000000,1779534050138000000,1779534050143000000,1779534050172000000,1779534050213000000,34.0000,6.0000,14.0000,41.0000,75.0000,19.74,T3-T5 on Isaac clock; Network_est approximate
2026-05-23T11:00:50.2456720Z,92,45,0,1779534050200,1779534050171000000,1779534050171000000,1779534050166000000,1779534050197000000,1779534050200000000,1779534050213000000,1779534050245000000,42.0000,31.0000,5.5000,32.0000,74.0000,20.06,T3-T5 on Isaac clock; Network_est approximate
2026-05-23T11:00:50.2867340Z,93,46,0,1779534050231,1779534050213000000,1779534050213000000,1779534050207000000,1779534050230000000,1779534050231000000,1779534050245000000,1779534050286000000,32.0000,23.0000,4.5000,41.0000,73.0000,19.44,T3-T5 on Isaac clock; Network_est approximate
2026-05-23T11:00:50.3176230Z,94,47,0,1779534050272,1779534050245000000,1779534050245000000,1779534050239000000,1779534050270000000,1779534050272000000,1779534050286000000,1779534050317000000,41.0000,31.0000,5.0000,31.0000,72.0000,18.86,T3-T5 on Isaac clock; Network_est approximate
2026-05-23T11:00:50.3828810Z,95,49,0,1779534050330,1779534050317000000,1779534050317000000,1779534050311000000,1779534050328000000,1779534050330000000,1779534050349000000,1779534050382000000,32.0000,17.0000,7.5000,33.0000,65.0000,18.13,T3-T5 on Isaac clock; Network_est approximate
2026-05-23T11:00:50.4157410Z,96,50,0,1779534050366,1779534050349000000,1779534050349000000,1779534050344000000,1779534050362000000,1779534050366000000,1779534050382000000,1779534050415000000,33.0000,18.0000,7.5000,33.0000,66.0000,17.19,T3-T5 on Isaac clock; Network_est approximate
2026-05-23T11:00:50.4488070Z,97,51,0,1779534050403,1779534050382000000,1779534050382000000,1779534050376000000,1779534050403000000,1779534050403000000,1779534050415000000,1779534050448000000,33.0000,27.0000,3.0000,33.0000,66.0000,16.36,T3-T5 on Isaac clock; Network_est approximate
2026-05-23T11:00:50.5134250Z,98,53,0,1779534050467,1779534050448000000,1779534050448000000,1779534050442000000,1779534050463000000,1779534050467000000,1779534050481000000,1779534050513000000,33.0000,21.0000,6.0000,32.0000,65.0000,15.39,T3-T5 on Isaac clock; Network_est approximate
2026-05-23T11:00:50.5466060Z,99,54,0,1779534050503,1779534050480000000,1779534050480000000,1779534050474000000,1779534050499000000,1779534050503000000,1779534050513000000,1779534050546000000,33.0000,25.0000,4.0000,33.0000,66.0000,14.61,T3-T5 on Isaac clock; Network_est approximate
2026-05-23T11:00:50.6184050Z,101,56,0,1779534050601,1779534050546000000,1779534050546000000,1779534050541000000,1779534050599000000,1779534050601000000,1779534050614000000,1779534050618000000,68.0000,58.0000,5.0000,4.0000,72.0000,15.33,T3-T5 on Isaac clock; Network_est approximate
2026-05-23T11:00:50.6931300Z,102,58,0,1779534050637,1779534050618000000,1779534050618000000,1779534050612000000,1779534050634000000,1779534050637000000,1779534050652000000,1779534050693000000,34.0000,22.0000,6.0000,41.0000,75.0000,16.79,T3-T5 on Isaac clock; Network_est approximate
2026-05-23T11:00:50.7680240Z,104,60,0,1779534050749,1779534050692000000,1779534050692000000,1779534050687000000,1779534050749000000,1779534050749000000,1779534050764000000,1779534050768000000,72.0000,62.0000,5.0000,4.0000,76.0000,18.06,T3-T5 on Isaac clock; Network_est approximate
2026-05-23T11:00:50.8331370Z,105,62,0,1779534050785,1779534050767000000,1779534050767000000,1779534050761000000,1779534050784000000,1779534050785000000,1779534050800000000,1779534050833000000,33.0000,23.0000,5.0000,33.0000,66.0000,18.74,T3-T5 on Isaac clock; Network_est approximate
2026-05-23T11:00:50.8985400Z,106,64,0,1779534050829,1779534050832000000,1779534050832000000,1779534050827000000,1779534050827000000,1779534050829000000,1779534050865000000,1779534050898000000,33.0000,0.0000,16.5000,33.0000,66.0000,18.91,T3-T5 on Isaac clock; Network_est approximate
2026-05-23T11:00:50.9312930Z,107,65,0,1779534050887,1779534050865000000,1779534050865000000,1779534050859000000,1779534050886000000,1779534050887000000,1779534050898000000,1779534050931000000,33.0000,27.0000,3.0000,33.0000,66.0000,19.31,T3-T5 on Isaac clock; Network_est approximate
2026-05-23T11:00:50.9642200Z,108,66,0,1779534050923,1779534050898000000,1779534050898000000,1779534050892000000,1779534050921000000,1779534050923000000,1779534050931000000,1779534050964000000,33.0000,29.0000,2.0000,33.0000,66.0000,18.29,T3-T5 on Isaac clock; Network_est approximate
2026-05-23T11:00:51.0287480Z,109,68,0,1779534050965,1779534050963000000,1779534050964000000,1779534050958000000,1779534050963000000,1779534050965000000,1779534050996000000,1779534051028000000,32.0000,5.0000,13.5000,32.0000,65.0000,18.56,T3-T5 on Isaac clock; Network_est approximate
2026-05-23T11:00:51.0949260Z,110,70,0,1779534051028,1779534051028000000,1779534051028000000,1779534051023000000,1779534051023000000,1779534051028000000,1779534051061000000,1779534051094000000,33.0000,0.0000,16.5000,33.0000,66.0000,17.59,T3-T5 on Isaac clock; Network_est approximate
2026-05-23T11:00:51.1294460Z,111,71,0,1779534051059,1779534051061000000,1779534051061000000,1779534051056000000,1779534051058000000,1779534051059000000,1779534051094000000,1779534051129000000,33.0000,2.0000,15.5000,35.0000,68.0000,16.71,T3-T5 on Isaac clock; Network_est approximate
2026-05-23T11:00:51.1622670Z,112,72,0,1779534051102,1779534051094000000,1779534051094000000,1779534051088000000,1779534051098000000,1779534051102000000,1779534051129000000,1779534051162000000,35.0000,10.0000,12.5000,33.0000,68.0000,16.29,T3-T5 on Isaac clock; Network_est approximate
2026-05-23T11:00:51.2387920Z,114,74,0,1779534051195,1779534051162000000,1779534051162000000,1779534051156000000,1779534051192000000,1779534051195000000,1779534051235000000,1779534051238000000,73.0000,36.0000,18.5000,3.0000,76.0000,16.30,T3-T5 on Isaac clock; Network_est approximate
2026-05-23T11:00:51.3125780Z,115,76,0,1779534051237,1779534051238000000,1779534051238000000,1779534051233000000,1779534051234000000,1779534051237000000,1779534051271000000,1779534051312000000,33.0000,1.0000,16.0000,41.0000,74.0000,17.27,T3-T5 on Isaac clock; Network_est approximate
2026-05-23T11:00:51.3428440Z,116,77,0,1779534051294,1779534051270000000,1779534051270000000,1779534051265000000,1779534051293000000,1779534051294000000,1779534051312000000,1779534051342000000,42.0000,28.0000,7.0000,30.0000,72.0000,17.86,T3-T5 on Isaac clock; Network_est approximate
2026-05-23T11:00:51.3754770Z,117,78,0,1779534051330,1779534051312000000,1779534051312000000,1779534051306000000,1779534051330000000,1779534051330000000,1779534051342000000,1779534051375000000,30.0000,24.0000,3.0000,33.0000,63.0000,16.95,T3-T5 on Isaac clock; Network_est approximate
2026-05-23T11:00:51.4410650Z,118,79,0,1779534051373,1779534051342000000,1779534051342000000,1779534051336000000,1779534051371000000,1779534051373000000,1779534051408000000,1779534051441000000,66.0000,35.0000,15.5000,33.0000,99.0000,17.29,T3-T5 on Isaac clock; Network_est approximate
2026-05-23T11:00:51.5075960Z,119,81,0,1779534051436,1779534051408000000,1779534051408000000,1779534051402000000,1779534051430000000,1779534051436000000,1779534051473000000,1779534051507000000,65.0000,28.0000,18.5000,34.0000,99.0000,16.41,T3-T5 on Isaac clock; Network_est approximate
2026-05-23T11:00:51.5395130Z,120,82,0,1779534051473,1779534051440000000,1779534051440000000,1779534051435000000,1779534051467000000,1779534051473000000,1779534051507000000,1779534051539000000,67.0000,32.0000,17.5000,32.0000,99.0000,15.69,T3-T5 on Isaac clock; Network_est approximate
2026-05-23T11:00:51.5721200Z,121,84,0,1779534051510,1779534051507000000,1779534051507000000,1779534051501000000,1779534051509000000,1779534051510000000,1779534051539000000,1779534051572000000,32.0000,8.0000,12.0000,33.0000,65.0000,15.00,T3-T5 on Isaac clock; Network_est approximate
2026-05-23T11:00:51.6372550Z,122,86,0,1779534051574,1779534051571000000,1779534051571000000,1779534051565000000,1779534051569000000,1779534051574000000,1779534051604000000,1779534051637000000,33.0000,4.0000,14.5000,33.0000,66.0000,14.15,T3-T5 on Isaac clock; Network_est approximate
2026-05-23T11:00:51.6697750Z,123,87,0,1779534051605,1779534051604000000,1779534051604000000,1779534051598000000,1779534051605000000,1779534051605000000,1779534051637000000,1779534051669000000,33.0000,7.0000,13.0000,32.0000,65.0000,13.36,T3-T5 on Isaac clock; Network_est approximate
2026-05-23T11:00:51.7461330Z,124,88,0,1779534051646,1779534051637000000,1779534051637000000,1779534051631000000,1779534051644000000,1779534051646000000,1779534051669000000,1779534051746000000,32.0000,13.0000,9.5000,77.0000,109.0000,14.74,T3-T5 on Isaac clock; Network_est approximate
2026-05-23T11:00:51.7499590Z,125,89,0,1779534051709,1779534051669000000,1779534051669000000,1779534051663000000,1779534051704000000,1779534051709000000,1779534051746000000,1779534051749000000,77.0000,41.0000,18.0000,3.0000,80.0000,17.51,T3-T5 on Isaac clock; Network_est approximate
2026-05-23T11:00:51.8163340Z,126,89,0,1779534051746,1779534051669000000,1779534051669000000,1779534051663000000,1779534051740000000,1779534051746000000,1779534051782000000,1779534051816000000,113.0000,77.0000,18.0000,34.0000,147.0000,18.25,T3-T5 on Isaac clock; Network_est approximate
2026-05-23T11:00:51.8492020Z,127,92,0,1779534051782,1779534051782000000,1779534051782000000,1779534051777000000,1779534051780000000,1779534051782000000,1779534051816000000,1779534051849000000,34.0000,3.0000,15.5000,33.0000,67.0000,17.31,T3-T5 on Isaac clock; Network_est approximate
2026-05-23T11:00:51.9149300Z,128,93,0,1779534051845,1779534051816000000,1779534051816000000,1779534051810000000,1779534051839000000,1779534051845000000,1779534051881000000,1779534051914000000,65.0000,29.0000,18.0000,33.0000,98.0000,16.39,T3-T5 on Isaac clock; Network_est approximate
2026-05-23T11:00:51.9478110Z,129,94,0,1779534051875,1779534051848000000,1779534051849000000,1779534051843000000,1779534051875000000,1779534051875000000,1779534051914000000,1779534051947000000,65.0000,32.0000,16.5000,33.0000,99.0000,15.55,T3-T5 on Isaac clock; Network_est approximate
2026-05-23T11:00:51.9795870Z,130,96,0,1779534051918,1779534051914000000,1779534051914000000,1779534051908000000,1779534051916000000,1779534051918000000,1779534051947000000,1779534051979000000,33.0000,8.0000,12.5000,32.0000,65.0000,15.28,T3-T5 on Isaac clock; Network_est approximate
2026-05-23T11:00:52.0444920Z,131,98,0,1779534051980,1779534051979000000,1779534051979000000,1779534051973000000,1779534051976000000,1779534051980000000,1779534052011000000,1779534052044000000,32.0000,3.0000,14.5000,33.0000,65.0000,14.51,T3-T5 on Isaac clock; Network_est approximate
2026-05-23T11:00:52.0774820Z,132,99,0,1779534052012,1779534052011000000,1779534052011000000,1779534052006000000,1779534052010000000,1779534052012000000,1779534052044000000,1779534052077000000,33.0000,4.0000,14.5000,33.0000,66.0000,13.67,T3-T5 on Isaac clock; Network_est approximate
2026-05-23T11:00:52.1100070Z,133,100,0,1779534052054,1779534052044000000,1779534052044000000,1779534052038000000,1779534052052000000,1779534052054000000,1779534052077000000,1779534052110000000,33.0000,14.0000,9.5000,33.0000,66.0000,13.41,T3-T5 on Isaac clock; Network_est approximate
2026-05-23T11:00:52.1754640Z,134,102,0,1779534052116,1779534052109000000,1779534052109000000,1779534052104000000,1779534052113000000,1779534052116000000,1779534052143000000,1779534052175000000,34.0000,9.0000,12.5000,32.0000,66.0000,12.78,T3-T5 on Isaac clock; Network_est approximate
2026-05-23T11:00:52.2085850Z,135,103,0,1779534052152,1779534052142000000,1779534052142000000,1779534052137000000,1779534052148000000,1779534052152000000,1779534052175000000,1779534052208000000,33.0000,11.0000,11.0000,33.0000,66.0000,12.16,T3-T5 on Isaac clock; Network_est approximate
2026-05-23T11:00:52.2496300Z,136,104,0,1779534052194,1779534052175000000,1779534052175000000,1779534052169000000,1779534052190000000,1779534052194000000,1779534052208000000,1779534052249000000,33.0000,21.0000,6.0000,41.0000,74.0000,11.46,T3-T5 on Isaac clock; Network_est approximate
2026-05-23T11:00:52.3223520Z,137,106,0,1779534052251,1779534052249000000,1779534052249000000,1779534052244000000,1779534052250000000,1779534052251000000,1779534052280000000,1779534052322000000,31.0000,6.0000,12.5000,42.0000,73.0000,11.73,T3-T5 on Isaac clock; Network_est approximate
2026-05-23T11:00:52.3534910Z,138,107,0,1779534052288,1779534052280000000,1779534052280000000,1779534052274000000,1779534052285000000,1779534052288000000,1779534052322000000,1779534052353000000,42.0000,11.0000,15.5000,31.0000,73.0000,11.36,T3-T5 on Isaac clock; Network_est approximate
2026-05-23T11:00:52.3863240Z,139,108,0,1779534052329,1779534052322000000,1779534052322000000,1779534052316000000,1779534052327000000,1779534052329000000,1779534052353000000,1779534052386000000,31.0000,11.0000,10.0000,33.0000,64.0000,11.16,T3-T5 on Isaac clock; Network_est approximate
2026-05-23T11:00:52.4517740Z,140,110,0,1779534052388,1779534052386000000,1779534052386000000,1779534052380000000,1779534052386000000,1779534052388000000,1779534052418000000,1779534052451000000,32.0000,6.0000,13.0000,33.0000,65.0000,10.87,T3-T5 on Isaac clock; Network_est approximate
2026-05-23T11:00:52.4840380Z,141,111,0,1779534052424,1779534052418000000,1779534052418000000,1779534052412000000,1779534052421000000,1779534052424000000,1779534052451000000,1779534052484000000,33.0000,9.0000,12.0000,33.0000,66.0000,10.42,T3-T5 on Isaac clock; Network_est approximate
2026-05-23T11:00:52.5166030Z,142,112,0,1779534052465,1779534052451000000,1779534052451000000,1779534052445000000,1779534052462000000,1779534052465000000,1779534052483000000,1779534052516000000,32.0000,17.0000,7.5000,33.0000,65.0000,10.30,T3-T5 on Isaac clock; Network_est approximate
2026-05-23T11:00:52.5822500Z,143,114,0,1779534052527,1779534052516000000,1779534052516000000,1779534052510000000,1779534052522000000,1779534052527000000,1779534052549000000,1779534052582000000,33.0000,12.0000,10.5000,33.0000,66.0000,9.87,T3-T5 on Isaac clock; Network_est approximate
2026-05-23T11:00:52.6147720Z,144,115,0,1779534052569,1779534052548000000,1779534052548000000,1779534052543000000,1779534052564000000,1779534052569000000,1779534052582000000,1779534052614000000,34.0000,21.0000,6.5000,32.0000,66.0000,9.85,T3-T5 on Isaac clock; Network_est approximate
2026-05-23T11:00:52.6800640Z,145,116,0,1779534052611,1779534052581000000,1779534052582000000,1779534052576000000,1779534052607000000,1779534052611000000,1779534052647000000,1779534052680000000,65.0000,31.0000,17.0000,33.0000,99.0000,10.70,T3-T5 on Isaac clock; Network_est approximate
2026-05-23T11:00:52.7535850Z,146,118,0,1779534052673,1779534052647000000,1779534052647000000,1779534052641000000,1779534052672000000,1779534052673000000,1779534052713000000,1779534052753000000,66.0000,31.0000,17.5000,40.0000,106.0000,10.75,T3-T5 on Isaac clock; Network_est approximate
2026-05-23T11:00:52.8299080Z,147,120,0,1779534052710,1779534052712000000,1779534052712000000,1779534052707000000,1779534052708000000,1779534052710000000,1779534052753000000,1779534052829000000,41.0000,1.0000,20.0000,76.0000,117.0000,12.53,T3-T5 on Isaac clock; Network_est approximate
2026-05-23T11:00:52.8335200Z,149,121,0,1779534052810,1779534052753000000,1779534052753000000,1779534052747000000,1779534052809000000,1779534052810000000,1779534052829000000,1779534052833000000,76.0000,62.0000,7.0000,4.0000,80.0000,17.77,T3-T5 on Isaac clock; Network_est approximate
2026-05-23T11:00:52.9000150Z,150,123,0,1779534052848,1779534052833000000,1779534052833000000,1779534052827000000,1779534052843000000,1779534052848000000,1779534052866000000,1779534052900000000,33.0000,16.0000,8.5000,34.0000,67.0000,18.44,T3-T5 on Isaac clock; Network_est approximate
2026-05-23T11:00:52.9329590Z,151,124,0,1779534052885,1779534052866000000,1779534052866000000,1779534052861000000,1779534052884000000,1779534052885000000,1779534052899000000,1779534052932000000,33.0000,23.0000,5.0000,33.0000,66.0000,17.53,T3-T5 on Isaac clock; Network_est approximate
2026-05-23T11:00:52.9988520Z,152,126,0,1779534052943,1779534052932000000,1779534052932000000,1779534052927000000,1779534052943000000,1779534052943000000,1779534052965000000,1779534052998000000,33.0000,16.0000,8.5000,33.0000,66.0000,16.93,T3-T5 on Isaac clock; Network_est approximate
2026-05-23T11:00:53.0312740Z,153,127,0,1779534052980,1779534052965000000,1779534052965000000,1779534052959000000,1779534052977000000,1779534052980000000,1779534052998000000,1779534053031000000,33.0000,18.0000,7.5000,33.0000,66.0000,16.16,T3-T5 on Isaac clock; Network_est approximate
2026-05-23T11:00:53.0637140Z,154,128,0,1779534053021,1779534052998000000,1779534052998000000,1779534052993000000,1779534053018000000,1779534053021000000,1779534053031000000,1779534053063000000,33.0000,25.0000,4.0000,32.0000,65.0000,15.68,T3-T5 on Isaac clock; Network_est approximate
2026-05-23T11:00:53.1326180Z,155,130,0,1779534053080,1779534053063000000,1779534053063000000,1779534053057000000,1779534053079000000,1779534053080000000,1779534053096000000,1779534053132000000,33.0000,22.0000,5.5000,36.0000,69.0000,15.32,T3-T5 on Isaac clock; Network_est approximate
2026-05-23T11:00:53.1652800Z,156,131,0,1779534053117,1779534053096000000,1779534053096000000,1779534053090000000,1779534053115000000,1779534053117000000,1779534053132000000,1779534053165000000,36.0000,25.0000,5.5000,33.0000,69.0000,14.63,T3-T5 on Isaac clock; Network_est approximate
2026-05-23T11:00:53.2317240Z,157,132,0,1779534053159,1779534053132000000,1779534053132000000,1779534053126000000,1779534053155000000,1779534053159000000,1779534053198000000,1779534053231000000,66.0000,29.0000,18.5000,33.0000,99.0000,15.23,T3-T5 on Isaac clock; Network_est approximate
2026-05-23T11:00:53.2725530Z,158,134,0,1779534053216,1779534053198000000,1779534053198000000,1779534053192000000,1779534053214000000,1779534053216000000,1779534053231000000,1779534053272000000,33.0000,22.0000,5.5000,41.0000,74.0000,15.29,T3-T5 on Isaac clock; Network_est approximate
2026-05-23T11:00:53.3042410Z,159,135,0,1779534053252,1779534053231000000,1779534053231000000,1779534053225000000,1779534053249000000,1779534053252000000,1779534053272000000,1779534053304000000,41.0000,24.0000,8.5000,32.0000,73.0000,14.60,T3-T5 on Isaac clock; Network_est approximate
2026-05-23T11:00:53.3444660Z,160,136,0,1779534053294,1779534053272000000,1779534053272000000,1779534053266000000,1779534053291000000,1779534053294000000,1779534053304000000,1779534053344000000,32.0000,25.0000,3.5000,40.0000,72.0000,13.80,T3-T5 on Isaac clock; Network_est approximate
2026-05-23T11:00:53.4083780Z,161,138,0,1779534053351,1779534053344000000,1779534053344000000,1779534053338000000,1779534053350000000,1779534053351000000,1779534053375000000,1779534053408000000,31.0000,12.0000,9.5000,33.0000,64.0000,13.36,T3-T5 on Isaac clock; Network_est approximate
2026-05-23T11:00:53.4410210Z,162,139,0,1779534053388,1779534053375000000,1779534053375000000,1779534053370000000,1779534053385000000,1779534053388000000,1779534053408000000,1779534053441000000,33.0000,15.0000,9.0000,33.0000,66.0000,12.81,T3-T5 on Isaac clock; Network_est approximate
2026-05-23T11:00:53.4735970Z,163,140,0,1779534053430,1779534053408000000,1779534053408000000,1779534053402000000,1779534053426000000,1779534053430000000,1779534053440000000,1779534053473000000,32.0000,24.0000,4.0000,33.0000,65.0000,12.59,T3-T5 on Isaac clock; Network_est approximate
2026-05-23T11:00:53.5395750Z,164,142,0,1779534053487,1779534053473000000,1779534053473000000,1779534053467000000,1779534053485000000,1779534053487000000,1779534053506000000,1779534053539000000,33.0000,18.0000,7.5000,33.0000,66.0000,12.34,T3-T5 on Isaac clock; Network_est approximate
2026-05-23T11:00:53.5718530Z,165,143,0,1779534053524,1779534053506000000,1779534053506000000,1779534053500000000,1779534053520000000,1779534053524000000,1779534053539000000,1779534053571000000,33.0000,20.0000,6.5000,32.0000,65.0000,11.86,T3-T5 on Isaac clock; Network_est approximate
2026-05-23T11:00:53.6375170Z,166,144,0,1779534053565,1779534053539000000,1779534053539000000,1779534053533000000,1779534053561000000,1779534053565000000,1779534053604000000,1779534053637000000,65.0000,28.0000,18.5000,33.0000,98.0000,12.66,T3-T5 on Isaac clock; Network_est approximate
2026-05-23T11:00:53.6693990Z,167,146,0,1779534053627,1779534053603000000,1779534053603000000,1779534053599000000,1779534053623000000,1779534053627000000,1779534053637000000,1779534053669000000,34.0000,24.0000,5.0000,32.0000,66.0000,13.76,T3-T5 on Isaac clock; Network_est approximate
2026-05-23T11:00:53.7357460Z,168,147,0,1779534053664,1779534053637000000,1779534053637000000,1779534053631000000,1779534053661000000,1779534053664000000,1779534053702000000,1779534053735000000,65.0000,30.0000,17.5000,33.0000,98.0000,14.70,T3-T5 on Isaac clock; Network_est approximate
2026-05-23T11:00:53.7771800Z,169,149,0,1779534053706,1779534053701000000,1779534053702000000,1779534053696000000,1779534053701000000,1779534053706000000,1779534053735000000,1779534053777000000,33.0000,5.0000,14.0000,42.0000,76.0000,13.79,T3-T5 on Isaac clock; Network_est approximate
2026-05-23T11:00:53.8082760Z,170,150,0,1779534053765,1779534053735000000,1779534053735000000,1779534053729000000,1779534053761000000,1779534053765000000,1779534053777000000,1779534053808000000,42.0000,32.0000,5.0000,31.0000,73.0000,14.68,T3-T5 on Isaac clock; Network_est approximate
2026-05-23T11:00:53.8501550Z,171,151,0,1779534053797,1779534053776000000,1779534053776000000,1779534053771000000,1779534053795000000,1779534053797000000,1779534053808000000,1779534053850000000,32.0000,24.0000,4.0000,42.0000,74.0000,14.39,T3-T5 on Isaac clock; Network_est approximate
2026-05-23T11:00:53.9176920Z,172,152,0,1779534053838,1779534053807000000,1779534053807000000,1779534053802000000,1779534053836000000,1779534053838000000,1779534053850000000,1779534053917000000,43.0000,34.0000,4.5000,67.0000,110.0000,15.15,T3-T5 on Isaac clock; Network_est approximate
2026-05-23T11:00:53.9212550Z,173,153,0,1779534053899,1779534053849000000,1779534053849000000,1779534053844000000,1779534053895000000,1779534053899000000,1779534053917000000,1779534053921000000,68.0000,51.0000,8.5000,4.0000,72.0000,17.79,T3-T5 on Isaac clock; Network_est approximate
2026-05-23T11:00:53.9882260Z,174,155,0,1779534053931,1779534053921000000,1779534053921000000,1779534053915000000,1779534053930000000,1779534053931000000,1779534053955000000,1779534053988000000,34.0000,15.0000,9.5000,33.0000,67.0000,18.86,T3-T5 on Isaac clock; Network_est approximate
2026-05-23T11:00:54.0212820Z,175,156,0,1779534053974,1779534053955000000,1779534053955000000,1779534053949000000,1779534053972000000,1779534053974000000,1779534053988000000,1779534054021000000,33.0000,23.0000,5.0000,33.0000,66.0000,18.30,T3-T5 on Isaac clock; Network_est approximate
2026-05-23T11:00:54.0870140Z,176,158,0,1779534054036,1779534054021000000,1779534054021000000,1779534054015000000,1779534054032000000,1779534054036000000,1779534054053000000,1779534054087000000,32.0000,17.0000,7.5000,34.0000,66.0000,17.39,T3-T5 on Isaac clock; Network_est approximate
2026-05-23T11:00:54.1195570Z,177,159,0,1779534054068,1779534054053000000,1779534054053000000,1779534054047000000,1779534054067000000,1779534054068000000,1779534054086000000,1779534054119000000,33.0000,20.0000,6.5000,33.0000,66.0000,16.34,T3-T5 on Isaac clock; Network_est approximate
2026-05-23T11:00:54.1525560Z,178,160,0,1779534054110,1779534054086000000,1779534054086000000,1779534054081000000,1779534054110000000,1779534054110000000,1779534054119000000,1779534054152000000,33.0000,29.0000,2.0000,33.0000,66.0000,15.88,T3-T5 on Isaac clock; Network_est approximate
2026-05-23T11:00:54.2187590Z,179,162,0,1779534054172,1779534054152000000,1779534054152000000,1779534054146000000,1779534054170000000,1779534054172000000,1779534054185000000,1779534054218000000,33.0000,24.0000,4.5000,33.0000,66.0000,15.14,T3-T5 on Isaac clock; Network_est approximate
2026-05-23T11:00:54.2519440Z,180,163,0,1779534054208,1779534054185000000,1779534054185000000,1779534054179000000,1779534054206000000,1779534054208000000,1779534054218000000,1779534054251000000,33.0000,27.0000,3.0000,33.0000,66.0000,14.37,T3-T5 on Isaac clock; Network_est approximate
2026-05-23T11:00:54.3250290Z,181,165,0,1779534054250,1779534054251000000,1779534054251000000,1779534054246000000,1779534054249000000,1779534054250000000,1779534054292000000,1779534054325000000,41.0000,3.0000,19.0000,33.0000,74.0000,15.41,T3-T5 on Isaac clock; Network_est approximate
2026-05-23T11:00:54.3658440Z,182,166,0,1779534054312,1779534054292000000,1779534054292000000,1779534054287000000,1779534054308000000,1779534054312000000,1779534054324000000,1779534054365000000,32.0000,21.0000,5.5000,41.0000,73.0000,15.78,T3-T5 on Isaac clock; Network_est approximate
2026-05-23T11:00:54.3973830Z,183,167,0,1779534054344,1779534054324000000,1779534054324000000,1779534054319000000,1779534054343000000,1779534054344000000,1779534054365000000,1779534054397000000,41.0000,24.0000,8.5000,32.0000,73.0000,14.82,T3-T5 on Isaac clock; Network_est approximate
2026-05-23T11:00:54.4297960Z,184,168,0,1779534054386,1779534054365000000,1779534054365000000,1779534054360000000,1779534054384000000,1779534054386000000,1779534054397000000,1779534054429000000,32.0000,24.0000,4.0000,32.0000,64.0000,14.49,T3-T5 on Isaac clock; Network_est approximate
2026-05-23T11:00:54.4952540Z,185,170,0,1779534054444,1779534054429000000,1779534054429000000,1779534054424000000,1779534054443000000,1779534054444000000,1779534054462000000,1779534054495000000,33.0000,19.0000,7.0000,33.0000,66.0000,14.04,T3-T5 on Isaac clock; Network_est approximate
2026-05-23T11:00:54.5279100Z,186,171,0,1779534054481,1779534054462000000,1779534054462000000,1779534054456000000,1779534054480000000,1779534054481000000,1779534054495000000,1779534054527000000,33.0000,24.0000,4.5000,32.0000,65.0000,13.43,T3-T5 on Isaac clock; Network_est approximate
2026-05-23T11:00:54.5952060Z,187,172,0,1779534054523,1779534054494000000,1779534054495000000,1779534054489000000,1779534054520000000,1779534054523000000,1779534054560000000,1779534054595000000,65.0000,31.0000,17.0000,35.0000,101.0000,14.17,T3-T5 on Isaac clock; Network_est approximate
2026-05-23T11:00:54.6307760Z,188,174,0,1779534054582,1779534054560000000,1779534054560000000,1779534054554000000,1779534054580000000,1779534054582000000,1779534054595000000,1779534054630000000,35.0000,26.0000,4.5000,35.0000,70.0000,14.75,T3-T5 on Isaac clock; Network_est approximate
2026-05-23T11:00:54.6691700Z,189,175,0,1779534054619,1779534054594000000,1779534054594000000,1779534054589000000,1779534054615000000,1779534054619000000,1779534054630000000,1779534054669000000,36.0000,26.0000,5.0000,39.0000,75.0000,13.91,T3-T5 on Isaac clock; Network_est approximate
2026-05-23T11:00:54.7056580Z,190,176,0,1779534054661,1779534054630000000,1779534054630000000,1779534054624000000,1779534054656000000,1779534054661000000,1779534054669000000,1779534054705000000,39.0000,32.0000,3.5000,36.0000,75.0000,13.38,T3-T5 on Isaac clock; Network_est approximate
2026-05-23T11:00:54.7794000Z,191,178,0,1779534054718,1779534054705000000,1779534054705000000,1779534054699000000,1779534054716000000,1779534054718000000,1779534054743000000,1779534054779000000,38.0000,17.0000,10.5000,36.0000,74.0000,13.58,T3-T5 on Isaac clock; Network_est approximate
2026-05-23T11:00:54.8215520Z,192,179,0,1779534054754,1779534054742000000,1779534054743000000,1779534054737000000,1779534054750000000,1779534054754000000,1779534054779000000,1779534054821000000,36.0000,13.0000,11.5000,42.0000,79.0000,13.10,T3-T5 on Isaac clock; Network_est approximate
2026-05-23T11:00:54.8954500Z,193,180,0,1779534054796,1779534054778000000,1779534054778000000,1779534054773000000,1779534054792000000,1779534054796000000,1779534054821000000,1779534054895000000,43.0000,19.0000,12.0000,74.0000,117.0000,14.30,T3-T5 on Isaac clock; Network_est approximate
2026-05-23T11:00:54.8994220Z,194,181,0,1779534054853,1779534054820000000,1779534054820000000,1779534054815000000,1779534054851000000,1779534054853000000,1779534054895000000,1779534054899000000,75.0000,36.0000,19.5000,4.0000,79.0000,16.72,T3-T5 on Isaac clock; Network_est approximate
2026-05-23T11:00:54.9313880Z,195,181,0,1779534054890,1779534054820000000,1779534054820000000,1779534054815000000,1779534054887000000,1779534054890000000,1779534054899000000,1779534054931000000,79.0000,72.0000,3.5000,32.0000,111.0000,16.00,T3-T5 on Isaac clock; Network_est approximate
2026-05-23T11:00:55.0032890Z,197,184,0,1779534054990,1779534054931000000,1779534054931000000,1779534054925000000,1779534054990000000,1779534054990000000,1779534055000000000,1779534055003000000,69.0000,65.0000,2.0000,3.0000,72.0000,16.74,T3-T5 on Isaac clock; Network_est approximate
2026-05-23T11:00:55.1040980Z,198,186,0,1779534055031,1779534055003000000,1779534055003000000,1779534054997000000,1779534055027000000,1779534055031000000,1779534055069000000,1779534055104000000,66.0000,30.0000,18.0000,35.0000,101.0000,19.38,T3-T5 on Isaac clock; Network_est approximate
2026-05-23T11:00:55.1392160Z,199,188,0,1779534055068,1779534055069000000,1779534055069000000,1779534055064000000,1779534055068000000,1779534055068000000,1779534055104000000,1779534055139000000,35.0000,4.0000,15.5000,35.0000,70.0000,18.26,T3-T5 on Isaac clock; Network_est approximate
2026-05-23T11:00:55.1711570Z,200,189,0,1779534055131,1779534055103000000,1779534055103000000,1779534055098000000,1779534055127000000,1779534055131000000,1779534055139000000,1779534055171000000,36.0000,29.0000,3.5000,32.0000,68.0000,19.04,T3-T5 on Isaac clock; Network_est approximate
2026-05-23T11:00:55.2039300Z,201,190,0,1779534055163,1779534055138000000,1779534055138000000,1779534055133000000,1779534055162000000,1779534055163000000,1779534055171000000,1779534055203000000,33.0000,29.0000,2.0000,32.0000,65.0000,17.90,T3-T5 on Isaac clock; Network_est approximate
2026-05-23T11:00:55.2698580Z,202,192,0,1779534055204,1779534055203000000,1779534055203000000,1779534055198000000,1779534055202000000,1779534055204000000,1779534055236000000,1779534055269000000,33.0000,4.0000,14.5000,33.0000,66.0000,18.33,T3-T5 on Isaac clock; Network_est approximate
2026-05-23T11:00:55.3110740Z,203,193,0,1779534055261,1779534055236000000,1779534055236000000,1779534055231000000,1779534055261000000,1779534055261000000,1779534055269000000,1779534055311000000,33.0000,30.0000,1.5000,42.0000,75.0000,18.18,T3-T5 on Isaac clock; Network_est approximate
2026-05-23T11:00:55.3424580Z,204,194,0,1779534055298,1779534055269000000,1779534055269000000,1779534055263000000,1779534055295000000,1779534055298000000,1779534055311000000,1779534055342000000,42.0000,32.0000,5.0000,31.0000,73.0000,17.40,T3-T5 on Isaac clock; Network_est approximate
2026-05-23T11:00:55.4156400Z,205,196,0,1779534055341,1779534055342000000,1779534055342000000,1779534055336000000,1779534055337000000,1779534055341000000,1779534055385000000,1779534055415000000,43.0000,1.0000,21.0000,30.0000,73.0000,18.21,T3-T5 on Isaac clock; Network_est approximate
2026-05-23T11:00:55.4480350Z,206,197,0,1779534055398,1779534055383000000,1779534055383000000,1779534055379000000,1779534055395000000,1779534055398000000,1779534055415000000,1779534055448000000,32.0000,16.0000,8.0000,33.0000,65.0000,18.62,T3-T5 on Isaac clock; Network_est approximate
2026-05-23T11:00:55.4803110Z,207,198,0,1779534055431,1779534055415000000,1779534055415000000,1779534055409000000,1779534055430000000,1779534055431000000,1779534055447000000,1779534055480000000,32.0000,21.0000,5.5000,33.0000,65.0000,17.49,T3-T5 on Isaac clock; Network_est approximate
2026-05-23T11:00:55.5128390Z,208,199,0,1779534055472,1779534055447000000,1779534055447000000,1779534055442000000,1779534055471000000,1779534055472000000,1779534055480000000,1779534055512000000,33.0000,29.0000,2.0000,32.0000,65.0000,16.93,T3-T5 on Isaac clock; Network_est approximate
2026-05-23T11:00:55.5788040Z,209,201,0,1779534055530,1779534055512000000,1779534055512000000,1779534055507000000,1779534055530000000,1779534055530000000,1779534055545000000,1779534055578000000,33.0000,23.0000,5.0000,33.0000,66.0000,16.36,T3-T5 on Isaac clock; Network_est approximate
2026-05-23T11:00:55.6110410Z,210,202,0,1779534055567,1779534055545000000,1779534055545000000,1779534055539000000,1779534055564000000,1779534055567000000,1779534055578000000,1779534055611000000,33.0000,25.0000,4.0000,33.0000,66.0000,15.64,T3-T5 on Isaac clock; Network_est approximate
2026-05-23T11:00:55.6763960Z,211,204,0,1779534055609,1779534055610000000,1779534055610000000,1779534055605000000,1779534055606000000,1779534055609000000,1779534055643000000,1779534055676000000,33.0000,1.0000,16.0000,33.0000,66.0000,16.12,T3-T5 on Isaac clock; Network_est approximate
2026-05-23T11:00:55.7414850Z,212,205,0,1779534055671,1779534055643000000,1779534055643000000,1779534055637000000,1779534055667000000,1779534055671000000,1779534055708000000,1779534055741000000,65.0000,30.0000,17.5000,33.0000,98.0000,15.31,T3-T5 on Isaac clock; Network_est approximate
2026-05-23T11:00:55.7747640Z,213,207,0,1779534055708,1779534055708000000,1779534055708000000,1779534055703000000,1779534055703000000,1779534055708000000,1779534055741000000,1779534055774000000,33.0000,0.0000,16.5000,33.0000,66.0000,14.59,T3-T5 on Isaac clock; Network_est approximate
2026-05-23T11:00:55.8153170Z,214,208,0,1779534055744,1779534055741000000,1779534055741000000,1779534055735000000,1779534055743000000,1779534055744000000,1779534055774000000,1779534055815000000,33.0000,8.0000,12.5000,41.0000,74.0000,13.96,T3-T5 on Isaac clock; Network_est approximate
2026-05-23T11:00:55.8468170Z,215,209,0,1779534055807,1779534055774000000,1779534055774000000,1779534055769000000,1779534055803000000,1779534055807000000,1779534055815000000,1779534055846000000,41.0000,34.0000,3.5000,31.0000,72.0000,15.06,T3-T5 on Isaac clock; Network_est approximate
2026-05-23T11:00:55.9194750Z,216,210,0,1779534055843,1779534055815000000,1779534055815000000,1779534055809000000,1779534055839000000,1779534055843000000,1779534055888000000,1779534055919000000,73.0000,30.0000,21.5000,31.0000,104.0000,16.39,T3-T5 on Isaac clock; Network_est approximate
2026-05-23T11:00:55.9518140Z,217,211,0,1779534055887,1779534055846000000,1779534055846000000,1779534055841000000,1779534055881000000,1779534055887000000,1779534055919000000,1779534055951000000,73.0000,40.0000,16.5000,32.0000,105.0000,16.07,T3-T5 on Isaac clock; Network_est approximate
2026-05-23T11:00:55.9846410Z,218,213,0,1779534055943,1779534055918000000,1779534055918000000,1779534055913000000,1779534055940000000,1779534055943000000,1779534055951000000,1779534055984000000,33.0000,27.0000,3.0000,33.0000,66.0000,16.51,T3-T5 on Isaac clock; Network_est approximate
2026-05-23T11:00:56.0571460Z,220,215,0,1779534056017,1779534055984000000,1779534055984000000,1779534055978000000,1779534056016000000,1779534056017000000,1779534056053000000,1779534056057000000,69.0000,38.0000,15.5000,4.0000,73.0000,15.57,T3-T5 on Isaac clock; Network_est approximate
2026-05-23T11:00:56.1241120Z,221,217,0,1779534056080,1779534056056000000,1779534056056000000,1779534056050000000,1779534056076000000,1779534056080000000,1779534056090000000,1779534056124000000,34.0000,26.0000,4.0000,34.0000,68.0000,14.84,T3-T5 on Isaac clock; Network_est approximate
2026-05-23T11:00:56.1577380Z,222,218,0,1779534056111,1779534056090000000,1779534056090000000,1779534056084000000,1779534056110000000,1779534056111000000,1779534056124000000,1779534056157000000,34.0000,26.0000,4.0000,33.0000,67.0000,14.08,T3-T5 on Isaac clock; Network_est approximate
2026-05-23T11:00:56.2227530Z,223,219,0,1779534056153,1779534056123000000,1779534056123000000,1779534056118000000,1779534056151000000,1779534056153000000,1779534056190000000,1779534056222000000,67.0000,33.0000,17.0000,32.0000,99.0000,14.64,T3-T5 on Isaac clock; Network_est approximate
2026-05-23T11:00:56.2890850Z,224,221,0,1779534056216,1779534056189000000,1779534056189000000,1779534056184000000,1779534056213000000,1779534056216000000,1779534056255000000,1779534056289000000,66.0000,29.0000,18.5000,34.0000,100.0000,13.93,T3-T5 on Isaac clock; Network_est approximate
2026-05-23T11:00:56.3220010Z,225,223,0,1779534056252,1779534056255000000,1779534056255000000,1779534056249000000,1779534056250000000,1779534056252000000,1779534056289000000,1779534056322000000,34.0000,1.0000,16.5000,33.0000,67.0000,13.25,T3-T5 on Isaac clock; Network_est approximate
2026-05-23T11:00:56.3625420Z,226,224,0,1779534056294,1779534056288000000,1779534056288000000,1779534056283000000,1779534056292000000,1779534056294000000,1779534056321000000,1779534056362000000,33.0000,9.0000,12.0000,41.0000,74.0000,12.51,T3-T5 on Isaac clock; Network_est approximate
2026-05-23T11:00:56.4325460Z,227,225,0,1779534056353,1779534056321000000,1779534056321000000,1779534056316000000,1779534056352000000,1779534056353000000,1779534056362000000,1779534056432000000,41.0000,36.0000,2.5000,70.0000,111.0000,12.41,T3-T5 on Isaac clock; Network_est approximate
2026-05-23T11:00:56.4361990Z,228,226,0,1779534056389,1779534056362000000,1779534056362000000,1779534056356000000,1779534056387000000,1779534056389000000,1779534056432000000,1779534056436000000,70.0000,31.0000,19.5000,4.0000,74.0000,13.65,T3-T5 on Isaac clock; Network_est approximate
2026-05-23T11:00:56.5009690Z,229,227,0,1779534056431,1779534056432000000,1779534056432000000,1779534056426000000,1779534056428000000,1779534056431000000,1779534056468000000,1779534056500000000,36.0000,2.0000,17.0000,32.0000,68.0000,14.22,T3-T5 on Isaac clock; Network_est approximate
2026-05-23T11:00:56.5339780Z,230,229,0,1779534056489,1779534056468000000,1779534056468000000,1779534056462000000,1779534056488000000,1779534056489000000,1779534056500000000,1779534056533000000,32.0000,26.0000,3.0000,33.0000,65.0000,14.90,T3-T5 on Isaac clock; Network_est approximate
2026-05-23T11:00:56.5665980Z,231,230,0,1779534056525,1779534056500000000,1779534056500000000,1779534056495000000,1779534056525000000,1779534056525000000,1779534056533000000,1779534056566000000,33.0000,30.0000,1.5000,33.0000,66.0000,14.17,T3-T5 on Isaac clock; Network_est approximate
2026-05-23T11:00:56.6320240Z,232,232,0,1779534056567,1779534056566000000,1779534056566000000,1779534056560000000,1779534056565000000,1779534056567000000,1779534056599000000,1779534056632000000,33.0000,5.0000,14.0000,33.0000,66.0000,14.74,T3-T5 on Isaac clock; Network_est approximate
2026-05-23T11:00:56.6967370Z,233,233,0,1779534056629,1779534056598000000,1779534056598000000,1779534056593000000,1779534056625000000,1779534056629000000,1779534056663000000,1779534056696000000,65.0000,32.0000,16.5000,33.0000,98.0000,13.99,T3-T5 on Isaac clock; Network_est approximate
2026-05-23T11:00:56.7318980Z,234,235,0,1779534056660,1779534056663000000,1779534056663000000,1779534056658000000,1779534056659000000,1779534056660000000,1779534056696000000,1779534056731000000,33.0000,1.0000,16.0000,35.0000,68.0000,13.19,T3-T5 on Isaac clock; Network_est approximate
2026-05-23T11:00:56.7619880Z,235,236,0,1779534056702,1779534056696000000,1779534056696000000,1779534056690000000,1779534056700000000,1779534056702000000,1779534056731000000,1779534056761000000,35.0000,10.0000,12.5000,30.0000,65.0000,12.93,T3-T5 on Isaac clock; Network_est approximate
2026-05-23T11:00:56.8290430Z,236,238,0,1779534056761,1779534056761000000,1779534056761000000,1779534056756000000,1779534056760000000,1779534056761000000,1779534056795000000,1779534056829000000,34.0000,4.0000,15.0000,34.0000,68.0000,12.60,T3-T5 on Isaac clock; Network_est approximate
2026-05-23T11:00:56.8697300Z,237,239,0,1779534056797,1779534056794000000,1779534056795000000,1779534056789000000,1779534056795000000,1779534056797000000,1779534056828000000,1779534056869000000,33.0000,6.0000,13.5000,41.0000,75.0000,12.12,T3-T5 on Isaac clock; Network_est approximate
2026-05-23T11:00:56.9011040Z,238,240,0,1779534056839,1779534056828000000,1779534056828000000,1779534056823000000,1779534056837000000,1779534056839000000,1779534056869000000,1779534056901000000,41.0000,14.0000,13.5000,32.0000,73.0000,12.03,T3-T5 on Isaac clock; Network_est approximate
2026-05-23T11:00:56.9727820Z,240,242,0,1779534056933,1779534056900000000,1779534056900000000,1779534056895000000,1779534056931000000,1779534056933000000,1779534056941000000,1779534056972000000,41.0000,36.0000,2.5000,31.0000,72.0000,12.68,T3-T5 on Isaac clock; Network_est approximate
2026-05-23T11:00:57.0379010Z,241,244,0,1779534056974,1779534056972000000,1779534056972000000,1779534056966000000,1779534056972000000,1779534056974000000,1779534057005000000,1779534057037000000,33.0000,6.0000,13.5000,32.0000,65.0000,13.41,T3-T5 on Isaac clock; Network_est approximate
2026-05-23T11:00:57.1433660Z,242,245,0,1779534057033,1779534057004000000,1779534057004000000,1779534057000000000,1779534057031000000,1779534057033000000,1779534057070000000,1779534057143000000,66.0000,31.0000,17.5000,73.0000,139.0000,15.47,T3-T5 on Isaac clock; Network_est approximate
2026-05-23T11:00:57.1474760Z,244,247,0,1779534057111,1779534057070000000,1779534057070000000,1779534057064000000,1779534057108000000,1779534057111000000,1779534057143000000,1779534057147000000,73.0000,44.0000,14.5000,4.0000,77.0000,19.12,T3-T5 on Isaac clock; Network_est approximate
2026-05-23T11:00:57.2144590Z,245,249,0,1779534057168,1779534057147000000,1779534057147000000,1779534057141000000,1779534057167000000,1779534057168000000,1779534057180000000,1779534057214000000,33.0000,26.0000,3.5000,34.0000,67.0000,18.55,T3-T5 on Isaac clock; Network_est approximate
2026-05-23T11:00:57.2470920Z,246,250,0,1779534057205,1779534057180000000,1779534057180000000,1779534057174000000,1779534057203000000,1779534057205000000,1779534057214000000,1779534057247000000,34.0000,29.0000,2.5000,33.0000,67.0000,17.66,T3-T5 on Isaac clock; Network_est approximate
2026-05-23T11:00:57.3126810Z,247,252,0,1779534057247,1779534057246000000,1779534057246000000,1779534057241000000,1779534057243000000,1779534057247000000,1779534057279000000,1779534057312000000,33.0000,2.0000,15.5000,33.0000,66.0000,18.03,T3-T5 on Isaac clock; Network_est approximate
2026-05-23T11:00:57.3870140Z,248,253,0,1779534057306,1779534057279000000,1779534057279000000,1779534057273000000,1779534057301000000,1779534057306000000,1779534057346000000,1779534057387000000,67.0000,28.0000,19.5000,41.0000,108.0000,17.86,T3-T5 on Isaac clock; Network_est approximate
2026-05-23T11:00:57.4186170Z,249,254,0,1779534057343,1779534057312000000,1779534057312000000,1779534057306000000,1779534057339000000,1779534057343000000,1779534057386000000,1779534057418000000,74.0000,33.0000,20.5000,32.0000,106.0000,17.08,T3-T5 on Isaac clock; Network_est approximate
2026-05-23T11:00:57.4588020Z,250,255,0,1779534057380,1779534057345000000,1779534057345000000,1779534057340000000,1779534057379000000,1779534057380000000,1779534057418000000,1779534057458000000,73.0000,39.0000,17.0000,40.0000,113.0000,16.22,T3-T5 on Isaac clock; Network_est approximate
2026-05-23T11:00:57.4904810Z,251,257,0,1779534057439,1779534057418000000,1779534057418000000,1779534057412000000,1779534057438000000,1779534057439000000,1779534057458000000,1779534057490000000,40.0000,26.0000,7.0000,32.0000,72.0000,16.91,T3-T5 on Isaac clock; Network_est approximate
2026-05-23T11:00:57.5222900Z,252,258,0,1779534057475,1779534057458000000,1779534057458000000,1779534057453000000,1779534057472000000,1779534057475000000,1779534057490000000,1779534057522000000,32.0000,19.0000,6.5000,32.0000,64.0000,16.11,T3-T5 on Isaac clock; Network_est approximate
2026-05-23T11:00:57.5879590Z,253,259,0,1779534057518,1779534057490000000,1779534057490000000,1779534057484000000,1779534057513000000,1779534057518000000,1779534057554000000,1779534057587000000,64.0000,29.0000,17.5000,33.0000,97.0000,16.51,T3-T5 on Isaac clock; Network_est approximate
2026-05-23T11:00:57.6204960Z,254,261,0,1779534057575,1779534057554000000,1779534057554000000,1779534057549000000,1779534057573000000,1779534057575000000,1779534057587000000,1779534057620000000,33.0000,24.0000,4.5000,33.0000,66.0000,17.01,T3-T5 on Isaac clock; Network_est approximate
2026-05-23T11:00:57.6528790Z,255,262,0,1779534057606,1779534057587000000,1779534057587000000,1779534057582000000,1779534057606000000,1779534057606000000,1779534057620000000,1779534057652000000,33.0000,24.0000,4.5000,32.0000,65.0000,16.03,T3-T5 on Isaac clock; Network_est approximate
2026-05-23T11:00:57.7182030Z,256,264,0,1779534057649,1779534057652000000,1779534057652000000,1779534057647000000,1779534057648000000,1779534057649000000,1779534057685000000,1779534057718000000,33.0000,1.0000,16.0000,33.0000,66.0000,16.42,T3-T5 on Isaac clock; Network_est approximate
2026-05-23T11:00:57.7840940Z,257,265,0,1779534057711,1779534057685000000,1779534057685000000,1779534057679000000,1779534057707000000,1779534057711000000,1779534057751000000,1779534057784000000,66.0000,28.0000,19.0000,33.0000,99.0000,15.61,T3-T5 on Isaac clock; Network_est approximate
2026-05-23T11:00:57.8172100Z,258,266,0,1779534057748,1779534057717000000,1779534057718000000,1779534057712000000,1779534057742000000,1779534057748000000,1779534057784000000,1779534057817000000,66.0000,30.0000,18.0000,33.0000,100.0000,14.87,T3-T5 on Isaac clock; Network_est approximate
2026-05-23T11:00:57.8500320Z,259,268,0,1779534057785,1779534057783000000,1779534057783000000,1779534057778000000,1779534057784000000,1779534057785000000,1779534057817000000,1779534057850000000,34.0000,6.0000,14.0000,33.0000,67.0000,14.20,T3-T5 on Isaac clock; Network_est approximate
2026-05-23T11:00:57.9230690Z,260,270,0,1779534057849,1779534057849000000,1779534057849000000,1779534057844000000,1779534057845000000,1779534057849000000,1779534057891000000,1779534057923000000,42.0000,1.0000,20.5000,32.0000,74.0000,13.88,T3-T5 on Isaac clock; Network_est approximate
2026-05-23T11:00:57.9639110Z,261,270,0,1779534057885,1779534057849000000,1779534057849000000,1779534057844000000,1779534057880000000,1779534057885000000,1779534057922000000,1779534057963000000,73.0000,36.0000,18.5000,41.0000,114.0000,13.30,T3-T5 on Isaac clock; Network_est approximate
2026-05-23T11:00:57.9949380Z,262,272,0,1779534057922,1779534057922000000,1779534057922000000,1779534057917000000,1779534057921000000,1779534057922000000,1779534057963000000,1779534057994000000,41.0000,4.0000,18.5000,31.0000,72.0000,12.83,T3-T5 on Isaac clock; Network_est approximate
2026-05-23T11:00:58.0276170Z,263,273,0,1779534057984,1779534057963000000,1779534057963000000,1779534057957000000,1779534057980000000,1779534057984000000,1779534057994000000,1779534058027000000,31.0000,23.0000,4.0000,33.0000,64.0000,13.83,T3-T5 on Isaac clock; Network_est approximate
2026-05-23T11:00:58.0928380Z,264,274,0,1779534058022,1779534057994000000,1779534057994000000,1779534057988000000,1779534058017000000,1779534058022000000,1779534058059000000,1779534058092000000,65.0000,29.0000,18.0000,33.0000,98.0000,14.64,T3-T5 on Isaac clock; Network_est approximate
2026-05-23T11:00:58.1252070Z,265,276,0,1779534058059,1779534058059000000,1779534058059000000,1779534058053000000,1779534058056000000,1779534058059000000,1779534058092000000,1779534058125000000,33.0000,3.0000,15.0000,33.0000,66.0000,13.99,T3-T5 on Isaac clock; Network_est approximate
2026-05-23T11:00:58.1944030Z,266,277,0,1779534058116,1779534058092000000,1779534058092000000,1779534058086000000,1779534058115000000,1779534058116000000,1779534058125000000,1779534058194000000,33.0000,29.0000,2.0000,69.0000,102.0000,13.87,T3-T5 on Isaac clock; Network_est approximate
2026-05-23T11:00:58.1982720Z,267,278,0,1779534058152,1779534058124000000,1779534058124000000,1779534058119000000,1779534058152000000,1779534058152000000,1779534058194000000,1779534058198000000,70.0000,33.0000,18.5000,4.0000,74.0000,15.01,T3-T5 on Isaac clock; Network_est approximate
2026-05-23T11:00:58.2651830Z,268,280,0,1779534058194,1779534058198000000,1779534058198000000,1779534058192000000,1779534058194000000,1779534058194000000,1779534058231000000,1779534058265000000,33.0000,2.0000,15.5000,34.0000,67.0000,15.63,T3-T5 on Isaac clock; Network_est approximate
2026-05-23T11:00:58.2982160Z,269,281,0,1779534058253,1779534058231000000,1779534058231000000,1779534058225000000,1779534058253000000,1779534058253000000,1779534058265000000,1779534058298000000,34.0000,28.0000,3.0000,33.0000,67.0000,16.28,T3-T5 on Isaac clock; Network_est approximate
2026-05-23T11:00:58.3316900Z,270,282,0,1779534058289,1779534058264000000,1779534058265000000,1779534058259000000,1779534058287000000,1779534058289000000,1779534058298000000,1779534058331000000,33.0000,28.0000,2.5000,33.0000,67.0000,15.42,T3-T5 on Isaac clock; Network_est approximate
2026-05-23T11:00:58.4074260Z,271,284,0,1779534058331,1779534058331000000,1779534058331000000,1779534058326000000,1779534058329000000,1779534058331000000,1779534058375000000,1779534058407000000,44.0000,3.0000,20.5000,32.0000,76.0000,16.57,T3-T5 on Isaac clock; Network_est approximate
2026-05-23T11:00:58.4475590Z,272,285,0,1779534058388,1779534058375000000,1779534058375000000,1779534058369000000,1779534058388000000,1779534058388000000,1779534058407000000,1779534058447000000,32.0000,19.0000,6.5000,40.0000,72.0000,16.59,T3-T5 on Isaac clock; Network_est approximate
2026-05-23T11:00:58.4788910Z,273,286,0,1779534058425,1779534058407000000,1779534058407000000,1779534058401000000,1779534058422000000,1779534058425000000,1779534058447000000,1779534058478000000,40.0000,21.0000,9.5000,31.0000,71.0000,15.91,T3-T5 on Isaac clock; Network_est approximate
2026-05-23T11:00:58.5111680Z,274,287,0,1779534058467,1779534058447000000,1779534058447000000,1779534058441000000,1779534058463000000,1779534058467000000,1779534058478000000,1779534058511000000,31.0000,22.0000,4.5000,33.0000,64.0000,15.52,T3-T5 on Isaac clock; Network_est approximate
2026-05-23T11:00:58.5772030Z,275,289,0,1779534058525,1779534058510000000,1779534058510000000,1779534058505000000,1779534058523000000,1779534058525000000,1779534058544000000,1779534058577000000,34.0000,18.0000,8.0000,33.0000,67.0000,15.06,T3-T5 on Isaac clock; Network_est approximate
2026-05-23T11:00:58.6096860Z,276,290,0,1779534058561,1779534058544000000,1779534058544000000,1779534058538000000,1779534058559000000,1779534058561000000,1779534058577000000,1779534058609000000,33.0000,21.0000,6.0000,32.0000,65.0000,14.34,T3-T5 on Isaac clock; Network_est approximate
2026-05-23T11:00:58.6753010Z,277,291,0,1779534058603,1779534058577000000,1779534058577000000,1779534058571000000,1779534058599000000,1779534058603000000,1779534058642000000,1779534058675000000,65.0000,28.0000,18.5000,33.0000,98.0000,14.92,T3-T5 on Isaac clock; Network_est approximate
2026-05-23T11:00:58.7081730Z,278,293,0,1779534058660,1779534058641000000,1779534058641000000,1779534058636000000,1779534058658000000,1779534058660000000,1779534058675000000,1779534058708000000,34.0000,22.0000,6.0000,33.0000,67.0000,15.50,T3-T5 on Isaac clock; Network_est approximate
2026-05-23T11:00:58.7407850Z,279,294,0,1779534058696,1779534058675000000,1779534058675000000,1779534058669000000,1779534058693000000,1779534058696000000,1779534058708000000,1779534058740000000,33.0000,24.0000,4.5000,32.0000,65.0000,14.74,T3-T5 on Isaac clock; Network_est approximate
2026-05-23T11:00:58.8065930Z,280,295,0,1779534058738,1779534058707000000,1779534058707000000,1779534058702000000,1779534058734000000,1779534058738000000,1779534058773000000,1779534058806000000,66.0000,32.0000,17.0000,33.0000,99.0000,15.30,T3-T5 on Isaac clock; Network_est approximate
2026-05-23T11:00:58.8394700Z,281,297,0,1779534058796,1779534058773000000,1779534058773000000,1779534058767000000,1779534058793000000,1779534058796000000,1779534058806000000,1779534058839000000,33.0000,26.0000,3.5000,33.0000,66.0000,15.92,T3-T5 on Isaac clock; Network_est approximate
2026-05-23T11:00:58.9174920Z,283,299,0,1779534058873,1779534058839000000,1779534058839000000,1779534058833000000,1779534058869000000,1779534058873000000,1779534058912000000,1779534058917000000,73.0000,36.0000,18.5000,5.0000,78.0000,14.98,T3-T5 on Isaac clock; Network_est approximate
2026-05-23T11:00:58.9917840Z,284,301,0,1779534058931,1779534058917000000,1779534058917000000,1779534058911000000,1779534058927000000,1779534058931000000,1779534058949000000,1779534058991000000,32.0000,16.0000,8.0000,42.0000,74.0000,15.06,T3-T5 on Isaac clock; Network_est approximate
2026-05-23T11:00:59.0227410Z,285,302,0,1779534058962,1779534058949000000,1779534058949000000,1779534058943000000,1779534058962000000,1779534058962000000,1779534058991000000,1779534059022000000,42.0000,19.0000,11.5000,31.0000,73.0000,14.12,T3-T5 on Isaac clock; Network_est approximate
2026-05-23T11:00:59.0558450Z,286,303,0,1779534059004,1779534058991000000,1779534058991000000,1779534058986000000,1779534059003000000,1779534059004000000,1779534059022000000,1779534059055000000,31.0000,17.0000,7.0000,33.0000,64.0000,13.80,T3-T5 on Isaac clock; Network_est approximate
2026-05-23T11:00:59.1231170Z,287,305,0,1779534059064,1779534059055000000,1779534059055000000,1779534059049000000,1779534059063000000,1779534059064000000,1779534059088000000,1779534059123000000,33.0000,14.0000,9.5000,35.0000,68.0000,13.38,T3-T5 on Isaac clock; Network_est approximate
2026-05-23T11:00:59.1561740Z,288,306,0,1779534059101,1779534059088000000,1779534059088000000,1779534059083000000,1779534059100000000,1779534059101000000,1779534059123000000,1779534059156000000,35.0000,17.0000,9.0000,33.0000,68.0000,12.79,T3-T5 on Isaac clock; Network_est approximate
2026-05-23T11:00:59.1896650Z,289,307,0,1779534059143,1779534059122000000,1779534059122000000,1779534059117000000,1779534059142000000,1779534059143000000,1779534059156000000,1779534059189000000,34.0000,25.0000,4.5000,33.0000,67.0000,12.53,T3-T5 on Isaac clock; Network_est approximate
2026-05-23T11:00:59.2909020Z,290,309,0,1779534059206,1779534059189000000,1779534059189000000,1779534059183000000,1779534059201000000,1779534059206000000,1779534059221000000,1779534059290000000,32.0000,18.0000,7.0000,69.0000,101.0000,14.16,T3-T5 on Isaac clock; Network_est approximate
2026-05-23T11:00:59.2943640Z,292,310,0,1779534059282,1779534059221000000,1779534059221000000,1779534059215000000,1779534059278000000,1779534059282000000,1779534059290000000,1779534059294000000,69.0000,63.0000,3.0000,4.0000,73.0000,17.81,T3-T5 on Isaac clock; Network_est approximate
2026-05-23T11:00:59.4355050Z,293,313,0,1779534059345,1779534059328000000,1779534059328000000,1779534059322000000,1779534059341000000,1779534059345000000,1779534059361000000,1779534059435000000,33.0000,19.0000,7.0000,74.0000,107.0000,21.57,T3-T5 on Isaac clock; Network_est approximate
2026-05-23T11:00:59.4398940Z,295,314,0,1779534059422,1779534059361000000,1779534059361000000,1779534059355000000,1779534059418000000,1779534059422000000,1779534059435000000,1779534059439000000,74.0000,63.0000,5.5000,4.0000,78.0000,24.76,T3-T5 on Isaac clock; Network_est approximate
2026-05-23T11:00:59.5450200Z,296,317,0,1779534059479,1779534059471000000,1779534059471000000,1779534059466000000,1779534059477000000,1779534059479000000,1779534059513000000,1779534059545000000,42.0000,11.0000,15.5000,32.0000,74.0000,26.22,T3-T5 on Isaac clock; Network_est approximate
2026-05-23T11:00:59.5772510Z,297,318,0,1779534059516,1779534059513000000,1779534059513000000,1779534059507000000,1779534059513000000,1779534059516000000,1779534059544000000,1779534059577000000,31.0000,6.0000,12.5000,33.0000,64.0000,24.88,T3-T5 on Isaac clock; Network_est approximate
2026-05-23T11:00:59.6100250Z,298,319,0,1779534059557,1779534059544000000,1779534059544000000,1779534059539000000,1779534059554000000,1779534059557000000,1779534059577000000,1779534059610000000,33.0000,15.0000,9.0000,33.0000,66.0000,23.86,T3-T5 on Isaac clock; Network_est approximate
2026-05-23T11:00:59.6749620Z,299,321,0,1779534059613,1779534059609000000,1779534059609000000,1779534059604000000,1779534059613000000,1779534059613000000,1779534059642000000,1779534059674000000,33.0000,9.0000,12.0000,32.0000,65.0000,22.95,T3-T5 on Isaac clock; Network_est approximate
2026-05-23T11:00:59.7081240Z,300,322,0,1779534059655,1779534059642000000,1779534059642000000,1779534059636000000,1779534059649000000,1779534059655000000,1779534059674000000,1779534059708000000,32.0000,13.0000,9.5000,34.0000,66.0000,22.06,T3-T5 on Isaac clock; Network_est approximate
2026-05-23T11:00:59.7403990Z,301,323,0,1779534059691,1779534059674000000,1779534059674000000,1779534059668000000,1779534059689000000,1779534059691000000,1779534059708000000,1779534059740000000,34.0000,21.0000,6.5000,32.0000,66.0000,20.92,T3-T5 on Isaac clock; Network_est approximate
2026-05-23T11:00:59.8059090Z,302,325,0,1779534059750,1779534059740000000,1779534059740000000,1779534059734000000,1779534059749000000,1779534059750000000,1779534059773000000,1779534059805000000,33.0000,15.0000,9.0000,32.0000,65.0000,20.03,T3-T5 on Isaac clock; Network_est approximate
2026-05-23T11:00:59.8381380Z,303,326,0,1779534059786,1779534059773000000,1779534059773000000,1779534059767000000,1779534059785000000,1779534059786000000,1779534059805000000,1779534059838000000,32.0000,18.0000,7.0000,33.0000,65.0000,19.01,T3-T5 on Isaac clock; Network_est approximate
2026-05-23T11:00:59.8711180Z,304,327,0,1779534059827,1779534059805000000,1779534059805000000,1779534059800000000,1779534059826000000,1779534059827000000,1779534059838000000,1779534059871000000,33.0000,26.0000,3.5000,33.0000,66.0000,18.33,T3-T5 on Isaac clock; Network_est approximate
2026-05-23T11:00:59.9476110Z,306,329,0,1779534059925,1779534059870000000,1779534059870000000,1779534059865000000,1779534059921000000,1779534059925000000,1779534059943000000,1779534059947000000,73.0000,56.0000,8.5000,4.0000,77.0000,18.52,T3-T5 on Isaac clock; Network_est approximate
2026-05-23T11:01:00.0211400Z,307,331,0,1779534059962,1779534059947000000,1779534059947000000,1779534059941000000,1779534059961000000,1779534059962000000,1779534059980000000,1779534060021000000,33.0000,20.0000,6.5000,41.0000,74.0000,19.65,T3-T5 on Isaac clock; Network_est approximate
2026-05-23T11:01:00.0853310Z,308,333,0,1779534060025,1779534060020000000,1779534060020000000,1779534060015000000,1779534060021000000,1779534060025000000,1779534060052000000,1779534060085000000,32.0000,6.0000,13.0000,33.0000,65.0000,18.49,T3-T5 on Isaac clock; Network_est approximate
2026-05-23T11:01:00.1185140Z,309,334,0,1779534060061,1779534060052000000,1779534060052000000,1779534060047000000,1779534060056000000,1779534060061000000,1779534060085000000,1779534060118000000,33.0000,9.0000,12.0000,33.0000,66.0000,17.52,T3-T5 on Isaac clock; Network_est approximate
2026-05-23T11:01:00.1511500Z,310,335,0,1779534060103,1779534060085000000,1779534060085000000,1779534060079000000,1779534060100000000,1779534060103000000,1779534060118000000,1779534060151000000,33.0000,21.0000,6.0000,33.0000,66.0000,17.00,T3-T5 on Isaac clock; Network_est approximate
2026-05-23T11:01:00.2167240Z,311,337,0,1779534060160,1779534060150000000,1779534060150000000,1779534060145000000,1779534060160000000,1779534060160000000,1779534060183000000,1779534060216000000,33.0000,15.0000,9.0000,33.0000,66.0000,16.47,T3-T5 on Isaac clock; Network_est approximate
2026-05-23T11:01:00.2491400Z,312,338,0,1779534060197,1779534060183000000,1779534060183000000,1779534060177000000,1779534060196000000,1779534060197000000,1779534060216000000,1779534060249000000,33.0000,19.0000,7.0000,33.0000,66.0000,15.72,T3-T5 on Isaac clock; Network_est approximate
2026-05-23T11:01:00.2821810Z,313,339,0,1779534060239,1779534060216000000,1779534060216000000,1779534060210000000,1779534060238000000,1779534060239000000,1779534060249000000,1779534060282000000,33.0000,28.0000,2.5000,33.0000,66.0000,15.32,T3-T5 on Isaac clock; Network_est approximate
2026-05-23T11:01:00.3900500Z,314,341,0,1779534060298,1779534060281000000,1779534060281000000,1779534060275000000,1779534060297000000,1779534060298000000,1779534060314000000,1779534060390000000,33.0000,22.0000,5.5000,76.0000,109.0000,17.44,T3-T5 on Isaac clock; Network_est approximate
2026-05-23T11:01:00.3937200Z,316,342,0,1779534060377,1779534060314000000,1779534060314000000,1779534060308000000,1779534060375000000,1779534060377000000,1779534060389000000,1779534060393000000,75.0000,67.0000,4.0000,4.0000,79.0000,21.05,T3-T5 on Isaac clock; Network_est approximate
2026-05-23T11:01:00.5335070Z,317,345,0,1779534060435,1779534060427000000,1779534060427000000,1779534060422000000,1779534060434000000,1779534060435000000,1779534060461000000,1779534060533000000,34.0000,12.0000,11.0000,72.0000,106.0000,24.84,T3-T5 on Isaac clock; Network_est approximate
2026-05-23T11:01:00.5376220Z,319,346,0,1779534060514,1779534060460000000,1779534060461000000,1779534060455000000,1779534060510000000,1779534060514000000,1779534060533000000,1779534060537000000,72.0000,55.0000,8.5000,4.0000,77.0000,27.96,T3-T5 on Isaac clock; Network_est approximate
2026-05-23T11:01:00.6347340Z,320,349,0,1779534060573,1779534060569000000,1779534060569000000,1779534060563000000,1779534060569000000,1779534060573000000,1779534060602000000,1779534060634000000,33.0000,6.0000,13.5000,32.0000,65.0000,28.58,T3-T5 on Isaac clock; Network_est approximate
2026-05-23T11:01:00.6677050Z,321,350,0,1779534060605,1779534060601000000,1779534060601000000,1779534060596000000,1779534060604000000,1779534060605000000,1779534060634000000,1779534060667000000,33.0000,8.0000,12.5000,33.0000,66.0000,26.86,T3-T5 on Isaac clock; Network_est approximate
2026-05-23T11:01:00.7002440Z,322,351,0,1779534060646,1779534060634000000,1779534060634000000,1779534060628000000,1779534060645000000,1779534060646000000,1779534060667000000,1779534060700000000,33.0000,17.0000,8.0000,33.0000,66.0000,25.71,T3-T5 on Isaac clock; Network_est approximate
2026-05-23T11:01:00.7658060Z,323,353,0,1779534060708,1779534060700000000,1779534060700000000,1779534060694000000,1779534060705000000,1779534060708000000,1779534060732000000,1779534060765000000,32.0000,11.0000,10.5000,33.0000,65.0000,24.31,T3-T5 on Isaac clock; Network_est approximate
2026-05-23T11:01:00.7984650Z,324,354,0,1779534060745,1779534060732000000,1779534060732000000,1779534060726000000,1779534060740000000,1779534060745000000,1779534060765000000,1779534060798000000,33.0000,14.0000,9.5000,33.0000,66.0000,23.05,T3-T5 on Isaac clock; Network_est approximate
2026-05-23T11:01:00.8307810Z,325,355,0,1779534060782,1779534060765000000,1779534060765000000,1779534060759000000,1779534060781000000,1779534060782000000,1779534060798000000,1779534060830000000,33.0000,22.0000,5.5000,32.0000,65.0000,21.91,T3-T5 on Isaac clock; Network_est approximate
2026-05-23T11:01:00.8970990Z,326,357,0,1779534060843,1779534060830000000,1779534060830000000,1779534060826000000,1779534060842000000,1779534060843000000,1779534060863000000,1779534060897000000,33.0000,16.0000,8.5000,34.0000,67.0000,20.85,T3-T5 on Isaac clock; Network_est approximate
2026-05-23T11:01:00.9387490Z,327,358,0,1779534060880,1779534060863000000,1779534060863000000,1779534060857000000,1779534060877000000,1779534060880000000,1779534060896000000,1779534060938000000,33.0000,20.0000,6.5000,42.0000,75.0000,19.85,T3-T5 on Isaac clock; Network_est approximate
2026-05-23T11:01:00.9702680Z,328,359,0,1779534060922,1779534060896000000,1779534060896000000,1779534060891000000,1779534060918000000,1779534060922000000,1779534060938000000,1779534060970000000,42.0000,27.0000,7.5000,32.0000,74.0000,19.26,T3-T5 on Isaac clock; Network_est approximate
2026-05-23T11:01:01.0442080Z,329,361,0,1779534060980,1779534060970000000,1779534060970000000,1779534060965000000,1779534060977000000,1779534060980000000,1779534061003000000,1779534061044000000,33.0000,12.0000,10.5000,41.0000,74.0000,19.05,T3-T5 on Isaac clock; Network_est approximate
2026-05-23T11:01:01.0752010Z,330,362,0,1779534061012,1779534061003000000,1779534061003000000,1779534060997000000,1779534061011000000,1779534061012000000,1779534061044000000,1779534061075000000,41.0000,14.0000,13.5000,31.0000,72.0000,17.93,T3-T5 on Isaac clock; Network_est approximate
2026-05-23T11:01:01.1080270Z,331,363,0,1779534061054,1779534061043000000,1779534061043000000,1779534061038000000,1779534061051000000,1779534061054000000,1779534061075000000,1779534061108000000,32.0000,13.0000,9.5000,33.0000,65.0000,17.38,T3-T5 on Isaac clock; Network_est approximate
2026-05-23T11:01:01.1767450Z,332,365,0,1779534061112,1779534061107000000,1779534061107000000,1779534061102000000,1779534061111000000,1779534061112000000,1779534061144000000,1779534061176000000,37.0000,9.0000,14.0000,32.0000,69.0000,16.97,T3-T5 on Isaac clock; Network_est approximate
2026-05-23T11:01:01.2089100Z,333,366,0,1779534061148,1779534061143000000,1779534061143000000,1779534061138000000,1779534061145000000,1779534061148000000,1779534061176000000,1779534061208000000,33.0000,7.0000,13.0000,32.0000,65.0000,16.15,T3-T5 on Isaac clock; Network_est approximate
2026-05-23T11:01:01.2414360Z,334,367,0,1779534061190,1779534061176000000,1779534061176000000,1779534061171000000,1779534061186000000,1779534061190000000,1779534061208000000,1779534061241000000,32.0000,15.0000,8.5000,33.0000,65.0000,15.73,T3-T5 on Isaac clock; Network_est approximate
2026-05-23T11:01:01.3072550Z,335,369,0,1779534061249,1779534061241000000,1779534061241000000,1779534061235000000,1779534061246000000,1779534061249000000,1779534061273000000,1779534061307000000,32.0000,11.0000,10.5000,34.0000,66.0000,15.15,T3-T5 on Isaac clock; Network_est approximate
2026-05-23T11:01:01.3394460Z,336,370,0,1779534061283,1779534061273000000,1779534061273000000,1779534061268000000,1779534061282000000,1779534061283000000,1779534061307000000,1779534061339000000,34.0000,14.0000,10.0000,32.0000,66.0000,14.31,T3-T5 on Isaac clock; Network_est approximate
2026-05-23T11:01:01.3725040Z,337,371,0,1779534061324,1779534061306000000,1779534061306000000,1779534061301000000,1779534061322000000,1779534061324000000,1779534061339000000,1779534061372000000,33.0000,21.0000,6.0000,33.0000,66.0000,13.93,T3-T5 on Isaac clock; Network_est approximate
2026-05-23T11:01:01.4788730Z,338,373,0,1779534061388,1779534061371000000,1779534061371000000,1779534061366000000,1779534061383000000,1779534061388000000,1779534061405000000,1779534061478000000,34.0000,17.0000,8.5000,73.0000,107.0000,15.72,T3-T5 on Isaac clock; Network_est approximate
2026-05-23T11:01:01.4834700Z,340,374,0,1779534061460,1779534061405000000,1779534061405000000,1779534061399000000,1779534061458000000,1779534061460000000,1779534061478000000,1779534061483000000,73.0000,59.0000,7.0000,5.0000,78.0000,18.94,T3-T5 on Isaac clock; Network_est approximate
2026-05-23T11:01:01.5885420Z,341,377,0,1779534061519,1779534061515000000,1779534061515000000,1779534061510000000,1779534061517000000,1779534061519000000,1779534061557000000,1779534061588000000,42.0000,7.0000,17.5000,31.0000,73.0000,20.64,T3-T5 on Isaac clock; Network_est approximate
2026-05-23T11:01:01.6576060Z,342,378,0,1779534061556,1779534061557000000,1779534061557000000,1779534061552000000,1779534061552000000,1779534061556000000,1779534061588000000,1779534061657000000,31.0000,0.0000,15.5000,69.0000,100.0000,21.35,T3-T5 on Isaac clock; Network_est approximate
2026-05-23T11:01:01.6620220Z,343,379,0,1779534061598,1779534061588000000,1779534061588000000,1779534061582000000,1779534061593000000,1779534061598000000,1779534061657000000,1779534061662000000,69.0000,11.0000,29.0000,5.0000,74.0000,22.36,T3-T5 on Isaac clock; Network_est approximate
2026-05-23T11:01:01.6956870Z,344,380,0,1779534061654,1779534061657000000,1779534061657000000,1779534061651000000,1779534061652000000,1779534061654000000,1779534061661000000,1779534061695000000,4.0000,1.0000,1.5000,34.0000,38.0000,22.37,T3-T5 on Isaac clock; Network_est approximate
2026-05-23T11:01:01.7617820Z,345,381,0,1779534061691,1779534061661000000,1779534061661000000,1779534061655000000,1779534061687000000,1779534061691000000,1779534061728000000,1779534061761000000,67.0000,32.0000,17.5000,33.0000,100.0000,22.79,T3-T5 on Isaac clock; Network_est approximate
2026-05-23T11:01:01.7941930Z,346,383,0,1779534061733,1779534061728000000,1779534061728000000,1779534061723000000,1779534061729000000,1779534061733000000,1779534061761000000,1779534061794000000,33.0000,6.0000,13.5000,33.0000,66.0000,21.96,T3-T5 on Isaac clock; Network_est approximate
2026-05-23T11:01:01.8595010Z,347,385,0,1779534061790,1779534061794000000,1779534061794000000,1779534061788000000,1779534061790000000,1779534061790000000,1779534061827000000,1779534061859000000,33.0000,2.0000,15.5000,32.0000,65.0000,21.10,T3-T5 on Isaac clock; Network_est approximate
2026-05-23T11:01:01.8926240Z,348,386,0,1779534061827,1779534061827000000,1779534061827000000,1779534061821000000,1779534061826000000,1779534061827000000,1779534061859000000,1779534061892000000,32.0000,5.0000,13.5000,33.0000,65.0000,20.03,T3-T5 on Isaac clock; Network_est approximate
2026-05-23T11:01:01.9256400Z,349,387,0,1779534061868,1779534061859000000,1779534061859000000,1779534061853000000,1779534061868000000,1779534061868000000,1779534061892000000,1779534061925000000,33.0000,15.0000,9.0000,33.0000,66.0000,19.28,T3-T5 on Isaac clock; Network_est approximate
2026-05-23T11:01:01.9994750Z,350,389,0,1779534061933,1779534061925000000,1779534061925000000,1779534061919000000,1779534061928000000,1779534061933000000,1779534061960000000,1779534061999000000,35.0000,9.0000,13.0000,39.0000,74.0000,18.63,T3-T5 on Isaac clock; Network_est approximate
2026-05-23T11:01:02.0697000Z,351,390,0,1779534061964,1779534061958000000,1779534061960000000,1779534061954000000,1779534061963000000,1779534061964000000,1779534061999000000,1779534062069000000,39.0000,9.0000,15.0000,70.0000,111.0000,19.91,T3-T5 on Isaac clock; Network_est approximate
2026-05-23T11:01:02.0730520Z,352,391,0,1779534062006,1779534061999000000,1779534061999000000,1779534061993000000,1779534062004000000,1779534062006000000,1779534062069000000,1779534062073000000,70.0000,11.0000,29.5000,4.0000,74.0000,21.08,T3-T5 on Isaac clock; Network_est approximate
2026-05-23T11:01:02.1379100Z,353,391,0,1779534062069,1779534061999000000,1779534061999000000,1779534061993000000,1779534062063000000,1779534062069000000,1779534062105000000,1779534062137000000,106.0000,70.0000,18.0000,32.0000,138.0000,19.88,T3-T5 on Isaac clock; Network_est approximate
2026-05-23T11:01:02.1703250Z,354,393,0,1779534062100,1779534062072000000,1779534062072000000,1779534062066000000,1779534062098000000,1779534062100000000,1779534062137000000,1779534062170000000,65.0000,32.0000,16.5000,33.0000,98.0000,18.72,T3-T5 on Isaac clock; Network_est approximate
2026-05-23T11:01:02.2028390Z,355,395,0,1779534062142,1779534062137000000,1779534062137000000,1779534062131000000,1779534062138000000,1779534062142000000,1779534062170000000,1779534062202000000,33.0000,7.0000,13.0000,32.0000,65.0000,18.14,T3-T5 on Isaac clock; Network_est approximate
2026-05-23T11:01:02.2687130Z,356,397,0,1779534062199,1779534062202000000,1779534062202000000,1779534062197000000,1779534062198000000,1779534062199000000,1779534062235000000,1779534062268000000,33.0000,1.0000,16.0000,33.0000,66.0000,17.56,T3-T5 on Isaac clock; Network_est approximate
2026-05-23T11:01:02.3010190Z,357,398,0,1779534062235,1779534062235000000,1779534062235000000,1779534062230000000,1779534062233000000,1779534062235000000,1779534062268000000,1779534062301000000,33.0000,3.0000,15.0000,33.0000,66.0000,16.70,T3-T5 on Isaac clock; Network_est approximate
2026-05-23T11:01:02.3401580Z,358,399,0,1779534062277,1779534062268000000,1779534062268000000,1779534062262000000,1779534062275000000,1779534062277000000,1779534062300000000,1779534062340000000,32.0000,13.0000,9.5000,40.0000,72.0000,15.83,T3-T5 on Isaac clock; Network_est approximate
2026-05-23T11:01:02.4003940Z,359,401,0,1779534062340,1779534062339000000,1779534062339000000,1779534062334000000,1779534062336000000,1779534062340000000,1779534062366000000,1779534062400000000,27.0000,2.0000,12.5000,34.0000,61.0000,15.04,T3-T5 on Isaac clock; Network_est approximate
2026-05-23T11:01:02.4321170Z,360,402,0,1779534062377,1779534062366000000,1779534062366000000,1779534062360000000,1779534062373000000,1779534062377000000,1779534062400000000,1779534062432000000,34.0000,13.0000,10.5000,32.0000,66.0000,14.41,T3-T5 on Isaac clock; Network_est approximate
2026-05-23T11:01:02.4738650Z,361,403,0,1779534062419,1779534062399000000,1779534062399000000,1779534062394000000,1779534062414000000,1779534062419000000,1779534062432000000,1779534062473000000,33.0000,20.0000,6.5000,41.0000,74.0000,13.54,T3-T5 on Isaac clock; Network_est approximate
2026-05-23T11:01:02.5465080Z,363,405,0,1779534062513,1779534062473000000,1779534062473000000,1779534062467000000,1779534062508000000,1779534062513000000,1779534062542000000,1779534062546000000,69.0000,41.0000,14.0000,4.0000,73.0000,14.00,T3-T5 on Isaac clock; Network_est approximate
2026-05-23T11:01:02.6113910Z,364,407,0,1779534062550,1779534062546000000,1779534062546000000,1779534062540000000,1779534062549000000,1779534062550000000,1779534062578000000,1779534062611000000,32.0000,9.0000,11.5000,33.0000,65.0000,14.87,T3-T5 on Isaac clock; Network_est approximate
2026-05-23T11:01:02.7135370Z,365,409,0,1779534062612,1779534062611000000,1779534062611000000,1779534062605000000,1779534062609000000,1779534062612000000,1779534062644000000,1779534062713000000,33.0000,4.0000,14.5000,69.0000,102.0000,16.45,T3-T5 on Isaac clock; Network_est approximate
2026-05-23T11:01:02.7171670Z,367,410,0,1779534062691,1779534062643000000,1779534062643000000,1779534062638000000,1779534062686000000,1779534062691000000,1779534062713000000,1779534062717000000,70.0000,48.0000,11.0000,4.0000,74.0000,20.13,T3-T5 on Isaac clock; Network_est approximate
2026-05-23T11:01:02.8174560Z,368,413,0,1779534062748,1779534062750000000,1779534062750000000,1779534062744000000,1779534062746000000,1779534062748000000,1779534062783000000,1779534062817000000,33.0000,2.0000,15.5000,34.0000,67.0000,21.57,T3-T5 on Isaac clock; Network_est approximate
2026-05-23T11:01:02.8499210Z,369,414,0,1779534062785,1779534062783000000,1779534062783000000,1779534062778000000,1779534062781000000,1779534062785000000,1779534062817000000,1779534062849000000,34.0000,3.0000,15.5000,32.0000,66.0000,20.51,T3-T5 on Isaac clock; Network_est approximate
2026-05-23T11:01:02.8827470Z,370,415,0,1779534062827,1779534062817000000,1779534062817000000,1779534062811000000,1779534062823000000,1779534062827000000,1779534062849000000,1779534062882000000,32.0000,12.0000,10.0000,33.0000,65.0000,19.80,T3-T5 on Isaac clock; Network_est approximate
2026-05-23T11:01:02.9492160Z,371,417,0,1779534062886,1779534062882000000,1779534062882000000,1779534062876000000,1779534062883000000,1779534062886000000,1779534062915000000,1779534062949000000,33.0000,7.0000,13.0000,34.0000,67.0000,19.02,T3-T5 on Isaac clock; Network_est approximate
2026-05-23T11:01:02.9909840Z,372,418,0,1779534062922,1779534062915000000,1779534062915000000,1779534062909000000,1779534062922000000,1779534062922000000,1779534062949000000,1779534062990000000,34.0000,13.0000,10.5000,41.0000,75.0000,18.19,T3-T5 on Isaac clock; Network_est approximate
2026-05-23T11:01:03.0222510Z,373,419,0,1779534062965,1779534062948000000,1779534062948000000,1779534062943000000,1779534062965000000,1779534062965000000,1779534062990000000,1779534063022000000,42.0000,22.0000,10.0000,32.0000,74.0000,17.78,T3-T5 on Isaac clock; Network_est approximate
2026-05-23T11:01:03.0937210Z,374,421,0,1779534063027,1779534063022000000,1779534063022000000,1779534063016000000,1779534063024000000,1779534063027000000,1779534063062000000,1779534063093000000,40.0000,8.0000,16.0000,31.0000,71.0000,17.27,T3-T5 on Isaac clock; Network_est approximate
2026-05-23T11:01:03.1287070Z,375,422,0,1779534063063,1779534063062000000,1779534063062000000,1779534063057000000,1779534063058000000,1779534063063000000,1779534063093000000,1779534063128000000,31.0000,1.0000,15.0000,35.0000,66.0000,16.25,T3-T5 on Isaac clock; Network_est approximate
2026-05-23T11:01:03.1623150Z,376,423,0,1779534063104,1779534063093000000,1779534063093000000,1779534063087000000,1779534063099000000,1779534063104000000,1779534063128000000,1779534063162000000,35.0000,12.0000,11.5000,34.0000,69.0000,15.70,T3-T5 on Isaac clock; Network_est approximate
2026-05-23T11:01:03.2276560Z,377,425,0,1779534063162,1779534063162000000,1779534063162000000,1779534063156000000,1779534063158000000,1779534063162000000,1779534063194000000,1779534063227000000,32.0000,2.0000,15.0000,33.0000,65.0000,15.16,T3-T5 on Isaac clock; Network_est approximate
2026-05-23T11:01:03.2601680Z,378,426,0,1779534063193,1779534063194000000,1779534063194000000,1779534063188000000,1779534063192000000,1779534063193000000,1779534063227000000,1779534063260000000,33.0000,4.0000,14.5000,33.0000,66.0000,14.31,T3-T5 on Isaac clock; Network_est approximate
2026-05-23T11:01:03.2928140Z,379,427,0,1779534063235,1779534063227000000,1779534063227000000,1779534063221000000,1779534063233000000,1779534063235000000,1779534063260000000,1779534063292000000,33.0000,12.0000,10.5000,32.0000,65.0000,14.00,T3-T5 on Isaac clock; Network_est approximate
2026-05-23T11:01:03.3597960Z,380,429,0,1779534063293,1779534063292000000,1779534063292000000,1779534063287000000,1779534063291000000,1779534063293000000,1779534063325000000,1779534063359000000,33.0000,4.0000,14.5000,34.0000,67.0000,13.65,T3-T5 on Isaac clock; Network_est approximate
2026-05-23T11:01:03.3910540Z,381,430,0,1779534063329,1779534063325000000,1779534063325000000,1779534063319000000,1779534063326000000,1779534063329000000,1779534063359000000,1779534063391000000,34.0000,7.0000,13.5000,32.0000,66.0000,13.08,T3-T5 on Isaac clock; Network_est approximate
2026-05-23T11:01:03.4235690Z,382,431,0,1779534063371,1779534063359000000,1779534063359000000,1779534063354000000,1779534063367000000,1779534063371000000,1779534063390000000,1779534063423000000,31.0000,13.0000,9.0000,33.0000,64.0000,12.84,T3-T5 on Isaac clock; Network_est approximate
2026-05-23T11:01:03.4903630Z,383,433,0,1779534063428,1779534063423000000,1779534063423000000,1779534063418000000,1779534063427000000,1779534063428000000,1779534063457000000,1779534063490000000,34.0000,9.0000,12.5000,33.0000,67.0000,12.65,T3-T5 on Isaac clock; Network_est approximate
2026-05-23T11:01:03.5323470Z,384,434,0,1779534063464,1779534063457000000,1779534063457000000,1779534063451000000,1779534063462000000,1779534063464000000,1779534063490000000,1779534063532000000,33.0000,11.0000,11.0000,42.0000,75.0000,12.21,T3-T5 on Isaac clock; Network_est approximate
2026-05-23T11:01:03.6029360Z,385,435,0,1779534063507,1779534063490000000,1779534063490000000,1779534063484000000,1779534063503000000,1779534063507000000,1779534063532000000,1779534063602000000,42.0000,19.0000,11.5000,70.0000,112.0000,13.17,T3-T5 on Isaac clock; Network_est approximate
2026-05-23T11:01:03.6067270Z,386,436,0,1779534063563,1779534063531000000,1779534063531000000,1779534063525000000,1779534063562000000,1779534063563000000,1779534063602000000,1779534063606000000,71.0000,37.0000,17.0000,4.0000,75.0000,15.58,T3-T5 on Isaac clock; Network_est approximate
2026-05-23T11:01:03.6719690Z,387,437,0,1779534063600,1779534063602000000,1779534063602000000,1779534063596000000,1779534063597000000,1779534063600000000,1779534063638000000,1779534063671000000,36.0000,1.0000,17.5000,33.0000,69.0000,16.37,T3-T5 on Isaac clock; Network_est approximate
2026-05-23T11:01:03.7041700Z,388,439,0,1779534063638,1779534063638000000,1779534063638000000,1779534063632000000,1779534063637000000,1779534063638000000,1779534063671000000,1779534063704000000,33.0000,5.0000,14.0000,33.0000,66.0000,15.71,T3-T5 on Isaac clock; Network_est approximate
2026-05-23T11:01:03.8062450Z,389,440,0,1779534063701,1779534063671000000,1779534063671000000,1779534063665000000,1779534063696000000,1779534063701000000,1779534063736000000,1779534063806000000,65.0000,31.0000,17.0000,70.0000,135.0000,17.17,T3-T5 on Isaac clock; Network_est approximate
2026-05-23T11:01:03.8100440Z,391,442,0,1779534063775,1779534063736000000,1779534063736000000,1779534063731000000,1779534063772000000,1779534063775000000,1779534063806000000,1779534063810000000,70.0000,41.0000,14.5000,4.0000,74.0000,20.48,T3-T5 on Isaac clock; Network_est approximate
2026-05-23T11:01:03.9107910Z,393,445,0,1779534063869,1779534063843000000,1779534063843000000,1779534063837000000,1779534063868000000,1779534063869000000,1779534063877000000,1779534063910000000,34.0000,31.0000,1.5000,33.0000,67.0000,19.61,T3-T5 on Isaac clock; Network_est approximate
2026-05-23T11:01:03.9761310Z,394,447,0,1779534063911,1779534063910000000,1779534063910000000,1779534063904000000,1779534063909000000,1779534063911000000,1779534063942000000,1779534063976000000,32.0000,5.0000,13.5000,34.0000,66.0000,19.85,T3-T5 on Isaac clock; Network_est approximate
2026-05-23T11:01:04.0494080Z,396,449,0,1779534064011,1779534063975000000,1779534063975000000,1779534063970000000,1779534064005000000,1779534064011000000,1779534064018000000,1779534064049000000,43.0000,35.0000,4.0000,31.0000,74.0000,20.28,T3-T5 on Isaac clock; Network_est approximate
2026-05-23T11:01:04.1212200Z,397,451,0,1779534064053,1779534064049000000,1779534064049000000,1779534064043000000,1779534064047000000,1779534064053000000,1779534064090000000,1779534064121000000,41.0000,4.0000,18.5000,31.0000,72.0000,20.87,T3-T5 on Isaac clock; Network_est approximate
2026-05-23T11:01:04.1537770Z,398,452,0,1779534064107,1779534064089000000,1779534064089000000,1779534064084000000,1779534064106000000,1779534064107000000,1779534064121000000,1779534064153000000,32.0000,22.0000,5.0000,32.0000,64.0000,20.91,T3-T5 on Isaac clock; Network_est approximate
2026-05-23T11:01:04.1864710Z,399,453,0,1779534064143,1779534064120000000,1779534064120000000,1779534064115000000,1779534064141000000,1779534064143000000,1779534064153000000,1779534064186000000,33.0000,26.0000,3.5000,33.0000,66.0000,19.80,T3-T5 on Isaac clock; Network_est approximate
2026-05-23T11:01:04.2517520Z,400,455,0,1779534064185,1779534064186000000,1779534064186000000,1779534064180000000,1779534064182000000,1779534064185000000,1779534064218000000,1779534064251000000,32.0000,2.0000,15.0000,33.0000,65.0000,20.02,T3-T5 on Isaac clock; Network_est approximate
2026-05-23T11:01:04.2842500Z,401,456,0,1779534064242,1779534064218000000,1779534064218000000,1779534064213000000,1779534064242000000,1779534064242000000,1779534064251000000,1779534064284000000,33.0000,29.0000,2.0000,33.0000,66.0000,20.30,T3-T5 on Isaac clock; Network_est approximate
2026-05-23T11:01:04.3497260Z,402,457,0,1779534064280,1779534064251000000,1779534064251000000,1779534064245000000,1779534064276000000,1779534064280000000,1779534064317000000,1779534064349000000,66.0000,31.0000,17.5000,32.0000,98.0000,20.74,T3-T5 on Isaac clock; Network_est approximate
2026-05-23T11:01:04.3826470Z,403,459,0,1779534064321,1779534064317000000,1779534064317000000,1779534064311000000,1779534064318000000,1779534064321000000,1779534064349000000,1779534064382000000,32.0000,7.0000,12.5000,33.0000,65.0000,19.95,T3-T5 on Isaac clock; Network_est approximate
2026-05-23T11:01:04.4480110Z,404,461,0,1779534064379,1779534064382000000,1779534064382000000,1779534064377000000,1779534064378000000,1779534064379000000,1779534064414000000,1779534064448000000,32.0000,1.0000,15.5000,34.0000,66.0000,19.15,T3-T5 on Isaac clock; Network_est approximate
2026-05-23T11:01:04.4809490Z,405,462,0,1779534064415,1779534064414000000,1779534064414000000,1779534064409000000,1779534064413000000,1779534064415000000,1779534064447000000,1779534064480000000,33.0000,4.0000,14.5000,33.0000,66.0000,18.15,T3-T5 on Isaac clock; Network_est approximate
2026-05-23T11:01:04.5531270Z,406,463,0,1779534064457,1779534064447000000,1779534064447000000,1779534064442000000,1779534064453000000,1779534064457000000,1779534064480000000,1779534064553000000,33.0000,11.0000,11.0000,73.0000,106.0000,18.90,T3-T5 on Isaac clock; Network_est approximate
2026-05-23T11:01:04.5567710Z,407,464,0,1779534064515,1779534064480000000,1779534064480000000,1779534064475000000,1779534064513000000,1779534064515000000,1779534064553000000,1779534064556000000,73.0000,38.0000,17.5000,3.0000,76.0000,21.12,T3-T5 on Isaac clock; Network_est approximate
2026-05-23T11:01:04.6284980Z,408,465,0,1779534064552,1779534064552000000,1779534064552000000,1779534064547000000,1779534064548000000,1779534064552000000,1779534064591000000,1779534064628000000,39.0000,1.0000,19.0000,37.0000,76.0000,21.97,T3-T5 on Isaac clock; Network_est approximate
2026-05-23T11:01:04.6661010Z,409,467,0,1779534064594,1779534064591000000,1779534064591000000,1779534064585000000,1779534064589000000,1779534064594000000,1779534064628000000,1779534064666000000,37.0000,4.0000,16.5000,38.0000,75.0000,20.87,T3-T5 on Isaac clock; Network_est approximate
2026-05-23T11:01:04.7028630Z,410,468,0,1779534064651,1779534064628000000,1779534064628000000,1779534064622000000,1779534064648000000,1779534064651000000,1779534064666000000,1779534064702000000,38.0000,26.0000,6.0000,36.0000,74.0000,20.86,T3-T5 on Isaac clock; Network_est approximate
2026-05-23T11:01:04.7388890Z,411,469,0,1779534064688,1779534064665000000,1779534064665000000,1779534064660000000,1779534064684000000,1779534064688000000,1779534064702000000,1779534064738000000,37.0000,24.0000,6.5000,36.0000,73.0000,19.58,T3-T5 on Isaac clock; Network_est approximate
2026-05-23T11:01:04.7745910Z,412,470,0,1779534064725,1779534064702000000,1779534064702000000,1779534064696000000,1779534064724000000,1779534064725000000,1779534064738000000,1779534064774000000,36.0000,28.0000,4.0000,36.0000,72.0000,18.43,T3-T5 on Isaac clock; Network_est approximate
2026-05-23T11:01:04.8793060Z,413,472,0,1779534064787,1779534064774000000,1779534064774000000,1779534064768000000,1779534064783000000,1779534064787000000,1779534064810000000,1779534064879000000,36.0000,15.0000,10.5000,69.0000,105.0000,19.95,T3-T5 on Isaac clock; Network_est approximate
2026-05-23T11:01:04.8828590Z,415,473,0,1779534064859,1779534064809000000,1779534064809000000,1779534064804000000,1779534064858000000,1779534064859000000,1779534064879000000,1779534064882000000,70.0000,54.0000,8.0000,3.0000,73.0000,22.99,T3-T5 on Isaac clock; Network_est approximate
2026-05-23T11:01:04.9832490Z,416,476,0,1779534064918,1779534064916000000,1779534064916000000,1779534064911000000,1779534064918000000,1779534064918000000,1779534064949000000,1779534064983000000,33.0000,7.0000,13.0000,34.0000,67.0000,24.14,T3-T5 on Isaac clock; Network_est approximate
2026-05-23T11:01:05.0166260Z,417,477,0,1779534064954,1779534064949000000,1779534064949000000,1779534064943000000,1779534064952000000,1779534064954000000,1779534064983000000,1779534065016000000,34.0000,9.0000,12.5000,33.0000,67.0000,22.81,T3-T5 on Isaac clock; Network_est approximate
2026-05-23T11:01:05.0569730Z,418,478,0,1779534064995,1779534064983000000,1779534064983000000,1779534064977000000,1779534064993000000,1779534064995000000,1779534065016000000,1779534065056000000,33.0000,16.0000,8.5000,40.0000,73.0000,21.42,T3-T5 on Isaac clock; Network_est approximate
2026-05-23T11:01:05.1338860Z,420,480,0,1779534065087,1779534065056000000,1779534065056000000,1779534065051000000,1779534065086000000,1779534065087000000,1779534065130000000,1779534065133000000,74.0000,35.0000,19.5000,3.0000,77.0000,21.02,T3-T5 on Isaac clock; Network_est approximate
2026-05-23T11:01:05.2001250Z,421,482,0,1779534065134,1779534065133000000,1779534065133000000,1779534065128000000,1779534065130000000,1779534065134000000,1779534065165000000,1779534065200000000,32.0000,2.0000,15.0000,35.0000,67.0000,20.87,T3-T5 on Isaac clock; Network_est approximate
2026-05-23T11:01:05.2312140Z,422,483,0,1779534065192,1779534065165000000,1779534065165000000,1779534065160000000,1779534065188000000,1779534065192000000,1779534065200000000,1779534065231000000,35.0000,28.0000,3.5000,31.0000,66.0000,21.21,T3-T5 on Isaac clock; Network_est approximate
2026-05-23T11:01:05.2966840Z,423,484,0,1779534065229,1779534065199000000,1779534065199000000,1779534065194000000,1779534065224000000,1779534065229000000,1779534065263000000,1779534065296000000,64.0000,30.0000,17.0000,33.0000,97.0000,21.66,T3-T5 on Isaac clock; Network_est approximate
2026-05-23T11:01:05.3291210Z,424,486,0,1779534065270,1779534065263000000,1779534065263000000,1779534065258000000,1779534065266000000,1779534065270000000,1779534065296000000,1779534065329000000,33.0000,8.0000,12.5000,33.0000,66.0000,20.84,T3-T5 on Isaac clock; Network_est approximate
2026-05-23T11:01:05.3944300Z,425,488,0,1779534065328,1779534065328000000,1779534065328000000,1779534065323000000,1779534065327000000,1779534065328000000,1779534065361000000,1779534065394000000,33.0000,4.0000,14.5000,33.0000,66.0000,19.99,T3-T5 on Isaac clock; Network_est approximate
2026-05-23T11:01:05.4271480Z,426,489,0,1779534065365,1779534065361000000,1779534065361000000,1779534065355000000,1779534065363000000,1779534065365000000,1779534065394000000,1779534065427000000,33.0000,8.0000,12.5000,33.0000,66.0000,19.01,T3-T5 on Isaac clock; Network_est approximate
2026-05-23T11:01:05.4597820Z,427,490,0,1779534065408,1779534065394000000,1779534065394000000,1779534065388000000,1779534065406000000,1779534065408000000,1779534065427000000,1779534065459000000,33.0000,18.0000,7.5000,32.0000,65.0000,18.46,T3-T5 on Isaac clock; Network_est approximate
2026-05-23T11:01:05.5257130Z,428,492,0,1779534065466,1779534065459000000,1779534065459000000,1779534065453000000,1779534065465000000,1779534065466000000,1779534065492000000,1779534065525000000,33.0000,12.0000,10.5000,33.0000,66.0000,17.80,T3-T5 on Isaac clock; Network_est approximate
2026-05-23T11:01:05.5678460Z,429,493,0,1779534065502,1779534065492000000,1779534065492000000,1779534065486000000,1779534065500000000,1779534065502000000,1779534065525000000,1779534065567000000,33.0000,14.0000,9.5000,42.0000,75.0000,17.07,T3-T5 on Isaac clock; Network_est approximate
2026-05-23T11:01:05.5988650Z,430,494,0,1779534065544,1779534065525000000,1779534065525000000,1779534065519000000,1779534065541000000,1779534065544000000,1779534065567000000,1779534065598000000,42.0000,22.0000,10.0000,31.0000,73.0000,16.70,T3-T5 on Isaac clock; Network_est approximate
2026-05-23T11:01:05.6712530Z,431,496,0,1779534065604,1779534065598000000,1779534065598000000,1779534065594000000,1779534065600000000,1779534065604000000,1779534065638000000,1779534065671000000,40.0000,6.0000,17.0000,33.0000,73.0000,16.42,T3-T5 on Isaac clock; Network_est approximate
2026-05-23T11:01:05.7046320Z,432,497,0,1779534065637,1779534065638000000,1779534065638000000,1779534065633000000,1779534065635000000,1779534065637000000,1779534065671000000,1779534065704000000,33.0000,2.0000,15.5000,33.0000,66.0000,15.47,T3-T5 on Isaac clock; Network_est approximate
2026-05-23T11:01:05.7355300Z,433,498,0,1779534065678,1779534065670000000,1779534065670000000,1779534065665000000,1779534065676000000,1779534065678000000,1779534065704000000,1779534065735000000,34.0000,11.0000,11.5000,31.0000,65.0000,15.03,T3-T5 on Isaac clock; Network_est approximate
2026-05-23T11:01:05.8006450Z,434,500,0,1779534065736,1779534065735000000,1779534065735000000,1779534065729000000,1779534065735000000,1779534065736000000,1779534065768000000,1779534065800000000,33.0000,6.0000,13.5000,32.0000,65.0000,14.54,T3-T5 on Isaac clock; Network_est approximate
2026-05-23T11:01:05.8327620Z,435,501,0,1779534065773,1779534065768000000,1779534065768000000,1779534065762000000,1779534065769000000,1779534065773000000,1779534065800000000,1779534065832000000,32.0000,7.0000,12.5000,32.0000,64.0000,13.94,T3-T5 on Isaac clock; Network_est approximate
2026-05-23T11:01:05.8653840Z,436,502,0,1779534065811,1779534065800000000,1779534065800000000,1779534065795000000,1779534065810000000,1779534065811000000,1779534065832000000,1779534065865000000,32.0000,15.0000,8.5000,33.0000,65.0000,13.40,T3-T5 on Isaac clock; Network_est approximate
2026-05-23T11:01:05.9661760Z,437,504,0,1779534065873,1779534065865000000,1779534065865000000,1779534065859000000,1779534065869000000,1779534065873000000,1779534065898000000,1779534065966000000,33.0000,10.0000,11.5000,68.0000,101.0000,15.00,T3-T5 on Isaac clock; Network_est approximate
2026-05-23T11:01:05.9697140Z,439,505,0,1779534065946,1779534065898000000,1779534065898000000,1779534065892000000,1779534065945000000,1779534065946000000,1779534065966000000,1779534065969000000,68.0000,53.0000,7.5000,3.0000,71.0000,18.40,T3-T5 on Isaac clock; Network_est approximate
2026-05-23T11:01:06.0783170Z,440,508,0,1779534066009,1779534066003000000,1779534066003000000,1779534065997000000,1779534066005000000,1779534066009000000,1779534066037000000,1779534066078000000,34.0000,8.0000,13.0000,41.0000,75.0000,20.10,T3-T5 on Isaac clock; Network_est approximate
2026-05-23T11:01:06.1106850Z,441,509,0,1779534066045,1779534066037000000,1779534066037000000,1779534066031000000,1779534066041000000,1779534066045000000,1779534066078000000,1779534066110000000,41.0000,10.0000,15.5000,32.0000,73.0000,19.07,T3-T5 on Isaac clock; Network_est approximate
2026-05-23T11:01:06.1506240Z,442,510,0,1779534066083,1779534066078000000,1779534066078000000,1779534066072000000,1779534066080000000,1779534066083000000,1779534066110000000,1779534066150000000,32.0000,8.0000,12.0000,40.0000,72.0000,18.01,T3-T5 on Isaac clock; Network_est approximate
2026-05-23T11:01:06.2144650Z,443,511,0,1779534066146,1779534066110000000,1779534066110000000,1779534066104000000,1779534066142000000,1779534066146000000,1779534066181000000,1779534066214000000,71.0000,38.0000,16.5000,33.0000,104.0000,16.93,T3-T5 on Isaac clock; Network_est approximate
2026-05-23T11:01:06.2477570Z,444,513,0,1779534066179,1779534066181000000,1779534066181000000,1779534066176000000,1779534066178000000,1779534066179000000,1779534066214000000,1779534066247000000,33.0000,2.0000,15.5000,33.0000,66.0000,15.88,T3-T5 on Isaac clock; Network_est approximate
2026-05-23T11:01:06.2803860Z,445,514,0,1779534066221,1779534066214000000,1779534066214000000,1779534066208000000,1779534066219000000,1779534066221000000,1779534066247000000,1779534066280000000,33.0000,11.0000,11.0000,33.0000,66.0000,15.47,T3-T5 on Isaac clock; Network_est approximate
2026-05-23T11:01:06.3447090Z,446,516,0,1779534066278,1779534066280000000,1779534066280000000,1779534066274000000,1779534066278000000,1779534066278000000,1779534066312000000,1779534066344000000,32.0000,4.0000,14.0000,32.0000,64.0000,14.97,T3-T5 on Isaac clock; Network_est approximate
2026-05-23T11:01:06.3776190Z,447,517,0,1779534066315,1779534066312000000,1779534066312000000,1779534066306000000,1779534066313000000,1779534066315000000,1779534066344000000,1779534066377000000,32.0000,7.0000,12.5000,33.0000,65.0000,14.29,T3-T5 on Isaac clock; Network_est approximate
2026-05-23T11:01:06.4100910Z,448,518,0,1779534066357,1779534066344000000,1779534066344000000,1779534066339000000,1779534066354000000,1779534066357000000,1779534066377000000,1779534066410000000,33.0000,15.0000,9.0000,33.0000,66.0000,13.99,T3-T5 on Isaac clock; Network_est approximate
2026-05-23T11:01:06.4759810Z,449,520,0,1779534066414,1779534066409000000,1779534066409000000,1779534066404000000,1779534066414000000,1779534066414000000,1779534066442000000,1779534066475000000,33.0000,10.0000,11.5000,33.0000,66.0000,13.67,T3-T5 on Isaac clock; Network_est approximate
2026-05-23T11:01:06.5088170Z,450,521,0,1779534066451,1779534066442000000,1779534066442000000,1779534066436000000,1779534066449000000,1779534066451000000,1779534066475000000,1779534066508000000,33.0000,13.0000,10.0000,33.0000,66.0000,13.07,T3-T5 on Isaac clock; Network_est approximate
2026-05-23T11:01:06.5414560Z,451,522,0,1779534066493,1779534066475000000,1779534066475000000,1779534066469000000,1779534066491000000,1779534066493000000,1779534066508000000,1779534066541000000,33.0000,22.0000,5.5000,33.0000,66.0000,12.84,T3-T5 on Isaac clock; Network_est approximate
2026-05-23T11:01:06.6140770Z,452,524,0,1779534066554,1779534066541000000,1779534066541000000,1779534066535000000,1779534066550000000,1779534066554000000,1779534066583000000,1779534066614000000,42.0000,15.0000,13.5000,31.0000,73.0000,12.72,T3-T5 on Isaac clock; Network_est approximate
2026-05-23T11:01:06.6534640Z,453,525,0,1779534066586,1779534066582000000,1779534066582000000,1779534066577000000,1779534066585000000,1779534066586000000,1779534066614000000,1779534066653000000,32.0000,8.0000,12.0000,39.0000,71.0000,12.43,T3-T5 on Isaac clock; Network_est approximate
2026-05-23T11:01:06.6851930Z,454,526,0,1779534066628,1779534066613000000,1779534066613000000,1779534066608000000,1779534066626000000,1779534066628000000,1779534066653000000,1779534066685000000,40.0000,18.0000,11.0000,32.0000,72.0000,12.30,T3-T5 on Isaac clock; Network_est approximate
2026-05-23T11:01:06.7502290Z,455,528,0,1779534066685,1779534066685000000,1779534066685000000,1779534066679000000,1779534066685000000,1779534066685000000,1779534066717000000,1779534066750000000,32.0000,6.0000,13.0000,33.0000,65.0000,12.03,T3-T5 on Isaac clock; Network_est approximate
2026-05-23T11:01:06.7830030Z,456,529,0,1779534066728,1779534066717000000,1779534066717000000,1779534066711000000,1779534066723000000,1779534066728000000,1779534066750000000,1779534066783000000,33.0000,12.0000,10.5000,33.0000,66.0000,11.93,T3-T5 on Isaac clock; Network_est approximate
2026-05-23T11:01:06.8158640Z,457,530,0,1779534066764,1779534066750000000,1779534066750000000,1779534066744000000,1779534066763000000,1779534066764000000,1779534066782000000,1779534066815000000,32.0000,19.0000,6.5000,33.0000,65.0000,11.39,T3-T5 on Isaac clock; Network_est approximate
2026-05-23T11:01:06.8809260Z,458,532,0,1779534066822,1779534066815000000,1779534066815000000,1779534066809000000,1779534066821000000,1779534066822000000,1779534066848000000,1779534066880000000,33.0000,12.0000,10.5000,32.0000,65.0000,11.15,T3-T5 on Isaac clock; Network_est approximate
2026-05-23T11:01:06.9137380Z,459,533,0,1779534066858,1779534066848000000,1779534066848000000,1779534066842000000,1779534066856000000,1779534066858000000,1779534066880000000,1779534066913000000,32.0000,14.0000,9.0000,33.0000,65.0000,10.65,T3-T5 on Isaac clock; Network_est approximate
2026-05-23T11:01:06.9470020Z,460,534,0,1779534066900,1779534066880000000,1779534066880000000,1779534066875000000,1779534066898000000,1779534066900000000,1779534066913000000,1779534066947000000,33.0000,23.0000,5.0000,34.0000,67.0000,10.53,T3-T5 on Isaac clock; Network_est approximate
2026-05-23T11:01:07.0565700Z,461,536,0,1779534066958,1779534066946000000,1779534066946000000,1779534066941000000,1779534066957000000,1779534066958000000,1779534066979000000,1779534067056000000,33.0000,16.0000,8.5000,77.0000,110.0000,13.10,T3-T5 on Isaac clock; Network_est approximate
2026-05-23T11:01:07.0602450Z,463,537,0,1779534067036,1779534066979000000,1779534066979000000,1779534066973000000,1779534067034000000,1779534067036000000,1779534067056000000,1779534067060000000,77.0000,61.0000,8.0000,4.0000,81.0000,16.92,T3-T5 on Isaac clock; Network_est approximate
2026-05-23T11:01:07.1704090Z,465,540,0,1779534067131,1779534067094000000,1779534067094000000,1779534067090000000,1779534067128000000,1779534067131000000,1779534067139000000,1779534067170000000,45.0000,38.0000,3.5000,31.0000,76.0000,16.80,T3-T5 on Isaac clock; Network_est approximate
2026-05-23T11:01:07.2352600Z,466,542,0,1779534067173,1779534067170000000,1779534067170000000,1779534067164000000,1779534067171000000,1779534067173000000,1779534067203000000,1779534067235000000,33.0000,7.0000,13.0000,32.0000,65.0000,17.18,T3-T5 on Isaac clock; Network_est approximate
2026-05-23T11:01:07.3011350Z,467,544,0,1779534067231,1779534067235000000,1779534067235000000,1779534067229000000,1779534067230000000,1779534067231000000,1779534067268000000,1779534067301000000,33.0000,1.0000,16.0000,33.0000,66.0000,16.60,T3-T5 on Isaac clock; Network_est approximate
2026-05-23T11:01:07.3336280Z,468,545,0,1779534067267,1779534067268000000,1779534067268000000,1779534067262000000,1779534067264000000,1779534067267000000,1779534067301000000,1779534067333000000,33.0000,2.0000,15.5000,32.0000,65.0000,15.79,T3-T5 on Isaac clock; Network_est approximate
2026-05-23T11:01:07.3667230Z,469,546,0,1779534067315,1779534067300000000,1779534067300000000,1779534067295000000,1779534067310000000,1779534067315000000,1779534067333000000,1779534067366000000,33.0000,15.0000,9.0000,33.0000,66.0000,15.73,T3-T5 on Isaac clock; Network_est approximate
2026-05-23T11:01:07.4323210Z,470,548,0,1779534067367,1779534067366000000,1779534067366000000,1779534067360000000,1779534067364000000,1779534067367000000,1779534067399000000,1779534067432000000,33.0000,4.0000,14.5000,33.0000,66.0000,15.59,T3-T5 on Isaac clock; Network_est approximate
2026-05-23T11:01:07.4649490Z,471,549,0,1779534067404,1779534067399000000,1779534067399000000,1779534067393000000,1779534067401000000,1779534067404000000,1779534067432000000,1779534067464000000,33.0000,8.0000,12.5000,32.0000,65.0000,14.90,T3-T5 on Isaac clock; Network_est approximate
2026-05-23T11:01:07.4974970Z,472,550,0,1779534067446,1779534067432000000,1779534067432000000,1779534067426000000,1779534067443000000,1779534067446000000,1779534067464000000,1779534067497000000,32.0000,17.0000,7.5000,33.0000,65.0000,14.55,T3-T5 on Isaac clock; Network_est approximate
2026-05-23T11:01:07.6031540Z,473,552,0,1779534067504,1779534067497000000,1779534067497000000,1779534067491000000,1779534067503000000,1779534067504000000,1779534067529000000,1779534067603000000,32.0000,12.0000,10.0000,74.0000,106.0000,16.61,T3-T5 on Isaac clock; Network_est approximate
2026-05-23T11:01:07.6088690Z,475,553,0,1779534067586,1779534067529000000,1779534067529000000,1779534067524000000,1779534067581000000,1779534067586000000,1779534067603000000,1779534067608000000,74.0000,57.0000,8.5000,5.0000,79.0000,20.33,T3-T5 on Isaac clock; Network_est approximate
2026-05-23T11:01:07.7135990Z,476,556,0,1779534067644,1779534067641000000,1779534067641000000,1779534067635000000,1779534067641000000,1779534067644000000,1779534067683000000,1779534067713000000,42.0000,6.0000,18.0000,30.0000,72.0000,21.98,T3-T5 on Isaac clock; Network_est approximate
2026-05-23T11:01:07.7466530Z,477,557,0,1779534067683,1779534067682000000,1779534067682000000,1779534067678000000,1779534067678000000,1779534067683000000,1779534067713000000,1779534067746000000,31.0000,0.0000,15.5000,33.0000,64.0000,20.99,T3-T5 on Isaac clock; Network_est approximate
2026-05-23T11:01:07.7790260Z,478,558,0,1779534067720,1779534067713000000,1779534067713000000,1779534067707000000,1779534067718000000,1779534067720000000,1779534067746000000,1779534067779000000,33.0000,11.0000,11.0000,33.0000,66.0000,19.96,T3-T5 on Isaac clock; Network_est approximate
2026-05-23T11:01:07.8440550Z,479,560,0,1779534067782,1779534067778000000,1779534067778000000,1779534067773000000,1779534067777000000,1779534067782000000,1779534067811000000,1779534067844000000,33.0000,4.0000,14.5000,33.0000,66.0000,18.91,T3-T5 on Isaac clock; Network_est approximate
2026-05-23T11:01:07.8770560Z,480,561,0,1779534067814,1779534067811000000,1779534067811000000,1779534067806000000,1779534067812000000,1779534067814000000,1779534067844000000,1779534067877000000,33.0000,6.0000,13.5000,33.0000,66.0000,17.79,T3-T5 on Isaac clock; Network_est approximate
2026-05-23T11:01:07.9104330Z,481,562,0,1779534067857,1779534067843000000,1779534067843000000,1779534067838000000,1779534067856000000,1779534067857000000,1779534067877000000,1779534067910000000,34.0000,18.0000,8.0000,33.0000,67.0000,17.31,T3-T5 on Isaac clock; Network_est approximate
2026-05-23T11:01:07.9753170Z,482,564,0,1779534067917,1779534067909000000,1779534067909000000,1779534067904000000,1779534067916000000,1779534067917000000,1779534067942000000,1779534067975000000,33.0000,12.0000,10.5000,33.0000,66.0000,16.56,T3-T5 on Isaac clock; Network_est approximate
2026-05-23T11:01:08.0079080Z,483,565,0,1779534067953,1779534067942000000,1779534067942000000,1779534067936000000,1779534067950000000,1779534067953000000,1779534067975000000,1779534068007000000,33.0000,14.0000,9.5000,32.0000,65.0000,15.73,T3-T5 on Isaac clock; Network_est approximate
2026-05-23T11:01:08.0406590Z,484,566,0,1779534067995,1779534067975000000,1779534067975000000,1779534067969000000,1779534067993000000,1779534067995000000,1779534068007000000,1779534068040000000,32.0000,24.0000,4.0000,33.0000,65.0000,15.32,T3-T5 on Isaac clock; Network_est approximate
2026-05-23T11:01:08.1595120Z,486,568,0,1779534068090,1779534068040000000,1779534068040000000,1779534068034000000,1779534068088000000,1779534068090000000,1779534068113000000,1779534068159000000,73.0000,54.0000,9.5000,46.0000,119.0000,15.85,T3-T5 on Isaac clock; Network_est approximate
2026-05-23T11:01:08.1630970Z,487,569,0,1779534068132,1779534068113000000,1779534068113000000,1779534068107000000,1779534068129000000,1779534068132000000,1779534068159000000,1779534068163000000,46.0000,22.0000,12.0000,4.0000,50.0000,17.25,T3-T5 on Isaac clock; Network_est approximate
2026-05-23T11:01:08.2297390Z,488,571,0,1779534068189,1779534068162000000,1779534068162000000,1779534068157000000,1779534068188000000,1779534068189000000,1779534068196000000,1779534068229000000,34.0000,31.0000,1.5000,33.0000,67.0000,16.78,T3-T5 on Isaac clock; Network_est approximate
2026-05-23T11:01:08.2950750Z,489,572,0,1779534068226,1779534068196000000,1779534068196000000,1779534068190000000,1779534068223000000,1779534068226000000,1779534068262000000,1779534068295000000,66.0000,33.0000,16.5000,33.0000,99.0000,17.50,T3-T5 on Isaac clock; Network_est approximate
2026-05-23T11:01:08.3281260Z,490,574,0,1779534068268,1779534068262000000,1779534068262000000,1779534068256000000,1779534068264000000,1779534068268000000,1779534068295000000,1779534068328000000,33.0000,8.0000,12.5000,33.0000,66.0000,16.96,T3-T5 on Isaac clock; Network_est approximate
2026-05-23T11:01:08.3933750Z,491,576,0,1779534068325,1779534068327000000,1779534068327000000,1779534068322000000,1779534068325000000,1779534068325000000,1779534068360000000,1779534068393000000,33.0000,3.0000,15.0000,33.0000,66.0000,16.42,T3-T5 on Isaac clock; Network_est approximate
2026-05-23T11:01:08.4261560Z,492,577,0,1779534068361,1779534068360000000,1779534068360000000,1779534068355000000,1779534068360000000,1779534068361000000,1779534068393000000,1779534068426000000,33.0000,5.0000,14.0000,33.0000,66.0000,15.59,T3-T5 on Isaac clock; Network_est approximate
2026-05-23T11:01:08.4592210Z,493,578,0,1779534068402,1779534068393000000,1779534068393000000,1779534068387000000,1779534068401000000,1779534068402000000,1779534068426000000,1779534068459000000,33.0000,14.0000,9.5000,33.0000,66.0000,15.11,T3-T5 on Isaac clock; Network_est approximate
2026-05-23T11:01:08.5244630Z,494,580,0,1779534068461,1779534068459000000,1779534068459000000,1779534068453000000,1779534068461000000,1779534068461000000,1779534068491000000,1779534068524000000,32.0000,8.0000,12.0000,33.0000,65.0000,14.54,T3-T5 on Isaac clock; Network_est approximate
2026-05-23T11:01:08.5573030Z,495,581,0,1779534068499,1779534068491000000,1779534068491000000,1779534068485000000,1779534068496000000,1779534068499000000,1779534068524000000,1779534068557000000,33.0000,11.0000,11.0000,33.0000,66.0000,13.95,T3-T5 on Isaac clock; Network_est approximate
2026-05-23T11:01:08.6294090Z,496,582,0,1779534068540,1779534068524000000,1779534068524000000,1779534068518000000,1779534068537000000,1779534068540000000,1779534068557000000,1779534068629000000,33.0000,19.0000,7.0000,72.0000,105.0000,15.02,T3-T5 on Isaac clock; Network_est approximate
2026-05-23T11:01:08.6328290Z,497,583,0,1779534068597,1779534068557000000,1779534068557000000,1779534068551000000,1779534068596000000,1779534068597000000,1779534068629000000,1779534068632000000,72.0000,45.0000,13.5000,3.0000,75.0000,17.42,T3-T5 on Isaac clock; Network_est approximate
2026-05-23T11:01:08.7063520Z,498,585,0,1779534068635,1779534068632000000,1779534068632000000,1779534068626000000,1779534068631000000,1779534068635000000,1779534068665000000,1779534068706000000,33.0000,5.0000,14.0000,41.0000,74.0000,18.55,T3-T5 on Isaac clock; Network_est approximate
2026-05-23T11:01:08.7376580Z,499,586,0,1779534068677,1779534068665000000,1779534068665000000,1779534068660000000,1779534068672000000,1779534068677000000,1779534068706000000,1779534068737000000,41.0000,12.0000,14.5000,31.0000,72.0000,18.05,T3-T5 on Isaac clock; Network_est approximate
2026-05-23T11:01:08.8026800Z,500,587,0,1779534068731,1779534068706000000,1779534068706000000,1779534068700000000,1779534068731000000,1779534068731000000,1779534068769000000,1779534068802000000,63.0000,31.0000,16.0000,33.0000,96.0000,17.61,T3-T5 on Isaac clock; Network_est approximate
2026-05-23T11:01:08.8354200Z,501,589,0,1779534068768,1779534068769000000,1779534068769000000,1779534068764000000,1779534068766000000,1779534068768000000,1779534068802000000,1779534068835000000,33.0000,2.0000,15.5000,33.0000,66.0000,16.78,T3-T5 on Isaac clock; Network_est approximate
2026-05-23T11:01:08.8683870Z,502,590,0,1779534068810,1779534068802000000,1779534068802000000,1779534068796000000,1779534068806000000,1779534068810000000,1779534068835000000,1779534068868000000,33.0000,10.0000,11.5000,33.0000,66.0000,16.30,T3-T5 on Isaac clock; Network_est approximate
2026-05-23T11:01:08.9333510Z,503,592,0,1779534068867,1779534068868000000,1779534068868000000,1779534068862000000,1779534068866000000,1779534068867000000,1779534068900000000,1779534068933000000,32.0000,4.0000,14.0000,33.0000,65.0000,15.78,T3-T5 on Isaac clock; Network_est approximate
2026-05-23T11:01:08.9662970Z,504,593,0,1779534068903,1779534068900000000,1779534068900000000,1779534068895000000,1779534068903000000,1779534068903000000,1779534068933000000,1779534068966000000,33.0000,8.0000,12.5000,33.0000,66.0000,15.00,T3-T5 on Isaac clock; Network_est approximate
2026-05-23T11:01:08.9989570Z,505,594,0,1779534068950,1779534068933000000,1779534068933000000,1779534068927000000,1779534068945000000,1779534068950000000,1779534068966000000,1779534068998000000,33.0000,18.0000,7.5000,32.0000,65.0000,14.95,T3-T5 on Isaac clock; Network_est approximate
2026-05-23T11:01:09.0640670Z,506,596,0,1779534069009,1779534068998000000,1779534068998000000,1779534068993000000,1779534069004000000,1779534069009000000,1779534069032000000,1779534069064000000,34.0000,11.0000,11.5000,32.0000,66.0000,14.41,T3-T5 on Isaac clock; Network_est approximate
2026-05-23T11:01:09.1407850Z,507,597,0,1779534069045,1779534069031000000,1779534069031000000,1779534069025000000,1779534069041000000,1779534069045000000,1779534069064000000,1779534069140000000,33.0000,16.0000,8.5000,76.0000,109.0000,16.04,T3-T5 on Isaac clock; Network_est approximate
2026-05-23T11:01:09.1444100Z,508,598,0,1779534069083,1779534069063000000,1779534069063000000,1779534069058000000,1779534069083000000,1779534069083000000,1779534069140000000,1779534069144000000,77.0000,25.0000,26.0000,4.0000,81.0000,17.18,T3-T5 on Isaac clock; Network_est approximate
2026-05-23T11:01:09.2189640Z,509,600,0,1779534069147,1779534069144000000,1779534069144000000,1779534069138000000,1779534069142000000,1779534069147000000,1779534069178000000,1779534069218000000,34.0000,4.0000,15.0000,40.0000,74.0000,16.77,T3-T5 on Isaac clock; Network_est approximate
2026-05-23T11:01:09.2855540Z,510,601,0,1779534069178,1779534069176000000,1779534069176000000,1779534069171000000,1779534069178000000,1779534069178000000,1779534069218000000,1779534069285000000,42.0000,7.0000,17.5000,67.0000,109.0000,17.94,T3-T5 on Isaac clock; Network_est approximate
2026-05-23T11:01:09.2890990Z,512,602,0,1779534069278,1779534069218000000,1779534069218000000,1779534069213000000,1779534069277000000,1779534069278000000,1779534069285000000,1779534069289000000,67.0000,64.0000,1.5000,4.0000,71.0000,22.85,T3-T5 on Isaac clock; Network_est approximate
2026-05-23T11:01:09.3557790Z,513,604,0,1779534069314,1779534069288000000,1779534069288000000,1779534069283000000,1779534069312000000,1779534069314000000,1779534069322000000,1779534069355000000,34.0000,29.0000,2.5000,33.0000,67.0000,23.34,T3-T5 on Isaac clock; Network_est approximate
2026-05-23T11:01:09.4217980Z,514,606,0,1779534069356,1779534069355000000,1779534069355000000,1779534069349000000,1779534069353000000,1779534069356000000,1779534069388000000,1779534069421000000,33.0000,4.0000,14.5000,33.0000,66.0000,23.38,T3-T5 on Isaac clock; Network_est approximate
2026-05-23T11:01:09.4543270Z,515,607,0,1779534069413,1779534069388000000,1779534069388000000,1779534069383000000,1779534069412000000,1779534069413000000,1779534069421000000,1779534069454000000,33.0000,29.0000,2.0000,33.0000,66.0000,23.45,T3-T5 on Isaac clock; Network_est approximate
2026-05-23T11:01:09.5194800Z,516,608,0,1779534069451,1779534069421000000,1779534069421000000,1779534069415000000,1779534069448000000,1779534069451000000,1779534069487000000,1779534069519000000,66.0000,33.0000,16.5000,32.0000,98.0000,23.68,T3-T5 on Isaac clock; Network_est approximate
2026-05-23T11:01:09.5530050Z,517,610,0,1779534069494,1779534069486000000,1779534069486000000,1779534069482000000,1779534069490000000,1779534069494000000,1779534069519000000,1779534069553000000,33.0000,8.0000,12.5000,34.0000,67.0000,22.83,T3-T5 on Isaac clock; Network_est approximate
2026-05-23T11:01:09.6190970Z,518,612,0,1779534069552,1779534069552000000,1779534069552000000,1779534069547000000,1779534069550000000,1779534069552000000,1779534069585000000,1779534069619000000,33.0000,3.0000,15.0000,34.0000,67.0000,21.94,T3-T5 on Isaac clock; Network_est approximate
2026-05-23T11:01:09.6607960Z,519,613,0,1779534069589,1779534069585000000,1779534069585000000,1779534069579000000,1779534069585000000,1779534069589000000,1779534069618000000,1779534069660000000,33.0000,6.0000,13.5000,42.0000,75.0000,20.87,T3-T5 on Isaac clock; Network_est approximate
2026-05-23T11:01:09.6916540Z,520,614,0,1779534069630,1779534069618000000,1779534069618000000,1779534069613000000,1779534069629000000,1779534069630000000,1779534069660000000,1779534069691000000,42.0000,16.0000,13.0000,31.0000,73.0000,20.19,T3-T5 on Isaac clock; Network_est approximate
2026-05-23T11:01:09.7647550Z,522,616,0,1779534069724,1779534069691000000,1779534069691000000,1779534069685000000,1779534069722000000,1779534069724000000,1779534069732000000,1779534069764000000,41.0000,37.0000,2.0000,32.0000,73.0000,20.25,T3-T5 on Isaac clock; Network_est approximate
2026-05-23T11:01:09.8292080Z,523,618,0,1779534069765,1779534069764000000,1779534069764000000,1779534069758000000,1779534069764000000,1779534069765000000,1779534069796000000,1779534069829000000,32.0000,6.0000,13.0000,33.0000,65.0000,20.45,T3-T5 on Isaac clock; Network_est approximate
2026-05-23T11:01:09.8946650Z,524,620,0,1779534069828,1779534069828000000,1779534069828000000,1779534069823000000,1779534069824000000,1779534069828000000,1779534069861000000,1779534069894000000,33.0000,1.0000,16.0000,33.0000,66.0000,19.33,T3-T5 on Isaac clock; Network_est approximate
2026-05-23T11:01:09.9277960Z,525,621,0,1779534069860,1779534069861000000,1779534069861000000,1779534069855000000,1779534069860000000,1779534069860000000,1779534069894000000,1779534069927000000,33.0000,5.0000,14.0000,33.0000,66.0000,18.19,T3-T5 on Isaac clock; Network_est approximate
2026-05-23T11:01:09.9595740Z,526,622,0,1779534069902,1779534069894000000,1779534069894000000,1779534069888000000,1779534069900000000,1779534069902000000,1779534069927000000,1779534069959000000,33.0000,12.0000,10.5000,32.0000,65.0000,17.69,T3-T5 on Isaac clock; Network_est approximate
2026-05-23T11:01:10.0251090Z,527,624,0,1779534069959,1779534069959000000,1779534069959000000,1779534069953000000,1779534069959000000,1779534069959000000,1779534069992000000,1779534070025000000,33.0000,6.0000,13.5000,33.0000,66.0000,17.12,T3-T5 on Isaac clock; Network_est approximate
2026-05-23T11:01:10.0579430Z,528,625,0,1779534069996,1779534069991000000,1779534069992000000,1779534069986000000,1779534069994000000,1779534069996000000,1779534070025000000,1779534070057000000,33.0000,8.0000,12.5000,32.0000,66.0000,16.32,T3-T5 on Isaac clock; Network_est approximate
2026-05-23T11:01:10.0904900Z,529,626,0,1779534070038,1779534070024000000,1779534070024000000,1779534070019000000,1779534070036000000,1779534070038000000,1779534070057000000,1779534070090000000,33.0000,17.0000,8.0000,33.0000,66.0000,15.89,T3-T5 on Isaac clock; Network_est approximate
2026-05-23T11:01:10.1651900Z,530,628,0,1779534070095,1779534070090000000,1779534070090000000,1779534070084000000,1779534070095000000,1779534070095000000,1779534070123000000,1779534070165000000,33.0000,11.0000,11.0000,42.0000,75.0000,16.00,T3-T5 on Isaac clock; Network_est approximate
2026-05-23T11:01:10.1967130Z,531,629,0,1779534070133,1779534070123000000,1779534070123000000,1779534070117000000,1779534070130000000,1779534070133000000,1779534070165000000,1779534070196000000,42.0000,13.0000,14.5000,31.0000,73.0000,15.41,T3-T5 on Isaac clock; Network_est approximate
2026-05-23T11:01:10.2374900Z,532,630,0,1779534070174,1779534070164000000,1779534070164000000,1779534070159000000,1779534070171000000,1779534070174000000,1779534070196000000,1779534070237000000,32.0000,12.0000,10.0000,41.0000,73.0000,14.45,T3-T5 on Isaac clock; Network_est approximate
2026-05-23T11:01:10.3011350Z,533,631,0,1779534070231,1779534070196000000,1779534070196000000,1779534070190000000,1779534070231000000,1779534070231000000,1779534070268000000,1779534070301000000,72.0000,41.0000,15.5000,33.0000,105.0000,13.96,T3-T5 on Isaac clock; Network_est approximate
2026-05-23T11:01:10.3697140Z,534,633,0,1779534070268,1779534070268000000,1779534070268000000,1779534070262000000,1779534070266000000,1779534070268000000,1779534070301000000,1779534070369000000,33.0000,4.0000,14.5000,68.0000,101.0000,15.07,T3-T5 on Isaac clock; Network_est approximate
2026-05-23T11:01:10.3731200Z,535,634,0,1779534070310,1779534070300000000,1779534070300000000,1779534070295000000,1779534070306000000,1779534070310000000,1779534070369000000,1779534070373000000,69.0000,11.0000,29.0000,4.0000,73.0000,16.53,T3-T5 on Isaac clock; Network_est approximate
2026-05-23T11:01:10.4402540Z,536,635,0,1779534070367,1779534070369000000,1779534070369000000,1779534070363000000,1779534070365000000,1779534070367000000,1779534070407000000,1779534070440000000,38.0000,2.0000,18.0000,33.0000,71.0000,16.12,T3-T5 on Isaac clock; Network_est approximate
2026-05-23T11:01:10.4737900Z,537,636,0,1779534070403,1779534070372000000,1779534070373000000,1779534070367000000,1779534070400000000,1779534070403000000,1779534070440000000,1779534070473000000,67.0000,33.0000,17.0000,33.0000,101.0000,15.27,T3-T5 on Isaac clock; Network_est approximate
2026-05-23T11:01:10.5061080Z,538,638,0,1779534070444,1779534070440000000,1779534070440000000,1779534070434000000,1779534070441000000,1779534070444000000,1779534070473000000,1779534070506000000,33.0000,7.0000,13.0000,33.0000,66.0000,14.86,T3-T5 on Isaac clock; Network_est approximate
2026-05-23T11:01:10.5718040Z,539,640,0,1779534070502,1779534070505000000,1779534070505000000,1779534070500000000,1779534070502000000,1779534070502000000,1779534070538000000,1779534070571000000,33.0000,2.0000,15.5000,33.0000,66.0000,14.37,T3-T5 on Isaac clock; Network_est approximate
2026-05-23T11:01:10.6046690Z,540,641,0,1779534070539,1779534070538000000,1779534070538000000,1779534070533000000,1779534070538000000,1779534070539000000,1779534070571000000,1779534070604000000,33.0000,5.0000,14.0000,33.0000,66.0000,13.70,T3-T5 on Isaac clock; Network_est approximate
2026-05-23T11:01:10.6376170Z,541,642,0,1779534070586,1779534070570000000,1779534070571000000,1779534070565000000,1779534070582000000,1779534070586000000,1779534070604000000,1779534070637000000,33.0000,17.0000,8.0000,33.0000,67.0000,13.72,T3-T5 on Isaac clock; Network_est approximate
2026-05-23T11:01:10.7091840Z,542,644,0,1779534070642,1779534070637000000,1779534070637000000,1779534070631000000,1779534070641000000,1779534070642000000,1779534070677000000,1779534070709000000,40.0000,10.0000,15.0000,32.0000,72.0000,13.83,T3-T5 on Isaac clock; Network_est approximate
2026-05-23T11:01:10.7500120Z,543,645,0,1779534070678,1779534070677000000,1779534070677000000,1779534070672000000,1779534070676000000,1779534070678000000,1779534070709000000,1779534070750000000,32.0000,4.0000,14.0000,41.0000,73.0000,13.27,T3-T5 on Isaac clock; Network_est approximate
2026-05-23T11:01:10.7814910Z,544,646,0,1779534070719,1779534070708000000,1779534070708000000,1779534070703000000,1779534070716000000,1779534070719000000,1779534070749000000,1779534070781000000,41.0000,13.0000,14.0000,32.0000,73.0000,13.03,T3-T5 on Isaac clock; Network_est approximate
2026-05-23T11:01:10.8473290Z,545,647,0,1779534070778,1779534070749000000,1779534070749000000,1779534070744000000,1779534070775000000,1779534070778000000,1779534070814000000,1779534070847000000,65.0000,31.0000,17.0000,33.0000,98.0000,12.64,T3-T5 on Isaac clock; Network_est approximate
2026-05-23T11:01:10.8796190Z,546,649,0,1779534070814,1779534070814000000,1779534070814000000,1779534070808000000,1779534070810000000,1779534070814000000,1779534070847000000,1779534070879000000,33.0000,2.0000,15.5000,32.0000,65.0000,12.08,T3-T5 on Isaac clock; Network_est approximate
2026-05-23T11:01:10.9126140Z,547,650,0,1779534070855,1779534070847000000,1779534070847000000,1779534070841000000,1779534070851000000,1779534070855000000,1779534070879000000,1779534070912000000,32.0000,10.0000,11.0000,33.0000,65.0000,11.83,T3-T5 on Isaac clock; Network_est approximate
2026-05-23T11:01:10.9786630Z,548,652,0,1779534070913,1779534070912000000,1779534070912000000,1779534070906000000,1779534070910000000,1779534070913000000,1779534070945000000,1779534070978000000,33.0000,4.0000,14.5000,33.0000,66.0000,11.58,T3-T5 on Isaac clock; Network_est approximate
2026-05-23T11:01:11.0113620Z,549,653,0,1779534070950,1779534070945000000,1779534070945000000,1779534070939000000,1779534070949000000,1779534070950000000,1779534070978000000,1779534071011000000,33.0000,10.0000,11.5000,33.0000,66.0000,11.12,T3-T5 on Isaac clock; Network_est approximate
2026-05-23T11:01:11.0435040Z,550,654,0,1779534070997,1779534070978000000,1779534070978000000,1779534070972000000,1779534070993000000,1779534070997000000,1779534071011000000,1779534071043000000,33.0000,21.0000,6.0000,32.0000,65.0000,11.35,T3-T5 on Isaac clock; Network_est approximate
2026-05-23T11:01:11.1091540Z,551,656,0,1779534071050,1779534071043000000,1779534071043000000,1779534071037000000,1779534071049000000,1779534071050000000,1779534071076000000,1779534071109000000,33.0000,12.0000,10.5000,33.0000,66.0000,11.41,T3-T5 on Isaac clock; Network_est approximate
2026-05-23T11:01:11.1445970Z,552,657,0,1779534071086,1779534071075000000,1779534071075000000,1779534071070000000,1779534071084000000,1779534071086000000,1779534071109000000,1779534071144000000,34.0000,14.0000,10.0000,35.0000,69.0000,10.74,T3-T5 on Isaac clock; Network_est approximate
2026-05-23T11:01:11.1864650Z,553,658,0,1779534071128,1779534071108000000,1779534071108000000,1779534071103000000,1779534071125000000,1779534071128000000,1779534071144000000,1779534071186000000,36.0000,22.0000,7.0000,42.0000,78.0000,10.07,T3-T5 on Isaac clock; Network_est approximate
2026-05-23T11:01:11.2588030Z,554,660,0,1779534071189,1779534071186000000,1779534071186000000,1779534071180000000,1779534071184000000,1779534071189000000,1779534071218000000,1779534071258000000,32.0000,4.0000,14.0000,40.0000,72.0000,10.16,T3-T5 on Isaac clock; Network_est approximate
2026-05-23T11:01:11.2904180Z,555,661,0,1779534071222,1779534071218000000,1779534071218000000,1779534071212000000,1779534071221000000,1779534071222000000,1779534071258000000,1779534071290000000,40.0000,9.0000,15.5000,32.0000,72.0000,9.62,T3-T5 on Isaac clock; Network_est approximate
2026-05-23T11:01:11.3231310Z,556,662,0,1779534071264,1779534071258000000,1779534071258000000,1779534071252000000,1779534071263000000,1779534071264000000,1779534071290000000,1779534071323000000,32.0000,11.0000,10.5000,33.0000,65.0000,9.59,T3-T5 on Isaac clock; Network_est approximate
2026-05-23T11:01:11.4255390Z,557,664,0,1779534071326,1779534071322000000,1779534071322000000,1779534071317000000,1779534071322000000,1779534071326000000,1779534071355000000,1779534071425000000,33.0000,5.0000,14.0000,70.0000,103.0000,11.51,T3-T5 on Isaac clock; Network_est approximate
2026-05-23T11:01:11.4292190Z,559,665,0,1779534071399,1779534071355000000,1779534071355000000,1779534071349000000,1779534071399000000,1779534071399000000,1779534071425000000,1779534071429000000,70.0000,50.0000,10.0000,4.0000,74.0000,15.12,T3-T5 on Isaac clock; Network_est approximate
2026-05-23T11:01:11.5295880Z,560,668,0,1779534071460,1779534071462000000,1779534071462000000,1779534071456000000,1779534071459000000,1779534071460000000,1779534071495000000,1779534071529000000,33.0000,3.0000,15.0000,34.0000,67.0000,16.63,T3-T5 on Isaac clock; Network_est approximate
2026-05-23T11:01:11.5615200Z,561,669,0,1779534071497,1779534071495000000,1779534071495000000,1779534071489000000,1779534071494000000,1779534071497000000,1779534071529000000,1779534071561000000,34.0000,5.0000,14.5000,32.0000,66.0000,15.90,T3-T5 on Isaac clock; Network_est approximate
2026-05-23T11:01:11.5940770Z,562,670,0,1779534071537,1779534071529000000,1779534071529000000,1779534071523000000,1779534071537000000,1779534071537000000,1779534071561000000,1779534071594000000,32.0000,14.0000,9.0000,33.0000,65.0000,15.38,T3-T5 on Isaac clock; Network_est approximate
2026-05-23T11:01:11.6999860Z,563,672,0,1779534071601,1779534071593000000,1779534071593000000,1779534071588000000,1779534071597000000,1779534071601000000,1779534071627000000,1779534071699000000,34.0000,9.0000,12.5000,72.0000,106.0000,17.02,T3-T5 on Isaac clock; Network_est approximate
2026-05-23T11:01:11.7038180Z,565,673,0,1779534071678,1779534071626000000,1779534071627000000,1779534071621000000,1779534071673000000,1779534071678000000,1779534071699000000,1779534071703000000,72.0000,52.0000,10.0000,4.0000,77.0000,20.52,T3-T5 on Isaac clock; Network_est approximate
2026-05-23T11:01:11.8094710Z,567,676,0,1779534071767,1779534071737000000,1779534071737000000,1779534071731000000,1779534071767000000,1779534071767000000,1779534071777000000,1779534071809000000,40.0000,36.0000,2.0000,32.0000,72.0000,20.28,T3-T5 on Isaac clock; Network_est approximate
2026-05-23T11:01:11.8744160Z,568,678,0,1779534071815,1779534071809000000,1779534071809000000,1779534071803000000,1779534071812000000,1779534071815000000,1779534071841000000,1779534071874000000,32.0000,9.0000,11.5000,33.0000,65.0000,20.08,T3-T5 on Isaac clock; Network_est approximate
2026-05-23T11:01:11.9396770Z,569,680,0,1779534071871,1779534071874000000,1779534071874000000,1779534071868000000,1779534071871000000,1779534071871000000,1779534071907000000,1779534071939000000,33.0000,3.0000,15.0000,32.0000,65.0000,19.40,T3-T5 on Isaac clock; Network_est approximate
2026-05-23T11:01:11.9726590Z,570,681,0,1779534071907,1779534071907000000,1779534071907000000,1779534071901000000,1779534071906000000,1779534071907000000,1779534071939000000,1779534071972000000,32.0000,5.0000,13.5000,33.0000,65.0000,18.37,T3-T5 on Isaac clock; Network_est approximate
2026-05-23T11:01:12.0055830Z,571,682,0,1779534071955,1779534071939000000,1779534071939000000,1779534071933000000,1779534071949000000,1779534071955000000,1779534071972000000,1779534072005000000,33.0000,16.0000,8.5000,33.0000,66.0000,18.17,T3-T5 on Isaac clock; Network_est approximate
2026-05-23T11:01:12.0709620Z,572,684,0,1779534072012,1779534072005000000,1779534072005000000,1779534071999000000,1779534072008000000,1779534072012000000,1779534072038000000,1779534072070000000,33.0000,9.0000,12.0000,32.0000,65.0000,17.56,T3-T5 on Isaac clock; Network_est approximate
2026-05-23T11:01:12.1035610Z,573,685,0,1779534072048,1779534072038000000,1779534072038000000,1779534072032000000,1779534072045000000,1779534072048000000,1779534072070000000,1779534072103000000,32.0000,13.0000,9.5000,33.0000,65.0000,16.67,T3-T5 on Isaac clock; Network_est approximate
2026-05-23T11:01:12.1367060Z,574,686,0,1779534072089,1779534072070000000,1779534072070000000,1779534072064000000,1779534072086000000,1779534072089000000,1779534072103000000,1779534072136000000,33.0000,22.0000,5.5000,33.0000,66.0000,16.12,T3-T5 on Isaac clock; Network_est approximate
2026-05-23T11:01:12.2031230Z,575,688,0,1779534072147,1779534072136000000,1779534072136000000,1779534072130000000,1779534072145000000,1779534072147000000,1779534072169000000,1779534072203000000,33.0000,15.0000,9.0000,34.0000,67.0000,15.64,T3-T5 on Isaac clock; Network_est approximate
2026-05-23T11:01:12.2438100Z,576,689,0,1779534072183,1779534072169000000,1779534072169000000,1779534072163000000,1779534072183000000,1779534072183000000,1779534072203000000,1779534072243000000,34.0000,20.0000,7.0000,40.0000,74.0000,14.95,T3-T5 on Isaac clock; Network_est approximate
2026-05-23T11:01:12.3146150Z,577,690,0,1779534072226,1779534072202000000,1779534072202000000,1779534072197000000,1779534072223000000,1779534072226000000,1779534072243000000,1779534072314000000,41.0000,26.0000,7.5000,71.0000,112.0000,15.75,T3-T5 on Isaac clock; Network_est approximate
2026-05-23T11:01:12.3188310Z,578,691,0,1779534072283,1779534072243000000,1779534072243000000,1779534072237000000,1779534072281000000,1779534072283000000,1779534072314000000,1779534072318000000,71.0000,44.0000,13.5000,4.0000,75.0000,18.08,T3-T5 on Isaac clock; Network_est approximate
2026-05-23T11:01:12.3831190Z,579,693,0,1779534072320,1779534072318000000,1779534072318000000,1779534072312000000,1779534072317000000,1779534072320000000,1779534072350000000,1779534072383000000,32.0000,5.0000,13.5000,33.0000,65.0000,18.69,T3-T5 on Isaac clock; Network_est approximate
2026-05-23T11:01:12.4155160Z,580,694,0,1779534072361,1779534072350000000,1779534072350000000,1779534072344000000,1779534072358000000,1779534072361000000,1779534072383000000,1779534072415000000,33.0000,14.0000,9.5000,32.0000,65.0000,18.06,T3-T5 on Isaac clock; Network_est approximate
2026-05-23T11:01:12.5163780Z,581,696,0,1779534072418,1779534072415000000,1779534072415000000,1779534072409000000,1779534072417000000,1779534072418000000,1779534072448000000,1779534072516000000,33.0000,8.0000,12.5000,68.0000,101.0000,19.67,T3-T5 on Isaac clock; Network_est approximate
2026-05-23T11:01:12.5198950Z,583,697,0,1779534072496,1779534072448000000,1779534072448000000,1779534072442000000,1779534072493000000,1779534072496000000,1779534072516000000,1779534072519000000,68.0000,51.0000,8.5000,3.0000,71.0000,23.09,T3-T5 on Isaac clock; Network_est approximate
2026-05-23T11:01:12.6195130Z,584,700,0,1779534072556,1779534072552000000,1779534072552000000,1779534072547000000,1779534072552000000,1779534072556000000,1779534072586000000,1779534072619000000,34.0000,5.0000,14.5000,33.0000,67.0000,24.11,T3-T5 on Isaac clock; Network_est approximate
2026-05-23T11:01:12.6527050Z,585,701,0,1779534072589,1779534072586000000,1779534072586000000,1779534072581000000,1779534072587000000,1779534072589000000,1779534072619000000,1779534072652000000,33.0000,6.0000,13.5000,33.0000,66.0000,22.62,T3-T5 on Isaac clock; Network_est approximate
2026-05-23T11:01:12.6860620Z,586,702,0,1779534072630,1779534072619000000,1779534072619000000,1779534072614000000,1779534072628000000,1779534072630000000,1779534072652000000,1779534072686000000,33.0000,14.0000,9.5000,34.0000,67.0000,21.69,T3-T5 on Isaac clock; Network_est approximate
2026-05-23T11:01:12.7591630Z,587,704,0,1779534072688,1779534072685000000,1779534072685000000,1779534072680000000,1779534072688000000,1779534072688000000,1779534072727000000,1779534072759000000,42.0000,8.0000,17.0000,32.0000,74.0000,21.29,T3-T5 on Isaac clock; Network_est approximate
2026-05-23T11:01:12.7999500Z,588,705,0,1779534072725,1779534072727000000,1779534072727000000,1779534072721000000,1779534072722000000,1779534072725000000,1779534072759000000,1779534072799000000,32.0000,1.0000,15.5000,40.0000,72.0000,20.19,T3-T5 on Isaac clock; Network_est approximate
2026-05-23T11:01:12.8308520Z,589,706,0,1779534072766,1779534072758000000,1779534072758000000,1779534072753000000,1779534072764000000,1779534072766000000,1779534072799000000,1779534072830000000,41.0000,11.0000,15.0000,31.0000,72.0000,19.56,T3-T5 on Isaac clock; Network_est approximate
2026-05-23T11:01:12.8969770Z,590,707,0,1779534072828,1779534072799000000,1779534072799000000,1779534072794000000,1779534072823000000,1779534072828000000,1779534072863000000,1779534072896000000,64.0000,29.0000,17.5000,33.0000,97.0000,18.59,T3-T5 on Isaac clock; Network_est approximate
2026-05-23T11:01:12.9288920Z,591,709,0,1779534072864,1779534072863000000,1779534072863000000,1779534072857000000,1779534072861000000,1779534072864000000,1779534072896000000,1779534072928000000,33.0000,4.0000,14.5000,32.0000,65.0000,17.68,T3-T5 on Isaac clock; Network_est approximate
2026-05-23T11:01:12.9619800Z,592,710,0,1779534072905,1779534072896000000,1779534072896000000,1779534072891000000,1779534072903000000,1779534072905000000,1779534072928000000,1779534072961000000,32.0000,12.0000,10.0000,33.0000,65.0000,17.07,T3-T5 on Isaac clock; Network_est approximate
2026-05-23T11:01:13.0271180Z,593,712,0,1779534072963,1779534072961000000,1779534072961000000,1779534072956000000,1779534072963000000,1779534072963000000,1779534072994000000,1779534073027000000,33.0000,7.0000,13.0000,33.0000,66.0000,16.45,T3-T5 on Isaac clock; Network_est approximate
2026-05-23T11:01:13.0593950Z,594,713,0,1779534073004,1779534072993000000,1779534072993000000,1779534072988000000,1779534073001000000,1779534073004000000,1779534073027000000,1779534073059000000,34.0000,13.0000,10.5000,32.0000,66.0000,15.97,T3-T5 on Isaac clock; Network_est approximate
2026-05-23T11:01:13.0923850Z,595,714,0,1779534073045,1779534073026000000,1779534073026000000,1779534073021000000,1779534073043000000,1779534073045000000,1779534073059000000,1779534073092000000,33.0000,22.0000,5.5000,33.0000,66.0000,15.47,T3-T5 on Isaac clock; Network_est approximate
2026-05-23T11:01:13.1611190Z,596,716,0,1779534073106,1779534073092000000,1779534073092000000,1779534073086000000,1779534073103000000,1779534073106000000,1779534073127000000,1779534073161000000,35.0000,17.0000,9.0000,34.0000,69.0000,14.98,T3-T5 on Isaac clock; Network_est approximate
2026-05-23T11:01:13.2334790Z,597,717,0,1779534073142,1779534073127000000,1779534073127000000,1779534073121000000,1779534073140000000,1779534073142000000,1779534073161000000,1779534073233000000,34.0000,19.0000,7.5000,72.0000,106.0000,16.30,T3-T5 on Isaac clock; Network_est approximate
2026-05-23T11:01:13.2375240Z,598,718,0,1779534073183,1779534073160000000,1779534073160000000,1779534073155000000,1779534073180000000,1779534073183000000,1779534073233000000,1779534073237000000,73.0000,25.0000,24.0000,4.0000,77.0000,17.57,T3-T5 on Isaac clock; Network_est approximate
2026-05-23T11:01:13.3419270Z,599,720,0,1779534073241,1779534073237000000,1779534073237000000,1779534073231000000,1779534073240000000,1779534073241000000,1779534073269000000,1779534073341000000,32.0000,9.0000,11.5000,72.0000,104.0000,19.36,T3-T5 on Isaac clock; Network_est approximate
2026-05-23T11:01:13.3462200Z,601,721,0,1779534073319,1779534073269000000,1779534073269000000,1779534073263000000,1779534073316000000,1779534073319000000,1779534073341000000,1779534073346000000,72.0000,53.0000,9.5000,5.0000,77.0000,22.75,T3-T5 on Isaac clock; Network_est approximate
2026-05-23T11:01:13.4432940Z,602,724,0,1779534073378,1779534073377000000,1779534073377000000,1779534073371000000,1779534073375000000,1779534073378000000,1779534073411000000,1779534073443000000,34.0000,4.0000,15.0000,32.0000,66.0000,23.72,T3-T5 on Isaac clock; Network_est approximate
2026-05-23T11:01:13.4759280Z,603,725,0,1779534073415,1779534073410000000,1779534073411000000,1779534073405000000,1779534073413000000,1779534073415000000,1779534073443000000,1779534073475000000,32.0000,8.0000,12.0000,32.0000,65.0000,22.53,T3-T5 on Isaac clock; Network_est approximate
2026-05-23T11:01:13.5091850Z,604,726,0,1779534073457,1779534073443000000,1779534073443000000,1779534073437000000,1779534073454000000,1779534073457000000,1779534073475000000,1779534073509000000,32.0000,17.0000,7.5000,34.0000,66.0000,21.66,T3-T5 on Isaac clock; Network_est approximate
2026-05-23T11:01:13.6100080Z,605,728,0,1779534073515,1779534073508000000,1779534073508000000,1779534073503000000,1779534073514000000,1779534073515000000,1779534073541000000,1779534073610000000,33.0000,11.0000,11.0000,69.0000,102.0000,22.99,T3-T5 on Isaac clock; Network_est approximate
2026-05-23T11:01:13.6140490Z,607,729,0,1779534073594,1779534073541000000,1779534073541000000,1779534073535000000,1779534073591000000,1779534073594000000,1779534073609000000,1779534073614000000,68.0000,56.0000,6.0000,5.0000,73.0000,26.26,T3-T5 on Isaac clock; Network_est approximate
2026-05-23T11:01:13.7139070Z,608,732,0,1779534073651,1779534073647000000,1779534073647000000,1779534073641000000,1779534073651000000,1779534073651000000,1779534073680000000,1779534073713000000,33.0000,10.0000,11.5000,33.0000,66.0000,27.32,T3-T5 on Isaac clock; Network_est approximate
2026-05-23T11:01:13.7556390Z,609,733,0,1779534073688,1779534073680000000,1779534073680000000,1779534073674000000,1779534073686000000,1779534073688000000,1779534073713000000,1779534073755000000,33.0000,12.0000,10.5000,42.0000,75.0000,25.90,T3-T5 on Isaac clock; Network_est approximate
2026-05-23T11:01:13.7870210Z,610,734,0,1779534073729,1779534073713000000,1779534073713000000,1779534073708000000,1779534073726000000,1779534073729000000,1779534073755000000,1779534073787000000,42.0000,18.0000,12.0000,32.0000,74.0000,24.89,T3-T5 on Isaac clock; Network_est approximate
2026-05-23T11:01:13.8591210Z,611,736,0,1779534073788,1779534073786000000,1779534073786000000,1779534073781000000,1779534073785000000,1779534073788000000,1779534073827000000,1779534073859000000,41.0000,4.0000,18.5000,32.0000,73.0000,24.15,T3-T5 on Isaac clock; Network_est approximate
2026-05-23T11:01:13.8920400Z,612,737,0,1779534073825,1779534073827000000,1779534073827000000,1779534073822000000,1779534073823000000,1779534073825000000,1779534073859000000,1779534073892000000,32.0000,1.0000,15.5000,33.0000,65.0000,22.92,T3-T5 on Isaac clock; Network_est approximate
2026-05-23T11:01:13.9244110Z,613,738,0,1779534073866,1779534073858000000,1779534073858000000,1779534073853000000,1779534073865000000,1779534073866000000,1779534073891000000,1779534073924000000,33.0000,12.0000,10.5000,33.0000,66.0000,22.00,T3-T5 on Isaac clock; Network_est approximate
2026-05-23T11:01:13.9901750Z,614,740,0,1779534073924,1779534073924000000,1779534073924000000,1779534073918000000,1779534073924000000,1779534073924000000,1779534073957000000,1779534073990000000,33.0000,6.0000,13.5000,33.0000,66.0000,21.11,T3-T5 on Isaac clock; Network_est approximate
2026-05-23T11:01:14.0223340Z,615,741,0,1779534073966,1779534073957000000,1779534073957000000,1779534073951000000,1779534073964000000,1779534073966000000,1779534073990000000,1779534074022000000,33.0000,13.0000,10.0000,32.0000,65.0000,20.39,T3-T5 on Isaac clock; Network_est approximate
2026-05-23T11:01:14.0551460Z,616,742,0,1779534074007,1779534073989000000,1779534073989000000,1779534073984000000,1779534074004000000,1779534074007000000,1779534074022000000,1779534074055000000,33.0000,20.0000,6.5000,33.0000,66.0000,19.63,T3-T5 on Isaac clock; Network_est approximate
2026-05-23T11:01:14.1201820Z,617,744,0,1779534074065,1779534074054000000,1779534074054000000,1779534074049000000,1779534074065000000,1779534074065000000,1779534074087000000,1779534074120000000,33.0000,16.0000,8.5000,33.0000,66.0000,18.84,T3-T5 on Isaac clock; Network_est approximate
2026-05-23T11:01:14.1528480Z,618,745,0,1779534074101,1779534074087000000,1779534074087000000,1779534074082000000,1779534074100000000,1779534074101000000,1779534074120000000,1779534074152000000,33.0000,18.0000,7.5000,32.0000,65.0000,17.87,T3-T5 on Isaac clock; Network_est approximate
2026-05-23T11:01:14.1857900Z,619,746,0,1779534074142,1779534074119000000,1779534074119000000,1779534074114000000,1779534074141000000,1779534074142000000,1779534074152000000,1779534074185000000,33.0000,27.0000,3.0000,33.0000,66.0000,17.26,T3-T5 on Isaac clock; Network_est approximate
2026-05-23T11:01:14.2608880Z,620,748,0,1779534074204,1779534074185000000,1779534074185000000,1779534074179000000,1779534074200000000,1779534074204000000,1779534074218000000,1779534074260000000,33.0000,21.0000,6.0000,42.0000,75.0000,17.00,T3-T5 on Isaac clock; Network_est approximate
2026-05-23T11:01:14.2921160Z,621,749,0,1779534074236,1779534074218000000,1779534074218000000,1779534074213000000,1779534074235000000,1779534074236000000,1779534074260000000,1779534074292000000,42.0000,22.0000,10.0000,32.0000,74.0000,15.98,T3-T5 on Isaac clock; Network_est approximate
2026-05-23T11:01:14.3323080Z,622,750,0,1779534074277,1779534074260000000,1779534074260000000,1779534074255000000,1779534074276000000,1779534074277000000,1779534074292000000,1779534074332000000,32.0000,21.0000,5.5000,40.0000,72.0000,15.02,T3-T5 on Isaac clock; Network_est approximate
2026-05-23T11:01:14.3966740Z,623,752,0,1779534074339,1779534074332000000,1779534074332000000,1779534074326000000,1779534074335000000,1779534074339000000,1779534074363000000,1779534074396000000,31.0000,9.0000,11.0000,33.0000,64.0000,14.21,T3-T5 on Isaac clock; Network_est approximate
2026-05-23T11:01:14.4289730Z,624,753,0,1779534074371,1779534074363000000,1779534074363000000,1779534074357000000,1779534074369000000,1779534074371000000,1779534074396000000,1779534074428000000,33.0000,12.0000,10.5000,32.0000,65.0000,13.35,T3-T5 on Isaac clock; Network_est approximate
2026-05-23T11:01:14.4617280Z,625,754,0,1779534074412,1779534074396000000,1779534074396000000,1779534074390000000,1779534074410000000,1779534074412000000,1779534074428000000,1779534074461000000,32.0000,20.0000,6.0000,33.0000,65.0000,13.05,T3-T5 on Isaac clock; Network_est approximate
2026-05-23T11:01:14.5265100Z,626,756,0,1779534074473,1779534074461000000,1779534074461000000,1779534074455000000,1779534074470000000,1779534074473000000,1779534074493000000,1779534074526000000,32.0000,15.0000,8.5000,33.0000,65.0000,12.49,T3-T5 on Isaac clock; Network_est approximate
2026-05-23T11:01:14.5589240Z,627,757,0,1779534074509,1779534074493000000,1779534074493000000,1779534074487000000,1779534074505000000,1779534074509000000,1779534074526000000,1779534074558000000,33.0000,18.0000,7.5000,32.0000,65.0000,11.94,T3-T5 on Isaac clock; Network_est approximate
2026-05-23T11:01:14.5944140Z,628,758,0,1779534074550,1779534074526000000,1779534074526000000,1779534074520000000,1779534074547000000,1779534074550000000,1779534074558000000,1779534074594000000,32.0000,27.0000,2.5000,36.0000,68.0000,11.54,T3-T5 on Isaac clock; Network_est approximate
2026-05-23T11:01:14.7089180Z,629,760,0,1779534074608,1779534074594000000,1779534074594000000,1779534074588000000,1779534074606000000,1779534074608000000,1779534074632000000,1779534074708000000,38.0000,18.0000,10.0000,76.0000,114.0000,14.34,T3-T5 on Isaac clock; Network_est approximate
2026-05-23T11:01:14.7122080Z,631,761,0,1779534074686,1779534074632000000,1779534074632000000,1779534074627000000,1779534074684000000,1779534074686000000,1779534074708000000,1779534074712000000,76.0000,57.0000,9.5000,4.0000,80.0000,18.11,T3-T5 on Isaac clock; Network_est approximate
2026-05-23T11:01:14.8642010Z,633,764,0,1779534074780,1779534074749000000,1779534074749000000,1779534074744000000,1779534074779000000,1779534074780000000,1779534074791000000,1779534074864000000,42.0000,35.0000,3.5000,73.0000,115.0000,20.59,T3-T5 on Isaac clock; Network_est approximate
2026-05-23T11:01:14.8678790Z,634,765,0,1779534074820,1779534074790000000,1779534074790000000,1779534074785000000,1779534074819000000,1779534074820000000,1779534074864000000,1779534074867000000,74.0000,34.0000,20.0000,3.0000,77.0000,21.57,T3-T5 on Isaac clock; Network_est approximate
2026-05-23T11:01:14.9326830Z,635,767,0,1779534074883,1779534074867000000,1779534074867000000,1779534074861000000,1779534074879000000,1779534074883000000,1779534074900000000,1779534074932000000,33.0000,18.0000,7.5000,32.0000,65.0000,20.33,T3-T5 on Isaac clock; Network_est approximate
2026-05-23T11:01:14.9657660Z,636,768,0,1779534074914,1779534074899000000,1779534074899000000,1779534074894000000,1779534074914000000,1779534074914000000,1779534074932000000,1779534074965000000,33.0000,20.0000,6.5000,33.0000,66.0000,19.19,T3-T5 on Isaac clock; Network_est approximate
2026-05-23T11:01:14.9982120Z,637,769,0,1779534074956,1779534074932000000,1779534074932000000,1779534074926000000,1779534074956000000,1779534074956000000,1779534074965000000,1779534074998000000,33.0000,30.0000,1.5000,33.0000,66.0000,18.59,T3-T5 on Isaac clock; Network_est approximate
2026-05-23T11:01:15.0631560Z,638,771,0,1779534075020,1779534074997000000,1779534074998000000,1779534074992000000,1779534075016000000,1779534075020000000,1779534075030000000,1779534075063000000,32.0000,24.0000,4.0000,33.0000,66.0000,17.49,T3-T5 on Isaac clock; Network_est approximate
2026-05-23T11:01:15.0959070Z,639,772,0,1779534075051,1779534075030000000,1779534075030000000,1779534075024000000,1779534075050000000,1779534075051000000,1779534075063000000,1779534075095000000,33.0000,26.0000,3.5000,32.0000,65.0000,16.50,T3-T5 on Isaac clock; Network_est approximate
2026-05-23T11:01:15.1645640Z,640,774,0,1779534075094,1779534075095000000,1779534075095000000,1779534075089000000,1779534075092000000,1779534075094000000,1779534075131000000,1779534075164000000,36.0000,3.0000,16.5000,33.0000,69.0000,17.07,T3-T5 on Isaac clock; Network_est approximate
2026-05-23T11:01:15.1966420Z,641,775,0,1779534075155,1779534075131000000,1779534075131000000,1779534075126000000,1779534075151000000,1779534075155000000,1779534075164000000,1779534075196000000,33.0000,25.0000,4.0000,32.0000,65.0000,17.81,T3-T5 on Isaac clock; Network_est approximate
2026-05-23T11:01:15.2300250Z,642,776,0,1779534075188,1779534075164000000,1779534075164000000,1779534075158000000,1779534075187000000,1779534075188000000,1779534075196000000,1779534075230000000,32.0000,29.0000,1.5000,34.0000,66.0000,16.71,T3-T5 on Isaac clock; Network_est approximate
2026-05-23T11:01:15.3049810Z,643,778,0,1779534075230,1779534075229000000,1779534075229000000,1779534075224000000,1779534075229000000,1779534075230000000,1779534075262000000,1779534075304000000,33.0000,5.0000,14.0000,42.0000,75.0000,17.74,T3-T5 on Isaac clock; Network_est approximate
2026-05-23T11:01:15.3371480Z,644,779,0,1779534075290,1779534075262000000,1779534075262000000,1779534075257000000,1779534075289000000,1779534075290000000,1779534075304000000,1779534075337000000,42.0000,32.0000,5.0000,33.0000,75.0000,18.37,T3-T5 on Isaac clock; Network_est approximate
2026-05-23T11:01:15.3777990Z,645,780,0,1779534075327,1779534075304000000,1779534075304000000,1779534075298000000,1779534075324000000,1779534075327000000,1779534075337000000,1779534075377000000,33.0000,26.0000,3.5000,40.0000,73.0000,17.45,T3-T5 on Isaac clock; Network_est approximate
2026-05-23T11:01:15.4086220Z,646,781,0,1779534075368,1779534075336000000,1779534075336000000,1779534075331000000,1779534075365000000,1779534075368000000,1779534075377000000,1779534075408000000,41.0000,34.0000,3.5000,31.0000,72.0000,16.99,T3-T5 on Isaac clock; Network_est approximate
2026-05-23T11:01:15.4751880Z,647,783,0,1779534075426,1779534075408000000,1779534075408000000,1779534075402000000,1779534075425000000,1779534075426000000,1779534075441000000,1779534075475000000,33.0000,23.0000,5.0000,34.0000,67.0000,16.43,T3-T5 on Isaac clock; Network_est approximate
2026-05-23T11:01:15.5179080Z,648,784,0,1779534075464,1779534075440000000,1779534075441000000,1779534075435000000,1779534075462000000,1779534075464000000,1779534075475000000,1779534075517000000,34.0000,27.0000,3.5000,42.0000,77.0000,15.72,T3-T5 on Isaac clock; Network_est approximate
2026-05-23T11:01:15.5483210Z,649,785,0,1779534075506,1779534075474000000,1779534075474000000,1779534075469000000,1779534075503000000,1779534075506000000,1779534075517000000,1779534075548000000,43.0000,34.0000,4.5000,31.0000,74.0000,15.48,T3-T5 on Isaac clock; Network_est approximate
2026-05-23T11:01:15.6136270Z,650,787,0,1779534075563,1779534075547000000,1779534075547000000,1779534075542000000,1779534075563000000,1779534075563000000,1779534075580000000,1779534075613000000,33.0000,21.0000,6.0000,33.0000,66.0000,15.06,T3-T5 on Isaac clock; Network_est approximate
2026-05-23T11:01:15.6462240Z,651,788,0,1779534075601,1779534075580000000,1779534075580000000,1779534075574000000,1779534075599000000,1779534075601000000,1779534075613000000,1779534075646000000,33.0000,25.0000,4.0000,33.0000,66.0000,14.45,T3-T5 on Isaac clock; Network_est approximate
2026-05-23T11:01:15.7117680Z,652,790,0,1779534075642,1779534075646000000,1779534075646000000,1779534075640000000,1779534075640000000,1779534075642000000,1779534075679000000,1779534075711000000,33.0000,0.0000,16.5000,32.0000,65.0000,15.08,T3-T5 on Isaac clock; Network_est approximate
2026-05-23T11:01:15.7447810Z,653,791,0,1779534075703,1779534075678000000,1779534075678000000,1779534075673000000,1779534075700000000,1779534075703000000,1779534075711000000,1779534075744000000,33.0000,27.0000,3.0000,33.0000,66.0000,15.89,T3-T5 on Isaac clock; Network_est approximate
2026-05-23T11:01:15.8237500Z,654,792,0,1779534075735,1779534075711000000,1779534075711000000,1779534075705000000,1779534075735000000,1779534075735000000,1779534075744000000,1779534075823000000,33.0000,30.0000,1.5000,79.0000,112.0000,17.83,T3-T5 on Isaac clock; Network_est approximate
2026-05-23T11:01:15.8279390Z,655,793,0,1779534075777,1779534075744000000,1779534075744000000,1779534075738000000,1779534075775000000,1779534075777000000,1779534075823000000,1779534075827000000,79.0000,37.0000,21.0000,4.0000,83.0000,19.07,T3-T5 on Isaac clock; Network_est approximate
2026-05-23T11:01:15.9031400Z,656,795,0,1779534075836,1779534075827000000,1779534075827000000,1779534075821000000,1779534075835000000,1779534075836000000,1779534075862000000,1779534075903000000,35.0000,14.0000,10.5000,41.0000,76.0000,18.88,T3-T5 on Isaac clock; Network_est approximate
2026-05-23T11:01:15.9344130Z,657,796,0,1779534075872,1779534075862000000,1779534075862000000,1779534075856000000,1779534075870000000,1779534075872000000,1779534075903000000,1779534075934000000,41.0000,14.0000,13.5000,31.0000,72.0000,17.99,T3-T5 on Isaac clock; Network_est approximate
2026-05-23T11:01:15.9675070Z,658,797,0,1779534075913,1779534075902000000,1779534075902000000,1779534075897000000,1779534075910000000,1779534075913000000,1779534075934000000,1779534075967000000,32.0000,13.0000,9.5000,33.0000,65.0000,17.36,T3-T5 on Isaac clock; Network_est approximate
2026-05-23T11:01:16.0330420Z,659,799,0,1779534075970,1779534075967000000,1779534075967000000,1779534075962000000,1779534075969000000,1779534075970000000,1779534076000000000,1779534076033000000,33.0000,7.0000,13.0000,33.0000,66.0000,16.81,T3-T5 on Isaac clock; Network_est approximate
2026-05-23T11:01:16.0658800Z,660,800,0,1779534076007,1779534076000000000,1779534076000000000,1779534075994000000,1779534076004000000,1779534076007000000,1779534076032000000,1779534076065000000,32.0000,10.0000,11.0000,33.0000,65.0000,16.02,T3-T5 on Isaac clock; Network_est approximate
2026-05-23T11:01:16.0987930Z,661,801,0,1779534076049,1779534076032000000,1779534076032000000,1779534076027000000,1779534076046000000,1779534076049000000,1779534076065000000,1779534076098000000,33.0000,19.0000,7.0000,33.0000,66.0000,15.58,T3-T5 on Isaac clock; Network_est approximate
2026-05-23T11:01:16.1642110Z,662,803,0,1779534076106,1779534076098000000,1779534076098000000,1779534076092000000,1779534076105000000,1779534076106000000,1779534076131000000,1779534076164000000,33.0000,13.0000,10.0000,33.0000,66.0000,15.13,T3-T5 on Isaac clock; Network_est approximate
2026-05-23T11:01:16.1973260Z,663,804,0,1779534076142,1779534076131000000,1779534076131000000,1779534076125000000,1779534076142000000,1779534076142000000,1779534076164000000,1779534076197000000,33.0000,17.0000,8.0000,33.0000,66.0000,14.36,T3-T5 on Isaac clock; Network_est approximate
2026-05-23T11:01:16.2297230Z,664,805,0,1779534076183,1779534076163000000,1779534076163000000,1779534076158000000,1779534076181000000,1779534076183000000,1779534076197000000,1779534076229000000,34.0000,23.0000,5.5000,32.0000,66.0000,14.00,T3-T5 on Isaac clock; Network_est approximate
2026-05-23T11:01:16.3043240Z,665,807,0,1779534076246,1779534076229000000,1779534076229000000,1779534076225000000,1779534076242000000,1779534076246000000,1779534076263000000,1779534076304000000,34.0000,17.0000,8.5000,41.0000,75.0000,13.85,T3-T5 on Isaac clock; Network_est approximate
2026-05-23T11:01:16.3354400Z,666,808,0,1779534076283,1779534076263000000,1779534076263000000,1779534076257000000,1779534076278000000,1779534076283000000,1779534076304000000,1779534076335000000,41.0000,21.0000,10.0000,31.0000,72.0000,13.35,T3-T5 on Isaac clock; Network_est approximate
2026-05-23T11:01:16.3694520Z,667,809,0,1779534076320,1779534076304000000,1779534076304000000,1779534076298000000,1779534076318000000,1779534076320000000,1779534076335000000,1779534076369000000,31.0000,20.0000,5.5000,34.0000,65.0000,12.71,T3-T5 on Isaac clock; Network_est approximate
2026-05-23T11:01:16.4411260Z,668,811,0,1779534076378,1779534076369000000,1779534076369000000,1779534076363000000,1779534076377000000,1779534076378000000,1779534076409000000,1779534076441000000,40.0000,14.0000,13.0000,32.0000,72.0000,12.79,T3-T5 on Isaac clock; Network_est approximate
2026-05-23T11:01:16.4743190Z,669,812,0,1779534076415,1779534076409000000,1779534076409000000,1779534076403000000,1779534076411000000,1779534076415000000,1779534076441000000,1779534076474000000,32.0000,8.0000,12.0000,33.0000,65.0000,12.23,T3-T5 on Isaac clock; Network_est approximate
2026-05-23T11:01:16.5079900Z,670,813,0,1779534076457,1779534076440000000,1779534076440000000,1779534076435000000,1779534076453000000,1779534076457000000,1779534076474000000,1779534076507000000,34.0000,18.0000,8.0000,33.0000,67.0000,12.01,T3-T5 on Isaac clock; Network_est approximate
2026-05-23T11:01:16.5796740Z,671,815,0,1779534076516,1779534076507000000,1779534076507000000,1779534076502000000,1779534076513000000,1779534076516000000,1779534076548000000,1779534076579000000,41.0000,11.0000,15.0000,31.0000,72.0000,12.07,T3-T5 on Isaac clock; Network_est approximate
2026-05-23T11:01:16.6127890Z,672,816,0,1779534076552,1779534076548000000,1779534076548000000,1779534076542000000,1779534076550000000,1779534076552000000,1779534076579000000,1779534076612000000,31.0000,8.0000,11.5000,33.0000,64.0000,11.52,T3-T5 on Isaac clock; Network_est approximate
2026-05-23T11:01:16.6449250Z,673,817,0,1779534076594,1779534076579000000,1779534076579000000,1779534076573000000,1779534076590000000,1779534076594000000,1779534076612000000,1779534076644000000,33.0000,17.0000,8.0000,32.0000,65.0000,11.39,T3-T5 on Isaac clock; Network_est approximate
2026-05-23T11:01:16.7107800Z,674,819,0,1779534076651,1779534076644000000,1779534076644000000,1779534076639000000,1779534076649000000,1779534076651000000,1779534076677000000,1779534076710000000,33.0000,10.0000,11.5000,33.0000,66.0000,11.23,T3-T5 on Isaac clock; Network_est approximate
2026-05-23T11:01:16.7428630Z,675,820,0,1779534076687,1779534076677000000,1779534076677000000,1779534076671000000,1779534076684000000,1779534076687000000,1779534076710000000,1779534076742000000,33.0000,13.0000,10.0000,32.0000,65.0000,10.77,T3-T5 on Isaac clock; Network_est approximate
2026-05-23T11:01:16.7760070Z,676,821,0,1779534076729,1779534076710000000,1779534076710000000,1779534076704000000,1779534076725000000,1779534076729000000,1779534076742000000,1779534076776000000,32.0000,21.0000,5.5000,34.0000,66.0000,10.65,T3-T5 on Isaac clock; Network_est approximate
2026-05-23T11:01:16.8930600Z,677,823,0,1779534076786,1779534076775000000,1779534076775000000,1779534076770000000,1779534076784000000,1779534076786000000,1779534076816000000,1779534076893000000,41.0000,14.0000,13.5000,77.0000,118.0000,13.74,T3-T5 on Isaac clock; Network_est approximate
2026-05-23T11:01:16.9052350Z,679,824,0,1779534076863,1779534076816000000,1779534076816000000,1779534076811000000,1779534076861000000,1779534076863000000,1779534076893000000,1779534076905000000,77.0000,50.0000,13.5000,12.0000,89.0000,16.94,T3-T5 on Isaac clock; Network_est approximate
2026-05-23T11:01:16.9634500Z,680,826,0,1779534076920,1779534076904000000,1779534076904000000,1779534076899000000,1779534076920000000,1779534076920000000,1779534076930000000,1779534076963000000,26.0000,21.0000,2.5000,33.0000,59.0000,15.98,T3-T5 on Isaac clock; Network_est approximate
2026-05-23T11:01:16.9968180Z,681,827,0,1779534076956,1779534076930000000,1779534076930000000,1779534076924000000,1779534076955000000,1779534076956000000,1779534076963000000,1779534076996000000,33.0000,31.0000,1.0000,33.0000,66.0000,15.14,T3-T5 on Isaac clock; Network_est approximate
2026-05-23T11:01:17.0620760Z,682,829,0,1779534076998,1779534076996000000,1779534076996000000,1779534076990000000,1779534076996000000,1779534076998000000,1779534077029000000,1779534077062000000,33.0000,6.0000,13.5000,33.0000,66.0000,15.65,T3-T5 on Isaac clock; Network_est approximate
2026-05-23T11:01:17.1300170Z,683,830,0,1779534077059,1779534077029000000,1779534077029000000,1779534077023000000,1779534077056000000,1779534077059000000,1779534077094000000,1779534077130000000,65.0000,33.0000,16.0000,36.0000,101.0000,15.10,T3-T5 on Isaac clock; Network_est approximate
2026-05-23T11:01:17.1632000Z,684,832,0,1779534077091,1779534077094000000,1779534077094000000,1779534077089000000,1779534077090000000,1779534077091000000,1779534077129000000,1779534077163000000,35.0000,1.0000,17.0000,34.0000,69.0000,14.23,T3-T5 on Isaac clock; Network_est approximate
2026-05-23T11:01:17.1957840Z,685,833,0,1779534077133,1779534077129000000,1779534077129000000,1779534077124000000,1779534077131000000,1779534077133000000,1779534077163000000,1779534077195000000,34.0000,7.0000,13.5000,32.0000,66.0000,13.93,T3-T5 on Isaac clock; Network_est approximate
2026-05-23T11:01:17.2613690Z,686,835,0,1779534077196,1779534077195000000,1779534077195000000,1779534077189000000,1779534077191000000,1779534077196000000,1779534077228000000,1779534077261000000,33.0000,2.0000,15.5000,33.0000,66.0000,13.21,T3-T5 on Isaac clock; Network_est approximate
2026-05-23T11:01:17.3325690Z,687,836,0,1779534077228,1779534077228000000,1779534077228000000,1779534077222000000,1779534077227000000,1779534077228000000,1779534077261000000,1779534077332000000,33.0000,5.0000,14.0000,71.0000,104.0000,14.84,T3-T5 on Isaac clock; Network_est approximate
2026-05-23T11:01:17.3359520Z,688,837,0,1779534077270,1779534077261000000,1779534077261000000,1779534077255000000,1779534077270000000,1779534077270000000,1779534077332000000,1779534077335000000,71.0000,15.0000,28.0000,3.0000,74.0000,16.32,T3-T5 on Isaac clock; Network_est approximate
2026-05-23T11:01:17.4406490Z,689,838,0,1779534077332,1779534077332000000,1779534077332000000,1779534077326000000,1779534077328000000,1779534077332000000,1779534077368000000,1779534077440000000,36.0000,2.0000,17.0000,72.0000,108.0000,17.96,T3-T5 on Isaac clock; Network_est approximate
2026-05-23T11:01:17.4448860Z,691,840,0,1779534077409,1779534077367000000,1779534077368000000,1779534077363000000,1779534077406000000,1779534077409000000,1779534077440000000,1779534077444000000,72.0000,43.0000,14.5000,4.0000,77.0000,21.42,T3-T5 on Isaac clock; Network_est approximate
2026-05-23T11:01:17.5175000Z,692,842,0,1779534077466,1779534077443000000,1779534077444000000,1779534077438000000,1779534077466000000,1779534077466000000,1779534077476000000,1779534077517000000,32.0000,28.0000,2.0000,41.0000,74.0000,21.10,T3-T5 on Isaac clock; Network_est approximate
2026-05-23T11:01:17.5489880Z,693,843,0,1779534077502,1779534077476000000,1779534077476000000,1779534077470000000,1779534077502000000,1779534077502000000,1779534077517000000,1779534077548000000,41.0000,32.0000,4.5000,31.0000,72.0000,20.10,T3-T5 on Isaac clock; Network_est approximate
2026-05-23T11:01:17.6138690Z,694,845,0,1779534077546,1779534077548000000,1779534077548000000,1779534077542000000,1779534077544000000,1779534077546000000,1779534077581000000,1779534077613000000,33.0000,2.0000,15.5000,32.0000,65.0000,20.17,T3-T5 on Isaac clock; Network_est approximate
2026-05-23T11:01:17.6471510Z,695,846,0,1779534077603,1779534077580000000,1779534077580000000,1779534077575000000,1779534077603000000,1779534077603000000,1779534077613000000,1779534077647000000,33.0000,28.0000,2.5000,34.0000,67.0000,20.39,T3-T5 on Isaac clock; Network_est approximate
2026-05-23T11:01:17.7115590Z,696,847,0,1779534077640,1779534077613000000,1779534077613000000,1779534077607000000,1779534077639000000,1779534077640000000,1779534077679000000,1779534077711000000,66.0000,32.0000,17.0000,32.0000,98.0000,20.82,T3-T5 on Isaac clock; Network_est approximate
2026-05-23T11:01:17.7438990Z,697,849,0,1779534077683,1779534077678000000,1779534077678000000,1779534077672000000,1779534077681000000,1779534077683000000,1779534077711000000,1779534077743000000,33.0000,9.0000,12.0000,32.0000,65.0000,20.18,T3-T5 on Isaac clock; Network_est approximate
2026-05-23T11:01:17.8103280Z,698,851,0,1779534077746,1779534077743000000,1779534077743000000,1779534077738000000,1779534077743000000,1779534077746000000,1779534077777000000,1779534077810000000,34.0000,5.0000,14.5000,33.0000,67.0000,19.13,T3-T5 on Isaac clock; Network_est approximate
2026-05-23T11:01:17.8515160Z,699,852,0,1779534077778,1779534077777000000,1779534077777000000,1779534077771000000,1779534077777000000,1779534077778000000,1779534077810000000,1779534077851000000,33.0000,6.0000,13.5000,41.0000,74.0000,18.51,T3-T5 on Isaac clock; Network_est approximate
2026-05-23T11:01:17.8834930Z,700,853,0,1779534077819,1779534077810000000,1779534077810000000,1779534077804000000,1779534077818000000,1779534077819000000,1779534077851000000,1779534077883000000,41.0000,14.0000,13.5000,32.0000,73.0000,17.93,T3-T5 on Isaac clock; Network_est approximate
2026-05-23T11:01:17.9627870Z,702,855,0,1779534077915,1779534077883000000,1779534077883000000,1779534077877000000,1779534077912000000,1779534077915000000,1779534077959000000,1779534077962000000,76.0000,35.0000,20.5000,3.0000,79.0000,17.83,T3-T5 on Isaac clock; Network_est approximate
2026-05-23T11:01:18.0295340Z,703,856,0,1779534077957,1779534077959000000,1779534077959000000,1779534077953000000,1779534077954000000,1779534077957000000,1779534077996000000,1779534078029000000,37.0000,1.0000,18.0000,33.0000,70.0000,18.25,T3-T5 on Isaac clock; Network_est approximate
2026-05-23T11:01:18.0624200Z,704,858,0,1779534078014,1779534077996000000,1779534077996000000,1779534077990000000,1779534078013000000,1779534078014000000,1779534078029000000,1779534078062000000,33.0000,23.0000,5.0000,33.0000,66.0000,18.61,T3-T5 on Isaac clock; Network_est approximate
2026-05-23T11:01:18.0950190Z,705,859,0,1779534078051,1779534078029000000,1779534078029000000,1779534078023000000,1779534078048000000,1779534078051000000,1779534078062000000,1779534078095000000,33.0000,25.0000,4.0000,33.0000,66.0000,17.73,T3-T5 on Isaac clock; Network_est approximate
2026-05-23T11:01:18.1602200Z,706,860,0,1779534078094,1779534078062000000,1779534078062000000,1779534078056000000,1779534078088000000,1779534078094000000,1779534078127000000,1779534078160000000,65.0000,32.0000,16.5000,33.0000,98.0000,18.01,T3-T5 on Isaac clock; Network_est approximate
2026-05-23T11:01:18.1928280Z,707,862,0,1779534078151,1779534078127000000,1779534078127000000,1779534078122000000,1779534078148000000,1779534078151000000,1779534078160000000,1779534078192000000,33.0000,26.0000,3.5000,32.0000,65.0000,18.41,T3-T5 on Isaac clock; Network_est approximate
2026-05-23T11:01:18.2585640Z,708,863,0,1779534078189,1779534078159000000,1779534078159000000,1779534078154000000,1779534078185000000,1779534078189000000,1779534078225000000,1779534078258000000,66.0000,31.0000,17.5000,33.0000,99.0000,18.99,T3-T5 on Isaac clock; Network_est approximate
2026-05-23T11:01:18.2912000Z,709,865,0,1779534078231,1779534078225000000,1779534078225000000,1779534078219000000,1779534078227000000,1779534078231000000,1779534078258000000,1779534078291000000,33.0000,8.0000,12.5000,33.0000,66.0000,18.39,T3-T5 on Isaac clock; Network_est approximate
2026-05-23T11:01:18.3647480Z,710,867,0,1779534078289,1779534078290000000,1779534078290000000,1779534078285000000,1779534078287000000,1779534078289000000,1779534078323000000,1779534078364000000,33.0000,2.0000,15.5000,41.0000,74.0000,18.22,T3-T5 on Isaac clock; Network_est approximate
2026-05-23T11:01:18.3957210Z,711,868,0,1779534078326,1779534078323000000,1779534078323000000,1779534078318000000,1779534078322000000,1779534078326000000,1779534078364000000,1779534078395000000,41.0000,4.0000,18.5000,31.0000,72.0000,17.45,T3-T5 on Isaac clock; Network_est approximate
2026-05-23T11:01:18.4362020Z,712,869,0,1779534078366,1779534078364000000,1779534078364000000,1779534078358000000,1779534078363000000,1779534078366000000,1779534078395000000,1779534078436000000,31.0000,5.0000,13.0000,41.0000,72.0000,16.39,T3-T5 on Isaac clock; Network_est approximate
2026-05-23T11:01:18.4680170Z,713,870,0,1779534078423,1779534078395000000,1779534078395000000,1779534078390000000,1779534078422000000,1779534078423000000,1779534078436000000,1779534078468000000,41.0000,32.0000,4.5000,32.0000,73.0000,16.95,T3-T5 on Isaac clock; Network_est approximate
2026-05-23T11:01:18.5003740Z,714,871,0,1779534078459,1779534078435000000,1779534078436000000,1779534078430000000,1779534078457000000,1779534078459000000,1779534078467000000,1779534078500000000,31.0000,27.0000,2.0000,33.0000,65.0000,16.11,T3-T5 on Isaac clock; Network_est approximate
2026-05-23T11:01:18.5659730Z,715,873,0,1779534078500,1779534078500000000,1779534078500000000,1779534078494000000,1779534078498000000,1779534078500000000,1779534078532000000,1779534078565000000,32.0000,4.0000,14.0000,33.0000,65.0000,16.63,T3-T5 on Isaac clock; Network_est approximate
2026-05-23T11:01:18.6320840Z,716,874,0,1779534078561,1779534078532000000,1779534078532000000,1779534078526000000,1779534078557000000,1779534078561000000,1779534078598000000,1779534078632000000,66.0000,31.0000,17.5000,34.0000,100.0000,15.86,T3-T5 on Isaac clock; Network_est approximate
2026-05-23T11:01:18.6635550Z,717,875,0,1779534078597,1779534078565000000,1779534078565000000,1779534078559000000,1779534078592000000,1779534078597000000,1779534078632000000,1779534078663000000,67.0000,33.0000,17.0000,31.0000,98.0000,15.10,T3-T5 on Isaac clock; Network_est approximate
2026-05-23T11:01:18.6960340Z,718,877,0,1779534078638,1779534078630000000,1779534078630000000,1779534078626000000,1779534078633000000,1779534078638000000,1779534078663000000,1779534078696000000,33.0000,7.0000,13.0000,33.0000,66.0000,14.69,T3-T5 on Isaac clock; Network_est approximate
2026-05-23T11:01:18.7617140Z,719,879,0,1779534078696,1779534078695000000,1779534078695000000,1779534078690000000,1779534078692000000,1779534078696000000,1779534078729000000,1779534078761000000,34.0000,2.0000,16.0000,32.0000,66.0000,14.23,T3-T5 on Isaac clock; Network_est approximate
2026-05-23T11:01:18.7941650Z,720,880,0,1779534078733,1779534078729000000,1779534078729000000,1779534078723000000,1779534078727000000,1779534078733000000,1779534078761000000,1779534078794000000,32.0000,4.0000,14.0000,33.0000,65.0000,13.59,T3-T5 on Isaac clock; Network_est approximate
2026-05-23T11:01:18.8271960Z,721,881,0,1779534078769,1779534078760000000,1779534078761000000,1779534078755000000,1779534078769000000,1779534078769000000,1779534078794000000,1779534078827000000,33.0000,14.0000,9.5000,33.0000,67.0000,12.93,T3-T5 on Isaac clock; Network_est approximate
2026-05-23T11:01:18.9003460Z,722,883,0,1779534078829,1779534078826000000,1779534078827000000,1779534078821000000,1779534078828000000,1779534078829000000,1779534078867000000,1779534078900000000,40.0000,7.0000,16.5000,33.0000,74.0000,12.93,T3-T5 on Isaac clock; Network_est approximate
2026-05-23T11:01:18.9400770Z,723,884,0,1779534078867,1779534078867000000,1779534078867000000,1779534078862000000,1779534078863000000,1779534078867000000,1779534078900000000,1779534078940000000,33.0000,1.0000,16.0000,40.0000,73.0000,12.24,T3-T5 on Isaac clock; Network_est approximate
2026-05-23T11:01:18.9715440Z,724,885,0,1779534078908,1779534078900000000,1779534078900000000,1779534078894000000,1779534078904000000,1779534078908000000,1779534078940000000,1779534078971000000,40.0000,10.0000,15.0000,31.0000,71.0000,12.06,T3-T5 on Isaac clock; Network_est approximate
2026-05-23T11:01:19.0439960Z,726,887,0,1779534079001,1779534078971000000,1779534078971000000,1779534078965000000,1779534078998000000,1779534079001000000,1779534079040000000,1779534079043000000,69.0000,33.0000,18.0000,3.0000,72.0000,12.60,T3-T5 on Isaac clock; Network_est approximate
2026-05-23T11:01:19.1117080Z,727,889,0,1779534079043,1779534079043000000,1779534079043000000,1779534079038000000,1779534079039000000,1779534079043000000,1779534079078000000,1779534079111000000,35.0000,1.0000,17.0000,33.0000,68.0000,13.41,T3-T5 on Isaac clock; Network_est approximate
2026-05-23T11:01:19.1476220Z,728,890,0,1779534079100,1779534079078000000,1779534079078000000,1779534079072000000,1779534079098000000,1779534079100000000,1779534079111000000,1779534079147000000,33.0000,26.0000,3.5000,36.0000,69.0000,13.88,T3-T5 on Isaac clock; Network_est approximate
2026-05-23T11:01:19.1797520Z,729,891,0,1779534079136,1779534079111000000,1779534079111000000,1779534079105000000,1779534079133000000,1779534079136000000,1779534079147000000,1779534079179000000,36.0000,28.0000,4.0000,32.0000,68.0000,13.25,T3-T5 on Isaac clock; Network_est approximate
2026-05-23T11:01:19.2449380Z,730,893,0,1779534079179,1779534079179000000,1779534079179000000,1779534079173000000,1779534079174000000,1779534079179000000,1779534079212000000,1779534079244000000,33.0000,1.0000,16.0000,32.0000,65.0000,13.81,T3-T5 on Isaac clock; Network_est approximate
2026-05-23T11:01:19.2777660Z,731,894,0,1779534079235,1779534079211000000,1779534079211000000,1779534079206000000,1779534079233000000,1779534079235000000,1779534079244000000,1779534079277000000,33.0000,27.0000,3.0000,33.0000,66.0000,14.39,T3-T5 on Isaac clock; Network_est approximate
2026-05-23T11:01:19.3436050Z,732,895,0,1779534079273,1779534079244000000,1779534079244000000,1779534079239000000,1779534079267000000,1779534079273000000,1779534079310000000,1779534079343000000,66.0000,28.0000,19.0000,33.0000,99.0000,15.23,T3-T5 on Isaac clock; Network_est approximate
2026-05-23T11:01:19.3849520Z,733,897,0,1779534079310,1779534079310000000,1779534079310000000,1779534079304000000,1779534079308000000,1779534079310000000,1779534079343000000,1779534079384000000,33.0000,4.0000,14.5000,41.0000,74.0000,14.54,T3-T5 on Isaac clock; Network_est approximate
2026-05-23T11:01:19.4542540Z,734,898,0,1779534079373,1779534079343000000,1779534079343000000,1779534079337000000,1779534079368000000,1779534079373000000,1779534079384000000,1779534079454000000,41.0000,31.0000,5.0000,70.0000,111.0000,14.04,T3-T5 on Isaac clock; Network_est approximate
2026-05-23T11:01:19.4581120Z,736,899,0,1779534079445,1779534079384000000,1779534079384000000,1779534079378000000,1779534079444000000,1779534079445000000,1779534079454000000,1779534079458000000,70.0000,66.0000,2.0000,4.0000,74.0000,17.42,T3-T5 on Isaac clock; Network_est approximate
2026-05-23T11:01:19.5554110Z,737,902,0,1779534079505,1779534079489000000,1779534079489000000,1779534079484000000,1779534079503000000,1779534079505000000,1779534079522000000,1779534079555000000,33.0000,19.0000,7.0000,33.0000,66.0000,18.66,T3-T5 on Isaac clock; Network_est approximate
2026-05-23T11:01:19.5884330Z,738,903,0,1779534079541,1779534079522000000,1779534079522000000,1779534079516000000,1779534079537000000,1779534079541000000,1779534079555000000,1779534079588000000,33.0000,21.0000,6.0000,33.0000,66.0000,17.68,T3-T5 on Isaac clock; Network_est approximate
2026-05-23T11:01:19.6535350Z,739,904,0,1779534079582,1779534079555000000,1779534079555000000,1779534079549000000,1779534079580000000,1779534079582000000,1779534079620000000,1779534079653000000,65.0000,31.0000,17.0000,33.0000,98.0000,18.08,T3-T5 on Isaac clock; Network_est approximate
2026-05-23T11:01:19.6860770Z,740,906,0,1779534079644,1779534079620000000,1779534079620000000,1779534079614000000,1779534079639000000,1779534079644000000,1779534079653000000,1779534079686000000,33.0000,25.0000,4.0000,33.0000,66.0000,18.79,T3-T5 on Isaac clock; Network_est approximate
2026-05-23T11:01:19.7190160Z,741,907,0,1779534079675,1779534079653000000,1779534079653000000,1779534079647000000,1779534079675000000,1779534079675000000,1779534079686000000,1779534079719000000,33.0000,28.0000,2.5000,33.0000,66.0000,17.74,T3-T5 on Isaac clock; Network_est approximate
2026-05-23T11:01:19.7845120Z,742,909,0,1779534079723,1779534079718000000,1779534079718000000,1779534079713000000,1779534079720000000,1779534079723000000,1779534079751000000,1779534079784000000,33.0000,7.0000,13.0000,33.0000,66.0000,17.72,T3-T5 on Isaac clock; Network_est approximate
2026-05-23T11:01:19.8508910Z,743,911,0,1779534079781,1779534079784000000,1779534079784000000,1779534079779000000,1779534079781000000,1779534079781000000,1779534079817000000,1779534079850000000,33.0000,2.0000,15.5000,33.0000,66.0000,17.10,T3-T5 on Isaac clock; Network_est approximate
2026-05-23T11:01:19.8922880Z,744,912,0,1779534079823,1779534079817000000,1779534079817000000,1779534079811000000,1779534079819000000,1779534079823000000,1779534079850000000,1779534079892000000,33.0000,8.0000,12.5000,42.0000,75.0000,16.05,T3-T5 on Isaac clock; Network_est approximate
2026-05-23T11:01:19.9230030Z,745,913,0,1779534079860,1779534079850000000,1779534079850000000,1779534079844000000,1779534079859000000,1779534079860000000,1779534079892000000,1779534079923000000,42.0000,15.0000,13.5000,31.0000,73.0000,15.43,T3-T5 on Isaac clock; Network_est approximate
2026-05-23T11:01:19.9951300Z,747,915,0,1779534079955,1779534079922000000,1779534079922000000,1779534079917000000,1779534079954000000,1779534079955000000,1779534079963000000,1779534079995000000,41.0000,37.0000,2.0000,32.0000,73.0000,15.90,T3-T5 on Isaac clock; Network_est approximate
2026-05-23T11:01:20.0976030Z,748,917,0,1779534079997,1779534079994000000,1779534079994000000,1779534079989000000,1779534079995000000,1779534079997000000,1779534080027000000,1779534080097000000,33.0000,6.0000,13.5000,70.0000,103.0000,18.68,T3-T5 on Isaac clock; Network_est approximate
2026-05-23T11:01:20.1008880Z,750,918,0,1779534080090,1779534080027000000,1779534080027000000,1779534080022000000,1779534080088000000,1779534080090000000,1779534080097000000,1779534080100000000,70.0000,66.0000,2.0000,3.0000,73.0000,23.12,T3-T5 on Isaac clock; Network_est approximate
2026-05-23T11:01:20.2012390Z,751,921,0,1779534080132,1779534080134000000,1779534080134000000,1779534080128000000,1779534080131000000,1779534080132000000,1779534080168000000,1779534080201000000,34.0000,3.0000,15.5000,33.0000,67.0000,25.32,T3-T5 on Isaac clock; Network_est approximate
2026-05-23T11:01:20.2338700Z,752,922,0,1779534080192,1779534080167000000,1779534080167000000,1779534080162000000,1779534080190000000,1779534080192000000,1779534080201000000,1779534080233000000,34.0000,28.0000,3.0000,32.0000,66.0000,25.45,T3-T5 on Isaac clock; Network_est approximate
2026-05-23T11:01:20.3000740Z,753,923,0,1779534080231,1779534080201000000,1779534080201000000,1779534080195000000,1779534080227000000,1779534080231000000,1779534080267000000,1779534080300000000,66.0000,32.0000,17.0000,33.0000,99.0000,25.55,T3-T5 on Isaac clock; Network_est approximate
2026-05-23T11:01:20.3324580Z,754,925,0,1779534080272,1779534080266000000,1779534080266000000,1779534080261000000,1779534080268000000,1779534080272000000,1779534080299000000,1779534080332000000,33.0000,7.0000,13.0000,33.0000,66.0000,24.48,T3-T5 on Isaac clock; Network_est approximate
2026-05-23T11:01:20.4061690Z,755,927,0,1779534080329,1779534080332000000,1779534080332000000,1779534080326000000,1779534080327000000,1779534080329000000,1779534080365000000,1779534080406000000,33.0000,1.0000,16.0000,41.0000,74.0000,23.99,T3-T5 on Isaac clock; Network_est approximate
2026-05-23T11:01:20.4765950Z,756,928,0,1779534080365,1779534080365000000,1779534080365000000,1779534080359000000,1779534080363000000,1779534080365000000,1779534080406000000,1779534080476000000,41.0000,4.0000,18.5000,70.0000,111.0000,24.65,T3-T5 on Isaac clock; Network_est approximate
2026-05-23T11:01:20.4801220Z,758,929,0,1779534080464,1779534080405000000,1779534080405000000,1779534080400000000,1779534080464000000,1779534080464000000,1779534080476000000,1779534080480000000,71.0000,64.0000,3.5000,4.0000,75.0000,29.07,T3-T5 on Isaac clock; Network_est approximate
2026-05-23T11:01:20.5446110Z,759,931,0,1779534080498,1779534080479000000,1779534080480000000,1779534080473000000,1779534080498000000,1779534080498000000,1779534080512000000,1779534080544000000,32.0000,25.0000,3.5000,32.0000,65.0000,29.16,T3-T5 on Isaac clock; Network_est approximate
2026-05-23T11:01:20.6101940Z,760,933,0,1779534080541,1779534080544000000,1779534080544000000,1779534080538000000,1779534080541000000,1779534080541000000,1779534080577000000,1779534080610000000,33.0000,3.0000,15.0000,33.0000,66.0000,28.75,T3-T5 on Isaac clock; Network_est approximate
2026-05-23T11:01:20.6755640Z,761,934,0,1779534080605,1779534080577000000,1779534080577000000,1779534080571000000,1779534080601000000,1779534080605000000,1779534080642000000,1779534080675000000,65.0000,30.0000,17.5000,33.0000,98.0000,27.03,T3-T5 on Isaac clock; Network_est approximate
2026-05-23T11:01:20.7085300Z,762,936,0,1779534080643,1779534080642000000,1779534080642000000,1779534080637000000,1779534080638000000,1779534080643000000,1779534080675000000,1779534080708000000,33.0000,1.0000,16.0000,33.0000,66.0000,25.66,T3-T5 on Isaac clock; Network_est approximate
2026-05-23T11:01:20.7413230Z,763,937,0,1779534080685,1779534080675000000,1779534080675000000,1779534080669000000,1779534080683000000,1779534080685000000,1779534080708000000,1779534080741000000,33.0000,14.0000,9.5000,33.0000,66.0000,24.63,T3-T5 on Isaac clock; Network_est approximate
2026-05-23T11:01:20.8071010Z,764,939,0,1779534080749,1779534080741000000,1779534080741000000,1779534080735000000,1779534080747000000,1779534080749000000,1779534080773000000,1779534080807000000,32.0000,12.0000,10.0000,34.0000,66.0000,23.19,T3-T5 on Isaac clock; Network_est approximate
2026-05-23T11:01:20.8392300Z,765,940,0,1779534080785,1779534080773000000,1779534080773000000,1779534080768000000,1779534080783000000,1779534080785000000,1779534080806000000,1779534080839000000,33.0000,15.0000,9.0000,33.0000,66.0000,21.97,T3-T5 on Isaac clock; Network_est approximate
2026-05-23T11:01:20.8726320Z,766,941,0,1779534080827,1779534080806000000,1779534080806000000,1779534080800000000,1779534080824000000,1779534080827000000,1779534080839000000,1779534080872000000,33.0000,24.0000,4.5000,33.0000,66.0000,21.15,T3-T5 on Isaac clock; Network_est approximate
2026-05-23T11:01:20.9452630Z,767,943,0,1779534080885,1779534080872000000,1779534080872000000,1779534080866000000,1779534080884000000,1779534080885000000,1779534080913000000,1779534080945000000,41.0000,18.0000,11.5000,32.0000,73.0000,20.73,T3-T5 on Isaac clock; Network_est approximate
2026-05-23T11:01:20.9852560Z,768,944,0,1779534080922,1779534080913000000,1779534080913000000,1779534080907000000,1779534080918000000,1779534080922000000,1779534080945000000,1779534080985000000,32.0000,11.0000,10.5000,40.0000,72.0000,19.65,T3-T5 on Isaac clock; Network_est approximate
2026-05-23T11:01:21.0170340Z,769,945,0,1779534080963,1779534080944000000,1779534080944000000,1779534080938000000,1779534080959000000,1779534080963000000,1779534080985000000,1779534081017000000,41.0000,21.0000,10.0000,32.0000,73.0000,19.00,T3-T5 on Isaac clock; Network_est approximate
2026-05-23T11:01:21.0821390Z,770,947,0,1779534081021,1779534081016000000,1779534081016000000,1779534081010000000,1779534081019000000,1779534081021000000,1779534081049000000,1779534081082000000,33.0000,9.0000,12.0000,33.0000,66.0000,18.25,T3-T5 on Isaac clock; Network_est approximate
2026-05-23T11:01:21.1151370Z,771,948,0,1779534081057,1779534081048000000,1779534081049000000,1779534081043000000,1779534081055000000,1779534081057000000,1779534081082000000,1779534081115000000,33.0000,12.0000,10.5000,33.0000,67.0000,17.30,T3-T5 on Isaac clock; Network_est approximate
2026-05-23T11:01:21.1877460Z,772,949,0,1779534081099,1779534081081000000,1779534081081000000,1779534081076000000,1779534081095000000,1779534081099000000,1779534081115000000,1779534081187000000,34.0000,19.0000,7.5000,72.0000,106.0000,18.13,T3-T5 on Isaac clock; Network_est approximate
2026-05-23T11:01:21.1909100Z,773,950,0,1779534081157,1779534081114000000,1779534081114000000,1779534081109000000,1779534081155000000,1779534081157000000,1779534081187000000,1779534081190000000,73.0000,46.0000,13.5000,3.0000,76.0000,20.43,T3-T5 on Isaac clock; Network_est approximate
2026-05-23T11:01:21.2577260Z,774,952,0,1779534081194,1779534081190000000,1779534081190000000,1779534081184000000,1779534081190000000,1779534081194000000,1779534081224000000,1779534081257000000,34.0000,6.0000,14.0000,33.0000,67.0000,21.02,T3-T5 on Isaac clock; Network_est approximate
2026-05-23T11:01:21.2909970Z,775,953,0,1779534081235,1779534081224000000,1779534081224000000,1779534081218000000,1779534081231000000,1779534081235000000,1779534081257000000,1779534081290000000,33.0000,13.0000,10.0000,33.0000,66.0000,20.19,T3-T5 on Isaac clock; Network_est approximate
2026-05-23T11:01:21.3566000Z,776,955,0,1779534081293,1779534081290000000,1779534081290000000,1779534081285000000,1779534081291000000,1779534081293000000,1779534081323000000,1779534081356000000,33.0000,6.0000,13.5000,33.0000,66.0000,19.40,T3-T5 on Isaac clock; Network_est approximate
2026-05-23T11:01:21.3893600Z,777,956,0,1779534081329,1779534081322000000,1779534081322000000,1779534081317000000,1779534081327000000,1779534081329000000,1779534081356000000,1779534081389000000,34.0000,10.0000,12.0000,33.0000,67.0000,18.39,T3-T5 on Isaac clock; Network_est approximate
2026-05-23T11:01:21.4310420Z,778,957,0,1779534081371,1779534081356000000,1779534081356000000,1779534081350000000,1779534081368000000,1779534081371000000,1779534081389000000,1779534081431000000,33.0000,18.0000,7.5000,42.0000,75.0000,17.26,T3-T5 on Isaac clock; Network_est approximate
2026-05-23T11:01:21.5021970Z,779,959,0,1779534081429,1779534081430000000,1779534081430000000,1779534081425000000,1779534081427000000,1779534081429000000,1779534081461000000,1779534081502000000,31.0000,2.0000,14.5000,41.0000,72.0000,17.00,T3-T5 on Isaac clock; Network_est approximate
2026-05-23T11:01:21.5336780Z,780,960,0,1779534081465,1779534081461000000,1779534081461000000,1779534081456000000,1779534081461000000,1779534081465000000,1779534081502000000,1779534081533000000,41.0000,5.0000,18.0000,31.0000,72.0000,16.22,T3-T5 on Isaac clock; Network_est approximate
2026-05-23T11:01:21.5660680Z,781,961,0,1779534081507,1779534081501000000,1779534081502000000,1779534081496000000,1779534081503000000,1779534081507000000,1779534081533000000,1779534081566000000,31.0000,7.0000,12.0000,33.0000,65.0000,15.81,T3-T5 on Isaac clock; Network_est approximate
2026-05-23T11:01:21.6314430Z,782,963,0,1779534081565,1779534081565000000,1779534081565000000,1779534081560000000,1779534081562000000,1779534081565000000,1779534081598000000,1779534081631000000,33.0000,2.0000,15.5000,33.0000,66.0000,15.28,T3-T5 on Isaac clock; Network_est approximate
2026-05-23T11:01:21.6644510Z,783,964,0,1779534081602,1779534081598000000,1779534081598000000,1779534081592000000,1779534081597000000,1779534081602000000,1779534081631000000,1779534081664000000,33.0000,5.0000,14.0000,33.0000,66.0000,14.57,T3-T5 on Isaac clock; Network_est approximate
2026-05-23T11:01:21.6971730Z,784,965,0,1779534081638,1779534081631000000,1779534081631000000,1779534081625000000,1779534081638000000,1779534081638000000,1779534081664000000,1779534081697000000,33.0000,13.0000,10.0000,33.0000,66.0000,13.87,T3-T5 on Isaac clock; Network_est approximate
2026-05-23T11:01:21.7620490Z,785,967,0,1779534081698,1779534081696000000,1779534081696000000,1779534081691000000,1779534081697000000,1779534081698000000,1779534081729000000,1779534081762000000,33.0000,6.0000,13.5000,33.0000,66.0000,13.31,T3-T5 on Isaac clock; Network_est approximate
2026-05-23T11:01:21.7951840Z,786,968,0,1779534081734,1779534081729000000,1779534081729000000,1779534081724000000,1779534081732000000,1779534081734000000,1779534081762000000,1779534081795000000,33.0000,8.0000,12.5000,33.0000,66.0000,12.65,T3-T5 on Isaac clock; Network_est approximate
2026-05-23T11:01:21.8277340Z,787,969,0,1779534081780,1779534081761000000,1779534081761000000,1779534081756000000,1779534081776000000,1779534081780000000,1779534081795000000,1779534081827000000,34.0000,20.0000,7.0000,32.0000,66.0000,12.70,T3-T5 on Isaac clock; Network_est approximate
2026-05-23T11:01:21.8931830Z,788,971,0,1779534081840,1779534081827000000,1779534081827000000,1779534081821000000,1779534081836000000,1779534081840000000,1779534081860000000,1779534081893000000,33.0000,15.0000,9.0000,33.0000,66.0000,12.24,T3-T5 on Isaac clock; Network_est approximate
2026-05-23T11:01:21.9685410Z,789,972,0,1779534081872,1779534081859000000,1779534081859000000,1779534081854000000,1779534081871000000,1779534081872000000,1779534081893000000,1779534081968000000,34.0000,17.0000,8.5000,75.0000,109.0000,14.16,T3-T5 on Isaac clock; Network_est approximate
2026-05-23T11:01:21.9754850Z,790,973,0,1779534081918,1779534081892000000,1779534081892000000,1779534081887000000,1779534081913000000,1779534081918000000,1779534081968000000,1779534081975000000,76.0000,26.0000,25.0000,7.0000,83.0000,15.74,T3-T5 on Isaac clock; Network_est approximate
2026-05-23T11:01:22.0476610Z,791,975,0,1779534081976,1779534081974000000,1779534081974000000,1779534081968000000,1779534081973000000,1779534081976000000,1779534082007000000,1779534082047000000,33.0000,5.0000,14.0000,40.0000,73.0000,15.70,T3-T5 on Isaac clock; Network_est approximate
2026-05-23T11:01:22.0784970Z,792,976,0,1779534082008,1779534082007000000,1779534082007000000,1779534082001000000,1779534082007000000,1779534082008000000,1779534082047000000,1779534082078000000,40.0000,6.0000,17.0000,31.0000,71.0000,14.79,T3-T5 on Isaac clock; Network_est approximate
2026-05-23T11:01:22.1114650Z,793,977,0,1779534082049,1779534082047000000,1779534082047000000,1779534082041000000,1779534082048000000,1779534082049000000,1779534082078000000,1779534082111000000,31.0000,7.0000,12.0000,33.0000,64.0000,14.36,T3-T5 on Isaac clock; Network_est approximate
2026-05-23T11:01:22.1768180Z,794,979,0,1779534082111,1779534082111000000,1779534082111000000,1779534082105000000,1779534082108000000,1779534082111000000,1779534082143000000,1779534082176000000,32.0000,3.0000,14.5000,33.0000,65.0000,13.67,T3-T5 on Isaac clock; Network_est approximate
2026-05-23T11:01:22.2452910Z,795,980,0,1779534082149,1779534082143000000,1779534082143000000,1779534082138000000,1779534082144000000,1779534082149000000,1779534082176000000,1779534082245000000,33.0000,6.0000,13.5000,69.0000,102.0000,14.73,T3-T5 on Isaac clock; Network_est approximate
2026-05-23T11:01:22.2485680Z,796,981,0,1779534082186,1779534082176000000,1779534082176000000,1779534082171000000,1779534082186000000,1779534082186000000,1779534082245000000,1779534082248000000,69.0000,15.0000,27.0000,3.0000,72.0000,15.91,T3-T5 on Isaac clock; Network_est approximate
2026-05-23T11:01:22.3151320Z,797,983,0,1779534082249,1779534082248000000,1779534082248000000,1779534082242000000,1779534082245000000,1779534082249000000,1779534082281000000,1779534082315000000,33.0000,3.0000,15.0000,34.0000,67.0000,15.13,T3-T5 on Isaac clock; Network_est approximate
2026-05-23T11:01:22.3483600Z,798,984,0,1779534082281,1779534082281000000,1779534082281000000,1779534082276000000,1779534082281000000,1779534082281000000,1779534082315000000,1779534082348000000,34.0000,5.0000,14.5000,33.0000,67.0000,14.27,T3-T5 on Isaac clock; Network_est approximate
2026-05-23T11:01:22.3826000Z,799,985,0,1779534082328,1779534082314000000,1779534082314000000,1779534082309000000,1779534082325000000,1779534082328000000,1779534082348000000,1779534082382000000,34.0000,16.0000,9.0000,34.0000,68.0000,14.25,T3-T5 on Isaac clock; Network_est approximate
2026-05-23T11:01:22.4569400Z,801,987,0,1779534082421,1779534082381000000,1779534082381000000,1779534082376000000,1779534082419000000,1779534082421000000,1779534082453000000,1779534082456000000,72.0000,43.0000,14.5000,3.0000,75.0000,14.45,T3-T5 on Isaac clock; Network_est approximate
2026-05-23T11:01:22.5295280Z,802,989,0,1779534082464,1779534082456000000,1779534082456000000,1779534082450000000,1779534082460000000,1779534082464000000,1779534082488000000,1779534082529000000,32.0000,10.0000,11.0000,41.0000,73.0000,15.40,T3-T5 on Isaac clock; Network_est approximate
2026-05-23T11:01:22.5601000Z,803,990,0,1779534082521,1779534082488000000,1779534082488000000,1779534082483000000,1779534082520000000,1779534082521000000,1779534082529000000,1779534082560000000,41.0000,37.0000,2.0000,31.0000,72.0000,16.08,T3-T5 on Isaac clock; Network_est approximate
2026-05-23T11:01:22.6260180Z,804,992,0,1779534082558,1779534082559000000,1779534082560000000,1779534082554000000,1779534082555000000,1779534082558000000,1779534082593000000,1779534082626000000,33.0000,1.0000,16.0000,33.0000,67.0000,16.88,T3-T5 on Isaac clock; Network_est approximate
2026-05-23T11:01:22.6590930Z,805,993,0,1779534082599,1779534082592000000,1779534082592000000,1779534082587000000,1779534082596000000,1779534082599000000,1779534082625000000,1779534082659000000,33.0000,9.0000,12.0000,34.0000,67.0000,16.33,T3-T5 on Isaac clock; Network_est approximate
2026-05-23T11:01:22.7242410Z,806,995,0,1779534082657,1779534082658000000,1779534082658000000,1779534082653000000,1779534082656000000,1779534082657000000,1779534082691000000,1779534082724000000,33.0000,3.0000,15.0000,33.0000,66.0000,15.76,T3-T5 on Isaac clock; Network_est approximate
2026-05-23T11:01:22.7567520Z,807,996,0,1779534082693,1779534082691000000,1779534082691000000,1779534082685000000,1779534082691000000,1779534082693000000,1779534082724000000,1779534082756000000,33.0000,6.0000,13.5000,32.0000,65.0000,15.00,T3-T5 on Isaac clock; Network_est approximate
2026-05-23T11:01:22.7892010Z,808,997,0,1779534082734,1779534082724000000,1779534082724000000,1779534082718000000,1779534082731000000,1779534082734000000,1779534082756000000,1779534082789000000,32.0000,13.0000,9.5000,33.0000,65.0000,14.59,T3-T5 on Isaac clock; Network_est approximate
2026-05-23T11:01:22.8544100Z,809,999,0,1779534082793,1779534082789000000,1779534082789000000,1779534082783000000,1779534082791000000,1779534082793000000,1779534082821000000,1779534082854000000,32.0000,8.0000,12.0000,33.0000,65.0000,14.07,T3-T5 on Isaac clock; Network_est approximate
2026-05-23T11:01:22.8875640Z,810,1000,0,1779534082830,1779534082821000000,1779534082821000000,1779534082815000000,1779534082825000000,1779534082830000000,1779534082854000000,1779534082887000000,33.0000,10.0000,11.5000,33.0000,66.0000,13.43,T3-T5 on Isaac clock; Network_est approximate
2026-05-23T11:01:22.9206150Z,811,1001,0,1779534082866,1779534082854000000,1779534082854000000,1779534082848000000,1779534082866000000,1779534082866000000,1779534082887000000,1779534082920000000,33.0000,18.0000,7.5000,33.0000,66.0000,12.78,T3-T5 on Isaac clock; Network_est approximate
2026-05-23T11:01:22.9939060Z,812,1003,0,1779534082929,1779534082920000000,1779534082920000000,1779534082914000000,1779534082925000000,1779534082929000000,1779534082961000000,1779534082993000000,41.0000,11.0000,15.0000,32.0000,73.0000,12.63,T3-T5 on Isaac clock; Network_est approximate
2026-05-23T11:01:23.0350650Z,813,1004,0,1779534082960,1779534082961000000,1779534082961000000,1779534082956000000,1779534082959000000,1779534082960000000,1779534082993000000,1779534083035000000,32.0000,3.0000,14.5000,42.0000,74.0000,12.47,T3-T5 on Isaac clock; Network_est approximate
2026-05-23T11:01:23.0662110Z,814,1005,0,1779534083001,1779534082993000000,1779534082993000000,1779534082987000000,1779534083000000000,1779534083001000000,1779534083034000000,1779534083066000000,41.0000,13.0000,14.0000,32.0000,73.0000,12.32,T3-T5 on Isaac clock; Network_est approximate
2026-05-23T11:01:23.1344460Z,815,1006,0,1779534083063,1779534083034000000,1779534083034000000,1779534083029000000,1779534083059000000,1779534083063000000,1779534083098000000,1779534083134000000,64.0000,30.0000,17.0000,36.0000,100.0000,11.97,T3-T5 on Isaac clock; Network_est approximate
2026-05-23T11:01:23.1669920Z,816,1008,0,1779534083101,1779534083098000000,1779534083098000000,1779534083092000000,1779534083099000000,1779534083101000000,1779534083134000000,1779534083166000000,36.0000,7.0000,14.5000,32.0000,68.0000,11.56,T3-T5 on Isaac clock; Network_est approximate
2026-05-23T11:01:23.1990550Z,817,1009,0,1779534083142,1779534083134000000,1779534083134000000,1779534083128000000,1779534083141000000,1779534083142000000,1779534083166000000,1779534083199000000,32.0000,13.0000,9.5000,33.0000,65.0000,11.39,T3-T5 on Isaac clock; Network_est approximate
2026-05-23T11:01:23.2641080Z,818,1011,0,1779534083201,1779534083198000000,1779534083198000000,1779534083193000000,1779534083201000000,1779534083201000000,1779534083231000000,1779534083264000000,33.0000,8.0000,12.5000,33.0000,66.0000,11.06,T3-T5 on Isaac clock; Network_est approximate
2026-05-23T11:01:23.3326710Z,819,1012,0,1779534083238,1779534083231000000,1779534083231000000,1779534083225000000,1779534083235000000,1779534083238000000,1779534083264000000,1779534083332000000,33.0000,10.0000,11.5000,68.0000,101.0000,12.34,T3-T5 on Isaac clock; Network_est approximate
2026-05-23T11:01:23.3360690Z,820,1013,0,1779534083280,1779534083263000000,1779534083263000000,1779534083258000000,1779534083277000000,1779534083280000000,1779534083332000000,1779534083336000000,69.0000,19.0000,25.0000,4.0000,73.0000,13.98,T3-T5 on Isaac clock; Network_est approximate
2026-05-23T11:01:23.4024740Z,821,1015,0,1779534083339,1779534083335000000,1779534083335000000,1779534083330000000,1779534083336000000,1779534083339000000,1779534083369000000,1779534083402000000,34.0000,6.0000,14.0000,33.0000,67.0000,13.56,T3-T5 on Isaac clock; Network_est approximate
2026-05-23T11:01:23.4754660Z,822,1016,0,1779534083375,1779534083368000000,1779534083369000000,1779534083363000000,1779534083371000000,1779534083375000000,1779534083402000000,1779534083475000000,33.0000,8.0000,12.5000,73.0000,107.0000,15.02,T3-T5 on Isaac clock; Network_est approximate
2026-05-23T11:01:23.4793220Z,823,1017,0,1779534083416,1779534083402000000,1779534083402000000,1779534083396000000,1779534083414000000,1779534083416000000,1779534083475000000,1779534083479000000,73.0000,18.0000,27.5000,4.0000,77.0000,16.40,T3-T5 on Isaac clock; Network_est approximate
2026-05-23T11:01:23.5512870Z,824,1019,0,1779534083473,1779534083479000000,1779534083479000000,1779534083473000000,1779534083473000000,1779534083473000000,1779534083510000000,1779534083551000000,31.0000,0.0000,15.5000,41.0000,72.0000,16.31,T3-T5 on Isaac clock; Network_est approximate
2026-05-23T11:01:23.5824390Z,825,1020,0,1779534083509,1779534083510000000,1779534083510000000,1779534083505000000,1779534083507000000,1779534083509000000,1779534083551000000,1779534083582000000,41.0000,2.0000,19.5000,31.0000,72.0000,15.59,T3-T5 on Isaac clock; Network_est approximate
2026-05-23T11:01:23.6150350Z,826,1021,0,1779534083550,1779534083551000000,1779534083551000000,1779534083545000000,1779534083550000000,1779534083550000000,1779534083582000000,1779534083615000000,31.0000,5.0000,13.0000,33.0000,64.0000,15.14,T3-T5 on Isaac clock; Network_est approximate
2026-05-23T11:01:23.6806480Z,827,1022,0,1779534083613,1779534083582000000,1779534083582000000,1779534083576000000,1779534083608000000,1779534083613000000,1779534083647000000,1779534083680000000,65.0000,32.0000,16.5000,33.0000,98.0000,14.35,T3-T5 on Isaac clock; Network_est approximate
2026-05-23T11:01:23.7129720Z,828,1024,0,1779534083645,1779534083647000000,1779534083647000000,1779534083642000000,1779534083643000000,1779534083645000000,1779534083680000000,1779534083712000000,33.0000,1.0000,16.0000,32.0000,65.0000,13.48,T3-T5 on Isaac clock; Network_est approximate
2026-05-23T11:01:23.7457300Z,829,1025,0,1779534083687,1779534083680000000,1779534083680000000,1779534083674000000,1779534083684000000,1779534083687000000,1779534083712000000,1779534083745000000,32.0000,10.0000,11.0000,33.0000,65.0000,13.21,T3-T5 on Isaac clock; Network_est approximate
2026-05-23T11:01:23.8109260Z,830,1027,0,1779534083748,1779534083745000000,1779534083745000000,1779534083739000000,1779534083743000000,1779534083748000000,1779534083778000000,1779534083810000000,33.0000,4.0000,14.5000,32.0000,65.0000,12.64,T3-T5 on Isaac clock; Network_est approximate
2026-05-23T11:01:23.8436740Z,831,1028,0,1779534083779,1779534083778000000,1779534083778000000,1779534083772000000,1779534083778000000,1779534083779000000,1779534083810000000,1779534083843000000,32.0000,6.0000,13.0000,33.0000,65.0000,11.96,T3-T5 on Isaac clock; Network_est approximate
2026-05-23T11:01:23.8766720Z,832,1029,0,1779534083821,1779534083810000000,1779534083810000000,1779534083804000000,1779534083820000000,1779534083821000000,1779534083843000000,1779534083876000000,33.0000,16.0000,8.5000,33.0000,66.0000,11.77,T3-T5 on Isaac clock; Network_est approximate
2026-05-23T11:01:23.9423640Z,833,1031,0,1779534083883,1779534083876000000,1779534083876000000,1779534083870000000,1779534083880000000,1779534083883000000,1779534083909000000,1779534083942000000,33.0000,10.0000,11.5000,33.0000,66.0000,11.26,T3-T5 on Isaac clock; Network_est approximate
2026-05-23T11:01:23.9758600Z,834,1032,0,1779534083915,1779534083908000000,1779534083909000000,1779534083903000000,1779534083914000000,1779534083915000000,1779534083942000000,1779534083975000000,33.0000,11.0000,11.0000,33.0000,67.0000,10.66,T3-T5 on Isaac clock; Network_est approximate
2026-05-23T11:01:24.0167990Z,835,1033,0,1779534083956,1779534083942000000,1779534083942000000,1779534083936000000,1779534083955000000,1779534083956000000,1779534083975000000,1779534084016000000,33.0000,19.0000,7.0000,41.0000,74.0000,9.99,T3-T5 on Isaac clock; Network_est approximate
2026-05-23T11:01:24.0904060Z,837,1035,0,1779534084052,1779534084016000000,1779534084016000000,1779534084010000000,1779534084049000000,1779534084052000000,1779534084086000000,1779534084090000000,70.0000,39.0000,15.5000,4.0000,74.0000,10.77,T3-T5 on Isaac clock; Network_est approximate
2026-05-23T11:01:24.1551530Z,838,1037,0,1779534084095,1779534084090000000,1779534084090000000,1779534084084000000,1779534084091000000,1779534084095000000,1779534084122000000,1779534084155000000,32.0000,7.0000,12.5000,33.0000,65.0000,11.46,T3-T5 on Isaac clock; Network_est approximate
2026-05-23T11:01:24.2211190Z,840,1039,0,1779534084186,1779534084155000000,1779534084155000000,1779534084149000000,1779534084185000000,1779534084186000000,1779534084194000000,1779534084221000000,39.0000,36.0000,1.5000,27.0000,66.0000,12.32,T3-T5 on Isaac clock; Network_est approximate
2026-05-23T11:01:24.2866880Z,841,1041,0,1779534084228,1779534084220000000,1779534084220000000,1779534084215000000,1779534084225000000,1779534084228000000,1779534084253000000,1779534084286000000,33.0000,10.0000,11.5000,33.0000,66.0000,13.02,T3-T5 on Isaac clock; Network_est approximate
2026-05-23T11:01:24.3519920Z,842,1043,0,1779534084286,1779534084286000000,1779534084286000000,1779534084280000000,1779534084284000000,1779534084286000000,1779534084318000000,1779534084351000000,32.0000,4.0000,14.0000,33.0000,65.0000,12.66,T3-T5 on Isaac clock; Network_est approximate
2026-05-23T11:01:24.4212960Z,843,1044,0,1779534084323,1779534084318000000,1779534084318000000,1779534084313000000,1779534084319000000,1779534084323000000,1779534084351000000,1779534084421000000,33.0000,6.0000,13.5000,70.0000,103.0000,13.89,T3-T5 on Isaac clock; Network_est approximate
2026-05-23T11:01:24.4245570Z,844,1045,0,1779534084360,1779534084351000000,1779534084351000000,1779534084346000000,1779534084360000000,1779534084360000000,1779534084421000000,1779534084424000000,70.0000,14.0000,28.0000,3.0000,73.0000,15.13,T3-T5 on Isaac clock; Network_est approximate
2026-05-23T11:01:24.5003020Z,845,1046,0,1779534084422,1779534084421000000,1779534084421000000,1779534084415000000,1779534084418000000,1779534084422000000,1779534084458000000,1779534084500000000,37.0000,3.0000,17.0000,42.0000,79.0000,15.04,T3-T5 on Isaac clock; Network_est approximate
2026-05-23T11:01:24.5715560Z,846,1047,0,1779534084454,1779534084424000000,1779534084424000000,1779534084418000000,1779534084452000000,1779534084454000000,1779534084500000000,1779534084571000000,76.0000,34.0000,21.0000,71.0000,147.0000,16.55,T3-T5 on Isaac clock; Network_est approximate
2026-05-23T11:01:24.5752850Z,848,1049,0,1779534084556,1779534084500000000,1779534084500000000,1779534084494000000,1779534084552000000,1779534084556000000,1779534084571000000,1779534084575000000,71.0000,58.0000,6.5000,4.0000,75.0000,21.64,T3-T5 on Isaac clock; Network_est approximate
2026-05-23T11:01:24.6508950Z,849,1051,0,1779534084589,1779534084575000000,1779534084575000000,1779534084569000000,1779534084589000000,1779534084589000000,1779534084612000000,1779534084650000000,37.0000,20.0000,8.5000,38.0000,75.0000,22.94,T3-T5 on Isaac clock; Network_est approximate
2026-05-23T11:01:24.6867140Z,850,1052,0,1779534084632,1779534084612000000,1779534084612000000,1779534084606000000,1779534084629000000,1779534084632000000,1779534084650000000,1779534084686000000,38.0000,23.0000,7.5000,36.0000,74.0000,21.95,T3-T5 on Isaac clock; Network_est approximate
2026-05-23T11:01:24.7603220Z,851,1054,0,1779534084688,1779534084686000000,1779534084686000000,1779534084682000000,1779534084688000000,1779534084688000000,1779534084723000000,1779534084760000000,37.0000,6.0000,15.5000,37.0000,74.0000,21.68,T3-T5 on Isaac clock; Network_est approximate
2026-05-23T11:01:24.7961620Z,852,1055,0,1779534084725,1779534084722000000,1779534084722000000,1779534084717000000,1779534084722000000,1779534084725000000,1779534084760000000,1779534084796000000,38.0000,5.0000,16.5000,36.0000,74.0000,20.40,T3-T5 on Isaac clock; Network_est approximate
2026-05-23T11:01:24.8321560Z,853,1056,0,1779534084767,1779534084760000000,1779534084760000000,1779534084754000000,1779534084763000000,1779534084767000000,1779534084796000000,1779534084832000000,36.0000,9.0000,13.5000,36.0000,72.0000,19.49,T3-T5 on Isaac clock; Network_est approximate
2026-05-23T11:01:24.8645490Z,854,1057,0,1779534084824,1779534084795000000,1779534084795000000,1779534084790000000,1779534084823000000,1779534084824000000,1779534084832000000,1779534084864000000,37.0000,33.0000,2.0000,32.0000,69.0000,19.81,T3-T5 on Isaac clock; Network_est approximate
2026-05-23T11:01:24.9300400Z,855,1058,0,1779534084861,1779534084831000000,1779534084831000000,1779534084826000000,1779534084858000000,1779534084861000000,1779534084897000000,1779534084930000000,66.0000,32.0000,17.0000,33.0000,99.0000,20.35,T3-T5 on Isaac clock; Network_est approximate
2026-05-23T11:01:24.9634150Z,856,1060,0,1779534084903,1779534084897000000,1779534084897000000,1779534084891000000,1779534084899000000,1779534084903000000,1779534084929000000,1779534084963000000,32.0000,8.0000,12.0000,34.0000,66.0000,19.62,T3-T5 on Isaac clock; Network_est approximate
2026-05-23T11:01:25.0394150Z,858,1062,0,1779534084996,1779534084963000000,1779534084963000000,1779534084957000000,1779534084993000000,1779534084996000000,1779534085035000000,1779534085039000000,72.0000,36.0000,18.0000,4.0000,76.0000,19.45,T3-T5 on Isaac clock; Network_est approximate
2026-05-23T11:01:25.1138610Z,859,1064,0,1779534085038,1779534085039000000,1779534085039000000,1779534085033000000,1779534085034000000,1779534085038000000,1779534085072000000,1779534085113000000,33.0000,1.0000,16.0000,41.0000,74.0000,20.26,T3-T5 on Isaac clock; Network_est approximate
2026-05-23T11:01:25.1486400Z,860,1065,0,1779534085096,1779534085072000000,1779534085072000000,1779534085066000000,1779534085094000000,1779534085096000000,1779534085113000000,1779534085148000000,41.0000,28.0000,6.5000,35.0000,76.0000,20.45,T3-T5 on Isaac clock; Network_est approximate
2026-05-23T11:01:25.1812540Z,861,1066,0,1779534085132,1779534085113000000,1779534085113000000,1779534085107000000,1779534085130000000,1779534085132000000,1779534085148000000,1779534085181000000,35.0000,23.0000,6.0000,33.0000,68.0000,19.39,T3-T5 on Isaac clock; Network_est approximate
2026-05-23T11:01:25.2466070Z,862,1067,0,1779534085174,1779534085148000000,1779534085148000000,1779534085142000000,1779534085171000000,1779534085174000000,1779534085214000000,1779534085246000000,66.0000,29.0000,18.5000,32.0000,98.0000,19.65,T3-T5 on Isaac clock; Network_est approximate
2026-05-23T11:01:25.3150420Z,863,1069,0,1779534085232,1779534085213000000,1779534085213000000,1779534085207000000,1779534085231000000,1779534085232000000,1779534085246000000,1779534085315000000,33.0000,24.0000,4.5000,69.0000,102.0000,19.07,T3-T5 on Isaac clock; Network_est approximate
2026-05-23T11:01:25.3187450Z,864,1070,0,1779534085269,1779534085246000000,1779534085246000000,1779534085240000000,1779534085266000000,1779534085269000000,1779534085314000000,1779534085318000000,68.0000,26.0000,21.0000,4.0000,72.0000,19.96,T3-T5 on Isaac clock; Network_est approximate
2026-05-23T11:01:25.3521110Z,865,1070,0,1779534085311,1779534085246000000,1779534085246000000,1779534085240000000,1779534085308000000,1779534085311000000,1779534085318000000,1779534085352000000,72.0000,68.0000,2.0000,34.0000,106.0000,19.25,T3-T5 on Isaac clock; Network_est approximate
2026-05-23T11:01:25.4190770Z,866,1073,0,1779534085369,1779534085351000000,1779534085351000000,1779534085346000000,1779534085369000000,1779534085369000000,1779534085385000000,1779534085419000000,34.0000,23.0000,5.5000,34.0000,68.0000,18.61,T3-T5 on Isaac clock; Network_est approximate
2026-05-23T11:01:25.4516820Z,867,1074,0,1779534085412,1779534085385000000,1779534085385000000,1779534085379000000,1779534085407000000,1779534085412000000,1779534085419000000,1779534085451000000,34.0000,28.0000,3.0000,32.0000,66.0000,18.10,T3-T5 on Isaac clock; Network_est approximate
2026-05-23T11:01:25.5184050Z,868,1076,0,1779534085448,1779534085451000000,1779534085451000000,1779534085445000000,1779534085448000000,1779534085448000000,1779534085484000000,1779534085518000000,33.0000,3.0000,15.0000,34.0000,67.0000,18.88,T3-T5 on Isaac clock; Network_est approximate
2026-05-23T11:01:25.5593590Z,869,1077,0,1779534085511,1779534085484000000,1779534085484000000,1779534085478000000,1779534085508000000,1779534085511000000,1779534085518000000,1779534085559000000,34.0000,30.0000,2.0000,41.0000,75.0000,19.08,T3-T5 on Isaac clock; Network_est approximate
2026-05-23T11:01:25.5904150Z,870,1078,0,1779534085546,1779534085518000000,1779534085518000000,1779534085512000000,1779534085543000000,1779534085546000000,1779534085559000000,1779534085590000000,41.0000,31.0000,5.0000,31.0000,72.0000,18.13,T3-T5 on Isaac clock; Network_est approximate
2026-05-23T11:01:25.6621920Z,871,1080,0,1779534085588,1779534085590000000,1779534085590000000,1779534085584000000,1779534085584000000,1779534085588000000,1779534085630000000,1779534085662000000,40.0000,0.0000,20.0000,32.0000,72.0000,18.86,T3-T5 on Isaac clock; Network_est approximate
2026-05-23T11:01:25.6948620Z,872,1081,0,1779534085645,1779534085630000000,1779534085630000000,1779534085625000000,1779534085645000000,1779534085645000000,1779534085662000000,1779534085694000000,32.0000,20.0000,6.0000,32.0000,64.0000,19.20,T3-T5 on Isaac clock; Network_est approximate
2026-05-23T11:01:25.7274760Z,873,1082,0,1779534085683,1779534085661000000,1779534085661000000,1779534085656000000,1779534085680000000,1779534085683000000,1779534085694000000,1779534085727000000,33.0000,24.0000,4.5000,33.0000,66.0000,18.34,T3-T5 on Isaac clock; Network_est approximate
2026-05-23T11:01:25.7926130Z,874,1083,0,1779534085725,1779534085694000000,1779534085694000000,1779534085688000000,1779534085721000000,1779534085725000000,1779534085759000000,1779534085792000000,65.0000,33.0000,16.0000,33.0000,98.0000,18.63,T3-T5 on Isaac clock; Network_est approximate
2026-05-23T11:01:25.8251760Z,875,1085,0,1779534085781,1779534085759000000,1779534085759000000,1779534085754000000,1779534085780000000,1779534085781000000,1779534085792000000,1779534085825000000,33.0000,26.0000,3.5000,33.0000,66.0000,18.93,T3-T5 on Isaac clock; Network_est approximate
2026-05-23T11:01:25.8902970Z,876,1086,0,1779534085818,1779534085792000000,1779534085792000000,1779534085786000000,1779534085815000000,1779534085818000000,1779534085857000000,1779534085890000000,65.0000,29.0000,18.0000,33.0000,98.0000,19.51,T3-T5 on Isaac clock; Network_est approximate
2026-05-23T11:01:25.9234260Z,877,1088,0,1779534085862,1779534085857000000,1779534085857000000,1779534085852000000,1779534085857000000,1779534085862000000,1779534085890000000,1779534085923000000,33.0000,5.0000,14.0000,33.0000,66.0000,18.97,T3-T5 on Isaac clock; Network_est approximate
2026-05-23T11:01:25.9899990Z,878,1090,0,1779534085921,1779534085923000000,1779534085923000000,1779534085917000000,1779534085918000000,1779534085921000000,1779534085955000000,1779534085989000000,32.0000,1.0000,15.5000,34.0000,66.0000,18.25,T3-T5 on Isaac clock; Network_est approximate
2026-05-23T11:01:26.0301420Z,879,1091,0,1779534085954,1779534085955000000,1779534085955000000,1779534085949000000,1779534085952000000,1779534085954000000,1779534085989000000,1779534086030000000,34.0000,3.0000,15.5000,41.0000,75.0000,17.56,T3-T5 on Isaac clock; Network_est approximate
2026-05-23T11:01:26.0612250Z,880,1092,0,1779534085996,1779534085989000000,1779534085989000000,1779534085983000000,1779534085994000000,1779534085996000000,1779534086030000000,1779534086061000000,41.0000,11.0000,15.0000,31.0000,72.0000,17.14,T3-T5 on Isaac clock; Network_est approximate
2026-05-23T11:01:26.0946100Z,881,1093,0,1779534086053,1779534086029000000,1779534086029000000,1779534086024000000,1779534086053000000,1779534086053000000,1779534086061000000,1779534086094000000,32.0000,29.0000,1.5000,33.0000,65.0000,17.54,T3-T5 on Isaac clock; Network_est approximate
2026-05-23T11:01:26.1664210Z,882,1095,0,1779534086090,1779534086094000000,1779534086094000000,1779534086088000000,1779534086089000000,1779534086090000000,1779534086135000000,1779534086166000000,41.0000,1.0000,20.0000,31.0000,72.0000,18.62,T3-T5 on Isaac clock; Network_est approximate
2026-05-23T11:01:26.1988560Z,883,1096,0,1779534086132,1779534086134000000,1779534086135000000,1779534086129000000,1779534086129000000,1779534086132000000,1779534086166000000,1779534086198000000,31.0000,0.0000,15.5000,32.0000,64.0000,18.06,T3-T5 on Isaac clock; Network_est approximate
2026-05-23T11:01:26.2315820Z,884,1097,0,1779534086189,1779534086166000000,1779534086166000000,1779534086160000000,1779534086188000000,1779534086189000000,1779534086198000000,1779534086231000000,32.0000,28.0000,2.0000,33.0000,65.0000,18.45,T3-T5 on Isaac clock; Network_est approximate
2026-05-23T11:01:26.2978460Z,885,1098,0,1779534086226,1779534086198000000,1779534086198000000,1779534086192000000,1779534086223000000,1779534086226000000,1779534086264000000,1779534086297000000,66.0000,31.0000,17.5000,33.0000,99.0000,19.10,T3-T5 on Isaac clock; Network_est approximate
2026-05-23T11:01:26.3298670Z,886,1100,0,1779534086268,1779534086264000000,1779534086264000000,1779534086258000000,1779534086264000000,1779534086268000000,1779534086297000000,1779534086329000000,33.0000,6.0000,13.5000,32.0000,65.0000,18.51,T3-T5 on Isaac clock; Network_est approximate
2026-05-23T11:01:26.3954160Z,887,1102,0,1779534086330,1779534086329000000,1779534086329000000,1779534086323000000,1779534086324000000,1779534086330000000,1779534086362000000,1779534086395000000,33.0000,1.0000,16.0000,33.0000,66.0000,17.59,T3-T5 on Isaac clock; Network_est approximate
2026-05-23T11:01:26.4279090Z,888,1103,0,1779534086361,1779534086362000000,1779534086362000000,1779534086356000000,1779534086361000000,1779534086361000000,1779534086395000000,1779534086427000000,33.0000,5.0000,14.0000,32.0000,65.0000,16.57,T3-T5 on Isaac clock; Network_est approximate
2026-05-23T11:01:26.4602120Z,889,1104,0,1779534086409,1779534086395000000,1779534086395000000,1779534086389000000,1779534086405000000,1779534086409000000,1779534086427000000,1779534086460000000,32.0000,16.0000,8.0000,33.0000,65.0000,16.52,T3-T5 on Isaac clock; Network_est approximate
2026-05-23T11:01:26.5653050Z,890,1106,0,1779534086463,1779534086460000000,1779534086460000000,1779534086454000000,1779534086463000000,1779534086463000000,1779534086493000000,1779534086565000000,33.0000,9.0000,12.0000,72.0000,105.0000,18.67,T3-T5 on Isaac clock; Network_est approximate
2026-05-23T11:01:26.6106390Z,892,1107,0,1779534086542,1779534086493000000,1779534086493000000,1779534086487000000,1779534086538000000,1779534086542000000,1779534086565000000,1779534086610000000,72.0000,51.0000,10.5000,45.0000,117.0000,19.61,T3-T5 on Isaac clock; Network_est approximate
2026-05-23T11:01:26.6145770Z,893,1108,0,1779534086601,1779534086565000000,1779534086565000000,1779534086559000000,1779534086596000000,1779534086601000000,1779534086610000000,1779534086614000000,45.0000,37.0000,4.0000,4.0000,49.0000,21.82,T3-T5 on Isaac clock; Network_est approximate
2026-05-23T11:01:26.6812380Z,894,1110,0,1779534086633,1779534086614000000,1779534086614000000,1779534086608000000,1779534086631000000,1779534086633000000,1779534086648000000,1779534086681000000,34.0000,23.0000,5.5000,33.0000,67.0000,22.62,T3-T5 on Isaac clock; Network_est approximate
2026-05-23T11:01:26.7467770Z,895,1111,0,1779534086675,1779534086647000000,1779534086647000000,1779534086642000000,1779534086672000000,1779534086675000000,1779534086714000000,1779534086746000000,67.0000,30.0000,18.5000,32.0000,99.0000,22.68,T3-T5 on Isaac clock; Network_est approximate
2026-05-23T11:01:26.7797910Z,896,1113,0,1779534086732,1779534086713000000,1779534086713000000,1779534086708000000,1779534086731000000,1779534086732000000,1779534086746000000,1779534086779000000,33.0000,23.0000,5.0000,33.0000,66.0000,22.77,T3-T5 on Isaac clock; Network_est approximate
2026-05-23T11:01:26.8117840Z,897,1114,0,1779534086768,1779534086746000000,1779534086746000000,1779534086740000000,1779534086765000000,1779534086768000000,1779534086779000000,1779534086811000000,33.0000,25.0000,4.0000,32.0000,65.0000,21.59,T3-T5 on Isaac clock; Network_est approximate
2026-05-23T11:01:26.8776510Z,898,1116,0,1779534086810,1779534086811000000,1779534086811000000,1779534086806000000,1779534086806000000,1779534086810000000,1779534086844000000,1779534086877000000,33.0000,0.0000,16.5000,33.0000,66.0000,21.73,T3-T5 on Isaac clock; Network_est approximate
2026-05-23T11:01:26.9105290Z,899,1117,0,1779534086867,1779534086843000000,1779534086844000000,1779534086838000000,1779534086865000000,1779534086867000000,1779534086877000000,1779534086910000000,33.0000,27.0000,3.0000,33.0000,67.0000,21.88,T3-T5 on Isaac clock; Network_est approximate
2026-05-23T11:01:26.9747260Z,900,1118,0,1779534086908,1779534086877000000,1779534086877000000,1779534086871000000,1779534086903000000,1779534086908000000,1779534086942000000,1779534086974000000,65.0000,32.0000,16.5000,32.0000,97.0000,21.97,T3-T5 on Isaac clock; Network_est approximate
2026-05-23T11:01:27.0078420Z,901,1120,0,1779534086944,1779534086941000000,1779534086941000000,1779534086936000000,1779534086943000000,1779534086944000000,1779534086974000000,1779534087007000000,33.0000,7.0000,13.0000,33.0000,66.0000,20.78,T3-T5 on Isaac clock; Network_est approximate
2026-05-23T11:01:27.0835920Z,903,1122,0,1779534087038,1779534087007000000,1779534087007000000,1779534087002000000,1779534087037000000,1779534087038000000,1779534087079000000,1779534087083000000,72.0000,35.0000,18.5000,4.0000,76.0000,20.62,T3-T5 on Isaac clock; Network_est approximate
2026-05-23T11:01:27.1597970Z,904,1124,0,1779534087080,1779534087083000000,1779534087083000000,1779534087077000000,1779534087080000000,1779534087080000000,1779534087116000000,1779534087159000000,33.0000,3.0000,15.0000,43.0000,76.0000,21.46,T3-T5 on Isaac clock; Network_est approximate
2026-05-23T11:01:27.1904970Z,905,1125,0,1779534087144,1779534087115000000,1779534087115000000,1779534087110000000,1779534087139000000,1779534087144000000,1779534087159000000,1779534087190000000,44.0000,29.0000,7.5000,31.0000,75.0000,22.20,T3-T5 on Isaac clock; Network_est approximate
2026-05-23T11:01:27.2228050Z,906,1126,0,1779534087175,1779534087159000000,1779534087159000000,1779534087153000000,1779534087175000000,1779534087175000000,1779534087190000000,1779534087222000000,31.0000,22.0000,4.5000,32.0000,63.0000,20.90,T3-T5 on Isaac clock; Network_est approximate
2026-05-23T11:01:27.2881210Z,907,1127,0,1779534087217,1779534087190000000,1779534087190000000,1779534087184000000,1779534087216000000,1779534087217000000,1779534087255000000,1779534087288000000,65.0000,32.0000,16.5000,33.0000,98.0000,21.05,T3-T5 on Isaac clock; Network_est approximate
2026-05-23T11:01:27.3204670Z,908,1129,0,1779534087278,1779534087254000000,1779534087254000000,1779534087249000000,1779534087275000000,1779534087278000000,1779534087288000000,1779534087320000000,34.0000,26.0000,4.0000,32.0000,66.0000,21.53,T3-T5 on Isaac clock; Network_est approximate
2026-05-23T11:01:27.3860720Z,909,1130,0,1779534087315,1779534087287000000,1779534087287000000,1779534087282000000,1779534087310000000,1779534087315000000,1779534087352000000,1779534087386000000,65.0000,28.0000,18.5000,34.0000,99.0000,21.95,T3-T5 on Isaac clock; Network_est approximate
2026-05-23T11:01:27.4185900Z,910,1132,0,1779534087356,1779534087352000000,1779534087352000000,1779534087346000000,1779534087352000000,1779534087356000000,1779534087386000000,1779534087418000000,34.0000,6.0000,14.0000,32.0000,66.0000,21.08,T3-T5 on Isaac clock; Network_est approximate
2026-05-23T11:01:27.5196420Z,911,1133,0,1779534087414,1779534087385000000,1779534087385000000,1779534087379000000,1779534087412000000,1779534087414000000,1779534087451000000,1779534087519000000,66.0000,33.0000,16.5000,68.0000,134.0000,22.45,T3-T5 on Isaac clock; Network_est approximate
2026-05-23T11:01:27.5232160Z,913,1135,0,1779534087491,1779534087451000000,1779534087451000000,1779534087445000000,1779534087489000000,1779534087491000000,1779534087519000000,1779534087523000000,68.0000,44.0000,12.0000,4.0000,72.0000,25.63,T3-T5 on Isaac clock; Network_est approximate
2026-05-23T11:01:27.5970740Z,914,1137,0,1779534087549,1779534087522000000,1779534087522000000,1779534087517000000,1779534087548000000,1779534087549000000,1779534087556000000,1779534087597000000,34.0000,31.0000,1.5000,41.0000,75.0000,25.02,T3-T5 on Isaac clock; Network_est approximate
2026-05-23T11:01:27.6684070Z,915,1138,0,1779534087585,1779534087556000000,1779534087556000000,1779534087550000000,1779534087584000000,1779534087585000000,1779534087596000000,1779534087668000000,40.0000,34.0000,3.0000,72.0000,112.0000,25.67,T3-T5 on Isaac clock; Network_est approximate
2026-05-23T11:01:27.6716840Z,916,1139,0,1779534087626,1779534087596000000,1779534087596000000,1779534087590000000,1779534087624000000,1779534087626000000,1779534087668000000,1779534087671000000,72.0000,34.0000,19.0000,3.0000,75.0000,26.42,T3-T5 on Isaac clock; Network_est approximate
2026-05-23T11:01:27.7376420Z,917,1141,0,1779534087685,1779534087671000000,1779534087671000000,1779534087665000000,1779534087684000000,1779534087685000000,1779534087703000000,1779534087737000000,32.0000,19.0000,6.5000,34.0000,66.0000,25.20,T3-T5 on Isaac clock; Network_est approximate
2026-05-23T11:01:27.7697490Z,918,1142,0,1779534087722,1779534087703000000,1779534087703000000,1779534087697000000,1779534087719000000,1779534087722000000,1779534087737000000,1779534087769000000,34.0000,22.0000,6.0000,32.0000,66.0000,23.93,T3-T5 on Isaac clock; Network_est approximate
2026-05-23T11:01:27.8349670Z,919,1143,0,1779534087763,1779534087737000000,1779534087737000000,1779534087731000000,1779534087759000000,1779534087763000000,1779534087802000000,1779534087834000000,65.0000,28.0000,18.5000,32.0000,97.0000,23.95,T3-T5 on Isaac clock; Network_est approximate
2026-05-23T11:01:27.8680630Z,920,1145,0,1779534087821,1779534087802000000,1779534087802000000,1779534087796000000,1779534087818000000,1779534087821000000,1779534087834000000,1779534087868000000,32.0000,22.0000,5.0000,34.0000,66.0000,24.01,T3-T5 on Isaac clock; Network_est approximate
2026-05-23T11:01:27.9004010Z,921,1146,0,1779534087858,1779534087834000000,1779534087834000000,1779534087829000000,1779534087853000000,1779534087858000000,1779534087868000000,1779534087900000000,34.0000,24.0000,5.0000,32.0000,66.0000,22.80,T3-T5 on Isaac clock; Network_est approximate
2026-05-23T11:01:27.9655830Z,922,1148,0,1779534087899,1779534087900000000,1779534087900000000,1779534087894000000,1779534087897000000,1779534087899000000,1779534087932000000,1779534087965000000,32.0000,3.0000,14.5000,33.0000,65.0000,22.89,T3-T5 on Isaac clock; Network_est approximate
2026-05-23T11:01:28.0314280Z,923,1149,0,1779534087961,1779534087932000000,1779534087932000000,1779534087927000000,1779534087957000000,1779534087961000000,1779534087998000000,1779534088031000000,66.0000,30.0000,18.0000,33.0000,99.0000,21.69,T3-T5 on Isaac clock; Network_est approximate
2026-05-23T11:01:28.0648380Z,924,1151,0,1779534087999,1779534087998000000,1779534087998000000,1779534087994000000,1779534087995000000,1779534087999000000,1779534088031000000,1779534088064000000,33.0000,1.0000,16.0000,33.0000,66.0000,20.62,T3-T5 on Isaac clock; Network_est approximate
2026-05-23T11:01:28.1051950Z,925,1152,0,1779534088042,1779534088031000000,1779534088031000000,1779534088025000000,1779534088037000000,1779534088042000000,1779534088064000000,1779534088105000000,33.0000,12.0000,10.5000,41.0000,74.0000,19.49,T3-T5 on Isaac clock; Network_est approximate
2026-05-23T11:01:28.1771410Z,926,1153,0,1779534088098,1779534088064000000,1779534088064000000,1779534088058000000,1779534088095000000,1779534088098000000,1779534088136000000,1779534088177000000,72.0000,37.0000,17.5000,41.0000,113.0000,19.27,T3-T5 on Isaac clock; Network_est approximate
2026-05-23T11:01:28.2081260Z,927,1155,0,1779534088135,1779534088136000000,1779534088136000000,1779534088130000000,1779534088135000000,1779534088135000000,1779534088177000000,1779534088208000000,41.0000,5.0000,18.0000,31.0000,72.0000,18.44,T3-T5 on Isaac clock; Network_est approximate
2026-05-23T11:01:28.2411610Z,928,1156,0,1779534088178,1779534088176000000,1779534088176000000,1779534088171000000,1779534088175000000,1779534088178000000,1779534088208000000,1779534088241000000,32.0000,4.0000,14.0000,33.0000,65.0000,17.91,T3-T5 on Isaac clock; Network_est approximate
2026-05-23T11:01:28.3061450Z,929,1157,0,1779534088236,1779534088207000000,1779534088207000000,1779534088202000000,1779534088234000000,1779534088236000000,1779534088273000000,1779534088306000000,66.0000,32.0000,17.0000,33.0000,99.0000,17.23,T3-T5 on Isaac clock; Network_est approximate
2026-05-23T11:01:28.3391590Z,930,1159,0,1779534088272,1779534088273000000,1779534088273000000,1779534088268000000,1779534088269000000,1779534088272000000,1779534088306000000,1779534088339000000,33.0000,1.0000,16.0000,33.0000,66.0000,16.34,T3-T5 on Isaac clock; Network_est approximate
2026-05-23T11:01:28.3716510Z,931,1160,0,1779534088313,1779534088305000000,1779534088306000000,1779534088300000000,1779534088311000000,1779534088313000000,1779534088339000000,1779534088371000000,33.0000,11.0000,11.0000,32.0000,66.0000,15.85,T3-T5 on Isaac clock; Network_est approximate
2026-05-23T11:01:28.4373640Z,932,1162,0,1779534088375,1779534088371000000,1779534088371000000,1779534088365000000,1779534088371000000,1779534088375000000,1779534088404000000,1779534088437000000,33.0000,6.0000,13.5000,33.0000,66.0000,15.08,T3-T5 on Isaac clock; Network_est approximate
2026-05-23T11:01:28.4702480Z,933,1163,0,1779534088406,1779534088404000000,1779534088404000000,1779534088398000000,1779534088406000000,1779534088406000000,1779534088437000000,1779534088470000000,33.0000,8.0000,12.5000,33.0000,66.0000,14.24,T3-T5 on Isaac clock; Network_est approximate
2026-05-23T11:01:28.5026740Z,934,1164,0,1779534088448,1779534088437000000,1779534088437000000,1779534088431000000,1779534088448000000,1779534088448000000,1779534088470000000,1779534088502000000,33.0000,17.0000,8.0000,32.0000,65.0000,13.92,T3-T5 on Isaac clock; Network_est approximate
2026-05-23T11:01:28.6141380Z,935,1166,0,1779534088511,1779534088502000000,1779534088502000000,1779534088497000000,1779534088508000000,1779534088511000000,1779534088535000000,1779534088614000000,33.0000,11.0000,11.0000,79.0000,112.0000,16.08,T3-T5 on Isaac clock; Network_est approximate
2026-05-23T11:01:28.6180900Z,937,1167,0,1779534088589,1779534088535000000,1779534088535000000,1779534088529000000,1779534088584000000,1779534088589000000,1779534088614000000,1779534088618000000,79.0000,55.0000,12.0000,4.0000,83.0000,19.70,T3-T5 on Isaac clock; Network_est approximate
2026-05-23T11:01:28.6931200Z,938,1169,0,1779534088643,1779534088617000000,1779534088617000000,1779534088612000000,1779534088643000000,1779534088643000000,1779534088651000000,1779534088693000000,34.0000,31.0000,1.5000,42.0000,76.0000,19.78,T3-T5 on Isaac clock; Network_est approximate
2026-05-23T11:01:28.7245290Z,939,1170,0,1779534088680,1779534088651000000,1779534088651000000,1779534088645000000,1779534088679000000,1779534088680000000,1779534088693000000,1779534088724000000,42.0000,34.0000,4.0000,31.0000,73.0000,18.89,T3-T5 on Isaac clock; Network_est approximate
2026-05-23T11:01:28.7904650Z,940,1172,0,1779534088722,1779534088724000000,1779534088724000000,1779534088718000000,1779534088719000000,1779534088722000000,1779534088757000000,1779534088790000000,33.0000,1.0000,16.0000,33.0000,66.0000,19.21,T3-T5 on Isaac clock; Network_est approximate
2026-05-23T11:01:28.8226780Z,941,1173,0,1779534088781,1779534088757000000,1779534088757000000,1779534088751000000,1779534088779000000,1779534088781000000,1779534088790000000,1779534088822000000,33.0000,28.0000,2.5000,32.0000,65.0000,19.68,T3-T5 on Isaac clock; Network_est approximate
2026-05-23T11:01:28.8884680Z,942,1174,0,1779534088817,1779534088790000000,1779534088790000000,1779534088784000000,1779534088814000000,1779534088817000000,1779534088855000000,1779534088888000000,65.0000,30.0000,17.5000,33.0000,98.0000,20.31,T3-T5 on Isaac clock; Network_est approximate
2026-05-23T11:01:28.9214340Z,943,1176,0,1779534088859,1779534088855000000,1779534088855000000,1779534088849000000,1779534088856000000,1779534088859000000,1779534088888000000,1779534088921000000,33.0000,7.0000,13.0000,33.0000,66.0000,19.61,T3-T5 on Isaac clock; Network_est approximate
2026-05-23T11:01:28.9870050Z,944,1178,0,1779534088916,1779534088921000000,1779534088921000000,1779534088915000000,1779534088916000000,1779534088916000000,1779534088953000000,1779534088987000000,32.0000,1.0000,15.5000,34.0000,66.0000,18.92,T3-T5 on Isaac clock; Network_est approximate
2026-05-23T11:01:29.0192050Z,945,1179,0,1779534088958,1779534088953000000,1779534088953000000,1779534088947000000,1779534088953000000,1779534088958000000,1779534088986000000,1779534089019000000,33.0000,6.0000,13.5000,33.0000,66.0000,18.35,T3-T5 on Isaac clock; Network_est approximate
2026-05-23T11:01:29.0523420Z,946,1180,0,1779534088999,1779534088986000000,1779534088986000000,1779534088981000000,1779534088998000000,1779534088999000000,1779534089019000000,1779534089052000000,33.0000,17.0000,8.0000,33.0000,66.0000,17.70,T3-T5 on Isaac clock; Network_est approximate
2026-05-23T11:01:29.1298780Z,947,1182,0,1779534089057,1779534089052000000,1779534089052000000,1779534089046000000,1779534089057000000,1779534089057000000,1779534089086000000,1779534089129000000,34.0000,11.0000,11.5000,43.0000,77.0000,17.81,T3-T5 on Isaac clock; Network_est approximate
2026-05-23T11:01:29.1615610Z,948,1183,0,1779534089094,1779534089085000000,1779534089085000000,1779534089080000000,1779534089091000000,1779534089094000000,1779534089129000000,1779534089161000000,44.0000,11.0000,16.5000,32.0000,76.0000,17.02,T3-T5 on Isaac clock; Network_est approximate
2026-05-23T11:01:29.2020390Z,949,1184,0,1779534089136,1779534089129000000,1779534089129000000,1779534089123000000,1779534089132000000,1779534089136000000,1779534089161000000,1779534089202000000,32.0000,9.0000,11.5000,41.0000,73.0000,16.05,T3-T5 on Isaac clock; Network_est approximate
2026-05-23T11:01:29.2659210Z,950,1185,0,1779534089196,1779534089161000000,1779534089161000000,1779534089155000000,1779534089191000000,1779534089196000000,1779534089233000000,1779534089265000000,72.0000,36.0000,18.0000,32.0000,104.0000,15.29,T3-T5 on Isaac clock; Network_est approximate
2026-05-23T11:01:29.2988520Z,951,1186,0,1779534089227,1779534089201000000,1779534089201000000,1779534089196000000,1779534089226000000,1779534089227000000,1779534089265000000,1779534089298000000,64.0000,30.0000,17.0000,33.0000,97.0000,14.46,T3-T5 on Isaac clock; Network_est approximate
2026-05-23T11:01:29.3311090Z,952,1188,0,1779534089270,1779534089265000000,1779534089265000000,1779534089260000000,1779534089267000000,1779534089270000000,1779534089298000000,1779534089331000000,33.0000,7.0000,13.0000,33.0000,66.0000,14.22,T3-T5 on Isaac clock; Network_est approximate
2026-05-23T11:01:29.3967080Z,953,1190,0,1779534089328,1779534089330000000,1779534089331000000,1779534089325000000,1779534089326000000,1779534089328000000,1779534089363000000,1779534089396000000,32.0000,1.0000,15.5000,33.0000,66.0000,13.81,T3-T5 on Isaac clock; Network_est approximate
2026-05-23T11:01:29.4291070Z,954,1191,0,1779534089364,1779534089363000000,1779534089363000000,1779534089358000000,1779534089361000000,1779534089364000000,1779534089396000000,1779534089429000000,33.0000,3.0000,15.0000,33.0000,66.0000,13.17,T3-T5 on Isaac clock; Network_est approximate
2026-05-23T11:01:29.4618350Z,955,1192,0,1779534089406,1779534089396000000,1779534089396000000,1779534089390000000,1779534089401000000,1779534089406000000,1779534089429000000,1779534089461000000,33.0000,11.0000,11.0000,32.0000,65.0000,12.92,T3-T5 on Isaac clock; Network_est approximate
2026-05-23T11:01:29.5273550Z,956,1194,0,1779534089463,1779534089461000000,1779534089461000000,1779534089455000000,1779534089461000000,1779534089463000000,1779534089494000000,1779534089527000000,33.0000,6.0000,13.5000,33.0000,66.0000,12.64,T3-T5 on Isaac clock; Network_est approximate
2026-05-23T11:01:29.5604690Z,957,1195,0,1779534089499,1779534089494000000,1779534089494000000,1779534089488000000,1779534089497000000,1779534089499000000,1779534089527000000,1779534089560000000,33.0000,9.0000,12.0000,33.0000,66.0000,12.05,T3-T5 on Isaac clock; Network_est approximate
2026-05-23T11:01:29.5934250Z,958,1196,0,1779534089540,1779534089527000000,1779534089527000000,1779534089521000000,1779534089539000000,1779534089540000000,1779534089560000000,1779534089593000000,33.0000,18.0000,7.5000,33.0000,66.0000,11.78,T3-T5 on Isaac clock; Network_est approximate
2026-05-23T11:01:29.7095380Z,959,1198,0,1779534089601,1779534089593000000,1779534089593000000,1779534089587000000,1779534089598000000,1779534089601000000,1779534089634000000,1779534089709000000,41.0000,11.0000,15.0000,75.0000,116.0000,14.48,T3-T5 on Isaac clock; Network_est approximate
2026-05-23T11:01:29.7134120Z,961,1199,0,1779534089679,1779534089634000000,1779534089634000000,1779534089628000000,1779534089675000000,1779534089679000000,1779534089709000000,1779534089713000000,75.0000,47.0000,14.0000,4.0000,79.0000,18.20,T3-T5 on Isaac clock; Network_est approximate
2026-05-23T11:01:29.8132690Z,962,1201,0,1779534089743,1779534089713000000,1779534089713000000,1779534089707000000,1779534089739000000,1779534089743000000,1779534089779000000,1779534089813000000,66.0000,32.0000,17.0000,34.0000,100.0000,19.31,T3-T5 on Isaac clock; Network_est approximate
2026-05-23T11:01:29.8459100Z,963,1203,0,1779534089779,1779534089779000000,1779534089779000000,1779534089774000000,1779534089775000000,1779534089779000000,1779534089813000000,1779534089845000000,34.0000,1.0000,16.5000,32.0000,66.0000,18.31,T3-T5 on Isaac clock; Network_est approximate
2026-05-23T11:01:29.8788690Z,964,1204,0,1779534089820,1779534089813000000,1779534089813000000,1779534089807000000,1779534089816000000,1779534089820000000,1779534089845000000,1779534089878000000,32.0000,9.0000,11.5000,33.0000,65.0000,17.67,T3-T5 on Isaac clock; Network_est approximate
2026-05-23T11:01:29.9438660Z,965,1206,0,1779534089877,1779534089878000000,1779534089878000000,1779534089872000000,1779534089875000000,1779534089877000000,1779534089911000000,1779534089943000000,33.0000,3.0000,15.0000,32.0000,65.0000,17.06,T3-T5 on Isaac clock; Network_est approximate
2026-05-23T11:01:29.9766900Z,966,1207,0,1779534089913,1779534089910000000,1779534089910000000,1779534089905000000,1779534089911000000,1779534089913000000,1779534089943000000,1779534089976000000,33.0000,6.0000,13.5000,33.0000,66.0000,16.19,T3-T5 on Isaac clock; Network_est approximate
2026-05-23T11:01:30.0093290Z,967,1208,0,1779534089955,1779534089943000000,1779534089943000000,1779534089937000000,1779534089953000000,1779534089955000000,1779534089976000000,1779534090009000000,33.0000,16.0000,8.5000,33.0000,66.0000,15.76,T3-T5 on Isaac clock; Network_est approximate
2026-05-23T11:01:30.0751020Z,968,1210,0,1779534090013,1779534090009000000,1779534090009000000,1779534090003000000,1779534090011000000,1779534090013000000,1779534090042000000,1779534090075000000,33.0000,8.0000,12.5000,33.0000,66.0000,15.26,T3-T5 on Isaac clock; Network_est approximate
2026-05-23T11:01:30.1165120Z,969,1211,0,1779534090049,1779534090041000000,1779534090042000000,1779534090036000000,1779534090046000000,1779534090049000000,1779534090075000000,1779534090116000000,33.0000,10.0000,11.5000,41.0000,75.0000,14.64,T3-T5 on Isaac clock; Network_est approximate
2026-05-23T11:01:30.1474380Z,970,1212,0,1779534090090,1779534090074000000,1779534090074000000,1779534090069000000,1779534090087000000,1779534090090000000,1779534090116000000,1779534090147000000,42.0000,18.0000,12.0000,31.0000,73.0000,14.35,T3-T5 on Isaac clock; Network_est approximate
2026-05-23T11:01:30.2126400Z,971,1214,0,1779534090147,1779534090147000000,1779534090147000000,1779534090141000000,1779534090146000000,1779534090147000000,1779534090180000000,1779534090212000000,33.0000,5.0000,14.0000,32.0000,65.0000,13.96,T3-T5 on Isaac clock; Network_est approximate
2026-05-23T11:01:30.2455930Z,972,1215,0,1779534090183,1779534090179000000,1779534090180000000,1779534090174000000,1779534090180000000,1779534090183000000,1779534090212000000,1779534090245000000,32.0000,6.0000,13.0000,33.0000,66.0000,13.28,T3-T5 on Isaac clock; Network_est approximate
2026-05-23T11:01:30.2783510Z,973,1216,0,1779534090224,1779534090212000000,1779534090212000000,1779534090207000000,1779534090221000000,1779534090224000000,1779534090245000000,1779534090278000000,33.0000,14.0000,9.5000,33.0000,66.0000,12.97,T3-T5 on Isaac clock; Network_est approximate
2026-05-23T11:01:30.3434880Z,974,1218,0,1779534090282,1779534090278000000,1779534090278000000,1779534090272000000,1779534090281000000,1779534090282000000,1779534090311000000,1779534090343000000,33.0000,9.0000,12.0000,32.0000,65.0000,12.60,T3-T5 on Isaac clock; Network_est approximate
2026-05-23T11:01:30.3765390Z,975,1219,0,1779534090319,1779534090310000000,1779534090310000000,1779534090305000000,1779534090315000000,1779534090319000000,1779534090343000000,1779534090376000000,33.0000,10.0000,11.5000,33.0000,66.0000,12.06,T3-T5 on Isaac clock; Network_est approximate
2026-05-23T11:01:30.4089050Z,976,1220,0,1779534090361,1779534090343000000,1779534090343000000,1779534090337000000,1779534090358000000,1779534090361000000,1779534090376000000,1779534090408000000,33.0000,21.0000,6.0000,32.0000,65.0000,11.91,T3-T5 on Isaac clock; Network_est approximate
2026-05-23T11:01:30.4743170Z,977,1222,0,1779534090419,1779534090408000000,1779534090408000000,1779534090404000000,1779534090417000000,1779534090419000000,1779534090441000000,1779534090474000000,33.0000,13.0000,10.0000,33.0000,66.0000,11.63,T3-T5 on Isaac clock; Network_est approximate
2026-05-23T11:01:30.5072370Z,978,1223,0,1779534090456,1779534090441000000,1779534090441000000,1779534090435000000,1779534090452000000,1779534090456000000,1779534090474000000,1779534090507000000,33.0000,17.0000,8.0000,33.0000,66.0000,11.15,T3-T5 on Isaac clock; Network_est approximate
2026-05-23T11:01:30.5392360Z,979,1224,0,1779534090498,1779534090474000000,1779534090474000000,1779534090468000000,1779534090493000000,1779534090498000000,1779534090507000000,1779534090539000000,33.0000,25.0000,4.0000,32.0000,65.0000,11.08,T3-T5 on Isaac clock; Network_est approximate
2026-05-23T11:01:30.6059000Z,980,1226,0,1779534090556,1779534090539000000,1779534090539000000,1779534090533000000,1779534090553000000,1779534090556000000,1779534090572000000,1779534090605000000,33.0000,20.0000,6.5000,33.0000,66.0000,10.92,T3-T5 on Isaac clock; Network_est approximate
2026-05-23T11:01:30.6466310Z,981,1227,0,1779534090591,1779534090572000000,1779534090572000000,1779534090566000000,1779534090587000000,1779534090591000000,1779534090605000000,1779534090646000000,33.0000,21.0000,6.0000,41.0000,74.0000,10.58,T3-T5 on Isaac clock; Network_est approximate
2026-05-23T11:01:30.6777130Z,982,1228,0,1779534090633,1779534090605000000,1779534090605000000,1779534090599000000,1779534090629000000,1779534090633000000,1779534090646000000,1779534090677000000,41.0000,30.0000,5.5000,31.0000,72.0000,10.58,T3-T5 on Isaac clock; Network_est approximate
2026-05-23T11:01:30.7856890Z,983,1230,0,1779534090693,1779534090677000000,1779534090677000000,1779534090671000000,1779534090691000000,1779534090693000000,1779534090710000000,1779534090785000000,33.0000,20.0000,6.5000,75.0000,108.0000,12.91,T3-T5 on Isaac clock; Network_est approximate
2026-05-23T11:01:30.7890380Z,985,1231,0,1779534090770,1779534090710000000,1779534090710000000,1779534090704000000,1779534090767000000,1779534090770000000,1779534090785000000,1779534090789000000,75.0000,63.0000,6.0000,4.0000,79.0000,16.71,T3-T5 on Isaac clock; Network_est approximate
2026-05-23T11:01:30.8892630Z,986,1234,0,1779534090828,1779534090822000000,1779534090822000000,1779534090816000000,1779534090827000000,1779534090828000000,1779534090855000000,1779534090889000000,33.0000,11.0000,11.0000,34.0000,67.0000,18.30,T3-T5 on Isaac clock; Network_est approximate
2026-05-23T11:01:30.9216870Z,987,1235,0,1779534090864,1779534090855000000,1779534090855000000,1779534090849000000,1779534090861000000,1779534090864000000,1779534090889000000,1779534090921000000,34.0000,12.0000,11.0000,32.0000,66.0000,17.38,T3-T5 on Isaac clock; Network_est approximate
2026-05-23T11:01:30.9542200Z,988,1236,0,1779534090906,1779534090889000000,1779534090889000000,1779534090883000000,1779534090903000000,1779534090906000000,1779534090921000000,1779534090954000000,32.0000,20.0000,6.0000,33.0000,65.0000,16.88,T3-T5 on Isaac clock; Network_est approximate
2026-05-23T11:01:31.0192850Z,989,1238,0,1779534090965,1779534090954000000,1779534090954000000,1779534090948000000,1779534090962000000,1779534090965000000,1779534090986000000,1779534091019000000,32.0000,14.0000,9.0000,33.0000,65.0000,16.21,T3-T5 on Isaac clock; Network_est approximate
2026-05-23T11:01:31.0519340Z,990,1239,0,1779534091001,1779534090986000000,1779534090986000000,1779534090980000000,1779534091001000000,1779534091001000000,1779534091019000000,1779534091051000000,33.0000,21.0000,6.0000,32.0000,65.0000,15.41,T3-T5 on Isaac clock; Network_est approximate
2026-05-23T11:01:31.0849220Z,991,1240,0,1779534091044,1779534091019000000,1779534091019000000,1779534091013000000,1779534091042000000,1779534091044000000,1779534091051000000,1779534091084000000,32.0000,29.0000,1.5000,33.0000,65.0000,15.07,T3-T5 on Isaac clock; Network_est approximate
2026-05-23T11:01:31.1617960Z,992,1242,0,1779534091106,1779534091084000000,1779534091084000000,1779534091078000000,1779534091102000000,1779534091106000000,1779534091117000000,1779534091161000000,33.0000,24.0000,4.5000,44.0000,77.0000,15.06,T3-T5 on Isaac clock; Network_est approximate
2026-05-23T11:01:31.1930500Z,993,1243,0,1779534091137,1779534091117000000,1779534091117000000,1779534091111000000,1779534091137000000,1779534091137000000,1779534091161000000,1779534091193000000,44.0000,26.0000,9.0000,32.0000,76.0000,14.14,T3-T5 on Isaac clock; Network_est approximate
2026-05-23T11:01:31.2326980Z,994,1244,0,1779534091179,1779534091161000000,1779534091161000000,1779534091155000000,1779534091177000000,1779534091179000000,1779534091192000000,1779534091232000000,31.0000,22.0000,4.5000,40.0000,71.0000,13.40,T3-T5 on Isaac clock; Network_est approximate
2026-05-23T11:01:31.2971400Z,995,1246,0,1779534091240,1779534091232000000,1779534091232000000,1779534091226000000,1779534091236000000,1779534091240000000,1779534091264000000,1779534091297000000,32.0000,10.0000,11.0000,33.0000,65.0000,12.77,T3-T5 on Isaac clock; Network_est approximate
2026-05-23T11:01:31.3294480Z,996,1247,0,1779534091272,1779534091263000000,1779534091263000000,1779534091258000000,1779534091271000000,1779534091272000000,1779534091297000000,1779534091329000000,34.0000,13.0000,10.5000,32.0000,66.0000,11.99,T3-T5 on Isaac clock; Network_est approximate
2026-05-23T11:01:31.3622620Z,997,1248,0,1779534091314,1779534091296000000,1779534091296000000,1779534091291000000,1779534091313000000,1779534091314000000,1779534091329000000,1779534091362000000,33.0000,22.0000,5.5000,33.0000,66.0000,11.81,T3-T5 on Isaac clock; Network_est approximate
2026-05-23T11:01:31.4274230Z,998,1250,0,1779534091376,1779534091362000000,1779534091362000000,1779534091356000000,1779534091373000000,1779534091376000000,1779534091394000000,1779534091427000000,32.0000,17.0000,7.5000,33.0000,65.0000,11.26,T3-T5 on Isaac clock; Network_est approximate
2026-05-23T11:01:31.4597430Z,999,1251,0,1779534091409,1779534091394000000,1779534091394000000,1779534091388000000,1779534091407000000,1779534091409000000,1779534091427000000,1779534091459000000,33.0000,19.0000,7.0000,32.0000,65.0000,10.58,T3-T5 on Isaac clock; Network_est approximate
2026-05-23T11:01:31.4994990Z,1000,1252,0,1779534091450,1779534091427000000,1779534091427000000,1779534091421000000,1779534091448000000,1779534091450000000,1779534091459000000,1779534091499000000,32.0000,27.0000,2.5000,40.0000,72.0000,10.01,T3-T5 on Isaac clock; Network_est approximate
2026-05-23T11:01:31.5581080Z,1001,1254,0,1779534091513,1779534091499000000,1779534091499000000,1779534091493000000,1779534091509000000,1779534091513000000,1779534091525000000,1779534091558000000,26.0000,16.0000,5.0000,33.0000,59.0000,9.65,T3-T5 on Isaac clock; Network_est approximate
2026-05-23T11:01:31.5903200Z,1002,1255,0,1779534091545,1779534091525000000,1779534091525000000,1779534091519000000,1779534091544000000,1779534091545000000,1779534091558000000,1779534091590000000,33.0000,25.0000,4.0000,32.0000,65.0000,9.05,T3-T5 on Isaac clock; Network_est approximate
2026-05-23T11:01:31.6564770Z,1003,1257,0,1779534091587,1779534091590000000,1779534091590000000,1779534091584000000,1779534091586000000,1779534091587000000,1779534091622000000,1779534091656000000,32.0000,2.0000,15.0000,34.0000,66.0000,9.99,T3-T5 on Isaac clock; Network_est approximate
2026-05-23T11:01:31.6974190Z,1004,1258,0,1779534091648,1779534091622000000,1779534091622000000,1779534091616000000,1779534091645000000,1779534091648000000,1779534091656000000,1779534091697000000,34.0000,29.0000,2.5000,41.0000,75.0000,10.61,T3-T5 on Isaac clock; Network_est approximate
2026-05-23T11:01:31.7665190Z,1005,1259,0,1779534091685,1779534091656000000,1779534091656000000,1779534091650000000,1779534091682000000,1779534091685000000,1779534091697000000,1779534091766000000,41.0000,32.0000,4.5000,69.0000,110.0000,11.94,T3-T5 on Isaac clock; Network_est approximate
2026-05-23T11:01:31.7705030Z,1006,1260,0,1779534091722,1779534091697000000,1779534091697000000,1779534091691000000,1779534091721000000,1779534091722000000,1779534091766000000,1779534091770000000,69.0000,30.0000,19.5000,4.0000,73.0000,13.23,T3-T5 on Isaac clock; Network_est approximate
2026-05-23T11:01:31.8713810Z,1007,1262,0,1779534091785,1779534091770000000,1779534091770000000,1779534091764000000,1779534091780000000,1779534091785000000,1779534091802000000,1779534091871000000,32.0000,16.0000,8.0000,69.0000,101.0000,14.77,T3-T5 on Isaac clock; Network_est approximate
2026-05-23T11:01:31.8747010Z,1009,1263,0,1779534091857,1779534091802000000,1779534091802000000,1779534091796000000,1779534091856000000,1779534091857000000,1779534091871000000,1779534091874000000,69.0000,60.0000,4.5000,3.0000,72.0000,18.13,T3-T5 on Isaac clock; Network_est approximate
2026-05-23T11:01:31.9753220Z,1010,1266,0,1779534091916,1779534091908000000,1779534091908000000,1779534091902000000,1779534091915000000,1779534091916000000,1779534091942000000,1779534091975000000,34.0000,13.0000,10.5000,33.0000,67.0000,19.60,T3-T5 on Isaac clock; Network_est approximate
2026-05-23T11:01:32.0075320Z,1011,1267,0,1779534091952,1779534091941000000,1779534091941000000,1779534091936000000,1779534091949000000,1779534091952000000,1779534091975000000,1779534092007000000,34.0000,13.0000,10.5000,32.0000,66.0000,18.63,T3-T5 on Isaac clock; Network_est approximate
2026-05-23T11:01:32.0399030Z,1012,1268,0,1779534091996,1779534091975000000,1779534091975000000,1779534091969000000,1779534091991000000,1779534091996000000,1779534092007000000,1779534092039000000,32.0000,22.0000,5.0000,32.0000,64.0000,18.18,T3-T5 on Isaac clock; Network_est approximate
2026-05-23T11:01:32.1054270Z,1013,1270,0,1779534092054,1779534092039000000,1779534092039000000,1779534092033000000,1779534092051000000,1779534092054000000,1779534092072000000,1779534092105000000,33.0000,18.0000,7.5000,33.0000,66.0000,17.52,T3-T5 on Isaac clock; Network_est approximate
2026-05-23T11:01:32.1389060Z,1014,1271,0,1779534092085,1779534092072000000,1779534092072000000,1779534092066000000,1779534092085000000,1779534092085000000,1779534092105000000,1779534092138000000,33.0000,19.0000,7.0000,33.0000,66.0000,16.58,T3-T5 on Isaac clock; Network_est approximate
2026-05-23T11:01:32.1793460Z,1015,1272,0,1779534092128,1779534092105000000,1779534092105000000,1779534092099000000,1779534092125000000,1779534092128000000,1779534092138000000,1779534092179000000,33.0000,26.0000,3.5000,41.0000,74.0000,15.70,T3-T5 on Isaac clock; Network_est approximate
2026-05-23T11:01:32.2525280Z,1017,1274,0,1779534092221,1779534092179000000,1779534092179000000,1779534092173000000,1779534092219000000,1779534092221000000,1779534092249000000,1779534092252000000,70.0000,46.0000,12.0000,3.0000,73.0000,15.95,T3-T5 on Isaac clock; Network_est approximate
2026-05-23T11:01:32.3176880Z,1018,1276,0,1779534092263,1779534092252000000,1779534092252000000,1779534092246000000,1779534092260000000,1779534092263000000,1779534092284000000,1779534092317000000,32.0000,14.0000,9.0000,33.0000,65.0000,16.40,T3-T5 on Isaac clock; Network_est approximate
2026-05-23T11:01:32.3825180Z,1019,1278,0,1779534092321,1779534092317000000,1779534092317000000,1779534092311000000,1779534092319000000,1779534092321000000,1779534092349000000,1779534092382000000,32.0000,8.0000,12.0000,33.0000,65.0000,15.81,T3-T5 on Isaac clock; Network_est approximate
2026-05-23T11:01:32.4153280Z,1020,1279,0,1779534092358,1779534092349000000,1779534092349000000,1779534092343000000,1779534092353000000,1779534092358000000,1779534092382000000,1779534092415000000,33.0000,10.0000,11.5000,33.0000,66.0000,15.08,T3-T5 on Isaac clock; Network_est approximate
2026-05-23T11:01:32.4483080Z,1021,1280,0,1779534092400,1779534092382000000,1779534092382000000,1779534092376000000,1779534092395000000,1779534092400000000,1779534092415000000,1779534092448000000,33.0000,19.0000,7.0000,33.0000,66.0000,14.70,T3-T5 on Isaac clock; Network_est approximate
2026-05-23T11:01:32.5131890Z,1022,1282,0,1779534092459,1779534092448000000,1779534092448000000,1779534092442000000,1779534092454000000,1779534092459000000,1779534092480000000,1779534092513000000,32.0000,12.0000,10.0000,33.0000,65.0000,14.15,T3-T5 on Isaac clock; Network_est approximate
2026-05-23T11:01:32.5459310Z,1023,1283,0,1779534092490,1779534092480000000,1779534092480000000,1779534092474000000,1779534092490000000,1779534092490000000,1779534092513000000,1779534092545000000,33.0000,16.0000,8.5000,32.0000,65.0000,13.37,T3-T5 on Isaac clock; Network_est approximate
2026-05-23T11:01:32.5790510Z,1024,1284,0,1779534092532,1779534092513000000,1779534092513000000,1779534092507000000,1779534092531000000,1779534092532000000,1779534092545000000,1779534092579000000,32.0000,24.0000,4.0000,34.0000,66.0000,13.10,T3-T5 on Isaac clock; Network_est approximate
2026-05-23T11:01:32.6442200Z,1025,1286,0,1779534092594,1779534092578000000,1779534092578000000,1779534092573000000,1779534092591000000,1779534092594000000,1779534092611000000,1779534092644000000,33.0000,18.0000,7.5000,33.0000,66.0000,12.47,T3-T5 on Isaac clock; Network_est approximate
2026-05-23T11:01:32.6777300Z,1026,1287,0,1779534092630,1779534092611000000,1779534092611000000,1779534092605000000,1779534092626000000,1779534092630000000,1779534092644000000,1779534092677000000,33.0000,21.0000,6.0000,33.0000,66.0000,11.85,T3-T5 on Isaac clock; Network_est approximate
2026-05-23T11:01:32.7496670Z,1027,1288,0,1779534092671,1779534092644000000,1779534092644000000,1779534092638000000,1779534092668000000,1779534092671000000,1779534092718000000,1779534092749000000,74.0000,30.0000,22.0000,31.0000,105.0000,13.04,T3-T5 on Isaac clock; Network_est approximate
2026-05-23T11:01:32.7900960Z,1028,1290,0,1779534092727,1779534092718000000,1779534092718000000,1779534092712000000,1779534092727000000,1779534092727000000,1779534092749000000,1779534092790000000,31.0000,15.0000,8.0000,41.0000,72.0000,13.21,T3-T5 on Isaac clock; Network_est approximate
2026-05-23T11:01:32.8214800Z,1029,1291,0,1779534092764,1779534092749000000,1779534092749000000,1779534092743000000,1779534092761000000,1779534092764000000,1779534092790000000,1779534092821000000,41.0000,18.0000,11.5000,31.0000,72.0000,12.74,T3-T5 on Isaac clock; Network_est approximate
2026-05-23T11:01:32.8547900Z,1030,1292,0,1779534092805,1779534092789000000,1779534092789000000,1779534092783000000,1779534092802000000,1779534092805000000,1779534092821000000,1779534092854000000,32.0000,19.0000,6.5000,33.0000,65.0000,12.44,T3-T5 on Isaac clock; Network_est approximate
2026-05-23T11:01:32.9198360Z,1031,1294,0,1779534092862,1779534092854000000,1779534092854000000,1779534092848000000,1779534092861000000,1779534092862000000,1779534092887000000,1779534092919000000,33.0000,13.0000,10.0000,32.0000,65.0000,12.18,T3-T5 on Isaac clock; Network_est approximate
2026-05-23T11:01:32.9891700Z,1032,1295,0,1779534092899,1779534092887000000,1779534092887000000,1779534092881000000,1779534092898000000,1779534092899000000,1779534092919000000,1779534092989000000,32.0000,17.0000,7.5000,70.0000,102.0000,13.45,T3-T5 on Isaac clock; Network_est approximate
2026-05-23T11:01:32.9922360Z,1033,1296,0,1779534092941,1779534092919000000,1779534092919000000,1779534092913000000,1779534092939000000,1779534092941000000,1779534092989000000,1779534092992000000,70.0000,26.0000,22.0000,3.0000,73.0000,15.04,T3-T5 on Isaac clock; Network_est approximate
2026-05-23T11:01:33.0594720Z,1034,1298,0,1779534092999,1779534092992000000,1779534092992000000,1779534092986000000,1779534092999000000,1779534092999000000,1779534093025000000,1779534093059000000,33.0000,13.0000,10.0000,34.0000,67.0000,14.67,T3-T5 on Isaac clock; Network_est approximate
2026-05-23T11:01:33.0929170Z,1035,1299,0,1779534093035,1779534093025000000,1779534093025000000,1779534093020000000,1779534093035000000,1779534093035000000,1779534093059000000,1779534093092000000,34.0000,15.0000,9.5000,33.0000,67.0000,13.92,T3-T5 on Isaac clock; Network_est approximate
2026-05-23T11:01:33.1294930Z,1036,1300,0,1779534093077,1779534093059000000,1779534093059000000,1779534093053000000,1779534093076000000,1779534093077000000,1779534093092000000,1779534093129000000,33.0000,23.0000,5.0000,37.0000,70.0000,13.38,T3-T5 on Isaac clock; Network_est approximate
2026-05-23T11:01:33.2036150Z,1037,1302,0,1779534093139,1779534093129000000,1779534093129000000,1779534093123000000,1779534093136000000,1779534093139000000,1779534093162000000,1779534093203000000,33.0000,13.0000,10.0000,41.0000,74.0000,13.30,T3-T5 on Isaac clock; Network_est approximate
2026-05-23T11:01:33.2345440Z,1038,1303,0,1779534093171,1779534093162000000,1779534093162000000,1779534093156000000,1779534093170000000,1779534093171000000,1779534093203000000,1779534093234000000,41.0000,14.0000,13.5000,31.0000,72.0000,12.53,T3-T5 on Isaac clock; Network_est approximate
2026-05-23T11:01:33.2748620Z,1039,1304,0,1779534093213,1779534093203000000,1779534093203000000,1779534093197000000,1779534093211000000,1779534093213000000,1779534093234000000,1779534093274000000,31.0000,14.0000,8.5000,40.0000,71.0000,11.86,T3-T5 on Isaac clock; Network_est approximate
2026-05-23T11:01:33.3388760Z,1040,1306,0,1779534093275,1779534093274000000,1779534093274000000,1779534093268000000,1779534093271000000,1779534093275000000,1779534093306000000,1779534093338000000,32.0000,3.0000,14.5000,32.0000,64.0000,11.25,T3-T5 on Isaac clock; Network_est approximate
2026-05-23T11:01:33.3714920Z,1041,1307,0,1779534093306,1779534093306000000,1779534093306000000,1779534093300000000,1779534093306000000,1779534093306000000,1779534093338000000,1779534093371000000,32.0000,6.0000,13.0000,33.0000,65.0000,10.64,T3-T5 on Isaac clock; Network_est approximate
2026-05-23T11:01:33.4043730Z,1042,1308,0,1779534093349,1779534093338000000,1779534093338000000,1779534093333000000,1779534093348000000,1779534093349000000,1779534093371000000,1779534093404000000,33.0000,15.0000,9.0000,33.0000,66.0000,10.61,T3-T5 on Isaac clock; Network_est approximate
2026-05-23T11:01:33.4698270Z,1043,1310,0,1779534093407,1779534093404000000,1779534093404000000,1779534093398000000,1779534093407000000,1779534093407000000,1779534093437000000,1779534093469000000,33.0000,9.0000,12.0000,32.0000,65.0000,10.41,T3-T5 on Isaac clock; Network_est approximate
2026-05-23T11:01:33.5025720Z,1044,1311,0,1779534093444,1779534093437000000,1779534093437000000,1779534093431000000,1779534093442000000,1779534093444000000,1779534093469000000,1779534093502000000,32.0000,11.0000,10.5000,33.0000,65.0000,10.02,T3-T5 on Isaac clock; Network_est approximate
2026-05-23T11:01:33.5351130Z,1045,1312,0,1779534093485,1779534093469000000,1779534093469000000,1779534093463000000,1779534093484000000,1779534093485000000,1779534093502000000,1779534093535000000,33.0000,21.0000,6.0000,33.0000,66.0000,9.93,T3-T5 on Isaac clock; Network_est approximate
2026-05-23T11:01:33.6004770Z,1046,1314,0,1779534093544,1779534093534000000,1779534093534000000,1779534093529000000,1779534093544000000,1779534093544000000,1779534093568000000,1779534093600000000,34.0000,15.0000,9.5000,32.0000,66.0000,9.70,T3-T5 on Isaac clock; Network_est approximate
2026-05-23T11:01:33.6332620Z,1047,1315,0,1779534093580,1779534093567000000,1779534093567000000,1779534093562000000,1779534093578000000,1779534093580000000,1779534093600000000,1779534093633000000,33.0000,16.0000,8.5000,33.0000,66.0000,9.30,T3-T5 on Isaac clock; Network_est approximate
2026-05-23T11:01:33.6667510Z,1048,1316,0,1779534093622,1779534093600000000,1779534093600000000,1779534093594000000,1779534093620000000,1779534093622000000,1779534093633000000,1779534093666000000,33.0000,26.0000,3.5000,33.0000,66.0000,9.26,T3-T5 on Isaac clock; Network_est approximate
2026-05-23T11:01:33.7400930Z,1049,1318,0,1779534093680,1779534093666000000,1779534093666000000,1779534093660000000,1779534093679000000,1779534093680000000,1779534093707000000,1779534093740000000,41.0000,19.0000,11.0000,33.0000,74.0000,9.64,T3-T5 on Isaac clock; Network_est approximate
2026-05-23T11:01:33.7796750Z,1050,1319,0,1779534093716,1779534093707000000,1779534093707000000,1779534093702000000,1779534093714000000,1779534093716000000,1779534093739000000,1779534093779000000,32.0000,12.0000,10.0000,40.0000,72.0000,9.27,T3-T5 on Isaac clock; Network_est approximate
2026-05-23T11:01:33.8108630Z,1051,1320,0,1779534093758,1779534093739000000,1779534093739000000,1779534093733000000,1779534093755000000,1779534093758000000,1779534093779000000,1779534093810000000,40.0000,22.0000,9.0000,31.0000,71.0000,9.37,T3-T5 on Isaac clock; Network_est approximate
2026-05-23T11:01:33.8766260Z,1052,1322,0,1779534093815,1779534093810000000,1779534093810000000,1779534093804000000,1779534093814000000,1779534093815000000,1779534093843000000,1779534093876000000,33.0000,10.0000,11.5000,33.0000,66.0000,9.32,T3-T5 on Isaac clock; Network_est approximate
2026-05-23T11:01:33.9095870Z,1053,1323,0,1779534093851,1779534093843000000,1779534093843000000,1779534093837000000,1779534093848000000,1779534093851000000,1779534093876000000,1779534093909000000,33.0000,11.0000,11.0000,33.0000,66.0000,8.94,T3-T5 on Isaac clock; Network_est approximate
2026-05-23T11:01:33.9426260Z,1054,1324,0,1779534093892,1779534093876000000,1779534093876000000,1779534093870000000,1779534093889000000,1779534093892000000,1779534093909000000,1779534093942000000,33.0000,19.0000,7.0000,33.0000,66.0000,8.89,T3-T5 on Isaac clock; Network_est approximate
2026-05-23T11:01:34.0077420Z,1055,1326,0,1779534093949,1779534093941000000,1779534093942000000,1779534093936000000,1779534093948000000,1779534093949000000,1779534093974000000,1779534094007000000,32.0000,12.0000,10.0000,33.0000,66.0000,8.87,T3-T5 on Isaac clock; Network_est approximate
2026-05-23T11:01:34.0757800Z,1056,1327,0,1779534093986,1779534093974000000,1779534093974000000,1779534093968000000,1779534093984000000,1779534093986000000,1779534094007000000,1779534094075000000,33.0000,16.0000,8.5000,68.0000,101.0000,10.26,T3-T5 on Isaac clock; Network_est approximate
2026-05-23T11:01:34.0797280Z,1057,1328,0,1779534094028,1779534094007000000,1779534094007000000,1779534094001000000,1779534094025000000,1779534094028000000,1779534094075000000,1779534094079000000,68.0000,24.0000,22.0000,4.0000,72.0000,12.01,T3-T5 on Isaac clock; Network_est approximate
2026-05-23T11:01:34.1460060Z,1058,1330,0,1779534094086,1779534094079000000,1779534094079000000,1779534094076000000,1779534094085000000,1779534094086000000,1779534094112000000,1779534094146000000,33.0000,9.0000,12.0000,34.0000,67.0000,11.79,T3-T5 on Isaac clock; Network_est approximate
2026-05-23T11:01:34.2194920Z,1059,1331,0,1779534094127,1779534094112000000,1779534094112000000,1779534094106000000,1779534094123000000,1779534094127000000,1779534094145000000,1779534094219000000,33.0000,17.0000,8.0000,74.0000,107.0000,13.08,T3-T5 on Isaac clock; Network_est approximate
2026-05-23T11:01:34.2230800Z,1060,1332,0,1779534094170,1779534094145000000,1779534094145000000,1779534094140000000,1779534094165000000,1779534094170000000,1779534094219000000,1779534094223000000,74.0000,25.0000,24.5000,4.0000,78.0000,14.72,T3-T5 on Isaac clock; Network_est approximate
2026-05-23T11:01:34.2960070Z,1061,1334,0,1779534094227,1779534094222000000,1779534094222000000,1779534094216000000,1779534094225000000,1779534094227000000,1779534094256000000,1779534094296000000,34.0000,9.0000,12.5000,40.0000,74.0000,14.80,T3-T5 on Isaac clock; Network_est approximate
2026-05-23T11:01:34.3276390Z,1062,1335,0,1779534094264,1779534094256000000,1779534094256000000,1779534094250000000,1779534094259000000,1779534094264000000,1779534094295000000,1779534094327000000,39.0000,9.0000,15.0000,32.0000,71.0000,14.21,T3-T5 on Isaac clock; Network_est approximate
2026-05-23T11:01:34.3602660Z,1063,1336,0,1779534094301,1779534094295000000,1779534094295000000,1779534094290000000,1779534094300000000,1779534094301000000,1779534094327000000,1779534094360000000,32.0000,10.0000,11.0000,33.0000,65.0000,13.60,T3-T5 on Isaac clock; Network_est approximate
2026-05-23T11:01:34.4259660Z,1064,1338,0,1779534094359,1779534094360000000,1779534094360000000,1779534094354000000,1779534094358000000,1779534094359000000,1779534094392000000,1779534094425000000,32.0000,4.0000,14.0000,33.0000,65.0000,13.22,T3-T5 on Isaac clock; Network_est approximate
2026-05-23T11:01:34.4586830Z,1065,1339,0,1779534094397,1779534094392000000,1779534094392000000,1779534094386000000,1779534094393000000,1779534094397000000,1779534094425000000,1779534094458000000,33.0000,7.0000,13.0000,33.0000,66.0000,12.72,T3-T5 on Isaac clock; Network_est approximate
2026-05-23T11:01:34.4911460Z,1066,1340,0,1779534094438,1779534094425000000,1779534094425000000,1779534094420000000,1779534094434000000,1779534094438000000,1779534094458000000,1779534094491000000,33.0000,14.0000,9.5000,33.0000,66.0000,12.45,T3-T5 on Isaac clock; Network_est approximate
2026-05-23T11:01:34.5561080Z,1067,1342,0,1779534094495,1779534094490000000,1779534094490000000,1779534094485000000,1779534094494000000,1779534094495000000,1779534094523000000,1779534094556000000,33.0000,9.0000,12.0000,33.0000,66.0000,12.17,T3-T5 on Isaac clock; Network_est approximate
2026-05-23T11:01:34.5917570Z,1068,1343,0,1779534094532,1779534094523000000,1779534094523000000,1779534094517000000,1779534094531000000,1779534094532000000,1779534094556000000,1779534094591000000,33.0000,14.0000,9.5000,35.0000,68.0000,11.51,T3-T5 on Isaac clock; Network_est approximate
2026-05-23T11:01:34.6278350Z,1069,1344,0,1779534094573,1779534094555000000,1779534094555000000,1779534094550000000,1779534094571000000,1779534094573000000,1779534094591000000,1779534094627000000,36.0000,21.0000,7.5000,36.0000,72.0000,11.09,T3-T5 on Isaac clock; Network_est approximate
2026-05-23T11:01:34.7026610Z,1070,1346,0,1779534094632,1779534094627000000,1779534094627000000,1779534094621000000,1779534094631000000,1779534094632000000,1779534094666000000,1779534094702000000,39.0000,10.0000,14.5000,36.0000,75.0000,11.38,T3-T5 on Isaac clock; Network_est approximate
2026-05-23T11:01:34.7438860Z,1071,1347,0,1779534094669,1779534094665000000,1779534094665000000,1779534094660000000,1779534094666000000,1779534094669000000,1779534094702000000,1779534094743000000,37.0000,6.0000,15.5000,41.0000,78.0000,10.94,T3-T5 on Isaac clock; Network_est approximate
2026-05-23T11:01:34.7814550Z,1072,1348,0,1779534094711,1779534094702000000,1779534094702000000,1779534094696000000,1779534094707000000,1779534094711000000,1779534094743000000,1779534094781000000,41.0000,11.0000,15.0000,38.0000,79.0000,10.54,T3-T5 on Isaac clock; Network_est approximate
2026-05-23T11:01:34.8153770Z,1073,1349,0,1779534094770,1779534094743000000,1779534094743000000,1779534094737000000,1779534094766000000,1779534094770000000,1779534094781000000,1779534094815000000,38.0000,29.0000,4.5000,34.0000,72.0000,11.43,T3-T5 on Isaac clock; Network_est approximate
2026-05-23T11:01:34.8564700Z,1074,1350,0,1779534094805,1779534094781000000,1779534094781000000,1779534094775000000,1779534094803000000,1779534094805000000,1779534094815000000,1779534094856000000,34.0000,28.0000,3.0000,41.0000,75.0000,11.09,T3-T5 on Isaac clock; Network_est approximate
2026-05-23T11:01:34.8877160Z,1075,1351,0,1779534094846,1779534094815000000,1779534094815000000,1779534094809000000,1779534094843000000,1779534094846000000,1779534094856000000,1779534094887000000,41.0000,34.0000,3.5000,31.0000,72.0000,11.00,T3-T5 on Isaac clock; Network_est approximate
2026-05-23T11:01:34.9530360Z,1076,1353,0,1779534094904,1779534094887000000,1779534094887000000,1779534094881000000,1779534094902000000,1779534094904000000,1779534094920000000,1779534094953000000,33.0000,21.0000,6.0000,33.0000,66.0000,10.76,T3-T5 on Isaac clock; Network_est approximate
2026-05-23T11:01:34.9853130Z,1077,1354,0,1779534094940,1779534094920000000,1779534094920000000,1779534094914000000,1779534094937000000,1779534094940000000,1779534094952000000,1779534094985000000,32.0000,23.0000,4.5000,33.0000,65.0000,10.31,T3-T5 on Isaac clock; Network_est approximate
2026-05-23T11:01:35.0505920Z,1078,1355,0,1779534094982,1779534094952000000,1779534094952000000,1779534094946000000,1779534094978000000,1779534094982000000,1779534095018000000,1779534095050000000,66.0000,32.0000,17.0000,32.0000,98.0000,11.13,T3-T5 on Isaac clock; Network_est approximate
2026-05-23T11:01:35.0832340Z,1079,1357,0,1779534095040,1779534095018000000,1779534095018000000,1779534095012000000,1779534095037000000,1779534095040000000,1779534095050000000,1779534095083000000,32.0000,25.0000,3.5000,33.0000,65.0000,12.02,T3-T5 on Isaac clock; Network_est approximate
2026-05-23T11:01:35.1555990Z,1080,1358,0,1779534095073,1779534095050000000,1779534095050000000,1779534095044000000,1779534095072000000,1779534095073000000,1779534095083000000,1779534095155000000,33.0000,28.0000,2.5000,72.0000,105.0000,13.73,T3-T5 on Isaac clock; Network_est approximate
2026-05-23T11:01:35.1591500Z,1081,1359,0,1779534095114,1779534095083000000,1779534095083000000,1779534095077000000,1779534095114000000,1779534095114000000,1779534095155000000,1779534095159000000,72.0000,37.0000,17.5000,4.0000,76.0000,15.21,T3-T5 on Isaac clock; Network_est approximate
2026-05-23T11:01:35.2268840Z,1082,1361,0,1779534095177,1779534095158000000,1779534095159000000,1779534095154000000,1779534095173000000,1779534095177000000,1779534095192000000,1779534095226000000,33.0000,19.0000,7.0000,34.0000,68.0000,14.55,T3-T5 on Isaac clock; Network_est approximate
2026-05-23T11:01:35.2670740Z,1083,1362,0,1779534095209,1779534095192000000,1779534095192000000,1779534095186000000,1779534095208000000,1779534095209000000,1779534095226000000,1779534095267000000,34.0000,22.0000,6.0000,41.0000,75.0000,14.15,T3-T5 on Isaac clock; Network_est approximate
2026-05-23T11:01:35.2986930Z,1084,1363,0,1779534095251,1779534095226000000,1779534095226000000,1779534095220000000,1779534095250000000,1779534095251000000,1779534095267000000,1779534095298000000,41.0000,30.0000,5.5000,31.0000,72.0000,13.91,T3-T5 on Isaac clock; Network_est approximate
2026-05-23T11:01:35.3695550Z,1085,1365,0,1779534095311,1779534095298000000,1779534095298000000,1779534095292000000,1779534095310000000,1779534095311000000,1779534095338000000,1779534095369000000,40.0000,18.0000,11.0000,31.0000,71.0000,13.72,T3-T5 on Isaac clock; Network_est approximate
2026-05-23T11:01:35.4022980Z,1086,1366,0,1779534095347,1779534095337000000,1779534095337000000,1779534095332000000,1779534095344000000,1779534095347000000,1779534095369000000,1779534095402000000,32.0000,12.0000,10.0000,33.0000,65.0000,13.06,T3-T5 on Isaac clock; Network_est approximate
2026-05-23T11:01:35.4348030Z,1087,1367,0,1779534095390,1779534095369000000,1779534095369000000,1779534095363000000,1779534095386000000,1779534095390000000,1779534095402000000,1779534095434000000,33.0000,23.0000,5.0000,32.0000,65.0000,12.90,T3-T5 on Isaac clock; Network_est approximate
2026-05-23T11:01:35.5000970Z,1088,1369,0,1779534095448,1779534095434000000,1779534095434000000,1779534095428000000,1779534095445000000,1779534095448000000,1779534095467000000,1779534095500000000,33.0000,17.0000,8.0000,33.0000,66.0000,12.55,T3-T5 on Isaac clock; Network_est approximate
2026-05-23T11:01:35.5324460Z,1089,1370,0,1779534095480,1779534095467000000,1779534095467000000,1779534095461000000,1779534095479000000,1779534095480000000,1779534095500000000,1779534095532000000,33.0000,18.0000,7.5000,32.0000,65.0000,11.79,T3-T5 on Isaac clock; Network_est approximate
2026-05-23T11:01:35.5979570Z,1090,1371,0,1779534095528,1779534095499000000,1779534095499000000,1779534095494000000,1779534095523000000,1779534095528000000,1779534095565000000,1779534095597000000,66.0000,29.0000,18.5000,32.0000,98.0000,12.14,T3-T5 on Isaac clock; Network_est approximate
2026-05-23T11:01:35.6304410Z,1091,1373,0,1779534095588,1779534095565000000,1779534095565000000,1779534095559000000,1779534095583000000,1779534095588000000,1779534095597000000,1779534095630000000,32.0000,24.0000,4.0000,33.0000,65.0000,13.10,T3-T5 on Isaac clock; Network_est approximate
2026-05-23T11:01:35.6630480Z,1092,1374,0,1779534095619,1779534095597000000,1779534095597000000,1779534095591000000,1779534095617000000,1779534095619000000,1779534095630000000,1779534095663000000,33.0000,26.0000,3.5000,33.0000,66.0000,12.38,T3-T5 on Isaac clock; Network_est approximate
2026-05-23T11:01:35.7294270Z,1093,1376,0,1779534095662,1779534095662000000,1779534095662000000,1779534095656000000,1779534095658000000,1779534095662000000,1779534095696000000,1779534095729000000,34.0000,2.0000,16.0000,33.0000,67.0000,13.07,T3-T5 on Isaac clock; Network_est approximate
2026-05-23T11:01:35.7698680Z,1094,1377,0,1779534095719,1779534095695000000,1779534095695000000,1779534095690000000,1779534095719000000,1779534095719000000,1779534095729000000,1779534095769000000,34.0000,29.0000,2.5000,40.0000,74.0000,13.29,T3-T5 on Isaac clock; Network_est approximate
2026-05-23T11:01:35.8015740Z,1095,1378,0,1779534095756,1779534095729000000,1779534095729000000,1779534095723000000,1779534095756000000,1779534095756000000,1779534095769000000,1779534095801000000,40.0000,33.0000,3.5000,32.0000,72.0000,12.78,T3-T5 on Isaac clock; Network_est approximate
2026-05-23T11:01:35.8725880Z,1096,1380,0,1779534095798,1779534095801000000,1779534095801000000,1779534095795000000,1779534095796000000,1779534095798000000,1779534095841000000,1779534095872000000,40.0000,1.0000,19.5000,31.0000,71.0000,13.80,T3-T5 on Isaac clock; Network_est approximate
2026-05-23T11:01:35.9053870Z,1097,1381,0,1779534095860,1779534095841000000,1779534095841000000,1779534095835000000,1779534095856000000,1779534095860000000,1779534095872000000,1779534095905000000,31.0000,21.0000,5.0000,33.0000,64.0000,14.76,T3-T5 on Isaac clock; Network_est approximate
2026-05-23T11:01:35.9385270Z,1098,1382,0,1779534095897,1779534095872000000,1779534095872000000,1779534095866000000,1779534095893000000,1779534095897000000,1779534095905000000,1779534095938000000,33.0000,27.0000,3.0000,33.0000,66.0000,14.08,T3-T5 on Isaac clock; Network_est approximate
2026-05-23T11:01:36.0035460Z,1099,1384,0,1779534095940,1779534095938000000,1779534095938000000,1779534095932000000,1779534095936000000,1779534095940000000,1779534095970000000,1779534096003000000,32.0000,4.0000,14.0000,33.0000,65.0000,14.57,T3-T5 on Isaac clock; Network_est approximate
2026-05-23T11:01:36.0688160Z,1100,1385,0,1779534095997,1779534095970000000,1779534095970000000,1779534095964000000,1779534095995000000,1779534095997000000,1779534096035000000,1779534096068000000,65.0000,31.0000,17.0000,33.0000,98.0000,14.17,T3-T5 on Isaac clock; Network_est approximate
2026-05-23T11:01:36.1019170Z,1101,1386,0,1779534096034,1779534096003000000,1779534096003000000,1779534095997000000,1779534096029000000,1779534096034000000,1779534096068000000,1779534096101000000,65.0000,32.0000,16.5000,33.0000,98.0000,13.55,T3-T5 on Isaac clock; Network_est approximate
2026-05-23T11:01:36.1344030Z,1102,1388,0,1779534096071,1779534096068000000,1779534096068000000,1779534096062000000,1779534096070000000,1779534096071000000,1779534096101000000,1779534096134000000,33.0000,8.0000,12.5000,33.0000,66.0000,12.96,T3-T5 on Isaac clock; Network_est approximate
2026-05-23T11:01:36.2422010Z,1103,1390,0,1779534096133,1779534096134000000,1779534096134000000,1779534096128000000,1779534096129000000,1779534096133000000,1779534096166000000,1779534096242000000,32.0000,1.0000,15.5000,76.0000,108.0000,15.01,T3-T5 on Isaac clock; Network_est approximate
2026-05-23T11:01:36.2461540Z,1105,1391,0,1779534096207,1779534096166000000,1779534096166000000,1779534096160000000,1779534096206000000,1779534096207000000,1779534096242000000,1779534096246000000,76.0000,46.0000,15.0000,4.0000,80.0000,18.44,T3-T5 on Isaac clock; Network_est approximate
2026-05-23T11:01:36.3134630Z,1106,1393,0,1779534096267,1779534096245000000,1779534096246000000,1779534096240000000,1779534096265000000,1779534096267000000,1779534096279000000,1779534096313000000,33.0000,25.0000,4.0000,34.0000,68.0000,17.75,T3-T5 on Isaac clock; Network_est approximate
2026-05-23T11:01:36.3532110Z,1107,1394,0,1779534096304,1779534096279000000,1779534096279000000,1779534096273000000,1779534096301000000,1779534096304000000,1779534096313000000,1779534096353000000,34.0000,28.0000,3.0000,40.0000,74.0000,16.81,T3-T5 on Isaac clock; Network_est approximate
2026-05-23T11:01:36.3846760Z,1108,1395,0,1779534096345,1779534096313000000,1779534096313000000,1779534096307000000,1779534096343000000,1779534096345000000,1779534096353000000,1779534096384000000,40.0000,36.0000,2.0000,31.0000,71.0000,16.35,T3-T5 on Isaac clock; Network_est approximate
2026-05-23T11:01:36.4502400Z,1109,1397,0,1779534096403,1779534096384000000,1779534096384000000,1779534096378000000,1779534096403000000,1779534096403000000,1779534096417000000,1779534096450000000,33.0000,25.0000,4.0000,33.0000,66.0000,15.80,T3-T5 on Isaac clock; Network_est approximate
2026-05-23T11:01:36.4828760Z,1110,1398,0,1779534096440,1779534096417000000,1779534096417000000,1779534096411000000,1779534096437000000,1779534096440000000,1779534096450000000,1779534096482000000,33.0000,26.0000,3.5000,32.0000,65.0000,15.09,T3-T5 on Isaac clock; Network_est approximate
2026-05-23T11:01:36.5481460Z,1111,1400,0,1779534096482,1779534096482000000,1779534096482000000,1779534096477000000,1779534096478000000,1779534096482000000,1779534096515000000,1779534096548000000,33.0000,1.0000,16.0000,33.0000,66.0000,15.60,T3-T5 on Isaac clock; Network_est approximate
2026-05-23T11:01:36.5805610Z,1112,1401,0,1779534096540,1779534096515000000,1779534096515000000,1779534096509000000,1779534096537000000,1779534096540000000,1779534096548000000,1779534096580000000,33.0000,28.0000,2.5000,32.0000,65.0000,16.22,T3-T5 on Isaac clock; Network_est approximate
2026-05-23T11:01:36.6461300Z,1113,1402,0,1779534096577,1779534096547000000,1779534096547000000,1779534096542000000,1779534096571000000,1779534096577000000,1779534096613000000,1779534096646000000,66.0000,29.0000,18.5000,33.0000,99.0000,16.98,T3-T5 on Isaac clock; Network_est approximate
2026-05-23T11:01:36.6787910Z,1114,1404,0,1779534096614,1779534096613000000,1779534096613000000,1779534096608000000,1779534096613000000,1779534096614000000,1779534096646000000,1779534096678000000,33.0000,5.0000,14.0000,32.0000,65.0000,16.19,T3-T5 on Isaac clock; Network_est approximate
2026-05-23T11:01:36.7447220Z,1115,1406,0,1779534096676,1779534096678000000,1779534096678000000,1779534096672000000,1779534096673000000,1779534096676000000,1779534096711000000,1779534096744000000,33.0000,1.0000,16.0000,33.0000,66.0000,15.42,T3-T5 on Isaac clock; Network_est approximate
2026-05-23T11:01:36.7851820Z,1116,1407,0,1779534096712,1779534096711000000,1779534096711000000,1779534096705000000,1779534096709000000,1779534096712000000,1779534096744000000,1779534096785000000,33.0000,4.0000,14.5000,41.0000,74.0000,14.74,T3-T5 on Isaac clock; Network_est approximate
2026-05-23T11:01:36.8168590Z,1117,1408,0,1779534096753,1779534096744000000,1779534096744000000,1779534096738000000,1779534096750000000,1779534096753000000,1779534096785000000,1779534096816000000,41.0000,12.0000,14.5000,31.0000,72.0000,14.41,T3-T5 on Isaac clock; Network_est approximate
2026-05-23T11:01:36.8884760Z,1119,1410,0,1779534096847,1779534096816000000,1779534096816000000,1779534096810000000,1779534096844000000,1779534096847000000,1779534096857000000,1779534096888000000,41.0000,34.0000,3.5000,31.0000,72.0000,14.90,T3-T5 on Isaac clock; Network_est approximate
2026-05-23T11:01:36.9538930Z,1120,1412,0,1779534096890,1779534096888000000,1779534096888000000,1779534096882000000,1779534096885000000,1779534096890000000,1779534096921000000,1779534096953000000,33.0000,3.0000,15.0000,32.0000,65.0000,15.37,T3-T5 on Isaac clock; Network_est approximate
2026-05-23T11:01:36.9869050Z,1121,1413,0,1779534096947,1779534096921000000,1779534096921000000,1779534096915000000,1779534096944000000,1779534096947000000,1779534096953000000,1779534096986000000,32.0000,29.0000,1.5000,33.0000,65.0000,15.91,T3-T5 on Isaac clock; Network_est approximate
2026-05-23T11:01:37.0520550Z,1122,1414,0,1779534096984,1779534096953000000,1779534096953000000,1779534096947000000,1779534096978000000,1779534096984000000,1779534097019000000,1779534097052000000,66.0000,31.0000,17.5000,33.0000,99.0000,16.67,T3-T5 on Isaac clock; Network_est approximate
2026-05-23T11:01:37.0848740Z,1123,1416,0,1779534097020,1779534097019000000,1779534097019000000,1779534097013000000,1779534097019000000,1779534097020000000,1779534097052000000,1779534097084000000,33.0000,6.0000,13.5000,32.0000,65.0000,15.83,T3-T5 on Isaac clock; Network_est approximate
2026-05-23T11:01:37.1538980Z,1124,1418,0,1779534097082,1779534097084000000,1779534097084000000,1779534097079000000,1779534097079000000,1779534097082000000,1779534097118000000,1779534097153000000,34.0000,0.0000,17.0000,35.0000,69.0000,15.27,T3-T5 on Isaac clock; Network_est approximate
2026-05-23T11:01:37.1867880Z,1125,1419,0,1779534097118,1779534097118000000,1779534097118000000,1779534097112000000,1779534097115000000,1779534097118000000,1779534097153000000,1779534097186000000,35.0000,3.0000,16.0000,33.0000,68.0000,14.52,T3-T5 on Isaac clock; Network_est approximate
2026-05-23T11:01:37.2195120Z,1126,1420,0,1779534097160,1779534097153000000,1779534097153000000,1779534097147000000,1779534097156000000,1779534097160000000,1779534097186000000,1779534097219000000,33.0000,9.0000,12.0000,33.0000,66.0000,14.17,T3-T5 on Isaac clock; Network_est approximate
2026-05-23T11:01:37.3301010Z,1127,1422,0,1779534097217,1779534097219000000,1779534097219000000,1779534097213000000,1779534097217000000,1779534097217000000,1779534097252000000,1779534097330000000,33.0000,4.0000,14.5000,78.0000,111.0000,16.63,T3-T5 on Isaac clock; Network_est approximate
2026-05-23T11:01:37.3335150Z,1129,1423,0,1779534097296,1779534097251000000,1779534097251000000,1779534097246000000,1779534097293000000,1779534097296000000,1779534097330000000,1779534097333000000,79.0000,47.0000,16.0000,3.0000,82.0000,20.31,T3-T5 on Isaac clock; Network_est approximate
2026-05-23T11:01:37.4092860Z,1130,1425,0,1779534097357,1779534097333000000,1779534097333000000,1779534097327000000,1779534097353000000,1779534097357000000,1779534097368000000,1779534097409000000,35.0000,26.0000,4.5000,41.0000,76.0000,19.96,T3-T5 on Isaac clock; Network_est approximate
2026-05-23T11:01:37.4404170Z,1131,1426,0,1779534097388,1779534097367000000,1779534097367000000,1779534097362000000,1779534097388000000,1779534097388000000,1779534097409000000,1779534097440000000,42.0000,26.0000,8.0000,31.0000,73.0000,18.72,T3-T5 on Isaac clock; Network_est approximate
2026-05-23T11:01:37.4730300Z,1132,1427,0,1779534097430,1779534097409000000,1779534097409000000,1779534097403000000,1779534097429000000,1779534097430000000,1779534097440000000,1779534097473000000,31.0000,26.0000,2.5000,33.0000,64.0000,18.14,T3-T5 on Isaac clock; Network_est approximate
2026-05-23T11:01:37.5386900Z,1133,1429,0,1779534097488,1779534097472000000,1779534097472000000,1779534097467000000,1779534097488000000,1779534097488000000,1779534097505000000,1779534097538000000,33.0000,21.0000,6.0000,33.0000,66.0000,17.48,T3-T5 on Isaac clock; Network_est approximate
2026-05-23T11:01:37.5713840Z,1134,1430,0,1779534097525,1779534097505000000,1779534097505000000,1779534097499000000,1779534097524000000,1779534097525000000,1779534097538000000,1779534097571000000,33.0000,25.0000,4.0000,33.0000,66.0000,16.66,T3-T5 on Isaac clock; Network_est approximate
2026-05-23T11:01:37.6370520Z,1135,1431,0,1779534097568,1779534097538000000,1779534097538000000,1779534097532000000,1779534097564000000,1779534097568000000,1779534097604000000,1779534097637000000,66.0000,32.0000,17.0000,33.0000,99.0000,17.04,T3-T5 on Isaac clock; Network_est approximate
2026-05-23T11:01:37.6696360Z,1136,1433,0,1779534097627,1779534097603000000,1779534097603000000,1779534097598000000,1779534097626000000,1779534097627000000,1779534097637000000,1779534097669000000,34.0000,28.0000,3.0000,32.0000,66.0000,17.62,T3-T5 on Isaac clock; Network_est approximate
2026-05-23T11:01:37.7356090Z,1137,1434,0,1779534097664,1779534097636000000,1779534097636000000,1779534097631000000,1779534097661000000,1779534097664000000,1779534097702000000,1779534097735000000,66.0000,30.0000,18.0000,33.0000,99.0000,18.32,T3-T5 on Isaac clock; Network_est approximate
2026-05-23T11:01:37.7693520Z,1138,1436,0,1779534097706,1779534097702000000,1779534097702000000,1779534097696000000,1779534097703000000,1779534097706000000,1779534097735000000,1779534097769000000,33.0000,7.0000,13.0000,34.0000,67.0000,17.69,T3-T5 on Isaac clock; Network_est approximate
2026-05-23T11:01:37.8413300Z,1140,1438,0,1779534097801,1779534097769000000,1779534097769000000,1779534097763000000,1779534097796000000,1779534097801000000,1779534097809000000,1779534097841000000,40.0000,33.0000,3.5000,32.0000,72.0000,18.02,T3-T5 on Isaac clock; Network_est approximate
2026-05-23T11:01:37.9132520Z,1141,1440,0,1779534097837,1779534097841000000,1779534097841000000,1779534097835000000,1779534097837000000,1779534097837000000,1779534097881000000,1779534097913000000,40.0000,2.0000,19.0000,32.0000,72.0000,19.14,T3-T5 on Isaac clock; Network_est approximate
2026-05-23T11:01:37.9459600Z,1142,1441,0,1779534097899,1779534097881000000,1779534097881000000,1779534097875000000,1779534097896000000,1779534097899000000,1779534097913000000,1779534097945000000,32.0000,21.0000,5.5000,32.0000,64.0000,19.77,T3-T5 on Isaac clock; Network_est approximate
2026-05-23T11:01:37.9786590Z,1143,1442,0,1779534097935,1779534097912000000,1779534097913000000,1779534097907000000,1779534097930000000,1779534097935000000,1779534097945000000,1779534097978000000,32.0000,23.0000,4.5000,33.0000,66.0000,18.74,T3-T5 on Isaac clock; Network_est approximate
2026-05-23T11:01:38.0438030Z,1144,1443,0,1779534097977,1779534097945000000,1779534097945000000,1779534097939000000,1779534097972000000,1779534097977000000,1779534098010000000,1779534098043000000,65.0000,33.0000,16.0000,33.0000,98.0000,19.02,T3-T5 on Isaac clock; Network_est approximate
2026-05-23T11:01:38.0761080Z,1145,1445,0,1779534098036,1779534098010000000,1779534098010000000,1779534098005000000,1779534098032000000,1779534098036000000,1779534098043000000,1779534098076000000,33.0000,27.0000,3.0000,33.0000,66.0000,19.49,T3-T5 on Isaac clock; Network_est approximate
2026-05-23T11:01:38.1416230Z,1146,1446,0,1779534098073,1779534098043000000,1779534098043000000,1779534098037000000,1779534098068000000,1779534098073000000,1779534098109000000,1779534098141000000,66.0000,31.0000,17.5000,32.0000,98.0000,20.05,T3-T5 on Isaac clock; Network_est approximate
2026-05-23T11:01:38.1747710Z,1147,1448,0,1779534098112,1779534098108000000,1779534098109000000,1779534098103000000,1779534098109000000,1779534098112000000,1779534098141000000,1779534098174000000,32.0000,6.0000,13.0000,33.0000,66.0000,19.17,T3-T5 on Isaac clock; Network_est approximate
2026-05-23T11:01:38.2400960Z,1148,1450,0,1779534098178,1779534098174000000,1779534098174000000,1779534098169000000,1779534098175000000,1779534098178000000,1779534098207000000,1779534098240000000,33.0000,6.0000,13.5000,33.0000,66.0000,18.04,T3-T5 on Isaac clock; Network_est approximate
2026-05-23T11:01:38.2729550Z,1149,1451,0,1779534098215,1779534098206000000,1779534098206000000,1779534098201000000,1779534098210000000,1779534098215000000,1779534098239000000,1779534098272000000,33.0000,9.0000,12.0000,33.0000,66.0000,17.17,T3-T5 on Isaac clock; Network_est approximate
2026-05-23T11:01:38.3448760Z,1150,1452,0,1779534098257,1779534098239000000,1779534098239000000,1779534098233000000,1779534098253000000,1779534098257000000,1779534098272000000,1779534098344000000,33.0000,20.0000,6.5000,72.0000,105.0000,17.99,T3-T5 on Isaac clock; Network_est approximate
2026-05-23T11:01:38.3897480Z,1151,1453,0,1779534098314,1779534098272000000,1779534098272000000,1779534098266000000,1779534098312000000,1779534098314000000,1779534098344000000,1779534098389000000,72.0000,46.0000,13.0000,45.0000,117.0000,17.62,T3-T5 on Isaac clock; Network_est approximate
2026-05-23T11:01:38.3930290Z,1152,1454,0,1779534098351,1779534098344000000,1779534098344000000,1779534098338000000,1779534098346000000,1779534098351000000,1779534098389000000,1779534098393000000,45.0000,8.0000,18.5000,4.0000,49.0000,18.63,T3-T5 on Isaac clock; Network_est approximate
2026-05-23T11:01:38.4604110Z,1153,1456,0,1779534098392,1779534098392000000,1779534098392000000,1779534098387000000,1779534098387000000,1779534098392000000,1779534098427000000,1779534098460000000,35.0000,0.0000,17.5000,33.0000,68.0000,19.11,T3-T5 on Isaac clock; Network_est approximate
2026-05-23T11:01:38.4929470Z,1154,1457,0,1779534098449,1779534098426000000,1779534098426000000,1779534098421000000,1779534098446000000,1779534098449000000,1779534098460000000,1779534098492000000,34.0000,25.0000,4.5000,32.0000,66.0000,19.45,T3-T5 on Isaac clock; Network_est approximate
2026-05-23T11:01:38.5256700Z,1155,1458,0,1779534098485,1779534098460000000,1779534098460000000,1779534098454000000,1779534098481000000,1779534098485000000,1779534098492000000,1779534098525000000,32.0000,27.0000,2.5000,33.0000,65.0000,18.43,T3-T5 on Isaac clock; Network_est approximate
2026-05-23T11:01:38.5913710Z,1156,1460,0,1779534098526,1779534098525000000,1779534098525000000,1779534098519000000,1779534098523000000,1779534098526000000,1779534098558000000,1779534098591000000,33.0000,4.0000,14.5000,33.0000,66.0000,18.82,T3-T5 on Isaac clock; Network_est approximate
2026-05-23T11:01:38.6237300Z,1157,1461,0,1779534098583,1779534098558000000,1779534098558000000,1779534098552000000,1779534098582000000,1779534098583000000,1779534098591000000,1779534098623000000,33.0000,30.0000,1.5000,32.0000,65.0000,19.18,T3-T5 on Isaac clock; Network_est approximate
2026-05-23T11:01:38.6962280Z,1158,1463,0,1779534098621,1779534098623000000,1779534098623000000,1779534098617000000,1779534098618000000,1779534098621000000,1779534098656000000,1779534098696000000,33.0000,1.0000,16.0000,40.0000,73.0000,20.13,T3-T5 on Isaac clock; Network_est approximate
2026-05-23T11:01:38.7221950Z,1159,1464,0,1779534098662,1779534098656000000,1779534098656000000,1779534098650000000,1779534098661000000,1779534098662000000,1779534098696000000,1779534098722000000,40.0000,11.0000,14.5000,26.0000,66.0000,19.81,T3-T5 on Isaac clock; Network_est approximate
2026-05-23T11:01:38.7881930Z,1160,1466,0,1779534098722,1779534098721000000,1779534098721000000,1779534098717000000,1779534098721000000,1779534098722000000,1779534098754000000,1779534098788000000,33.0000,4.0000,14.5000,34.0000,67.0000,18.94,T3-T5 on Isaac clock; Network_est approximate
2026-05-23T11:01:38.8286910Z,1161,1467,0,1779534098759,1779534098754000000,1779534098754000000,1779534098748000000,1779534098758000000,1779534098759000000,1779534098788000000,1779534098828000000,34.0000,10.0000,12.0000,40.0000,74.0000,17.98,T3-T5 on Isaac clock; Network_est approximate
2026-05-23T11:01:38.8599020Z,1162,1468,0,1779534098806,1779534098787000000,1779534098787000000,1779534098781000000,1779534098801000000,1779534098806000000,1779534098828000000,1779534098859000000,41.0000,20.0000,10.5000,31.0000,72.0000,17.84,T3-T5 on Isaac clock; Network_est approximate
2026-05-23T11:01:38.9341090Z,1163,1470,0,1779534098859,1779534098859000000,1779534098859000000,1779534098853000000,1779534098859000000,1779534098859000000,1779534098893000000,1779534098934000000,34.0000,6.0000,14.0000,41.0000,75.0000,18.05,T3-T5 on Isaac clock; Network_est approximate
2026-05-23T11:01:38.9648930Z,1164,1471,0,1779534098896,1779534098893000000,1779534098893000000,1779534098887000000,1779534098895000000,1779534098896000000,1779534098934000000,1779534098964000000,41.0000,8.0000,16.5000,30.0000,71.0000,17.30,T3-T5 on Isaac clock; Network_est approximate
2026-05-23T11:01:38.9982110Z,1165,1472,0,1779534098938,1779534098933000000,1779534098933000000,1779534098928000000,1779534098936000000,1779534098938000000,1779534098964000000,1779534098998000000,31.0000,8.0000,11.5000,34.0000,65.0000,16.77,T3-T5 on Isaac clock; Network_est approximate
2026-05-23T11:01:39.0632700Z,1166,1474,0,1779534099000,1779534098997000000,1779534098997000000,1779534098992000000,1779534098996000000,1779534099000000000,1779534099030000000,1779534099063000000,33.0000,4.0000,14.5000,33.0000,66.0000,15.92,T3-T5 on Isaac clock; Network_est approximate
2026-05-23T11:01:39.0959290Z,1167,1475,0,1779534099032,1779534099030000000,1779534099030000000,1779534099024000000,1779534099030000000,1779534099032000000,1779534099063000000,1779534099095000000,33.0000,6.0000,13.5000,32.0000,65.0000,14.96,T3-T5 on Isaac clock; Network_est approximate
2026-05-23T11:01:39.1314350Z,1168,1476,0,1779534099073,1779534099063000000,1779534099063000000,1779534099058000000,1779534099072000000,1779534099073000000,1779534099095000000,1779534099131000000,32.0000,14.0000,9.0000,36.0000,68.0000,14.36,T3-T5 on Isaac clock; Network_est approximate
2026-05-23T11:01:39.1967710Z,1169,1478,0,1779534099135,1779534099131000000,1779534099131000000,1779534099125000000,1779534099132000000,1779534099135000000,1779534099163000000,1779534099196000000,32.0000,7.0000,12.5000,33.0000,65.0000,13.67,T3-T5 on Isaac clock; Network_est approximate
2026-05-23T11:01:39.2291560Z,1170,1479,0,1779534099167,1779534099163000000,1779534099163000000,1779534099157000000,1779534099166000000,1779534099167000000,1779534099196000000,1779534099229000000,33.0000,9.0000,12.0000,33.0000,66.0000,12.83,T3-T5 on Isaac clock; Network_est approximate
2026-05-23T11:01:39.2616090Z,1171,1480,0,1779534099208,1779534099196000000,1779534099196000000,1779534099190000000,1779534099208000000,1779534099208000000,1779534099229000000,1779534099261000000,33.0000,18.0000,7.5000,32.0000,65.0000,12.54,T3-T5 on Isaac clock; Network_est approximate
2026-05-23T11:01:39.3378560Z,1173,1482,0,1779534099302,1779534099261000000,1779534099261000000,1779534099255000000,1779534099301000000,1779534099302000000,1779534099334000000,1779534099337000000,73.0000,46.0000,13.5000,3.0000,76.0000,12.88,T3-T5 on Isaac clock; Network_est approximate
2026-05-23T11:01:39.4411780Z,1174,1484,0,1779534099345,1779534099337000000,1779534099337000000,1779534099331000000,1779534099341000000,1779534099345000000,1779534099370000000,1779534099441000000,33.0000,10.0000,11.5000,71.0000,104.0000,15.85,T3-T5 on Isaac clock; Network_est approximate
2026-05-23T11:01:39.4797670Z,1175,1485,0,1779534099401,1779534099369000000,1779534099369000000,1779534099363000000,1779534099401000000,1779534099401000000,1779534099441000000,1779534099479000000,72.0000,38.0000,17.0000,38.0000,110.0000,15.95,T3-T5 on Isaac clock; Network_est approximate
2026-05-23T11:01:39.4828640Z,1176,1486,0,1779534099438,1779534099440000000,1779534099441000000,1779534099435000000,1779534099437000000,1779534099438000000,1779534099479000000,1779534099482000000,38.0000,2.0000,18.0000,3.0000,42.0000,17.07,T3-T5 on Isaac clock; Network_est approximate
2026-05-23T11:01:39.5495000Z,1177,1488,0,1779534099481,1779534099482000000,1779534099482000000,1779534099476000000,1779534099477000000,1779534099481000000,1779534099516000000,1779534099549000000,34.0000,1.0000,16.5000,33.0000,67.0000,17.48,T3-T5 on Isaac clock; Network_est approximate
2026-05-23T11:01:39.5826630Z,1178,1489,0,1779534099538,1779534099516000000,1779534099516000000,1779534099510000000,1779534099537000000,1779534099538000000,1779534099549000000,1779534099582000000,33.0000,27.0000,3.0000,33.0000,66.0000,17.87,T3-T5 on Isaac clock; Network_est approximate
2026-05-23T11:01:39.6151570Z,1179,1490,0,1779534099573,1779534099549000000,1779534099549000000,1779534099543000000,1779534099571000000,1779534099573000000,1779534099582000000,1779534099615000000,33.0000,28.0000,2.5000,33.0000,66.0000,16.91,T3-T5 on Isaac clock; Network_est approximate
2026-05-23T11:01:39.6805000Z,1180,1492,0,1779534099615,1779534099614000000,1779534099614000000,1779534099608000000,1779534099612000000,1779534099615000000,1779534099648000000,1779534099680000000,34.0000,4.0000,15.0000,32.0000,66.0000,17.31,T3-T5 on Isaac clock; Network_est approximate
2026-05-23T11:01:39.7459340Z,1181,1493,0,1779534099674,1779534099648000000,1779534099648000000,1779534099642000000,1779534099674000000,1779534099674000000,1779534099713000000,1779534099745000000,65.0000,32.0000,16.5000,32.0000,97.0000,16.63,T3-T5 on Isaac clock; Network_est approximate
2026-05-23T11:01:39.7792010Z,1182,1495,0,1779534099710,1779534099712000000,1779534099712000000,1779534099708000000,1779534099710000000,1779534099710000000,1779534099745000000,1779534099779000000,33.0000,2.0000,15.5000,34.0000,67.0000,15.77,T3-T5 on Isaac clock; Network_est approximate
2026-05-23T11:01:39.8120020Z,1183,1496,0,1779534099753,1779534099745000000,1779534099745000000,1779534099739000000,1779534099750000000,1779534099753000000,1779534099779000000,1779534099812000000,34.0000,11.0000,11.5000,33.0000,67.0000,15.43,T3-T5 on Isaac clock; Network_est approximate
2026-05-23T11:01:39.8864950Z,1184,1498,0,1779534099813,1779534099811000000,1779534099811000000,1779534099805000000,1779534099809000000,1779534099813000000,1779534099845000000,1779534099886000000,34.0000,4.0000,15.0000,41.0000,75.0000,15.37,T3-T5 on Isaac clock; Network_est approximate
2026-05-23T11:01:39.9181610Z,1185,1499,0,1779534099845,1779534099844000000,1779534099844000000,1779534099839000000,1779534099843000000,1779534099845000000,1779534099886000000,1779534099918000000,42.0000,4.0000,19.0000,32.0000,74.0000,14.44,T3-T5 on Isaac clock; Network_est approximate
2026-05-23T11:01:39.9578380Z,1186,1500,0,1779534099887,1779534099886000000,1779534099886000000,1779534099880000000,1779534099884000000,1779534099887000000,1779534099918000000,1779534099957000000,32.0000,4.0000,14.0000,39.0000,71.0000,13.67,T3-T5 on Isaac clock; Network_est approximate
2026-05-23T11:01:39.9891660Z,1187,1501,0,1779534099948,1779534099917000000,1779534099917000000,1779534099912000000,1779534099944000000,1779534099948000000,1779534099957000000,1779534099989000000,40.0000,32.0000,4.0000,32.0000,72.0000,14.67,T3-T5 on Isaac clock; Network_est approximate
2026-05-23T11:01:40.0216360Z,1188,1502,0,1779534099979,1779534099957000000,1779534099957000000,1779534099951000000,1779534099979000000,1779534099979000000,1779534099989000000,1779534100021000000,32.0000,28.0000,2.0000,32.0000,64.0000,13.85,T3-T5 on Isaac clock; Network_est approximate
2026-05-23T11:01:40.0875300Z,1189,1504,0,1779534100023,1779534100021000000,1779534100021000000,1779534100015000000,1779534100020000000,1779534100023000000,1779534100054000000,1779534100087000000,33.0000,5.0000,14.0000,33.0000,66.0000,14.35,T3-T5 on Isaac clock; Network_est approximate
2026-05-23T11:01:40.1526230Z,1190,1506,0,1779534100086,1779534100087000000,1779534100087000000,1779534100081000000,1779534100082000000,1779534100086000000,1779534100120000000,1779534100152000000,33.0000,1.0000,16.0000,32.0000,65.0000,13.57,T3-T5 on Isaac clock; Network_est approximate
2026-05-23T11:01:40.1854020Z,1191,1507,0,1779534100119,1779534100119000000,1779534100119000000,1779534100114000000,1779534100117000000,1779534100119000000,1779534100152000000,1779534100185000000,33.0000,3.0000,15.0000,33.0000,66.0000,12.74,T3-T5 on Isaac clock; Network_est approximate
2026-05-23T11:01:40.2178770Z,1192,1508,0,1779534100161,1779534100152000000,1779534100152000000,1779534100146000000,1779534100160000000,1779534100161000000,1779534100185000000,1779534100217000000,33.0000,14.0000,9.5000,32.0000,65.0000,12.52,T3-T5 on Isaac clock; Network_est approximate
2026-05-23T11:01:40.2830270Z,1193,1510,0,1779534100223,1779534100217000000,1779534100217000000,1779534100212000000,1779534100219000000,1779534100223000000,1779534100250000000,1779534100283000000,33.0000,7.0000,13.0000,33.0000,66.0000,11.93,T3-T5 on Isaac clock; Network_est approximate
2026-05-23T11:01:40.3156210Z,1194,1511,0,1779534100255,1779534100250000000,1779534100250000000,1779534100244000000,1779534100254000000,1779534100255000000,1779534100282000000,1779534100315000000,32.0000,10.0000,11.0000,33.0000,65.0000,11.23,T3-T5 on Isaac clock; Network_est approximate
2026-05-23T11:01:40.3492060Z,1195,1512,0,1779534100296,1779534100282000000,1779534100282000000,1779534100277000000,1779534100295000000,1779534100296000000,1779534100315000000,1779534100349000000,33.0000,18.0000,7.5000,34.0000,67.0000,10.99,T3-T5 on Isaac clock; Network_est approximate
2026-05-23T11:01:40.4212700Z,1196,1514,0,1779534100359,1779534100349000000,1779534100349000000,1779534100343000000,1779534100356000000,1779534100359000000,1779534100389000000,1779534100421000000,40.0000,13.0000,13.5000,32.0000,72.0000,10.86,T3-T5 on Isaac clock; Network_est approximate
2026-05-23T11:01:40.4616940Z,1197,1515,0,1779534100396,1779534100389000000,1779534100389000000,1779534100383000000,1779534100391000000,1779534100396000000,1779534100421000000,1779534100461000000,32.0000,8.0000,12.0000,40.0000,72.0000,10.37,T3-T5 on Isaac clock; Network_est approximate
2026-05-23T11:01:40.4929090Z,1198,1516,0,1779534100432,1779534100420000000,1779534100420000000,1779534100415000000,1779534100432000000,1779534100432000000,1779534100461000000,1779534100492000000,41.0000,17.0000,12.0000,31.0000,72.0000,9.99,T3-T5 on Isaac clock; Network_est approximate
2026-05-23T11:01:40.5942100Z,1199,1518,0,1779534100495,1779534100492000000,1779534100492000000,1779534100486000000,1779534100491000000,1779534100495000000,1779534100525000000,1779534100594000000,33.0000,5.0000,14.0000,69.0000,102.0000,11.76,T3-T5 on Isaac clock; Network_est approximate
2026-05-23T11:01:40.5978840Z,1201,1519,0,1779534100568,1779534100524000000,1779534100524000000,1779534100519000000,1779534100568000000,1779534100568000000,1779534100594000000,1779534100597000000,70.0000,49.0000,10.5000,3.0000,73.0000,15.35,T3-T5 on Isaac clock; Network_est approximate
2026-05-23T11:01:40.6977870Z,1202,1522,0,1779534100627,1779534100630000000,1779534100630000000,1779534100624000000,1779534100627000000,1779534100627000000,1779534100664000000,1779534100697000000,34.0000,3.0000,15.5000,33.0000,67.0000,16.95,T3-T5 on Isaac clock; Network_est approximate
2026-05-23T11:01:40.7302060Z,1203,1523,0,1779534100665,1779534100664000000,1779534100664000000,1779534100658000000,1779534100662000000,1779534100665000000,1779534100697000000,1779534100730000000,33.0000,4.0000,14.5000,33.0000,66.0000,16.24,T3-T5 on Isaac clock; Network_est approximate
2026-05-23T11:01:40.7629550Z,1204,1524,0,1779534100707,1779534100697000000,1779534100697000000,1779534100691000000,1779534100703000000,1779534100707000000,1779534100730000000,1779534100762000000,33.0000,12.0000,10.5000,32.0000,65.0000,15.80,T3-T5 on Isaac clock; Network_est approximate
2026-05-23T11:01:40.8289710Z,1205,1526,0,1779534100766,1779534100762000000,1779534100762000000,1779534100757000000,1779534100762000000,1779534100766000000,1779534100795000000,1779534100828000000,33.0000,5.0000,14.0000,33.0000,66.0000,15.24,T3-T5 on Isaac clock; Network_est approximate
2026-05-23T11:01:40.8621570Z,1206,1527,0,1779534100797,1779534100795000000,1779534100795000000,1779534100789000000,1779534100797000000,1779534100797000000,1779534100828000000,1779534100862000000,33.0000,8.0000,12.5000,34.0000,67.0000,14.42,T3-T5 on Isaac clock; Network_est approximate
2026-05-23T11:01:40.9020020Z,1207,1528,0,1779534100839,1779534100828000000,1779534100828000000,1779534100823000000,1779534100839000000,1779534100839000000,1779534100862000000,1779534100902000000,34.0000,16.0000,9.0000,40.0000,74.0000,13.64,T3-T5 on Isaac clock; Network_est approximate
2026-05-23T11:01:40.9742240Z,1208,1530,0,1779534100899,1779534100901000000,1779534100901000000,1779534100896000000,1779534100898000000,1779534100899000000,1779534100933000000,1779534100974000000,32.0000,2.0000,15.0000,41.0000,73.0000,13.55,T3-T5 on Isaac clock; Network_est approximate
2026-05-23T11:01:41.0055540Z,1209,1531,0,1779534100935,1779534100933000000,1779534100933000000,1779534100927000000,1779534100933000000,1779534100935000000,1779534100974000000,1779534101005000000,41.0000,6.0000,17.5000,31.0000,72.0000,13.00,T3-T5 on Isaac clock; Network_est approximate
2026-05-23T11:01:41.0387440Z,1210,1532,0,1779534100976,1779534100974000000,1779534100974000000,1779534100968000000,1779534100974000000,1779534100976000000,1779534101005000000,1779534101038000000,31.0000,6.0000,12.5000,33.0000,64.0000,12.67,T3-T5 on Isaac clock; Network_est approximate
2026-05-23T11:01:41.1037400Z,1211,1534,0,1779534101036,1779534101038000000,1779534101038000000,1779534101032000000,1779534101033000000,1779534101036000000,1779534101070000000,1779534101103000000,32.0000,1.0000,15.5000,33.0000,65.0000,12.19,T3-T5 on Isaac clock; Network_est approximate
2026-05-23T11:01:41.1405330Z,1212,1535,0,1779534101073,1779534101070000000,1779534101070000000,1779534101064000000,1779534101068000000,1779534101073000000,1779534101103000000,1779534101140000000,33.0000,4.0000,14.5000,37.0000,70.0000,11.44,T3-T5 on Isaac clock; Network_est approximate
2026-05-23T11:01:41.1726620Z,1213,1536,0,1779534101114,1779534101103000000,1779534101103000000,1779534101097000000,1779534101109000000,1779534101114000000,1779534101140000000,1779534101172000000,37.0000,12.0000,12.5000,32.0000,69.0000,11.28,T3-T5 on Isaac clock; Network_est approximate
2026-05-23T11:01:41.2381580Z,1214,1538,0,1779534101170,1779534101172000000,1779534101172000000,1779534101166000000,1779534101168000000,1779534101170000000,1779534101205000000,1779534101238000000,33.0000,2.0000,15.5000,33.0000,66.0000,11.17,T3-T5 on Isaac clock; Network_est approximate
2026-05-23T11:01:41.2706390Z,1215,1539,0,1779534101207,1779534101205000000,1779534101205000000,1779534101199000000,1779534101205000000,1779534101207000000,1779534101238000000,1779534101270000000,33.0000,6.0000,13.5000,32.0000,65.0000,10.76,T3-T5 on Isaac clock; Network_est approximate
2026-05-23T11:01:41.3030620Z,1216,1540,0,1779534101249,1779534101238000000,1779534101238000000,1779534101232000000,1779534101246000000,1779534101249000000,1779534101270000000,1779534101303000000,32.0000,14.0000,9.0000,33.0000,65.0000,10.68,T3-T5 on Isaac clock; Network_est approximate
2026-05-23T11:01:41.3700780Z,1217,1542,0,1779534101311,1779534101302000000,1779534101302000000,1779534101297000000,1779534101307000000,1779534101311000000,1779534101336000000,1779534101370000000,34.0000,10.0000,12.0000,34.0000,68.0000,10.32,T3-T5 on Isaac clock; Network_est approximate
2026-05-23T11:01:41.4114380Z,1218,1543,0,1779534101348,1779534101336000000,1779534101336000000,1779534101330000000,1779534101345000000,1779534101348000000,1779534101369000000,1779534101411000000,33.0000,15.0000,9.0000,42.0000,75.0000,9.95,T3-T5 on Isaac clock; Network_est approximate
2026-05-23T11:01:41.4423770Z,1219,1544,0,1779534101389,1779534101369000000,1779534101369000000,1779534101363000000,1779534101387000000,1779534101389000000,1779534101411000000,1779534101442000000,42.0000,24.0000,9.0000,31.0000,73.0000,9.95,T3-T5 on Isaac clock; Network_est approximate
2026-05-23T11:01:41.5141750Z,1220,1546,0,1779534101446,1779534101442000000,1779534101442000000,1779534101436000000,1779534101446000000,1779534101446000000,1779534101482000000,1779534101514000000,40.0000,10.0000,15.0000,32.0000,72.0000,10.25,T3-T5 on Isaac clock; Network_est approximate
2026-05-23T11:01:41.5476550Z,1221,1547,0,1779534101483,1779534101482000000,1779534101482000000,1779534101476000000,1779534101481000000,1779534101483000000,1779534101514000000,1779534101547000000,32.0000,5.0000,13.5000,33.0000,65.0000,9.86,T3-T5 on Isaac clock; Network_est approximate
2026-05-23T11:01:41.5798630Z,1222,1548,0,1779534101525,1779534101513000000,1779534101513000000,1779534101508000000,1779534101522000000,1779534101525000000,1779534101547000000,1779534101579000000,34.0000,14.0000,10.0000,32.0000,66.0000,9.82,T3-T5 on Isaac clock; Network_est approximate
2026-05-23T11:01:41.6520910Z,1224,1550,0,1779534101617,1779534101579000000,1779534101579000000,1779534101573000000,1779534101616000000,1779534101617000000,1779534101648000000,1779534101652000000,69.0000,43.0000,13.0000,4.0000,73.0000,10.44,T3-T5 on Isaac clock; Network_est approximate
2026-05-23T11:01:41.7192390Z,1225,1552,0,1779534101660,1779534101651000000,1779534101651000000,1779534101645000000,1779534101657000000,1779534101660000000,1779534101685000000,1779534101719000000,34.0000,12.0000,11.0000,34.0000,68.0000,11.30,T3-T5 on Isaac clock; Network_est approximate
2026-05-23T11:01:41.7847890Z,1226,1554,0,1779534101718,1779534101719000000,1779534101719000000,1779534101713000000,1779534101718000000,1779534101718000000,1779534101752000000,1779534101784000000,33.0000,5.0000,14.0000,32.0000,65.0000,11.06,T3-T5 on Isaac clock; Network_est approximate
2026-05-23T11:01:41.8183050Z,1227,1555,0,1779534101754,1779534101752000000,1779534101752000000,1779534101746000000,1779534101753000000,1779534101754000000,1779534101784000000,1779534101818000000,32.0000,7.0000,12.5000,34.0000,66.0000,10.53,T3-T5 on Isaac clock; Network_est approximate
2026-05-23T11:01:41.8505980Z,1228,1556,0,1779534101801,1779534101784000000,1779534101784000000,1779534101779000000,1779534101797000000,1779534101801000000,1779534101818000000,1779534101850000000,34.0000,18.0000,8.0000,32.0000,66.0000,10.79,T3-T5 on Isaac clock; Network_est approximate
2026-05-23T11:01:41.9291590Z,1230,1558,0,1779534101895,1779534101850000000,1779534101850000000,1779534101844000000,1779534101892000000,1779534101895000000,1779534101923000000,1779534101929000000,73.0000,48.0000,12.5000,6.0000,79.0000,11.08,T3-T5 on Isaac clock; Network_est approximate
2026-05-23T11:01:42.0027750Z,1231,1560,0,1779534101933,1779534101928000000,1779534101928000000,1779534101922000000,1779534101932000000,1779534101933000000,1779534101960000000,1779534102002000000,32.0000,10.0000,11.0000,42.0000,74.0000,12.61,T3-T5 on Isaac clock; Network_est approximate
2026-05-23T11:01:42.0337480Z,1232,1561,0,1779534101995,1779534101960000000,1779534101960000000,1779534101954000000,1779534101991000000,1779534101995000000,1779534102002000000,1779534102033000000,42.0000,37.0000,2.5000,31.0000,73.0000,13.75,T3-T5 on Isaac clock; Network_est approximate
2026-05-23T11:01:42.0991680Z,1233,1562,0,1779534102027,1779534102002000000,1779534102002000000,1779534101996000000,1779534102026000000,1779534102027000000,1779534102066000000,1779534102099000000,64.0000,30.0000,17.0000,33.0000,97.0000,14.98,T3-T5 on Isaac clock; Network_est approximate
2026-05-23T11:01:42.1317120Z,1234,1564,0,1779534102070,1779534102065000000,1779534102065000000,1779534102060000000,1779534102067000000,1779534102070000000,1779534102099000000,1779534102131000000,34.0000,7.0000,13.5000,32.0000,66.0000,14.70,T3-T5 on Isaac clock; Network_est approximate
2026-05-23T11:01:42.1974550Z,1235,1566,0,1779534102131,1779534102131000000,1779534102131000000,1779534102125000000,1779534102126000000,1779534102131000000,1779534102164000000,1779534102197000000,33.0000,1.0000,16.0000,33.0000,66.0000,14.07,T3-T5 on Isaac clock; Network_est approximate
2026-05-23T11:01:42.2302740Z,1236,1567,0,1779534102162,1779534102164000000,1779534102164000000,1779534102158000000,1779534102161000000,1779534102162000000,1779534102197000000,1779534102230000000,33.0000,3.0000,15.0000,33.0000,66.0000,13.30,T3-T5 on Isaac clock; Network_est approximate
2026-05-23T11:01:42.2632540Z,1237,1568,0,1779534102204,1779534102197000000,1779534102197000000,1779534102191000000,1779534102203000000,1779534102204000000,1779534102230000000,1779534102263000000,33.0000,12.0000,10.5000,33.0000,66.0000,13.03,T3-T5 on Isaac clock; Network_est approximate
2026-05-23T11:01:42.3287180Z,1238,1570,0,1779534102269,1779534102263000000,1779534102263000000,1779534102257000000,1779534102264000000,1779534102269000000,1779534102295000000,1779534102328000000,32.0000,7.0000,12.5000,33.0000,65.0000,12.25,T3-T5 on Isaac clock; Network_est approximate
2026-05-23T11:01:42.3616230Z,1239,1571,0,1779534102301,1779534102295000000,1779534102295000000,1779534102289000000,1779534102301000000,1779534102301000000,1779534102328000000,1779534102361000000,33.0000,12.0000,10.5000,33.0000,66.0000,11.54,T3-T5 on Isaac clock; Network_est approximate
2026-05-23T11:01:42.4338700Z,1240,1572,0,1779534102343,1779534102328000000,1779534102328000000,1779534102322000000,1779534102341000000,1779534102343000000,1779534102361000000,1779534102433000000,33.0000,19.0000,7.0000,72.0000,105.0000,12.71,T3-T5 on Isaac clock; Network_est approximate
2026-05-23T11:01:42.4383780Z,1241,1573,0,1779534102405,1779534102361000000,1779534102361000000,1779534102355000000,1779534102401000000,1779534102405000000,1779534102433000000,1779534102438000000,72.0000,46.0000,13.0000,5.0000,77.0000,15.51,T3-T5 on Isaac clock; Network_est approximate
2026-05-23T11:01:42.5112050Z,1242,1575,0,1779534102437,1779534102438000000,1779534102438000000,1779534102432000000,1779534102435000000,1779534102437000000,1779534102470000000,1779534102511000000,32.0000,3.0000,14.5000,41.0000,73.0000,17.10,T3-T5 on Isaac clock; Network_est approximate
2026-05-23T11:01:42.5421550Z,1243,1576,0,1779534102478,1779534102470000000,1779534102470000000,1779534102464000000,1779534102477000000,1779534102478000000,1779534102511000000,1779534102542000000,41.0000,13.0000,14.0000,31.0000,72.0000,16.65,T3-T5 on Isaac clock; Network_est approximate
2026-05-23T11:01:42.6080080Z,1244,1577,0,1779534102536,1779534102510000000,1779534102510000000,1779534102505000000,1779534102535000000,1779534102536000000,1779534102575000000,1779534102608000000,65.0000,30.0000,17.5000,33.0000,98.0000,16.09,T3-T5 on Isaac clock; Network_est approximate
2026-05-23T11:01:42.6420210Z,1245,1579,0,1779534102572,1779534102574000000,1779534102574000000,1779534102569000000,1779534102572000000,1779534102572000000,1779534102607000000,1779534102642000000,33.0000,3.0000,15.0000,35.0000,68.0000,15.27,T3-T5 on Isaac clock; Network_est approximate
2026-05-23T11:01:42.6729450Z,1246,1580,0,1779534102614,1779534102607000000,1779534102607000000,1779534102601000000,1779534102613000000,1779534102614000000,1779534102641000000,1779534102672000000,34.0000,12.0000,11.0000,31.0000,65.0000,14.95,T3-T5 on Isaac clock; Network_est approximate
2026-05-23T11:01:42.7383820Z,1247,1582,0,1779534102676,1779534102672000000,1779534102672000000,1779534102666000000,1779534102672000000,1779534102676000000,1779534102705000000,1779534102738000000,33.0000,6.0000,13.5000,33.0000,66.0000,14.24,T3-T5 on Isaac clock; Network_est approximate
2026-05-23T11:01:42.7708790Z,1248,1583,0,1779534102712,1779534102705000000,1779534102705000000,1779534102699000000,1779534102708000000,1779534102712000000,1779534102738000000,1779534102770000000,33.0000,9.0000,12.0000,32.0000,65.0000,13.56,T3-T5 on Isaac clock; Network_est approximate
2026-05-23T11:01:42.8032880Z,1249,1584,0,1779534102755,1779534102738000000,1779534102738000000,1779534102733000000,1779534102752000000,1779534102755000000,1779534102770000000,1779534102803000000,32.0000,19.0000,6.5000,33.0000,65.0000,13.38,T3-T5 on Isaac clock; Network_est approximate
2026-05-23T11:01:42.8697310Z,1250,1586,0,1779534102814,1779534102803000000,1779534102803000000,1779534102797000000,1779534102810000000,1779534102814000000,1779534102835000000,1779534102869000000,32.0000,13.0000,9.5000,34.0000,66.0000,12.99,T3-T5 on Isaac clock; Network_est approximate
2026-05-23T11:01:42.9470280Z,1251,1587,0,1779534102850,1779534102835000000,1779534102835000000,1779534102830000000,1779534102845000000,1779534102850000000,1779534102869000000,1779534102947000000,34.0000,15.0000,9.5000,78.0000,112.0000,14.77,T3-T5 on Isaac clock; Network_est approximate
2026-05-23T11:01:42.9507910Z,1252,1588,0,1779534102887,1779534102869000000,1779534102869000000,1779534102863000000,1779534102886000000,1779534102887000000,1779534102946000000,1779534102950000000,77.0000,23.0000,27.0000,4.0000,81.0000,15.91,T3-T5 on Isaac clock; Network_est approximate
2026-05-23T11:01:43.0176840Z,1253,1590,0,1779534102950,1779534102950000000,1779534102950000000,1779534102944000000,1779534102946000000,1779534102950000000,1779534102984000000,1779534103017000000,34.0000,2.0000,16.0000,33.0000,67.0000,15.16,T3-T5 on Isaac clock; Network_est approximate
2026-05-23T11:01:43.0506320Z,1254,1591,0,1779534102981,1779534102984000000,1779534102984000000,1779534102978000000,1779534102981000000,1779534102981000000,1779534103017000000,1779534103050000000,33.0000,3.0000,15.0000,33.0000,66.0000,14.33,T3-T5 on Isaac clock; Network_est approximate
2026-05-23T11:01:43.0830550Z,1255,1592,0,1779534103023,1779534103017000000,1779534103017000000,1779534103011000000,1779534103023000000,1779534103023000000,1779534103050000000,1779534103083000000,33.0000,12.0000,10.5000,33.0000,66.0000,14.04,T3-T5 on Isaac clock; Network_est approximate
2026-05-23T11:01:43.1512060Z,1256,1594,0,1779534103086,1779534103082000000,1779534103082000000,1779534103077000000,1779534103082000000,1779534103086000000,1779534103115000000,1779534103151000000,33.0000,5.0000,14.0000,36.0000,69.0000,13.48,T3-T5 on Isaac clock; Network_est approximate
2026-05-23T11:01:43.1834130Z,1257,1595,0,1779534103118,1779534103115000000,1779534103115000000,1779534103109000000,1779534103117000000,1779534103118000000,1779534103151000000,1779534103183000000,36.0000,8.0000,14.0000,32.0000,68.0000,12.66,T3-T5 on Isaac clock; Network_est approximate
2026-05-23T11:01:43.2159730Z,1258,1596,0,1779534103160,1779534103150000000,1779534103151000000,1779534103145000000,1779534103159000000,1779534103160000000,1779534103183000000,1779534103215000000,32.0000,14.0000,9.0000,32.0000,65.0000,12.46,T3-T5 on Isaac clock; Network_est approximate
2026-05-23T11:01:43.2814290Z,1259,1598,0,1779534103225,1779534103215000000,1779534103215000000,1779534103209000000,1779534103223000000,1779534103225000000,1779534103248000000,1779534103281000000,33.0000,14.0000,9.5000,33.0000,66.0000,11.70,T3-T5 on Isaac clock; Network_est approximate
2026-05-23T11:01:43.3140150Z,1260,1599,0,1779534103262,1779534103248000000,1779534103248000000,1779534103242000000,1779534103261000000,1779534103262000000,1779534103281000000,1779534103314000000,33.0000,19.0000,7.0000,33.0000,66.0000,11.25,T3-T5 on Isaac clock; Network_est approximate
2026-05-23T11:01:43.3470890Z,1261,1600,0,1779534103303,1779534103281000000,1779534103281000000,1779534103275000000,1779534103301000000,1779534103303000000,1779534103313000000,1779534103347000000,32.0000,26.0000,3.0000,34.0000,66.0000,11.04,T3-T5 on Isaac clock; Network_est approximate
2026-05-23T11:01:43.4520550Z,1262,1602,0,1779534103366,1779534103346000000,1779534103346000000,1779534103341000000,1779534103361000000,1779534103366000000,1779534103379000000,1779534103452000000,33.0000,20.0000,6.5000,73.0000,106.0000,12.97,T3-T5 on Isaac clock; Network_est approximate
2026-05-23T11:01:43.4554530Z,1264,1603,0,1779534103438,1779534103379000000,1779534103379000000,1779534103373000000,1779534103437000000,1779534103438000000,1779534103452000000,1779534103455000000,73.0000,64.0000,4.5000,3.0000,76.0000,16.44,T3-T5 on Isaac clock; Network_est approximate
2026-05-23T11:01:43.5591380Z,1265,1606,0,1779534103496,1779534103488000000,1779534103488000000,1779534103482000000,1779534103496000000,1779534103496000000,1779534103528000000,1779534103559000000,40.0000,14.0000,13.0000,31.0000,71.0000,18.26,T3-T5 on Isaac clock; Network_est approximate
2026-05-23T11:01:43.5918040Z,1266,1607,0,1779534103533,1779534103528000000,1779534103528000000,1779534103522000000,1779534103531000000,1779534103533000000,1779534103559000000,1779534103591000000,31.0000,9.0000,11.0000,32.0000,63.0000,17.39,T3-T5 on Isaac clock; Network_est approximate
2026-05-23T11:01:43.6245760Z,1267,1608,0,1779534103575,1779534103558000000,1779534103558000000,1779534103553000000,1779534103572000000,1779534103575000000,1779534103591000000,1779534103624000000,33.0000,19.0000,7.0000,33.0000,66.0000,16.88,T3-T5 on Isaac clock; Network_est approximate
2026-05-23T11:01:43.6903310Z,1268,1610,0,1779534103633,1779534103624000000,1779534103624000000,1779534103620000000,1779534103631000000,1779534103633000000,1779534103658000000,1779534103690000000,34.0000,11.0000,11.5000,32.0000,66.0000,16.30,T3-T5 on Isaac clock; Network_est approximate
2026-05-23T11:01:43.7231650Z,1269,1611,0,1779534103669,1779534103657000000,1779534103657000000,1779534103652000000,1779534103667000000,1779534103669000000,1779534103690000000,1779534103723000000,33.0000,15.0000,9.0000,33.0000,66.0000,15.51,T3-T5 on Isaac clock; Network_est approximate
2026-05-23T11:01:43.7549480Z,1270,1612,0,1779534103712,1779534103690000000,1779534103690000000,1779534103684000000,1779534103709000000,1779534103712000000,1779534103723000000,1779534103754000000,33.0000,25.0000,4.0000,31.0000,64.0000,15.20,T3-T5 on Isaac clock; Network_est approximate
2026-05-23T11:01:43.8276950Z,1272,1614,0,1779534103803,1779534103754000000,1779534103754000000,1779534103748000000,1779534103801000000,1779534103803000000,1779534103824000000,1779534103827000000,70.0000,53.0000,8.5000,3.0000,73.0000,15.40,T3-T5 on Isaac clock; Network_est approximate
2026-05-23T11:01:43.8953180Z,1273,1616,0,1779534103845,1779534103827000000,1779534103827000000,1779534103821000000,1779534103842000000,1779534103845000000,1779534103860000000,1779534103895000000,33.0000,21.0000,6.0000,35.0000,68.0000,16.03,T3-T5 on Isaac clock; Network_est approximate
2026-05-23T11:01:43.9703300Z,1275,1618,0,1779534103938,1779534103895000000,1779534103895000000,1779534103889000000,1779534103935000000,1779534103938000000,1779534103966000000,1779534103970000000,71.0000,46.0000,12.5000,4.0000,75.0000,16.15,T3-T5 on Isaac clock; Network_est approximate
2026-05-23T11:01:44.0423630Z,1276,1620,0,1779534103980,1779534103970000000,1779534103970000000,1779534103964000000,1779534103976000000,1779534103980000000,1779534104001000000,1779534104042000000,31.0000,12.0000,9.5000,41.0000,72.0000,17.01,T3-T5 on Isaac clock; Network_est approximate
2026-05-23T11:01:44.1060860Z,1277,1621,0,1779534104038,1779534104001000000,1779534104001000000,1779534103995000000,1779534104036000000,1779534104038000000,1779534104073000000,1779534104106000000,72.0000,41.0000,15.5000,33.0000,105.0000,16.30,T3-T5 on Isaac clock; Network_est approximate
2026-05-23T11:01:44.1392180Z,1278,1623,0,1779534104074,1779534104073000000,1779534104073000000,1779534104067000000,1779534104071000000,1779534104074000000,1779534104105000000,1779534104139000000,32.0000,4.0000,14.0000,34.0000,66.0000,15.45,T3-T5 on Isaac clock; Network_est approximate
2026-05-23T11:01:44.1710990Z,1279,1624,0,1779534104116,1779534104105000000,1779534104105000000,1779534104100000000,1779534104112000000,1779534104116000000,1779534104139000000,1779534104171000000,34.0000,12.0000,11.0000,32.0000,66.0000,15.11,T3-T5 on Isaac clock; Network_est approximate
2026-05-23T11:01:44.2373060Z,1280,1626,0,1779534104173,1779534104170000000,1779534104170000000,1779534104165000000,1779534104172000000,1779534104173000000,1779534104203000000,1779534104237000000,33.0000,7.0000,13.0000,34.0000,67.0000,14.73,T3-T5 on Isaac clock; Network_est approximate
2026-05-23T11:01:44.2690970Z,1281,1627,0,1779534104209,1779534104203000000,1779534104203000000,1779534104197000000,1779534104206000000,1779534104209000000,1779534104237000000,1779534104269000000,34.0000,9.0000,12.5000,32.0000,66.0000,14.06,T3-T5 on Isaac clock; Network_est approximate
2026-05-23T11:01:44.3015700Z,1282,1628,0,1779534104250,1779534104236000000,1779534104236000000,1779534104231000000,1779534104247000000,1779534104250000000,1779534104269000000,1779534104301000000,33.0000,16.0000,8.5000,32.0000,65.0000,13.71,T3-T5 on Isaac clock; Network_est approximate
2026-05-23T11:01:44.3667750Z,1283,1630,0,1779534104314,1779534104301000000,1779534104301000000,1779534104295000000,1779534104310000000,1779534104314000000,1779534104334000000,1779534104366000000,33.0000,15.0000,9.0000,32.0000,65.0000,12.93,T3-T5 on Isaac clock; Network_est approximate
2026-05-23T11:01:44.3994850Z,1284,1631,0,1779534104350,1779534104333000000,1779534104333000000,1779534104328000000,1779534104346000000,1779534104350000000,1779534104366000000,1779534104399000000,33.0000,18.0000,7.5000,33.0000,66.0000,12.33,T3-T5 on Isaac clock; Network_est approximate
2026-05-23T11:01:44.4746610Z,1286,1633,0,1779534104452,1779534104399000000,1779534104399000000,1779534104393000000,1779534104448000000,1779534104452000000,1779534104471000000,1779534104474000000,72.0000,55.0000,8.5000,3.0000,75.0000,13.23,T3-T5 on Isaac clock; Network_est approximate
2026-05-23T11:01:44.5478180Z,1287,1635,0,1779534104483,1779534104474000000,1779534104474000000,1779534104468000000,1779534104482000000,1779534104483000000,1779534104507000000,1779534104547000000,33.0000,14.0000,9.5000,40.0000,73.0000,15.03,T3-T5 on Isaac clock; Network_est approximate
2026-05-23T11:01:44.5804660Z,1288,1636,0,1779534104525,1779534104507000000,1779534104507000000,1779534104501000000,1779534104525000000,1779534104525000000,1779534104547000000,1779534104580000000,40.0000,24.0000,8.0000,33.0000,73.0000,14.68,T3-T5 on Isaac clock; Network_est approximate
2026-05-23T11:01:44.6541720Z,1289,1638,0,1779534104587,1779534104580000000,1779534104580000000,1779534104574000000,1779534104583000000,1779534104587000000,1779534104617000000,1779534104654000000,37.0000,9.0000,14.0000,37.0000,74.0000,14.49,T3-T5 on Isaac clock; Network_est approximate
2026-05-23T11:01:44.6905750Z,1290,1639,0,1779534104619,1779534104617000000,1779534104617000000,1779534104611000000,1779534104618000000,1779534104619000000,1779534104654000000,1779534104690000000,37.0000,7.0000,15.0000,36.0000,73.0000,13.87,T3-T5 on Isaac clock; Network_est approximate
2026-05-23T11:01:44.7273230Z,1291,1640,0,1779534104660,1779534104653000000,1779534104653000000,1779534104648000000,1779534104659000000,1779534104660000000,1779534104690000000,1779534104727000000,37.0000,11.0000,13.0000,37.0000,74.0000,13.28,T3-T5 on Isaac clock; Network_est approximate
2026-05-23T11:01:44.8020820Z,1293,1642,0,1779534104754,1779534104726000000,1779534104726000000,1779534104721000000,1779534104753000000,1779534104754000000,1779534104764000000,1779534104802000000,38.0000,32.0000,3.0000,38.0000,76.0000,13.68,T3-T5 on Isaac clock; Network_est approximate
2026-05-23T11:01:44.9052760Z,1294,1644,0,1779534104802,1779534104801000000,1779534104801000000,1779534104797000000,1779534104797000000,1779534104802000000,1779534104834000000,1779534104905000000,33.0000,0.0000,16.5000,71.0000,104.0000,16.30,T3-T5 on Isaac clock; Network_est approximate
2026-05-23T11:01:44.9102200Z,1296,1645,0,1779534104895,1779534104834000000,1779534104834000000,1779534104828000000,1779534104891000000,1779534104895000000,1779534104905000000,1779534104910000000,71.0000,63.0000,4.0000,5.0000,76.0000,20.77,T3-T5 on Isaac clock; Network_est approximate
2026-05-23T11:01:44.9859410Z,1297,1647,0,1779534104936,1779534104910000000,1779534104910000000,1779534104904000000,1779534104934000000,1779534104936000000,1779534104943000000,1779534104985000000,33.0000,30.0000,1.5000,42.0000,75.0000,21.63,T3-T5 on Isaac clock; Network_est approximate
2026-05-23T11:01:45.0595760Z,1299,1649,0,1779534105030,1779534104985000000,1779534104985000000,1779534104979000000,1779534105029000000,1779534105030000000,1779534105055000000,1779534105059000000,70.0000,50.0000,10.0000,4.0000,74.0000,21.54,T3-T5 on Isaac clock; Network_est approximate
2026-05-23T11:01:45.1257970Z,1300,1651,0,1779534105072,1779534105059000000,1779534105059000000,1779534105053000000,1779534105070000000,1779534105072000000,1779534105091000000,1779534105125000000,32.0000,17.0000,7.5000,34.0000,66.0000,21.71,T3-T5 on Isaac clock; Network_est approximate
2026-05-23T11:01:45.1933590Z,1301,1653,0,1779534105135,1779534105125000000,1779534105125000000,1779534105119000000,1779534105129000000,1779534105135000000,1779534105160000000,1779534105193000000,35.0000,10.0000,12.5000,33.0000,68.0000,20.63,T3-T5 on Isaac clock; Network_est approximate
2026-05-23T11:01:45.2262230Z,1302,1654,0,1779534105166,1779534105160000000,1779534105160000000,1779534105154000000,1779534105164000000,1779534105166000000,1779534105193000000,1779534105226000000,33.0000,10.0000,11.5000,33.0000,66.0000,19.46,T3-T5 on Isaac clock; Network_est approximate
2026-05-23T11:01:45.2588060Z,1303,1655,0,1779534105215,1779534105193000000,1779534105193000000,1779534105187000000,1779534105211000000,1779534105215000000,1779534105226000000,1779534105258000000,33.0000,24.0000,4.5000,32.0000,65.0000,19.27,T3-T5 on Isaac clock; Network_est approximate
2026-05-23T11:01:45.3240730Z,1304,1657,0,1779534105271,1779534105258000000,1779534105258000000,1779534105253000000,1779534105271000000,1779534105271000000,1779534105291000000,1779534105324000000,33.0000,18.0000,7.5000,33.0000,66.0000,18.64,T3-T5 on Isaac clock; Network_est approximate
2026-05-23T11:01:45.3571570Z,1305,1658,0,1779534105310,1779534105291000000,1779534105291000000,1779534105285000000,1779534105306000000,1779534105310000000,1779534105324000000,1779534105357000000,33.0000,21.0000,6.0000,33.0000,66.0000,17.84,T3-T5 on Isaac clock; Network_est approximate
2026-05-23T11:01:45.4222920Z,1306,1659,0,1779534105352,1779534105323000000,1779534105323000000,1779534105318000000,1779534105347000000,1779534105352000000,1779534105389000000,1779534105422000000,66.0000,29.0000,18.5000,33.0000,99.0000,18.17,T3-T5 on Isaac clock; Network_est approximate
2026-05-23T11:01:45.4555120Z,1307,1661,0,1779534105409,1779534105388000000,1779534105388000000,1779534105383000000,1779534105406000000,1779534105409000000,1779534105422000000,1779534105455000000,34.0000,23.0000,5.5000,33.0000,67.0000,18.51,T3-T5 on Isaac clock; Network_est approximate
2026-05-23T11:01:45.4965080Z,1308,1662,0,1779534105445,1779534105422000000,1779534105422000000,1779534105416000000,1779534105441000000,1779534105445000000,1779534105455000000,1779534105496000000,33.0000,25.0000,4.0000,41.0000,74.0000,17.66,T3-T5 on Isaac clock; Network_est approximate
2026-05-23T11:01:45.5286190Z,1309,1663,0,1779534105482,1779534105455000000,1779534105455000000,1779534105449000000,1779534105482000000,1779534105482000000,1779534105496000000,1779534105528000000,41.0000,33.0000,4.0000,32.0000,73.0000,16.85,T3-T5 on Isaac clock; Network_est approximate
2026-05-23T11:01:45.5996120Z,1310,1665,0,1779534105545,1779534105528000000,1779534105528000000,1779534105523000000,1779534105541000000,1779534105545000000,1779534105568000000,1779534105599000000,40.0000,18.0000,11.0000,31.0000,71.0000,16.30,T3-T5 on Isaac clock; Network_est approximate
2026-05-23T11:01:45.6322610Z,1311,1666,0,1779534105577,1779534105568000000,1779534105568000000,1779534105562000000,1779534105575000000,1779534105577000000,1779534105599000000,1779534105632000000,31.0000,13.0000,9.0000,33.0000,64.0000,15.32,T3-T5 on Isaac clock; Network_est approximate
2026-05-23T11:01:45.6651570Z,1312,1667,0,1779534105618,1779534105599000000,1779534105599000000,1779534105593000000,1779534105616000000,1779534105618000000,1779534105632000000,1779534105665000000,33.0000,23.0000,5.0000,33.0000,66.0000,14.87,T3-T5 on Isaac clock; Network_est approximate
2026-05-23T11:01:45.7310050Z,1313,1669,0,1779534105681,1779534105664000000,1779534105664000000,1779534105660000000,1779534105677000000,1779534105681000000,1779534105697000000,1779534105731000000,33.0000,17.0000,8.0000,34.0000,67.0000,14.11,T3-T5 on Isaac clock; Network_est approximate
2026-05-23T11:01:45.7633500Z,1314,1670,0,1779534105717,1779534105697000000,1779534105697000000,1779534105691000000,1779534105716000000,1779534105717000000,1779534105730000000,1779534105763000000,33.0000,25.0000,4.0000,33.0000,66.0000,13.45,T3-T5 on Isaac clock; Network_est approximate
2026-05-23T11:01:45.8299700Z,1315,1671,0,1779534105760,1779534105730000000,1779534105730000000,1779534105724000000,1779534105756000000,1779534105760000000,1779534105796000000,1779534105829000000,66.0000,32.0000,17.0000,33.0000,99.0000,14.08,T3-T5 on Isaac clock; Network_est approximate
2026-05-23T11:01:45.8622060Z,1316,1673,0,1779534105817,1779534105796000000,1779534105796000000,1779534105790000000,1779534105816000000,1779534105817000000,1779534105829000000,1779534105862000000,33.0000,26.0000,3.5000,33.0000,66.0000,14.74,T3-T5 on Isaac clock; Network_est approximate
2026-05-23T11:01:45.8953780Z,1317,1674,0,1779534105853,1779534105829000000,1779534105829000000,1779534105823000000,1779534105853000000,1779534105853000000,1779534105862000000,1779534105895000000,33.0000,30.0000,1.5000,33.0000,66.0000,14.02,T3-T5 on Isaac clock; Network_est approximate
2026-05-23T11:01:46.0121330Z,1318,1676,0,1779534105901,1779534105894000000,1779534105894000000,1779534105888000000,1779534105896000000,1779534105901000000,1779534105928000000,1779534106012000000,34.0000,8.0000,13.0000,84.0000,118.0000,17.04,T3-T5 on Isaac clock; Network_est approximate
2026-05-23T11:01:46.0172150Z,1320,1677,0,1779534105996,1779534105928000000,1779534105928000000,1779534105922000000,1779534105994000000,1779534105996000000,1779534106005000000,1779534106017000000,77.0000,72.0000,2.5000,12.0000,89.0000,21.18,T3-T5 on Isaac clock; Network_est approximate
2026-05-23T11:01:46.0911800Z,1321,1679,0,1779534106034,1779534106016000000,1779534106017000000,1779534106011000000,1779534106034000000,1779534106034000000,1779534106050000000,1779534106091000000,33.0000,23.0000,5.0000,41.0000,75.0000,22.10,T3-T5 on Isaac clock; Network_est approximate
2026-05-23T11:01:46.1556360Z,1322,1681,0,1779534106097,1779534106090000000,1779534106091000000,1779534106085000000,1779534106094000000,1779534106097000000,1779534106122000000,1779534106155000000,31.0000,9.0000,11.0000,33.0000,65.0000,20.81,T3-T5 on Isaac clock; Network_est approximate
2026-05-23T11:01:46.1884570Z,1323,1682,0,1779534106128,1779534106122000000,1779534106122000000,1779534106116000000,1779534106128000000,1779534106128000000,1779534106155000000,1779534106188000000,33.0000,12.0000,10.5000,33.0000,66.0000,19.63,T3-T5 on Isaac clock; Network_est approximate
2026-05-23T11:01:46.2208560Z,1324,1683,0,1779534106170,1779534106155000000,1779534106155000000,1779534106149000000,1779534106169000000,1779534106170000000,1779534106188000000,1779534106220000000,33.0000,20.0000,6.5000,32.0000,65.0000,19.00,T3-T5 on Isaac clock; Network_est approximate
2026-05-23T11:01:46.2869020Z,1325,1685,0,1779534106228,1779534106220000000,1779534106220000000,1779534106214000000,1779534106228000000,1779534106228000000,1779534106253000000,1779534106286000000,33.0000,14.0000,9.5000,33.0000,66.0000,18.31,T3-T5 on Isaac clock; Network_est approximate
2026-05-23T11:01:46.3191990Z,1326,1686,0,1779534106265,1779534106253000000,1779534106253000000,1779534106247000000,1779534106263000000,1779534106265000000,1779534106286000000,1779534106319000000,33.0000,16.0000,8.5000,33.0000,66.0000,17.46,T3-T5 on Isaac clock; Network_est approximate
2026-05-23T11:01:46.3516500Z,1327,1687,0,1779534106306,1779534106286000000,1779534106286000000,1779534106281000000,1779534106304000000,1779534106306000000,1779534106319000000,1779534106351000000,33.0000,23.0000,5.0000,32.0000,65.0000,16.89,T3-T5 on Isaac clock; Network_est approximate
2026-05-23T11:01:46.4172540Z,1328,1689,0,1779534106370,1779534106351000000,1779534106351000000,1779534106345000000,1779534106366000000,1779534106370000000,1779534106384000000,1779534106417000000,33.0000,21.0000,6.0000,33.0000,66.0000,15.94,T3-T5 on Isaac clock; Network_est approximate
2026-05-23T11:01:46.4501420Z,1329,1690,0,1779534106401,1779534106384000000,1779534106384000000,1779534106378000000,1779534106400000000,1779534106401000000,1779534106417000000,1779534106450000000,33.0000,22.0000,5.5000,33.0000,66.0000,15.06,T3-T5 on Isaac clock; Network_est approximate
2026-05-23T11:01:46.5250480Z,1330,1691,0,1779534106443,1779534106417000000,1779534106417000000,1779534106411000000,1779534106441000000,1779534106443000000,1779534106483000000,1779534106525000000,66.0000,30.0000,18.0000,42.0000,108.0000,16.17,T3-T5 on Isaac clock; Network_est approximate
2026-05-23T11:01:46.5562700Z,1331,1693,0,1779534106502,1779534106483000000,1779534106483000000,1779534106477000000,1779534106500000000,1779534106502000000,1779534106524000000,1779534106556000000,41.0000,23.0000,9.0000,32.0000,73.0000,16.90,T3-T5 on Isaac clock; Network_est approximate
2026-05-23T11:01:46.5996280Z,1332,1694,0,1779534106538,1779534106524000000,1779534106524000000,1779534106519000000,1779534106535000000,1779534106538000000,1779534106556000000,1779534106599000000,32.0000,16.0000,8.0000,43.0000,75.0000,16.31,T3-T5 on Isaac clock; Network_est approximate
2026-05-23T11:01:46.6306500Z,1333,1695,0,1779534106580,1779534106556000000,1779534106556000000,1779534106550000000,1779534106576000000,1779534106580000000,1779534106599000000,1779534106630000000,43.0000,26.0000,8.5000,31.0000,74.0000,15.97,T3-T5 on Isaac clock; Network_est approximate
2026-05-23T11:01:46.6964950Z,1334,1697,0,1779534106636,1779534106630000000,1779534106630000000,1779534106624000000,1779534106636000000,1779534106636000000,1779534106663000000,1779534106696000000,33.0000,12.0000,10.5000,33.0000,66.0000,15.58,T3-T5 on Isaac clock; Network_est approximate
2026-05-23T11:01:46.7296500Z,1335,1698,0,1779534106672,1779534106663000000,1779534106663000000,1779534106657000000,1779534106671000000,1779534106672000000,1779534106696000000,1779534106729000000,33.0000,14.0000,9.5000,33.0000,66.0000,14.79,T3-T5 on Isaac clock; Network_est approximate
2026-05-23T11:01:46.7613820Z,1336,1699,0,1779534106713,1779534106696000000,1779534106696000000,1779534106690000000,1779534106712000000,1779534106713000000,1779534106729000000,1779534106761000000,33.0000,22.0000,5.5000,32.0000,65.0000,14.44,T3-T5 on Isaac clock; Network_est approximate
2026-05-23T11:01:46.8270050Z,1337,1701,0,1779534106771,1779534106761000000,1779534106761000000,1779534106756000000,1779534106771000000,1779534106771000000,1779534106793000000,1779534106827000000,32.0000,15.0000,8.5000,34.0000,66.0000,14.01,T3-T5 on Isaac clock; Network_est approximate
2026-05-23T11:01:46.8594740Z,1338,1702,0,1779534106813,1779534106793000000,1779534106793000000,1779534106787000000,1779534106808000000,1779534106813000000,1779534106826000000,1779534106859000000,33.0000,21.0000,6.0000,33.0000,66.0000,13.73,T3-T5 on Isaac clock; Network_est approximate
2026-05-23T11:01:46.9256470Z,1339,1703,0,1779534106856,1779534106826000000,1779534106826000000,1779534106820000000,1779534106852000000,1779534106856000000,1779534106892000000,1779534106925000000,66.0000,32.0000,17.0000,33.0000,99.0000,14.31,T3-T5 on Isaac clock; Network_est approximate
2026-05-23T11:01:46.9915140Z,1340,1705,0,1779534106919,1779534106891000000,1779534106891000000,1779534106886000000,1779534106914000000,1779534106919000000,1779534106958000000,1779534106991000000,67.0000,28.0000,19.5000,33.0000,100.0000,13.57,T3-T5 on Isaac clock; Network_est approximate
2026-05-23T11:01:47.0340220Z,1341,1706,0,1779534106957,1779534106925000000,1779534106925000000,1779534106919000000,1779534106951000000,1779534106957000000,1779534106991000000,1779534107034000000,66.0000,32.0000,17.0000,43.0000,109.0000,13.03,T3-T5 on Isaac clock; Network_est approximate
2026-05-23T11:01:47.1093050Z,1342,1708,0,1779534106999,1779534106990000000,1779534106990000000,1779534106985000000,1779534106996000000,1779534106999000000,1779534107033000000,1779534107109000000,43.0000,11.0000,16.0000,76.0000,119.0000,14.30,T3-T5 on Isaac clock; Network_est approximate
2026-05-23T11:01:47.1133250Z,1344,1709,0,1779534107094,1779534107033000000,1779534107033000000,1779534107027000000,1779534107090000000,1779534107094000000,1779534107109000000,1779534107113000000,76.0000,63.0000,6.5000,4.0000,80.0000,19.09,T3-T5 on Isaac clock; Network_est approximate
2026-05-23T11:01:47.1823410Z,1345,1711,0,1779534107132,1779534107113000000,1779534107113000000,1779534107107000000,1779534107132000000,1779534107132000000,1779534107149000000,1779534107182000000,36.0000,25.0000,5.5000,33.0000,69.0000,19.84,T3-T5 on Isaac clock; Network_est approximate
2026-05-23T11:01:47.2486450Z,1346,1713,0,1779534107195,1779534107182000000,1779534107182000000,1779534107179000000,1779534107191000000,1779534107195000000,1779534107215000000,1779534107248000000,33.0000,12.0000,10.5000,33.0000,66.0000,18.80,T3-T5 on Isaac clock; Network_est approximate
2026-05-23T11:01:47.2809450Z,1347,1714,0,1779534107226,1779534107215000000,1779534107215000000,1779534107209000000,1779534107226000000,1779534107226000000,1779534107248000000,1779534107280000000,33.0000,17.0000,8.0000,32.0000,65.0000,17.70,T3-T5 on Isaac clock; Network_est approximate
2026-05-23T11:01:47.3135050Z,1348,1715,0,1779534107268,1779534107248000000,1779534107248000000,1779534107242000000,1779534107267000000,1779534107268000000,1779534107280000000,1779534107313000000,32.0000,25.0000,3.5000,33.0000,65.0000,17.17,T3-T5 on Isaac clock; Network_est approximate
2026-05-23T11:01:47.3792980Z,1349,1717,0,1779534107326,1779534107313000000,1779534107313000000,1779534107307000000,1779534107326000000,1779534107326000000,1779534107346000000,1779534107379000000,33.0000,19.0000,7.0000,33.0000,66.0000,16.58,T3-T5 on Isaac clock; Network_est approximate
2026-05-23T11:01:47.4117430Z,1350,1718,0,1779534107363,1779534107346000000,1779534107346000000,1779534107340000000,1779534107362000000,1779534107363000000,1779534107379000000,1779534107411000000,33.0000,22.0000,5.5000,32.0000,65.0000,15.83,T3-T5 on Isaac clock; Network_est approximate
2026-05-23T11:01:47.4776100Z,1351,1719,0,1779534107405,1779534107379000000,1779534107379000000,1779534107373000000,1779534107404000000,1779534107405000000,1779534107444000000,1779534107477000000,65.0000,31.0000,17.0000,33.0000,98.0000,16.33,T3-T5 on Isaac clock; Network_est approximate
2026-05-23T11:01:47.5106230Z,1352,1721,0,1779534107461,1779534107444000000,1779534107444000000,1779534107438000000,1779534107461000000,1779534107461000000,1779534107477000000,1779534107510000000,33.0000,23.0000,5.0000,33.0000,66.0000,16.75,T3-T5 on Isaac clock; Network_est approximate
2026-05-23T11:01:47.5512230Z,1353,1722,0,1779534107498,1779534107477000000,1779534107477000000,1779534107471000000,1779534107495000000,1779534107498000000,1779534107510000000,1779534107551000000,33.0000,24.0000,4.5000,41.0000,74.0000,15.93,T3-T5 on Isaac clock; Network_est approximate
2026-05-23T11:01:47.5825210Z,1354,1723,0,1779534107540,1779534107510000000,1779534107510000000,1779534107504000000,1779534107537000000,1779534107540000000,1779534107551000000,1779534107582000000,41.0000,33.0000,4.0000,31.0000,72.0000,15.60,T3-T5 on Isaac clock; Network_est approximate
2026-05-23T11:01:47.6561130Z,1355,1725,0,1779534107598,1779534107582000000,1779534107582000000,1779534107576000000,1779534107597000000,1779534107598000000,1779534107615000000,1779534107656000000,33.0000,21.0000,6.0000,41.0000,74.0000,15.60,T3-T5 on Isaac clock; Network_est approximate
2026-05-23T11:01:47.6871330Z,1356,1726,0,1779534107635,1779534107615000000,1779534107615000000,1779534107609000000,1779534107632000000,1779534107635000000,1779534107656000000,1779534107687000000,41.0000,23.0000,9.0000,31.0000,72.0000,14.99,T3-T5 on Isaac clock; Network_est approximate
2026-05-23T11:01:47.7195350Z,1357,1727,0,1779534107676,1779534107655000000,1779534107655000000,1779534107650000000,1779534107674000000,1779534107676000000,1779534107687000000,1779534107719000000,32.0000,24.0000,4.0000,32.0000,64.0000,14.59,T3-T5 on Isaac clock; Network_est approximate
2026-05-23T11:01:47.7848500Z,1358,1729,0,1779534107734,1779534107719000000,1779534107719000000,1779534107713000000,1779534107734000000,1779534107734000000,1779534107752000000,1779534107784000000,33.0000,21.0000,6.0000,32.0000,65.0000,14.14,T3-T5 on Isaac clock; Network_est approximate
2026-05-23T11:01:47.8178710Z,1359,1730,0,1779534107770,1779534107751000000,1779534107751000000,1779534107746000000,1779534107768000000,1779534107770000000,1779534107784000000,1779534107817000000,33.0000,22.0000,5.5000,33.0000,66.0000,13.44,T3-T5 on Isaac clock; Network_est approximate
2026-05-23T11:01:47.8826760Z,1360,1731,0,1779534107814,1779534107784000000,1779534107784000000,1779534107778000000,1779534107809000000,1779534107814000000,1779534107849000000,1779534107882000000,65.0000,31.0000,17.0000,33.0000,98.0000,13.90,T3-T5 on Isaac clock; Network_est approximate
2026-05-23T11:01:47.9154690Z,1361,1733,0,1779534107870,1779534107849000000,1779534107849000000,1779534107843000000,1779534107869000000,1779534107870000000,1779534107882000000,1779534107915000000,33.0000,26.0000,3.5000,33.0000,66.0000,14.48,T3-T5 on Isaac clock; Network_est approximate
2026-05-23T11:01:47.9483880Z,1362,1734,0,1779534107907,1779534107882000000,1779534107882000000,1779534107876000000,1779534107904000000,1779534107907000000,1779534107915000000,1779534107948000000,33.0000,28.0000,2.5000,33.0000,66.0000,13.83,T3-T5 on Isaac clock; Network_est approximate
2026-05-23T11:01:48.0140440Z,1363,1736,0,1779534107945,1779534107948000000,1779534107948000000,1779534107942000000,1779534107944000000,1779534107945000000,1779534107980000000,1779534108014000000,32.0000,2.0000,15.0000,34.0000,66.0000,14.68,T3-T5 on Isaac clock; Network_est approximate
2026-05-23T11:01:48.0561160Z,1364,1737,0,1779534108007,1779534107980000000,1779534107980000000,1779534107975000000,1779534108004000000,1779534108007000000,1779534108013000000,1779534108056000000,33.0000,29.0000,2.0000,43.0000,76.0000,15.01,T3-T5 on Isaac clock; Network_est approximate
2026-05-23T11:01:48.0884060Z,1365,1738,0,1779534108043,1779534108013000000,1779534108013000000,1779534108007000000,1779534108039000000,1779534108043000000,1779534108056000000,1779534108088000000,43.0000,32.0000,5.5000,32.0000,75.0000,14.33,T3-T5 on Isaac clock; Network_est approximate
2026-05-23T11:01:48.1957860Z,1366,1739,0,1779534108085,1779534108055000000,1779534108055000000,1779534108049000000,1779534108080000000,1779534108085000000,1779534108128000000,1779534108195000000,73.0000,31.0000,21.0000,67.0000,140.0000,17.55,T3-T5 on Isaac clock; Network_est approximate
2026-05-23T11:01:48.1993330Z,1368,1741,0,1779534108178,1779534108128000000,1779534108128000000,1779534108122000000,1779534108175000000,1779534108178000000,1779534108195000000,1779534108199000000,67.0000,53.0000,7.0000,4.0000,71.0000,22.05,T3-T5 on Isaac clock; Network_est approximate
2026-05-23T11:01:48.2658570Z,1369,1743,0,1779534108220,1779534108199000000,1779534108199000000,1779534108193000000,1779534108216000000,1779534108220000000,1779534108232000000,1779534108265000000,33.0000,23.0000,5.0000,33.0000,66.0000,22.19,T3-T5 on Isaac clock; Network_est approximate
2026-05-23T11:01:48.3317770Z,1370,1745,0,1779534108278,1779534108265000000,1779534108265000000,1779534108259000000,1779534108275000000,1779534108278000000,1779534108299000000,1779534108331000000,34.0000,16.0000,9.0000,32.0000,66.0000,21.31,T3-T5 on Isaac clock; Network_est approximate
2026-05-23T11:01:48.3639200Z,1371,1746,0,1779534108314,1779534108299000000,1779534108299000000,1779534108293000000,1779534108309000000,1779534108314000000,1779534108331000000,1779534108363000000,32.0000,16.0000,8.0000,32.0000,64.0000,20.22,T3-T5 on Isaac clock; Network_est approximate
2026-05-23T11:01:48.3971210Z,1372,1747,0,1779534108351,1779534108331000000,1779534108331000000,1779534108325000000,1779534108350000000,1779534108351000000,1779534108363000000,1779534108397000000,32.0000,25.0000,3.5000,34.0000,66.0000,19.19,T3-T5 on Isaac clock; Network_est approximate
2026-05-23T11:01:48.4622480Z,1373,1749,0,1779534108415,1779534108396000000,1779534108396000000,1779534108391000000,1779534108410000000,1779534108415000000,1779534108429000000,1779534108462000000,33.0000,19.0000,7.0000,33.0000,66.0000,18.06,T3-T5 on Isaac clock; Network_est approximate
2026-05-23T11:01:48.4950120Z,1374,1750,0,1779534108446,1779534108429000000,1779534108429000000,1779534108423000000,1779534108445000000,1779534108446000000,1779534108462000000,1779534108495000000,33.0000,22.0000,5.5000,33.0000,66.0000,17.04,T3-T5 on Isaac clock; Network_est approximate
2026-05-23T11:01:48.5280270Z,1375,1751,0,1779534108487,1779534108462000000,1779534108462000000,1779534108456000000,1779534108486000000,1779534108487000000,1779534108494000000,1779534108528000000,32.0000,30.0000,1.0000,34.0000,66.0000,16.47,T3-T5 on Isaac clock; Network_est approximate
2026-05-23T11:01:48.5999340Z,1376,1753,0,1779534108545,1779534108527000000,1779534108527000000,1779534108521000000,1779534108545000000,1779534108545000000,1779534108568000000,1779534108599000000,41.0000,24.0000,8.5000,31.0000,72.0000,16.31,T3-T5 on Isaac clock; Network_est approximate
2026-05-23T11:01:48.6404920Z,1377,1754,0,1779534108582,1779534108568000000,1779534108568000000,1779534108562000000,1779534108579000000,1779534108582000000,1779534108599000000,1779534108640000000,31.0000,17.0000,7.0000,41.0000,72.0000,15.51,T3-T5 on Isaac clock; Network_est approximate
2026-05-23T11:01:48.6718490Z,1378,1755,0,1779534108625,1779534108599000000,1779534108599000000,1779534108593000000,1779534108620000000,1779534108625000000,1779534108640000000,1779534108671000000,41.0000,27.0000,7.0000,31.0000,72.0000,15.27,T3-T5 on Isaac clock; Network_est approximate
2026-05-23T11:01:48.7372950Z,1379,1757,0,1779534108682,1779534108671000000,1779534108671000000,1779534108665000000,1779534108679000000,1779534108682000000,1779534108704000000,1779534108737000000,33.0000,14.0000,9.5000,33.0000,66.0000,14.84,T3-T5 on Isaac clock; Network_est approximate
2026-05-23T11:01:48.7693560Z,1380,1758,0,1779534108719,1779534108704000000,1779534108704000000,1779534108698000000,1779534108714000000,1779534108719000000,1779534108737000000,1779534108769000000,33.0000,16.0000,8.5000,32.0000,65.0000,14.22,T3-T5 on Isaac clock; Network_est approximate
2026-05-23T11:01:48.8021700Z,1381,1759,0,1779534108756,1779534108737000000,1779534108737000000,1779534108731000000,1779534108755000000,1779534108756000000,1779534108769000000,1779534108802000000,32.0000,24.0000,4.0000,33.0000,65.0000,13.59,T3-T5 on Isaac clock; Network_est approximate
2026-05-23T11:01:48.8675990Z,1382,1761,0,1779534108814,1779534108801000000,1779534108802000000,1779534108796000000,1779534108814000000,1779534108814000000,1779534108834000000,1779534108867000000,32.0000,18.0000,7.0000,33.0000,66.0000,13.20,T3-T5 on Isaac clock; Network_est approximate
2026-05-23T11:01:48.9000680Z,1383,1762,0,1779534108851,1779534108834000000,1779534108834000000,1779534108828000000,1779534108849000000,1779534108851000000,1779534108867000000,1779534108900000000,33.0000,21.0000,6.0000,33.0000,66.0000,12.66,T3-T5 on Isaac clock; Network_est approximate
2026-05-23T11:01:48.9655820Z,1384,1763,0,1779534108893,1779534108867000000,1779534108867000000,1779534108861000000,1779534108890000000,1779534108893000000,1779534108933000000,1779534108965000000,66.0000,29.0000,18.5000,32.0000,98.0000,13.34,T3-T5 on Isaac clock; Network_est approximate
2026-05-23T11:01:48.9987010Z,1385,1765,0,1779534108956,1779534108932000000,1779534108933000000,1779534108927000000,1779534108952000000,1779534108956000000,1779534108965000000,1779534108998000000,32.0000,25.0000,3.5000,33.0000,66.0000,14.37,T3-T5 on Isaac clock; Network_est approximate
2026-05-23T11:01:49.0312310Z,1386,1766,0,1779534108988,1779534108965000000,1779534108965000000,1779534108959000000,1779534108987000000,1779534108988000000,1779534108998000000,1779534109031000000,33.0000,28.0000,2.5000,33.0000,66.0000,13.51,T3-T5 on Isaac clock; Network_est approximate
2026-05-23T11:01:49.1036140Z,1387,1768,0,1779534109030,1779534109031000000,1779534109031000000,1779534109025000000,1779534109027000000,1779534109030000000,1779534109072000000,1779534109103000000,41.0000,2.0000,19.5000,31.0000,72.0000,14.56,T3-T5 on Isaac clock; Network_est approximate
2026-05-23T11:01:49.1477670Z,1388,1769,0,1779534109093,1779534109072000000,1779534109072000000,1779534109066000000,1779534109089000000,1779534109093000000,1779534109103000000,1779534109147000000,31.0000,23.0000,4.0000,44.0000,75.0000,14.83,T3-T5 on Isaac clock; Network_est approximate
2026-05-23T11:01:49.1787870Z,1389,1770,0,1779534109125,1779534109103000000,1779534109103000000,1779534109097000000,1779534109123000000,1779534109125000000,1779534109147000000,1779534109178000000,44.0000,26.0000,9.0000,31.0000,75.0000,13.98,T3-T5 on Isaac clock; Network_est approximate
2026-05-23T11:01:49.2110350Z,1390,1771,0,1779534109167,1779534109147000000,1779534109147000000,1779534109141000000,1779534109163000000,1779534109167000000,1779534109178000000,1779534109211000000,31.0000,22.0000,4.5000,33.0000,64.0000,13.69,T3-T5 on Isaac clock; Network_est approximate
2026-05-23T11:01:49.2822560Z,1392,1773,0,1779534109261,1779534109210000000,1779534109210000000,1779534109206000000,1779534109257000000,1779534109261000000,1779534109279000000,1779534109282000000,69.0000,51.0000,9.0000,3.0000,72.0000,14.25,T3-T5 on Isaac clock; Network_est approximate
2026-05-23T11:01:49.3493710Z,1393,1775,0,1779534109303,1779534109282000000,1779534109282000000,1779534109276000000,1779534109298000000,1779534109303000000,1779534109315000000,1779534109349000000,33.0000,22.0000,5.5000,34.0000,67.0000,14.92,T3-T5 on Isaac clock; Network_est approximate
2026-05-23T11:01:49.4150620Z,1394,1777,0,1779534109361,1779534109349000000,1779534109349000000,1779534109344000000,1779534109358000000,1779534109361000000,1779534109382000000,1779534109415000000,33.0000,14.0000,9.5000,33.0000,66.0000,14.47,T3-T5 on Isaac clock; Network_est approximate
2026-05-23T11:01:49.4475620Z,1395,1778,0,1779534109393,1779534109382000000,1779534109382000000,1779534109376000000,1779534109393000000,1779534109393000000,1779534109415000000,1779534109447000000,33.0000,17.0000,8.0000,32.0000,65.0000,13.60,T3-T5 on Isaac clock; Network_est approximate
2026-05-23T11:01:49.4800970Z,1396,1779,0,1779534109436,1779534109414000000,1779534109414000000,1779534109408000000,1779534109434000000,1779534109436000000,1779534109447000000,1779534109480000000,33.0000,26.0000,3.5000,33.0000,66.0000,13.40,T3-T5 on Isaac clock; Network_est approximate
2026-05-23T11:01:49.5461700Z,1397,1781,0,1779534109498,1779534109479000000,1779534109479000000,1779534109474000000,1779534109495000000,1779534109498000000,1779534109512000000,1779534109546000000,33.0000,21.0000,6.0000,34.0000,67.0000,12.81,T3-T5 on Isaac clock; Network_est approximate
2026-05-23T11:01:49.5874170Z,1398,1782,0,1779534109534,1779534109512000000,1779534109512000000,1779534109506000000,1779534109531000000,1779534109534000000,1779534109546000000,1779534109587000000,34.0000,25.0000,4.5000,41.0000,75.0000,12.34,T3-T5 on Isaac clock; Network_est approximate
2026-05-23T11:01:49.6572370Z,1399,1783,0,1779534109575,1779534109545000000,1779534109546000000,1779534109540000000,1779534109573000000,1779534109575000000,1779534109587000000,1779534109657000000,41.0000,33.0000,4.0000,70.0000,112.0000,13.37,T3-T5 on Isaac clock; Network_est approximate
2026-05-23T11:01:49.6607440Z,1400,1784,0,1779534109632,1779534109587000000,1779534109587000000,1779534109581000000,1779534109632000000,1779534109632000000,1779534109657000000,1779534109660000000,70.0000,51.0000,9.5000,3.0000,73.0000,15.87,T3-T5 on Isaac clock; Network_est approximate
2026-05-23T11:01:49.7251560Z,1401,1786,0,1779534109669,1779534109660000000,1779534109660000000,1779534109654000000,1779534109666000000,1779534109669000000,1779534109692000000,1779534109725000000,32.0000,12.0000,10.0000,33.0000,65.0000,16.60,T3-T5 on Isaac clock; Network_est approximate
2026-05-23T11:01:49.7579900Z,1402,1787,0,1779534109711,1779534109692000000,1779534109692000000,1779534109686000000,1779534109707000000,1779534109711000000,1779534109725000000,1779534109757000000,33.0000,21.0000,6.0000,32.0000,65.0000,16.13,T3-T5 on Isaac clock; Network_est approximate
2026-05-23T11:01:49.8230250Z,1403,1789,0,1779534109768,1779534109757000000,1779534109757000000,1779534109752000000,1779534109767000000,1779534109768000000,1779534109790000000,1779534109823000000,33.0000,15.0000,9.0000,33.0000,66.0000,15.62,T3-T5 on Isaac clock; Network_est approximate
2026-05-23T11:01:49.8561440Z,1404,1790,0,1779534109806,1779534109790000000,1779534109790000000,1779534109784000000,1779534109803000000,1779534109806000000,1779534109822000000,1779534109856000000,32.0000,19.0000,6.5000,34.0000,66.0000,14.95,T3-T5 on Isaac clock; Network_est approximate
2026-05-23T11:01:49.8887240Z,1405,1791,0,1779534109847,1779534109822000000,1779534109822000000,1779534109816000000,1779534109843000000,1779534109847000000,1779534109856000000,1779534109888000000,34.0000,27.0000,3.5000,32.0000,66.0000,14.54,T3-T5 on Isaac clock; Network_est approximate
2026-05-23T11:01:49.9540070Z,1406,1793,0,1779534109904,1779534109888000000,1779534109888000000,1779534109882000000,1779534109903000000,1779534109904000000,1779534109921000000,1779534109954000000,33.0000,21.0000,6.0000,33.0000,66.0000,14.15,T3-T5 on Isaac clock; Network_est approximate
2026-05-23T11:01:49.9870910Z,1407,1794,0,1779534109939,1779534109921000000,1779534109921000000,1779534109915000000,1779534109939000000,1779534109939000000,1779534109953000000,1779534109987000000,32.0000,24.0000,4.0000,34.0000,66.0000,13.38,T3-T5 on Isaac clock; Network_est approximate
2026-05-23T11:01:50.0528290Z,1408,1795,0,1779534109982,1779534109953000000,1779534109953000000,1779534109947000000,1779534109978000000,1779534109982000000,1779534110019000000,1779534110052000000,66.0000,31.0000,17.5000,33.0000,99.0000,13.96,T3-T5 on Isaac clock; Network_est approximate
2026-05-23T11:01:50.0865110Z,1409,1797,0,1779534110039,1779534110019000000,1779534110019000000,1779534110013000000,1779534110038000000,1779534110039000000,1779534110052000000,1779534110086000000,33.0000,25.0000,4.0000,34.0000,67.0000,14.54,T3-T5 on Isaac clock; Network_est approximate
2026-05-23T11:01:50.1277000Z,1410,1798,0,1779534110075,1779534110052000000,1779534110052000000,1779534110046000000,1779534110074000000,1779534110075000000,1779534110086000000,1779534110127000000,34.0000,28.0000,3.0000,41.0000,75.0000,13.96,T3-T5 on Isaac clock; Network_est approximate
2026-05-23T11:01:50.1586320Z,1411,1799,0,1779534110116,1779534110086000000,1779534110086000000,1779534110080000000,1779534110115000000,1779534110116000000,1779534110127000000,1779534110158000000,41.0000,35.0000,3.0000,31.0000,72.0000,13.72,T3-T5 on Isaac clock; Network_est approximate
2026-05-23T11:01:50.2304020Z,1412,1801,0,1779534110178,1779534110158000000,1779534110158000000,1779534110152000000,1779534110175000000,1779534110178000000,1779534110199000000,1779534110230000000,41.0000,23.0000,9.0000,31.0000,72.0000,13.47,T3-T5 on Isaac clock; Network_est approximate
2026-05-23T11:01:50.2637220Z,1413,1802,0,1779534110215,1779534110198000000,1779534110198000000,1779534110193000000,1779534110210000000,1779534110215000000,1779534110230000000,1779534110263000000,32.0000,17.0000,7.5000,33.0000,65.0000,12.88,T3-T5 on Isaac clock; Network_est approximate
2026-05-23T11:01:50.2959600Z,1414,1803,0,1779534110251,1779534110230000000,1779534110230000000,1779534110224000000,1779534110251000000,1779534110251000000,1779534110263000000,1779534110295000000,33.0000,27.0000,3.0000,32.0000,65.0000,12.28,T3-T5 on Isaac clock; Network_est approximate
2026-05-23T11:01:50.3983410Z,1415,1805,0,1779534110315,1779534110295000000,1779534110295000000,1779534110290000000,1779534110311000000,1779534110315000000,1779534110329000000,1779534110398000000,34.0000,21.0000,6.5000,69.0000,103.0000,13.91,T3-T5 on Isaac clock; Network_est approximate
2026-05-23T11:01:50.4015610Z,1417,1806,0,1779534110388,1779534110329000000,1779534110329000000,1779534110323000000,1779534110387000000,1779534110388000000,1779534110398000000,1779534110401000000,69.0000,64.0000,2.5000,3.0000,72.0000,17.40,T3-T5 on Isaac clock; Network_est approximate
2026-05-23T11:01:50.5016250Z,1418,1809,0,1779534110447,1779534110434000000,1779534110434000000,1779534110429000000,1779534110447000000,1779534110447000000,1779534110468000000,1779534110501000000,34.0000,18.0000,8.0000,33.0000,67.0000,18.88,T3-T5 on Isaac clock; Network_est approximate
2026-05-23T11:01:50.5343290Z,1419,1810,0,1779534110483,1779534110468000000,1779534110468000000,1779534110462000000,1779534110481000000,1779534110483000000,1779534110501000000,1779534110534000000,33.0000,19.0000,7.0000,33.0000,66.0000,17.91,T3-T5 on Isaac clock; Network_est approximate
2026-05-23T11:01:50.5675330Z,1420,1811,0,1779534110525,1779534110501000000,1779534110501000000,1779534110495000000,1779534110523000000,1779534110525000000,1779534110534000000,1779534110567000000,33.0000,28.0000,2.5000,33.0000,66.0000,17.33,T3-T5 on Isaac clock; Network_est approximate
2026-05-23T11:01:50.6391340Z,1421,1813,0,1779534110587,1779534110567000000,1779534110567000000,1779534110561000000,1779534110582000000,1779534110587000000,1779534110607000000,1779534110639000000,40.0000,21.0000,9.5000,32.0000,72.0000,16.85,T3-T5 on Isaac clock; Network_est approximate
2026-05-23T11:01:50.6797270Z,1422,1814,0,1779534110618,1779534110607000000,1779534110607000000,1779534110602000000,1779534110616000000,1779534110618000000,1779534110639000000,1779534110679000000,32.0000,14.0000,9.0000,40.0000,72.0000,16.40,T3-T5 on Isaac clock; Network_est approximate
2026-05-23T11:01:50.7108480Z,1423,1815,0,1779534110660,1779534110638000000,1779534110638000000,1779534110633000000,1779534110658000000,1779534110660000000,1779534110679000000,1779534110710000000,41.0000,25.0000,8.0000,31.0000,72.0000,16.05,T3-T5 on Isaac clock; Network_est approximate
2026-05-23T11:01:50.7761440Z,1424,1817,0,1779534110718,1779534110710000000,1779534110710000000,1779534110704000000,1779534110718000000,1779534110718000000,1779534110743000000,1779534110776000000,33.0000,14.0000,9.5000,33.0000,66.0000,15.49,T3-T5 on Isaac clock; Network_est approximate
2026-05-23T11:01:50.8090190Z,1425,1818,0,1779534110760,1779534110743000000,1779534110743000000,1779534110737000000,1779534110755000000,1779534110760000000,1779534110775000000,1779534110809000000,32.0000,18.0000,7.0000,34.0000,66.0000,15.08,T3-T5 on Isaac clock; Network_est approximate
2026-05-23T11:01:50.8415700Z,1426,1819,0,1779534110796,1779534110775000000,1779534110775000000,1779534110769000000,1779534110795000000,1779534110796000000,1779534110808000000,1779534110841000000,33.0000,26.0000,3.5000,33.0000,66.0000,14.36,T3-T5 on Isaac clock; Network_est approximate
2026-05-23T11:01:50.9068080Z,1427,1821,0,1779534110858,1779534110841000000,1779534110841000000,1779534110835000000,1779534110854000000,1779534110858000000,1779534110874000000,1779534110906000000,33.0000,19.0000,7.0000,32.0000,65.0000,13.66,T3-T5 on Isaac clock; Network_est approximate
2026-05-23T11:01:50.9398140Z,1428,1822,0,1779534110890,1779534110874000000,1779534110874000000,1779534110868000000,1779534110888000000,1779534110890000000,1779534110906000000,1779534110939000000,32.0000,20.0000,6.0000,33.0000,65.0000,12.86,T3-T5 on Isaac clock; Network_est approximate
2026-05-23T11:01:50.9722410Z,1429,1823,0,1779534110932,1779534110906000000,1779534110906000000,1779534110900000000,1779534110929000000,1779534110932000000,1779534110939000000,1779534110972000000,33.0000,29.0000,2.0000,33.0000,66.0000,12.65,T3-T5 on Isaac clock; Network_est approximate
2026-05-23T11:01:51.0375170Z,1430,1825,0,1779534110989,1779534110972000000,1779534110972000000,1779534110966000000,1779534110989000000,1779534110989000000,1779534111004000000,1779534111037000000,32.0000,23.0000,4.5000,33.0000,65.0000,12.37,T3-T5 on Isaac clock; Network_est approximate
2026-05-23T11:01:51.0706090Z,1431,1826,0,1779534111028,1779534111004000000,1779534111004000000,1779534110998000000,1779534111024000000,1779534111028000000,1779534111037000000,1779534111070000000,33.0000,26.0000,3.5000,33.0000,66.0000,11.97,T3-T5 on Isaac clock; Network_est approximate
2026-05-23T11:01:51.1494690Z,1433,1828,0,1779534111129,1779534111070000000,1779534111070000000,1779534111064000000,1779534111125000000,1779534111129000000,1779534111145000000,1779534111149000000,75.0000,61.0000,7.0000,4.0000,79.0000,12.60,T3-T5 on Isaac clock; Network_est approximate
2026-05-23T11:01:51.2226700Z,1434,1830,0,1779534111162,1779534111149000000,1779534111149000000,1779534111143000000,1779534111159000000,1779534111162000000,1779534111182000000,1779534111222000000,33.0000,16.0000,8.5000,40.0000,73.0000,14.32,T3-T5 on Isaac clock; Network_est approximate
2026-05-23T11:01:51.2533420Z,1435,1831,0,1779534111203,1779534111182000000,1779534111182000000,1779534111176000000,1779534111200000000,1779534111203000000,1779534111222000000,1779534111253000000,40.0000,24.0000,8.0000,31.0000,71.0000,14.07,T3-T5 on Isaac clock; Network_est approximate
2026-05-23T11:01:51.3191910Z,1436,1833,0,1779534111261,1779534111253000000,1779534111253000000,1779534111248000000,1779534111259000000,1779534111261000000,1779534111286000000,1779534111319000000,33.0000,11.0000,11.0000,33.0000,66.0000,13.67,T3-T5 on Isaac clock; Network_est approximate
2026-05-23T11:01:51.3520320Z,1437,1834,0,1779534111298,1779534111285000000,1779534111285000000,1779534111280000000,1779534111295000000,1779534111298000000,1779534111319000000,1779534111352000000,34.0000,15.0000,9.5000,33.0000,67.0000,13.10,T3-T5 on Isaac clock; Network_est approximate
2026-05-23T11:01:51.3838470Z,1438,1835,0,1779534111340,1779534111318000000,1779534111318000000,1779534111313000000,1779534111336000000,1779534111340000000,1779534111351000000,1779534111383000000,33.0000,23.0000,5.0000,32.0000,65.0000,12.89,T3-T5 on Isaac clock; Network_est approximate
2026-05-23T11:01:51.4565390Z,1440,1837,0,1779534111434,1779534111383000000,1779534111383000000,1779534111377000000,1779534111431000000,1779534111434000000,1779534111453000000,1779534111456000000,70.0000,54.0000,8.0000,3.0000,73.0000,13.41,T3-T5 on Isaac clock; Network_est approximate
2026-05-23T11:01:51.5232560Z,1441,1839,0,1779534111476,1779534111456000000,1779534111456000000,1779534111450000000,1779534111474000000,1779534111476000000,1779534111489000000,1779534111523000000,33.0000,24.0000,4.5000,34.0000,67.0000,14.12,T3-T5 on Isaac clock; Network_est approximate
2026-05-23T11:01:51.5891820Z,1442,1841,0,1779534111534,1779534111523000000,1779534111523000000,1779534111517000000,1779534111533000000,1779534111534000000,1779534111556000000,1779534111589000000,33.0000,16.0000,8.5000,33.0000,66.0000,13.73,T3-T5 on Isaac clock; Network_est approximate
2026-05-23T11:01:51.6301890Z,1443,1842,0,1779534111571,1779534111556000000,1779534111556000000,1779534111550000000,1779534111570000000,1779534111571000000,1779534111589000000,1779534111630000000,33.0000,20.0000,6.5000,41.0000,74.0000,13.13,T3-T5 on Isaac clock; Network_est approximate
2026-05-23T11:01:51.6615190Z,1444,1843,0,1779534111612,1779534111588000000,1779534111588000000,1779534111583000000,1779534111611000000,1779534111612000000,1779534111630000000,1779534111661000000,42.0000,28.0000,7.0000,31.0000,73.0000,12.91,T3-T5 on Isaac clock; Network_est approximate
2026-05-23T11:01:51.7349270Z,1445,1845,0,1779534111670,1779534111661000000,1779534111661000000,1779534111655000000,1779534111670000000,1779534111670000000,1779534111694000000,1779534111734000000,33.0000,15.0000,9.0000,40.0000,73.0000,13.07,T3-T5 on Isaac clock; Network_est approximate
2026-05-23T11:01:51.7666040Z,1446,1846,0,1779534111707,1779534111694000000,1779534111694000000,1779534111688000000,1779534111706000000,1779534111707000000,1779534111734000000,1779534111766000000,40.0000,18.0000,11.0000,32.0000,72.0000,12.58,T3-T5 on Isaac clock; Network_est approximate
2026-05-23T11:01:51.7994530Z,1447,1847,0,1779534111749,1779534111734000000,1779534111734000000,1779534111728000000,1779534111747000000,1779534111749000000,1779534111766000000,1779534111799000000,32.0000,19.0000,6.5000,33.0000,65.0000,12.39,T3-T5 on Isaac clock; Network_est approximate
2026-05-23T11:01:51.8639690Z,1448,1849,0,1779534111811,1779534111798000000,1779534111799000000,1779534111794000000,1779534111807000000,1779534111811000000,1779534111831000000,1779534111863000000,32.0000,13.0000,9.5000,32.0000,65.0000,11.79,T3-T5 on Isaac clock; Network_est approximate
2026-05-23T11:01:51.8969680Z,1449,1850,0,1779534111843,1779534111831000000,1779534111831000000,1779534111825000000,1779534111841000000,1779534111843000000,1779534111863000000,1779534111896000000,32.0000,16.0000,8.0000,33.0000,65.0000,11.12,T3-T5 on Isaac clock; Network_est approximate
2026-05-23T11:01:51.9295310Z,1450,1851,0,1779534111885,1779534111863000000,1779534111863000000,1779534111858000000,1779534111882000000,1779534111885000000,1779534111896000000,1779534111929000000,33.0000,24.0000,4.5000,33.0000,66.0000,11.01,T3-T5 on Isaac clock; Network_est approximate
2026-05-23T11:01:51.9946910Z,1451,1853,0,1779534111942,1779534111929000000,1779534111929000000,1779534111923000000,1779534111942000000,1779534111942000000,1779534111962000000,1779534111994000000,33.0000,19.0000,7.0000,32.0000,65.0000,10.83,T3-T5 on Isaac clock; Network_est approximate
2026-05-23T11:01:52.0278270Z,1452,1854,0,1779534111980,1779534111962000000,1779534111962000000,1779534111956000000,1779534111977000000,1779534111980000000,1779534111994000000,1779534112027000000,32.0000,21.0000,5.5000,33.0000,65.0000,10.45,T3-T5 on Isaac clock; Network_est approximate
2026-05-23T11:01:52.0928330Z,1453,1855,0,1779534112023,1779534111994000000,1779534111994000000,1779534111988000000,1779534112020000000,1779534112023000000,1779534112059000000,1779534112092000000,65.0000,32.0000,16.5000,33.0000,98.0000,11.16,T3-T5 on Isaac clock; Network_est approximate
2026-05-23T11:01:52.1262630Z,1454,1857,0,1779534112083,1779534112059000000,1779534112059000000,1779534112054000000,1779534112083000000,1779534112083000000,1779534112092000000,1779534112126000000,33.0000,29.0000,2.0000,34.0000,67.0000,12.12,T3-T5 on Isaac clock; Network_est approximate
2026-05-23T11:01:52.2004490Z,1455,1859,0,1779534112126,1779534112126000000,1779534112126000000,1779534112121000000,1779534112122000000,1779534112126000000,1779534112169000000,1779534112200000000,43.0000,1.0000,21.0000,31.0000,74.0000,13.31,T3-T5 on Isaac clock; Network_est approximate
2026-05-23T11:01:52.2414200Z,1456,1859,0,1779534112162,1779534112126000000,1779534112126000000,1779534112121000000,1779534112161000000,1779534112162000000,1779534112200000000,1779534112241000000,74.0000,40.0000,17.0000,41.0000,115.0000,12.79,T3-T5 on Isaac clock; Network_est approximate
2026-05-23T11:01:52.2728630Z,1457,1861,0,1779534112225,1779534112200000000,1779534112200000000,1779534112194000000,1779534112221000000,1779534112225000000,1779534112241000000,1779534112272000000,41.0000,27.0000,7.0000,31.0000,72.0000,13.97,T3-T5 on Isaac clock; Network_est approximate
2026-05-23T11:01:52.3060130Z,1458,1862,0,1779534112257,1779534112241000000,1779534112241000000,1779534112235000000,1779534112255000000,1779534112257000000,1779534112272000000,1779534112306000000,31.0000,20.0000,5.5000,34.0000,65.0000,13.16,T3-T5 on Isaac clock; Network_est approximate
2026-05-23T11:01:52.3381410Z,1459,1863,0,1779534112298,1779534112272000000,1779534112272000000,1779534112266000000,1779534112297000000,1779534112298000000,1779534112305000000,1779534112338000000,33.0000,31.0000,1.0000,33.0000,66.0000,12.88,T3-T5 on Isaac clock; Network_est approximate
2026-05-23T11:01:52.4044050Z,1460,1865,0,1779534112360,1779534112337000000,1779534112337000000,1779534112332000000,1779534112357000000,1779534112360000000,1779534112371000000,1779534112404000000,34.0000,25.0000,4.5000,33.0000,67.0000,12.32,T3-T5 on Isaac clock; Network_est approximate
2026-05-23T11:01:52.4690710Z,1461,1866,0,1779534112397,1779534112370000000,1779534112370000000,1779534112365000000,1779534112392000000,1779534112397000000,1779534112436000000,1779534112469000000,66.0000,27.0000,19.5000,33.0000,99.0000,13.29,T3-T5 on Isaac clock; Network_est approximate
2026-05-23T11:01:52.5379870Z,1462,1868,0,1779534112439,1779534112435000000,1779534112435000000,1779534112429000000,1779534112436000000,1779534112439000000,1779534112468000000,1779534112537000000,33.0000,7.0000,13.0000,69.0000,102.0000,14.14,T3-T5 on Isaac clock; Network_est approximate
2026-05-23T11:01:52.5413640Z,1463,1869,0,1779534112496,1779534112468000000,1779534112468000000,1779534112462000000,1779534112496000000,1779534112496000000,1779534112537000000,1779534112541000000,69.0000,34.0000,17.5000,4.0000,73.0000,16.61,T3-T5 on Isaac clock; Network_est approximate
2026-05-23T11:01:52.5752050Z,1464,1870,0,1779534112534,1779534112537000000,1779534112537000000,1779534112533000000,1779534112533000000,1779534112534000000,1779534112541000000,1779534112575000000,4.0000,0.0000,2.0000,34.0000,38.0000,15.83,T3-T5 on Isaac clock; Network_est approximate
2026-05-23T11:01:52.6819310Z,1465,1872,0,1779534112575,1779534112575000000,1779534112575000000,1779534112569000000,1779534112575000000,1779534112575000000,1779534112608000000,1779534112681000000,33.0000,6.0000,13.5000,73.0000,106.0000,18.95,T3-T5 on Isaac clock; Network_est approximate
2026-05-23T11:01:52.6859510Z,1467,1873,0,1779534112674,1779534112608000000,1779534112608000000,1779534112602000000,1779534112670000000,1779534112674000000,1779534112681000000,1779534112685000000,73.0000,68.0000,2.5000,4.0000,77.0000,23.70,T3-T5 on Isaac clock; Network_est approximate
2026-05-23T11:01:52.7902540Z,1468,1876,0,1779534112717,1779534112717000000,1779534112717000000,1779534112712000000,1779534112712000000,1779534112717000000,1779534112758000000,1779534112790000000,41.0000,0.0000,20.5000,32.0000,73.0000,26.05,T3-T5 on Isaac clock; Network_est approximate
2026-05-23T11:01:52.8228490Z,1469,1877,0,1779534112774,1779534112758000000,1779534112758000000,1779534112752000000,1779534112771000000,1779534112774000000,1779534112790000000,1779534112822000000,32.0000,19.0000,6.5000,32.0000,64.0000,25.94,T3-T5 on Isaac clock; Network_est approximate
2026-05-23T11:01:52.8556930Z,1470,1878,0,1779534112811,1779534112790000000,1779534112790000000,1779534112784000000,1779534112806000000,1779534112811000000,1779534112822000000,1779534112855000000,32.0000,22.0000,5.0000,33.0000,65.0000,24.58,T3-T5 on Isaac clock; Network_est approximate
2026-05-23T11:01:52.8884640Z,1471,1879,0,1779534112848,1779534112822000000,1779534112822000000,1779534112816000000,1779534112847000000,1779534112848000000,1779534112855000000,1779534112888000000,33.0000,31.0000,1.0000,33.0000,66.0000,23.31,T3-T5 on Isaac clock; Network_est approximate
2026-05-23T11:01:52.9538540Z,1472,1881,0,1779534112906,1779534112888000000,1779534112888000000,1779534112882000000,1779534112906000000,1779534112906000000,1779534112920000000,1779534112953000000,32.0000,24.0000,4.0000,33.0000,65.0000,22.32,T3-T5 on Isaac clock; Network_est approximate
2026-05-23T11:01:52.9859990Z,1473,1882,0,1779534112943,1779534112920000000,1779534112920000000,1779534112914000000,1779534112940000000,1779534112943000000,1779534112953000000,1779534112985000000,33.0000,26.0000,3.5000,32.0000,65.0000,21.22,T3-T5 on Isaac clock; Network_est approximate
2026-05-23T11:01:53.0513930Z,1474,1884,0,1779534112985,1779534112985000000,1779534112985000000,1779534112979000000,1779534112984000000,1779534112985000000,1779534113018000000,1779534113051000000,33.0000,5.0000,14.0000,33.0000,66.0000,21.36,T3-T5 on Isaac clock; Network_est approximate
2026-05-23T11:01:53.0836700Z,1475,1885,0,1779534113042,1779534113018000000,1779534113018000000,1779534113013000000,1779534113041000000,1779534113042000000,1779534113051000000,1779534113083000000,33.0000,28.0000,2.5000,32.0000,65.0000,21.57,T3-T5 on Isaac clock; Network_est approximate
2026-05-23T11:01:53.1923650Z,1476,1886,0,1779534113079,1779534113051000000,1779534113051000000,1779534113045000000,1779534113076000000,1779534113079000000,1779534113117000000,1779534113192000000,66.0000,31.0000,17.5000,75.0000,141.0000,24.70,T3-T5 on Isaac clock; Network_est approximate
2026-05-23T11:01:53.1964170Z,1478,1888,0,1779534113181,1779534113117000000,1779534113117000000,1779534113111000000,1779534113177000000,1779534113181000000,1779534113192000000,1779534113196000000,75.0000,66.0000,4.5000,4.0000,79.0000,29.27,T3-T5 on Isaac clock; Network_est approximate
2026-05-23T11:01:53.2699770Z,1479,1890,0,1779534113217,1779534113196000000,1779534113196000000,1779534113190000000,1779534113215000000,1779534113217000000,1779534113235000000,1779534113269000000,39.0000,25.0000,7.0000,34.0000,73.0000,29.78,T3-T5 on Isaac clock; Network_est approximate
2026-05-23T11:01:53.3008620Z,1480,1891,0,1779534113259,1779534113235000000,1779534113235000000,1779534113229000000,1779534113258000000,1779534113259000000,1779534113269000000,1779534113300000000,34.0000,29.0000,2.5000,31.0000,65.0000,28.62,T3-T5 on Isaac clock; Network_est approximate
2026-05-23T11:01:53.3660520Z,1481,1893,0,1779534113322,1779534113300000000,1779534113300000000,1779534113294000000,1779534113319000000,1779534113322000000,1779534113333000000,1779534113366000000,33.0000,25.0000,4.0000,33.0000,66.0000,26.98,T3-T5 on Isaac clock; Network_est approximate
2026-05-23T11:01:53.3992340Z,1482,1894,0,1779534113359,1779534113333000000,1779534113333000000,1779534113327000000,1779534113356000000,1779534113359000000,1779534113366000000,1779534113399000000,33.0000,29.0000,2.0000,33.0000,66.0000,25.53,T3-T5 on Isaac clock; Network_est approximate
2026-05-23T11:01:53.4638640Z,1483,1896,0,1779534113401,1779534113399000000,1779534113399000000,1779534113393000000,1779534113396000000,1779534113401000000,1779534113431000000,1779534113463000000,32.0000,3.0000,14.5000,32.0000,64.0000,25.34,T3-T5 on Isaac clock; Network_est approximate
2026-05-23T11:01:53.5300930Z,1484,1897,0,1779534113458,1779534113431000000,1779534113431000000,1779534113425000000,1779534113455000000,1779534113458000000,1779534113496000000,1779534113530000000,65.0000,30.0000,17.5000,34.0000,99.0000,24.32,T3-T5 on Isaac clock; Network_est approximate
2026-05-23T11:01:53.5620280Z,1485,1899,0,1779534113494,1779534113496000000,1779534113496000000,1779534113490000000,1779534113494000000,1779534113494000000,1779534113530000000,1779534113562000000,34.0000,4.0000,15.0000,32.0000,66.0000,23.03,T3-T5 on Isaac clock; Network_est approximate
2026-05-23T11:01:53.6307250Z,1486,1900,0,1779534113535,1779534113529000000,1779534113529000000,1779534113523000000,1779534113533000000,1779534113535000000,1779534113561000000,1779534113630000000,32.0000,10.0000,11.0000,69.0000,101.0000,23.32,T3-T5 on Isaac clock; Network_est approximate
2026-05-23T11:01:53.6340940Z,1487,1901,0,1779534113597,1779534113561000000,1779534113561000000,1779534113556000000,1779534113593000000,1779534113597000000,1779534113630000000,1779534113634000000,69.0000,37.0000,16.0000,4.0000,73.0000,25.53,T3-T5 on Isaac clock; Network_est approximate
2026-05-23T11:01:53.7079760Z,1488,1903,0,1779534113629,1779534113633000000,1779534113633000000,1779534113628000000,1779534113629000000,1779534113629000000,1779534113667000000,1779534113707000000,34.0000,1.0000,16.5000,40.0000,74.0000,26.54,T3-T5 on Isaac clock; Network_est approximate
2026-05-23T11:01:53.7788870Z,1489,1904,0,1779534113670,1779534113667000000,1779534113667000000,1779534113661000000,1779534113669000000,1779534113670000000,1779534113707000000,1779534113778000000,40.0000,8.0000,16.0000,71.0000,111.0000,26.76,T3-T5 on Isaac clock; Network_est approximate
2026-05-23T11:01:53.7821380Z,1491,1905,0,1779534113767,1779534113707000000,1779534113707000000,1779534113701000000,1779534113764000000,1779534113767000000,1779534113778000000,1779534113782000000,71.0000,63.0000,4.0000,4.0000,75.0000,30.94,T3-T5 on Isaac clock; Network_est approximate
2026-05-23T11:01:53.8800500Z,1492,1907,0,1779534113810,1779534113782000000,1779534113782000000,1779534113775000000,1779534113806000000,1779534113810000000,1779534113847000000,1779534113880000000,65.0000,31.0000,17.0000,33.0000,98.0000,32.44,T3-T5 on Isaac clock; Network_est approximate
2026-05-23T11:01:53.9132130Z,1493,1909,0,1779534113867,1779534113847000000,1779534113847000000,1779534113841000000,1779534113867000000,1779534113867000000,1779534113880000000,1779534113913000000,33.0000,26.0000,3.5000,33.0000,66.0000,31.90,T3-T5 on Isaac clock; Network_est approximate
2026-05-23T11:01:53.9458790Z,1494,1910,0,1779534113903,1779534113879000000,1779534113879000000,1779534113873000000,1779534113901000000,1779534113903000000,1779534113913000000,1779534113945000000,34.0000,28.0000,3.0000,32.0000,66.0000,30.11,T3-T5 on Isaac clock; Network_est approximate
2026-05-23T11:01:54.0113900Z,1495,1912,0,1779534113945,1779534113945000000,1779534113945000000,1779534113939000000,1779534113943000000,1779534113945000000,1779534113978000000,1779534114011000000,33.0000,4.0000,14.5000,33.0000,66.0000,29.70,T3-T5 on Isaac clock; Network_est approximate
2026-05-23T11:01:54.0442230Z,1496,1913,0,1779534114003,1779534113978000000,1779534113978000000,1779534113973000000,1779534114002000000,1779534114003000000,1779534114011000000,1779534114044000000,33.0000,29.0000,2.0000,33.0000,66.0000,29.41,T3-T5 on Isaac clock; Network_est approximate
2026-05-23T11:01:54.1094220Z,1497,1914,0,1779534114039,1779534114011000000,1779534114011000000,1779534114005000000,1779534114038000000,1779534114039000000,1779534114076000000,1779534114109000000,65.0000,33.0000,16.0000,33.0000,98.0000,29.40,T3-T5 on Isaac clock; Network_est approximate
2026-05-23T11:01:54.1424930Z,1498,1916,0,1779534114081,1779534114076000000,1779534114076000000,1779534114070000000,1779534114078000000,1779534114081000000,1779534114109000000,1779534114142000000,33.0000,8.0000,12.5000,33.0000,66.0000,28.12,T3-T5 on Isaac clock; Network_est approximate
2026-05-23T11:01:54.2174840Z,1499,1918,0,1779534114140,1779534114142000000,1779534114142000000,1779534114136000000,1779534114139000000,1779534114140000000,1779534114176000000,1779534114217000000,34.0000,3.0000,15.5000,41.0000,75.0000,27.36,T3-T5 on Isaac clock; Network_est approximate
2026-05-23T11:01:54.2489140Z,1500,1919,0,1779534114176,1779534114175000000,1779534114175000000,1779534114170000000,1779534114174000000,1779534114176000000,1779534114217000000,1779534114248000000,42.0000,4.0000,19.0000,31.0000,73.0000,25.93,T3-T5 on Isaac clock; Network_est approximate
2026-05-23T11:01:54.2889860Z,1501,1920,0,1779534114217,1779534114217000000,1779534114217000000,1779534114211000000,1779534114215000000,1779534114217000000,1779534114248000000,1779534114288000000,31.0000,4.0000,13.5000,40.0000,71.0000,24.37,T3-T5 on Isaac clock; Network_est approximate
2026-05-23T11:01:54.3201730Z,1502,1921,0,1779534114279,1779534114248000000,1779534114248000000,1779534114242000000,1779534114275000000,1779534114279000000,1779534114288000000,1779534114320000000,40.0000,33.0000,3.5000,32.0000,72.0000,24.77,T3-T5 on Isaac clock; Network_est approximate
2026-05-23T11:01:54.3858990Z,1503,1922,0,1779534114317,1779534114288000000,1779534114288000000,1779534114283000000,1779534114311000000,1779534114317000000,1779534114352000000,1779534114385000000,64.0000,28.0000,18.0000,33.0000,97.0000,24.95,T3-T5 on Isaac clock; Network_est approximate
2026-05-23T11:01:54.4187120Z,1504,1924,0,1779534114358,1779534114352000000,1779534114352000000,1779534114346000000,1779534114355000000,1779534114358000000,1779534114385000000,1779534114418000000,33.0000,9.0000,12.0000,33.0000,66.0000,23.90,T3-T5 on Isaac clock; Network_est approximate
2026-05-23T11:01:54.4835370Z,1505,1926,0,1779534114415,1779534114418000000,1779534114418000000,1779534114413000000,1779534114415000000,1779534114415000000,1779534114451000000,1779534114483000000,33.0000,2.0000,15.5000,32.0000,65.0000,22.90,T3-T5 on Isaac clock; Network_est approximate
2026-05-23T11:01:54.5167200Z,1506,1927,0,1779534114451,1779534114450000000,1779534114450000000,1779534114445000000,1779534114450000000,1779534114451000000,1779534114483000000,1779534114516000000,33.0000,5.0000,14.0000,33.0000,66.0000,21.64,T3-T5 on Isaac clock; Network_est approximate
2026-05-23T11:01:54.5494880Z,1507,1928,0,1779534114498,1779534114483000000,1779534114483000000,1779534114477000000,1779534114493000000,1779534114498000000,1779534114516000000,1779534114549000000,33.0000,16.0000,8.5000,33.0000,66.0000,21.18,T3-T5 on Isaac clock; Network_est approximate
2026-05-23T11:01:54.6218500Z,1508,1930,0,1779534114555,1779534114549000000,1779534114549000000,1779534114543000000,1779534114555000000,1779534114555000000,1779534114584000000,1779534114621000000,35.0000,12.0000,11.5000,37.0000,72.0000,20.80,T3-T5 on Isaac clock; Network_est approximate
2026-05-23T11:01:54.6578850Z,1509,1931,0,1779534114592,1779534114583000000,1779534114583000000,1779534114577000000,1779534114589000000,1779534114592000000,1779534114621000000,1779534114657000000,38.0000,12.0000,13.0000,36.0000,74.0000,19.53,T3-T5 on Isaac clock; Network_est approximate
2026-05-23T11:01:54.7003250Z,1510,1932,0,1779534114634,1779534114621000000,1779534114621000000,1779534114615000000,1779534114631000000,1779534114634000000,1779534114657000000,1779534114700000000,36.0000,16.0000,10.0000,43.0000,79.0000,18.34,T3-T5 on Isaac clock; Network_est approximate
2026-05-23T11:01:54.7354070Z,1511,1933,0,1779534114691,1779534114657000000,1779534114657000000,1779534114651000000,1779534114691000000,1779534114691000000,1779534114700000000,1779534114735000000,43.0000,40.0000,1.5000,35.0000,78.0000,18.56,T3-T5 on Isaac clock; Network_est approximate
2026-05-23T11:01:54.8138810Z,1512,1934,0,1779534114728,1779534114700000000,1779534114700000000,1779534114694000000,1779534114727000000,1779534114728000000,1779534114777000000,1779534114813000000,77.0000,33.0000,22.0000,36.0000,113.0000,19.99,T3-T5 on Isaac clock; Network_est approximate
2026-05-23T11:01:54.8462650Z,1513,1935,0,1779534114770,1779534114735000000,1779534114735000000,1779534114729000000,1779534114768000000,1779534114770000000,1779534114813000000,1779534114846000000,78.0000,39.0000,19.5000,33.0000,111.0000,19.33,T3-T5 on Isaac clock; Network_est approximate
2026-05-23T11:01:54.9159650Z,1514,1937,0,1779534114833,1779534114813000000,1779534114813000000,1779534114807000000,1779534114829000000,1779534114833000000,1779534114846000000,1779534114915000000,33.0000,22.0000,5.5000,69.0000,102.0000,18.54,T3-T5 on Isaac clock; Network_est approximate
2026-05-23T11:01:54.9194840Z,1516,1938,0,1779534114906,1779534114846000000,1779534114846000000,1779534114840000000,1779534114905000000,1779534114906000000,1779534114915000000,1779534114919000000,69.0000,65.0000,2.0000,4.0000,73.0000,21.72,T3-T5 on Isaac clock; Network_est approximate
2026-05-23T11:01:55.0192680Z,1517,1941,0,1779534114965,1779534114952000000,1779534114952000000,1779534114947000000,1779534114965000000,1779534114965000000,1779534114986000000,1779534115019000000,34.0000,18.0000,8.0000,33.0000,67.0000,22.91,T3-T5 on Isaac clock; Network_est approximate
2026-05-23T11:01:55.0518320Z,1518,1942,0,1779534115000,1779534114986000000,1779534114986000000,1779534114980000000,1779534114999000000,1779534115000000000,1779534115019000000,1779534115051000000,33.0000,19.0000,7.0000,32.0000,65.0000,21.63,T3-T5 on Isaac clock; Network_est approximate
2026-05-23T11:01:55.1180100Z,1519,1943,0,1779534115046,1779534115019000000,1779534115019000000,1779534115013000000,1779534115042000000,1779534115046000000,1779534115084000000,1779534115118000000,65.0000,29.0000,18.0000,34.0000,99.0000,21.53,T3-T5 on Isaac clock; Network_est approximate
2026-05-23T11:01:55.1532130Z,1520,1945,0,1779534115103,1779534115084000000,1779534115084000000,1779534115078000000,1779534115101000000,1779534115103000000,1779534115117000000,1779534115153000000,33.0000,23.0000,5.0000,36.0000,69.0000,21.55,T3-T5 on Isaac clock; Network_est approximate
2026-05-23T11:01:55.1864430Z,1521,1946,0,1779534115139,1779534115117000000,1779534115117000000,1779534115111000000,1779534115136000000,1779534115139000000,1779534115153000000,1779534115186000000,36.0000,25.0000,5.5000,33.0000,69.0000,20.38,T3-T5 on Isaac clock; Network_est approximate
2026-05-23T11:01:55.2975050Z,1522,1947,0,1779534115181,1779534115152000000,1779534115152000000,1779534115147000000,1779534115178000000,1779534115181000000,1779534115227000000,1779534115297000000,75.0000,31.0000,22.0000,70.0000,145.0000,23.41,T3-T5 on Isaac clock; Network_est approximate
2026-05-23T11:01:55.3018140Z,1524,1949,0,1779534115282,1779534115226000000,1779534115226000000,1779534115221000000,1779534115277000000,1779534115282000000,1779534115297000000,1779534115301000000,71.0000,56.0000,7.5000,4.0000,75.0000,27.97,T3-T5 on Isaac clock; Network_est approximate
2026-05-23T11:01:55.3666900Z,1525,1951,0,1779534115319,1779534115301000000,1779534115301000000,1779534115295000000,1779534115318000000,1779534115319000000,1779534115333000000,1779534115366000000,32.0000,23.0000,4.5000,33.0000,65.0000,27.97,T3-T5 on Isaac clock; Network_est approximate
2026-05-23T11:01:55.4320610Z,1526,1953,0,1779534115382,1779534115366000000,1779534115366000000,1779534115360000000,1779534115378000000,1779534115382000000,1779534115399000000,1779534115432000000,33.0000,18.0000,7.5000,33.0000,66.0000,26.36,T3-T5 on Isaac clock; Network_est approximate
2026-05-23T11:01:55.4645770Z,1527,1954,0,1779534115414,1779534115398000000,1779534115398000000,1779534115393000000,1779534115411000000,1779534115414000000,1779534115432000000,1779534115464000000,34.0000,18.0000,8.0000,32.0000,66.0000,24.75,T3-T5 on Isaac clock; Network_est approximate
2026-05-23T11:01:55.4973570Z,1528,1955,0,1779534115456,1779534115431000000,1779534115431000000,1779534115425000000,1779534115452000000,1779534115456000000,1779534115464000000,1779534115497000000,33.0000,27.0000,3.0000,33.0000,66.0000,23.77,T3-T5 on Isaac clock; Network_est approximate
2026-05-23T11:01:55.5624190Z,1529,1957,0,1779534115514,1779534115497000000,1779534115497000000,1779534115491000000,1779534115514000000,1779534115514000000,1779534115529000000,1779534115562000000,32.0000,23.0000,4.5000,33.0000,65.0000,22.73,T3-T5 on Isaac clock; Network_est approximate
2026-05-23T11:01:55.5950080Z,1530,1958,0,1779534115553,1779534115529000000,1779534115529000000,1779534115523000000,1779534115548000000,1779534115553000000,1779534115562000000,1779534115595000000,33.0000,25.0000,4.0000,33.0000,66.0000,21.72,T3-T5 on Isaac clock; Network_est approximate
2026-05-23T11:01:55.6606930Z,1531,1960,0,1779534115594,1779534115594000000,1779534115594000000,1779534115589000000,1779534115590000000,1779534115594000000,1779534115628000000,1779534115660000000,34.0000,1.0000,16.5000,32.0000,66.0000,21.90,T3-T5 on Isaac clock; Network_est approximate
2026-05-23T11:01:55.6933960Z,1532,1961,0,1779534115651,1779534115627000000,1779534115627000000,1779534115622000000,1779534115649000000,1779534115651000000,1779534115660000000,1779534115693000000,33.0000,27.0000,3.0000,33.0000,66.0000,22.07,T3-T5 on Isaac clock; Network_est approximate
2026-05-23T11:01:55.8013320Z,1533,1962,0,1779534115688,1779534115660000000,1779534115660000000,1779534115654000000,1779534115684000000,1779534115688000000,1779534115734000000,1779534115801000000,74.0000,30.0000,22.0000,67.0000,141.0000,25.15,T3-T5 on Isaac clock; Network_est approximate
2026-05-23T11:01:55.8046870Z,1535,1964,0,1779534115788,1779534115733000000,1779534115733000000,1779534115728000000,1779534115784000000,1779534115788000000,1779534115801000000,1779534115804000000,68.0000,56.0000,6.0000,3.0000,71.0000,29.62,T3-T5 on Isaac clock; Network_est approximate
2026-05-23T11:01:55.8720620Z,1536,1966,0,1779534115825,1779534115804000000,1779534115804000000,1779534115798000000,1779534115819000000,1779534115825000000,1779534115838000000,1779534115872000000,34.0000,21.0000,6.5000,34.0000,68.0000,29.66,T3-T5 on Isaac clock; Network_est approximate
2026-05-23T11:01:55.9052100Z,1537,1967,0,1779534115861,1779534115838000000,1779534115838000000,1779534115832000000,1779534115860000000,1779534115861000000,1779534115871000000,1779534115905000000,33.0000,28.0000,2.5000,34.0000,67.0000,27.98,T3-T5 on Isaac clock; Network_est approximate
2026-05-23T11:01:55.9711640Z,1538,1969,0,1779534115924,1779534115904000000,1779534115905000000,1779534115899000000,1779534115920000000,1779534115924000000,1779534115938000000,1779534115971000000,33.0000,21.0000,6.0000,33.0000,67.0000,26.40,T3-T5 on Isaac clock; Network_est approximate
2026-05-23T11:01:56.0035310Z,1539,1970,0,1779534115955,1779534115938000000,1779534115938000000,1779534115932000000,1779534115954000000,1779534115955000000,1779534115971000000,1779534116003000000,33.0000,22.0000,5.5000,32.0000,65.0000,24.85,T3-T5 on Isaac clock; Network_est approximate
2026-05-23T11:01:56.0691280Z,1540,1971,0,1779534115998,1779534115970000000,1779534115970000000,1779534115964000000,1779534115995000000,1779534115998000000,1779534116035000000,1779534116069000000,65.0000,31.0000,17.0000,34.0000,99.0000,24.71,T3-T5 on Isaac clock; Network_est approximate
2026-05-23T11:01:56.1015330Z,1541,1973,0,1779534116060,1779534116035000000,1779534116035000000,1779534116029000000,1779534116055000000,1779534116060000000,1779534116069000000,1779534116101000000,34.0000,26.0000,4.0000,32.0000,66.0000,25.01,T3-T5 on Isaac clock; Network_est approximate
2026-05-23T11:01:56.1669640Z,1542,1974,0,1779534116096,1779534116068000000,1779534116068000000,1779534116062000000,1779534116093000000,1779534116096000000,1779534116133000000,1779534116166000000,65.0000,31.0000,17.0000,33.0000,98.0000,25.28,T3-T5 on Isaac clock; Network_est approximate
2026-05-23T11:01:56.2005550Z,1543,1976,0,1779534116137,1779534116133000000,1779534116133000000,1779534116127000000,1779534116133000000,1779534116137000000,1779534116166000000,1779534116200000000,33.0000,6.0000,13.5000,34.0000,67.0000,24.16,T3-T5 on Isaac clock; Network_est approximate
2026-05-23T11:01:56.2735460Z,1544,1977,0,1779534116194,1779534116166000000,1779534116166000000,1779534116160000000,1779534116192000000,1779534116194000000,1779534116241000000,1779534116273000000,75.0000,32.0000,21.5000,32.0000,107.0000,23.64,T3-T5 on Isaac clock; Network_est approximate
2026-05-23T11:01:56.3059970Z,1545,1978,0,1779534116235,1779534116200000000,1779534116200000000,1779534116194000000,1779534116232000000,1779534116235000000,1779534116273000000,1779534116305000000,73.0000,38.0000,17.5000,32.0000,105.0000,22.68,T3-T5 on Isaac clock; Network_est approximate
2026-05-23T11:01:56.3462750Z,1546,1980,0,1779534116271,1779534116273000000,1779534116273000000,1779534116267000000,1779534116271000000,1779534116271000000,1779534116305000000,1779534116346000000,32.0000,4.0000,14.0000,41.0000,73.0000,21.53,T3-T5 on Isaac clock; Network_est approximate
2026-05-23T11:01:56.3776990Z,1547,1981,0,1779534116331,1779534116305000000,1779534116305000000,1779534116300000000,1779534116330000000,1779534116331000000,1779534116346000000,1779534116377000000,41.0000,30.0000,5.5000,31.0000,72.0000,21.97,T3-T5 on Isaac clock; Network_est approximate
2026-05-23T11:01:56.4102840Z,1548,1982,0,1779534116367,1779534116346000000,1779534116346000000,1779534116340000000,1779534116365000000,1779534116367000000,1779534116377000000,1779534116410000000,31.0000,25.0000,3.0000,33.0000,64.0000,20.81,T3-T5 on Isaac clock; Network_est approximate
2026-05-23T11:01:56.4758450Z,1549,1984,0,1779534116410,1779534116410000000,1779534116410000000,1779534116404000000,1779534116407000000,1779534116410000000,1779534116442000000,1779534116475000000,32.0000,3.0000,14.5000,33.0000,65.0000,20.93,T3-T5 on Isaac clock; Network_est approximate
2026-05-23T11:01:56.5080000Z,1550,1985,0,1779534116468,1779534116442000000,1779534116442000000,1779534116436000000,1779534116466000000,1779534116468000000,1779534116475000000,1779534116508000000,33.0000,30.0000,1.5000,33.0000,66.0000,21.24,T3-T5 on Isaac clock; Network_est approximate
2026-05-23T11:01:56.5729980Z,1551,1987,0,1779534116506,1779534116507000000,1779534116507000000,1779534116502000000,1779534116503000000,1779534116506000000,1779534116540000000,1779534116572000000,33.0000,1.0000,16.0000,32.0000,65.0000,21.59,T3-T5 on Isaac clock; Network_est approximate
2026-05-23T11:01:56.6060250Z,1552,1988,0,1779534116548,1779534116540000000,1779534116540000000,1779534116534000000,1779534116544000000,1779534116548000000,1779534116572000000,1779534116606000000,32.0000,10.0000,11.0000,34.0000,66.0000,20.81,T3-T5 on Isaac clock; Network_est approximate
2026-05-23T11:01:56.6711370Z,1553,1990,0,1779534116606,1779534116605000000,1779534116605000000,1779534116600000000,1779534116604000000,1779534116606000000,1779534116638000000,1779534116671000000,33.0000,4.0000,14.5000,33.0000,66.0000,19.96,T3-T5 on Isaac clock; Network_est approximate
2026-05-23T11:01:56.7045900Z,1554,1991,0,1779534116648,1779534116638000000,1779534116638000000,1779534116632000000,1779534116644000000,1779534116648000000,1779534116671000000,1779534116704000000,33.0000,12.0000,10.5000,33.0000,66.0000,19.26,T3-T5 on Isaac clock; Network_est approximate
2026-05-23T11:01:56.7767220Z,1555,1992,0,1779534116689,1779534116670000000,1779534116670000000,1779534116664000000,1779534116684000000,1779534116689000000,1779534116704000000,1779534116776000000,34.0000,20.0000,7.0000,72.0000,106.0000,19.99,T3-T5 on Isaac clock; Network_est approximate
2026-05-23T11:01:56.7808490Z,1556,1993,0,1779534116748,1779534116704000000,1779534116704000000,1779534116698000000,1779534116743000000,1779534116748000000,1779534116776000000,1779534116780000000,72.0000,45.0000,13.5000,4.0000,76.0000,22.17,T3-T5 on Isaac clock; Network_est approximate
2026-05-23T11:01:56.8878540Z,1557,1995,0,1779534116779,1779534116780000000,1779534116780000000,1779534116774000000,1779534116778000000,1779534116779000000,1779534116813000000,1779534116887000000,33.0000,4.0000,14.5000,74.0000,107.0000,25.56,T3-T5 on Isaac clock; Network_est approximate
2026-05-23T11:01:56.8911250Z,1558,1996,0,1779534116821,1779534116812000000,1779534116812000000,1779534116807000000,1779534116819000000,1779534116821000000,1779534116887000000,1779534116891000000,75.0000,12.0000,31.5000,4.0000,79.0000,26.39,T3-T5 on Isaac clock; Network_est approximate
2026-05-23T11:01:56.9249670Z,1559,1996,0,1779534116883,1779534116812000000,1779534116812000000,1779534116807000000,1779534116878000000,1779534116883000000,1779534116890000000,1779534116924000000,78.0000,71.0000,3.5000,34.0000,112.0000,26.50,T3-T5 on Isaac clock; Network_est approximate
2026-05-23T11:01:56.9919610Z,1560,1998,0,1779534116920,1779534116890000000,1779534116890000000,1779534116884000000,1779534116917000000,1779534116920000000,1779534116958000000,1779534116991000000,68.0000,33.0000,17.5000,33.0000,101.0000,26.71,T3-T5 on Isaac clock; Network_est approximate
2026-05-23T11:01:57.0240510Z,1561,2000,0,1779534116961,1779534116957000000,1779534116958000000,1779534116952000000,1779534116958000000,1779534116961000000,1779534116991000000,1779534117024000000,33.0000,6.0000,13.5000,33.0000,67.0000,25.60,T3-T5 on Isaac clock; Network_est approximate
2026-05-23T11:01:57.0891030Z,1562,2001,0,1779534117020,1779534116991000000,1779534116991000000,1779534116985000000,1779534117017000000,1779534117020000000,1779534117056000000,1779534117089000000,65.0000,32.0000,16.5000,33.0000,98.0000,24.38,T3-T5 on Isaac clock; Network_est approximate
2026-05-23T11:01:57.1227370Z,1563,2003,0,1779534117057,1779534117056000000,1779534117056000000,1779534117051000000,1779534117054000000,1779534117057000000,1779534117089000000,1779534117122000000,33.0000,3.0000,15.0000,33.0000,66.0000,23.08,T3-T5 on Isaac clock; Network_est approximate
2026-05-23T11:01:57.1582410Z,1564,2004,0,1779534117099,1779534117088000000,1779534117088000000,1779534117083000000,1779534117095000000,1779534117099000000,1779534117122000000,1779534117158000000,34.0000,12.0000,11.0000,36.0000,70.0000,22.03,T3-T5 on Isaac clock; Network_est approximate
2026-05-23T11:01:57.2630150Z,1565,2006,0,1779534117156,1779534117158000000,1779534117158000000,1779534117152000000,1779534117154000000,1779534117156000000,1779534117190000000,1779534117263000000,32.0000,2.0000,15.0000,73.0000,105.0000,23.62,T3-T5 on Isaac clock; Network_est approximate
2026-05-23T11:01:57.2669010Z,1567,2007,0,1779534117233,1779534117190000000,1779534117190000000,1779534117184000000,1779534117231000000,1779534117233000000,1779534117262000000,1779534117266000000,72.0000,47.0000,12.5000,4.0000,76.0000,26.70,T3-T5 on Isaac clock; Network_est approximate
2026-05-23T11:01:57.3703660Z,1569,2010,0,1779534117330,1779534117299000000,1779534117299000000,1779534117293000000,1779534117326000000,1779534117330000000,1779534117339000000,1779534117370000000,40.0000,33.0000,3.5000,31.0000,71.0000,25.43,T3-T5 on Isaac clock; Network_est approximate
2026-05-23T11:01:57.4357850Z,1570,2012,0,1779534117368,1779534117370000000,1779534117370000000,1779534117364000000,1779534117366000000,1779534117368000000,1779534117402000000,1779534117435000000,32.0000,2.0000,15.0000,33.0000,65.0000,25.56,T3-T5 on Isaac clock; Network_est approximate
2026-05-23T11:01:57.5007810Z,1572,2014,0,1779534117461,1779534117435000000,1779534117435000000,1779534117429000000,1779534117460000000,1779534117461000000,1779534117468000000,1779534117500000000,33.0000,31.0000,1.0000,32.0000,65.0000,25.71,T3-T5 on Isaac clock; Network_est approximate
2026-05-23T11:01:57.5662240Z,1573,2016,0,1779534117508,1779534117500000000,1779534117500000000,1779534117494000000,1779534117503000000,1779534117508000000,1779534117533000000,1779534117566000000,33.0000,9.0000,12.0000,33.0000,66.0000,25.26,T3-T5 on Isaac clock; Network_est approximate
2026-05-23T11:01:57.6313150Z,1574,2018,0,1779534117565,1779534117566000000,1779534117566000000,1779534117560000000,1779534117563000000,1779534117565000000,1779534117599000000,1779534117631000000,33.0000,3.0000,15.0000,32.0000,65.0000,24.18,T3-T5 on Isaac clock; Network_est approximate
2026-05-23T11:01:57.6641230Z,1575,2019,0,1779534117601,1779534117598000000,1779534117598000000,1779534117593000000,1779534117597000000,1779534117601000000,1779534117631000000,1779534117664000000,33.0000,4.0000,14.5000,33.0000,66.0000,22.87,T3-T5 on Isaac clock; Network_est approximate
2026-05-23T11:01:57.6973230Z,1576,2020,0,1779534117642,1779534117631000000,1779534117631000000,1779534117625000000,1779534117639000000,1779534117642000000,1779534117664000000,1779534117697000000,33.0000,14.0000,9.5000,33.0000,66.0000,21.94,T3-T5 on Isaac clock; Network_est approximate
2026-05-23T11:01:57.7633440Z,1577,2022,0,1779534117700,1779534117697000000,1779534117697000000,1779534117693000000,1779534117699000000,1779534117700000000,1779534117729000000,1779534117763000000,32.0000,6.0000,13.0000,34.0000,66.0000,21.07,T3-T5 on Isaac clock; Network_est approximate
2026-05-23T11:01:57.8041850Z,1578,2023,0,1779534117736,1779534117729000000,1779534117729000000,1779534117723000000,1779534117734000000,1779534117736000000,1779534117763000000,1779534117804000000,34.0000,11.0000,11.5000,41.0000,75.0000,20.05,T3-T5 on Isaac clock; Network_est approximate
2026-05-23T11:01:57.8741560Z,1579,2024,0,1779534117782,1779534117763000000,1779534117763000000,1779534117757000000,1779534117778000000,1779534117782000000,1779534117804000000,1779534117874000000,41.0000,21.0000,10.0000,70.0000,111.0000,20.29,T3-T5 on Isaac clock; Network_est approximate
2026-05-23T11:01:57.8784050Z,1580,2025,0,1779534117840,1779534117803000000,1779534117803000000,1779534117797000000,1779534117836000000,1779534117840000000,1779534117874000000,1779534117878000000,71.0000,39.0000,16.0000,4.0000,75.0000,22.40,T3-T5 on Isaac clock; Network_est approximate
2026-05-23T11:01:57.9783940Z,1581,2026,0,1779534117876,1779534117873000000,1779534117873000000,1779534117868000000,1779534117871000000,1779534117876000000,1779534117909000000,1779534117978000000,36.0000,3.0000,16.5000,69.0000,105.0000,25.02,T3-T5 on Isaac clock; Network_est approximate
2026-05-23T11:01:57.9815410Z,1582,2028,0,1779534117918,1779534117909000000,1779534117909000000,1779534117903000000,1779534117913000000,1779534117918000000,1779534117978000000,1779534117981000000,69.0000,10.0000,29.5000,3.0000,72.0000,25.88,T3-T5 on Isaac clock; Network_est approximate
2026-05-23T11:01:58.0484700Z,1583,2029,0,1779534117975,1779534117978000000,1779534117978000000,1779534117972000000,1779534117973000000,1779534117975000000,1779534118014000000,1779534118048000000,36.0000,1.0000,17.5000,34.0000,70.0000,24.88,T3-T5 on Isaac clock; Network_est approximate
2026-05-23T11:01:58.0813040Z,1584,2031,0,1779534118017,1779534118014000000,1779534118014000000,1779534118008000000,1779534118012000000,1779534118017000000,1779534118048000000,1779534118081000000,34.0000,4.0000,15.0000,33.0000,67.0000,23.90,T3-T5 on Isaac clock; Network_est approximate
2026-05-23T11:01:58.1138390Z,1585,2032,0,1779534118059,1779534118048000000,1779534118048000000,1779534118042000000,1779534118055000000,1779534118059000000,1779534118081000000,1779534118113000000,33.0000,13.0000,10.0000,32.0000,65.0000,23.00,T3-T5 on Isaac clock; Network_est approximate
2026-05-23T11:01:58.1795730Z,1586,2034,0,1779534118116,1779534118113000000,1779534118113000000,1779534118107000000,1779534118115000000,1779534118116000000,1779534118147000000,1779534118179000000,34.0000,8.0000,13.0000,32.0000,66.0000,22.10,T3-T5 on Isaac clock; Network_est approximate
2026-05-23T11:01:58.2130170Z,1587,2035,0,1779534118153,1779534118146000000,1779534118146000000,1779534118141000000,1779534118150000000,1779534118153000000,1779534118179000000,1779534118213000000,33.0000,9.0000,12.0000,34.0000,67.0000,20.94,T3-T5 on Isaac clock; Network_est approximate
2026-05-23T11:01:58.2461140Z,1588,2036,0,1779534118194,1779534118179000000,1779534118179000000,1779534118173000000,1779534118191000000,1779534118194000000,1779534118212000000,1779534118246000000,33.0000,18.0000,7.5000,34.0000,67.0000,20.11,T3-T5 on Isaac clock; Network_est approximate
2026-05-23T11:01:58.3563660Z,1589,2038,0,1779534118251,1779534118245000000,1779534118245000000,1779534118241000000,1779534118250000000,1779534118251000000,1779534118286000000,1779534118356000000,41.0000,9.0000,16.0000,70.0000,111.0000,22.19,T3-T5 on Isaac clock; Network_est approximate
2026-05-23T11:01:58.3597780Z,1591,2039,0,1779534118328,1779534118286000000,1779534118286000000,1779534118280000000,1779534118326000000,1779534118328000000,1779534118356000000,1779534118359000000,70.0000,46.0000,12.0000,3.0000,73.0000,25.40,T3-T5 on Isaac clock; Network_est approximate
2026-05-23T11:01:58.4579150Z,1592,2041,0,1779534118385,1779534118359000000,1779534118359000000,1779534118353000000,1779534118385000000,1779534118385000000,1779534118424000000,1779534118457000000,65.0000,32.0000,16.5000,33.0000,98.0000,26.37,T3-T5 on Isaac clock; Network_est approximate
2026-05-23T11:01:58.4907800Z,1593,2043,0,1779534118423,1779534118424000000,1779534118424000000,1779534118419000000,1779534118420000000,1779534118423000000,1779534118457000000,1779534118490000000,33.0000,1.0000,16.0000,33.0000,66.0000,25.04,T3-T5 on Isaac clock; Network_est approximate
2026-05-23T11:01:58.5309140Z,1594,2044,0,1779534118464,1779534118457000000,1779534118457000000,1779534118451000000,1779534118461000000,1779534118464000000,1779534118490000000,1779534118530000000,33.0000,10.0000,11.5000,40.0000,73.0000,23.53,T3-T5 on Isaac clock; Network_est approximate
2026-05-23T11:01:58.5621360Z,1595,2045,0,1779534118521,1779534118490000000,1779534118490000000,1779534118484000000,1779534118520000000,1779534118521000000,1779534118530000000,1779534118562000000,40.0000,36.0000,2.0000,32.0000,72.0000,23.67,T3-T5 on Isaac clock; Network_est approximate
2026-05-23T11:01:58.6276960Z,1596,2046,0,1779534118558,1779534118530000000,1779534118530000000,1779534118524000000,1779534118555000000,1779534118558000000,1779534118594000000,1779534118627000000,64.0000,31.0000,16.5000,33.0000,97.0000,23.97,T3-T5 on Isaac clock; Network_est approximate
2026-05-23T11:01:58.6604680Z,1597,2048,0,1779534118600,1779534118594000000,1779534118594000000,1779534118588000000,1779534118597000000,1779534118600000000,1779534118627000000,1779534118660000000,33.0000,9.0000,12.0000,33.0000,66.0000,23.06,T3-T5 on Isaac clock; Network_est approximate
2026-05-23T11:01:58.7255790Z,1598,2050,0,1779534118661,1779534118660000000,1779534118660000000,1779534118654000000,1779534118657000000,1779534118661000000,1779534118692000000,1779534118725000000,32.0000,3.0000,14.5000,33.0000,65.0000,21.88,T3-T5 on Isaac clock; Network_est approximate
2026-05-23T11:01:58.7596770Z,1599,2051,0,1779534118692,1779534118692000000,1779534118692000000,1779534118686000000,1779534118692000000,1779534118692000000,1779534118725000000,1779534118759000000,33.0000,6.0000,13.5000,34.0000,67.0000,20.70,T3-T5 on Isaac clock; Network_est approximate
2026-05-23T11:01:58.7999330Z,1600,2052,0,1779534118735,1779534118725000000,1779534118725000000,1779534118720000000,1779534118734000000,1779534118735000000,1779534118759000000,1779534118799000000,34.0000,14.0000,10.0000,40.0000,74.0000,19.58,T3-T5 on Isaac clock; Network_est approximate
2026-05-23T11:01:58.8716980Z,1601,2054,0,1779534118797,1779534118799000000,1779534118799000000,1779534118793000000,1779534118794000000,1779534118797000000,1779534118831000000,1779534118871000000,32.0000,1.0000,15.5000,40.0000,72.0000,18.97,T3-T5 on Isaac clock; Network_est approximate
2026-05-23T11:01:58.9033510Z,1602,2055,0,1779534118833,1779534118830000000,1779534118831000000,1779534118826000000,1779534118830000000,1779534118833000000,1779534118871000000,1779534118903000000,40.0000,4.0000,18.0000,32.0000,73.0000,18.08,T3-T5 on Isaac clock; Network_est approximate
2026-05-23T11:01:58.9360810Z,1603,2056,0,1779534118870,1779534118871000000,1779534118871000000,1779534118865000000,1779534118870000000,1779534118870000000,1779534118903000000,1779534118936000000,32.0000,5.0000,13.5000,33.0000,65.0000,17.20,T3-T5 on Isaac clock; Network_est approximate
2026-05-23T11:01:59.0012810Z,1604,2057,0,1779534118933,1779534118902000000,1779534118902000000,1779534118897000000,1779534118929000000,1779534118933000000,1779534118968000000,1779534119001000000,66.0000,32.0000,17.0000,33.0000,99.0000,16.27,T3-T5 on Isaac clock; Network_est approximate
2026-05-23T11:01:59.0711420Z,1605,2059,0,1779534118967,1779534118968000000,1779534118968000000,1779534118962000000,1779534118965000000,1779534118967000000,1779534119001000000,1779534119071000000,33.0000,3.0000,15.0000,70.0000,103.0000,17.49,T3-T5 on Isaac clock; Network_est approximate
2026-05-23T11:01:59.0742700Z,1606,2060,0,1779534119009,1779534119001000000,1779534119001000000,1779534118995000000,1779534119006000000,1779534119009000000,1779534119071000000,1779534119074000000,70.0000,11.0000,29.5000,3.0000,73.0000,18.83,T3-T5 on Isaac clock; Network_est approximate
2026-05-23T11:01:59.1432800Z,1607,2061,0,1779534119070,1779534119070000000,1779534119070000000,1779534119065000000,1779534119065000000,1779534119070000000,1779534119107000000,1779534119143000000,37.0000,0.0000,18.5000,36.0000,73.0000,18.15,T3-T5 on Isaac clock; Network_est approximate
2026-05-23T11:01:59.1774860Z,1608,2062,0,1779534119107,1779534119074000000,1779534119074000000,1779534119068000000,1779534119102000000,1779534119107000000,1779534119143000000,1779534119177000000,69.0000,34.0000,17.5000,34.0000,103.0000,17.18,T3-T5 on Isaac clock; Network_est approximate
2026-05-23T11:01:59.2096310Z,1609,2064,0,1779534119143,1779534119143000000,1779534119143000000,1779534119137000000,1779534119142000000,1779534119143000000,1779534119177000000,1779534119209000000,34.0000,5.0000,14.5000,32.0000,66.0000,16.35,T3-T5 on Isaac clock; Network_est approximate
2026-05-23T11:01:59.2755230Z,1610,2066,0,1779534119207,1779534119209000000,1779534119209000000,1779534119203000000,1779534119207000000,1779534119207000000,1779534119242000000,1779534119275000000,33.0000,4.0000,14.5000,33.0000,66.0000,15.44,T3-T5 on Isaac clock; Network_est approximate
2026-05-23T11:01:59.3164330Z,1611,2067,0,1779534119244,1779534119242000000,1779534119242000000,1779534119237000000,1779534119242000000,1779534119244000000,1779534119275000000,1779534119316000000,33.0000,5.0000,14.0000,41.0000,74.0000,14.72,T3-T5 on Isaac clock; Network_est approximate
2026-05-23T11:01:59.3478430Z,1612,2068,0,1779534119286,1779534119275000000,1779534119275000000,1779534119270000000,1779534119284000000,1779534119286000000,1779534119316000000,1779534119347000000,41.0000,14.0000,13.5000,31.0000,72.0000,14.46,T3-T5 on Isaac clock; Network_est approximate
2026-05-23T11:01:59.4198340Z,1613,2070,0,1779534119349,1779534119347000000,1779534119347000000,1779534119341000000,1779534119344000000,1779534119349000000,1779534119387000000,1779534119419000000,40.0000,3.0000,18.5000,32.0000,72.0000,14.12,T3-T5 on Isaac clock; Network_est approximate
2026-05-23T11:01:59.4514210Z,1614,2070,0,1779534119385,1779534119347000000,1779534119347000000,1779534119341000000,1779534119380000000,1779534119385000000,1779534119419000000,1779534119451000000,72.0000,39.0000,16.5000,32.0000,104.0000,13.51,T3-T5 on Isaac clock; Network_est approximate
2026-05-23T11:01:59.4843840Z,1615,2072,0,1779534119427,1779534119419000000,1779534119419000000,1779534119413000000,1779534119422000000,1779534119427000000,1779534119451000000,1779534119484000000,32.0000,9.0000,11.5000,33.0000,65.0000,13.23,T3-T5 on Isaac clock; Network_est approximate
2026-05-23T11:01:59.5496270Z,1616,2074,0,1779534119486,1779534119484000000,1779534119484000000,1779534119478000000,1779534119482000000,1779534119486000000,1779534119517000000,1779534119549000000,33.0000,4.0000,14.5000,32.0000,65.0000,12.79,T3-T5 on Isaac clock; Network_est approximate
2026-05-23T11:01:59.5825240Z,1617,2075,0,1779534119517,1779534119517000000,1779534119517000000,1779534119511000000,1779534119517000000,1779534119517000000,1779534119549000000,1779534119582000000,32.0000,6.0000,13.0000,33.0000,65.0000,12.11,T3-T5 on Isaac clock; Network_est approximate
2026-05-23T11:01:59.6150820Z,1618,2076,0,1779534119559,1779534119549000000,1779534119549000000,1779534119544000000,1779534119558000000,1779534119559000000,1779534119582000000,1779534119615000000,33.0000,14.0000,9.5000,33.0000,66.0000,11.95,T3-T5 on Isaac clock; Network_est approximate
2026-05-23T11:01:59.6803270Z,1619,2078,0,1779534119622,1779534119614000000,1779534119614000000,1779534119609000000,1779534119618000000,1779534119622000000,1779534119647000000,1779534119680000000,33.0000,9.0000,12.0000,33.0000,66.0000,11.35,T3-T5 on Isaac clock; Network_est approximate
2026-05-23T11:01:59.7130850Z,1620,2079,0,1779534119658,1779534119647000000,1779534119647000000,1779534119641000000,1779534119653000000,1779534119658000000,1779534119680000000,1779534119713000000,33.0000,12.0000,10.5000,33.0000,66.0000,10.84,T3-T5 on Isaac clock; Network_est approximate
2026-05-23T11:01:59.7458770Z,1621,2080,0,1779534119695,1779534119680000000,1779534119680000000,1779534119674000000,1779534119694000000,1779534119695000000,1779534119713000000,1779534119745000000,33.0000,20.0000,6.5000,32.0000,65.0000,10.43,T3-T5 on Isaac clock; Network_est approximate
2026-05-23T11:01:59.8514500Z,1622,2082,0,1779534119759,1779534119745000000,1779534119745000000,1779534119739000000,1779534119754000000,1779534119759000000,1779534119778000000,1779534119851000000,33.0000,15.0000,9.0000,73.0000,106.0000,12.37,T3-T5 on Isaac clock; Network_est approximate
2026-05-23T11:01:59.8570680Z,1624,2083,0,1779534119836,1779534119778000000,1779534119778000000,1779534119772000000,1779534119833000000,1779534119836000000,1779534119851000000,1779534119857000000,73.0000,61.0000,6.0000,6.0000,79.0000,16.06,T3-T5 on Isaac clock; Network_est approximate
2026-05-23T11:01:59.9622950Z,1625,2086,0,1779534119896,1779534119889000000,1779534119889000000,1779534119883000000,1779534119893000000,1779534119896000000,1779534119931000000,1779534119962000000,42.0000,10.0000,16.0000,31.0000,73.0000,17.88,T3-T5 on Isaac clock; Network_est approximate
2026-05-23T11:01:59.9951960Z,1626,2087,0,1779534119932,1779534119930000000,1779534119930000000,1779534119925000000,1779534119929000000,1779534119932000000,1779534119962000000,1779534119995000000,32.0000,4.0000,14.0000,33.0000,65.0000,16.97,T3-T5 on Isaac clock; Network_est approximate
2026-05-23T11:02:00.0290110Z,1627,2088,0,1779534119973,1779534119962000000,1779534119962000000,1779534119956000000,1779534119969000000,1779534119973000000,1779534119995000000,1779534120029000000,33.0000,13.0000,10.0000,34.0000,67.0000,16.37,T3-T5 on Isaac clock; Network_est approximate
2026-05-23T11:02:00.0933410Z,1628,2090,0,1779534120032,1779534120028000000,1779534120028000000,1779534120022000000,1779534120029000000,1779534120032000000,1779534120061000000,1779534120093000000,33.0000,7.0000,13.0000,32.0000,65.0000,15.71,T3-T5 on Isaac clock; Network_est approximate
2026-05-23T11:02:00.1261650Z,1629,2091,0,1779534120064,1779534120061000000,1779534120061000000,1779534120055000000,1779534120064000000,1779534120064000000,1779534120093000000,1779534120126000000,32.0000,9.0000,11.5000,33.0000,65.0000,14.78,T3-T5 on Isaac clock; Network_est approximate
2026-05-23T11:02:00.1590870Z,1630,2092,0,1779534120106,1779534120093000000,1779534120093000000,1779534120087000000,1779534120106000000,1779534120106000000,1779534120126000000,1779534120159000000,33.0000,19.0000,7.0000,33.0000,66.0000,14.42,T3-T5 on Isaac clock; Network_est approximate
2026-05-23T11:02:00.2238110Z,1631,2094,0,1779534120170,1779534120158000000,1779534120158000000,1779534120153000000,1779534120166000000,1779534120170000000,1779534120191000000,1779534120223000000,33.0000,13.0000,10.0000,32.0000,65.0000,13.57,T3-T5 on Isaac clock; Network_est approximate
2026-05-23T11:02:00.2563960Z,1632,2095,0,1779534120201,1779534120191000000,1779534120191000000,1779534120185000000,1779534120200000000,1779534120201000000,1779534120223000000,1779534120256000000,32.0000,15.0000,8.5000,33.0000,65.0000,12.82,T3-T5 on Isaac clock; Network_est approximate
2026-05-23T11:02:00.2896490Z,1633,2096,0,1779534120243,1779534120223000000,1779534120223000000,1779534120217000000,1779534120242000000,1779534120243000000,1779534120256000000,1779534120289000000,33.0000,25.0000,4.0000,33.0000,66.0000,12.56,T3-T5 on Isaac clock; Network_est approximate
2026-05-23T11:02:00.3719020Z,1635,2098,0,1779534120339,1779534120289000000,1779534120289000000,1779534120283000000,1779534120336000000,1779534120339000000,1779534120367000000,1779534120371000000,78.0000,53.0000,12.5000,4.0000,82.0000,12.64,T3-T5 on Isaac clock; Network_est approximate
2026-05-23T11:02:00.4474440Z,1636,2100,0,1779534120382,1779534120371000000,1779534120371000000,1779534120365000000,1779534120377000000,1779534120382000000,1779534120406000000,1779534120447000000,35.0000,12.0000,11.5000,41.0000,76.0000,13.88,T3-T5 on Isaac clock; Network_est approximate
2026-05-23T11:02:00.4789060Z,1637,2101,0,1779534120439,1779534120406000000,1779534120406000000,1779534120400000000,1779534120437000000,1779534120439000000,1779534120447000000,1779534120478000000,41.0000,37.0000,2.0000,31.0000,72.0000,14.61,T3-T5 on Isaac clock; Network_est approximate
2026-05-23T11:02:00.5513680Z,1638,2102,0,1779534120475,1779534120447000000,1779534120447000000,1779534120441000000,1779534120471000000,1779534120475000000,1779534120511000000,1779534120551000000,64.0000,30.0000,17.0000,40.0000,104.0000,15.97,T3-T5 on Isaac clock; Network_est approximate
2026-05-23T11:02:00.5773210Z,1639,2104,0,1779534120517,1779534120511000000,1779534120511000000,1779534120505000000,1779534120513000000,1779534120517000000,1779534120551000000,1779534120577000000,40.0000,8.0000,16.0000,26.0000,66.0000,15.97,T3-T5 on Isaac clock; Network_est approximate
2026-05-23T11:02:00.6422760Z,1640,2106,0,1779534120574,1779534120577000000,1779534120577000000,1779534120571000000,1779534120572000000,1779534120574000000,1779534120609000000,1779534120642000000,32.0000,1.0000,15.5000,33.0000,65.0000,15.46,T3-T5 on Isaac clock; Network_est approximate
2026-05-23T11:02:00.6747930Z,1641,2107,0,1779534120610,1779534120609000000,1779534120609000000,1779534120603000000,1779534120606000000,1779534120610000000,1779534120642000000,1779534120674000000,33.0000,3.0000,15.0000,32.0000,65.0000,14.71,T3-T5 on Isaac clock; Network_est approximate
2026-05-23T11:02:00.7080060Z,1642,2108,0,1779534120647,1779534120642000000,1779534120642000000,1779534120636000000,1779534120647000000,1779534120647000000,1779534120674000000,1779534120708000000,32.0000,11.0000,10.5000,34.0000,66.0000,14.03,T3-T5 on Isaac clock; Network_est approximate
2026-05-23T11:02:00.7726890Z,1643,2110,0,1779534120713,1779534120707000000,1779534120707000000,1779534120703000000,1779534120711000000,1779534120713000000,1779534120740000000,1779534120772000000,33.0000,8.0000,12.5000,32.0000,65.0000,13.24,T3-T5 on Isaac clock; Network_est approximate
2026-05-23T11:02:00.8056430Z,1644,2111,0,1779534120749,1779534120739000000,1779534120739000000,1779534120734000000,1779534120746000000,1779534120749000000,1779534120772000000,1779534120805000000,33.0000,12.0000,10.5000,33.0000,66.0000,12.60,T3-T5 on Isaac clock; Network_est approximate
2026-05-23T11:02:00.8389230Z,1645,2112,0,1779534120791,1779534120772000000,1779534120772000000,1779534120766000000,1779534120788000000,1779534120791000000,1779534120805000000,1779534120838000000,33.0000,22.0000,5.5000,33.0000,66.0000,12.36,T3-T5 on Isaac clock; Network_est approximate
2026-05-23T11:02:00.9108760Z,1646,2114,0,1779534120848,1779534120838000000,1779534120838000000,1779534120832000000,1779534120846000000,1779534120848000000,1779534120879000000,1779534120910000000,41.0000,14.0000,13.5000,31.0000,72.0000,12.52,T3-T5 on Isaac clock; Network_est approximate
2026-05-23T11:02:00.9512790Z,1647,2115,0,1779534120884,1779534120879000000,1779534120879000000,1779534120873000000,1779534120880000000,1779534120884000000,1779534120910000000,1779534120951000000,31.0000,7.0000,12.0000,41.0000,72.0000,12.01,T3-T5 on Isaac clock; Network_est approximate
2026-05-23T11:02:00.9825430Z,1648,2116,0,1779534120921,1779534120910000000,1779534120910000000,1779534120904000000,1779534120921000000,1779534120921000000,1779534120951000000,1779534120982000000,41.0000,17.0000,12.0000,31.0000,72.0000,11.61,T3-T5 on Isaac clock; Network_est approximate
2026-05-23T11:02:01.0473330Z,1649,2118,0,1779534120983,1779534120982000000,1779534120982000000,1779534120976000000,1779534120980000000,1779534120983000000,1779534121014000000,1779534121047000000,32.0000,4.0000,14.0000,33.0000,65.0000,11.06,T3-T5 on Isaac clock; Network_est approximate
2026-05-23T11:02:01.0798420Z,1650,2119,0,1779534121020,1779534121014000000,1779534121014000000,1779534121009000000,1779534121015000000,1779534121020000000,1779534121047000000,1779534121079000000,33.0000,6.0000,13.5000,32.0000,65.0000,10.66,T3-T5 on Isaac clock; Network_est approximate
2026-05-23T11:02:01.1125600Z,1651,2120,0,1779534121057,1779534121047000000,1779534121047000000,1779534121041000000,1779534121056000000,1779534121057000000,1779534121079000000,1779534121112000000,32.0000,15.0000,8.5000,33.0000,65.0000,10.26,T3-T5 on Isaac clock; Network_est approximate
2026-05-23T11:02:01.1806400Z,1652,2122,0,1779534121120,1779534121112000000,1779534121112000000,1779534121106000000,1779534121115000000,1779534121120000000,1779534121148000000,1779534121180000000,36.0000,9.0000,13.5000,32.0000,68.0000,9.94,T3-T5 on Isaac clock; Network_est approximate
2026-05-23T11:02:01.2492350Z,1653,2123,0,1779534121152,1779534121148000000,1779534121148000000,1779534121142000000,1779534121149000000,1779534121152000000,1779534121180000000,1779534121249000000,32.0000,7.0000,12.5000,69.0000,101.0000,11.61,T3-T5 on Isaac clock; Network_est approximate
2026-05-23T11:02:01.2522910Z,1654,2124,0,1779534121194,1779534121180000000,1779534121180000000,1779534121174000000,1779534121191000000,1779534121194000000,1779534121249000000,1779534121252000000,69.0000,17.0000,26.0000,3.0000,72.0000,13.31,T3-T5 on Isaac clock; Network_est approximate
2026-05-23T11:02:01.3195600Z,1655,2126,0,1779534121251,1779534121252000000,1779534121252000000,1779534121246000000,1779534121250000000,1779534121251000000,1779534121285000000,1779534121319000000,33.0000,4.0000,14.5000,34.0000,67.0000,13.12,T3-T5 on Isaac clock; Network_est approximate
2026-05-23T11:02:01.3608000Z,1656,2127,0,1779534121287,1779534121285000000,1779534121285000000,1779534121279000000,1779534121285000000,1779534121287000000,1779534121319000000,1779534121360000000,34.0000,6.0000,14.0000,41.0000,75.0000,12.63,T3-T5 on Isaac clock; Network_est approximate
2026-05-23T11:02:01.3920340Z,1657,2128,0,1779534121328,1779534121319000000,1779534121319000000,1779534121313000000,1779534121325000000,1779534121328000000,1779534121360000000,1779534121392000000,41.0000,12.0000,14.5000,32.0000,73.0000,12.46,T3-T5 on Isaac clock; Network_est approximate
2026-05-23T11:02:01.4654010Z,1659,2130,0,1779534121422,1779534121391000000,1779534121391000000,1779534121385000000,1779534121418000000,1779534121422000000,1779534121434000000,1779534121465000000,43.0000,33.0000,5.0000,31.0000,74.0000,12.96,T3-T5 on Isaac clock; Network_est approximate
2026-05-23T11:02:01.5301690Z,1660,2131,0,1779534121464,1779534121433000000,1779534121434000000,1779534121428000000,1779534121459000000,1779534121464000000,1779534121497000000,1779534121530000000,63.0000,31.0000,16.0000,33.0000,97.0000,13.56,T3-T5 on Isaac clock; Network_est approximate
2026-05-23T11:02:01.5629740Z,1661,2133,0,1779534121520,1779534121497000000,1779534121497000000,1779534121491000000,1779534121518000000,1779534121520000000,1779534121530000000,1779534121562000000,33.0000,27.0000,3.0000,32.0000,65.0000,14.15,T3-T5 on Isaac clock; Network_est approximate
2026-05-23T11:02:01.5955240Z,1662,2134,0,1779534121551,1779534121529000000,1779534121529000000,1779534121523000000,1779534121551000000,1779534121551000000,1779534121562000000,1779534121595000000,33.0000,28.0000,2.5000,33.0000,66.0000,13.37,T3-T5 on Isaac clock; Network_est approximate
2026-05-23T11:02:01.6606650Z,1663,2136,0,1779534121594,1779534121595000000,1779534121595000000,1779534121589000000,1779534121592000000,1779534121594000000,1779534121628000000,1779534121660000000,33.0000,3.0000,15.0000,32.0000,65.0000,13.91,T3-T5 on Isaac clock; Network_est approximate
2026-05-23T11:02:01.6934600Z,1664,2137,0,1779534121651,1779534121628000000,1779534121628000000,1779534121622000000,1779534121651000000,1779534121651000000,1779534121660000000,1779534121693000000,32.0000,29.0000,1.5000,33.0000,65.0000,14.56,T3-T5 on Isaac clock; Network_est approximate
2026-05-23T11:02:01.7589540Z,1665,2139,0,1779534121699,1779534121693000000,1779534121693000000,1779534121687000000,1779534121695000000,1779534121699000000,1779534121725000000,1779534121758000000,32.0000,8.0000,12.0000,33.0000,65.0000,14.76,T3-T5 on Isaac clock; Network_est approximate
2026-05-23T11:02:01.7910460Z,1666,2140,0,1779534121742,1779534121725000000,1779534121725000000,1779534121719000000,1779534121737000000,1779534121742000000,1779534121758000000,1779534121791000000,33.0000,18.0000,7.5000,33.0000,66.0000,14.51,T3-T5 on Isaac clock; Network_est approximate
2026-05-23T11:02:01.8960000Z,1667,2142,0,1779534121799,1779534121790000000,1779534121790000000,1779534121785000000,1779534121796000000,1779534121799000000,1779534121824000000,1779534121895000000,34.0000,11.0000,11.5000,71.0000,105.0000,16.59,T3-T5 on Isaac clock; Network_est approximate
2026-05-23T11:02:01.9000420Z,1669,2143,0,1779534121876,1779534121823000000,1779534121823000000,1779534121818000000,1779534121871000000,1779534121876000000,1779534121895000000,1779534121900000000,72.0000,53.0000,9.5000,5.0000,77.0000,20.11,T3-T5 on Isaac clock; Network_est approximate
2026-05-23T11:02:02.0041380Z,1670,2146,0,1779534121935,1779534121932000000,1779534121932000000,1779534121926000000,1779534121932000000,1779534121935000000,1779534121972000000,1779534122004000000,40.0000,6.0000,17.0000,32.0000,72.0000,21.67,T3-T5 on Isaac clock; Network_est approximate
2026-05-23T11:02:02.0369490Z,1671,2147,0,1779534121974,1779534121972000000,1779534121972000000,1779534121967000000,1779534121971000000,1779534121974000000,1779534122004000000,1779534122036000000,32.0000,4.0000,14.0000,32.0000,64.0000,20.70,T3-T5 on Isaac clock; Network_est approximate
2026-05-23T11:02:02.0692870Z,1672,2148,0,1779534122015,1779534122003000000,1779534122003000000,1779534121998000000,1779534122011000000,1779534122015000000,1779534122036000000,1779534122069000000,33.0000,13.0000,10.0000,33.0000,66.0000,19.95,T3-T5 on Isaac clock; Network_est approximate
2026-05-23T11:02:02.1346470Z,1673,2150,0,1779534122073,1779534122069000000,1779534122069000000,1779534122063000000,1779534122069000000,1779534122073000000,1779534122102000000,1779534122134000000,33.0000,6.0000,13.5000,32.0000,65.0000,19.16,T3-T5 on Isaac clock; Network_est approximate
2026-05-23T11:02:02.1674730Z,1674,2151,0,1779534122105,1779534122101000000,1779534122101000000,1779534122096000000,1779534122103000000,1779534122105000000,1779534122134000000,1779534122167000000,33.0000,7.0000,13.0000,33.0000,66.0000,18.01,T3-T5 on Isaac clock; Network_est approximate
2026-05-23T11:02:02.2000210Z,1675,2152,0,1779534122147,1779534122134000000,1779534122134000000,1779534122128000000,1779534122144000000,1779534122147000000,1779534122167000000,1779534122200000000,33.0000,16.0000,8.5000,33.0000,66.0000,17.48,T3-T5 on Isaac clock; Network_est approximate
2026-05-23T11:02:02.2653790Z,1676,2154,0,1779534122206,1779534122199000000,1779534122199000000,1779534122196000000,1779534122203000000,1779534122206000000,1779534122233000000,1779534122265000000,34.0000,7.0000,13.5000,32.0000,66.0000,16.79,T3-T5 on Isaac clock; Network_est approximate
2026-05-23T11:02:02.3348870Z,1677,2155,0,1779534122239,1779534122232000000,1779534122232000000,1779534122226000000,1779534122237000000,1779534122239000000,1779534122265000000,1779534122334000000,33.0000,11.0000,11.0000,69.0000,102.0000,18.02,T3-T5 on Isaac clock; Network_est approximate
2026-05-23T11:02:02.3430980Z,1678,2156,0,1779534122282,1779534122265000000,1779534122265000000,1779534122259000000,1779534122277000000,1779534122282000000,1779534122334000000,1779534122343000000,69.0000,18.0000,25.5000,9.0000,78.0000,19.06,T3-T5 on Isaac clock; Network_est approximate
2026-05-23T11:02:02.4178330Z,1679,2157,0,1779534122339,1779534122334000000,1779534122334000000,1779534122328000000,1779534122336000000,1779534122339000000,1779534122377000000,1779534122417000000,43.0000,8.0000,17.5000,40.0000,83.0000,18.97,T3-T5 on Isaac clock; Network_est approximate
2026-05-23T11:02:02.4491120Z,1680,2158,0,1779534122377,1779534122342000000,1779534122342000000,1779534122336000000,1779534122371000000,1779534122377000000,1779534122417000000,1779534122449000000,75.0000,35.0000,20.0000,32.0000,107.0000,18.20,T3-T5 on Isaac clock; Network_est approximate
2026-05-23T11:02:02.4822370Z,1681,2159,0,1779534122414,1779534122377000000,1779534122377000000,1779534122372000000,1779534122411000000,1779534122414000000,1779534122449000000,1779534122482000000,72.0000,39.0000,16.5000,33.0000,105.0000,17.30,T3-T5 on Isaac clock; Network_est approximate
2026-05-23T11:02:02.5149890Z,1682,2161,0,1779534122472,1779534122448000000,1779534122448000000,1779534122443000000,1779534122470000000,1779534122472000000,1779534122482000000,1779534122514000000,34.0000,27.0000,3.5000,32.0000,66.0000,17.80,T3-T5 on Isaac clock; Network_est approximate
2026-05-23T11:02:02.5477300Z,1683,2162,0,1779534122507,1779534122481000000,1779534122482000000,1779534122476000000,1779534122505000000,1779534122507000000,1779534122514000000,1779534122547000000,32.0000,29.0000,1.5000,33.0000,66.0000,16.82,T3-T5 on Isaac clock; Network_est approximate
2026-05-23T11:02:02.6128730Z,1684,2164,0,1779534122548,1779534122547000000,1779534122547000000,1779534122541000000,1779534122545000000,1779534122548000000,1779534122579000000,1779534122612000000,32.0000,4.0000,14.0000,33.0000,65.0000,17.28,T3-T5 on Isaac clock; Network_est approximate
2026-05-23T11:02:02.6789980Z,1685,2165,0,1779534122612,1779534122579000000,1779534122579000000,1779534122573000000,1779534122606000000,1779534122612000000,1779534122645000000,1779534122678000000,66.0000,33.0000,16.5000,33.0000,99.0000,16.33,T3-T5 on Isaac clock; Network_est approximate
2026-05-23T11:02:02.7112610Z,1686,2167,0,1779534122643,1779534122645000000,1779534122645000000,1779534122639000000,1779534122640000000,1779534122643000000,1779534122678000000,1779534122711000000,33.0000,1.0000,16.0000,33.0000,66.0000,15.39,T3-T5 on Isaac clock; Network_est approximate
2026-05-23T11:02:02.7440860Z,1687,2168,0,1779534122685,1779534122678000000,1779534122678000000,1779534122672000000,1779534122681000000,1779534122685000000,1779534122711000000,1779534122744000000,33.0000,9.0000,12.0000,33.0000,66.0000,15.00,T3-T5 on Isaac clock; Network_est approximate
2026-05-23T11:02:02.8094880Z,1688,2170,0,1779534122742,1779534122743000000,1779534122743000000,1779534122738000000,1779534122742000000,1779534122742000000,1779534122776000000,1779534122809000000,33.0000,4.0000,14.5000,33.0000,66.0000,14.59,T3-T5 on Isaac clock; Network_est approximate
2026-05-23T11:02:02.8422420Z,1689,2171,0,1779534122778,1779534122776000000,1779534122776000000,1779534122770000000,1779534122776000000,1779534122778000000,1779534122809000000,1779534122842000000,33.0000,6.0000,13.5000,33.0000,66.0000,13.89,T3-T5 on Isaac clock; Network_est approximate
2026-05-23T11:02:02.8752220Z,1690,2172,0,1779534122820,1779534122809000000,1779534122809000000,1779534122803000000,1779534122817000000,1779534122820000000,1779534122842000000,1779534122875000000,33.0000,14.0000,9.5000,33.0000,66.0000,13.58,T3-T5 on Isaac clock; Network_est approximate
2026-05-23T11:02:02.9864510Z,1691,2174,0,1779534122877,1779534122875000000,1779534122875000000,1779534122869000000,1779534122876000000,1779534122877000000,1779534122916000000,1779534122986000000,41.0000,7.0000,17.0000,70.0000,111.0000,16.11,T3-T5 on Isaac clock; Network_est approximate
2026-05-23T11:02:02.9899540Z,1693,2175,0,1779534122955,1779534122915000000,1779534122915000000,1779534122910000000,1779534122951000000,1779534122955000000,1779534122986000000,1779534122989000000,71.0000,41.0000,15.0000,3.0000,74.0000,19.76,T3-T5 on Isaac clock; Network_est approximate
2026-05-23T11:02:03.0551120Z,1694,2177,0,1779534123012,1779534122989000000,1779534122989000000,1779534122984000000,1779534123009000000,1779534123012000000,1779534123022000000,1779534123055000000,33.0000,25.0000,4.0000,33.0000,66.0000,19.03,T3-T5 on Isaac clock; Network_est approximate
2026-05-23T11:02:03.1210790Z,1695,2178,0,1779534123050,1779534123022000000,1779534123022000000,1779534123016000000,1779534123048000000,1779534123050000000,1779534123087000000,1779534123121000000,65.0000,32.0000,16.5000,34.0000,99.0000,19.58,T3-T5 on Isaac clock; Network_est approximate
2026-05-23T11:02:03.1577200Z,1696,2180,0,1779534123092,1779534123087000000,1779534123087000000,1779534123081000000,1779534123090000000,1779534123092000000,1779534123120000000,1779534123157000000,33.0000,9.0000,12.0000,37.0000,70.0000,18.69,T3-T5 on Isaac clock; Network_est approximate
2026-05-23T11:02:03.1892980Z,1697,2181,0,1779534123150,1779534123120000000,1779534123120000000,1779534123115000000,1779534123149000000,1779534123150000000,1779534123157000000,1779534123189000000,37.0000,34.0000,1.5000,32.0000,69.0000,19.16,T3-T5 on Isaac clock; Network_est approximate
2026-05-23T11:02:03.2547050Z,1698,2183,0,1779534123188,1779534123189000000,1779534123189000000,1779534123183000000,1779534123184000000,1779534123188000000,1779534123222000000,1779534123254000000,33.0000,1.0000,16.0000,32.0000,65.0000,19.67,T3-T5 on Isaac clock; Network_est approximate
2026-05-23T11:02:03.2875250Z,1699,2184,0,1779534123230,1779534123221000000,1779534123221000000,1779534123216000000,1779534123224000000,1779534123230000000,1779534123254000000,1779534123287000000,33.0000,8.0000,12.5000,33.0000,66.0000,19.01,T3-T5 on Isaac clock; Network_est approximate
2026-05-23T11:02:03.3530470Z,1700,2186,0,1779534123285,1779534123287000000,1779534123287000000,1779534123281000000,1779534123283000000,1779534123285000000,1779534123320000000,1779534123353000000,33.0000,2.0000,15.5000,33.0000,66.0000,18.48,T3-T5 on Isaac clock; Network_est approximate
2026-05-23T11:02:03.4308320Z,1701,2187,0,1779534123322,1779534123319000000,1779534123319000000,1779534123313000000,1779534123320000000,1779534123322000000,1779534123352000000,1779534123430000000,33.0000,7.0000,13.0000,78.0000,111.0000,19.88,T3-T5 on Isaac clock; Network_est approximate
2026-05-23T11:02:03.4343400Z,1703,2188,0,1779534123421,1779534123352000000,1779534123352000000,1779534123346000000,1779534123421000000,1779534123421000000,1779534123430000000,1779534123434000000,78.0000,75.0000,1.5000,4.0000,82.0000,24.60,T3-T5 on Isaac clock; Network_est approximate
2026-05-23T11:02:03.5086440Z,1704,2190,0,1779534123457,1779534123434000000,1779534123434000000,1779534123428000000,1779534123454000000,1779534123457000000,1779534123468000000,1779534123508000000,34.0000,26.0000,4.0000,40.0000,74.0000,25.46,T3-T5 on Isaac clock; Network_est approximate
2026-05-23T11:02:03.5401200Z,1705,2191,0,1779534123499,1779534123468000000,1779534123468000000,1779534123462000000,1779534123494000000,1779534123499000000,1779534123508000000,1779534123540000000,40.0000,32.0000,4.0000,32.0000,72.0000,24.52,T3-T5 on Isaac clock; Network_est approximate
2026-05-23T11:02:03.6060880Z,1706,2193,0,1779534123556,1779534123539000000,1779534123539000000,1779534123534000000,1779534123553000000,1779534123556000000,1779534123573000000,1779534123606000000,34.0000,19.0000,7.5000,33.0000,67.0000,23.54,T3-T5 on Isaac clock; Network_est approximate
2026-05-23T11:02:03.6392030Z,1707,2194,0,1779534123588,1779534123573000000,1779534123573000000,1779534123567000000,1779534123587000000,1779534123588000000,1779534123605000000,1779534123639000000,32.0000,20.0000,6.0000,34.0000,66.0000,22.14,T3-T5 on Isaac clock; Network_est approximate
2026-05-23T11:02:03.6717530Z,1708,2195,0,1779534123629,1779534123605000000,1779534123605000000,1779534123600000000,1779534123629000000,1779534123629000000,1779534123639000000,1779534123671000000,34.0000,29.0000,2.5000,32.0000,66.0000,21.28,T3-T5 on Isaac clock; Network_est approximate
2026-05-23T11:02:03.7361930Z,1709,2197,0,1779534123687,1779534123671000000,1779534123671000000,1779534123665000000,1779534123687000000,1779534123687000000,1779534123703000000,1779534123736000000,32.0000,22.0000,5.0000,33.0000,65.0000,20.36,T3-T5 on Isaac clock; Network_est approximate
2026-05-23T11:02:03.7691490Z,1710,2198,0,1779534123723,1779534123703000000,1779534123703000000,1779534123697000000,1779534123721000000,1779534123723000000,1779534123736000000,1779534123769000000,33.0000,24.0000,4.5000,33.0000,66.0000,19.27,T3-T5 on Isaac clock; Network_est approximate
2026-05-23T11:02:03.8344650Z,1711,2199,0,1779534123765,1779534123735000000,1779534123736000000,1779534123730000000,1779534123762000000,1779534123765000000,1779534123801000000,1779534123834000000,65.0000,32.0000,16.5000,33.0000,99.0000,19.53,T3-T5 on Isaac clock; Network_est approximate
2026-05-23T11:02:03.8678050Z,1712,2201,0,1779534123826,1779534123801000000,1779534123801000000,1779534123795000000,1779534123821000000,1779534123826000000,1779534123834000000,1779534123867000000,33.0000,26.0000,3.5000,33.0000,66.0000,20.04,T3-T5 on Isaac clock; Network_est approximate
2026-05-23T11:02:03.9420190Z,1713,2202,0,1779534123861,1779534123834000000,1779534123834000000,1779534123828000000,1779534123857000000,1779534123861000000,1779534123900000000,1779534123942000000,66.0000,29.0000,18.5000,42.0000,108.0000,21.23,T3-T5 on Isaac clock; Network_est approximate
2026-05-23T11:02:03.9731860Z,1714,2204,0,1779534123902,1779534123900000000,1779534123900000000,1779534123895000000,1779534123897000000,1779534123902000000,1779534123941000000,1779534123973000000,41.0000,2.0000,19.5000,32.0000,73.0000,20.51,T3-T5 on Isaac clock; Network_est approximate
2026-05-23T11:02:04.0141320Z,1715,2205,0,1779534123959,1779534123941000000,1779534123941000000,1779534123936000000,1779534123956000000,1779534123959000000,1779534123973000000,1779534124014000000,32.0000,20.0000,6.0000,41.0000,73.0000,20.23,T3-T5 on Isaac clock; Network_est approximate
2026-05-23T11:02:04.0454380Z,1716,2206,0,1779534123995,1779534123972000000,1779534123973000000,1779534123967000000,1779534123990000000,1779534123995000000,1779534124014000000,1779534124045000000,41.0000,23.0000,9.0000,31.0000,73.0000,19.26,T3-T5 on Isaac clock; Network_est approximate
2026-05-23T11:02:04.0779700Z,1717,2207,0,1779534124036,1779534124013000000,1779534124013000000,1779534124008000000,1779534124031000000,1779534124036000000,1779534124045000000,1779534124077000000,32.0000,23.0000,4.5000,32.0000,64.0000,18.58,T3-T5 on Isaac clock; Network_est approximate
2026-05-23T11:02:04.1429170Z,1718,2209,0,1779534124090,1779534124077000000,1779534124077000000,1779534124074000000,1779534124089000000,1779534124090000000,1779534124110000000,1779534124142000000,33.0000,15.0000,9.0000,32.0000,65.0000,18.10,T3-T5 on Isaac clock; Network_est approximate
2026-05-23T11:02:04.1760570Z,1719,2210,0,1779534124125,1779534124110000000,1779534124110000000,1779534124104000000,1779534124124000000,1779534124125000000,1779534124142000000,1779534124176000000,32.0000,20.0000,6.0000,34.0000,66.0000,17.09,T3-T5 on Isaac clock; Network_est approximate
2026-05-23T11:02:04.2085470Z,1720,2211,0,1779534124167,1779534124142000000,1779534124142000000,1779534124136000000,1779534124164000000,1779534124167000000,1779534124176000000,1779534124208000000,34.0000,28.0000,3.0000,32.0000,66.0000,16.61,T3-T5 on Isaac clock; Network_est approximate
2026-05-23T11:02:04.2737400Z,1721,2213,0,1779534124224,1779534124208000000,1779534124208000000,1779534124202000000,1779534124223000000,1779534124224000000,1779534124240000000,1779534124273000000,32.0000,21.0000,5.5000,33.0000,65.0000,16.08,T3-T5 on Isaac clock; Network_est approximate
2026-05-23T11:02:04.3062790Z,1722,2214,0,1779534124262,1779534124240000000,1779534124240000000,1779534124235000000,1779534124258000000,1779534124262000000,1779534124273000000,1779534124306000000,33.0000,23.0000,5.0000,33.0000,66.0000,15.42,T3-T5 on Isaac clock; Network_est approximate
2026-05-23T11:02:04.3391420Z,1723,2215,0,1779534124298,1779534124273000000,1779534124273000000,1779534124267000000,1779534124297000000,1779534124298000000,1779534124306000000,1779534124339000000,33.0000,30.0000,1.5000,33.0000,66.0000,14.66,T3-T5 on Isaac clock; Network_est approximate
2026-05-23T11:02:04.4054830Z,1724,2217,0,1779534124360,1779534124338000000,1779534124338000000,1779534124333000000,1779534124356000000,1779534124360000000,1779534124372000000,1779534124405000000,34.0000,23.0000,5.5000,33.0000,67.0000,14.00,T3-T5 on Isaac clock; Network_est approximate
2026-05-23T11:02:04.4454720Z,1725,2218,0,1779534124391,1779534124371000000,1779534124371000000,1779534124366000000,1779534124390000000,1779534124391000000,1779534124405000000,1779534124445000000,34.0000,24.0000,5.0000,40.0000,74.0000,13.71,T3-T5 on Isaac clock; Network_est approximate
2026-05-23T11:02:04.5192510Z,1726,2219,0,1779534124433,1779534124404000000,1779534124404000000,1779534124399000000,1779534124431000000,1779534124433000000,1779534124445000000,1779534124519000000,41.0000,32.0000,4.5000,74.0000,115.0000,14.84,T3-T5 on Isaac clock; Network_est approximate
2026-05-23T11:02:04.5225890Z,1727,2220,0,1779534124495,1779534124445000000,1779534124445000000,1779534124439000000,1779534124491000000,1779534124495000000,1779534124519000000,1779534124522000000,74.0000,52.0000,11.0000,3.0000,77.0000,17.57,T3-T5 on Isaac clock; Network_est approximate
2026-05-23T11:02:04.5928080Z,1728,2222,0,1779534124526,1779534124522000000,1779534124522000000,1779534124516000000,1779534124525000000,1779534124526000000,1779534124557000000,1779534124592000000,35.0000,9.0000,13.0000,35.0000,70.0000,18.92,T3-T5 on Isaac clock; Network_est approximate
2026-05-23T11:02:04.6317060Z,1729,2223,0,1779534124568,1779534124556000000,1779534124556000000,1779534124551000000,1779534124565000000,1779534124568000000,1779534124592000000,1779534124631000000,36.0000,14.0000,11.0000,39.0000,75.0000,17.93,T3-T5 on Isaac clock; Network_est approximate
2026-05-23T11:02:04.7043650Z,1730,2225,0,1779534124630,1779534124631000000,1779534124631000000,1779534124625000000,1779534124626000000,1779534124630000000,1779534124668000000,1779534124704000000,37.0000,1.0000,18.0000,36.0000,73.0000,17.48,T3-T5 on Isaac clock; Network_est approximate
2026-05-23T11:02:04.7411720Z,1731,2225,0,1779534124663,1779534124631000000,1779534124631000000,1779534124625000000,1779534124661000000,1779534124663000000,1779534124704000000,1779534124741000000,73.0000,36.0000,18.5000,37.0000,110.0000,16.62,T3-T5 on Isaac clock; Network_est approximate
2026-05-23T11:02:04.7776360Z,1732,2227,0,1779534124704,1779534124704000000,1779534124704000000,1779534124698000000,1779534124703000000,1779534124704000000,1779534124741000000,1779534124777000000,37.0000,5.0000,16.0000,36.0000,73.0000,15.87,T3-T5 on Isaac clock; Network_est approximate
2026-05-23T11:02:04.8152500Z,1733,2228,0,1779534124767,1779534124740000000,1779534124740000000,1779534124735000000,1779534124763000000,1779534124767000000,1779534124777000000,1779534124815000000,37.0000,28.0000,4.5000,38.0000,75.0000,16.46,T3-T5 on Isaac clock; Network_est approximate
2026-05-23T11:02:04.8476850Z,1734,2229,0,1779534124803,1779534124777000000,1779534124777000000,1779534124771000000,1779534124799000000,1779534124803000000,1779534124815000000,1779534124847000000,38.0000,28.0000,5.0000,32.0000,70.0000,15.65,T3-T5 on Isaac clock; Network_est approximate
2026-05-23T11:02:04.9134180Z,1735,2230,0,1779534124845,1779534124815000000,1779534124815000000,1779534124809000000,1779534124840000000,1779534124845000000,1779534124880000000,1779534124913000000,65.0000,31.0000,17.0000,33.0000,98.0000,16.15,T3-T5 on Isaac clock; Network_est approximate
2026-05-23T11:02:04.9541330Z,1736,2232,0,1779534124902,1779534124880000000,1779534124880000000,1779534124874000000,1779534124898000000,1779534124902000000,1779534124913000000,1779534124954000000,33.0000,24.0000,4.5000,41.0000,74.0000,16.16,T3-T5 on Isaac clock; Network_est approximate
2026-05-23T11:02:05.0243240Z,1737,2233,0,1779534124934,1779534124913000000,1779534124913000000,1779534124907000000,1779534124932000000,1779534124934000000,1779534124954000000,1779534125024000000,41.0000,25.0000,8.0000,70.0000,111.0000,17.54,T3-T5 on Isaac clock; Network_est approximate
2026-05-23T11:02:05.0279330Z,1738,2234,0,1779534124976,1779534124953000000,1779534124953000000,1779534124948000000,1779534124973000000,1779534124976000000,1779534125024000000,1779534125027000000,71.0000,25.0000,23.0000,3.0000,74.0000,18.84,T3-T5 on Isaac clock; Network_est approximate
2026-05-23T11:02:05.0921810Z,1739,2236,0,1779534125035,1779534125027000000,1779534125027000000,1779534125021000000,1779534125032000000,1779534125035000000,1779534125059000000,1779534125092000000,32.0000,11.0000,10.5000,33.0000,65.0000,17.99,T3-T5 on Isaac clock; Network_est approximate
2026-05-23T11:02:05.1261770Z,1740,2237,0,1779534125067,1779534125059000000,1779534125059000000,1779534125053000000,1779534125066000000,1779534125067000000,1779534125092000000,1779534125126000000,33.0000,13.0000,10.0000,34.0000,67.0000,16.98,T3-T5 on Isaac clock; Network_est approximate
2026-05-23T11:02:05.1596720Z,1741,2238,0,1779534125110,1779534125092000000,1779534125092000000,1779534125086000000,1779534125107000000,1779534125110000000,1779534125126000000,1779534125159000000,34.0000,21.0000,6.5000,33.0000,67.0000,16.51,T3-T5 on Isaac clock; Network_est approximate
2026-05-23T11:02:05.2246520Z,1742,2240,0,1779534125168,1779534125159000000,1779534125159000000,1779534125153000000,1779534125166000000,1779534125168000000,1779534125192000000,1779534125224000000,33.0000,13.0000,10.0000,32.0000,65.0000,15.91,T3-T5 on Isaac clock; Network_est approximate
2026-05-23T11:02:05.2575110Z,1743,2241,0,1779534125205,1779534125191000000,1779534125191000000,1779534125186000000,1779534125200000000,1779534125205000000,1779534125224000000,1779534125257000000,33.0000,14.0000,9.5000,33.0000,66.0000,15.18,T3-T5 on Isaac clock; Network_est approximate
2026-05-23T11:02:05.2899800Z,1744,2242,0,1779534125242,1779534125224000000,1779534125224000000,1779534125218000000,1779534125240000000,1779534125242000000,1779534125257000000,1779534125289000000,33.0000,22.0000,5.5000,32.0000,65.0000,14.51,T3-T5 on Isaac clock; Network_est approximate
2026-05-23T11:02:05.3549830Z,1745,2244,0,1779534125305,1779534125289000000,1779534125289000000,1779534125283000000,1779534125301000000,1779534125305000000,1779534125322000000,1779534125354000000,33.0000,18.0000,7.5000,32.0000,65.0000,13.73,T3-T5 on Isaac clock; Network_est approximate
2026-05-23T11:02:05.3881760Z,1746,2245,0,1779534125337,1779534125322000000,1779534125322000000,1779534125316000000,1779534125337000000,1779534125337000000,1779534125354000000,1779534125388000000,32.0000,21.0000,5.5000,34.0000,66.0000,12.94,T3-T5 on Isaac clock; Network_est approximate
2026-05-23T11:02:05.4209490Z,1747,2246,0,1779534125379,1779534125354000000,1779534125354000000,1779534125348000000,1779534125376000000,1779534125379000000,1779534125388000000,1779534125420000000,34.0000,28.0000,3.0000,32.0000,66.0000,12.71,T3-T5 on Isaac clock; Network_est approximate
2026-05-23T11:02:05.4933170Z,1748,2248,0,1779534125436,1779534125420000000,1779534125420000000,1779534125414000000,1779534125435000000,1779534125436000000,1779534125461000000,1779534125493000000,41.0000,21.0000,10.0000,32.0000,73.0000,12.85,T3-T5 on Isaac clock; Network_est approximate
2026-05-23T11:02:05.5332350Z,1749,2249,0,1779534125473,1779534125461000000,1779534125461000000,1779534125455000000,1779534125469000000,1779534125473000000,1779534125493000000,1779534125533000000,32.0000,14.0000,9.0000,40.0000,72.0000,12.26,T3-T5 on Isaac clock; Network_est approximate
2026-05-23T11:02:05.6000970Z,1750,2250,0,1779534125510,1779534125492000000,1779534125492000000,1779534125486000000,1779534125509000000,1779534125510000000,1779534125533000000,1779534125600000000,41.0000,23.0000,9.0000,67.0000,108.0000,13.36,T3-T5 on Isaac clock; Network_est approximate
2026-05-23T11:02:05.6031670Z,1751,2251,0,1779534125567,1779534125533000000,1779534125533000000,1779534125527000000,1779534125567000000,1779534125567000000,1779534125600000000,1779534125603000000,67.0000,40.0000,13.5000,3.0000,70.0000,15.89,T3-T5 on Isaac clock; Network_est approximate
2026-05-23T11:02:05.6699370Z,1752,2253,0,1779534125604,1779534125602000000,1779534125603000000,1779534125597000000,1779534125603000000,1779534125604000000,1779534125636000000,1779534125669000000,33.0000,6.0000,13.5000,33.0000,67.0000,16.76,T3-T5 on Isaac clock; Network_est approximate
2026-05-23T11:02:05.7031870Z,1753,2254,0,1779534125645,1779534125636000000,1779534125636000000,1779534125631000000,1779534125644000000,1779534125645000000,1779534125669000000,1779534125703000000,33.0000,13.0000,10.0000,34.0000,67.0000,16.20,T3-T5 on Isaac clock; Network_est approximate
2026-05-23T11:02:05.7682490Z,1754,2256,0,1779534125708,1779534125703000000,1779534125703000000,1779534125697000000,1779534125703000000,1779534125708000000,1779534125735000000,1779534125768000000,32.0000,6.0000,13.0000,33.0000,65.0000,15.31,T3-T5 on Isaac clock; Network_est approximate
2026-05-23T11:02:05.8006570Z,1755,2257,0,1779534125739,1779534125735000000,1779534125735000000,1779534125729000000,1779534125738000000,1779534125739000000,1779534125768000000,1779534125800000000,33.0000,9.0000,12.0000,32.0000,65.0000,14.45,T3-T5 on Isaac clock; Network_est approximate
2026-05-23T11:02:05.8335440Z,1756,2258,0,1779534125781,1779534125768000000,1779534125768000000,1779534125762000000,1779534125779000000,1779534125781000000,1779534125800000000,1779534125833000000,32.0000,17.0000,7.5000,33.0000,65.0000,14.11,T3-T5 on Isaac clock; Network_est approximate
2026-05-23T11:02:05.8993580Z,1757,2260,0,1779534125844,1779534125833000000,1779534125833000000,1779534125827000000,1779534125839000000,1779534125844000000,1779534125865000000,1779534125899000000,32.0000,12.0000,10.0000,34.0000,66.0000,13.40,T3-T5 on Isaac clock; Network_est approximate
2026-05-23T11:02:05.9321420Z,1758,2261,0,1779534125880,1779534125865000000,1779534125865000000,1779534125860000000,1779534125878000000,1779534125880000000,1779534125899000000,1779534125932000000,34.0000,18.0000,8.0000,33.0000,67.0000,12.77,T3-T5 on Isaac clock; Network_est approximate
2026-05-23T11:02:05.9726450Z,1759,2262,0,1779534125916,1779534125899000000,1779534125899000000,1779534125893000000,1779534125916000000,1779534125916000000,1779534125931000000,1779534125972000000,32.0000,23.0000,4.5000,41.0000,73.0000,12.27,T3-T5 on Isaac clock; Network_est approximate
2026-05-23T11:02:06.0442090Z,1760,2264,0,1779534125979,1779534125972000000,1779534125972000000,1779534125966000000,1779534125975000000,1779534125979000000,1779534126004000000,1779534126044000000,32.0000,9.0000,11.5000,40.0000,72.0000,12.04,T3-T5 on Isaac clock; Network_est approximate
2026-05-23T11:02:06.0750610Z,1761,2265,0,1779534126010,1779534126004000000,1779534126004000000,1779534125998000000,1779534126009000000,1779534126010000000,1779534126044000000,1779534126075000000,40.0000,11.0000,14.5000,31.0000,71.0000,11.30,T3-T5 on Isaac clock; Network_est approximate
2026-05-23T11:02:06.1079730Z,1762,2266,0,1779534126053,1779534126044000000,1779534126044000000,1779534126038000000,1779534126050000000,1779534126053000000,1779534126075000000,1779534126107000000,31.0000,12.0000,9.5000,32.0000,63.0000,11.22,T3-T5 on Isaac clock; Network_est approximate
2026-05-23T11:02:06.1730700Z,1763,2268,0,1779534126111,1779534126107000000,1779534126107000000,1779534126102000000,1779534126108000000,1779534126111000000,1779534126140000000,1779534126173000000,33.0000,6.0000,13.5000,33.0000,66.0000,10.96,T3-T5 on Isaac clock; Network_est approximate
2026-05-23T11:02:06.2059520Z,1764,2269,0,1779534126143,1779534126140000000,1779534126140000000,1779534126134000000,1779534126142000000,1779534126143000000,1779534126173000000,1779534126205000000,33.0000,8.0000,12.5000,32.0000,65.0000,10.33,T3-T5 on Isaac clock; Network_est approximate
2026-05-23T11:02:06.2387000Z,1765,2270,0,1779534126184,1779534126172000000,1779534126172000000,1779534126167000000,1779534126182000000,1779534126184000000,1779534126205000000,1779534126238000000,33.0000,15.0000,9.0000,33.0000,66.0000,10.20,T3-T5 on Isaac clock; Network_est approximate
2026-05-23T11:02:06.3034980Z,1766,2272,0,1779534126244,1779534126238000000,1779534126238000000,1779534126233000000,1779534126241000000,1779534126244000000,1779534126270000000,1779534126303000000,32.0000,8.0000,12.0000,33.0000,65.0000,9.86,T3-T5 on Isaac clock; Network_est approximate
2026-05-23T11:02:06.3361440Z,1767,2273,0,1779534126275,1779534126270000000,1779534126270000000,1779534126264000000,1779534126275000000,1779534126275000000,1779534126303000000,1779534126336000000,33.0000,11.0000,11.0000,33.0000,66.0000,9.35,T3-T5 on Isaac clock; Network_est approximate
2026-05-23T11:02:06.3691420Z,1768,2274,0,1779534126318,1779534126303000000,1779534126303000000,1779534126297000000,1779534126316000000,1779534126318000000,1779534126336000000,1779534126369000000,33.0000,19.0000,7.0000,33.0000,66.0000,9.39,T3-T5 on Isaac clock; Network_est approximate
2026-05-23T11:02:06.4345400Z,1769,2276,0,1779534126380,1779534126369000000,1779534126369000000,1779534126363000000,1779534126375000000,1779534126380000000,1779534126401000000,1779534126434000000,32.0000,12.0000,10.0000,33.0000,65.0000,9.01,T3-T5 on Isaac clock; Network_est approximate
2026-05-23T11:02:06.4758010Z,1770,2277,0,1779534126412,1779534126401000000,1779534126401000000,1779534126395000000,1779534126411000000,1779534126412000000,1779534126434000000,1779534126475000000,33.0000,16.0000,8.5000,41.0000,74.0000,9.02,T3-T5 on Isaac clock; Network_est approximate
2026-05-23T11:02:06.5074600Z,1771,2278,0,1779534126455,1779534126434000000,1779534126434000000,1779534126428000000,1779534126451000000,1779534126455000000,1779534126475000000,1779534126507000000,41.0000,23.0000,9.0000,32.0000,73.0000,9.17,T3-T5 on Isaac clock; Network_est approximate
2026-05-23T11:02:06.5806860Z,1772,2280,0,1779534126514,1779534126507000000,1779534126507000000,1779534126501000000,1779534126511000000,1779534126514000000,1779534126548000000,1779534126580000000,41.0000,10.0000,15.5000,32.0000,73.0000,9.46,T3-T5 on Isaac clock; Network_est approximate
2026-05-23T11:02:06.6124690Z,1773,2281,0,1779534126546,1779534126548000000,1779534126548000000,1779534126542000000,1779534126545000000,1779534126546000000,1779534126580000000,1779534126612000000,32.0000,3.0000,14.5000,32.0000,64.0000,8.89,T3-T5 on Isaac clock; Network_est approximate
2026-05-23T11:02:06.6810350Z,1774,2282,0,1779534126589,1779534126580000000,1779534126580000000,1779534126574000000,1779534126586000000,1779534126589000000,1779534126612000000,1779534126681000000,32.0000,12.0000,10.0000,69.0000,101.0000,9.93,T3-T5 on Isaac clock; Network_est approximate
2026-05-23T11:02:06.6839780Z,1775,2283,0,1779534126646,1779534126612000000,1779534126612000000,1779534126606000000,1779534126644000000,1779534126646000000,1779534126680000000,1779534126683000000,68.0000,38.0000,15.0000,3.0000,71.0000,12.69,T3-T5 on Isaac clock; Network_est approximate
2026-05-23T11:02:06.7507260Z,1776,2285,0,1779534126683,1779534126683000000,1779534126683000000,1779534126678000000,1779534126679000000,1779534126683000000,1779534126717000000,1779534126750000000,34.0000,1.0000,16.5000,33.0000,67.0000,13.75,T3-T5 on Isaac clock; Network_est approximate
2026-05-23T11:02:06.7838140Z,1777,2286,0,1779534126725,1779534126717000000,1779534126717000000,1779534126711000000,1779534126721000000,1779534126725000000,1779534126750000000,1779534126783000000,33.0000,10.0000,11.5000,33.0000,66.0000,13.45,T3-T5 on Isaac clock; Network_est approximate
2026-05-23T11:02:06.8491540Z,1778,2288,0,1779534126784,1779534126783000000,1779534126783000000,1779534126777000000,1779534126780000000,1779534126784000000,1779534126816000000,1779534126849000000,33.0000,3.0000,15.0000,33.0000,66.0000,13.00,T3-T5 on Isaac clock; Network_est approximate
2026-05-23T11:02:06.8819220Z,1779,2289,0,1779534126815,1779534126816000000,1779534126816000000,1779534126811000000,1779534126813000000,1779534126815000000,1779534126849000000,1779534126881000000,33.0000,2.0000,15.5000,32.0000,65.0000,12.30,T3-T5 on Isaac clock; Network_est approximate
2026-05-23T11:02:06.9148300Z,1780,2290,0,1779534126856,1779534126849000000,1779534126849000000,1779534126843000000,1779534126855000000,1779534126856000000,1779534126881000000,1779534126914000000,32.0000,12.0000,10.0000,33.0000,65.0000,12.04,T3-T5 on Isaac clock; Network_est approximate
2026-05-23T11:02:06.9816300Z,1781,2292,0,1779534126919,1779534126914000000,1779534126914000000,1779534126908000000,1779534126915000000,1779534126919000000,1779534126948000000,1779534126981000000,34.0000,7.0000,13.5000,33.0000,67.0000,11.52,T3-T5 on Isaac clock; Network_est approximate
2026-05-23T11:02:07.0221710Z,1782,2293,0,1779534126950,1779534126948000000,1779534126948000000,1779534126942000000,1779534126949000000,1779534126950000000,1779534126981000000,1779534127022000000,33.0000,7.0000,13.0000,41.0000,74.0000,11.39,T3-T5 on Isaac clock; Network_est approximate
2026-05-23T11:02:07.0536380Z,1783,2294,0,1779534126992,1779534126981000000,1779534126981000000,1779534126975000000,1779534126990000000,1779534126992000000,1779534127022000000,1779534127053000000,41.0000,15.0000,13.0000,31.0000,72.0000,11.33,T3-T5 on Isaac clock; Network_est approximate
2026-05-23T11:02:07.1255800Z,1785,2296,0,1779534127084,1779534127053000000,1779534127053000000,1779534127047000000,1779534127083000000,1779534127084000000,1779534127093000000,1779534127125000000,40.0000,36.0000,2.0000,32.0000,72.0000,11.88,T3-T5 on Isaac clock; Network_est approximate
2026-05-23T11:02:07.1937700Z,1786,2298,0,1779534127126,1779534127125000000,1779534127125000000,1779534127119000000,1779534127123000000,1779534127126000000,1779534127161000000,1779534127193000000,36.0000,4.0000,16.0000,32.0000,68.0000,12.78,T3-T5 on Isaac clock; Network_est approximate
2026-05-23T11:02:07.2268530Z,1787,2299,0,1779534127186,1779534127161000000,1779534127161000000,1779534127155000000,1779534127181000000,1779534127186000000,1779534127193000000,1779534127226000000,32.0000,26.0000,3.0000,33.0000,65.0000,13.66,T3-T5 on Isaac clock; Network_est approximate
2026-05-23T11:02:07.2591060Z,1788,2300,0,1779534127217,1779534127193000000,1779534127193000000,1779534127187000000,1779534127215000000,1779534127217000000,1779534127226000000,1779534127259000000,33.0000,28.0000,2.5000,33.0000,66.0000,12.89,T3-T5 on Isaac clock; Network_est approximate
2026-05-23T11:02:07.3246480Z,1789,2302,0,1779534127259,1779534127258000000,1779534127258000000,1779534127253000000,1779534127256000000,1779534127259000000,1779534127291000000,1779534127324000000,33.0000,3.0000,15.0000,33.0000,66.0000,13.55,T3-T5 on Isaac clock; Network_est approximate
2026-05-23T11:02:07.3579610Z,1790,2303,0,1779534127316,1779534127291000000,1779534127291000000,1779534127285000000,1779534127316000000,1779534127316000000,1779534127324000000,1779534127357000000,33.0000,31.0000,1.0000,33.0000,66.0000,14.19,T3-T5 on Isaac clock; Network_est approximate
2026-05-23T11:02:07.4229440Z,1791,2304,0,1779534127353,1779534127324000000,1779534127324000000,1779534127318000000,1779534127350000000,1779534127353000000,1779534127390000000,1779534127422000000,66.0000,32.0000,17.0000,32.0000,98.0000,15.05,T3-T5 on Isaac clock; Network_est approximate
2026-05-23T11:02:07.4558750Z,1792,2306,0,1779534127393,1779534127390000000,1779534127390000000,1779534127384000000,1779534127391000000,1779534127393000000,1779534127422000000,1779534127455000000,32.0000,7.0000,12.5000,33.0000,65.0000,14.54,T3-T5 on Isaac clock; Network_est approximate
2026-05-23T11:02:07.5317980Z,1794,2308,0,1779534127490,1779534127455000000,1779534127455000000,1779534127449000000,1779534127485000000,1779534127490000000,1779534127528000000,1779534127531000000,73.0000,36.0000,18.5000,3.0000,76.0000,14.95,T3-T5 on Isaac clock; Network_est approximate
2026-05-23T11:02:07.6054220Z,1795,2310,0,1779534127527,1779534127531000000,1779534127531000000,1779534127525000000,1779534127527000000,1779534127527000000,1779534127564000000,1779534127605000000,33.0000,2.0000,15.5000,41.0000,74.0000,16.29,T3-T5 on Isaac clock; Network_est approximate
2026-05-23T11:02:07.6369860Z,1796,2311,0,1779534127585,1779534127564000000,1779534127564000000,1779534127559000000,1779534127585000000,1779534127585000000,1779534127605000000,1779534127636000000,41.0000,26.0000,7.5000,31.0000,72.0000,16.93,T3-T5 on Isaac clock; Network_est approximate
2026-05-23T11:02:07.6697080Z,1797,2312,0,1779534127621,1779534127605000000,1779534127605000000,1779534127599000000,1779534127619000000,1779534127621000000,1779534127636000000,1779534127669000000,31.0000,20.0000,5.5000,33.0000,64.0000,16.09,T3-T5 on Isaac clock; Network_est approximate
2026-05-23T11:02:07.7350680Z,1798,2313,0,1779534127663,1779534127636000000,1779534127636000000,1779534127630000000,1779534127659000000,1779534127663000000,1779534127701000000,1779534127735000000,65.0000,29.0000,18.0000,34.0000,99.0000,16.57,T3-T5 on Isaac clock; Network_est approximate
2026-05-23T11:02:07.7739200Z,1799,2315,0,1779534127719,1779534127701000000,1779534127701000000,1779534127696000000,1779534127717000000,1779534127719000000,1779534127735000000,1779534127773000000,34.0000,21.0000,6.5000,38.0000,72.0000,16.62,T3-T5 on Isaac clock; Network_est approximate
2026-05-23T11:02:07.8004540Z,1800,2316,0,1779534127756,1779534127734000000,1779534127734000000,1779534127728000000,1779534127752000000,1779534127756000000,1779534127773000000,1779534127800000000,39.0000,24.0000,7.5000,27.0000,66.0000,16.23,T3-T5 on Isaac clock; Network_est approximate
2026-05-23T11:02:07.8330370Z,1801,2317,0,1779534127793,1779534127773000000,1779534127773000000,1779534127767000000,1779534127792000000,1779534127793000000,1779534127800000000,1779534127833000000,27.0000,25.0000,1.0000,33.0000,60.0000,15.49,T3-T5 on Isaac clock; Network_est approximate
2026-05-23T11:02:07.8987580Z,1802,2319,0,1779534127854,1779534127832000000,1779534127832000000,1779534127826000000,1779534127851000000,1779534127854000000,1779534127865000000,1779534127898000000,33.0000,25.0000,4.0000,33.0000,66.0000,14.82,T3-T5 on Isaac clock; Network_est approximate
2026-05-23T11:02:07.9682710Z,1803,2320,0,1779534127890,1779534127865000000,1779534127865000000,1779534127859000000,1779534127885000000,1779534127890000000,1779534127898000000,1779534127968000000,33.0000,26.0000,3.5000,70.0000,103.0000,15.98,T3-T5 on Isaac clock; Network_est approximate
2026-05-23T11:02:07.9714770Z,1804,2321,0,1779534127932,1779534127898000000,1779534127898000000,1779534127892000000,1779534127926000000,1779534127932000000,1779534127968000000,1779534127971000000,70.0000,34.0000,18.0000,3.0000,73.0000,17.41,T3-T5 on Isaac clock; Network_est approximate
2026-05-23T11:02:08.0455070Z,1805,2323,0,1779534127984,1779534127971000000,1779534127971000000,1779534127965000000,1779534127984000000,1779534127984000000,1779534128005000000,1779534128045000000,34.0000,19.0000,7.5000,40.0000,74.0000,17.69,T3-T5 on Isaac clock; Network_est approximate
2026-05-23T11:02:08.1173650Z,1806,2324,0,1779534128020,1779534128005000000,1779534128005000000,1779534127999000000,1779534128019000000,1779534128020000000,1779534128045000000,1779534128117000000,40.0000,20.0000,10.0000,72.0000,112.0000,18.83,T3-T5 on Isaac clock; Network_est approximate
2026-05-23T11:02:08.1212230Z,1807,2325,0,1779534128061,1779534128045000000,1779534128045000000,1779534128039000000,1779534128059000000,1779534128061000000,1779534128117000000,1779534128121000000,72.0000,20.0000,26.0000,4.0000,76.0000,19.96,T3-T5 on Isaac clock; Network_est approximate
2026-05-23T11:02:08.1871180Z,1808,2327,0,1779534128124,1779534128121000000,1779534128121000000,1779534128115000000,1779534128119000000,1779534128124000000,1779534128153000000,1779534128187000000,32.0000,4.0000,14.0000,34.0000,66.0000,18.88,T3-T5 on Isaac clock; Network_est approximate
2026-05-23T11:02:08.2193810Z,1809,2328,0,1779534128155,1779534128152000000,1779534128152000000,1779534128147000000,1779534128153000000,1779534128155000000,1779534128186000000,1779534128219000000,34.0000,6.0000,14.0000,33.0000,67.0000,17.79,T3-T5 on Isaac clock; Network_est approximate
2026-05-23T11:02:08.2520870Z,1810,2329,0,1779534128197,1779534128186000000,1779534128186000000,1779534128180000000,1779534128193000000,1779534128197000000,1779534128219000000,1779534128252000000,33.0000,13.0000,10.0000,33.0000,66.0000,17.26,T3-T5 on Isaac clock; Network_est approximate
2026-05-23T11:02:08.3179650Z,1811,2331,0,1779534128254,1779534128251000000,1779534128251000000,1779534128246000000,1779534128252000000,1779534128254000000,1779534128284000000,1779534128317000000,33.0000,6.0000,13.5000,33.0000,66.0000,16.73,T3-T5 on Isaac clock; Network_est approximate
2026-05-23T11:02:08.3501910Z,1812,2332,0,1779534128290,1779534128284000000,1779534128284000000,1779534128278000000,1779534128286000000,1779534128290000000,1779534128317000000,1779534128350000000,33.0000,8.0000,12.5000,33.0000,66.0000,15.92,T3-T5 on Isaac clock; Network_est approximate
2026-05-23T11:02:08.3828910Z,1813,2333,0,1779534128331,1779534128317000000,1779534128317000000,1779534128311000000,1779534128327000000,1779534128331000000,1779534128350000000,1779534128382000000,33.0000,16.0000,8.5000,32.0000,65.0000,15.45,T3-T5 on Isaac clock; Network_est approximate
2026-05-23T11:02:08.4487480Z,1814,2335,0,1779534128389,1779534128382000000,1779534128382000000,1779534128376000000,1779534128387000000,1779534128389000000,1779534128415000000,1779534128448000000,33.0000,11.0000,11.0000,33.0000,66.0000,14.97,T3-T5 on Isaac clock; Network_est approximate
2026-05-23T11:02:08.4818500Z,1815,2336,0,1779534128425,1779534128415000000,1779534128415000000,1779534128409000000,1779534128423000000,1779534128425000000,1779534128448000000,1779534128481000000,33.0000,14.0000,9.5000,33.0000,66.0000,14.23,T3-T5 on Isaac clock; Network_est approximate
2026-05-23T11:02:08.5153590Z,1816,2337,0,1779534128466,1779534128448000000,1779534128448000000,1779534128442000000,1779534128465000000,1779534128466000000,1779534128481000000,1779534128515000000,33.0000,23.0000,5.0000,34.0000,67.0000,13.80,T3-T5 on Isaac clock; Network_est approximate
2026-05-23T11:02:08.5891420Z,1817,2339,0,1779534128525,1779534128515000000,1779534128515000000,1779534128509000000,1779534128523000000,1779534128525000000,1779534128558000000,1779534128589000000,43.0000,14.0000,14.5000,31.0000,74.0000,13.86,T3-T5 on Isaac clock; Network_est approximate
2026-05-23T11:02:08.6218480Z,1818,2340,0,1779534128562,1779534128557000000,1779534128557000000,1779534128552000000,1779534128558000000,1779534128562000000,1779534128589000000,1779534128621000000,32.0000,6.0000,13.0000,32.0000,64.0000,13.26,T3-T5 on Isaac clock; Network_est approximate
2026-05-23T11:02:08.6541560Z,1819,2341,0,1779534128599,1779534128588000000,1779534128588000000,1779534128583000000,1779534128598000000,1779534128599000000,1779534128621000000,1779534128654000000,33.0000,15.0000,9.0000,33.0000,66.0000,12.72,T3-T5 on Isaac clock; Network_est approximate
2026-05-23T11:02:08.7193270Z,1820,2343,0,1779534128661,1779534128653000000,1779534128653000000,1779534128648000000,1779534128657000000,1779534128661000000,1779534128687000000,1779534128719000000,34.0000,9.0000,12.5000,32.0000,66.0000,12.12,T3-T5 on Isaac clock; Network_est approximate
2026-05-23T11:02:08.7526660Z,1821,2344,0,1779534128693,1779534128686000000,1779534128686000000,1779534128680000000,1779534128692000000,1779534128693000000,1779534128719000000,1779534128752000000,33.0000,12.0000,10.5000,33.0000,66.0000,11.41,T3-T5 on Isaac clock; Network_est approximate
2026-05-23T11:02:08.7850050Z,1822,2345,0,1779534128734,1779534128719000000,1779534128719000000,1779534128713000000,1779534128733000000,1779534128734000000,1779534128752000000,1779534128785000000,33.0000,20.0000,6.5000,33.0000,66.0000,11.19,T3-T5 on Isaac clock; Network_est approximate
2026-05-23T11:02:08.8576880Z,1824,2347,0,1779534128832,1779534128784000000,1779534128784000000,1779534128778000000,1779534128828000000,1779534128832000000,1779534128854000000,1779534128857000000,70.0000,50.0000,10.0000,3.0000,73.0000,12.07,T3-T5 on Isaac clock; Network_est approximate
2026-05-23T11:02:08.9246610Z,1825,2349,0,1779534128874,1779534128857000000,1779534128857000000,1779534128851000000,1779534128870000000,1779534128874000000,1779534128890000000,1779534128924000000,33.0000,19.0000,7.0000,34.0000,67.0000,12.88,T3-T5 on Isaac clock; Network_est approximate
2026-05-23T11:02:08.9904000Z,1826,2351,0,1779534128931,1779534128924000000,1779534128924000000,1779534128918000000,1779534128929000000,1779534128931000000,1779534128957000000,1779534128990000000,33.0000,11.0000,11.0000,33.0000,66.0000,12.62,T3-T5 on Isaac clock; Network_est approximate
2026-05-23T11:02:09.0236830Z,1827,2352,0,1779534128963,1779534128957000000,1779534128957000000,1779534128951000000,1779534128963000000,1779534128963000000,1779534128990000000,1779534129023000000,33.0000,12.0000,10.5000,33.0000,66.0000,11.91,T3-T5 on Isaac clock; Network_est approximate
2026-05-23T11:02:09.0647420Z,1828,2353,0,1779534129005,1779534128990000000,1779534128990000000,1779534128984000000,1779534129004000000,1779534129005000000,1779534129023000000,1779534129064000000,33.0000,20.0000,6.5000,41.0000,74.0000,11.22,T3-T5 on Isaac clock; Network_est approximate
2026-05-23T11:02:09.1395640Z,1829,2355,0,1779534129063,1779534129064000000,1779534129064000000,1779534129058000000,1779534129063000000,1779534129063000000,1779534129095000000,1779534129139000000,31.0000,5.0000,13.0000,44.0000,75.0000,11.57,T3-T5 on Isaac clock; Network_est approximate
2026-05-23T11:02:09.1700340Z,1830,2356,0,1779534129099,1779534129095000000,1779534129095000000,1779534129089000000,1779534129099000000,1779534129099000000,1779534129139000000,1779534129170000000,44.0000,10.0000,17.0000,31.0000,75.0000,11.19,T3-T5 on Isaac clock; Network_est approximate
2026-05-23T11:02:09.2026090Z,1831,2357,0,1779534129141,1779534129139000000,1779534129139000000,1779534129133000000,1779534129139000000,1779534129141000000,1779534129169000000,1779534129202000000,30.0000,6.0000,12.0000,33.0000,63.0000,11.08,T3-T5 on Isaac clock; Network_est approximate
2026-05-23T11:02:09.2682940Z,1832,2359,0,1779534129198,1779534129202000000,1779534129202000000,1779534129196000000,1779534129197000000,1779534129198000000,1779534129235000000,1779534129268000000,33.0000,1.0000,16.0000,33.0000,66.0000,10.93,T3-T5 on Isaac clock; Network_est approximate
2026-05-23T11:02:09.3009520Z,1833,2360,0,1779534129234,1779534129235000000,1779534129235000000,1779534129229000000,1779534129231000000,1779534129234000000,1779534129268000000,1779534129300000000,33.0000,2.0000,15.5000,32.0000,65.0000,10.45,T3-T5 on Isaac clock; Network_est approximate
2026-05-23T11:02:09.3336040Z,1834,2361,0,1779534129277,1779534129268000000,1779534129268000000,1779534129262000000,1779534129271000000,1779534129277000000,1779534129300000000,1779534129333000000,32.0000,9.0000,11.5000,33.0000,65.0000,10.44,T3-T5 on Isaac clock; Network_est approximate
2026-05-23T11:02:09.3989030Z,1835,2363,0,1779534129334,1779534129333000000,1779534129333000000,1779534129327000000,1779534129331000000,1779534129334000000,1779534129365000000,1779534129398000000,32.0000,4.0000,14.0000,33.0000,65.0000,10.31,T3-T5 on Isaac clock; Network_est approximate
2026-05-23T11:02:09.4314950Z,1836,2364,0,1779534129371,1779534129365000000,1779534129365000000,1779534129359000000,1779534129366000000,1779534129371000000,1779534129398000000,1779534129431000000,33.0000,7.0000,13.0000,33.0000,66.0000,9.94,T3-T5 on Isaac clock; Network_est approximate
2026-05-23T11:02:09.4637200Z,1837,2365,0,1779534129413,1779534129398000000,1779534129398000000,1779534129393000000,1779534129408000000,1779534129413000000,1779534129431000000,1779534129463000000,33.0000,15.0000,9.0000,32.0000,65.0000,9.93,T3-T5 on Isaac clock; Network_est approximate
2026-05-23T11:02:09.5302680Z,1838,2367,0,1779534129470,1779534129463000000,1779534129463000000,1779534129457000000,1779534129468000000,1779534129470000000,1779534129496000000,1779534129530000000,33.0000,11.0000,11.0000,34.0000,67.0000,9.90,T3-T5 on Isaac clock; Network_est approximate
2026-05-23T11:02:09.5711470Z,1839,2368,0,1779534129502,1779534129496000000,1779534129496000000,1779534129491000000,1779534129502000000,1779534129502000000,1779534129530000000,1779534129571000000,34.0000,11.0000,11.5000,41.0000,75.0000,9.84,T3-T5 on Isaac clock; Network_est approximate
2026-05-23T11:02:09.6022660Z,1840,2369,0,1779534129544,1779534129530000000,1779534129530000000,1779534129524000000,1779534129542000000,1779534129544000000,1779534129571000000,1779534129602000000,41.0000,18.0000,11.5000,31.0000,72.0000,9.90,T3-T5 on Isaac clock; Network_est approximate
2026-05-23T11:02:09.6739400Z,1841,2371,0,1779534129602,1779534129602000000,1779534129602000000,1779534129596000000,1779534129600000000,1779534129602000000,1779534129642000000,1779534129673000000,40.0000,4.0000,18.0000,31.0000,71.0000,10.13,T3-T5 on Isaac clock; Network_est approximate
2026-05-23T11:02:09.7063740Z,1842,2371,0,1779534129639,1779534129602000000,1779534129602000000,1779534129596000000,1779534129634000000,1779534129639000000,1779534129673000000,1779534129706000000,71.0000,38.0000,16.5000,33.0000,104.0000,9.78,T3-T5 on Isaac clock; Network_est approximate
2026-05-23T11:02:09.7393630Z,1843,2373,0,1779534129677,1779534129673000000,1779534129673000000,1779534129667000000,1779534129674000000,1779534129677000000,1779534129706000000,1779534129739000000,33.0000,7.0000,13.0000,33.0000,66.0000,9.48,T3-T5 on Isaac clock; Network_est approximate
2026-05-23T11:02:09.8046760Z,1844,2375,0,1779534129735,1779534129739000000,1779534129739000000,1779534129733000000,1779534129733000000,1779534129735000000,1779534129771000000,1779534129804000000,32.0000,0.0000,16.0000,33.0000,65.0000,9.33,T3-T5 on Isaac clock; Network_est approximate
2026-05-23T11:02:09.8417320Z,1845,2376,0,1779534129772,1779534129771000000,1779534129771000000,1779534129765000000,1779534129767000000,1779534129772000000,1779534129804000000,1779534129841000000,33.0000,2.0000,15.5000,37.0000,70.0000,8.99,T3-T5 on Isaac clock; Network_est approximate
2026-05-23T11:02:09.8697010Z,1846,2377,0,1779534129809,1779534129804000000,1779534129804000000,1779534129799000000,1779534129808000000,1779534129809000000,1779534129841000000,1779534129869000000,37.0000,9.0000,14.0000,28.0000,65.0000,8.73,T3-T5 on Isaac clock; Network_est approximate
2026-05-23T11:02:09.9417780Z,1848,2379,0,1779534129908,1779534129869000000,1779534129869000000,1779534129863000000,1779534129905000000,1779534129908000000,1779534129938000000,1779534129941000000,69.0000,42.0000,13.5000,3.0000,72.0000,9.86,T3-T5 on Isaac clock; Network_est approximate
2026-05-23T11:02:10.0091490Z,1849,2381,0,1779534129944,1779534129941000000,1779534129941000000,1779534129935000000,1779534129941000000,1779534129944000000,1779534129975000000,1779534130009000000,34.0000,6.0000,14.0000,34.0000,68.0000,11.20,T3-T5 on Isaac clock; Network_est approximate
2026-05-23T11:02:10.0810680Z,1851,2383,0,1779534130038,1779534130008000000,1779534130008000000,1779534130003000000,1779534130034000000,1779534130038000000,1779534130049000000,1779534130081000000,41.0000,31.0000,5.0000,32.0000,73.0000,11.88,T3-T5 on Isaac clock; Network_est approximate
2026-05-23T11:02:10.1528990Z,1852,2384,0,1779534130080,1779534130049000000,1779534130049000000,1779534130043000000,1779534130075000000,1779534130080000000,1779534130121000000,1779534130152000000,72.0000,32.0000,20.0000,31.0000,103.0000,13.00,T3-T5 on Isaac clock; Network_est approximate
2026-05-23T11:02:10.1857530Z,1853,2386,0,1779534130138,1779534130121000000,1779534130121000000,1779534130115000000,1779534130135000000,1779534130138000000,1779534130152000000,1779534130185000000,31.0000,20.0000,5.5000,33.0000,64.0000,13.76,T3-T5 on Isaac clock; Network_est approximate
2026-05-23T11:02:10.2184450Z,1854,2387,0,1779534130169,1779534130152000000,1779534130152000000,1779534130146000000,1779534130169000000,1779534130169000000,1779534130185000000,1779534130218000000,33.0000,23.0000,5.0000,33.0000,66.0000,13.01,T3-T5 on Isaac clock; Network_est approximate
2026-05-23T11:02:10.2836110Z,1855,2388,0,1779534130212,1779534130185000000,1779534130185000000,1779534130179000000,1779534130210000000,1779534130212000000,1779534130250000000,1779534130283000000,65.0000,31.0000,17.0000,33.0000,98.0000,13.59,T3-T5 on Isaac clock; Network_est approximate
2026-05-23T11:02:10.3160870Z,1856,2390,0,1779534130274,1779534130250000000,1779534130250000000,1779534130244000000,1779534130271000000,1779534130274000000,1779534130283000000,1779534130316000000,33.0000,27.0000,3.0000,33.0000,66.0000,14.59,T3-T5 on Isaac clock; Network_est approximate
2026-05-23T11:02:10.3487600Z,1857,2391,0,1779534130306,1779534130283000000,1779534130283000000,1779534130277000000,1779534130305000000,1779534130306000000,1779534130316000000,1779534130348000000,33.0000,28.0000,2.5000,32.0000,65.0000,13.72,T3-T5 on Isaac clock; Network_est approximate
2026-05-23T11:02:10.4149130Z,1858,2393,0,1779534130347,1779534130348000000,1779534130348000000,1779534130342000000,1779534130346000000,1779534130347000000,1779534130381000000,1779534130414000000,33.0000,4.0000,14.5000,33.0000,66.0000,14.42,T3-T5 on Isaac clock; Network_est approximate
2026-05-23T11:02:10.4468820Z,1859,2394,0,1779534130406,1779534130380000000,1779534130381000000,1779534130375000000,1779534130406000000,1779534130406000000,1779534130414000000,1779534130446000000,33.0000,31.0000,1.0000,32.0000,66.0000,15.19,T3-T5 on Isaac clock; Network_est approximate
2026-05-23T11:02:10.5122790Z,1860,2395,0,1779534130443,1779534130414000000,1779534130414000000,1779534130408000000,1779534130440000000,1779534130443000000,1779534130479000000,1779534130512000000,65.0000,32.0000,16.5000,33.0000,98.0000,16.01,T3-T5 on Isaac clock; Network_est approximate
2026-05-23T11:02:10.5449560Z,1861,2397,0,1779534130484,1779534130479000000,1779534130479000000,1779534130473000000,1779534130480000000,1779534130484000000,1779534130512000000,1779534130544000000,33.0000,7.0000,13.0000,32.0000,65.0000,15.53,T3-T5 on Isaac clock; Network_est approximate
2026-05-23T11:02:10.6203930Z,1862,2399,0,1779534130544,1779534130544000000,1779534130544000000,1779534130538000000,1779534130539000000,1779534130544000000,1779534130578000000,1779534130620000000,34.0000,1.0000,16.5000,42.0000,76.0000,15.52,T3-T5 on Isaac clock; Network_est approximate
2026-05-23T11:02:10.6906460Z,1863,2400,0,1779534130574,1779534130578000000,1779534130578000000,1779534130572000000,1779534130573000000,1779534130574000000,1779534130620000000,1779534130690000000,42.0000,1.0000,20.5000,70.0000,112.0000,17.07,T3-T5 on Isaac clock; Network_est approximate
2026-05-23T11:02:10.6941120Z,1865,2401,0,1779534130674,1779534130620000000,1779534130620000000,1779534130614000000,1779534130674000000,1779534130674000000,1779534130690000000,1779534130694000000,70.0000,60.0000,5.0000,4.0000,74.0000,22.03,T3-T5 on Isaac clock; Network_est approximate
2026-05-23T11:02:10.7590820Z,1866,2403,0,1779534130711,1779534130694000000,1779534130694000000,1779534130688000000,1779534130708000000,1779534130711000000,1779534130725000000,1779534130759000000,31.0000,20.0000,5.5000,34.0000,65.0000,22.40,T3-T5 on Isaac clock; Network_est approximate
2026-05-23T11:02:10.8242590Z,1867,2404,0,1779534130754,1779534130725000000,1779534130725000000,1779534130719000000,1779534130749000000,1779534130754000000,1779534130791000000,1779534130824000000,66.0000,30.0000,18.0000,33.0000,99.0000,22.38,T3-T5 on Isaac clock; Network_est approximate
2026-05-23T11:02:10.8571290Z,1868,2406,0,1779534130810,1779534130791000000,1779534130791000000,1779534130785000000,1779534130807000000,1779534130810000000,1779534130824000000,1779534130857000000,33.0000,22.0000,5.5000,33.0000,66.0000,22.43,T3-T5 on Isaac clock; Network_est approximate
2026-05-23T11:02:10.8894780Z,1869,2407,0,1779534130842,1779534130823000000,1779534130823000000,1779534130818000000,1779534130841000000,1779534130842000000,1779534130857000000,1779534130889000000,34.0000,23.0000,5.5000,32.0000,66.0000,21.04,T3-T5 on Isaac clock; Network_est approximate
2026-05-23T11:02:10.9550160Z,1870,2408,0,1779534130885,1779534130856000000,1779534130856000000,1779534130850000000,1779534130882000000,1779534130885000000,1779534130923000000,1779534130955000000,67.0000,32.0000,17.5000,32.0000,99.0000,21.14,T3-T5 on Isaac clock; Network_est approximate
2026-05-23T11:02:11.0237120Z,1871,2410,0,1779534130944,1779534130921000000,1779534130922000000,1779534130917000000,1779534130942000000,1779534130944000000,1779534130954000000,1779534131023000000,32.0000,25.0000,3.5000,69.0000,102.0000,20.42,T3-T5 on Isaac clock; Network_est approximate
2026-05-23T11:02:11.0281130Z,1872,2411,0,1779534130980,1779534130954000000,1779534130954000000,1779534130948000000,1779534130977000000,1779534130980000000,1779534131023000000,1779534131028000000,69.0000,29.0000,20.0000,5.0000,74.0000,21.12,T3-T5 on Isaac clock; Network_est approximate
2026-05-23T11:02:11.0953430Z,1873,2412,0,1779534131022,1779534131023000000,1779534131023000000,1779534131017000000,1779534131018000000,1779534131022000000,1779534131061000000,1779534131095000000,38.0000,1.0000,18.5000,34.0000,72.0000,21.37,T3-T5 on Isaac clock; Network_est approximate
2026-05-23T11:02:11.1401020Z,1874,2414,0,1779534131078,1779534131061000000,1779534131061000000,1779534131055000000,1779534131078000000,1779534131078000000,1779534131095000000,1779534131140000000,34.0000,23.0000,5.5000,45.0000,79.0000,20.78,T3-T5 on Isaac clock; Network_est approximate
2026-05-23T11:02:11.1714440Z,1875,2415,0,1779534131116,1779534131095000000,1779534131095000000,1779534131089000000,1779534131113000000,1779534131116000000,1779534131140000000,1779534131171000000,45.0000,24.0000,10.5000,31.0000,76.0000,19.85,T3-T5 on Isaac clock; Network_est approximate
2026-05-23T11:02:11.2041690Z,1876,2416,0,1779534131158,1779534131139000000,1779534131139000000,1779534131134000000,1779534131153000000,1779534131158000000,1779534131171000000,1779534131204000000,32.0000,19.0000,6.5000,33.0000,65.0000,19.19,T3-T5 on Isaac clock; Network_est approximate
2026-05-23T11:02:11.2696300Z,1877,2418,0,1779534131215,1779534131203000000,1779534131203000000,1779534131198000000,1779534131211000000,1779534131215000000,1779534131237000000,1779534131269000000,34.0000,13.0000,10.5000,32.0000,66.0000,18.52,T3-T5 on Isaac clock; Network_est approximate
2026-05-23T11:02:11.3021790Z,1878,2419,0,1779534131246,1779534131236000000,1779534131236000000,1779534131231000000,1779534131245000000,1779534131246000000,1779534131269000000,1779534131302000000,33.0000,14.0000,9.5000,33.0000,66.0000,17.46,T3-T5 on Isaac clock; Network_est approximate
2026-05-23T11:02:11.3352220Z,1879,2420,0,1779534131287,1779534131269000000,1779534131269000000,1779534131263000000,1779534131286000000,1779534131287000000,1779534131302000000,1779534131335000000,33.0000,23.0000,5.0000,33.0000,66.0000,16.86,T3-T5 on Isaac clock; Network_est approximate
2026-05-23T11:02:11.4009760Z,1880,2422,0,1779534131345,1779534131334000000,1779534131334000000,1779534131329000000,1779534131344000000,1779534131345000000,1779534131368000000,1779534131400000000,34.0000,15.0000,9.5000,32.0000,66.0000,16.29,T3-T5 on Isaac clock; Network_est approximate
2026-05-23T11:02:11.4337580Z,1881,2423,0,1779534131381,1779534131367000000,1779534131367000000,1779534131362000000,1779534131378000000,1779534131381000000,1779534131400000000,1779534131433000000,33.0000,16.0000,8.5000,33.0000,66.0000,15.47,T3-T5 on Isaac clock; Network_est approximate
2026-05-23T11:02:11.4663070Z,1882,2424,0,1779534131424,1779534131400000000,1779534131400000000,1779534131394000000,1779534131421000000,1779534131424000000,1779534131433000000,1779534131466000000,33.0000,27.0000,3.0000,33.0000,66.0000,15.15,T3-T5 on Isaac clock; Network_est approximate
2026-05-23T11:02:11.5320440Z,1883,2426,0,1779534131480,1779534131466000000,1779534131466000000,1779534131460000000,1779534131479000000,1779534131480000000,1779534131498000000,1779534131532000000,32.0000,19.0000,6.5000,34.0000,66.0000,14.81,T3-T5 on Isaac clock; Network_est approximate
2026-05-23T11:02:11.5645910Z,1884,2427,0,1779534131517,1779534131498000000,1779534131498000000,1779534131493000000,1779534131514000000,1779534131517000000,1779534131531000000,1779534131564000000,33.0000,21.0000,6.0000,33.0000,66.0000,14.16,T3-T5 on Isaac clock; Network_est approximate
2026-05-23T11:02:11.6308780Z,1885,2428,0,1779534131559,1779534131531000000,1779534131531000000,1779534131525000000,1779534131554000000,1779534131559000000,1779534131597000000,1779534131630000000,66.0000,29.0000,18.5000,33.0000,99.0000,14.79,T3-T5 on Isaac clock; Network_est approximate
2026-05-23T11:02:11.6716680Z,1886,2430,0,1779534131616,1779534131597000000,1779534131597000000,1779534131591000000,1779534131614000000,1779534131616000000,1779534131630000000,1779534131671000000,33.0000,23.0000,5.0000,41.0000,74.0000,14.89,T3-T5 on Isaac clock; Network_est approximate
2026-05-23T11:02:11.7033660Z,1887,2431,0,1779534131652,1779534131630000000,1779534131630000000,1779534131624000000,1779534131648000000,1779534131652000000,1779534131671000000,1779534131703000000,41.0000,24.0000,8.5000,32.0000,73.0000,14.22,T3-T5 on Isaac clock; Network_est approximate
2026-05-23T11:02:11.7357140Z,1888,2432,0,1779534131689,1779534131671000000,1779534131671000000,1779534131665000000,1779534131689000000,1779534131689000000,1779534131703000000,1779534131735000000,32.0000,24.0000,4.0000,32.0000,64.0000,13.62,T3-T5 on Isaac clock; Network_est approximate
2026-05-23T11:02:11.8017410Z,1889,2434,0,1779534131751,1779534131735000000,1779534131735000000,1779534131729000000,1779534131747000000,1779534131751000000,1779534131768000000,1779534131801000000,33.0000,18.0000,7.5000,33.0000,66.0000,13.02,T3-T5 on Isaac clock; Network_est approximate
2026-05-23T11:02:11.8349520Z,1890,2435,0,1779534131782,1779534131768000000,1779534131768000000,1779534131762000000,1779534131781000000,1779534131782000000,1779534131801000000,1779534131834000000,33.0000,19.0000,7.0000,33.0000,66.0000,12.27,T3-T5 on Isaac clock; Network_est approximate
2026-05-23T11:02:11.8661340Z,1891,2436,0,1779534131825,1779534131801000000,1779534131801000000,1779534131795000000,1779534131822000000,1779534131825000000,1779534131834000000,1779534131866000000,33.0000,27.0000,3.0000,32.0000,65.0000,12.16,T3-T5 on Isaac clock; Network_est approximate
2026-05-23T11:02:11.9318110Z,1892,2438,0,1779534131882,1779534131865000000,1779534131865000000,1779534131860000000,1779534131880000000,1779534131882000000,1779534131899000000,1779534131931000000,34.0000,20.0000,7.0000,32.0000,66.0000,11.93,T3-T5 on Isaac clock; Network_est approximate
2026-05-23T11:02:11.9644180Z,1893,2439,0,1779534131915,1779534131899000000,1779534131899000000,1779534131893000000,1779534131914000000,1779534131915000000,1779534131931000000,1779534131964000000,32.0000,21.0000,5.5000,33.0000,65.0000,11.21,T3-T5 on Isaac clock; Network_est approximate
2026-05-23T11:02:12.0296550Z,1894,2440,0,1779534131957,1779534131931000000,1779534131931000000,1779534131925000000,1779534131954000000,1779534131957000000,1779534131997000000,1779534132029000000,66.0000,29.0000,18.5000,32.0000,98.0000,11.96,T3-T5 on Isaac clock; Network_est approximate
2026-05-23T11:02:12.0626520Z,1895,2442,0,1779534132019,1779534131996000000,1779534131996000000,1779534131990000000,1779534132015000000,1779534132019000000,1779534132029000000,1779534132062000000,33.0000,25.0000,4.0000,33.0000,66.0000,13.03,T3-T5 on Isaac clock; Network_est approximate
2026-05-23T11:02:12.1401150Z,1896,2443,0,1779534132051,1779534132029000000,1779534132029000000,1779534132023000000,1779534132050000000,1779534132051000000,1779534132062000000,1779534132140000000,33.0000,27.0000,3.0000,78.0000,111.0000,15.01,T3-T5 on Isaac clock; Network_est approximate
2026-05-23T11:02:12.1451770Z,1897,2444,0,1779534132092,1779534132062000000,1779534132062000000,1779534132056000000,1779534132092000000,1779534132092000000,1779534132140000000,1779534132145000000,78.0000,36.0000,21.0000,5.0000,83.0000,16.25,T3-T5 on Isaac clock; Network_est approximate
2026-05-23T11:02:12.2129750Z,1898,2446,0,1779534132154,1779534132144000000,1779534132145000000,1779534132139000000,1779534132150000000,1779534132154000000,1779534132179000000,1779534132212000000,34.0000,11.0000,11.5000,33.0000,68.0000,15.56,T3-T5 on Isaac clock; Network_est approximate
2026-05-23T11:02:12.2454590Z,1899,2447,0,1779534132186,1779534132178000000,1779534132178000000,1779534132173000000,1779534132186000000,1779534132186000000,1779534132212000000,1779534132245000000,34.0000,13.0000,10.5000,33.0000,67.0000,14.65,T3-T5 on Isaac clock; Network_est approximate
2026-05-23T11:02:12.2778790Z,1900,2448,0,1779534132228,1779534132212000000,1779534132212000000,1779534132206000000,1779534132227000000,1779534132228000000,1779534132245000000,1779534132277000000,33.0000,21.0000,6.0000,32.0000,65.0000,14.33,T3-T5 on Isaac clock; Network_est approximate
2026-05-23T11:02:12.3428130Z,1901,2450,0,1779534132292,1779534132277000000,1779534132277000000,1779534132275000000,1779534132288000000,1779534132292000000,1779534132310000000,1779534132342000000,33.0000,13.0000,10.0000,32.0000,65.0000,13.50,T3-T5 on Isaac clock; Network_est approximate
2026-05-23T11:02:12.3756540Z,1902,2451,0,1779534132324,1779534132310000000,1779534132310000000,1779534132304000000,1779534132323000000,1779534132324000000,1779534132342000000,1779534132375000000,32.0000,19.0000,6.5000,33.0000,65.0000,12.69,T3-T5 on Isaac clock; Network_est approximate
2026-05-23T11:02:12.4408370Z,1903,2452,0,1779534132371,1779534132342000000,1779534132342000000,1779534132336000000,1779534132366000000,1779534132371000000,1779534132411000000,1779534132440000000,69.0000,30.0000,19.5000,29.0000,98.0000,13.05,T3-T5 on Isaac clock; Network_est approximate
2026-05-23T11:02:12.4733720Z,1904,2454,0,1779534132428,1779534132407000000,1779534132410000000,1779534132405000000,1779534132425000000,1779534132428000000,1779534132440000000,1779534132473000000,30.0000,20.0000,5.0000,33.0000,66.0000,13.76,T3-T5 on Isaac clock; Network_est approximate
2026-05-23T11:02:12.5066740Z,1905,2455,0,1779534132461,1779534132440000000,1779534132440000000,1779534132434000000,1779534132459000000,1779534132461000000,1779534132473000000,1779534132506000000,33.0000,25.0000,4.0000,33.0000,66.0000,12.93,T3-T5 on Isaac clock; Network_est approximate
2026-05-23T11:02:12.5790030Z,1906,2456,0,1779534132504,1779534132473000000,1779534132473000000,1779534132467000000,1779534132499000000,1779534132504000000,1779534132548000000,1779534132579000000,75.0000,32.0000,21.5000,31.0000,106.0000,13.95,T3-T5 on Isaac clock; Network_est approximate
2026-05-23T11:02:12.6120520Z,1907,2458,0,1779534132563,1779534132547000000,1779534132547000000,1779534132542000000,1779534132559000000,1779534132563000000,1779534132578000000,1779534132612000000,31.0000,17.0000,7.0000,34.0000,65.0000,14.70,T3-T5 on Isaac clock; Network_est approximate
2026-05-23T11:02:12.6454120Z,1908,2459,0,1779534132594,1779534132578000000,1779534132578000000,1779534132572000000,1779534132592000000,1779534132594000000,1779534132611000000,1779534132645000000,33.0000,20.0000,6.5000,34.0000,67.0000,13.93,T3-T5 on Isaac clock; Network_est approximate
2026-05-23T11:02:12.6867510Z,1909,2460,0,1779534132635,1779534132611000000,1779534132611000000,1779534132605000000,1779534132633000000,1779534132635000000,1779534132645000000,1779534132686000000,34.0000,28.0000,3.0000,41.0000,75.0000,13.08,T3-T5 on Isaac clock; Network_est approximate
2026-05-23T11:02:12.7501850Z,1910,2462,0,1779534132693,1779534132686000000,1779534132686000000,1779534132680000000,1779534132692000000,1779534132693000000,1779534132717000000,1779534132750000000,31.0000,12.0000,9.5000,33.0000,64.0000,12.61,T3-T5 on Isaac clock; Network_est approximate
2026-05-23T11:02:12.7826320Z,1911,2463,0,1779534132731,1779534132717000000,1779534132717000000,1779534132711000000,1779534132726000000,1779534132731000000,1779534132750000000,1779534132782000000,33.0000,15.0000,9.0000,32.0000,65.0000,12.16,T3-T5 on Isaac clock; Network_est approximate
2026-05-23T11:02:12.8153940Z,1912,2464,0,1779534132767,1779534132749000000,1779534132750000000,1779534132744000000,1779534132767000000,1779534132767000000,1779534132782000000,1779534132815000000,32.0000,23.0000,4.5000,33.0000,66.0000,11.61,T3-T5 on Isaac clock; Network_est approximate
2026-05-23T11:02:12.8805520Z,1913,2466,0,1779534132826,1779534132815000000,1779534132815000000,1779534132809000000,1779534132825000000,1779534132826000000,1779534132847000000,1779534132880000000,32.0000,16.0000,8.0000,33.0000,65.0000,11.26,T3-T5 on Isaac clock; Network_est approximate
2026-05-23T11:02:12.9128180Z,1914,2467,0,1779534132862,1779534132847000000,1779534132847000000,1779534132841000000,1779534132859000000,1779534132862000000,1779534132880000000,1779534132912000000,33.0000,18.0000,7.5000,32.0000,65.0000,10.79,T3-T5 on Isaac clock; Network_est approximate
2026-05-23T11:02:12.9464030Z,1915,2468,0,1779534132903,1779534132880000000,1779534132880000000,1779534132874000000,1779534132900000000,1779534132903000000,1779534132912000000,1779534132946000000,32.0000,26.0000,3.0000,34.0000,66.0000,10.58,T3-T5 on Isaac clock; Network_est approximate
2026-05-23T11:02:13.0115540Z,1916,2470,0,1779534132960,1779534132946000000,1779534132946000000,1779534132940000000,1779534132959000000,1779534132960000000,1779534132978000000,1779534133011000000,32.0000,19.0000,6.5000,33.0000,65.0000,10.41,T3-T5 on Isaac clock; Network_est approximate
2026-05-23T11:02:13.0438280Z,1917,2471,0,1779534132997,1779534132978000000,1779534132978000000,1779534132972000000,1779534132993000000,1779534132997000000,1779534133011000000,1779534133043000000,33.0000,21.0000,6.0000,32.0000,65.0000,10.05,T3-T5 on Isaac clock; Network_est approximate
2026-05-23T11:02:13.1102490Z,1918,2472,0,1779534133039,1779534133011000000,1779534133011000000,1779534133005000000,1779534133035000000,1779534133039000000,1779534133077000000,1779534133110000000,66.0000,30.0000,18.0000,33.0000,99.0000,10.95,T3-T5 on Isaac clock; Network_est approximate
2026-05-23T11:02:13.1531110Z,1919,2474,0,1779534133094,1779534133076000000,1779534133076000000,1779534133070000000,1779534133093000000,1779534133094000000,1779534133110000000,1779534133153000000,34.0000,23.0000,5.5000,43.0000,77.0000,11.03,T3-T5 on Isaac clock; Network_est approximate
2026-05-23T11:02:13.2209480Z,1920,2475,0,1779534133131,1779534133110000000,1779534133110000000,1779534133104000000,1779534133128000000,1779534133131000000,1779534133153000000,1779534133220000000,43.0000,24.0000,9.5000,67.0000,110.0000,12.27,T3-T5 on Isaac clock; Network_est approximate
2026-05-23T11:02:13.2251900Z,1921,2476,0,1779534133172,1779534133152000000,1779534133152000000,1779534133146000000,1779534133170000000,1779534133172000000,1779534133220000000,1779534133225000000,68.0000,24.0000,22.0000,5.0000,73.0000,13.79,T3-T5 on Isaac clock; Network_est approximate
2026-05-23T11:02:13.2919820Z,1922,2478,0,1779534133229,1779534133225000000,1779534133225000000,1779534133219000000,1779534133229000000,1779534133229000000,1779534133259000000,1779534133291000000,34.0000,10.0000,12.0000,32.0000,66.0000,13.53,T3-T5 on Isaac clock; Network_est approximate
2026-05-23T11:02:13.3252050Z,1923,2479,0,1779534133265,1779534133258000000,1779534133258000000,1779534133253000000,1779534133265000000,1779534133265000000,1779534133291000000,1779534133325000000,33.0000,12.0000,10.5000,34.0000,67.0000,12.86,T3-T5 on Isaac clock; Network_est approximate
2026-05-23T11:02:13.3581900Z,1924,2480,0,1779534133307,1779534133291000000,1779534133291000000,1779534133285000000,1779534133306000000,1779534133307000000,1779534133325000000,1779534133358000000,34.0000,21.0000,6.5000,33.0000,67.0000,12.62,T3-T5 on Isaac clock; Network_est approximate
2026-05-23T11:02:13.4234230Z,1925,2482,0,1779534133369,1779534133358000000,1779534133358000000,1779534133352000000,1779534133365000000,1779534133369000000,1779534133390000000,1779534133423000000,32.0000,13.0000,9.5000,33.0000,65.0000,12.02,T3-T5 on Isaac clock; Network_est approximate
2026-05-23T11:02:13.4563560Z,1926,2483,0,1779534133401,1779534133390000000,1779534133390000000,1779534133384000000,1779534133400000000,1779534133401000000,1779534133423000000,1779534133456000000,33.0000,16.0000,8.5000,33.0000,66.0000,11.33,T3-T5 on Isaac clock; Network_est approximate
2026-05-23T11:02:13.4894520Z,1927,2484,0,1779534133443,1779534133423000000,1779534133423000000,1779534133417000000,1779534133440000000,1779534133443000000,1779534133456000000,1779534133489000000,33.0000,23.0000,5.0000,33.0000,66.0000,11.19,T3-T5 on Isaac clock; Network_est approximate
2026-05-23T11:02:13.5545480Z,1928,2486,0,1779534133502,1779534133488000000,1779534133489000000,1779534133483000000,1779534133500000000,1779534133502000000,1779534133521000000,1779534133554000000,32.0000,17.0000,7.5000,33.0000,66.0000,10.88,T3-T5 on Isaac clock; Network_est approximate
2026-05-23T11:02:13.5874930Z,1929,2487,0,1779534133540,1779534133521000000,1779534133521000000,1779534133515000000,1779534133535000000,1779534133540000000,1779534133554000000,1779534133587000000,33.0000,20.0000,6.5000,33.0000,66.0000,10.50,T3-T5 on Isaac clock; Network_est approximate
2026-05-23T11:02:13.6202500Z,1930,2488,0,1779534133577,1779534133554000000,1779534133554000000,1779534133548000000,1779534133575000000,1779534133577000000,1779534133587000000,1779534133620000000,33.0000,27.0000,3.0000,33.0000,66.0000,10.10,T3-T5 on Isaac clock; Network_est approximate
2026-05-23T11:02:13.6928140Z,1931,2490,0,1779534133639,1779534133620000000,1779534133620000000,1779534133614000000,1779534133634000000,1779534133639000000,1779534133661000000,1779534133692000000,41.0000,20.0000,10.5000,31.0000,72.0000,10.13,T3-T5 on Isaac clock; Network_est approximate
2026-05-23T11:02:13.7253510Z,1932,2491,0,1779534133671,1779534133661000000,1779534133661000000,1779534133655000000,1779534133668000000,1779534133671000000,1779534133692000000,1779534133725000000,31.0000,13.0000,9.0000,33.0000,64.0000,9.53,T3-T5 on Isaac clock; Network_est approximate
2026-05-23T11:02:13.7579960Z,1933,2492,0,1779534133717,1779534133692000000,1779534133692000000,1779534133686000000,1779534133714000000,1779534133717000000,1779534133725000000,1779534133757000000,33.0000,28.0000,2.5000,32.0000,65.0000,9.77,T3-T5 on Isaac clock; Network_est approximate
2026-05-23T11:02:13.8239560Z,1934,2494,0,1779534133770,1779534133757000000,1779534133757000000,1779534133752000000,1779534133767000000,1779534133770000000,1779534133790000000,1779534133823000000,33.0000,15.0000,9.0000,33.0000,66.0000,9.90,T3-T5 on Isaac clock; Network_est approximate
2026-05-23T11:02:13.8554660Z,1935,2495,0,1779534133802,1779534133790000000,1779534133790000000,1779534133784000000,1779534133801000000,1779534133802000000,1779534133823000000,1779534133855000000,33.0000,17.0000,8.0000,32.0000,65.0000,9.32,T3-T5 on Isaac clock; Network_est approximate
2026-05-23T11:02:13.8882760Z,1936,2496,0,1779534133844,1779534133822000000,1779534133822000000,1779534133816000000,1779534133841000000,1779534133844000000,1779534133855000000,1779534133888000000,33.0000,25.0000,4.0000,33.0000,66.0000,9.31,T3-T5 on Isaac clock; Network_est approximate
2026-05-23T11:02:13.9534210Z,1937,2498,0,1779534133900,1779534133888000000,1779534133888000000,1779534133882000000,1779534133900000000,1779534133900000000,1779534133920000000,1779534133953000000,32.0000,18.0000,7.0000,33.0000,65.0000,9.30,T3-T5 on Isaac clock; Network_est approximate
2026-05-23T11:02:13.9860970Z,1938,2499,0,1779534133937,1779534133920000000,1779534133920000000,1779534133914000000,1779534133934000000,1779534133937000000,1779534133953000000,1779534133986000000,33.0000,20.0000,6.5000,33.0000,66.0000,8.99,T3-T5 on Isaac clock; Network_est approximate
2026-05-23T11:02:14.0515540Z,1939,2500,0,1779534133979,1779534133953000000,1779534133953000000,1779534133947000000,1779534133975000000,1779534133979000000,1779534134018000000,1779534134051000000,65.0000,28.0000,18.5000,33.0000,98.0000,9.88,T3-T5 on Isaac clock; Network_est approximate
2026-05-23T11:02:14.0836330Z,1940,2502,0,1779534134035,1779534134018000000,1779534134018000000,1779534134012000000,1779534134034000000,1779534134035000000,1779534134051000000,1779534134083000000,33.0000,22.0000,5.5000,32.0000,65.0000,10.75,T3-T5 on Isaac clock; Network_est approximate
2026-05-23T11:02:14.1164210Z,1941,2503,0,1779534134072,1779534134051000000,1779534134051000000,1779534134045000000,1779534134068000000,1779534134072000000,1779534134083000000,1779534134116000000,32.0000,23.0000,4.5000,33.0000,65.0000,10.34,T3-T5 on Isaac clock; Network_est approximate
2026-05-23T11:02:14.1912850Z,1942,2504,0,1779534134114,1779534134083000000,1779534134083000000,1779534134077000000,1779534134109000000,1779534134114000000,1779534134151000000,1779534134191000000,68.0000,32.0000,18.0000,40.0000,108.0000,11.76,T3-T5 on Isaac clock; Network_est approximate
2026-05-23T11:02:14.2225320Z,1943,2506,0,1779534134170,1779534134150000000,1779534134150000000,1779534134145000000,1779534134168000000,1779534134170000000,1779534134191000000,1779534134222000000,41.0000,23.0000,9.0000,31.0000,72.0000,12.58,T3-T5 on Isaac clock; Network_est approximate
2026-05-23T11:02:14.2918590Z,1944,2507,0,1779534134207,1779534134191000000,1779534134191000000,1779534134185000000,1779534134202000000,1779534134207000000,1779534134222000000,1779534134291000000,31.0000,17.0000,7.0000,69.0000,100.0000,13.81,T3-T5 on Isaac clock; Network_est approximate
2026-05-23T11:02:14.2960760Z,1945,2508,0,1779534134244,1779534134222000000,1779534134222000000,1779534134216000000,1779534134243000000,1779534134244000000,1779534134291000000,1779534134296000000,69.0000,27.0000,21.0000,5.0000,74.0000,15.04,T3-T5 on Isaac clock; Network_est approximate
2026-05-23T11:02:14.3621540Z,1946,2510,0,1779534134301,1779534134295000000,1779534134295000000,1779534134289000000,1779534134301000000,1779534134301000000,1779534134328000000,1779534134362000000,33.0000,12.0000,10.5000,34.0000,67.0000,14.72,T3-T5 on Isaac clock; Network_est approximate
2026-05-23T11:02:14.3957420Z,1947,2511,0,1779534134337,1779534134328000000,1779534134328000000,1779534134322000000,1779534134335000000,1779534134337000000,1779534134362000000,1779534134395000000,34.0000,13.0000,10.5000,33.0000,67.0000,13.95,T3-T5 on Isaac clock; Network_est approximate
2026-05-23T11:02:14.4289820Z,1948,2512,0,1779534134379,1779534134361000000,1779534134361000000,1779534134355000000,1779534134375000000,1779534134379000000,1779534134395000000,1779534134428000000,34.0000,20.0000,7.0000,33.0000,67.0000,13.67,T3-T5 on Isaac clock; Network_est approximate
2026-05-23T11:02:14.4936100Z,1949,2514,0,1779534134436,1779534134427000000,1779534134427000000,1779534134422000000,1779534134435000000,1779534134436000000,1779534134460000000,1779534134493000000,33.0000,13.0000,10.0000,33.0000,66.0000,13.34,T3-T5 on Isaac clock; Network_est approximate
2026-05-23T11:02:14.5251870Z,1950,2515,0,1779534134472,1779534134460000000,1779534134460000000,1779534134454000000,1779534134469000000,1779534134472000000,1779534134493000000,1779534134525000000,33.0000,15.0000,9.0000,32.0000,65.0000,12.78,T3-T5 on Isaac clock; Network_est approximate
2026-05-23T11:02:14.5590010Z,1951,2516,0,1779534134514,1779534134493000000,1779534134493000000,1779534134487000000,1779534134510000000,1779534134514000000,1779534134525000000,1779534134559000000,32.0000,23.0000,4.5000,34.0000,66.0000,12.50,T3-T5 on Isaac clock; Network_est approximate
2026-05-23T11:02:14.6318170Z,1952,2518,0,1779534134571,1779534134558000000,1779534134558000000,1779534134553000000,1779534134570000000,1779534134571000000,1779534134592000000,1779534134631000000,34.0000,17.0000,8.5000,39.0000,73.0000,12.69,T3-T5 on Isaac clock; Network_est approximate
2026-05-23T11:02:14.7057190Z,1953,2519,0,1779534134608,1779534134592000000,1779534134592000000,1779534134586000000,1779534134604000000,1779534134608000000,1779534134631000000,1779534134705000000,39.0000,18.0000,10.5000,74.0000,113.0000,14.22,T3-T5 on Isaac clock; Network_est approximate
2026-05-23T11:02:14.7120170Z,1954,2520,0,1779534134649,1779534134631000000,1779534134631000000,1779534134625000000,1779534134645000000,1779534134649000000,1779534134705000000,1779534134712000000,74.0000,20.0000,27.0000,7.0000,81.0000,15.57,T3-T5 on Isaac clock; Network_est approximate
2026-05-23T11:02:14.7848270Z,1955,2521,0,1779534134705,1779534134705000000,1779534134705000000,1779534134699000000,1779534134704000000,1779534134705000000,1779534134747000000,1779534134784000000,42.0000,5.0000,18.5000,37.0000,79.0000,15.72,T3-T5 on Isaac clock; Network_est approximate
2026-05-23T11:02:14.8211290Z,1956,2522,0,1779534134741,1779534134710000000,1779534134710000000,1779534134705000000,1779534134739000000,1779534134741000000,1779534134784000000,1779534134821000000,74.0000,34.0000,20.0000,37.0000,111.0000,14.76,T3-T5 on Isaac clock; Network_est approximate
2026-05-23T11:02:14.8529000Z,1957,2524,0,1779534134784,1779534134784000000,1779534134784000000,1779534134778000000,1779534134780000000,1779534134784000000,1779534134821000000,1779534134852000000,37.0000,2.0000,17.5000,31.0000,68.0000,14.49,T3-T5 on Isaac clock; Network_est approximate
2026-05-23T11:02:14.8858150Z,1958,2525,0,1779534134840,1779534134820000000,1779534134820000000,1779534134814000000,1779534134838000000,1779534134840000000,1779534134852000000,1779534134885000000,32.0000,24.0000,4.0000,33.0000,65.0000,15.04,T3-T5 on Isaac clock; Network_est approximate
2026-05-23T11:02:14.9186470Z,1959,2526,0,1779534134871,1779534134852000000,1779534134852000000,1779534134846000000,1779534134871000000,1779534134871000000,1779534134885000000,1779534134918000000,33.0000,25.0000,4.0000,33.0000,66.0000,14.20,T3-T5 on Isaac clock; Network_est approximate
2026-05-23T11:02:14.9836820Z,1960,2527,0,1779534134913,1779534134885000000,1779534134885000000,1779534134879000000,1779534134912000000,1779534134913000000,1779534134950000000,1779534134983000000,65.0000,33.0000,16.0000,33.0000,98.0000,14.76,T3-T5 on Isaac clock; Network_est approximate
2026-05-23T11:02:15.0161550Z,1961,2529,0,1779534134971,1779534134950000000,1779534134950000000,1779534134944000000,1779534134971000000,1779534134971000000,1779534134983000000,1779534135016000000,33.0000,27.0000,3.0000,33.0000,66.0000,15.43,T3-T5 on Isaac clock; Network_est approximate
2026-05-23T11:02:15.0488370Z,1962,2530,0,1779534135008,1779534134983000000,1779534134983000000,1779534134977000000,1779534135005000000,1779534135008000000,1779534135016000000,1779534135048000000,33.0000,28.0000,2.5000,32.0000,65.0000,14.74,T3-T5 on Isaac clock; Network_est approximate
2026-05-23T11:02:15.1144280Z,1963,2532,0,1779534135050,1779534135048000000,1779534135048000000,1779534135042000000,1779534135046000000,1779534135050000000,1779534135081000000,1779534135114000000,33.0000,4.0000,14.5000,33.0000,66.0000,15.29,T3-T5 on Isaac clock; Network_est approximate
2026-05-23T11:02:15.1928490Z,1965,2534,0,1779534135144,1779534135114000000,1779534135114000000,1779534135108000000,1779534135139000000,1779534135144000000,1779534135189000000,1779534135192000000,75.0000,31.0000,22.0000,3.0000,78.0000,15.30,T3-T5 on Isaac clock; Network_est approximate
2026-05-23T11:02:15.2254590Z,1966,2534,0,1779534135185,1779534135114000000,1779534135114000000,1779534135108000000,1779534135180000000,1779534135185000000,1779534135192000000,1779534135225000000,78.0000,72.0000,3.0000,33.0000,111.0000,14.91,T3-T5 on Isaac clock; Network_est approximate
2026-05-23T11:02:15.2900130Z,1967,2537,0,1779534135243,1779534135224000000,1779534135224000000,1779534135218000000,1779534135239000000,1779534135243000000,1779534135257000000,1779534135290000000,33.0000,21.0000,6.0000,33.0000,66.0000,14.43,T3-T5 on Isaac clock; Network_est approximate
2026-05-23T11:02:15.3603780Z,1968,2538,0,1779534135274,1779534135257000000,1779534135257000000,1779534135251000000,1779534135273000000,1779534135274000000,1779534135289000000,1779534135360000000,32.0000,22.0000,5.0000,71.0000,103.0000,15.97,T3-T5 on Isaac clock; Network_est approximate
2026-05-23T11:02:15.3641540Z,1969,2539,0,1779534135316,1779534135289000000,1779534135289000000,1779534135283000000,1779534135316000000,1779534135316000000,1779534135360000000,1779534135364000000,71.0000,33.0000,19.0000,4.0000,75.0000,17.35,T3-T5 on Isaac clock; Network_est approximate
2026-05-23T11:02:15.4314500Z,1970,2541,0,1779534135379,1779534135363000000,1779534135363000000,1779534135358000000,1779534135376000000,1779534135379000000,1779534135397000000,1779534135431000000,34.0000,18.0000,8.0000,34.0000,68.0000,16.53,T3-T5 on Isaac clock; Network_est approximate
2026-05-23T11:02:15.4644170Z,1971,2542,0,1779534135415,1779534135397000000,1779534135397000000,1779534135391000000,1779534135411000000,1779534135415000000,1779534135431000000,1779534135464000000,34.0000,20.0000,7.0000,33.0000,67.0000,15.69,T3-T5 on Isaac clock; Network_est approximate
2026-05-23T11:02:15.4966990Z,1972,2543,0,1779534135455,1779534135431000000,1779534135431000000,1779534135425000000,1779534135453000000,1779534135455000000,1779534135464000000,1779534135496000000,33.0000,28.0000,2.5000,32.0000,65.0000,15.18,T3-T5 on Isaac clock; Network_est approximate
2026-05-23T11:02:15.5623400Z,1973,2545,0,1779534135513,1779534135496000000,1779534135496000000,1779534135490000000,1779534135512000000,1779534135513000000,1779534135529000000,1779534135562000000,33.0000,22.0000,5.5000,33.0000,66.0000,14.71,T3-T5 on Isaac clock; Network_est approximate
2026-05-23T11:02:15.5952930Z,1974,2546,0,1779534135552,1779534135529000000,1779534135529000000,1779534135523000000,1779534135548000000,1779534135552000000,1779534135562000000,1779534135595000000,33.0000,25.0000,4.0000,33.0000,66.0000,14.17,T3-T5 on Isaac clock; Network_est approximate
2026-05-23T11:02:15.6606080Z,1975,2548,0,1779534135593,1779534135595000000,1779534135595000000,1779534135589000000,1779534135590000000,1779534135593000000,1779534135628000000,1779534135660000000,33.0000,1.0000,16.0000,32.0000,65.0000,14.81,T3-T5 on Isaac clock; Network_est approximate
2026-05-23T11:02:15.6937390Z,1976,2549,0,1779534135650,1779534135627000000,1779534135627000000,1779534135621000000,1779534135649000000,1779534135650000000,1779534135660000000,1779534135693000000,33.0000,28.0000,2.5000,33.0000,66.0000,15.38,T3-T5 on Isaac clock; Network_est approximate
2026-05-23T11:02:15.7701190Z,1977,2550,0,1779534135686,1779534135660000000,1779534135660000000,1779534135654000000,1779534135682000000,1779534135686000000,1779534135693000000,1779534135770000000,33.0000,28.0000,2.5000,77.0000,110.0000,16.76,T3-T5 on Isaac clock; Network_est approximate
2026-05-23T11:02:15.7738740Z,1978,2551,0,1779534135727,1779534135693000000,1779534135693000000,1779534135687000000,1779534135723000000,1779534135727000000,1779534135769000000,1779534135773000000,76.0000,36.0000,20.0000,4.0000,80.0000,17.85,T3-T5 on Isaac clock; Network_est approximate
2026-05-23T11:02:15.8395000Z,1979,2553,0,1779534135784,1779534135773000000,1779534135773000000,1779534135767000000,1779534135783000000,1779534135784000000,1779534135805000000,1779534135839000000,32.0000,16.0000,8.0000,34.0000,66.0000,17.27,T3-T5 on Isaac clock; Network_est approximate
2026-05-23T11:02:15.8716920Z,1980,2554,0,1779534135821,1779534135805000000,1779534135805000000,1779534135799000000,1779534135819000000,1779534135821000000,1779534135839000000,1779534135871000000,34.0000,20.0000,7.0000,32.0000,66.0000,16.48,T3-T5 on Isaac clock; Network_est approximate
2026-05-23T11:02:15.9043540Z,1981,2555,0,1779534135861,1779534135839000000,1779534135839000000,1779534135833000000,1779534135858000000,1779534135861000000,1779534135871000000,1779534135904000000,32.0000,25.0000,3.5000,33.0000,65.0000,15.91,T3-T5 on Isaac clock; Network_est approximate
2026-05-23T11:02:15.9698290Z,1982,2557,0,1779534135919,1779534135904000000,1779534135904000000,1779534135898000000,1779534135918000000,1779534135919000000,1779534135937000000,1779534135969000000,33.0000,20.0000,6.5000,32.0000,65.0000,15.37,T3-T5 on Isaac clock; Network_est approximate
2026-05-23T11:02:16.0024670Z,1983,2558,0,1779534135952,1779534135937000000,1779534135937000000,1779534135931000000,1779534135952000000,1779534135952000000,1779534135969000000,1779534136002000000,32.0000,21.0000,5.5000,33.0000,65.0000,14.43,T3-T5 on Isaac clock; Network_est approximate
2026-05-23T11:02:16.0353440Z,1984,2559,0,1779534135994,1779534135969000000,1779534135969000000,1779534135963000000,1779534135992000000,1779534135994000000,1779534136002000000,1779534136035000000,33.0000,29.0000,2.0000,33.0000,66.0000,14.11,T3-T5 on Isaac clock; Network_est approximate
2026-05-23T11:02:16.1011160Z,1985,2561,0,1779534136056,1779534136035000000,1779534136035000000,1779534136029000000,1779534136052000000,1779534136056000000,1779534136067000000,1779534136101000000,32.0000,23.0000,4.5000,34.0000,66.0000,13.47,T3-T5 on Isaac clock; Network_est approximate
2026-05-23T11:02:16.1336500Z,1986,2562,0,1779534136092,1779534136067000000,1779534136067000000,1779534136061000000,1779534136088000000,1779534136092000000,1779534136101000000,1779534136133000000,34.0000,27.0000,3.5000,32.0000,66.0000,12.84,T3-T5 on Isaac clock; Network_est approximate
2026-05-23T11:02:16.1993190Z,1987,2564,0,1779534136133,1779534136133000000,1779534136133000000,1779534136127000000,1779534136129000000,1779534136133000000,1779534136166000000,1779534136199000000,33.0000,2.0000,15.5000,33.0000,66.0000,13.58,T3-T5 on Isaac clock; Network_est approximate
2026-05-23T11:02:16.2710650Z,1988,2565,0,1779534136190,1779534136166000000,1779534136166000000,1779534136160000000,1779534136189000000,1779534136190000000,1779534136199000000,1779534136271000000,33.0000,29.0000,2.0000,72.0000,105.0000,13.65,T3-T5 on Isaac clock; Network_est approximate
2026-05-23T11:02:16.2746610Z,1989,2566,0,1779534136225,1779534136199000000,1779534136199000000,1779534136193000000,1779534136222000000,1779534136225000000,1779534136270000000,1779534136274000000,71.0000,29.0000,21.0000,4.0000,75.0000,14.77,T3-T5 on Isaac clock; Network_est approximate
2026-05-23T11:02:16.3073640Z,1990,2566,0,1779534136267,1779534136199000000,1779534136199000000,1779534136193000000,1779534136263000000,1779534136267000000,1779534136274000000,1779534136307000000,75.0000,70.0000,2.5000,33.0000,108.0000,14.45,T3-T5 on Isaac clock; Network_est approximate
2026-05-23T11:02:16.3721580Z,1991,2569,0,1779534136324,1779534136306000000,1779534136306000000,1779534136300000000,1779534136322000000,1779534136324000000,1779534136339000000,1779534136372000000,33.0000,22.0000,5.5000,33.0000,66.0000,14.06,T3-T5 on Isaac clock; Network_est approximate
2026-05-23T11:02:16.4054390Z,1992,2570,0,1779534136360,1779534136339000000,1779534136339000000,1779534136333000000,1779534136356000000,1779534136360000000,1779534136372000000,1779534136405000000,33.0000,23.0000,5.0000,33.0000,66.0000,13.36,T3-T5 on Isaac clock; Network_est approximate
2026-05-23T11:02:16.4739390Z,1993,2571,0,1779534136396,1779534136371000000,1779534136372000000,1779534136366000000,1779534136396000000,1779534136396000000,1779534136405000000,1779534136473000000,33.0000,30.0000,1.5000,68.0000,102.0000,14.55,T3-T5 on Isaac clock; Network_est approximate
2026-05-23T11:02:16.4782780Z,1994,2572,0,1779534136458,1779534136405000000,1779534136405000000,1779534136399000000,1779534136456000000,1779534136458000000,1779534136473000000,1779534136478000000,68.0000,57.0000,5.5000,5.0000,73.0000,17.24,T3-T5 on Isaac clock; Network_est approximate
2026-05-23T11:02:16.5445840Z,1995,2574,0,1779534136495,1779534136478000000,1779534136478000000,1779534136472000000,1779534136490000000,1779534136495000000,1779534136511000000,1779534136544000000,33.0000,18.0000,7.5000,33.0000,66.0000,17.98,T3-T5 on Isaac clock; Network_est approximate
2026-05-23T11:02:16.5776410Z,1996,2575,0,1779534136531,1779534136510000000,1779534136510000000,1779534136505000000,1779534136531000000,1779534136531000000,1779534136544000000,1779534136577000000,34.0000,26.0000,4.0000,33.0000,67.0000,17.03,T3-T5 on Isaac clock; Network_est approximate
2026-05-23T11:02:16.6426140Z,1997,2577,0,1779534136591,1779534136577000000,1779534136577000000,1779534136571000000,1779534136590000000,1779534136591000000,1779534136609000000,1779534136642000000,32.0000,19.0000,6.5000,33.0000,65.0000,16.28,T3-T5 on Isaac clock; Network_est approximate
2026-05-23T11:02:16.6753110Z,1998,2578,0,1779534136628,1779534136609000000,1779534136609000000,1779534136603000000,1779534136625000000,1779534136628000000,1779534136642000000,1779534136675000000,33.0000,22.0000,5.5000,33.0000,66.0000,15.54,T3-T5 on Isaac clock; Network_est approximate
2026-05-23T11:02:16.7408480Z,1999,2579,0,1779534136671,1779534136642000000,1779534136642000000,1779534136636000000,1779534136666000000,1779534136671000000,1779534136707000000,1779534136740000000,65.0000,30.0000,17.5000,33.0000,98.0000,15.98,T3-T5 on Isaac clock; Network_est approximate
2026-05-23T11:02:16.7840260Z,2000,2581,0,1779534136725,1779534136707000000,1779534136707000000,1779534136702000000,1779534136724000000,1779534136725000000,1779534136740000000,1779534136784000000,33.0000,22.0000,5.5000,44.0000,77.0000,15.66,T3-T5 on Isaac clock; Network_est approximate
2026-05-23T11:02:16.8545260Z,2001,2582,0,1779534136767,1779534136740000000,1779534136740000000,1779534136734000000,1779534136763000000,1779534136767000000,1779534136783000000,1779534136854000000,43.0000,29.0000,7.0000,71.0000,114.0000,16.46,T3-T5 on Isaac clock; Network_est approximate
2026-05-23T11:02:16.8581890Z,2002,2583,0,1779534136808,1779534136783000000,1779534136783000000,1779534136777000000,1779534136806000000,1779534136808000000,1779534136854000000,1779534136858000000,71.0000,29.0000,21.0000,4.0000,75.0000,17.76,T3-T5 on Isaac clock; Network_est approximate
2026-05-23T11:02:16.9240220Z,2003,2585,0,1779534136866,1779534136858000000,1779534136858000000,1779534136852000000,1779534136865000000,1779534136866000000,1779534136890000000,1779534136924000000,32.0000,13.0000,9.5000,34.0000,66.0000,17.12,T3-T5 on Isaac clock; Network_est approximate
2026-05-23T11:02:16.9557910Z,2004,2586,0,1779534136902,1779534136890000000,1779534136890000000,1779534136884000000,1779534136900000000,1779534136902000000,1779534136923000000,1779534136955000000,33.0000,16.0000,8.5000,32.0000,65.0000,16.29,T3-T5 on Isaac clock; Network_est approximate
2026-05-23T11:02:16.9889340Z,2005,2587,0,1779534136944,1779534136923000000,1779534136923000000,1779534136917000000,1779534136941000000,1779534136944000000,1779534136955000000,1779534136988000000,32.0000,24.0000,4.0000,33.0000,65.0000,15.83,T3-T5 on Isaac clock; Network_est approximate
2026-05-23T11:02:17.0540500Z,2006,2589,0,1779534137002,1779534136988000000,1779534136988000000,1779534136982000000,1779534137000000000,1779534137002000000,1779534137021000000,1779534137054000000,33.0000,18.0000,7.5000,33.0000,66.0000,15.28,T3-T5 on Isaac clock; Network_est approximate
2026-05-23T11:02:17.0861500Z,2007,2590,0,1779534137038,1779534137020000000,1779534137020000000,1779534137015000000,1779534137035000000,1779534137038000000,1779534137053000000,1779534137086000000,33.0000,20.0000,6.5000,33.0000,66.0000,14.57,T3-T5 on Isaac clock; Network_est approximate
2026-05-23T11:02:17.1192040Z,2008,2591,0,1779534137075,1779534137053000000,1779534137053000000,1779534137047000000,1779534137075000000,1779534137075000000,1779534137086000000,1779534137119000000,33.0000,28.0000,2.5000,33.0000,66.0000,13.90,T3-T5 on Isaac clock; Network_est approximate
2026-05-23T11:02:17.1875050Z,2009,2593,0,1779534137144,1779534137118000000,1779534137118000000,1779534137113000000,1779534137139000000,1779534137144000000,1779534137154000000,1779534137187000000,36.0000,26.0000,5.0000,33.0000,69.0000,13.07,T3-T5 on Isaac clock; Network_est approximate
2026-05-23T11:02:17.2528150Z,2010,2594,0,1779534137180,1779534137154000000,1779534137154000000,1779534137148000000,1779534137176000000,1779534137180000000,1779534137219000000,1779534137252000000,65.0000,28.0000,18.5000,33.0000,98.0000,14.08,T3-T5 on Isaac clock; Network_est approximate
2026-05-23T11:02:17.2854480Z,2011,2596,0,1779534137221,1779534137219000000,1779534137219000000,1779534137213000000,1779534137219000000,1779534137221000000,1779534137252000000,1779534137285000000,33.0000,6.0000,13.5000,33.0000,66.0000,13.72,T3-T5 on Isaac clock; Network_est approximate
2026-05-23T11:02:17.3601280Z,2012,2597,0,1779534137278,1779534137252000000,1779534137252000000,1779534137246000000,1779534137276000000,1779534137278000000,1779534137319000000,1779534137360000000,67.0000,30.0000,18.5000,41.0000,108.0000,13.97,T3-T5 on Isaac clock; Network_est approximate
2026-05-23T11:02:17.3915000Z,2014,2599,0,1779534137351,1779534137319000000,1779534137319000000,1779534137313000000,1779534137350000000,1779534137351000000,1779534137360000000,1779534137391000000,41.0000,37.0000,2.0000,31.0000,72.0000,15.72,T3-T5 on Isaac clock; Network_est approximate
2026-05-23T11:02:17.4567370Z,2015,2601,0,1779534137413,1779534137390000000,1779534137390000000,1779534137384000000,1779534137409000000,1779534137413000000,1779534137424000000,1779534137456000000,34.0000,25.0000,4.5000,32.0000,66.0000,14.95,T3-T5 on Isaac clock; Network_est approximate
2026-05-23T11:02:17.4893740Z,2016,2602,0,1779534137444,1779534137424000000,1779534137424000000,1779534137418000000,1779534137444000000,1779534137444000000,1779534137456000000,1779534137489000000,32.0000,26.0000,3.0000,33.0000,65.0000,14.13,T3-T5 on Isaac clock; Network_est approximate
2026-05-23T11:02:17.5611030Z,2018,2604,0,1779534137547,1779534137489000000,1779534137489000000,1779534137483000000,1779534137544000000,1779534137547000000,1779534137557000000,1779534137561000000,68.0000,61.0000,3.5000,4.0000,72.0000,15.20,T3-T5 on Isaac clock; Network_est approximate
2026-05-23T11:02:17.6285750Z,2019,2606,0,1779534137584,1779534137560000000,1779534137561000000,1779534137554000000,1779534137580000000,1779534137584000000,1779534137595000000,1779534137628000000,34.0000,26.0000,4.0000,33.0000,68.0000,16.15,T3-T5 on Isaac clock; Network_est approximate
2026-05-23T11:02:17.6939520Z,2020,2607,0,1779534137625,1779534137594000000,1779534137594000000,1779534137588000000,1779534137621000000,1779534137625000000,1779534137661000000,1779534137693000000,67.0000,33.0000,17.0000,32.0000,99.0000,16.66,T3-T5 on Isaac clock; Network_est approximate
2026-05-23T11:02:17.7593150Z,2021,2609,0,1779534137687,1779534137661000000,1779534137661000000,1779534137655000000,1779534137683000000,1779534137687000000,1779534137726000000,1779534137759000000,65.0000,28.0000,18.5000,33.0000,98.0000,15.83,T3-T5 on Isaac clock; Network_est approximate
2026-05-23T11:02:17.7925790Z,2022,2610,0,1779534137720,1779534137693000000,1779534137693000000,1779534137687000000,1779534137718000000,1779534137720000000,1779534137759000000,1779534137792000000,66.0000,31.0000,17.5000,33.0000,99.0000,14.85,T3-T5 on Isaac clock; Network_est approximate
2026-05-23T11:02:17.8248090Z,2023,2612,0,1779534137762,1779534137759000000,1779534137759000000,1779534137753000000,1779534137758000000,1779534137762000000,1779534137792000000,1779534137824000000,33.0000,5.0000,14.0000,32.0000,65.0000,14.53,T3-T5 on Isaac clock; Network_est approximate
2026-05-23T11:02:17.8990480Z,2024,2613,0,1779534137820,1779534137792000000,1779534137792000000,1779534137786000000,1779534137817000000,1779534137820000000,1779534137858000000,1779534137899000000,66.0000,31.0000,17.5000,41.0000,107.0000,14.64,T3-T5 on Isaac clock; Network_est approximate
2026-05-23T11:02:17.9301400Z,2025,2614,0,1779534137856,1779534137824000000,1779534137824000000,1779534137818000000,1779534137851000000,1779534137856000000,1779534137898000000,1779534137930000000,74.0000,33.0000,20.5000,32.0000,106.0000,14.03,T3-T5 on Isaac clock; Network_est approximate
2026-05-23T11:02:17.9628060Z,2026,2615,0,1779534137894,1779534137858000000,1779534137858000000,1779534137853000000,1779534137892000000,1779534137894000000,1779534137930000000,1779534137962000000,72.0000,39.0000,16.5000,32.0000,104.0000,13.49,T3-T5 on Isaac clock; Network_est approximate
2026-05-23T11:02:17.9953510Z,2027,2617,0,1779534137952,1779534137929000000,1779534137929000000,1779534137924000000,1779534137951000000,1779534137952000000,1779534137962000000,1779534137995000000,33.0000,27.0000,3.0000,33.0000,66.0000,14.24,T3-T5 on Isaac clock; Network_est approximate
2026-05-23T11:02:18.0285940Z,2028,2618,0,1779534137988,1779534137962000000,1779534137962000000,1779534137956000000,1779534137985000000,1779534137988000000,1779534137995000000,1779534138028000000,33.0000,29.0000,2.0000,33.0000,66.0000,13.52,T3-T5 on Isaac clock; Network_est approximate
2026-05-23T11:02:18.0936880Z,2029,2620,0,1779534138029,1779534138028000000,1779534138028000000,1779534138022000000,1779534138025000000,1779534138029000000,1779534138060000000,1779534138093000000,32.0000,3.0000,14.5000,33.0000,65.0000,14.18,T3-T5 on Isaac clock; Network_est approximate
2026-05-23T11:02:18.1263280Z,2030,2621,0,1779534138086,1779534138060000000,1779534138060000000,1779534138054000000,1779534138084000000,1779534138086000000,1779534138093000000,1779534138126000000,33.0000,30.0000,1.5000,33.0000,66.0000,14.80,T3-T5 on Isaac clock; Network_est approximate
2026-05-23T11:02:18.1912440Z,2031,2623,0,1779534138124,1779534138126000000,1779534138126000000,1779534138120000000,1779534138120000000,1779534138124000000,1779534138158000000,1779534138191000000,32.0000,0.0000,16.0000,33.0000,65.0000,15.56,T3-T5 on Isaac clock; Network_est approximate
2026-05-23T11:02:18.2236750Z,2032,2624,0,1779534138165,1779534138158000000,1779534138158000000,1779534138152000000,1779534138160000000,1779534138165000000,1779534138191000000,1779534138223000000,33.0000,8.0000,12.5000,32.0000,65.0000,15.12,T3-T5 on Isaac clock; Network_est approximate
2026-05-23T11:02:18.2895240Z,2033,2626,0,1779534138219,1779534138223000000,1779534138223000000,1779534138217000000,1779534138218000000,1779534138219000000,1779534138256000000,1779534138289000000,33.0000,1.0000,16.0000,33.0000,66.0000,14.91,T3-T5 on Isaac clock; Network_est approximate
2026-05-23T11:02:18.3222900Z,2034,2627,0,1779534138255,1779534138256000000,1779534138256000000,1779534138250000000,1779534138254000000,1779534138255000000,1779534138289000000,1779534138322000000,33.0000,4.0000,14.5000,33.0000,66.0000,14.19,T3-T5 on Isaac clock; Network_est approximate
2026-05-23T11:02:18.3554270Z,2035,2628,0,1779534138297,1779534138289000000,1779534138289000000,1779534138283000000,1779534138294000000,1779534138297000000,1779534138322000000,1779534138355000000,33.0000,11.0000,11.0000,33.0000,66.0000,13.85,T3-T5 on Isaac clock; Network_est approximate
2026-05-23T11:02:18.4276430Z,2036,2630,0,1779534138354,1779534138355000000,1779534138355000000,1779534138349000000,1779534138353000000,1779534138354000000,1779534138397000000,1779534138427000000,42.0000,4.0000,19.0000,30.0000,72.0000,13.93,T3-T5 on Isaac clock; Network_est approximate
2026-05-23T11:02:18.4606710Z,2037,2630,0,1779534138390,1779534138355000000,1779534138355000000,1779534138349000000,1779534138387000000,1779534138390000000,1779534138427000000,1779534138460000000,72.0000,38.0000,17.0000,33.0000,105.0000,13.26,T3-T5 on Isaac clock; Network_est approximate
2026-05-23T11:02:18.4928000Z,2038,2632,0,1779534138432,1779534138427000000,1779534138427000000,1779534138421000000,1779534138428000000,1779534138432000000,1779534138460000000,1779534138492000000,33.0000,7.0000,13.0000,32.0000,65.0000,13.02,T3-T5 on Isaac clock; Network_est approximate
2026-05-23T11:02:18.5579490Z,2039,2633,0,1779534138491,1779534138460000000,1779534138460000000,1779534138455000000,1779534138487000000,1779534138491000000,1779534138525000000,1779534138557000000,65.0000,32.0000,16.5000,32.0000,97.0000,12.59,T3-T5 on Isaac clock; Network_est approximate
2026-05-23T11:02:18.6265510Z,2040,2635,0,1779534138523,1779534138524000000,1779534138524000000,1779534138519000000,1779534138521000000,1779534138523000000,1779534138557000000,1779534138626000000,33.0000,2.0000,15.5000,69.0000,102.0000,14.08,T3-T5 on Isaac clock; Network_est approximate
2026-05-23T11:02:18.6303200Z,2041,2636,0,1779534138565,1779534138557000000,1779534138557000000,1779534138551000000,1779534138562000000,1779534138565000000,1779534138626000000,1779534138630000000,69.0000,11.0000,29.0000,4.0000,73.0000,15.58,T3-T5 on Isaac clock; Network_est approximate
2026-05-23T11:02:18.6970970Z,2042,2638,0,1779534138628,1779534138630000000,1779534138630000000,1779534138624000000,1779534138624000000,1779534138628000000,1779534138663000000,1779534138697000000,33.0000,0.0000,16.5000,34.0000,67.0000,14.83,T3-T5 on Isaac clock; Network_est approximate
2026-05-23T11:02:18.7302220Z,2043,2639,0,1779534138665,1779534138663000000,1779534138663000000,1779534138657000000,1779534138660000000,1779534138665000000,1779534138696000000,1779534138730000000,33.0000,3.0000,15.0000,34.0000,67.0000,14.14,T3-T5 on Isaac clock; Network_est approximate
2026-05-23T11:02:18.7626990Z,2044,2640,0,1779534138706,1779534138696000000,1779534138696000000,1779534138690000000,1779534138701000000,1779534138706000000,1779534138730000000,1779534138762000000,34.0000,11.0000,11.5000,32.0000,66.0000,13.79,T3-T5 on Isaac clock; Network_est approximate
2026-05-23T11:02:18.8292170Z,2045,2642,0,1779534138774,1779534138762000000,1779534138762000000,1779534138759000000,1779534138773000000,1779534138774000000,1779534138795000000,1779534138829000000,33.0000,14.0000,9.5000,34.0000,67.0000,13.03,T3-T5 on Isaac clock; Network_est approximate
2026-05-23T11:02:18.8706210Z,2046,2643,0,1779534138811,1779534138795000000,1779534138795000000,1779534138789000000,1779534138811000000,1779534138811000000,1779534138829000000,1779534138870000000,34.0000,22.0000,6.0000,41.0000,75.0000,12.50,T3-T5 on Isaac clock; Network_est approximate
2026-05-23T11:02:18.9030960Z,2047,2644,0,1779534138858,1779534138828000000,1779534138828000000,1779534138822000000,1779534138853000000,1779534138858000000,1779534138870000000,1779534138903000000,42.0000,31.0000,5.5000,33.0000,75.0000,12.64,T3-T5 on Isaac clock; Network_est approximate
2026-05-23T11:02:18.9743220Z,2048,2646,0,1779534138911,1779534138902000000,1779534138902000000,1779534138896000000,1779534138911000000,1779534138911000000,1779534138942000000,1779534138974000000,40.0000,15.0000,12.5000,32.0000,72.0000,13.02,T3-T5 on Isaac clock; Network_est approximate
2026-05-23T11:02:19.0069200Z,2049,2647,0,1779534138947,1779534138942000000,1779534138942000000,1779534138936000000,1779534138945000000,1779534138947000000,1779534138974000000,1779534139006000000,32.0000,9.0000,11.5000,32.0000,64.0000,12.42,T3-T5 on Isaac clock; Network_est approximate
2026-05-23T11:02:19.0399090Z,2050,2648,0,1779534138989,1779534138974000000,1779534138974000000,1779534138968000000,1779534138985000000,1779534138989000000,1779534139006000000,1779534139039000000,32.0000,17.0000,7.5000,33.0000,65.0000,12.21,T3-T5 on Isaac clock; Network_est approximate
2026-05-23T11:02:19.1051040Z,2051,2650,0,1779534139049,1779534139039000000,1779534139039000000,1779534139033000000,1779534139044000000,1779534139049000000,1779534139072000000,1779534139105000000,33.0000,11.0000,11.0000,33.0000,66.0000,11.77,T3-T5 on Isaac clock; Network_est approximate
2026-05-23T11:02:19.1403330Z,2052,2651,0,1779534139080,1779534139072000000,1779534139072000000,1779534139066000000,1779534139078000000,1779534139080000000,1779534139105000000,1779534139140000000,33.0000,12.0000,10.5000,35.0000,68.0000,11.30,T3-T5 on Isaac clock; Network_est approximate
2026-05-23T11:02:19.1728880Z,2053,2652,0,1779534139121,1779534139104000000,1779534139104000000,1779534139099000000,1779534139120000000,1779534139121000000,1779534139140000000,1779534139172000000,36.0000,21.0000,7.5000,32.0000,68.0000,11.12,T3-T5 on Isaac clock; Network_est approximate
2026-05-23T11:02:19.2390790Z,2054,2654,0,1779534139179,1779534139172000000,1779534139172000000,1779534139166000000,1779534139179000000,1779534139179000000,1779534139205000000,1779534139239000000,33.0000,13.0000,10.0000,34.0000,67.0000,10.91,T3-T5 on Isaac clock; Network_est approximate
2026-05-23T11:02:19.2712670Z,2055,2655,0,1779534139215,1779534139205000000,1779534139205000000,1779534139199000000,1779534139214000000,1779534139215000000,1779534139239000000,1779534139271000000,34.0000,15.0000,9.5000,32.0000,66.0000,10.44,T3-T5 on Isaac clock; Network_est approximate
2026-05-23T11:02:19.3035620Z,2056,2656,0,1779534139257,1779534139238000000,1779534139238000000,1779534139232000000,1779534139254000000,1779534139257000000,1779534139271000000,1779534139303000000,33.0000,22.0000,5.5000,32.0000,65.0000,10.39,T3-T5 on Isaac clock; Network_est approximate
2026-05-23T11:02:19.3802200Z,2058,2658,0,1779534139350,1779534139303000000,1779534139303000000,1779534139297000000,1779534139346000000,1779534139350000000,1779534139376000000,1779534139380000000,73.0000,49.0000,12.0000,4.0000,77.0000,10.76,T3-T5 on Isaac clock; Network_est approximate
2026-05-23T11:02:19.4552030Z,2059,2660,0,1779534139388,1779534139380000000,1779534139380000000,1779534139374000000,1779534139387000000,1779534139388000000,1779534139412000000,1779534139455000000,32.0000,13.0000,9.5000,43.0000,75.0000,12.40,T3-T5 on Isaac clock; Network_est approximate
2026-05-23T11:02:19.5194150Z,2060,2661,0,1779534139450,1779534139412000000,1779534139412000000,1779534139406000000,1779534139446000000,1779534139450000000,1779534139486000000,1779534139519000000,74.0000,40.0000,17.0000,33.0000,107.0000,11.75,T3-T5 on Isaac clock; Network_est approximate
2026-05-23T11:02:19.5524440Z,2061,2663,0,1779534139481,1779534139485000000,1779534139485000000,1779534139480000000,1779534139480000000,1779534139481000000,1779534139519000000,1779534139552000000,34.0000,0.0000,17.0000,33.0000,67.0000,11.12,T3-T5 on Isaac clock; Network_est approximate
2026-05-23T11:02:19.5846280Z,2062,2664,0,1779534139525,1779534139519000000,1779534139519000000,1779534139513000000,1779534139521000000,1779534139525000000,1779534139552000000,1779534139584000000,33.0000,8.0000,12.5000,32.0000,65.0000,11.14,T3-T5 on Isaac clock; Network_est approximate
2026-05-23T11:02:19.6859250Z,2063,2666,0,1779534139584,1779534139584000000,1779534139584000000,1779534139579000000,1779534139580000000,1779534139584000000,1779534139617000000,1779534139685000000,33.0000,1.0000,16.0000,68.0000,101.0000,13.09,T3-T5 on Isaac clock; Network_est approximate
2026-05-23T11:02:19.6894550Z,2065,2667,0,1779534139658,1779534139616000000,1779534139616000000,1779534139611000000,1779534139654000000,1779534139658000000,1779534139685000000,1779534139689000000,69.0000,43.0000,13.0000,4.0000,73.0000,16.67,T3-T5 on Isaac clock; Network_est approximate
2026-05-23T11:02:19.7904320Z,2067,2670,0,1779534139748,1779534139722000000,1779534139722000000,1779534139716000000,1779534139747000000,1779534139748000000,1779534139756000000,1779534139790000000,34.0000,31.0000,1.5000,34.0000,68.0000,16.31,T3-T5 on Isaac clock; Network_est approximate
2026-05-23T11:02:19.8660950Z,2068,2672,0,1779534139791,1779534139790000000,1779534139790000000,1779534139784000000,1779534139788000000,1779534139791000000,1779534139823000000,1779534139866000000,33.0000,4.0000,14.5000,43.0000,76.0000,17.33,T3-T5 on Isaac clock; Network_est approximate
2026-05-23T11:02:19.9364440Z,2069,2673,0,1779534139848,1779534139823000000,1779534139823000000,1779534139817000000,1779534139847000000,1779534139848000000,1779534139866000000,1779534139936000000,43.0000,30.0000,6.5000,70.0000,113.0000,17.08,T3-T5 on Isaac clock; Network_est approximate
2026-05-23T11:02:19.9404390Z,2071,2674,0,1779534139926,1779534139865000000,1779534139865000000,1779534139860000000,1779534139922000000,1779534139926000000,1779534139936000000,1779534139940000000,71.0000,62.0000,4.5000,4.0000,75.0000,20.63,T3-T5 on Isaac clock; Network_est approximate
2026-05-23T11:02:20.0385820Z,2072,2677,0,1779534139981,1779534139972000000,1779534139972000000,1779534139967000000,1779534139980000000,1779534139981000000,1779534140005000000,1779534140038000000,33.0000,13.0000,10.0000,33.0000,66.0000,22.04,T3-T5 on Isaac clock; Network_est approximate
2026-05-23T11:02:20.0711720Z,2073,2678,0,1779534140018,1779534140005000000,1779534140005000000,1779534139999000000,1779534140014000000,1779534140018000000,1779534140038000000,1779534140071000000,33.0000,15.0000,9.0000,33.0000,66.0000,20.94,T3-T5 on Isaac clock; Network_est approximate
2026-05-23T11:02:20.1039710Z,2074,2679,0,1779534140055,1779534140038000000,1779534140038000000,1779534140032000000,1779534140055000000,1779534140055000000,1779534140071000000,1779534140103000000,33.0000,23.0000,5.0000,32.0000,65.0000,19.89,T3-T5 on Isaac clock; Network_est approximate
2026-05-23T11:02:20.1699960Z,2075,2681,0,1779534140118,1779534140103000000,1779534140103000000,1779534140097000000,1779534140113000000,1779534140118000000,1779534140137000000,1779534140169000000,34.0000,16.0000,9.0000,32.0000,66.0000,18.83,T3-T5 on Isaac clock; Network_est approximate
2026-05-23T11:02:20.2022980Z,2076,2682,0,1779534140154,1779534140136000000,1779534140136000000,1779534140131000000,1779534140149000000,1779534140154000000,1779534140169000000,1779534140202000000,33.0000,18.0000,7.5000,33.0000,66.0000,17.88,T3-T5 on Isaac clock; Network_est approximate
2026-05-23T11:02:20.2349090Z,2077,2683,0,1779534140192,1779534140169000000,1779534140169000000,1779534140163000000,1779534140189000000,1779534140192000000,1779534140202000000,1779534140234000000,33.0000,26.0000,3.5000,32.0000,65.0000,17.10,T3-T5 on Isaac clock; Network_est approximate
2026-05-23T11:02:20.3003500Z,2078,2685,0,1779534140254,1779534140234000000,1779534140234000000,1779534140228000000,1779534140249000000,1779534140254000000,1779534140268000000,1779534140300000000,34.0000,21.0000,6.5000,32.0000,66.0000,16.25,T3-T5 on Isaac clock; Network_est approximate
2026-05-23T11:02:20.3331470Z,2079,2686,0,1779534140285,1779534140268000000,1779534140268000000,1779534140262000000,1779534140283000000,1779534140285000000,1779534140300000000,1779534140333000000,32.0000,21.0000,5.5000,33.0000,65.0000,15.35,T3-T5 on Isaac clock; Network_est approximate
2026-05-23T11:02:20.3992010Z,2080,2687,0,1779534140327,1779534140300000000,1779534140300000000,1779534140294000000,1779534140324000000,1779534140327000000,1779534140366000000,1779534140399000000,66.0000,30.0000,18.0000,33.0000,99.0000,15.89,T3-T5 on Isaac clock; Network_est approximate
2026-05-23T11:02:20.4325640Z,2081,2689,0,1779534140384,1779534140365000000,1779534140365000000,1779534140360000000,1779534140382000000,1779534140384000000,1779534140399000000,1779534140432000000,34.0000,22.0000,6.0000,33.0000,67.0000,16.37,T3-T5 on Isaac clock; Network_est approximate
2026-05-23T11:02:20.4729720Z,2082,2690,0,1779534140420,1779534140398000000,1779534140399000000,1779534140393000000,1779534140416000000,1779534140420000000,1779534140432000000,1779534140472000000,33.0000,23.0000,5.0000,40.0000,74.0000,15.61,T3-T5 on Isaac clock; Network_est approximate
2026-05-23T11:02:20.5046120Z,2083,2691,0,1779534140462,1779534140432000000,1779534140432000000,1779534140426000000,1779534140457000000,1779534140462000000,1779534140472000000,1779534140504000000,40.0000,31.0000,4.5000,32.0000,72.0000,15.28,T3-T5 on Isaac clock; Network_est approximate
2026-05-23T11:02:20.5706240Z,2084,2693,0,1779534140520,1779534140504000000,1779534140504000000,1779534140498000000,1779534140517000000,1779534140520000000,1779534140537000000,1779534140570000000,33.0000,19.0000,7.0000,33.0000,66.0000,14.78,T3-T5 on Isaac clock; Network_est approximate
2026-05-23T11:02:20.6028350Z,2085,2694,0,1779534140557,1779534140537000000,1779534140537000000,1779534140531000000,1779534140552000000,1779534140557000000,1779534140570000000,1779534140602000000,33.0000,21.0000,6.0000,32.0000,65.0000,14.12,T3-T5 on Isaac clock; Network_est approximate
2026-05-23T11:02:20.6365310Z,2086,2695,0,1779534140594,1779534140569000000,1779534140569000000,1779534140563000000,1779534140593000000,1779534140594000000,1779534140602000000,1779534140636000000,33.0000,30.0000,1.5000,34.0000,67.0000,13.47,T3-T5 on Isaac clock; Network_est approximate
2026-05-23T11:02:20.7006270Z,2087,2697,0,1779534140656,1779534140635000000,1779534140635000000,1779534140629000000,1779534140652000000,1779534140656000000,1779534140668000000,1779534140700000000,33.0000,23.0000,5.0000,32.0000,65.0000,12.80,T3-T5 on Isaac clock; Network_est approximate
2026-05-23T11:02:20.7695380Z,2088,2698,0,1779534140692,1779534140668000000,1779534140668000000,1779534140662000000,1779534140689000000,1779534140692000000,1779534140700000000,1779534140769000000,32.0000,27.0000,2.5000,69.0000,101.0000,14.05,T3-T5 on Isaac clock; Network_est approximate
2026-05-23T11:02:20.7741580Z,2089,2699,0,1779534140734,1779534140700000000,1779534140700000000,1779534140694000000,1779534140729000000,1779534140734000000,1779534140769000000,1779534140774000000,69.0000,35.0000,17.0000,5.0000,74.0000,15.48,T3-T5 on Isaac clock; Network_est approximate
2026-05-23T11:02:20.8746540Z,2090,2701,0,1779534140789,1779534140774000000,1779534140774000000,1779534140768000000,1779534140788000000,1779534140789000000,1779534140808000000,1779534140874000000,34.0000,20.0000,7.0000,66.0000,100.0000,17.35,T3-T5 on Isaac clock; Network_est approximate
2026-05-23T11:02:20.8798140Z,2092,2702,0,1779534140862,1779534140807000000,1779534140807000000,1779534140801000000,1779534140862000000,1779534140862000000,1779534140874000000,1779534140879000000,67.0000,61.0000,3.0000,5.0000,72.0000,20.49,T3-T5 on Isaac clock; Network_est approximate
2026-05-23T11:02:20.9767660Z,2093,2705,0,1779534140925,1779534140910000000,1779534140910000000,1779534140904000000,1779534140921000000,1779534140925000000,1779534140944000000,1779534140976000000,34.0000,17.0000,8.5000,32.0000,66.0000,21.33,T3-T5 on Isaac clock; Network_est approximate
2026-05-23T11:02:21.0194410Z,2094,2706,0,1779534140956,1779534140943000000,1779534140944000000,1779534140939000000,1779534140955000000,1779534140956000000,1779534140976000000,1779534141019000000,32.0000,16.0000,8.0000,43.0000,76.0000,20.73,T3-T5 on Isaac clock; Network_est approximate
2026-05-23T11:02:21.0899090Z,2095,2707,0,1779534140998,1779534140976000000,1779534140976000000,1779534140970000000,1779534140995000000,1779534140998000000,1779534141019000000,1779534141089000000,43.0000,25.0000,9.0000,70.0000,113.0000,21.21,T3-T5 on Isaac clock; Network_est approximate
2026-05-23T11:02:21.0939230Z,2096,2708,0,1779534141055,1779534141019000000,1779534141019000000,1779534141013000000,1779534141054000000,1779534141055000000,1779534141089000000,1779534141093000000,70.0000,41.0000,14.5000,4.0000,74.0000,23.19,T3-T5 on Isaac clock; Network_est approximate
2026-05-23T11:02:21.1981010Z,2098,2710,0,1779534141134,1779534141093000000,1779534141093000000,1779534141087000000,1779534141129000000,1779534141134000000,1779534141189000000,1779534141198000000,96.0000,42.0000,27.0000,9.0000,105.0000,23.31,T3-T5 on Isaac clock; Network_est approximate
2026-05-23T11:02:21.2603160Z,2099,2711,0,1779534141193,1779534141189000000,1779534141189000000,1779534141183000000,1779534141188000000,1779534141193000000,1779534141227000000,1779534141260000000,38.0000,5.0000,16.5000,33.0000,71.0000,22.05,T3-T5 on Isaac clock; Network_est approximate
2026-05-23T11:02:21.2922150Z,2100,2713,0,1779534141224,1779534141227000000,1779534141227000000,1779534141221000000,1779534141223000000,1779534141224000000,1779534141260000000,1779534141292000000,33.0000,2.0000,15.5000,32.0000,65.0000,20.74,T3-T5 on Isaac clock; Network_est approximate
2026-05-23T11:02:21.3245880Z,2101,2714,0,1779534141265,1779534141260000000,1779534141260000000,1779534141254000000,1779534141263000000,1779534141265000000,1779534141292000000,1779534141324000000,32.0000,9.0000,11.5000,32.0000,64.0000,19.98,T3-T5 on Isaac clock; Network_est approximate
2026-05-23T11:02:21.3901630Z,2102,2716,0,1779534141326,1779534141324000000,1779534141324000000,1779534141318000000,1779534141322000000,1779534141326000000,1779534141358000000,1779534141390000000,34.0000,4.0000,15.0000,32.0000,66.0000,19.02,T3-T5 on Isaac clock; Network_est approximate
2026-05-23T11:02:21.4229050Z,2103,2717,0,1779534141358,1779534141357000000,1779534141357000000,1779534141352000000,1779534141356000000,1779534141358000000,1779534141390000000,1779534141422000000,33.0000,4.0000,14.5000,32.0000,65.0000,17.87,T3-T5 on Isaac clock; Network_est approximate
2026-05-23T11:02:21.4577730Z,2104,2718,0,1779534141399,1779534141389000000,1779534141389000000,1779534141384000000,1779534141396000000,1779534141399000000,1779534141422000000,1779534141457000000,33.0000,12.0000,10.5000,35.0000,68.0000,17.14,T3-T5 on Isaac clock; Network_est approximate
2026-05-23T11:02:21.5349570Z,2106,2720,0,1779534141492,1779534141457000000,1779534141457000000,1779534141451000000,1779534141490000000,1779534141492000000,1779534141531000000,1779534141534000000,74.0000,39.0000,17.5000,3.0000,77.0000,17.05,T3-T5 on Isaac clock; Network_est approximate
2026-05-23T11:02:21.6020600Z,2107,2722,0,1779534141533,1779534141534000000,1779534141534000000,1779534141528000000,1779534141531000000,1779534141533000000,1779534141569000000,1779534141602000000,35.0000,3.0000,16.0000,33.0000,68.0000,17.61,T3-T5 on Isaac clock; Network_est approximate
2026-05-23T11:02:21.6798450Z,2108,2723,0,1779534141591,1779534141569000000,1779534141569000000,1779534141563000000,1779534141590000000,1779534141591000000,1779534141601000000,1779534141679000000,32.0000,27.0000,2.5000,78.0000,110.0000,17.74,T3-T5 on Isaac clock; Network_est approximate
2026-05-23T11:02:21.6846040Z,2110,2724,0,1779534141668,1779534141601000000,1779534141601000000,1779534141595000000,1779534141667000000,1779534141668000000,1779534141679000000,1779534141684000000,78.0000,72.0000,3.0000,5.0000,83.0000,21.15,T3-T5 on Isaac clock; Network_est approximate
2026-05-23T11:02:21.7814170Z,2111,2727,0,1779534141731,1779534141714000000,1779534141714000000,1779534141708000000,1779534141727000000,1779534141731000000,1779534141748000000,1779534141781000000,34.0000,19.0000,7.5000,33.0000,67.0000,21.93,T3-T5 on Isaac clock; Network_est approximate
2026-05-23T11:02:21.8492590Z,2112,2728,0,1779534141764,1779534141747000000,1779534141747000000,1779534141742000000,1779534141763000000,1779534141764000000,1779534141781000000,1779534141849000000,34.0000,21.0000,6.5000,68.0000,102.0000,22.75,T3-T5 on Isaac clock; Network_est approximate
2026-05-23T11:02:21.8544130Z,2113,2729,0,1779534141806,1779534141781000000,1779534141781000000,1779534141775000000,1779534141805000000,1779534141806000000,1779534141849000000,1779534141854000000,68.0000,30.0000,19.0000,5.0000,73.0000,23.64,T3-T5 on Isaac clock; Network_est approximate
2026-05-23T11:02:21.9214140Z,2114,2731,0,1779534141869,1779534141854000000,1779534141854000000,1779534141848000000,1779534141865000000,1779534141869000000,1779534141888000000,1779534141921000000,34.0000,17.0000,8.5000,33.0000,67.0000,22.41,T3-T5 on Isaac clock; Network_est approximate
2026-05-23T11:02:21.9543990Z,2115,2732,0,1779534141905,1779534141887000000,1779534141887000000,1779534141882000000,1779534141901000000,1779534141905000000,1779534141921000000,1779534141954000000,34.0000,19.0000,7.5000,33.0000,67.0000,21.18,T3-T5 on Isaac clock; Network_est approximate
2026-05-23T11:02:22.0279830Z,2116,2733,0,1779534141948,1779534141920000000,1779534141921000000,1779534141915000000,1779534141944000000,1779534141948000000,1779534141987000000,1779534142027000000,66.0000,29.0000,18.5000,40.0000,107.0000,21.77,T3-T5 on Isaac clock; Network_est approximate
2026-05-23T11:02:22.0596140Z,2117,2735,0,1779534142006,1779534141987000000,1779534141987000000,1779534141981000000,1779534142001000000,1779534142006000000,1779534142027000000,1779534142059000000,40.0000,20.0000,10.0000,32.0000,72.0000,22.06,T3-T5 on Isaac clock; Network_est approximate
2026-05-23T11:02:22.0920490Z,2118,2736,0,1779534142037,1779534142027000000,1779534142027000000,1779534142022000000,1779534142036000000,1779534142037000000,1779534142059000000,1779534142092000000,32.0000,14.0000,9.0000,33.0000,65.0000,20.77,T3-T5 on Isaac clock; Network_est approximate
2026-05-23T11:02:22.1250410Z,2119,2737,0,1779534142079,1779534142059000000,1779534142059000000,1779534142053000000,1779534142076000000,1779534142079000000,1779534142091000000,1779534142125000000,32.0000,23.0000,4.5000,34.0000,66.0000,20.06,T3-T5 on Isaac clock; Network_est approximate
2026-05-23T11:02:22.1970120Z,2120,2739,0,1779534142136,1779534142124000000,1779534142124000000,1779534142118000000,1779534142135000000,1779534142136000000,1779534142157000000,1779534142197000000,33.0000,17.0000,8.0000,40.0000,73.0000,19.76,T3-T5 on Isaac clock; Network_est approximate
2026-05-23T11:02:22.2225770Z,2121,2740,0,1779534142179,1779534142157000000,1779534142157000000,1779534142151000000,1779534142174000000,1779534142179000000,1779534142196000000,1779534142222000000,39.0000,23.0000,8.0000,26.0000,65.0000,19.61,T3-T5 on Isaac clock; Network_est approximate
2026-05-23T11:02:22.3507080Z,2124,2742,0,1779534142309,1779534142222000000,1779534142222000000,1779534142216000000,1779534142307000000,1779534142309000000,1779534142343000000,1779534142350000000,121.0000,91.0000,15.0000,7.0000,128.0000,18.50,T3-T5 on Isaac clock; Network_est approximate
2026-05-23T11:02:22.4132330Z,2125,2744,0,1779534142352,1779534142350000000,1779534142350000000,1779534142344000000,1779534142348000000,1779534142352000000,1779534142380000000,1779534142413000000,30.0000,4.0000,13.0000,33.0000,63.0000,18.56,T3-T5 on Isaac clock; Network_est approximate
2026-05-23T11:02:22.4787960Z,2126,2745,0,1779534142410,1779534142380000000,1779534142380000000,1779534142375000000,1779534142406000000,1779534142410000000,1779534142445000000,1779534142478000000,65.0000,31.0000,17.0000,33.0000,98.0000,17.87,T3-T5 on Isaac clock; Network_est approximate
2026-05-23T11:02:22.5883550Z,2127,2747,0,1779534142442,1779534142445000000,1779534142445000000,1779534142439000000,1779534142441000000,1779534142442000000,1779534142478000000,1779534142588000000,33.0000,2.0000,15.5000,110.0000,143.0000,21.59,T3-T5 on Isaac clock; Network_est approximate
2026-05-23T11:02:22.5943590Z,2130,2748,0,1779534142577,1779534142478000000,1779534142478000000,1779534142472000000,1779534142572000000,1779534142577000000,1779534142588000000,1779534142594000000,110.0000,100.0000,5.0000,6.0000,116.0000,28.29,T3-T5 on Isaac clock; Network_est approximate
2026-05-23T11:02:22.6616880Z,2131,2750,0,1779534142617,1779534142594000000,1779534142594000000,1779534142588000000,1779534142613000000,1779534142617000000,1779534142625000000,1779534142661000000,31.0000,25.0000,3.0000,36.0000,67.0000,28.23,T3-T5 on Isaac clock; Network_est approximate
2026-05-23T11:02:22.7329270Z,2132,2752,0,1779534142673,1779534142661000000,1779534142661000000,1779534142655000000,1779534142672000000,1779534142673000000,1779534142697000000,1779534142732000000,36.0000,17.0000,9.5000,35.0000,71.0000,27.41,T3-T5 on Isaac clock; Network_est approximate
2026-05-23T11:02:22.7664770Z,2133,2753,0,1779534142710,1779534142697000000,1779534142697000000,1779534142691000000,1779534142707000000,1779534142710000000,1779534142732000000,1779534142766000000,35.0000,16.0000,9.5000,34.0000,69.0000,25.91,T3-T5 on Isaac clock; Network_est approximate
2026-05-23T11:02:22.8027840Z,2134,2754,0,1779534142752,1779534142732000000,1779534142732000000,1779534142726000000,1779534142747000000,1779534142752000000,1779534142766000000,1779534142802000000,34.0000,21.0000,6.5000,36.0000,70.0000,24.65,T3-T5 on Isaac clock; Network_est approximate
2026-05-23T11:02:22.9230850Z,2137,2756,0,1779534142886,1779534142802000000,1779534142802000000,1779534142796000000,1779534142881000000,1779534142886000000,1779534142915000000,1779534142923000000,113.0000,85.0000,14.0000,8.0000,121.0000,23.96,T3-T5 on Isaac clock; Network_est approximate
2026-05-23T11:02:22.9908520Z,2138,2758,0,1779534142944,1779534142922000000,1779534142922000000,1779534142916000000,1779534142940000000,1779534142944000000,1779534142957000000,1779534142990000000,35.0000,24.0000,5.5000,33.0000,68.0000,23.07,T3-T5 on Isaac clock; Network_est approximate
2026-05-23T11:02:23.0325860Z,2139,2759,0,1779534142976,1779534142957000000,1779534142957000000,1779534142951000000,1779534142974000000,1779534142976000000,1779534142990000000,1779534143032000000,33.0000,23.0000,5.0000,42.0000,75.0000,22.24,T3-T5 on Isaac clock; Network_est approximate
2026-05-23T11:02:23.0637420Z,2140,2760,0,1779534143018,1779534142990000000,1779534142990000000,1779534142984000000,1779534143015000000,1779534143018000000,1779534143032000000,1779534143063000000,42.0000,31.0000,5.5000,31.0000,73.0000,21.52,T3-T5 on Isaac clock; Network_est approximate
2026-05-23T11:02:23.1380790Z,2142,2762,0,1779534143112,1779534143063000000,1779534143063000000,1779534143057000000,1779534143108000000,1779534143112000000,1779534143134000000,1779534143138000000,71.0000,51.0000,10.0000,4.0000,75.0000,21.40,T3-T5 on Isaac clock; Network_est approximate
2026-05-23T11:02:23.2071400Z,2143,2764,0,1779534143150,1779534143137000000,1779534143137000000,1779534143131000000,1779534143148000000,1779534143150000000,1779534143173000000,1779534143207000000,36.0000,17.0000,9.5000,34.0000,70.0000,21.99,T3-T5 on Isaac clock; Network_est approximate
2026-05-23T11:02:23.2724430Z,2144,2766,0,1779534143208,1779534143206000000,1779534143206000000,1779534143201000000,1779534143208000000,1779534143208000000,1779534143239000000,1779534143272000000,33.0000,7.0000,13.0000,33.0000,66.0000,21.06,T3-T5 on Isaac clock; Network_est approximate
2026-05-23T11:02:23.3050070Z,2145,2767,0,1779534143244,1779534143239000000,1779534143239000000,1779534143233000000,1779534143243000000,1779534143244000000,1779534143272000000,1779534143305000000,33.0000,10.0000,11.5000,33.0000,66.0000,19.95,T3-T5 on Isaac clock; Network_est approximate
2026-05-23T11:02:23.3377320Z,2146,2768,0,1779534143287,1779534143272000000,1779534143272000000,1779534143266000000,1779534143283000000,1779534143287000000,1779534143304000000,1779534143337000000,32.0000,17.0000,7.5000,33.0000,65.0000,19.34,T3-T5 on Isaac clock; Network_est approximate
2026-05-23T11:02:23.4023510Z,2147,2770,0,1779534143346,1779534143337000000,1779534143337000000,1779534143331000000,1779534143342000000,1779534143346000000,1779534143370000000,1779534143402000000,33.0000,11.0000,11.0000,32.0000,65.0000,18.49,T3-T5 on Isaac clock; Network_est approximate
2026-05-23T11:02:23.4354340Z,2148,2771,0,1779534143377,1779534143370000000,1779534143370000000,1779534143364000000,1779534143376000000,1779534143377000000,1779534143402000000,1779534143435000000,32.0000,12.0000,10.0000,33.0000,65.0000,17.46,T3-T5 on Isaac clock; Network_est approximate
2026-05-23T11:02:23.4681240Z,2149,2772,0,1779534143419,1779534143402000000,1779534143402000000,1779534143396000000,1779534143417000000,1779534143419000000,1779534143435000000,1779534143468000000,33.0000,21.0000,6.0000,33.0000,66.0000,16.94,T3-T5 on Isaac clock; Network_est approximate
2026-05-23T11:02:23.5473990Z,2151,2774,0,1779534143509,1779534143467000000,1779534143467000000,1779534143463000000,1779534143509000000,1779534143509000000,1779534143541000000,1779534143547000000,74.0000,46.0000,14.0000,6.0000,80.0000,16.56,T3-T5 on Isaac clock; Network_est approximate
2026-05-23T11:02:23.6655340Z,2152,2776,0,1779534143553,1779534143547000000,1779534143547000000,1779534143541000000,1779534143549000000,1779534143553000000,1779534143589000000,1779534143665000000,42.0000,8.0000,17.0000,76.0000,118.0000,20.16,T3-T5 on Isaac clock; Network_est approximate
