utc_iso,unix_ms,received_queue_size
2026-05-23T17:56:37.5515270Z,1779558997551,0
2026-05-23T17:56:38.3584470Z,1779558998358,0
2026-05-23T17:56:38.4071610Z,1779558998407,0
2026-05-23T17:56:38.4469230Z,1779558998446,0
2026-05-23T17:56:38.4840750Z,1779558998484,0
2026-05-23T17:56:38.5214260Z,1779558998521,0
2026-05-23T17:56:38.5573650Z,1779558998557,0
2026-05-23T17:56:38.5938340Z,1779558998593,0
2026-05-23T17:56:38.6304180Z,1779558998630,0
2026-05-23T17:56:38.6675360Z,1779558998667,0
2026-05-23T17:56:38.7038900Z,1779558998703,0
2026-05-23T17:56:38.7398420Z,1779558998739,0
2026-05-23T17:56:38.7760110Z,1779558998776,0
2026-05-23T17:56:38.8146200Z,1779558998814,0
2026-05-23T17:56:38.8525450Z,1779558998852,0
2026-05-23T17:56:38.8918860Z,1779558998891,0
2026-05-23T17:56:38.9450430Z,1779558998945,0
2026-05-23T17:56:38.9852590Z,1779558998985,0
2026-05-23T17:56:39.0242640Z,1779558999024,0
2026-05-23T17:56:39.0653640Z,1779558999065,0
2026-05-23T17:56:39.1071760Z,1779558999107,0
2026-05-23T17:56:39.1453040Z,1779558999145,0
2026-05-23T17:56:39.1830200Z,1779558999183,0
2026-05-23T17:56:39.2252600Z,1779558999225,0
2026-05-23T17:56:39.2619410Z,1779558999261,0
2026-05-23T17:56:39.2967970Z,1779558999296,0
2026-05-23T17:56:39.3350210Z,1779558999335,0
2026-05-23T17:56:39.3719140Z,1779558999371,0
2026-05-23T17:56:39.4076620Z,1779558999407,0
2026-05-23T17:56:39.4439280Z,1779558999443,0
2026-05-23T17:56:39.4798160Z,1779558999479,0
2026-05-23T17:56:39.5164600Z,1779558999516,0
2026-05-23T17:56:39.5547890Z,1779558999554,0
2026-05-23T17:56:39.5910630Z,1779558999591,0
2026-05-23T17:56:39.6274370Z,1779558999627,0
2026-05-23T17:56:39.6636870Z,1779558999663,0
2026-05-23T17:56:39.6994910Z,1779558999699,0
2026-05-23T17:56:39.7342790Z,1779558999734,0
2026-05-23T17:56:39.7686660Z,1779558999768,0
2026-05-23T17:56:39.8042000Z,1779558999804,0
2026-05-23T17:56:39.8427220Z,1779558999842,0
2026-05-23T17:56:39.8799330Z,1779558999879,0
2026-05-23T17:56:39.9159740Z,1779558999915,0
2026-05-23T17:56:39.9507260Z,1779558999950,0
2026-05-23T17:56:39.9851690Z,1779558999985,0
2026-05-23T17:56:40.0194170Z,1779559000019,0
2026-05-23T17:56:40.0542580Z,1779559000054,0
2026-05-23T17:56:40.0888960Z,1779559000088,0
2026-05-23T17:56:40.1233670Z,1779559000123,0
2026-05-23T17:56:40.1585390Z,1779559000158,0
2026-05-23T17:56:40.1934950Z,1779559000193,0
2026-05-23T17:56:40.2312850Z,1779559000231,0
2026-05-23T17:56:40.2779520Z,1779559000277,0
2026-05-23T17:56:40.3371830Z,1779559000337,0
2026-05-23T17:56:40.3858310Z,1779559000385,0
2026-05-23T17:56:40.4238590Z,1779559000423,0
2026-05-23T17:56:40.4708110Z,1779559000470,0
2026-05-23T17:56:40.5069040Z,1779559000506,0
2026-05-23T17:56:40.5415380Z,1779559000541,0
2026-05-23T17:56:40.5763110Z,1779559000576,0
2026-05-23T17:56:40.6107560Z,1779559000610,0
2026-05-23T17:56:40.6454990Z,1779559000645,0
2026-05-23T17:56:40.6797240Z,1779559000679,0
2026-05-23T17:56:40.7141510Z,1779559000714,0
2026-05-23T17:56:40.7514190Z,1779559000751,0
2026-05-23T17:56:40.7877110Z,1779559000787,0
2026-05-23T17:56:40.8222860Z,1779559000822,0
2026-05-23T17:56:40.8566740Z,1779559000856,0
2026-05-23T17:56:40.8912410Z,1779559000891,0
2026-05-23T17:56:40.9256330Z,1779559000925,0
2026-05-23T17:56:40.9600650Z,1779559000960,0
2026-05-23T17:56:40.9945870Z,1779559000994,0
2026-05-23T17:56:41.0288320Z,1779559001028,0
2026-05-23T17:56:41.0660950Z,1779559001066,0
2026-05-23T17:56:41.1124060Z,1779559001112,0
2026-05-23T17:56:41.1506010Z,1779559001150,0
2026-05-23T17:56:41.1876990Z,1779559001187,0
2026-05-23T17:56:41.2256770Z,1779559001225,0
2026-05-23T17:56:41.2610800Z,1779559001261,0
2026-05-23T17:56:41.2953380Z,1779559001295,0
2026-05-23T17:56:41.3296950Z,1779559001329,0
2026-05-23T17:56:41.3672900Z,1779559001367,0
2026-05-23T17:56:41.4031970Z,1779559001403,0
2026-05-23T17:56:41.4388620Z,1779559001438,0
2026-05-23T17:56:41.4750950Z,1779559001475,0
2026-05-23T17:56:41.5152220Z,1779559001515,0
2026-05-23T17:56:41.5527100Z,1779559001552,0
2026-05-23T17:56:41.5893430Z,1779559001589,0
2026-05-23T17:56:41.6333700Z,1779559001633,0
2026-05-23T17:56:41.6767380Z,1779559001676,0
2026-05-23T17:56:41.7130480Z,1779559001713,0
2026-05-23T17:56:41.7476290Z,1779559001747,0
2026-05-23T17:56:41.7822640Z,1779559001782,0
2026-05-23T17:56:41.8191720Z,1779559001819,0
2026-05-23T17:56:41.8551260Z,1779559001855,0
2026-05-23T17:56:41.8908300Z,1779559001890,0
2026-05-23T17:56:41.9262640Z,1779559001926,0
2026-05-23T17:56:41.9625460Z,1779559001962,0
2026-05-23T17:56:41.9983570Z,1779559001998,0
2026-05-23T17:56:42.0331010Z,1779559002033,0
2026-05-23T17:56:42.0677340Z,1779559002067,0
2026-05-23T17:56:42.1138020Z,1779559002113,0
2026-05-23T17:56:42.1568340Z,1779559002156,0
2026-05-23T17:56:42.1976580Z,1779559002197,0
2026-05-23T17:56:42.2382260Z,1779559002238,0
2026-05-23T17:56:42.2778280Z,1779559002277,0
2026-05-23T17:56:42.3154420Z,1779559002315,0
2026-05-23T17:56:42.3503920Z,1779559002350,0
2026-05-23T17:56:42.3849510Z,1779559002384,0
2026-05-23T17:56:42.4195510Z,1779559002419,0
2026-05-23T17:56:42.4547170Z,1779559002454,0
2026-05-23T17:56:42.4897220Z,1779559002489,0
2026-05-23T17:56:42.5324730Z,1779559002532,0
2026-05-23T17:56:42.5681470Z,1779559002568,0
2026-05-23T17:56:42.6058560Z,1779559002605,0
2026-05-23T17:56:42.6483280Z,1779559002648,0
2026-05-23T17:56:42.6859710Z,1779559002685,0
2026-05-23T17:56:42.7222170Z,1779559002722,0
2026-05-23T17:56:42.7621380Z,1779559002762,0
2026-05-23T17:56:42.7995310Z,1779559002799,0
2026-05-23T17:56:42.8375760Z,1779559002837,0
2026-05-23T17:56:42.8734980Z,1779559002873,0
2026-05-23T17:56:42.9146270Z,1779559002914,0
2026-05-23T17:56:42.9517320Z,1779559002951,0
2026-05-23T17:56:43.0138860Z,1779559003013,0
2026-05-23T17:56:43.0520870Z,1779559003052,0
2026-05-23T17:56:43.0906330Z,1779559003090,0
2026-05-23T17:56:43.1347200Z,1779559003134,0
2026-05-23T17:56:43.2027270Z,1779559003202,0
2026-05-23T17:56:43.2458820Z,1779559003245,0
2026-05-23T17:56:43.2893200Z,1779559003289,0
2026-05-23T17:56:43.3262450Z,1779559003326,0
2026-05-23T17:56:43.3622540Z,1779559003362,0
2026-05-23T17:56:43.3981350Z,1779559003398,0
2026-05-23T17:56:43.4351010Z,1779559003435,0
2026-05-23T17:56:43.4723720Z,1779559003472,0
2026-05-23T17:56:43.5081280Z,1779559003508,0
2026-05-23T17:56:43.5444280Z,1779559003544,0
2026-05-23T17:56:43.5807730Z,1779559003580,0
2026-05-23T17:56:43.6234200Z,1779559003623,0
2026-05-23T17:56:43.6678960Z,1779559003667,0
2026-05-23T17:56:43.7069030Z,1779559003706,0
2026-05-23T17:56:43.7424150Z,1779559003742,0
2026-05-23T17:56:43.7785500Z,1779559003778,0
2026-05-23T17:56:43.8151590Z,1779559003815,0
2026-05-23T17:56:43.8519740Z,1779559003851,0
2026-05-23T17:56:43.8880510Z,1779559003888,0
2026-05-23T17:56:43.9436040Z,1779559003943,0
2026-05-23T17:56:43.9475310Z,1779559003947,0
2026-05-23T17:56:43.9803140Z,1779559003980,0
2026-05-23T17:56:44.0127710Z,1779559004012,0
2026-05-23T17:56:44.0451220Z,1779559004045,0
2026-05-23T17:56:44.1185960Z,1779559004118,0
2026-05-23T17:56:44.1229860Z,1779559004122,0
2026-05-23T17:56:44.1942830Z,1779559004194,1
2026-05-23T17:56:44.2008020Z,1779559004200,0
2026-05-23T17:56:44.2339830Z,1779559004233,1
2026-05-23T17:56:44.2672850Z,1779559004267,1
2026-05-23T17:56:44.2993940Z,1779559004299,0
2026-05-23T17:56:44.3318820Z,1779559004331,1
2026-05-23T17:56:44.3969480Z,1779559004396,2
2026-05-23T17:56:44.4001880Z,1779559004400,0
2026-05-23T17:56:44.4341600Z,1779559004434,1
2026-05-23T17:56:44.4663230Z,1779559004466,1
2026-05-23T17:56:44.4991260Z,1779559004499,1
2026-05-23T17:56:44.5316160Z,1779559004531,0
2026-05-23T17:56:44.5636700Z,1779559004563,1
2026-05-23T17:56:44.5955290Z,1779559004595,1
2026-05-23T17:56:44.6281000Z,1779559004628,1
2026-05-23T17:56:44.6607320Z,1779559004660,0
2026-05-23T17:56:44.7010410Z,1779559004701,1
2026-05-23T17:56:44.7701120Z,1779559004770,2
2026-05-23T17:56:44.7736250Z,1779559004773,0
2026-05-23T17:56:44.8050190Z,1779559004805,1
2026-05-23T17:56:44.8373670Z,1779559004837,0
2026-05-23T17:56:44.8694700Z,1779559004869,1
2026-05-23T17:56:44.9024860Z,1779559004902,1
2026-05-23T17:56:44.9336920Z,1779559004933,1
2026-05-23T17:56:44.9659570Z,1779559004965,1
2026-05-23T17:56:44.9980690Z,1779559004998,0
2026-05-23T17:56:45.0300710Z,1779559005030,1
2026-05-23T17:56:45.0624350Z,1779559005062,1
2026-05-23T17:56:45.0944140Z,1779559005094,1
2026-05-23T17:56:45.1266280Z,1779559005126,1
2026-05-23T17:56:45.1590960Z,1779559005159,0
2026-05-23T17:56:45.1921820Z,1779559005192,1
2026-05-23T17:56:45.2324250Z,1779559005232,1
2026-05-23T17:56:45.3015730Z,1779559005301,1
2026-05-23T17:56:45.3053780Z,1779559005305,0
2026-05-23T17:56:45.3369660Z,1779559005336,1
2026-05-23T17:56:45.3689120Z,1779559005368,1
2026-05-23T17:56:45.4014200Z,1779559005401,1
2026-05-23T17:56:45.4333420Z,1779559005433,1
2026-05-23T17:56:45.4657140Z,1779559005465,1
2026-05-23T17:56:45.4976960Z,1779559005497,0
2026-05-23T17:56:45.5297210Z,1779559005529,1
2026-05-23T17:56:45.5620880Z,1779559005562,1
2026-05-23T17:56:45.5940060Z,1779559005594,1
2026-05-23T17:56:45.6262970Z,1779559005626,0
2026-05-23T17:56:45.6585900Z,1779559005658,1
2026-05-23T17:56:45.6989530Z,1779559005698,1
2026-05-23T17:56:45.7300680Z,1779559005730,1
2026-05-23T17:56:45.7700920Z,1779559005770,1
2026-05-23T17:56:45.8014190Z,1779559005801,0
2026-05-23T17:56:45.8333680Z,1779559005833,1
2026-05-23T17:56:45.8656520Z,1779559005865,1
2026-05-23T17:56:45.8976850Z,1779559005897,1
2026-05-23T17:56:45.9301220Z,1779559005930,0
2026-05-23T17:56:45.9619330Z,1779559005961,1
2026-05-23T17:56:45.9939120Z,1779559005993,1
2026-05-23T17:56:46.0261680Z,1779559006026,1
2026-05-23T17:56:46.0580110Z,1779559006058,0
2026-05-23T17:56:46.0898550Z,1779559006089,1
2026-05-23T17:56:46.1235610Z,1779559006123,1
2026-05-23T17:56:46.1576480Z,1779559006157,1
2026-05-23T17:56:46.2283290Z,1779559006228,2
2026-05-23T17:56:46.2321180Z,1779559006232,0
2026-05-23T17:56:46.3034370Z,1779559006303,1
2026-05-23T17:56:46.3075840Z,1779559006307,0
2026-05-23T17:56:46.3388860Z,1779559006338,1
2026-05-23T17:56:46.3710460Z,1779559006371,1
2026-05-23T17:56:46.4034690Z,1779559006403,1
2026-05-23T17:56:46.4351780Z,1779559006435,0
2026-05-23T17:56:46.4671460Z,1779559006467,1
2026-05-23T17:56:46.4992570Z,1779559006499,1
2026-05-23T17:56:46.5317920Z,1779559006531,1
2026-05-23T17:56:46.5633660Z,1779559006563,0
2026-05-23T17:56:46.5955550Z,1779559006595,1
2026-05-23T17:56:46.6277520Z,1779559006627,1
2026-05-23T17:56:46.6600350Z,1779559006660,1
2026-05-23T17:56:46.6932350Z,1779559006693,0
2026-05-23T17:56:46.7641580Z,1779559006764,2
2026-05-23T17:56:46.7674410Z,1779559006767,0
2026-05-23T17:56:46.7997610Z,1779559006799,1
2026-05-23T17:56:46.8393200Z,1779559006839,1
2026-05-23T17:56:46.8701720Z,1779559006870,1
2026-05-23T17:56:46.9025580Z,1779559006902,0
2026-05-23T17:56:46.9344910Z,1779559006934,1
2026-05-23T17:56:46.9668310Z,1779559006966,1
2026-05-23T17:56:46.9990650Z,1779559006999,1
2026-05-23T17:56:47.0311680Z,1779559007031,0
2026-05-23T17:56:47.0641790Z,1779559007064,1
2026-05-23T17:56:47.0952100Z,1779559007095,1
2026-05-23T17:56:47.1274370Z,1779559007127,1
2026-05-23T17:56:47.1595320Z,1779559007159,0
2026-05-23T17:56:47.1922340Z,1779559007192,1
2026-05-23T17:56:47.2246700Z,1779559007224,1
2026-05-23T17:56:47.2652870Z,1779559007265,1
2026-05-23T17:56:47.2961520Z,1779559007296,1
2026-05-23T17:56:47.3290430Z,1779559007329,0
2026-05-23T17:56:47.3686990Z,1779559007368,1
2026-05-23T17:56:47.3993080Z,1779559007399,1
2026-05-23T17:56:47.4317610Z,1779559007431,1
2026-05-23T17:56:47.4636290Z,1779559007463,0
2026-05-23T17:56:47.4957490Z,1779559007495,1
2026-05-23T17:56:47.5278980Z,1779559007527,1
2026-05-23T17:56:47.5601060Z,1779559007560,1
2026-05-23T17:56:47.5926160Z,1779559007592,0
2026-05-23T17:56:47.6248530Z,1779559007624,1
2026-05-23T17:56:47.6571980Z,1779559007657,1
2026-05-23T17:56:47.6905530Z,1779559007690,1
2026-05-23T17:56:47.7333360Z,1779559007733,1
2026-05-23T17:56:47.7667740Z,1779559007766,1
2026-05-23T17:56:47.8089530Z,1779559007808,1
2026-05-23T17:56:47.8422740Z,1779559007842,0
2026-05-23T17:56:47.8765010Z,1779559007876,1
2026-05-23T17:56:47.9117290Z,1779559007911,1
2026-05-23T17:56:47.9460530Z,1779559007946,1
2026-05-23T17:56:47.9806930Z,1779559007980,0
2026-05-23T17:56:48.0165240Z,1779559008016,1
2026-05-23T17:56:48.0524240Z,1779559008052,1
2026-05-23T17:56:48.0846470Z,1779559008084,1
2026-05-23T17:56:48.1181070Z,1779559008118,1
2026-05-23T17:56:48.1514260Z,1779559008151,1
2026-05-23T17:56:48.1850790Z,1779559008185,1
2026-05-23T17:56:48.2190550Z,1779559008219,0
2026-05-23T17:56:48.2528760Z,1779559008252,1
2026-05-23T17:56:48.2947650Z,1779559008294,1
2026-05-23T17:56:48.3274040Z,1779559008327,1
2026-05-23T17:56:48.3667970Z,1779559008366,1
2026-05-23T17:56:48.3993740Z,1779559008399,1
2026-05-23T17:56:48.4326810Z,1779559008432,0
2026-05-23T17:56:48.4655900Z,1779559008465,1
2026-05-23T17:56:48.4987970Z,1779559008498,1
2026-05-23T17:56:48.5323530Z,1779559008532,1
2026-05-23T17:56:48.5652030Z,1779559008565,1
2026-05-23T17:56:48.5985640Z,1779559008598,0
2026-05-23T17:56:48.6312900Z,1779559008631,1
2026-05-23T17:56:48.6646080Z,1779559008664,1
2026-05-23T17:56:48.6976730Z,1779559008697,1
2026-05-23T17:56:48.7317240Z,1779559008731,0
2026-05-23T17:56:48.8031320Z,1779559008803,2
2026-05-23T17:56:48.8065410Z,1779559008806,0
2026-05-23T17:56:48.8385360Z,1779559008838,1
2026-05-23T17:56:48.8787050Z,1779559008878,1
2026-05-23T17:56:48.9092530Z,1779559008909,1
2026-05-23T17:56:48.9415450Z,1779559008941,0
2026-05-23T17:56:48.9738280Z,1779559008973,1
2026-05-23T17:56:49.0071540Z,1779559009007,1
2026-05-23T17:56:49.0400600Z,1779559009040,1
2026-05-23T17:56:49.0733690Z,1779559009073,1
2026-05-23T17:56:49.1058780Z,1779559009105,0
2026-05-23T17:56:49.1391860Z,1779559009139,1
2026-05-23T17:56:49.1722560Z,1779559009172,1
2026-05-23T17:56:49.2040930Z,1779559009204,1
2026-05-23T17:56:49.2364390Z,1779559009236,0
2026-05-23T17:56:49.3081390Z,1779559009308,2
2026-05-23T17:56:49.3116100Z,1779559009311,0
2026-05-23T17:56:49.3432830Z,1779559009343,1
2026-05-23T17:56:49.4148500Z,1779559009414,2
2026-05-23T17:56:49.4179730Z,1779559009417,0
2026-05-23T17:56:49.4498650Z,1779559009449,0
2026-05-23T17:56:49.4822670Z,1779559009482,1
2026-05-23T17:56:49.5139470Z,1779559009513,1
2026-05-23T17:56:49.5460530Z,1779559009546,1
2026-05-23T17:56:49.5781940Z,1779559009578,1
2026-05-23T17:56:49.6103120Z,1779559009610,0
2026-05-23T17:56:49.6421470Z,1779559009642,1
2026-05-23T17:56:49.6746020Z,1779559009674,1
2026-05-23T17:56:49.7060910Z,1779559009706,1
2026-05-23T17:56:49.7390280Z,1779559009739,0
2026-05-23T17:56:49.7705740Z,1779559009770,1
2026-05-23T17:56:49.8125150Z,1779559009812,1
2026-05-23T17:56:49.8425810Z,1779559009842,1
2026-05-23T17:56:49.8755580Z,1779559009875,0
2026-05-23T17:56:49.9151970Z,1779559009915,2
2026-05-23T17:56:49.9458640Z,1779559009945,0
2026-05-23T17:56:49.9778390Z,1779559009977,1
2026-05-23T17:56:50.0107910Z,1779559010010,1
2026-05-23T17:56:50.0423390Z,1779559010042,1
2026-05-23T17:56:50.0740970Z,1779559010074,0
2026-05-23T17:56:50.1059830Z,1779559010105,1
2026-05-23T17:56:50.1379190Z,1779559010137,1
2026-05-23T17:56:50.1701390Z,1779559010170,1
2026-05-23T17:56:50.2026570Z,1779559010202,0
2026-05-23T17:56:50.2344350Z,1779559010234,1
2026-05-23T17:56:50.2667610Z,1779559010266,1
2026-05-23T17:56:50.2993680Z,1779559010299,1
2026-05-23T17:56:50.3398640Z,1779559010339,1
2026-05-23T17:56:50.3703760Z,1779559010370,0
2026-05-23T17:56:50.4108140Z,1779559010410,1
2026-05-23T17:56:50.4425380Z,1779559010442,1
2026-05-23T17:56:50.4738380Z,1779559010473,1
2026-05-23T17:56:50.5056160Z,1779559010505,0
2026-05-23T17:56:50.5377900Z,1779559010537,1
2026-05-23T17:56:50.5701790Z,1779559010570,1
2026-05-23T17:56:50.6025970Z,1779559010602,1
2026-05-23T17:56:50.6342600Z,1779559010634,0
2026-05-23T17:56:50.6662330Z,1779559010666,1
2026-05-23T17:56:50.6985750Z,1779559010698,1
2026-05-23T17:56:50.7304620Z,1779559010730,1
2026-05-23T17:56:50.7631720Z,1779559010763,0
2026-05-23T17:56:50.7948460Z,1779559010794,1
2026-05-23T17:56:50.8349150Z,1779559010834,1
2026-05-23T17:56:50.8657440Z,1779559010865,1
2026-05-23T17:56:50.8982380Z,1779559010898,1
2026-05-23T17:56:50.9397750Z,1779559010939,1
2026-05-23T17:56:50.9703000Z,1779559010970,1
2026-05-23T17:56:51.0028170Z,1779559011002,0
2026-05-23T17:56:51.0347490Z,1779559011034,1
2026-05-23T17:56:51.0675390Z,1779559011067,1
2026-05-23T17:56:51.0987440Z,1779559011098,1
2026-05-23T17:56:51.1312220Z,1779559011131,0
2026-05-23T17:56:51.1629920Z,1779559011162,1
2026-05-23T17:56:51.1951840Z,1779559011195,1
2026-05-23T17:56:51.2272940Z,1779559011227,1
2026-05-23T17:56:51.2593480Z,1779559011259,0
2026-05-23T17:56:51.2917680Z,1779559011291,1
2026-05-23T17:56:51.3631000Z,1779559011363,2
2026-05-23T17:56:51.3676170Z,1779559011367,0
2026-05-23T17:56:51.3996180Z,1779559011399,1
2026-05-23T17:56:51.4401640Z,1779559011440,1
2026-05-23T17:56:51.4716300Z,1779559011471,1
2026-05-23T17:56:51.5031530Z,1779559011503,0
2026-05-23T17:56:51.5355980Z,1779559011535,1
2026-05-23T17:56:51.5675920Z,1779559011567,1
2026-05-23T17:56:51.5995840Z,1779559011599,1
2026-05-23T17:56:51.6321260Z,1779559011632,0
2026-05-23T17:56:51.6639550Z,1779559011663,1
2026-05-23T17:56:51.6961520Z,1779559011696,1
2026-05-23T17:56:51.7283960Z,1779559011728,1
2026-05-23T17:56:51.7603390Z,1779559011760,0
2026-05-23T17:56:51.7931980Z,1779559011793,1
2026-05-23T17:56:51.8636980Z,1779559011863,2
2026-05-23T17:56:51.8670910Z,1779559011867,0
2026-05-23T17:56:51.8999600Z,1779559011899,1
2026-05-23T17:56:51.9412180Z,1779559011941,1
2026-05-23T17:56:51.9710260Z,1779559011971,1
2026-05-23T17:56:52.0033420Z,1779559012003,0
2026-05-23T17:56:52.0353870Z,1779559012035,1
2026-05-23T17:56:52.0681550Z,1779559012068,1
2026-05-23T17:56:52.1041430Z,1779559012104,1
2026-05-23T17:56:52.1397140Z,1779559012139,1
2026-05-23T17:56:52.1776770Z,1779559012177,1
2026-05-23T17:56:52.2129220Z,1779559012212,1
2026-05-23T17:56:52.2493500Z,1779559012249,0
2026-05-23T17:56:52.2856690Z,1779559012285,1
2026-05-23T17:56:52.3206940Z,1779559012320,1
2026-05-23T17:56:52.3630140Z,1779559012363,1
2026-05-23T17:56:52.3932050Z,1779559012393,1
2026-05-23T17:56:52.4266080Z,1779559012426,1
2026-05-23T17:56:52.4664560Z,1779559012466,1
2026-05-23T17:56:52.4971360Z,1779559012497,0
2026-05-23T17:56:52.5291500Z,1779559012529,1
2026-05-23T17:56:52.5614470Z,1779559012561,1
2026-05-23T17:56:52.5933930Z,1779559012593,1
2026-05-23T17:56:52.6253990Z,1779559012625,0
2026-05-23T17:56:52.6576090Z,1779559012657,1
2026-05-23T17:56:52.6900220Z,1779559012690,1
2026-05-23T17:56:52.7221480Z,1779559012722,1
2026-05-23T17:56:52.7541580Z,1779559012754,0
2026-05-23T17:56:52.7860610Z,1779559012786,1
2026-05-23T17:56:52.8182920Z,1779559012818,1
2026-05-23T17:56:52.8515300Z,1779559012851,1
2026-05-23T17:56:52.8935920Z,1779559012893,1
2026-05-23T17:56:52.9237920Z,1779559012923,0
2026-05-23T17:56:52.9638680Z,1779559012963,1
2026-05-23T17:56:52.9946780Z,1779559012994,1
2026-05-23T17:56:53.0267490Z,1779559013026,1
2026-05-23T17:56:53.0588470Z,1779559013058,1
2026-05-23T17:56:53.0908810Z,1779559013090,0
2026-05-23T17:56:53.1230220Z,1779559013123,1
2026-05-23T17:56:53.1547930Z,1779559013154,1
2026-05-23T17:56:53.1870320Z,1779559013187,1
2026-05-23T17:56:53.2189240Z,1779559013218,1
2026-05-23T17:56:53.2514820Z,1779559013251,0
2026-05-23T17:56:53.2838570Z,1779559013283,1
2026-05-23T17:56:53.3155540Z,1779559013315,1
2026-05-23T17:56:53.3477260Z,1779559013347,1
2026-05-23T17:56:53.3894960Z,1779559013389,0
2026-05-23T17:56:53.4202230Z,1779559013420,1
2026-05-23T17:56:53.4531950Z,1779559013453,1
2026-05-23T17:56:53.4934830Z,1779559013493,1
2026-05-23T17:56:53.5238620Z,1779559013523,0
2026-05-23T17:56:53.5559880Z,1779559013555,1
2026-05-23T17:56:53.5880920Z,1779559013588,1
2026-05-23T17:56:53.6202430Z,1779559013620,1
2026-05-23T17:56:53.6523040Z,1779559013652,1
2026-05-23T17:56:53.6843220Z,1779559013684,0
2026-05-23T17:56:53.7166000Z,1779559013716,1
2026-05-23T17:56:53.7488080Z,1779559013748,1
2026-05-23T17:56:53.7807530Z,1779559013780,1
2026-05-23T17:56:53.8130090Z,1779559013813,0
2026-05-23T17:56:53.8450070Z,1779559013845,1
2026-05-23T17:56:53.9159150Z,1779559013915,2
2026-05-23T17:56:53.9196620Z,1779559013919,0
2026-05-23T17:56:53.9521620Z,1779559013952,1
2026-05-23T17:56:53.9921320Z,1779559013992,1
2026-05-23T17:56:54.0230790Z,1779559014023,0
2026-05-23T17:56:54.0553910Z,1779559014055,1
2026-05-23T17:56:54.0873390Z,1779559014087,1
2026-05-23T17:56:54.1194450Z,1779559014119,1
2026-05-23T17:56:54.1516700Z,1779559014151,0
2026-05-23T17:56:54.1835330Z,1779559014183,1
2026-05-23T17:56:54.2154580Z,1779559014215,1
2026-05-23T17:56:54.2477510Z,1779559014247,1
2026-05-23T17:56:54.2797730Z,1779559014279,0
2026-05-23T17:56:54.3121170Z,1779559014312,1
2026-05-23T17:56:54.3438810Z,1779559014343,1
2026-05-23T17:56:54.3761280Z,1779559014376,1
2026-05-23T17:56:54.4090760Z,1779559014409,0
2026-05-23T17:56:54.4497480Z,1779559014449,1
2026-05-23T17:56:54.5187850Z,1779559014518,2
2026-05-23T17:56:54.5222770Z,1779559014522,0
2026-05-23T17:56:54.5537540Z,1779559014553,1
2026-05-23T17:56:54.5862830Z,1779559014586,1
2026-05-23T17:56:54.6180670Z,1779559014618,0
2026-05-23T17:56:54.6501520Z,1779559014650,1
2026-05-23T17:56:54.6823980Z,1779559014682,1
2026-05-23T17:56:54.7143560Z,1779559014714,1
2026-05-23T17:56:54.7465590Z,1779559014746,0
2026-05-23T17:56:54.7786170Z,1779559014778,1
2026-05-23T17:56:54.8107460Z,1779559014810,1
2026-05-23T17:56:54.8433140Z,1779559014843,1
2026-05-23T17:56:54.8751940Z,1779559014875,0
2026-05-23T17:56:54.9076690Z,1779559014907,1
2026-05-23T17:56:54.9475440Z,1779559014947,1
2026-05-23T17:56:54.9780630Z,1779559014978,1
2026-05-23T17:56:55.0102010Z,1779559015010,1
2026-05-23T17:56:55.0425150Z,1779559015042,0
2026-05-23T17:56:55.0746630Z,1779559015074,1
2026-05-23T17:56:55.1074420Z,1779559015107,1
2026-05-23T17:56:55.1386490Z,1779559015138,1
2026-05-23T17:56:55.1708120Z,1779559015170,0
2026-05-23T17:56:55.2033700Z,1779559015203,1
2026-05-23T17:56:55.2348840Z,1779559015234,1
2026-05-23T17:56:55.2668360Z,1779559015266,1
2026-05-23T17:56:55.2992330Z,1779559015299,0
2026-05-23T17:56:55.3316280Z,1779559015331,1
2026-05-23T17:56:55.3637210Z,1779559015363,1
2026-05-23T17:56:55.3963480Z,1779559015396,1
2026-05-23T17:56:55.4372740Z,1779559015437,1
2026-05-23T17:56:55.4676990Z,1779559015467,0
2026-05-23T17:56:55.5017880Z,1779559015501,1
2026-05-23T17:56:55.5403680Z,1779559015540,1
2026-05-23T17:56:55.5729750Z,1779559015572,1
2026-05-23T17:56:55.6037300Z,1779559015603,1
2026-05-23T17:56:55.6359650Z,1779559015635,1
2026-05-23T17:56:55.6679760Z,1779559015667,0
2026-05-23T17:56:55.6998040Z,1779559015699,1
2026-05-23T17:56:55.7321840Z,1779559015732,1
2026-05-23T17:56:55.7644490Z,1779559015764,1
2026-05-23T17:56:55.7965520Z,1779559015796,0
2026-05-23T17:56:55.8286200Z,1779559015828,1
2026-05-23T17:56:55.8604850Z,1779559015860,1
2026-05-23T17:56:55.8934240Z,1779559015893,1
2026-05-23T17:56:55.9646880Z,1779559015964,1
2026-05-23T17:56:55.9681810Z,1779559015968,0
2026-05-23T17:56:56.0013000Z,1779559016001,1
2026-05-23T17:56:56.0405730Z,1779559016040,1
2026-05-23T17:56:56.0720830Z,1779559016072,1
2026-05-23T17:56:56.1042510Z,1779559016104,1
2026-05-23T17:56:56.1363260Z,1779559016136,0
2026-05-23T17:56:56.1684130Z,1779559016168,1
2026-05-23T17:56:56.2006890Z,1779559016200,1
2026-05-23T17:56:56.2333860Z,1779559016233,1
2026-05-23T17:56:56.2651670Z,1779559016265,0
2026-05-23T17:56:56.2973580Z,1779559016297,0
2026-05-23T17:56:56.3293150Z,1779559016329,1
2026-05-23T17:56:56.3620590Z,1779559016362,1
2026-05-23T17:56:56.3941650Z,1779559016394,1
2026-05-23T17:56:56.4642320Z,1779559016464,1
2026-05-23T17:56:56.4690500Z,1779559016469,0
2026-05-23T17:56:56.5020210Z,1779559016502,1
2026-05-23T17:56:56.5431370Z,1779559016543,1
2026-05-23T17:56:56.5733280Z,1779559016573,1
2026-05-23T17:56:56.6053330Z,1779559016605,1
2026-05-23T17:56:56.6377210Z,1779559016637,0
2026-05-23T17:56:56.6714260Z,1779559016671,1
2026-05-23T17:56:56.7022650Z,1779559016702,1
2026-05-23T17:56:56.7343240Z,1779559016734,1
2026-05-23T17:56:56.7665870Z,1779559016766,0
2026-05-23T17:56:56.7990800Z,1779559016799,1
2026-05-23T17:56:56.8309760Z,1779559016830,1
2026-05-23T17:56:56.8633410Z,1779559016863,1
2026-05-23T17:56:56.8957260Z,1779559016895,1
2026-05-23T17:56:56.9280670Z,1779559016928,0
2026-05-23T17:56:56.9679660Z,1779559016967,1
2026-05-23T17:56:56.9993330Z,1779559016999,1
2026-05-23T17:56:57.0393600Z,1779559017039,1
2026-05-23T17:56:57.0704220Z,1779559017070,0
2026-05-23T17:56:57.1028360Z,1779559017102,1
2026-05-23T17:56:57.1344080Z,1779559017134,1
2026-05-23T17:56:57.1667200Z,1779559017166,1
2026-05-23T17:56:57.1986620Z,1779559017198,1
2026-05-23T17:56:57.2307200Z,1779559017230,1
2026-05-23T17:56:57.2629260Z,1779559017262,0
2026-05-23T17:56:57.2953240Z,1779559017295,1
2026-05-23T17:56:57.3272070Z,1779559017327,1
2026-05-23T17:56:57.3590770Z,1779559017359,1
2026-05-23T17:56:57.3914980Z,1779559017391,0
2026-05-23T17:56:57.4244080Z,1779559017424,1
2026-05-23T17:56:57.4562220Z,1779559017456,1
2026-05-23T17:56:57.4972230Z,1779559017497,1
2026-05-23T17:56:57.5277460Z,1779559017527,1
2026-05-23T17:56:57.5679910Z,1779559017567,0
2026-05-23T17:56:57.5984640Z,1779559017598,1
2026-05-23T17:56:57.6309800Z,1779559017630,1
2026-05-23T17:56:57.6631690Z,1779559017663,1
2026-05-23T17:56:57.6954790Z,1779559017695,0
2026-05-23T17:56:57.7267740Z,1779559017726,1
2026-05-23T17:56:57.7592930Z,1779559017759,1
2026-05-23T17:56:57.7915710Z,1779559017791,1
2026-05-23T17:56:57.8234480Z,1779559017823,0
2026-05-23T17:56:57.8556080Z,1779559017855,1
2026-05-23T17:56:57.8879200Z,1779559017887,1
2026-05-23T17:56:57.9194880Z,1779559017919,1
2026-05-23T17:56:57.9520830Z,1779559017952,0
2026-05-23T17:56:57.9848580Z,1779559017984,1
2026-05-23T17:56:58.0248930Z,1779559018024,1
2026-05-23T17:56:58.0552530Z,1779559018055,1
2026-05-23T17:56:58.0901780Z,1779559018090,1
2026-05-23T17:56:58.1288800Z,1779559018128,1
2026-05-23T17:56:58.1593000Z,1779559018159,0
2026-05-23T17:56:58.1916520Z,1779559018191,1
2026-05-23T17:56:58.2233230Z,1779559018223,1
2026-05-23T17:56:58.2555740Z,1779559018255,1
2026-05-23T17:56:58.2876190Z,1779559018287,1
2026-05-23T17:56:58.3197520Z,1779559018319,0
2026-05-23T17:56:58.3519920Z,1779559018351,1
2026-05-23T17:56:58.3840760Z,1779559018384,1
2026-05-23T17:56:58.4156620Z,1779559018415,1
2026-05-23T17:56:58.4479740Z,1779559018447,0
2026-05-23T17:56:58.4802080Z,1779559018480,1
2026-05-23T17:56:58.5213550Z,1779559018521,1
2026-05-23T17:56:58.5523290Z,1779559018552,1
2026-05-23T17:56:58.5855230Z,1779559018585,0
2026-05-23T17:56:58.6255540Z,1779559018625,2
2026-05-23T17:56:58.6561170Z,1779559018656,0
2026-05-23T17:56:58.6882990Z,1779559018688,1
2026-05-23T17:56:58.7204610Z,1779559018720,1
2026-05-23T17:56:58.7532850Z,1779559018753,1
2026-05-23T17:56:58.7847980Z,1779559018784,0
2026-05-23T17:56:58.8170020Z,1779559018817,1
2026-05-23T17:56:58.8489230Z,1779559018848,1
2026-05-23T17:56:58.8821500Z,1779559018882,1
2026-05-23T17:56:58.9134180Z,1779559018913,1
2026-05-23T17:56:58.9451930Z,1779559018945,0
2026-05-23T17:56:58.9777310Z,1779559018977,1
2026-05-23T17:56:59.0488370Z,1779559019048,2
2026-05-23T17:56:59.0523850Z,1779559019052,0
2026-05-23T17:56:59.0850010Z,1779559019085,0
2026-05-23T17:56:59.1244610Z,1779559019124,1
2026-05-23T17:56:59.1550690Z,1779559019155,1
2026-05-23T17:56:59.1872460Z,1779559019187,1
2026-05-23T17:56:59.2195510Z,1779559019219,1
2026-05-23T17:56:59.2518060Z,1779559019251,1
2026-05-23T17:56:59.2840790Z,1779559019284,0
2026-05-23T17:56:59.3157940Z,1779559019315,1
2026-05-23T17:56:59.3478560Z,1779559019347,1
2026-05-23T17:56:59.3798160Z,1779559019379,1
2026-05-23T17:56:59.4120530Z,1779559019412,0
2026-05-23T17:56:59.4437490Z,1779559019443,1
2026-05-23T17:56:59.4763890Z,1779559019476,1
2026-05-23T17:56:59.5470980Z,1779559019547,2
2026-05-23T17:56:59.5505030Z,1779559019550,0
2026-05-23T17:56:59.5823500Z,1779559019582,0
2026-05-23T17:56:59.6230720Z,1779559019623,1
2026-05-23T17:56:59.6539810Z,1779559019653,1
2026-05-23T17:56:59.6859060Z,1779559019685,1
2026-05-23T17:56:59.7181380Z,1779559019718,0
2026-05-23T17:56:59.7498910Z,1779559019749,1
2026-05-23T17:56:59.7823580Z,1779559019782,1
2026-05-23T17:56:59.8154750Z,1779559019815,1
2026-05-23T17:56:59.8462030Z,1779559019846,1
2026-05-23T17:56:59.8785140Z,1779559019878,1
2026-05-23T17:56:59.9102040Z,1779559019910,0
2026-05-23T17:56:59.9427150Z,1779559019942,1
2026-05-23T17:56:59.9743740Z,1779559019974,1
2026-05-23T17:57:00.0078120Z,1779559020007,1
2026-05-23T17:57:00.0405580Z,1779559020040,0
2026-05-23T17:57:00.0811390Z,1779559020081,1
2026-05-23T17:57:00.1508570Z,1779559020150,2
2026-05-23T17:57:00.1550380Z,1779559020155,0
2026-05-23T17:57:00.1865730Z,1779559020186,1
2026-05-23T17:57:00.2190290Z,1779559020219,0
2026-05-23T17:57:00.2509210Z,1779559020250,1
2026-05-23T17:57:00.2833440Z,1779559020283,1
2026-05-23T17:57:00.3154640Z,1779559020315,1
2026-05-23T17:57:00.3474200Z,1779559020347,0
2026-05-23T17:57:00.3796490Z,1779559020379,1
2026-05-23T17:57:00.4119920Z,1779559020411,1
2026-05-23T17:57:00.4436430Z,1779559020443,1
2026-05-23T17:57:00.4758750Z,1779559020475,0
2026-05-23T17:57:00.5084820Z,1779559020508,1
2026-05-23T17:57:00.5412750Z,1779559020541,1
2026-05-23T17:57:00.5843940Z,1779559020584,1
2026-05-23T17:57:00.6163590Z,1779559020616,1
2026-05-23T17:57:00.6553610Z,1779559020655,1
2026-05-23T17:57:00.6863330Z,1779559020686,1
2026-05-23T17:57:00.7184180Z,1779559020718,0
2026-05-23T17:57:00.7508400Z,1779559020750,1
2026-05-23T17:57:00.7834530Z,1779559020783,1
2026-05-23T17:57:00.8147450Z,1779559020814,1
2026-05-23T17:57:00.8468390Z,1779559020846,0
2026-05-23T17:57:00.8794620Z,1779559020879,1
2026-05-23T17:57:00.9114490Z,1779559020911,1
2026-05-23T17:57:00.9432600Z,1779559020943,1
2026-05-23T17:57:00.9750220Z,1779559020975,0
2026-05-23T17:57:01.0072380Z,1779559021007,1
2026-05-23T17:57:01.0397360Z,1779559021039,1
2026-05-23T17:57:01.0809930Z,1779559021080,1
2026-05-23T17:57:01.1117110Z,1779559021111,1
2026-05-23T17:57:01.1449250Z,1779559021144,1
2026-05-23T17:57:01.1848660Z,1779559021184,1
2026-05-23T17:57:01.2154180Z,1779559021215,0
2026-05-23T17:57:01.2474620Z,1779559021247,1
2026-05-23T17:57:01.2794650Z,1779559021279,1
2026-05-23T17:57:01.3119500Z,1779559021311,1
2026-05-23T17:57:01.3437790Z,1779559021343,0
2026-05-23T17:57:01.3761500Z,1779559021376,1
2026-05-23T17:57:01.4079660Z,1779559021407,1
2026-05-23T17:57:01.4402480Z,1779559021440,1
2026-05-23T17:57:01.4720870Z,1779559021472,0
2026-05-23T17:57:01.5041250Z,1779559021504,1
2026-05-23T17:57:01.5363400Z,1779559021536,1
2026-05-23T17:57:01.6089630Z,1779559021608,1
2026-05-23T17:57:01.6131760Z,1779559021613,0
2026-05-23T17:57:01.6447730Z,1779559021644,1
2026-05-23T17:57:01.6849480Z,1779559021684,1
2026-05-23T17:57:01.7156910Z,1779559021715,1
2026-05-23T17:57:01.7478380Z,1779559021747,1
2026-05-23T17:57:01.7798730Z,1779559021779,1
2026-05-23T17:57:01.8124260Z,1779559021812,0
2026-05-23T17:57:01.8442110Z,1779559021844,1
2026-05-23T17:57:01.8762430Z,1779559021876,1
2026-05-23T17:57:01.9083180Z,1779559021908,1
2026-05-23T17:57:01.9405280Z,1779559021940,1
2026-05-23T17:57:01.9723990Z,1779559021972,0
2026-05-23T17:57:02.0045420Z,1779559022004,1
2026-05-23T17:57:02.0372220Z,1779559022037,1
2026-05-23T17:57:02.1085370Z,1779559022108,1
2026-05-23T17:57:02.1128150Z,1779559022112,0
2026-05-23T17:57:02.1482040Z,1779559022148,1
2026-05-23T17:57:02.1890160Z,1779559022189,1
2026-05-23T17:57:02.2225370Z,1779559022222,1
2026-05-23T17:57:02.2597280Z,1779559022259,1
2026-05-23T17:57:02.2962210Z,1779559022296,1
2026-05-23T17:57:02.3316160Z,1779559022331,1
2026-05-23T17:57:02.3643420Z,1779559022364,0
2026-05-23T17:57:02.3965680Z,1779559022396,1
2026-05-23T17:57:02.4286330Z,1779559022428,1
2026-05-23T17:57:02.4607260Z,1779559022460,1
2026-05-23T17:57:02.4929630Z,1779559022492,0
2026-05-23T17:57:02.5249390Z,1779559022524,1
2026-05-23T17:57:02.5575850Z,1779559022557,1
2026-05-23T17:57:02.5979990Z,1779559022597,1
2026-05-23T17:57:02.6667040Z,1779559022666,2
2026-05-23T17:57:02.6699110Z,1779559022669,0
2026-05-23T17:57:02.7017640Z,1779559022701,1
2026-05-23T17:57:02.7339980Z,1779559022733,0
2026-05-23T17:57:02.7660080Z,1779559022766,1
2026-05-23T17:57:02.7978530Z,1779559022797,1
2026-05-23T17:57:02.8298710Z,1779559022829,1
2026-05-23T17:57:02.8623010Z,1779559022862,0
2026-05-23T17:57:02.8938880Z,1779559022893,1
2026-05-23T17:57:02.9259350Z,1779559022925,1
2026-05-23T17:57:02.9578610Z,1779559022957,1
2026-05-23T17:57:02.9900630Z,1779559022990,0
2026-05-23T17:57:03.0223930Z,1779559023022,1
2026-05-23T17:57:03.0553280Z,1779559023055,1
2026-05-23T17:57:03.0874730Z,1779559023087,1
2026-05-23T17:57:03.1275880Z,1779559023127,1
2026-05-23T17:57:03.1595090Z,1779559023159,1
2026-05-23T17:57:03.1996310Z,1779559023199,1
2026-05-23T17:57:03.2304680Z,1779559023230,0
2026-05-23T17:57:03.2626400Z,1779559023262,1
2026-05-23T17:57:03.2942160Z,1779559023294,1
2026-05-23T17:57:03.3264990Z,1779559023326,1
2026-05-23T17:57:03.3589890Z,1779559023358,0
2026-05-23T17:57:03.3905140Z,1779559023390,1
2026-05-23T17:57:03.4229040Z,1779559023422,1
2026-05-23T17:57:03.4551320Z,1779559023455,1
2026-05-23T17:57:03.4869830Z,1779559023486,0
2026-05-23T17:57:03.5190800Z,1779559023519,1
2026-05-23T17:57:03.5515270Z,1779559023551,1
2026-05-23T17:57:03.5839050Z,1779559023583,1
2026-05-23T17:57:03.6545710Z,1779559023654,1
2026-05-23T17:57:03.6583020Z,1779559023658,0
2026-05-23T17:57:03.6906010Z,1779559023690,1
2026-05-23T17:57:03.7315700Z,1779559023731,1
2026-05-23T17:57:03.7612790Z,1779559023761,1
2026-05-23T17:57:03.7936740Z,1779559023793,1
2026-05-23T17:57:03.8258160Z,1779559023825,0
2026-05-23T17:57:03.8588690Z,1779559023858,1
2026-05-23T17:57:03.8901210Z,1779559023890,1
2026-05-23T17:57:03.9223800Z,1779559023922,1
2026-05-23T17:57:03.9543490Z,1779559023954,1
2026-05-23T17:57:03.9864350Z,1779559023986,0
2026-05-23T17:57:04.0185560Z,1779559024018,1
2026-05-23T17:57:04.0507600Z,1779559024050,1
2026-05-23T17:57:04.0836910Z,1779559024083,1
2026-05-23T17:57:04.1551690Z,1779559024155,1
2026-05-23T17:57:04.1596690Z,1779559024159,0
2026-05-23T17:57:04.1920960Z,1779559024192,1
2026-05-23T17:57:04.2322370Z,1779559024232,1
2026-05-23T17:57:04.2625880Z,1779559024262,1
2026-05-23T17:57:04.2949270Z,1779559024294,1
2026-05-23T17:57:04.3270290Z,1779559024327,0
2026-05-23T17:57:04.3595330Z,1779559024359,1
2026-05-23T17:57:04.3916070Z,1779559024391,1
2026-05-23T17:57:04.4235150Z,1779559024423,1
2026-05-23T17:57:04.4556330Z,1779559024455,0
2026-05-23T17:57:04.4879970Z,1779559024487,1
2026-05-23T17:57:04.5201130Z,1779559024520,1
2026-05-23T17:57:04.5523620Z,1779559024552,1
2026-05-23T17:57:04.5843400Z,1779559024584,0
2026-05-23T17:57:04.6173630Z,1779559024617,1
2026-05-23T17:57:04.6501740Z,1779559024650,1
2026-05-23T17:57:04.6915100Z,1779559024691,1
2026-05-23T17:57:04.7601420Z,1779559024760,1
2026-05-23T17:57:04.7638910Z,1779559024763,0
2026-05-23T17:57:04.7954370Z,1779559024795,1
2026-05-23T17:57:04.8276500Z,1779559024827,1
2026-05-23T17:57:04.8598590Z,1779559024859,1
2026-05-23T17:57:04.8920150Z,1779559024892,0
2026-05-23T17:57:04.9242120Z,1779559024924,1
2026-05-23T17:57:04.9570360Z,1779559024957,1
2026-05-23T17:57:04.9881120Z,1779559024988,1
2026-05-23T17:57:05.0204810Z,1779559025020,1
2026-05-23T17:57:05.0528750Z,1779559025052,0
2026-05-23T17:57:05.0846440Z,1779559025084,1
2026-05-23T17:57:05.1171790Z,1779559025117,1
2026-05-23T17:57:05.1579970Z,1779559025157,1
2026-05-23T17:57:05.2267780Z,1779559025226,2
2026-05-23T17:57:05.2306540Z,1779559025230,0
2026-05-23T17:57:05.2621820Z,1779559025262,0
2026-05-23T17:57:05.2943340Z,1779559025294,1
2026-05-23T17:57:05.3262730Z,1779559025326,1
2026-05-23T17:57:05.3584770Z,1779559025358,1
2026-05-23T17:57:05.3907720Z,1779559025390,0
2026-05-23T17:57:05.4230840Z,1779559025423,1
2026-05-23T17:57:05.4548370Z,1779559025454,1
2026-05-23T17:57:05.4869420Z,1779559025486,1
2026-05-23T17:57:05.5191080Z,1779559025519,0
2026-05-23T17:57:05.5515330Z,1779559025551,1
2026-05-23T17:57:05.5831790Z,1779559025583,1
2026-05-23T17:57:05.6155440Z,1779559025615,1
2026-05-23T17:57:05.6480320Z,1779559025648,0
2026-05-23T17:57:05.6887530Z,1779559025688,2
2026-05-23T17:57:05.7196430Z,1779559025719,0
2026-05-23T17:57:05.7536280Z,1779559025753,1
2026-05-23T17:57:05.7936770Z,1779559025793,1
2026-05-23T17:57:05.8243760Z,1779559025824,1
2026-05-23T17:57:05.8564160Z,1779559025856,1
2026-05-23T17:57:05.8888140Z,1779559025888,0
2026-05-23T17:57:05.9208700Z,1779559025920,1
2026-05-23T17:57:05.9531090Z,1779559025953,1
2026-05-23T17:57:05.9848640Z,1779559025984,1
2026-05-23T17:57:06.0169850Z,1779559026016,0
2026-05-23T17:57:06.0495160Z,1779559026049,1
2026-05-23T17:57:06.0814450Z,1779559026081,1
2026-05-23T17:57:06.1134000Z,1779559026113,1
2026-05-23T17:57:06.1457420Z,1779559026145,0
2026-05-23T17:57:06.2172380Z,1779559026217,2
2026-05-23T17:57:06.2219230Z,1779559026221,0
2026-05-23T17:57:06.2541060Z,1779559026254,1
2026-05-23T17:57:06.2953070Z,1779559026295,1
2026-05-23T17:57:06.3258170Z,1779559026325,1
2026-05-23T17:57:06.3578650Z,1779559026357,0
2026-05-23T17:57:06.3898500Z,1779559026389,1
2026-05-23T17:57:06.4223750Z,1779559026422,1
2026-05-23T17:57:06.4542220Z,1779559026454,1
2026-05-23T17:57:06.4860160Z,1779559026486,0
2026-05-23T17:57:06.5182120Z,1779559026518,1
2026-05-23T17:57:06.5517100Z,1779559026551,1
2026-05-23T17:57:06.5827860Z,1779559026582,1
2026-05-23T17:57:06.6145140Z,1779559026614,1
2026-05-23T17:57:06.6470420Z,1779559026647,0
2026-05-23T17:57:06.7177370Z,1779559026717,2
2026-05-23T17:57:06.7215390Z,1779559026721,0
2026-05-23T17:57:06.7541860Z,1779559026754,1
2026-05-23T17:57:06.7964380Z,1779559026796,1
2026-05-23T17:57:06.8256970Z,1779559026825,1
2026-05-23T17:57:06.8574270Z,1779559026857,0
2026-05-23T17:57:06.8896140Z,1779559026889,1
2026-05-23T17:57:06.9222700Z,1779559026922,1
2026-05-23T17:57:06.9537210Z,1779559026953,1
2026-05-23T17:57:06.9862030Z,1779559026986,0
2026-05-23T17:57:07.0178160Z,1779559027017,1
2026-05-23T17:57:07.0500010Z,1779559027050,1
2026-05-23T17:57:07.0822590Z,1779559027082,1
2026-05-23T17:57:07.1138710Z,1779559027113,1
2026-05-23T17:57:07.1463060Z,1779559027146,0
2026-05-23T17:57:07.1794410Z,1779559027179,1
2026-05-23T17:57:07.2197440Z,1779559027219,1
2026-05-23T17:57:07.2507920Z,1779559027250,1
2026-05-23T17:57:07.2922170Z,1779559027292,0
2026-05-23T17:57:07.3222860Z,1779559027322,1
2026-05-23T17:57:07.3543980Z,1779559027354,1
2026-05-23T17:57:07.3865020Z,1779559027386,1
2026-05-23T17:57:07.4187220Z,1779559027418,1
2026-05-23T17:57:07.4508690Z,1779559027450,0
2026-05-23T17:57:07.4829720Z,1779559027482,1
2026-05-23T17:57:07.5148750Z,1779559027514,1
2026-05-23T17:57:07.5469950Z,1779559027546,1
2026-05-23T17:57:07.5792840Z,1779559027579,1
2026-05-23T17:57:07.6115720Z,1779559027611,0
2026-05-23T17:57:07.6434390Z,1779559027643,1
2026-05-23T17:57:07.6758940Z,1779559027675,1
2026-05-23T17:57:07.7088670Z,1779559027708,1
2026-05-23T17:57:07.7498730Z,1779559027749,1
2026-05-23T17:57:07.7806830Z,1779559027780,0
2026-05-23T17:57:07.8128570Z,1779559027812,1
2026-05-23T17:57:07.8447160Z,1779559027844,1
2026-05-23T17:57:07.8769470Z,1779559027876,1
2026-05-23T17:57:07.9089230Z,1779559027908,0
2026-05-23T17:57:07.9412960Z,1779559027941,1
2026-05-23T17:57:07.9732620Z,1779559027973,1
2026-05-23T17:57:08.0052620Z,1779559028005,1
2026-05-23T17:57:08.0376870Z,1779559028037,0
2026-05-23T17:57:08.0695610Z,1779559028069,1
2026-05-23T17:57:08.1021490Z,1779559028102,1
2026-05-23T17:57:08.1338050Z,1779559028133,1
2026-05-23T17:57:08.1665010Z,1779559028166,0
2026-05-23T17:57:08.1984530Z,1779559028198,1
2026-05-23T17:57:08.2319630Z,1779559028231,1
2026-05-23T17:57:08.2743860Z,1779559028274,1
2026-05-23T17:57:08.3054820Z,1779559028305,1
2026-05-23T17:57:08.3451670Z,1779559028345,1
2026-05-23T17:57:08.3762030Z,1779559028376,0
2026-05-23T17:57:08.4081240Z,1779559028408,1
2026-05-23T17:57:08.4403500Z,1779559028440,1
2026-05-23T17:57:08.4726140Z,1779559028472,1
2026-05-23T17:57:08.5045800Z,1779559028504,1
2026-05-23T17:57:08.5369280Z,1779559028536,0
2026-05-23T17:57:08.5687660Z,1779559028568,1
2026-05-23T17:57:08.6012380Z,1779559028601,1
2026-05-23T17:57:08.6336540Z,1779559028633,1
2026-05-23T17:57:08.6654530Z,1779559028665,0
2026-05-23T17:57:08.6976930Z,1779559028697,1
2026-05-23T17:57:08.7301190Z,1779559028730,1
2026-05-23T17:57:08.7726680Z,1779559028772,1
2026-05-23T17:57:08.8036120Z,1779559028803,0
2026-05-23T17:57:08.8369140Z,1779559028836,1
2026-05-23T17:57:08.8770740Z,1779559028877,1
2026-05-23T17:57:08.9078490Z,1779559028907,1
2026-05-23T17:57:08.9397110Z,1779559028939,1
2026-05-23T17:57:08.9720790Z,1779559028972,1
2026-05-23T17:57:09.0039860Z,1779559029003,0
2026-05-23T17:57:09.0362490Z,1779559029036,1
2026-05-23T17:57:09.0682990Z,1779559029068,1
2026-05-23T17:57:09.1006060Z,1779559029100,1
2026-05-23T17:57:09.1328430Z,1779559029132,0
2026-05-23T17:57:09.1644060Z,1779559029164,1
2026-05-23T17:57:09.1967780Z,1779559029196,1
2026-05-23T17:57:09.2297020Z,1779559029229,1
2026-05-23T17:57:09.2697670Z,1779559029269,1
2026-05-23T17:57:09.3015780Z,1779559029301,0
2026-05-23T17:57:09.3430280Z,1779559029343,1
2026-05-23T17:57:09.3740190Z,1779559029374,1
2026-05-23T17:57:09.4054380Z,1779559029405,1
2026-05-23T17:57:09.4378490Z,1779559029437,0
2026-05-23T17:57:09.4697770Z,1779559029469,1
2026-05-23T17:57:09.5020890Z,1779559029502,1
2026-05-23T17:57:09.5340690Z,1779559029534,1
2026-05-23T17:57:09.5660350Z,1779559029566,0
2026-05-23T17:57:09.5980630Z,1779559029598,1
2026-05-23T17:57:09.6303620Z,1779559029630,1
2026-05-23T17:57:09.6622350Z,1779559029662,1
2026-05-23T17:57:09.6941460Z,1779559029694,0
2026-05-23T17:57:09.7267870Z,1779559029726,1
2026-05-23T17:57:09.7677650Z,1779559029767,1
2026-05-23T17:57:09.7990780Z,1779559029799,1
2026-05-23T17:57:09.8398270Z,1779559029839,1
2026-05-23T17:57:09.8705220Z,1779559029870,1
2026-05-23T17:57:09.9027900Z,1779559029902,1
2026-05-23T17:57:09.9346480Z,1779559029934,0
2026-05-23T17:57:09.9670060Z,1779559029967,1
2026-05-23T17:57:09.9992030Z,1779559029999,1
2026-05-23T17:57:10.0312420Z,1779559030031,1
2026-05-23T17:57:10.0633790Z,1779559030063,0
2026-05-23T17:57:10.0953920Z,1779559030095,1
2026-05-23T17:57:10.1275680Z,1779559030127,1
2026-05-23T17:57:10.1597030Z,1779559030159,1
2026-05-23T17:57:10.1918100Z,1779559030191,0
2026-05-23T17:57:10.2239620Z,1779559030223,1
2026-05-23T17:57:10.2951370Z,1779559030295,2
2026-05-23T17:57:10.2984470Z,1779559030298,0
2026-05-23T17:57:10.3305540Z,1779559030330,1
2026-05-23T17:57:10.3706680Z,1779559030370,1
2026-05-23T17:57:10.4015280Z,1779559030401,1
2026-05-23T17:57:10.4333920Z,1779559030433,0
2026-05-23T17:57:10.4655950Z,1779559030465,1
2026-05-23T17:57:10.4978130Z,1779559030497,1
2026-05-23T17:57:10.5297310Z,1779559030529,1
2026-05-23T17:57:10.5619230Z,1779559030561,0
2026-05-23T17:57:10.5939560Z,1779559030593,1
2026-05-23T17:57:10.6256630Z,1779559030625,1
2026-05-23T17:57:10.6576390Z,1779559030657,1
2026-05-23T17:57:10.6899420Z,1779559030689,0
2026-05-23T17:57:10.7219570Z,1779559030721,1
2026-05-23T17:57:10.7541430Z,1779559030754,1
2026-05-23T17:57:10.7871080Z,1779559030787,1
2026-05-23T17:57:10.8278040Z,1779559030827,0
2026-05-23T17:57:10.8973710Z,1779559030897,2
2026-05-23T17:57:10.9011490Z,1779559030901,0
2026-05-23T17:57:10.9325580Z,1779559030932,1
2026-05-23T17:57:10.9646760Z,1779559030964,1
2026-05-23T17:57:10.9970650Z,1779559030997,1
2026-05-23T17:57:11.0291080Z,1779559031029,0
2026-05-23T17:57:11.0613790Z,1779559031061,1
2026-05-23T17:57:11.0933270Z,1779559031093,1
2026-05-23T17:57:11.1252540Z,1779559031125,1
2026-05-23T17:57:11.1575030Z,1779559031157,1
2026-05-23T17:57:11.1892640Z,1779559031189,0
2026-05-23T17:57:11.2222120Z,1779559031222,1
2026-05-23T17:57:11.2538790Z,1779559031253,1
2026-05-23T17:57:11.2870380Z,1779559031287,1
2026-05-23T17:57:11.3275340Z,1779559031327,0
2026-05-23T17:57:11.3588460Z,1779559031358,1
2026-05-23T17:57:11.3988500Z,1779559031398,1
2026-05-23T17:57:11.4295190Z,1779559031429,1
2026-05-23T17:57:11.4618650Z,1779559031461,1
2026-05-23T17:57:11.4940310Z,1779559031494,1
2026-05-23T17:57:11.5256190Z,1779559031525,0
2026-05-23T17:57:11.5578700Z,1779559031557,1
2026-05-23T17:57:11.5897820Z,1779559031589,1
2026-05-23T17:57:11.6223040Z,1779559031622,1
2026-05-23T17:57:11.6541580Z,1779559031654,0
2026-05-23T17:57:11.6864970Z,1779559031686,1
2026-05-23T17:57:11.7186760Z,1779559031718,1
2026-05-23T17:57:11.7509720Z,1779559031750,1
2026-05-23T17:57:11.7832750Z,1779559031783,0
2026-05-23T17:57:11.8544900Z,1779559031854,2
2026-05-23T17:57:11.8584110Z,1779559031858,0
2026-05-23T17:57:11.8906230Z,1779559031890,1
2026-05-23T17:57:11.9319780Z,1779559031931,1
2026-05-23T17:57:11.9621110Z,1779559031962,0
2026-05-23T17:57:11.9944320Z,1779559031994,1
2026-05-23T17:57:12.0264880Z,1779559032026,1
2026-05-23T17:57:12.0586360Z,1779559032058,1
2026-05-23T17:57:12.0953210Z,1779559032095,1
2026-05-23T17:57:12.1306540Z,1779559032130,1
2026-05-23T17:57:12.1668950Z,1779559032166,0
2026-05-23T17:57:12.2026210Z,1779559032202,1
2026-05-23T17:57:12.2381100Z,1779559032238,1
2026-05-23T17:57:12.2749010Z,1779559032274,1
2026-05-23T17:57:12.3106530Z,1779559032310,1
2026-05-23T17:57:12.3511890Z,1779559032351,1
2026-05-23T17:57:12.3824200Z,1779559032382,1
2026-05-23T17:57:12.4155870Z,1779559032415,0
2026-05-23T17:57:12.4558490Z,1779559032455,1
2026-05-23T17:57:12.4867010Z,1779559032486,1
2026-05-23T17:57:12.5188680Z,1779559032518,1
2026-05-23T17:57:12.5516350Z,1779559032551,1
2026-05-23T17:57:12.5834070Z,1779559032583,0
2026-05-23T17:57:12.6157480Z,1779559032615,1
2026-05-23T17:57:12.6476030Z,1779559032647,1
2026-05-23T17:57:12.6800060Z,1779559032680,1
2026-05-23T17:57:12.7125970Z,1779559032712,0
2026-05-23T17:57:12.7447170Z,1779559032744,1
2026-05-23T17:57:12.7765220Z,1779559032776,1
2026-05-23T17:57:12.8089110Z,1779559032808,1
2026-05-23T17:57:12.8423290Z,1779559032842,0
2026-05-23T17:57:12.8828650Z,1779559032882,1
2026-05-23T17:57:12.9144140Z,1779559032914,1
2026-05-23T17:57:12.9541250Z,1779559032954,1
2026-05-23T17:57:12.9852180Z,1779559032985,1
2026-05-23T17:57:13.0172630Z,1779559033017,1
2026-05-23T17:57:13.0493030Z,1779559033049,0
2026-05-23T17:57:13.0819190Z,1779559033081,1
2026-05-23T17:57:13.1136300Z,1779559033113,1
2026-05-23T17:57:13.1459310Z,1779559033145,1
2026-05-23T17:57:13.1779130Z,1779559033177,1
2026-05-23T17:57:13.2101100Z,1779559033210,0
2026-05-23T17:57:13.2427720Z,1779559033242,1
2026-05-23T17:57:13.2743920Z,1779559033274,1
2026-05-23T17:57:13.3067820Z,1779559033306,1
2026-05-23T17:57:13.3399060Z,1779559033339,0
2026-05-23T17:57:13.3810520Z,1779559033381,1
2026-05-23T17:57:13.4122840Z,1779559033412,1
2026-05-23T17:57:13.4452620Z,1779559033445,1
2026-05-23T17:57:13.4851820Z,1779559033485,1
2026-05-23T17:57:13.5156760Z,1779559033515,0
2026-05-23T17:57:13.5477510Z,1779559033547,1
2026-05-23T17:57:13.5799850Z,1779559033579,1
2026-05-23T17:57:13.6121900Z,1779559033612,1
2026-05-23T17:57:13.6441650Z,1779559033644,1
2026-05-23T17:57:13.6763370Z,1779559033676,0
2026-05-23T17:57:13.7082510Z,1779559033708,1
2026-05-23T17:57:13.7405590Z,1779559033740,1
2026-05-23T17:57:13.7727280Z,1779559033772,0
2026-05-23T17:57:13.8049520Z,1779559033804,1
2026-05-23T17:57:13.8373290Z,1779559033837,1
2026-05-23T17:57:13.8780900Z,1779559033878,1
2026-05-23T17:57:13.9088630Z,1779559033908,1
2026-05-23T17:57:13.9420650Z,1779559033942,1
2026-05-23T17:57:13.9816480Z,1779559033981,0
2026-05-23T17:57:14.0124250Z,1779559034012,1
2026-05-23T17:57:14.0444450Z,1779559034044,1
2026-05-23T17:57:14.0764900Z,1779559034076,1
2026-05-23T17:57:14.1086080Z,1779559034108,0
2026-05-23T17:57:14.1405040Z,1779559034140,1
2026-05-23T17:57:14.1728500Z,1779559034172,1
2026-05-23T17:57:14.2050710Z,1779559034205,1
2026-05-23T17:57:14.2379430Z,1779559034237,0
2026-05-23T17:57:14.2691250Z,1779559034269,1
2026-05-23T17:57:14.3016770Z,1779559034301,1
2026-05-23T17:57:14.3338320Z,1779559034333,1
2026-05-23T17:57:14.3742030Z,1779559034374,1
2026-05-23T17:57:14.4055870Z,1779559034405,1
2026-05-23T17:57:14.4451650Z,1779559034445,1
2026-05-23T17:57:14.4759400Z,1779559034475,0
2026-05-23T17:57:14.5079260Z,1779559034507,1
2026-05-23T17:57:14.5401310Z,1779559034540,1
2026-05-23T17:57:14.5722690Z,1779559034572,1
2026-05-23T17:57:14.6042920Z,1779559034604,0
2026-05-23T17:57:14.6362480Z,1779559034636,1
2026-05-23T17:57:14.6681650Z,1779559034668,1
2026-05-23T17:57:14.7001550Z,1779559034700,1
2026-05-23T17:57:14.7330680Z,1779559034733,0
2026-05-23T17:57:14.7645130Z,1779559034764,1
2026-05-23T17:57:14.7965060Z,1779559034796,1
2026-05-23T17:57:14.8289180Z,1779559034828,1
2026-05-23T17:57:14.9004460Z,1779559034900,1
2026-05-23T17:57:14.9041660Z,1779559034904,0
2026-05-23T17:57:14.9365460Z,1779559034936,1
2026-05-23T17:57:14.9758610Z,1779559034975,1
2026-05-23T17:57:15.0066670Z,1779559035006,1
2026-05-23T17:57:15.0385960Z,1779559035038,1
2026-05-23T17:57:15.0711500Z,1779559035071,0
2026-05-23T17:57:15.1030640Z,1779559035103,1
2026-05-23T17:57:15.1349130Z,1779559035134,1
2026-05-23T17:57:15.1670050Z,1779559035167,1
2026-05-23T17:57:15.1989920Z,1779559035198,0
2026-05-23T17:57:15.2317020Z,1779559035231,1
2026-05-23T17:57:15.2629200Z,1779559035262,1
2026-05-23T17:57:15.2950900Z,1779559035295,1
2026-05-23T17:57:15.3272390Z,1779559035327,1
2026-05-23T17:57:15.3597990Z,1779559035359,0
2026-05-23T17:57:15.3927390Z,1779559035392,1
2026-05-23T17:57:15.4330680Z,1779559035433,1
2026-05-23T17:57:15.5018330Z,1779559035501,1
2026-05-23T17:57:15.5052500Z,1779559035505,0
2026-05-23T17:57:15.5369300Z,1779559035536,1
2026-05-23T17:57:15.5689840Z,1779559035568,1
2026-05-23T17:57:15.6012540Z,1779559035601,1
2026-05-23T17:57:15.6332980Z,1779559035633,0
2026-05-23T17:57:15.6653710Z,1779559035665,1
2026-05-23T17:57:15.6976200Z,1779559035697,1
2026-05-23T17:57:15.7295220Z,1779559035729,1
2026-05-23T17:57:15.7619480Z,1779559035761,1
2026-05-23T17:57:15.7939310Z,1779559035793,0
2026-05-23T17:57:15.8259830Z,1779559035825,1
2026-05-23T17:57:15.8582840Z,1779559035858,1
2026-05-23T17:57:15.8915160Z,1779559035891,1
2026-05-23T17:57:15.9314980Z,1779559035931,1
2026-05-23T17:57:15.9619750Z,1779559035961,0
2026-05-23T17:57:15.9954790Z,1779559035995,1
2026-05-23T17:57:16.0349250Z,1779559036034,1
2026-05-23T17:57:16.0658080Z,1779559036065,1
2026-05-23T17:57:16.0975500Z,1779559036097,1
2026-05-23T17:57:16.1296920Z,1779559036129,0
2026-05-23T17:57:16.1621300Z,1779559036162,1
2026-05-23T17:57:16.1938270Z,1779559036193,1
2026-05-23T17:57:16.2260050Z,1779559036226,1
2026-05-23T17:57:16.2583010Z,1779559036258,0
2026-05-23T17:57:16.2902940Z,1779559036290,1
2026-05-23T17:57:16.3226260Z,1779559036322,1
2026-05-23T17:57:16.3546290Z,1779559036354,1
2026-05-23T17:57:16.3873600Z,1779559036387,0
2026-05-23T17:57:16.4283590Z,1779559036428,1
2026-05-23T17:57:16.4592910Z,1779559036459,1
2026-05-23T17:57:16.4922710Z,1779559036492,1
2026-05-23T17:57:16.5317620Z,1779559036531,1
2026-05-23T17:57:16.5626040Z,1779559036562,1
2026-05-23T17:57:16.5946510Z,1779559036594,0
2026-05-23T17:57:16.6268070Z,1779559036626,1
2026-05-23T17:57:16.6589330Z,1779559036658,1
2026-05-23T17:57:16.6912780Z,1779559036691,1
2026-05-23T17:57:16.7233960Z,1779559036723,0
2026-05-23T17:57:16.7554410Z,1779559036755,1
2026-05-23T17:57:16.7877450Z,1779559036787,1
2026-05-23T17:57:16.8197880Z,1779559036819,1
2026-05-23T17:57:16.8524300Z,1779559036852,1
2026-05-23T17:57:16.8846240Z,1779559036884,0
2026-05-23T17:57:16.9553780Z,1779559036955,2
2026-05-23T17:57:16.9596110Z,1779559036959,0
2026-05-23T17:57:16.9927320Z,1779559036992,1
2026-05-23T17:57:17.0329890Z,1779559037032,0
2026-05-23T17:57:17.0641270Z,1779559037064,1
2026-05-23T17:57:17.0955470Z,1779559037095,1
2026-05-23T17:57:17.1276400Z,1779559037127,1
2026-05-23T17:57:17.1599630Z,1779559037159,0
2026-05-23T17:57:17.1922650Z,1779559037192,1
2026-05-23T17:57:17.2243070Z,1779559037224,1
2026-05-23T17:57:17.2564800Z,1779559037256,1
2026-05-23T17:57:17.2884290Z,1779559037288,0
2026-05-23T17:57:17.3206500Z,1779559037320,1
2026-05-23T17:57:17.3530510Z,1779559037353,1
2026-05-23T17:57:17.3853470Z,1779559037385,1
2026-05-23T17:57:17.4570850Z,1779559037457,2
2026-05-23T17:57:17.4619510Z,1779559037461,0
2026-05-23T17:57:17.4936250Z,1779559037493,1
2026-05-23T17:57:17.5342320Z,1779559037534,0
2026-05-23T17:57:17.5651870Z,1779559037565,1
2026-05-23T17:57:17.5972640Z,1779559037597,1
2026-05-23T17:57:17.6291810Z,1779559037629,1
2026-05-23T17:57:17.6618990Z,1779559037661,0
2026-05-23T17:57:17.6937240Z,1779559037693,1
2026-05-23T17:57:17.7256500Z,1779559037725,1
2026-05-23T17:57:17.7576960Z,1779559037757,1
2026-05-23T17:57:17.7899930Z,1779559037789,0
2026-05-23T17:57:17.8223490Z,1779559037822,1
2026-05-23T17:57:17.8542400Z,1779559037854,1
2026-05-23T17:57:17.8867350Z,1779559037886,1
2026-05-23T17:57:17.9187510Z,1779559037918,0
2026-05-23T17:57:17.9520490Z,1779559037952,1
2026-05-23T17:57:17.9916450Z,1779559037991,1
2026-05-23T17:57:18.0611200Z,1779559038061,2
2026-05-23T17:57:18.0650610Z,1779559038065,0
2026-05-23T17:57:18.0966390Z,1779559038096,1
2026-05-23T17:57:18.1283750Z,1779559038128,1
2026-05-23T17:57:18.1604590Z,1779559038160,0
2026-05-23T17:57:18.1926810Z,1779559038192,1
2026-05-23T17:57:18.2246450Z,1779559038224,1
2026-05-23T17:57:18.2567750Z,1779559038256,1
2026-05-23T17:57:18.2890160Z,1779559038289,0
2026-05-23T17:57:18.3210880Z,1779559038321,1
2026-05-23T17:57:18.3532500Z,1779559038353,1
2026-05-23T17:57:18.3852490Z,1779559038385,1
2026-05-23T17:57:18.4176340Z,1779559038417,0
2026-05-23T17:57:18.4499990Z,1779559038449,1
2026-05-23T17:57:18.4902730Z,1779559038490,1
2026-05-23T17:57:18.5209680Z,1779559038520,1
2026-05-23T17:57:18.5543750Z,1779559038554,0
2026-05-23T17:57:18.5962920Z,1779559038596,2
2026-05-23T17:57:18.6250860Z,1779559038625,0
2026-05-23T17:57:18.6569470Z,1779559038656,1
2026-05-23T17:57:18.6889740Z,1779559038688,1
2026-05-23T17:57:18.7214170Z,1779559038721,0
2026-05-23T17:57:18.7531910Z,1779559038753,0
2026-05-23T17:57:18.7858540Z,1779559038785,1
2026-05-23T17:57:18.8176070Z,1779559038817,1
2026-05-23T17:57:18.8499560Z,1779559038849,0
2026-05-23T17:57:18.8820950Z,1779559038882,0
2026-05-23T17:57:18.9141060Z,1779559038914,1
2026-05-23T17:57:18.9464960Z,1779559038946,1
2026-05-23T17:57:19.0176060Z,1779559039017,2
2026-05-23T17:57:19.0212980Z,1779559039021,0
2026-05-23T17:57:19.0535390Z,1779559039053,0
2026-05-23T17:57:19.0932370Z,1779559039093,1
2026-05-23T17:57:19.1243550Z,1779559039124,1
2026-05-23T17:57:19.1566950Z,1779559039156,1
2026-05-23T17:57:19.1887050Z,1779559039188,0
2026-05-23T17:57:19.2211180Z,1779559039221,1
2026-05-23T17:57:19.2537900Z,1779559039253,1
2026-05-23T17:57:19.2849200Z,1779559039284,1
2026-05-23T17:57:19.3170150Z,1779559039317,0
2026-05-23T17:57:19.3493640Z,1779559039349,1
2026-05-23T17:57:19.3814940Z,1779559039381,1
2026-05-23T17:57:19.4135270Z,1779559039413,1
2026-05-23T17:57:19.4453330Z,1779559039445,1
2026-05-23T17:57:19.5168000Z,1779559039516,1
2026-05-23T17:57:19.5202820Z,1779559039520,1
2026-05-23T17:57:19.5524130Z,1779559039552,0
2026-05-23T17:57:19.5939460Z,1779559039593,1
2026-05-23T17:57:19.6233400Z,1779559039623,1
2026-05-23T17:57:19.6554110Z,1779559039655,1
2026-05-23T17:57:19.6875050Z,1779559039687,0
2026-05-23T17:57:19.7197630Z,1779559039719,1
2026-05-23T17:57:19.7520500Z,1779559039752,1
2026-05-23T17:57:19.7837970Z,1779559039783,1
2026-05-23T17:57:19.8190080Z,1779559039819,0
2026-05-23T17:57:19.8517640Z,1779559039851,1
2026-05-23T17:57:19.8835040Z,1779559039883,1
2026-05-23T17:57:19.9156270Z,1779559039915,1
2026-05-23T17:57:19.9480450Z,1779559039948,0
2026-05-23T17:57:19.9804910Z,1779559039980,1
2026-05-23T17:57:20.0137490Z,1779559040013,1
2026-05-23T17:57:20.0538650Z,1779559040053,1
2026-05-23T17:57:20.1233880Z,1779559040123,2
2026-05-23T17:57:20.1267350Z,1779559040126,0
2026-05-23T17:57:20.1585830Z,1779559040158,1
2026-05-23T17:57:20.1907200Z,1779559040190,0
2026-05-23T17:57:20.2230680Z,1779559040223,1
2026-05-23T17:57:20.2548140Z,1779559040254,1
2026-05-23T17:57:20.2870940Z,1779559040287,1
2026-05-23T17:57:20.3192110Z,1779559040319,0
2026-05-23T17:57:20.3517420Z,1779559040351,1
2026-05-23T17:57:20.3836240Z,1779559040383,1
2026-05-23T17:57:20.4156870Z,1779559040415,1
2026-05-23T17:57:20.4476240Z,1779559040447,0
2026-05-23T17:57:20.4799240Z,1779559040479,1
2026-05-23T17:57:20.5131530Z,1779559040513,1
2026-05-23T17:57:20.5534120Z,1779559040553,1
2026-05-23T17:57:20.5839930Z,1779559040583,0
2026-05-23T17:57:20.6175150Z,1779559040617,0
2026-05-23T17:57:20.6572340Z,1779559040657,1
2026-05-23T17:57:20.6875450Z,1779559040687,1
2026-05-23T17:57:20.7199890Z,1779559040719,1
2026-05-23T17:57:20.7524800Z,1779559040752,1
2026-05-23T17:57:20.7845940Z,1779559040784,1
2026-05-23T17:57:20.8168070Z,1779559040816,0
2026-05-23T17:57:20.8486450Z,1779559040848,1
2026-05-23T17:57:20.8806790Z,1779559040880,1
2026-05-23T17:57:20.9135240Z,1779559040913,1
2026-05-23T17:57:20.9452300Z,1779559040945,0
2026-05-23T17:57:20.9777750Z,1779559040977,1
2026-05-23T17:57:21.0099810Z,1779559041009,1
2026-05-23T17:57:21.0512370Z,1779559041051,1
2026-05-23T17:57:21.0821200Z,1779559041082,0
2026-05-23T17:57:21.1152530Z,1779559041115,1
2026-05-23T17:57:21.1562760Z,1779559041156,1
2026-05-23T17:57:21.1864020Z,1779559041186,1
2026-05-23T17:57:21.2183470Z,1779559041218,0
2026-05-23T17:57:21.2506790Z,1779559041250,1
2026-05-23T17:57:21.2832040Z,1779559041283,1
2026-05-23T17:57:21.3147500Z,1779559041314,1
2026-05-23T17:57:21.3470640Z,1779559041347,1
2026-05-23T17:57:21.3793210Z,1779559041379,0
2026-05-23T17:57:21.4116630Z,1779559041411,1
2026-05-23T17:57:21.4434410Z,1779559041443,1
2026-05-23T17:57:21.4755950Z,1779559041475,1
2026-05-23T17:57:21.5079600Z,1779559041507,1
2026-05-23T17:57:21.5789580Z,1779559041578,1
2026-05-23T17:57:21.5823910Z,1779559041582,0
2026-05-23T17:57:21.6141770Z,1779559041614,1
2026-05-23T17:57:21.6849510Z,1779559041684,2
2026-05-23T17:57:21.6880420Z,1779559041688,0
2026-05-23T17:57:21.7198350Z,1779559041719,0
2026-05-23T17:57:21.7526190Z,1779559041752,1
2026-05-23T17:57:21.7842670Z,1779559041784,1
2026-05-23T17:57:21.8164990Z,1779559041816,1
2026-05-23T17:57:21.8485530Z,1779559041848,0
2026-05-23T17:57:21.8807530Z,1779559041880,1
2026-05-23T17:57:21.9132560Z,1779559041913,1
2026-05-23T17:57:21.9449330Z,1779559041944,1
2026-05-23T17:57:21.9771620Z,1779559041977,0
2026-05-23T17:57:22.0092160Z,1779559042009,1
2026-05-23T17:57:22.0418180Z,1779559042041,1
2026-05-23T17:57:22.0852080Z,1779559042085,1
2026-05-23T17:57:22.1580990Z,1779559042158,2
2026-05-23T17:57:22.1632240Z,1779559042163,0
2026-05-23T17:57:22.1986070Z,1779559042198,1
2026-05-23T17:57:22.2348320Z,1779559042234,0
2026-05-23T17:57:22.2702260Z,1779559042270,1
2026-05-23T17:57:22.3059530Z,1779559042305,1
2026-05-23T17:57:22.3406380Z,1779559042340,1
2026-05-23T17:57:22.3727880Z,1779559042372,1
2026-05-23T17:57:22.4045700Z,1779559042404,1
2026-05-23T17:57:22.4367460Z,1779559042436,0
2026-05-23T17:57:22.4688650Z,1779559042468,1
2026-05-23T17:57:22.5011010Z,1779559042501,1
2026-05-23T17:57:22.5335780Z,1779559042533,1
2026-05-23T17:57:22.5664800Z,1779559042566,1
2026-05-23T17:57:22.6069610Z,1779559042606,0
2026-05-23T17:57:22.6380210Z,1779559042638,1
2026-05-23T17:57:22.6778280Z,1779559042677,1
2026-05-23T17:57:22.7088900Z,1779559042708,1
2026-05-23T17:57:22.7404050Z,1779559042740,0
2026-05-23T17:57:22.7727520Z,1779559042772,1
2026-05-23T17:57:22.8045640Z,1779559042804,1
2026-05-23T17:57:22.8370610Z,1779559042837,1
2026-05-23T17:57:22.8689940Z,1779559042868,1
2026-05-23T17:57:22.9008960Z,1779559042900,0
2026-05-23T17:57:22.9335050Z,1779559042933,1
2026-05-23T17:57:22.9654790Z,1779559042965,1
2026-05-23T17:57:22.9973750Z,1779559042997,1
2026-05-23T17:57:23.0297520Z,1779559043029,1
2026-05-23T17:57:23.0628150Z,1779559043062,0
2026-05-23T17:57:23.1035040Z,1779559043103,1
2026-05-23T17:57:23.1347240Z,1779559043134,1
2026-05-23T17:57:23.1748970Z,1779559043174,1
2026-05-23T17:57:23.2056360Z,1779559043205,1
2026-05-23T17:57:23.2376440Z,1779559043237,0
2026-05-23T17:57:23.2695990Z,1779559043269,1
2026-05-23T17:57:23.3019090Z,1779559043301,1
2026-05-23T17:57:23.3338630Z,1779559043333,1
2026-05-23T17:57:23.3660230Z,1779559043366,0
2026-05-23T17:57:23.3979330Z,1779559043397,1
2026-05-23T17:57:23.4302910Z,1779559043430,1
2026-05-23T17:57:23.4624260Z,1779559043462,1
2026-05-23T17:57:23.4940990Z,1779559043494,0
2026-05-23T17:57:23.5264190Z,1779559043526,1
2026-05-23T17:57:23.5586380Z,1779559043558,1
2026-05-23T17:57:23.6298950Z,1779559043629,2
2026-05-23T17:57:23.6333690Z,1779559043633,0
2026-05-23T17:57:23.6655020Z,1779559043665,1
2026-05-23T17:57:23.7097330Z,1779559043709,1
2026-05-23T17:57:23.7460200Z,1779559043746,0
2026-05-23T17:57:23.7800290Z,1779559043780,1
2026-05-23T17:57:23.8121800Z,1779559043812,1
2026-05-23T17:57:23.8435480Z,1779559043843,1
2026-05-23T17:57:23.8759440Z,1779559043875,0
2026-05-23T17:57:23.9075330Z,1779559043907,1
2026-05-23T17:57:23.9397780Z,1779559043939,1
2026-05-23T17:57:23.9721270Z,1779559043972,1
2026-05-23T17:57:24.0038990Z,1779559044003,0
2026-05-23T17:57:24.0360150Z,1779559044036,1
2026-05-23T17:57:24.0686860Z,1779559044068,1
2026-05-23T17:57:24.1016540Z,1779559044101,1
2026-05-23T17:57:24.1413640Z,1779559044141,1
2026-05-23T17:57:24.2116970Z,1779559044211,2
2026-05-23T17:57:24.2155960Z,1779559044215,0
2026-05-23T17:57:24.2471030Z,1779559044247,0
2026-05-23T17:57:24.2793950Z,1779559044279,1
2026-05-23T17:57:24.3112990Z,1779559044311,1
2026-05-23T17:57:24.3433760Z,1779559044343,1
2026-05-23T17:57:24.3757150Z,1779559044375,0
2026-05-23T17:57:24.4079170Z,1779559044407,1
2026-05-23T17:57:24.4397570Z,1779559044439,1
2026-05-23T17:57:24.4722180Z,1779559044472,1
2026-05-23T17:57:24.5041650Z,1779559044504,0
2026-05-23T17:57:24.5368700Z,1779559044536,1
2026-05-23T17:57:24.5687830Z,1779559044568,1
2026-05-23T17:57:24.6022270Z,1779559044602,1
2026-05-23T17:57:24.6420560Z,1779559044642,0
2026-05-23T17:57:24.6738510Z,1779559044673,1
2026-05-23T17:57:24.7137040Z,1779559044713,1
2026-05-23T17:57:24.7444750Z,1779559044744,1
2026-05-23T17:57:24.7765800Z,1779559044776,1
2026-05-23T17:57:24.8086960Z,1779559044808,1
2026-05-23T17:57:24.8412350Z,1779559044841,0
2026-05-23T17:57:24.8730900Z,1779559044873,1
2026-05-23T17:57:24.9048840Z,1779559044904,1
2026-05-23T17:57:24.9369820Z,1779559044936,1
2026-05-23T17:57:24.9692580Z,1779559044969,0
2026-05-23T17:57:25.0015580Z,1779559045001,1
2026-05-23T17:57:25.0337480Z,1779559045033,1
2026-05-23T17:57:25.0662280Z,1779559045066,1
2026-05-23T17:57:25.0985390Z,1779559045098,1
2026-05-23T17:57:25.1700870Z,1779559045170,1
2026-05-23T17:57:25.1743630Z,1779559045174,0
2026-05-23T17:57:25.2059300Z,1779559045205,1
2026-05-23T17:57:25.2457490Z,1779559045245,1
2026-05-23T17:57:25.2765210Z,1779559045276,0
2026-05-23T17:57:25.3090430Z,1779559045309,1
2026-05-23T17:57:25.3413730Z,1779559045341,1
2026-05-23T17:57:25.3735980Z,1779559045373,1
2026-05-23T17:57:25.4055650Z,1779559045405,0
2026-05-23T17:57:25.4380920Z,1779559045438,1
2026-05-23T17:57:25.4701710Z,1779559045470,1
2026-05-23T17:57:25.5024630Z,1779559045502,1
2026-05-23T17:57:25.5343910Z,1779559045534,1
2026-05-23T17:57:25.5667970Z,1779559045566,0
2026-05-23T17:57:25.5994160Z,1779559045599,1
2026-05-23T17:57:25.6708560Z,1779559045670,2
2026-05-23T17:57:25.6750100Z,1779559045675,0
2026-05-23T17:57:25.7070930Z,1779559045707,1
2026-05-23T17:57:25.7471090Z,1779559045747,1
2026-05-23T17:57:25.7779320Z,1779559045777,0
2026-05-23T17:57:25.8098310Z,1779559045809,1
2026-05-23T17:57:25.8421960Z,1779559045842,1
2026-05-23T17:57:25.8742100Z,1779559045874,1
2026-05-23T17:57:25.9060690Z,1779559045906,0
2026-05-23T17:57:25.9384480Z,1779559045938,1
2026-05-23T17:57:25.9705300Z,1779559045970,1
2026-05-23T17:57:26.0031270Z,1779559046003,1
2026-05-23T17:57:26.0350230Z,1779559046035,0
2026-05-23T17:57:26.0670230Z,1779559046067,1
2026-05-23T17:57:26.0997750Z,1779559046099,1
2026-05-23T17:57:26.1710970Z,1779559046171,2
2026-05-23T17:57:26.1747500Z,1779559046174,0
2026-05-23T17:57:26.2071400Z,1779559046207,1
2026-05-23T17:57:26.2471060Z,1779559046247,1
2026-05-23T17:57:26.2779240Z,1779559046277,0
2026-05-23T17:57:26.3096020Z,1779559046309,1
2026-05-23T17:57:26.3423390Z,1779559046342,1
2026-05-23T17:57:26.3742680Z,1779559046374,1
2026-05-23T17:57:26.4059850Z,1779559046405,0
2026-05-23T17:57:26.4381410Z,1779559046438,1
2026-05-23T17:57:26.4701860Z,1779559046470,1
2026-05-23T17:57:26.5030800Z,1779559046503,1
2026-05-23T17:57:26.5346870Z,1779559046534,0
2026-05-23T17:57:26.5669770Z,1779559046566,1
2026-05-23T17:57:26.5997520Z,1779559046599,1
2026-05-23T17:57:26.6320280Z,1779559046632,1
2026-05-23T17:57:26.6642670Z,1779559046664,0
2026-05-23T17:57:26.7047260Z,1779559046704,2
2026-05-23T17:57:26.7354270Z,1779559046735,0
2026-05-23T17:57:26.7681690Z,1779559046768,1
2026-05-23T17:57:26.8083970Z,1779559046808,1
2026-05-23T17:57:26.8388780Z,1779559046838,1
2026-05-23T17:57:26.8713900Z,1779559046871,1
2026-05-23T17:57:26.9033750Z,1779559046903,0
2026-05-23T17:57:26.9355020Z,1779559046935,1
2026-05-23T17:57:26.9676330Z,1779559046967,1
2026-05-23T17:57:26.9997860Z,1779559046999,0
2026-05-23T17:57:27.0321690Z,1779559047032,1
2026-05-23T17:57:27.0639910Z,1779559047063,1
2026-05-23T17:57:27.0961260Z,1779559047096,1
2026-05-23T17:57:27.1283770Z,1779559047128,1
2026-05-23T17:57:27.1608510Z,1779559047160,0
2026-05-23T17:57:27.2022920Z,1779559047202,1
2026-05-23T17:57:27.2325880Z,1779559047232,1
2026-05-23T17:57:27.2663200Z,1779559047266,1
2026-05-23T17:57:27.3061300Z,1779559047306,0
2026-05-23T17:57:27.3368420Z,1779559047336,1
2026-05-23T17:57:27.3689190Z,1779559047368,1
2026-05-23T17:57:27.4009780Z,1779559047400,1
2026-05-23T17:57:27.4334080Z,1779559047433,0
2026-05-23T17:57:27.4651920Z,1779559047465,1
2026-05-23T17:57:27.4971590Z,1779559047497,1
2026-05-23T17:57:27.5294410Z,1779559047529,1
2026-05-23T17:57:27.5618060Z,1779559047561,0
2026-05-23T17:57:27.5935980Z,1779559047593,0
2026-05-23T17:57:27.6260220Z,1779559047626,1
2026-05-23T17:57:27.6580860Z,1779559047658,1
2026-05-23T17:57:27.7296140Z,1779559047729,2
2026-05-23T17:57:27.7333620Z,1779559047733,0
2026-05-23T17:57:27.7657320Z,1779559047765,1
2026-05-23T17:57:27.8070670Z,1779559047807,0
2026-05-23T17:57:27.8378090Z,1779559047837,1
2026-05-23T17:57:27.8693660Z,1779559047869,1
2026-05-23T17:57:27.9016700Z,1779559047901,1
2026-05-23T17:57:27.9335110Z,1779559047933,0
2026-05-23T17:57:27.9654820Z,1779559047965,1
2026-05-23T17:57:27.9975140Z,1779559047997,1
2026-05-23T17:57:28.0297290Z,1779559048029,1
2026-05-23T17:57:28.0636190Z,1779559048063,0
2026-05-23T17:57:28.0940110Z,1779559048094,1
2026-05-23T17:57:28.1258510Z,1779559048125,1
2026-05-23T17:57:28.1585240Z,1779559048158,1
2026-05-23T17:57:28.2295130Z,1779559048229,2
2026-05-23T17:57:28.2333680Z,1779559048233,0
2026-05-23T17:57:28.2659870Z,1779559048265,0
2026-05-23T17:57:28.3055020Z,1779559048305,1
2026-05-23T17:57:28.3363220Z,1779559048336,1
2026-05-23T17:57:28.3683310Z,1779559048368,1
2026-05-23T17:57:28.4006220Z,1779559048400,1
2026-05-23T17:57:28.4333050Z,1779559048433,0
2026-05-23T17:57:28.4648120Z,1779559048464,1
2026-05-23T17:57:28.4970340Z,1779559048497,1
2026-05-23T17:57:28.5291580Z,1779559048529,1
2026-05-23T17:57:28.5615840Z,1779559048561,0
2026-05-23T17:57:28.5935450Z,1779559048593,1
2026-05-23T17:57:28.6260180Z,1779559048626,1
2026-05-23T17:57:28.6582280Z,1779559048658,1
2026-05-23T17:57:28.7292740Z,1779559048729,1
2026-05-23T17:57:28.7329530Z,1779559048732,0
2026-05-23T17:57:28.7654230Z,1779559048765,1
2026-05-23T17:57:28.8051080Z,1779559048805,1
2026-05-23T17:57:28.8361980Z,1779559048836,0
2026-05-23T17:57:28.8682480Z,1779559048868,1
2026-05-23T17:57:28.9005540Z,1779559048900,1
2026-05-23T17:57:28.9327090Z,1779559048932,1
2026-05-23T17:57:28.9643790Z,1779559048964,0
2026-05-23T17:57:28.9967020Z,1779559048996,1
2026-05-23T17:57:29.0286000Z,1779559049028,1
2026-05-23T17:57:29.0608440Z,1779559049060,1
2026-05-23T17:57:29.0928300Z,1779559049092,0
2026-05-23T17:57:29.1247500Z,1779559049124,1
2026-05-23T17:57:29.1568860Z,1779559049156,1
2026-05-23T17:57:29.1893470Z,1779559049189,1
2026-05-23T17:57:29.2225450Z,1779559049222,1
2026-05-23T17:57:29.2627190Z,1779559049262,1
2026-05-23T17:57:29.2934500Z,1779559049293,0
2026-05-23T17:57:29.3268330Z,1779559049326,1
2026-05-23T17:57:29.3660100Z,1779559049366,1
2026-05-23T17:57:29.3969720Z,1779559049396,1
2026-05-23T17:57:29.4290660Z,1779559049429,1
2026-05-23T17:57:29.4614010Z,1779559049461,0
2026-05-23T17:57:29.4931030Z,1779559049493,1
2026-05-23T17:57:29.5253700Z,1779559049525,1
2026-05-23T17:57:29.5575900Z,1779559049557,1
2026-05-23T17:57:29.5899060Z,1779559049589,0
2026-05-23T17:57:29.6222870Z,1779559049622,1
2026-05-23T17:57:29.6540320Z,1779559049654,1
2026-05-23T17:57:29.6864630Z,1779559049686,1
2026-05-23T17:57:29.7192770Z,1779559049719,0
2026-05-23T17:57:29.7609960Z,1779559049760,2
2026-05-23T17:57:29.7923220Z,1779559049792,0
2026-05-23T17:57:29.8321350Z,1779559049832,1
2026-05-23T17:57:29.8630800Z,1779559049863,1
2026-05-23T17:57:29.8950770Z,1779559049895,1
2026-05-23T17:57:29.9270820Z,1779559049927,1
2026-05-23T17:57:29.9591080Z,1779559049959,0
2026-05-23T17:57:29.9915050Z,1779559049991,1
2026-05-23T17:57:30.0234580Z,1779559050023,1
2026-05-23T17:57:30.0555040Z,1779559050055,1
2026-05-23T17:57:30.0879570Z,1779559050087,0
2026-05-23T17:57:30.1198460Z,1779559050119,1
2026-05-23T17:57:30.1522540Z,1779559050152,1
2026-05-23T17:57:30.1844610Z,1779559050184,1
2026-05-23T17:57:30.2167250Z,1779559050216,0
2026-05-23T17:57:30.2888280Z,1779559050288,2
2026-05-23T17:57:30.2923770Z,1779559050292,0
2026-05-23T17:57:30.3239570Z,1779559050323,1
2026-05-23T17:57:30.3948950Z,1779559050394,1
2026-05-23T17:57:30.3981110Z,1779559050398,0
2026-05-23T17:57:30.4297970Z,1779559050429,1
2026-05-23T17:57:30.4623880Z,1779559050462,1
2026-05-23T17:57:30.4944470Z,1779559050494,1
2026-05-23T17:57:30.5264150Z,1779559050526,1
2026-05-23T17:57:30.5584250Z,1779559050558,0
2026-05-23T17:57:30.5906690Z,1779559050590,1
2026-05-23T17:57:30.6229110Z,1779559050622,1
2026-05-23T17:57:30.6544460Z,1779559050654,1
2026-05-23T17:57:30.6863440Z,1779559050686,0
2026-05-23T17:57:30.7189540Z,1779559050718,1
2026-05-23T17:57:30.7517780Z,1779559050751,1
2026-05-23T17:57:30.7915380Z,1779559050791,1
2026-05-23T17:57:30.8599460Z,1779559050859,1
2026-05-23T17:57:30.8634160Z,1779559050863,0
2026-05-23T17:57:30.8947480Z,1779559050894,1
2026-05-23T17:57:30.9272370Z,1779559050927,1
2026-05-23T17:57:30.9588160Z,1779559050958,1
2026-05-23T17:57:30.9907350Z,1779559050990,0
2026-05-23T17:57:31.0232270Z,1779559051023,1
2026-05-23T17:57:31.0552930Z,1779559051055,1
2026-05-23T17:57:31.0870070Z,1779559051087,1
2026-05-23T17:57:31.1195420Z,1779559051119,0
2026-05-23T17:57:31.1521110Z,1779559051152,1
2026-05-23T17:57:31.1837970Z,1779559051183,1
2026-05-23T17:57:31.2161320Z,1779559051216,1
2026-05-23T17:57:31.2483890Z,1779559051248,0
2026-05-23T17:57:31.2897010Z,1779559051289,2
2026-05-23T17:57:31.3203270Z,1779559051320,0
2026-05-23T17:57:31.3602730Z,1779559051360,1
2026-05-23T17:57:31.3910680Z,1779559051391,1
2026-05-23T17:57:31.4229770Z,1779559051422,1
2026-05-23T17:57:31.4553050Z,1779559051455,0
2026-05-23T17:57:31.4871850Z,1779559051487,1
2026-05-23T17:57:31.5194090Z,1779559051519,1
2026-05-23T17:57:31.5518100Z,1779559051551,1
2026-05-23T17:57:31.5835760Z,1779559051583,0
2026-05-23T17:57:31.6156210Z,1779559051615,1
2026-05-23T17:57:31.6476760Z,1779559051647,1
2026-05-23T17:57:31.6794350Z,1779559051679,1
2026-05-23T17:57:31.7115870Z,1779559051711,0
2026-05-23T17:57:31.7436830Z,1779559051743,1
2026-05-23T17:57:31.8147160Z,1779559051814,2
2026-05-23T17:57:31.8178640Z,1779559051817,0
2026-05-23T17:57:31.8495640Z,1779559051849,1
2026-05-23T17:57:31.9211370Z,1779559051921,1
2026-05-23T17:57:31.9254630Z,1779559051925,0
2026-05-23T17:57:31.9568820Z,1779559051956,1
2026-05-23T17:57:31.9890840Z,1779559051989,1
2026-05-23T17:57:32.0210070Z,1779559052021,0
2026-05-23T17:57:32.0532480Z,1779559052053,1
2026-05-23T17:57:32.0878050Z,1779559052087,1
2026-05-23T17:57:32.1256570Z,1779559052125,1
2026-05-23T17:57:32.1610300Z,1779559052161,1
2026-05-23T17:57:32.1969930Z,1779559052196,1
2026-05-23T17:57:32.2328080Z,1779559052232,1
2026-05-23T17:57:32.2685790Z,1779559052268,0
2026-05-23T17:57:32.3035150Z,1779559052303,1
2026-05-23T17:57:32.3456050Z,1779559052345,1
2026-05-23T17:57:32.3782420Z,1779559052378,1
2026-05-23T17:57:32.4176070Z,1779559052417,1
2026-05-23T17:57:32.4485120Z,1779559052448,1
2026-05-23T17:57:32.4804340Z,1779559052480,1
2026-05-23T17:57:32.5126990Z,1779559052512,0
2026-05-23T17:57:32.5446000Z,1779559052544,1
2026-05-23T17:57:32.5770220Z,1779559052577,1
2026-05-23T17:57:32.6089210Z,1779559052608,1
2026-05-23T17:57:32.6409390Z,1779559052640,0
2026-05-23T17:57:32.6734400Z,1779559052673,1
2026-05-23T17:57:32.7052600Z,1779559052705,1
2026-05-23T17:57:32.7371490Z,1779559052737,1
2026-05-23T17:57:32.7700030Z,1779559052770,0
2026-05-23T17:57:32.8027310Z,1779559052802,1
2026-05-23T17:57:32.8427490Z,1779559052842,1
2026-05-23T17:57:32.8741910Z,1779559052874,1
2026-05-23T17:57:32.9138040Z,1779559052913,1
2026-05-23T17:57:32.9450520Z,1779559052945,1
2026-05-23T17:57:32.9769140Z,1779559052976,0
2026-05-23T17:57:33.0091810Z,1779559053009,1
2026-05-23T17:57:33.0415040Z,1779559053041,1
2026-05-23T17:57:33.0734190Z,1779559053073,1
2026-05-23T17:57:33.1053310Z,1779559053105,0
2026-05-23T17:57:33.1373200Z,1779559053137,1
2026-05-23T17:57:33.1697360Z,1779559053169,1
2026-05-23T17:57:33.2020380Z,1779559053202,1
2026-05-23T17:57:33.2339810Z,1779559053233,0
2026-05-23T17:57:33.2663110Z,1779559053266,1
2026-05-23T17:57:33.2984680Z,1779559053298,1
2026-05-23T17:57:33.3388280Z,1779559053338,1
2026-05-23T17:57:33.3695510Z,1779559053369,1
2026-05-23T17:57:33.4018100Z,1779559053401,0
2026-05-23T17:57:33.4337800Z,1779559053433,1
2026-05-23T17:57:33.4661940Z,1779559053466,1
2026-05-23T17:57:33.4984770Z,1779559053498,1
2026-05-23T17:57:33.5385760Z,1779559053538,0
2026-05-23T17:57:33.5695100Z,1779559053569,1
2026-05-23T17:57:33.6021340Z,1779559053602,1
2026-05-23T17:57:33.6337080Z,1779559053633,1
2026-05-23T17:57:33.6658730Z,1779559053665,0
2026-05-23T17:57:33.6980900Z,1779559053698,1
2026-05-23T17:57:33.7300320Z,1779559053730,1
2026-05-23T17:57:33.7625960Z,1779559053762,1
2026-05-23T17:57:33.7946800Z,1779559053794,0
2026-05-23T17:57:33.8658980Z,1779559053865,2
2026-05-23T17:57:33.8692950Z,1779559053869,0
2026-05-23T17:57:33.9014320Z,1779559053901,1
2026-05-23T17:57:33.9422320Z,1779559053942,1
2026-05-23T17:57:33.9733060Z,1779559053973,1
2026-05-23T17:57:34.0053770Z,1779559054005,1
2026-05-23T17:57:34.0375280Z,1779559054037,0
2026-05-23T17:57:34.0697700Z,1779559054069,1
2026-05-23T17:57:34.1021110Z,1779559054102,1
2026-05-23T17:57:34.1339310Z,1779559054133,1
2026-05-23T17:57:34.1660160Z,1779559054166,0
2026-05-23T17:57:34.1984980Z,1779559054198,1
2026-05-23T17:57:34.2304610Z,1779559054230,1
2026-05-23T17:57:34.2625050Z,1779559054262,1
2026-05-23T17:57:34.2950690Z,1779559054295,0
2026-05-23T17:57:34.3657910Z,1779559054365,2
2026-05-23T17:57:34.3691510Z,1779559054369,0
2026-05-23T17:57:34.4021410Z,1779559054402,1
2026-05-23T17:57:34.4412200Z,1779559054441,1
2026-05-23T17:57:34.4720820Z,1779559054472,1
2026-05-23T17:57:34.5043320Z,1779559054504,0
2026-05-23T17:57:34.5364550Z,1779559054536,1
2026-05-23T17:57:34.5688880Z,1779559054568,1
2026-05-23T17:57:34.6008270Z,1779559054600,1
2026-05-23T17:57:34.6330940Z,1779559054633,0
2026-05-23T17:57:34.6650850Z,1779559054665,1
2026-05-23T17:57:34.6974430Z,1779559054697,1
2026-05-23T17:57:34.7292760Z,1779559054729,1
2026-05-23T17:57:34.7616080Z,1779559054761,0
2026-05-23T17:57:34.7938110Z,1779559054793,1
2026-05-23T17:57:34.8260050Z,1779559054826,1
2026-05-23T17:57:34.8590950Z,1779559054859,1
2026-05-23T17:57:34.8988390Z,1779559054898,1
2026-05-23T17:57:34.9676230Z,1779559054967,1
2026-05-23T17:57:34.9710530Z,1779559054971,0
2026-05-23T17:57:35.0026270Z,1779559055002,1
2026-05-23T17:57:35.0350680Z,1779559055035,1
2026-05-23T17:57:35.0669620Z,1779559055066,0
2026-05-23T17:57:35.0989740Z,1779559055098,1
2026-05-23T17:57:35.1311490Z,1779559055131,1
2026-05-23T17:57:35.1633540Z,1779559055163,1
2026-05-23T17:57:35.1954480Z,1779559055195,0
2026-05-23T17:57:35.2275070Z,1779559055227,1
2026-05-23T17:57:35.2594830Z,1779559055259,1
2026-05-23T17:57:35.2918870Z,1779559055291,1
2026-05-23T17:57:35.3240910Z,1779559055324,0
2026-05-23T17:57:35.3567530Z,1779559055356,1
2026-05-23T17:57:35.3968030Z,1779559055396,1
2026-05-23T17:57:35.4275350Z,1779559055427,1
2026-05-23T17:57:35.4673530Z,1779559055467,1
2026-05-23T17:57:35.4982570Z,1779559055498,1
2026-05-23T17:57:35.5305650Z,1779559055530,0
2026-05-23T17:57:35.5624580Z,1779559055562,1
2026-05-23T17:57:35.5944460Z,1779559055594,1
2026-05-23T17:57:35.6266890Z,1779559055626,1
2026-05-23T17:57:35.6586080Z,1779559055658,1
2026-05-23T17:57:35.6906070Z,1779559055690,0
2026-05-23T17:57:35.7230560Z,1779559055723,1
2026-05-23T17:57:35.7551550Z,1779559055755,1
2026-05-23T17:57:35.7870790Z,1779559055787,1
2026-05-23T17:57:35.8194480Z,1779559055819,0
2026-05-23T17:57:35.8519020Z,1779559055851,1
2026-05-23T17:57:35.9231990Z,1779559055923,2
2026-05-23T17:57:35.9263380Z,1779559055926,0
2026-05-23T17:57:35.9587850Z,1779559055958,0
2026-05-23T17:57:35.9981020Z,1779559055998,2
2026-05-23T17:57:36.0290000Z,1779559056029,0
2026-05-23T17:57:36.0609770Z,1779559056060,1
2026-05-23T17:57:36.0932040Z,1779559056093,1
2026-05-23T17:57:36.1252590Z,1779559056125,1
2026-05-23T17:57:36.1572600Z,1779559056157,0
2026-05-23T17:57:36.1895420Z,1779559056189,1
2026-05-23T17:57:36.2217620Z,1779559056221,1
2026-05-23T17:57:36.2536560Z,1779559056253,1
2026-05-23T17:57:36.2855340Z,1779559056285,0
2026-05-23T17:57:36.3177710Z,1779559056317,1
2026-05-23T17:57:36.3502120Z,1779559056350,1
2026-05-23T17:57:36.4214210Z,1779559056421,2
2026-05-23T17:57:36.4249400Z,1779559056424,0
2026-05-23T17:57:36.4573440Z,1779559056457,0
2026-05-23T17:57:36.4968840Z,1779559056496,1
2026-05-23T17:57:36.5277010Z,1779559056527,1
2026-05-23T17:57:36.5595340Z,1779559056559,1
2026-05-23T17:57:36.5919390Z,1779559056591,0
2026-05-23T17:57:36.6238730Z,1779559056623,1
2026-05-23T17:57:36.6557330Z,1779559056655,1
2026-05-23T17:57:36.6882730Z,1779559056688,1
2026-05-23T17:57:36.7199460Z,1779559056719,1
2026-05-23T17:57:36.7522610Z,1779559056752,1
2026-05-23T17:57:36.7846130Z,1779559056784,0
2026-05-23T17:57:36.8163430Z,1779559056816,1
2026-05-23T17:57:36.8489910Z,1779559056848,1
2026-05-23T17:57:36.9190940Z,1779559056919,2
2026-05-23T17:57:36.9225960Z,1779559056922,0
2026-05-23T17:57:36.9541040Z,1779559056954,0
2026-05-23T17:57:36.9946200Z,1779559056994,1
2026-05-23T17:57:37.0250590Z,1779559057025,1
2026-05-23T17:57:37.0572500Z,1779559057057,1
2026-05-23T17:57:37.0894460Z,1779559057089,0
2026-05-23T17:57:37.1220180Z,1779559057122,1
2026-05-23T17:57:37.1536880Z,1779559057153,1
2026-05-23T17:57:37.1860340Z,1779559057186,1
2026-05-23T17:57:37.2179890Z,1779559057217,0
2026-05-23T17:57:37.2506100Z,1779559057250,1
2026-05-23T17:57:37.2825050Z,1779559057282,1
2026-05-23T17:57:37.3143570Z,1779559057314,1
2026-05-23T17:57:37.3465320Z,1779559057346,1
2026-05-23T17:57:37.3792780Z,1779559057379,0
2026-05-23T17:57:37.4119940Z,1779559057411,1
2026-05-23T17:57:37.4518430Z,1779559057451,1
2026-05-23T17:57:37.4828950Z,1779559057482,1
2026-05-23T17:57:37.5238950Z,1779559057523,1
2026-05-23T17:57:37.5542210Z,1779559057554,1
2026-05-23T17:57:37.5869210Z,1779559057586,0
2026-05-23T17:57:37.6191620Z,1779559057619,1
2026-05-23T17:57:37.6510480Z,1779559057651,1
2026-05-23T17:57:37.6833280Z,1779559057683,1
2026-05-23T17:57:37.7153350Z,1779559057715,0
2026-05-23T17:57:37.7476460Z,1779559057747,1
2026-05-23T17:57:37.7793890Z,1779559057779,1
2026-05-23T17:57:37.8119300Z,1779559057811,1
2026-05-23T17:57:37.8439610Z,1779559057843,0
2026-05-23T17:57:37.8761480Z,1779559057876,1
2026-05-23T17:57:37.9086150Z,1779559057908,1
2026-05-23T17:57:37.9482590Z,1779559057948,1
2026-05-23T17:57:37.9791700Z,1779559057979,0
2026-05-23T17:57:38.0124800Z,1779559058012,1
2026-05-23T17:57:38.0518360Z,1779559058051,1
2026-05-23T17:57:38.0827400Z,1779559058082,1
2026-05-23T17:57:38.1149790Z,1779559058114,1
2026-05-23T17:57:38.1468610Z,1779559058146,1
2026-05-23T17:57:38.1791560Z,1779559058179,0
2026-05-23T17:57:38.2115110Z,1779559058211,1
2026-05-23T17:57:38.2432370Z,1779559058243,1
2026-05-23T17:57:38.2752160Z,1779559058275,1
2026-05-23T17:57:38.3077850Z,1779559058307,0
2026-05-23T17:57:38.3398790Z,1779559058339,1
2026-05-23T17:57:38.3720960Z,1779559058372,1
2026-05-23T17:57:38.4047660Z,1779559058404,1
2026-05-23T17:57:38.4446230Z,1779559058444,1
2026-05-23T17:57:38.4757340Z,1779559058475,0
2026-05-23T17:57:38.5151510Z,1779559058515,1
2026-05-23T17:57:38.5460880Z,1779559058546,1
2026-05-23T17:57:38.5780950Z,1779559058578,1
2026-05-23T17:57:38.6104450Z,1779559058610,0
2026-05-23T17:57:38.6424170Z,1779559058642,1
2026-05-23T17:57:38.6744110Z,1779559058674,1
2026-05-23T17:57:38.7064410Z,1779559058706,1
2026-05-23T17:57:38.7384730Z,1779559058738,0
2026-05-23T17:57:38.7705910Z,1779559058770,1
2026-05-23T17:57:38.8032180Z,1779559058803,1
2026-05-23T17:57:38.8346480Z,1779559058834,1
2026-05-23T17:57:38.8668080Z,1779559058866,0
2026-05-23T17:57:38.8990760Z,1779559058899,1
2026-05-23T17:57:38.9701390Z,1779559058970,2
2026-05-23T17:57:38.9736760Z,1779559058973,0
2026-05-23T17:57:39.0052590Z,1779559059005,1
2026-05-23T17:57:39.0454400Z,1779559059045,1
2026-05-23T17:57:39.0761180Z,1779559059076,1
2026-05-23T17:57:39.1080430Z,1779559059108,0
2026-05-23T17:57:39.1398820Z,1779559059139,1
2026-05-23T17:57:39.1724410Z,1779559059172,1
2026-05-23T17:57:39.2040770Z,1779559059204,1
2026-05-23T17:57:39.2364020Z,1779559059236,0
2026-05-23T17:57:39.2685280Z,1779559059268,1
2026-05-23T17:57:39.3003930Z,1779559059300,1
2026-05-23T17:57:39.3330130Z,1779559059333,1
2026-05-23T17:57:39.3648460Z,1779559059364,0
2026-05-23T17:57:39.3967130Z,1779559059396,1
2026-05-23T17:57:39.4291240Z,1779559059429,1
2026-05-23T17:57:39.4623900Z,1779559059462,1
2026-05-23T17:57:39.5026590Z,1779559059502,0
2026-05-23T17:57:39.5710770Z,1779559059571,2
2026-05-23T17:57:39.5744460Z,1779559059574,0
2026-05-23T17:57:39.6059280Z,1779559059605,1
2026-05-23T17:57:39.6381300Z,1779559059638,1
2026-05-23T17:57:39.6703140Z,1779559059670,1
2026-05-23T17:57:39.7028740Z,1779559059702,0
2026-05-23T17:57:39.7346300Z,1779559059734,1
2026-05-23T17:57:39.7667150Z,1779559059766,1
2026-05-23T17:57:39.7986070Z,1779559059798,1
2026-05-23T17:57:39.8307880Z,1779559059830,0
2026-05-23T17:57:39.8630300Z,1779559059863,1
2026-05-23T17:57:39.8949950Z,1779559059894,1
2026-05-23T17:57:39.9271250Z,1779559059927,1
2026-05-23T17:57:39.9596380Z,1779559059959,1
2026-05-23T17:57:39.9993010Z,1779559059999,0
2026-05-23T17:57:40.0298760Z,1779559060029,1
2026-05-23T17:57:40.0633210Z,1779559060063,1
2026-05-23T17:57:40.1021880Z,1779559060102,1
2026-05-23T17:57:40.1328760Z,1779559060132,0
2026-05-23T17:57:40.1650680Z,1779559060165,1
2026-05-23T17:57:40.1973820Z,1779559060197,1
2026-05-23T17:57:40.2296930Z,1779559060229,1
2026-05-23T17:57:40.2617910Z,1779559060261,0
2026-05-23T17:57:40.2936390Z,1779559060293,1
2026-05-23T17:57:40.3258940Z,1779559060325,1
2026-05-23T17:57:40.3581260Z,1779559060358,1
2026-05-23T17:57:40.3902020Z,1779559060390,0
2026-05-23T17:57:40.4222590Z,1779559060422,1
2026-05-23T17:57:40.4549400Z,1779559060454,1
2026-05-23T17:57:40.4953780Z,1779559060495,1
2026-05-23T17:57:40.5257070Z,1779559060525,1
2026-05-23T17:57:40.5588480Z,1779559060558,1
2026-05-23T17:57:40.5990040Z,1779559060599,1
2026-05-23T17:57:40.6295740Z,1779559060629,0
2026-05-23T17:57:40.6618010Z,1779559060661,1
2026-05-23T17:57:40.6934460Z,1779559060693,1
2026-05-23T17:57:40.7256760Z,1779559060725,1
2026-05-23T17:57:40.7578630Z,1779559060757,0
2026-05-23T17:57:40.7897600Z,1779559060789,1
2026-05-23T17:57:40.8223000Z,1779559060822,1
2026-05-23T17:57:40.8540450Z,1779559060854,1
2026-05-23T17:57:40.8859520Z,1779559060885,0
2026-05-23T17:57:40.9183950Z,1779559060918,1
2026-05-23T17:57:40.9505580Z,1779559060950,1
2026-05-23T17:57:41.0217000Z,1779559061021,2
2026-05-23T17:57:41.0252730Z,1779559061025,0
2026-05-23T17:57:41.0570830Z,1779559061057,1
2026-05-23T17:57:41.0968290Z,1779559061096,1
2026-05-23T17:57:41.1276880Z,1779559061127,0
2026-05-23T17:57:41.1597680Z,1779559061159,1
2026-05-23T17:57:41.1921890Z,1779559061192,1
2026-05-23T17:57:41.2239520Z,1779559061223,1
2026-05-23T17:57:41.2560710Z,1779559061256,0
2026-05-23T17:57:41.2885040Z,1779559061288,1
2026-05-23T17:57:41.3203840Z,1779559061320,1
2026-05-23T17:57:41.3527480Z,1779559061352,1
2026-05-23T17:57:41.3844620Z,1779559061384,0
2026-05-23T17:57:41.4165530Z,1779559061416,1
2026-05-23T17:57:41.4491850Z,1779559061449,1
2026-05-23T17:57:41.4819910Z,1779559061481,1
2026-05-23T17:57:41.5224540Z,1779559061522,0
2026-05-23T17:57:41.5537040Z,1779559061553,1
2026-05-23T17:57:41.5935140Z,1779559061593,1
2026-05-23T17:57:41.6242460Z,1779559061624,1
2026-05-23T17:57:41.6562910Z,1779559061656,1
2026-05-23T17:57:41.6882830Z,1779559061688,1
2026-05-23T17:57:41.7207320Z,1779559061720,0
2026-05-23T17:57:41.7528560Z,1779559061752,1
2026-05-23T17:57:41.7848160Z,1779559061784,1
2026-05-23T17:57:41.8171110Z,1779559061817,0
2026-05-23T17:57:41.8495410Z,1779559061849,1
2026-05-23T17:57:41.8816050Z,1779559061881,1
2026-05-23T17:57:41.9135970Z,1779559061913,1
2026-05-23T17:57:41.9459030Z,1779559061945,1
2026-05-23T17:57:41.9784330Z,1779559061978,0
2026-05-23T17:57:42.0110320Z,1779559062011,1
2026-05-23T17:57:42.0518790Z,1779559062051,1
2026-05-23T17:57:42.0853680Z,1779559062085,1
2026-05-23T17:57:42.1211540Z,1779559062121,1
2026-05-23T17:57:42.1624540Z,1779559062162,0
2026-05-23T17:57:42.1974190Z,1779559062197,1
2026-05-23T17:57:42.2333160Z,1779559062233,1
2026-05-23T17:57:42.2690880Z,1779559062269,1
2026-05-23T17:57:42.3056340Z,1779559062305,1
2026-05-23T17:57:42.3380790Z,1779559062338,1
2026-05-23T17:57:42.3699730Z,1779559062369,1
2026-05-23T17:57:42.4026570Z,1779559062402,0
2026-05-23T17:57:42.4349000Z,1779559062434,1
2026-05-23T17:57:42.4669270Z,1779559062466,1
2026-05-23T17:57:42.4993750Z,1779559062499,1
2026-05-23T17:57:42.5330960Z,1779559062533,0
2026-05-23T17:57:42.5725120Z,1779559062572,1
2026-05-23T17:57:42.6033350Z,1779559062603,1
2026-05-23T17:57:42.6442170Z,1779559062644,1
2026-05-23T17:57:42.6752120Z,1779559062675,0
2026-05-23T17:57:42.7071540Z,1779559062707,1
2026-05-23T17:57:42.7393110Z,1779559062739,1
2026-05-23T17:57:42.7714450Z,1779559062771,1
2026-05-23T17:57:42.8036830Z,1779559062803,0
2026-05-23T17:57:42.8355540Z,1779559062835,1
2026-05-23T17:57:42.8675460Z,1779559062867,1
2026-05-23T17:57:42.8997520Z,1779559062899,1
2026-05-23T17:57:42.9321340Z,1779559062932,0
2026-05-23T17:57:42.9637710Z,1779559062963,1
2026-05-23T17:57:42.9959240Z,1779559062995,1
2026-05-23T17:57:43.0289300Z,1779559063028,1
2026-05-23T17:57:43.0686590Z,1779559063068,1
2026-05-23T17:57:43.1001210Z,1779559063100,0
2026-05-23T17:57:43.1392800Z,1779559063139,1
2026-05-23T17:57:43.1699010Z,1779559063169,1
2026-05-23T17:57:43.2022630Z,1779559063202,1
2026-05-23T17:57:43.2340480Z,1779559063234,1
2026-05-23T17:57:43.2663040Z,1779559063266,0
2026-05-23T17:57:43.2983740Z,1779559063298,1
2026-05-23T17:57:43.3304880Z,1779559063330,1
2026-05-23T17:57:43.3627960Z,1779559063362,1
2026-05-23T17:57:43.3945090Z,1779559063394,1
2026-05-23T17:57:43.4266210Z,1779559063426,0
2026-05-23T17:57:43.4585250Z,1779559063458,1
2026-05-23T17:57:43.4907070Z,1779559063490,1
2026-05-23T17:57:43.5232270Z,1779559063523,1
2026-05-23T17:57:43.5942330Z,1779559063594,1
2026-05-23T17:57:43.5981480Z,1779559063598,0
2026-05-23T17:57:43.6301030Z,1779559063630,1
2026-05-23T17:57:43.6729860Z,1779559063672,1
2026-05-23T17:57:43.7032950Z,1779559063703,1
2026-05-23T17:57:43.7354210Z,1779559063735,1
2026-05-23T17:57:43.7673240Z,1779559063767,0
2026-05-23T17:57:43.7996250Z,1779559063799,1
2026-05-23T17:57:43.8318700Z,1779559063831,1
2026-05-23T17:57:43.8638520Z,1779559063863,1
2026-05-23T17:57:43.8958740Z,1779559063895,0
2026-05-23T17:57:43.9281520Z,1779559063928,1
2026-05-23T17:57:43.9603010Z,1779559063960,1
2026-05-23T17:57:43.9926790Z,1779559063992,1
2026-05-23T17:57:44.0246190Z,1779559064024,0
2026-05-23T17:57:44.0958640Z,1779559064095,2
2026-05-23T17:57:44.0993690Z,1779559064099,0
2026-05-23T17:57:44.1315540Z,1779559064131,1
2026-05-23T17:57:44.2022580Z,1779559064202,1
2026-05-23T17:57:44.2058790Z,1779559064205,0
2026-05-23T17:57:44.2371230Z,1779559064237,1
2026-05-23T17:57:44.2692860Z,1779559064269,1
2026-05-23T17:57:44.3018810Z,1779559064301,1
2026-05-23T17:57:44.3336780Z,1779559064333,1
2026-05-23T17:57:44.3657580Z,1779559064365,1
2026-05-23T17:57:44.3976580Z,1779559064397,0
2026-05-23T17:57:44.4295320Z,1779559064429,1
2026-05-23T17:57:44.4619170Z,1779559064461,1
2026-05-23T17:57:44.4935020Z,1779559064493,0
2026-05-23T17:57:44.5262960Z,1779559064526,1
2026-05-23T17:57:44.5582370Z,1779559064558,1
2026-05-23T17:57:44.5996640Z,1779559064599,1
2026-05-23T17:57:44.6684390Z,1779559064668,2
2026-05-23T17:57:44.6723750Z,1779559064672,0
2026-05-23T17:57:44.7035660Z,1779559064703,0
2026-05-23T17:57:44.7357220Z,1779559064735,1
2026-05-23T17:57:44.7676250Z,1779559064767,1
2026-05-23T17:57:44.7998660Z,1779559064799,1
2026-05-23T17:57:44.8323650Z,1779559064832,0
2026-05-23T17:57:44.8644970Z,1779559064864,1
2026-05-23T17:57:44.8962190Z,1779559064896,1
2026-05-23T17:57:44.9282120Z,1779559064928,1
2026-05-23T17:57:44.9604160Z,1779559064960,0
2026-05-23T17:57:44.9927930Z,1779559064992,1
2026-05-23T17:57:45.0245700Z,1779559065024,1
2026-05-23T17:57:45.0570750Z,1779559065057,1
2026-05-23T17:57:45.0898170Z,1779559065089,0
2026-05-23T17:57:45.1321760Z,1779559065132,2
2026-05-23T17:57:45.1621660Z,1779559065162,0
2026-05-23T17:57:45.2031450Z,1779559065203,1
2026-05-23T17:57:45.2338760Z,1779559065233,1
2026-05-23T17:57:45.2659030Z,1779559065265,1
2026-05-23T17:57:45.2979670Z,1779559065297,1
2026-05-23T17:57:45.3300370Z,1779559065330,0
2026-05-23T17:57:45.3624470Z,1779559065362,1
2026-05-23T17:57:45.3941880Z,1779559065394,1
2026-05-23T17:57:45.4263590Z,1779559065426,1
2026-05-23T17:57:45.4585400Z,1779559065458,0
2026-05-23T17:57:45.4907540Z,1779559065490,1
2026-05-23T17:57:45.5227540Z,1779559065522,1
2026-05-23T17:57:45.5548780Z,1779559065554,1
2026-05-23T17:57:45.5874020Z,1779559065587,0
2026-05-23T17:57:45.6294820Z,1779559065629,1
2026-05-23T17:57:45.6601490Z,1779559065660,1
2026-05-23T17:57:45.6995640Z,1779559065699,1
2026-05-23T17:57:45.7304570Z,1779559065730,1
2026-05-23T17:57:45.7626670Z,1779559065762,1
2026-05-23T17:57:45.7946850Z,1779559065794,0
2026-05-23T17:57:45.8268430Z,1779559065826,1
2026-05-23T17:57:45.8589190Z,1779559065858,1
2026-05-23T17:57:45.8910420Z,1779559065891,1
2026-05-23T17:57:45.9234990Z,1779559065923,0
2026-05-23T17:57:45.9553190Z,1779559065955,1
2026-05-23T17:57:45.9877100Z,1779559065987,1
2026-05-23T17:57:46.0197960Z,1779559066019,1
2026-05-23T17:57:46.0522950Z,1779559066052,0
2026-05-23T17:57:46.0847800Z,1779559066084,1
2026-05-23T17:57:46.1258160Z,1779559066125,1
2026-05-23T17:57:46.1566260Z,1779559066156,1
2026-05-23T17:57:46.1887480Z,1779559066188,1
2026-05-23T17:57:46.2211050Z,1779559066221,0
2026-05-23T17:57:46.2531720Z,1779559066253,1
2026-05-23T17:57:46.2852390Z,1779559066285,1
2026-05-23T17:57:46.3174220Z,1779559066317,1
2026-05-23T17:57:46.3496410Z,1779559066349,0
2026-05-23T17:57:46.3824090Z,1779559066382,1
2026-05-23T17:57:46.4140620Z,1779559066414,1
2026-05-23T17:57:46.4460650Z,1779559066446,1
2026-05-23T17:57:46.4783600Z,1779559066478,0
2026-05-23T17:57:46.5105950Z,1779559066510,1
2026-05-23T17:57:46.5425430Z,1779559066542,1
2026-05-23T17:57:46.5747710Z,1779559066574,1
2026-05-23T17:57:46.6073620Z,1779559066607,0
2026-05-23T17:57:46.6477560Z,1779559066647,2
2026-05-23T17:57:46.6787560Z,1779559066678,0
2026-05-23T17:57:46.7120760Z,1779559066712,1
2026-05-23T17:57:46.7528620Z,1779559066752,1
2026-05-23T17:57:46.7838570Z,1779559066783,1
2026-05-23T17:57:46.8158800Z,1779559066815,1
2026-05-23T17:57:46.8483340Z,1779559066848,0
2026-05-23T17:57:46.8801480Z,1779559066880,1
2026-05-23T17:57:46.9124860Z,1779559066912,1
2026-05-23T17:57:46.9444760Z,1779559066944,1
2026-05-23T17:57:46.9765460Z,1779559066976,0
2026-05-23T17:57:47.0087900Z,1779559067008,1
2026-05-23T17:57:47.0407610Z,1779559067040,1
2026-05-23T17:57:47.0732050Z,1779559067073,1
2026-05-23T17:57:47.1051810Z,1779559067105,0
2026-05-23T17:57:47.1767000Z,1779559067176,2
2026-05-23T17:57:47.1799640Z,1779559067179,0
2026-05-23T17:57:47.2125460Z,1779559067212,1
2026-05-23T17:57:47.2519850Z,1779559067251,1
2026-05-23T17:57:47.2828480Z,1779559067282,1
2026-05-23T17:57:47.3149620Z,1779559067314,0
2026-05-23T17:57:47.3468840Z,1779559067346,1
2026-05-23T17:57:47.3792890Z,1779559067379,1
2026-05-23T17:57:47.4115690Z,1779559067411,1
2026-05-23T17:57:47.4434160Z,1779559067443,1
2026-05-23T17:57:47.4754910Z,1779559067475,0
2026-05-23T17:57:47.5078350Z,1779559067507,1
2026-05-23T17:57:47.5396620Z,1779559067539,1
2026-05-23T17:57:47.5717760Z,1779559067571,0
2026-05-23T17:57:47.6040320Z,1779559067604,1
2026-05-23T17:57:47.6752280Z,1779559067675,2
2026-05-23T17:57:47.6787350Z,1779559067678,0
2026-05-23T17:57:47.7106470Z,1779559067710,1
2026-05-23T17:57:47.7510550Z,1779559067751,0
2026-05-23T17:57:47.7819770Z,1779559067781,1
2026-05-23T17:57:47.8137250Z,1779559067813,1
2026-05-23T17:57:47.8459180Z,1779559067845,1
2026-05-23T17:57:47.8781600Z,1779559067878,0
2026-05-23T17:57:47.9097400Z,1779559067909,1
2026-05-23T17:57:47.9419540Z,1779559067941,1
2026-05-23T17:57:47.9739670Z,1779559067973,1
2026-05-23T17:57:48.0060890Z,1779559068006,0
2026-05-23T17:57:48.0379110Z,1779559068037,1
2026-05-23T17:57:48.0700520Z,1779559068070,1
2026-05-23T17:57:48.1025520Z,1779559068102,1
2026-05-23T17:57:48.1730580Z,1779559068173,2
2026-05-23T17:57:48.1763570Z,1779559068176,0
2026-05-23T17:57:48.2086670Z,1779559068208,0
2026-05-23T17:57:48.2487830Z,1779559068248,1
2026-05-23T17:57:48.2792740Z,1779559068279,1
2026-05-23T17:57:48.3117500Z,1779559068311,1
2026-05-23T17:57:48.3435480Z,1779559068343,0
2026-05-23T17:57:48.3754530Z,1779559068375,1
2026-05-23T17:57:48.4073870Z,1779559068407,1
2026-05-23T17:57:48.4396140Z,1779559068439,1
2026-05-23T17:57:48.4719060Z,1779559068471,0
2026-05-23T17:57:48.5040910Z,1779559068504,1
2026-05-23T17:57:48.5356700Z,1779559068535,1
2026-05-23T17:57:48.5677050Z,1779559068567,1
2026-05-23T17:57:48.5996190Z,1779559068599,0
2026-05-23T17:57:48.6326440Z,1779559068632,1
2026-05-23T17:57:48.6648410Z,1779559068664,1
2026-05-23T17:57:48.7046940Z,1779559068704,1
2026-05-23T17:57:48.7355440Z,1779559068735,1
2026-05-23T17:57:48.7684900Z,1779559068768,0
2026-05-23T17:57:48.8079280Z,1779559068807,1
2026-05-23T17:57:48.8390350Z,1779559068839,1
2026-05-23T17:57:48.8708510Z,1779559068870,1
2026-05-23T17:57:48.9034140Z,1779559068903,0
2026-05-23T17:57:48.9349570Z,1779559068934,1
2026-05-23T17:57:48.9674260Z,1779559068967,1
2026-05-23T17:57:48.9994980Z,1779559068999,1
2026-05-23T17:57:49.0316760Z,1779559069031,1
2026-05-23T17:57:49.0632580Z,1779559069063,0
2026-05-23T17:57:49.0958540Z,1779559069095,1
2026-05-23T17:57:49.1276620Z,1779559069127,1
2026-05-23T17:57:49.1610710Z,1779559069161,1
2026-05-23T17:57:49.2006620Z,1779559069200,1
2026-05-23T17:57:49.2320390Z,1779559069232,1
2026-05-23T17:57:49.2709010Z,1779559069270,0
2026-05-23T17:57:49.3022790Z,1779559069302,1
2026-05-23T17:57:49.3341490Z,1779559069334,1
2026-05-23T17:57:49.3661440Z,1779559069366,1
2026-05-23T17:57:49.3982720Z,1779559069398,0
2026-05-23T17:57:49.4304250Z,1779559069430,1
2026-05-23T17:57:49.4626910Z,1779559069462,1
2026-05-23T17:57:49.4945760Z,1779559069494,1
2026-05-23T17:57:49.5266840Z,1779559069526,0
2026-05-23T17:57:49.5589930Z,1779559069558,1
2026-05-23T17:57:49.5907730Z,1779559069590,1
2026-05-23T17:57:49.6232750Z,1779559069623,1
2026-05-23T17:57:49.6551300Z,1779559069655,0
2026-05-23T17:57:49.7259230Z,1779559069725,2
2026-05-23T17:57:49.7290650Z,1779559069729,0
2026-05-23T17:57:49.7607750Z,1779559069760,1
2026-05-23T17:57:49.8013360Z,1779559069801,1
2026-05-23T17:57:49.8322950Z,1779559069832,1
2026-05-23T17:57:49.8639710Z,1779559069863,0
2026-05-23T17:57:49.8958290Z,1779559069895,1
2026-05-23T17:57:49.9282170Z,1779559069928,1
2026-05-23T17:57:49.9602930Z,1779559069960,1
2026-05-23T17:57:49.9926820Z,1779559069992,0
2026-05-23T17:57:50.0242050Z,1779559070024,1
2026-05-23T17:57:50.0566040Z,1779559070056,1
2026-05-23T17:57:50.0888500Z,1779559070088,1
2026-05-23T17:57:50.1209600Z,1779559070120,0
2026-05-23T17:57:50.1532530Z,1779559070153,1
2026-05-23T17:57:50.1856590Z,1779559070185,1
2026-05-23T17:57:50.2183990Z,1779559070218,1
2026-05-23T17:57:50.2586190Z,1779559070258,1
2026-05-23T17:57:50.3277930Z,1779559070327,1
2026-05-23T17:57:50.3311970Z,1779559070331,0
2026-05-23T17:57:50.3628410Z,1779559070362,1
2026-05-23T17:57:50.3948820Z,1779559070394,1
2026-05-23T17:57:50.4271110Z,1779559070427,0
2026-05-23T17:57:50.4592140Z,1779559070459,1
2026-05-23T17:57:50.4916310Z,1779559070491,1
2026-05-23T17:57:50.5233450Z,1779559070523,1
2026-05-23T17:57:50.5556510Z,1779559070555,0
2026-05-23T17:57:50.5876580Z,1779559070587,1
2026-05-23T17:57:50.6200440Z,1779559070620,1
2026-05-23T17:57:50.6525350Z,1779559070652,1
2026-05-23T17:57:50.6846450Z,1779559070684,0
2026-05-23T17:57:50.7178870Z,1779559070717,1
2026-05-23T17:57:50.7577990Z,1779559070757,1
2026-05-23T17:57:50.7884800Z,1779559070788,1
2026-05-23T17:57:50.8221180Z,1779559070822,1
2026-05-23T17:57:50.8609630Z,1779559070860,1
2026-05-23T17:57:50.8920230Z,1779559070892,0
2026-05-23T17:57:50.9242570Z,1779559070924,1
2026-05-23T17:57:50.9562890Z,1779559070956,1
2026-05-23T17:57:50.9886230Z,1779559070988,1
2026-05-23T17:57:51.0203780Z,1779559071020,0
2026-05-23T17:57:51.0533620Z,1779559071053,1
2026-05-23T17:57:51.0851710Z,1779559071085,1
2026-05-23T17:57:51.1174030Z,1779559071117,1
2026-05-23T17:57:51.1490340Z,1779559071149,0
2026-05-23T17:57:51.1819180Z,1779559071181,1
2026-05-23T17:57:51.2143450Z,1779559071214,1
2026-05-23T17:57:51.2543050Z,1779559071254,1
2026-05-23T17:57:51.2857820Z,1779559071285,1
2026-05-23T17:57:51.3252780Z,1779559071325,0
2026-05-23T17:57:51.3561910Z,1779559071356,1
2026-05-23T17:57:51.3883020Z,1779559071388,1
2026-05-23T17:57:51.4203410Z,1779559071420,1
2026-05-23T17:57:51.4527500Z,1779559071452,0
2026-05-23T17:57:51.4845590Z,1779559071484,1
2026-05-23T17:57:51.5163310Z,1779559071516,1
2026-05-23T17:57:51.5486030Z,1779559071548,1
2026-05-23T17:57:51.5808140Z,1779559071580,0
2026-05-23T17:57:51.6131600Z,1779559071613,1
2026-05-23T17:57:51.6448840Z,1779559071644,1
2026-05-23T17:57:51.6767550Z,1779559071676,1
2026-05-23T17:57:51.7090820Z,1779559071709,0
2026-05-23T17:57:51.7802600Z,1779559071780,1
2026-05-23T17:57:51.7843070Z,1779559071784,1
2026-05-23T17:57:51.8158890Z,1779559071815,0
2026-05-23T17:57:51.8571380Z,1779559071857,1
2026-05-23T17:57:51.8876520Z,1779559071887,1
2026-05-23T17:57:51.9196460Z,1779559071919,1
2026-05-23T17:57:51.9523820Z,1779559071952,0
2026-05-23T17:57:51.9841110Z,1779559071984,1
2026-05-23T17:57:52.0162490Z,1779559072016,1
2026-05-23T17:57:52.0483100Z,1779559072048,1
2026-05-23T17:57:52.0832650Z,1779559072083,0
2026-05-23T17:57:52.1184220Z,1779559072118,1
2026-05-23T17:57:52.1544500Z,1779559072154,1
2026-05-23T17:57:52.1917460Z,1779559072191,1
2026-05-23T17:57:52.2274910Z,1779559072227,1
2026-05-23T17:57:52.2623940Z,1779559072262,1
2026-05-23T17:57:52.3025790Z,1779559072302,1
2026-05-23T17:57:52.3361640Z,1779559072336,0
2026-05-23T17:57:52.3693700Z,1779559072369,1
2026-05-23T17:57:52.4088470Z,1779559072408,1
2026-05-23T17:57:52.4398020Z,1779559072439,1
2026-05-23T17:57:52.4720560Z,1779559072472,1
2026-05-23T17:57:52.5039760Z,1779559072503,1
2026-05-23T17:57:52.5359220Z,1779559072535,0
2026-05-23T17:57:52.5682610Z,1779559072568,1
2026-05-23T17:57:52.6002290Z,1779559072600,1
2026-05-23T17:57:52.6325220Z,1779559072632,1
2026-05-23T17:57:52.6642110Z,1779559072664,0
2026-05-23T17:57:52.6962500Z,1779559072696,1
2026-05-23T17:57:52.7286850Z,1779559072728,1
2026-05-23T17:57:52.7615100Z,1779559072761,1
2026-05-23T17:57:52.8035030Z,1779559072803,1
2026-05-23T17:57:52.8337360Z,1779559072833,0
2026-05-23T17:57:52.8735330Z,1779559072873,1
2026-05-23T17:57:52.9043350Z,1779559072904,1
2026-05-23T17:57:52.9367190Z,1779559072936,1
2026-05-23T17:57:52.9684850Z,1779559072968,0
2026-05-23T17:57:53.0010280Z,1779559073001,1
2026-05-23T17:57:53.0335510Z,1779559073033,1
2026-05-23T17:57:53.0651180Z,1779559073065,1
2026-05-23T17:57:53.0970770Z,1779559073097,0
2026-05-23T17:57:53.1294130Z,1779559073129,1
2026-05-23T17:57:53.1617170Z,1779559073161,1
2026-05-23T17:57:53.1934180Z,1779559073193,1
2026-05-23T17:57:53.2258380Z,1779559073225,0
2026-05-23T17:57:53.2579500Z,1779559073257,1
2026-05-23T17:57:53.3289420Z,1779559073328,2
2026-05-23T17:57:53.3323430Z,1779559073332,0
2026-05-23T17:57:53.3645730Z,1779559073364,1
2026-05-23T17:57:53.4040090Z,1779559073404,1
2026-05-23T17:57:53.4349300Z,1779559073434,1
2026-05-23T17:57:53.4672360Z,1779559073467,0
2026-05-23T17:57:53.4993680Z,1779559073499,1
2026-05-23T17:57:53.5317330Z,1779559073531,1
2026-05-23T17:57:53.5633040Z,1779559073563,1
2026-05-23T17:57:53.5957010Z,1779559073595,0
2026-05-23T17:57:53.6277560Z,1779559073627,1
2026-05-23T17:57:53.6597270Z,1779559073659,1
2026-05-23T17:57:53.6916490Z,1779559073691,1
2026-05-23T17:57:53.7239560Z,1779559073723,0
2026-05-23T17:57:53.7563460Z,1779559073756,1
2026-05-23T17:57:53.8274630Z,1779559073827,2
2026-05-23T17:57:53.8308530Z,1779559073830,0
2026-05-23T17:57:53.8624870Z,1779559073862,1
2026-05-23T17:57:53.9333970Z,1779559073933,1
2026-05-23T17:57:53.9363110Z,1779559073936,1
2026-05-23T17:57:53.9685300Z,1779559073968,0
2026-05-23T17:57:54.0005590Z,1779559074000,1
2026-05-23T17:57:54.0328160Z,1779559074032,1
2026-05-23T17:57:54.0646710Z,1779559074064,1
2026-05-23T17:57:54.0969700Z,1779559074096,0
2026-05-23T17:57:54.1289710Z,1779559074128,1
2026-05-23T17:57:54.1611350Z,1779559074161,1
2026-05-23T17:57:54.1934340Z,1779559074193,1
2026-05-23T17:57:54.2252380Z,1779559074225,0
2026-05-23T17:57:54.2574400Z,1779559074257,1
2026-05-23T17:57:54.2896830Z,1779559074289,1
2026-05-23T17:57:54.3304990Z,1779559074330,1
2026-05-23T17:57:54.3993410Z,1779559074399,1
2026-05-23T17:57:54.4027590Z,1779559074402,0
2026-05-23T17:57:54.4343050Z,1779559074434,1
2026-05-23T17:57:54.4668660Z,1779559074466,1
2026-05-23T17:57:54.4987960Z,1779559074498,0
2026-05-23T17:57:54.5309390Z,1779559074530,1
2026-05-23T17:57:54.5633310Z,1779559074563,1
2026-05-23T17:57:54.5956990Z,1779559074595,1
2026-05-23T17:57:54.6274920Z,1779559074627,0
2026-05-23T17:57:54.6596800Z,1779559074659,1
2026-05-23T17:57:54.6920940Z,1779559074692,1
2026-05-23T17:57:54.7240410Z,1779559074724,1
2026-05-23T17:57:54.7561440Z,1779559074756,0
2026-05-23T17:57:54.7884960Z,1779559074788,1
2026-05-23T17:57:54.8217100Z,1779559074821,1
2026-05-23T17:57:54.8611200Z,1779559074861,1
2026-05-23T17:57:54.8923440Z,1779559074892,1
2026-05-23T17:57:54.9252960Z,1779559074925,1
2026-05-23T17:57:54.9647170Z,1779559074964,1
2026-05-23T17:57:54.9956690Z,1779559074995,0
2026-05-23T17:57:55.0276330Z,1779559075027,1
2026-05-23T17:57:55.0600680Z,1779559075060,1
2026-05-23T17:57:55.0923170Z,1779559075092,1
2026-05-23T17:57:55.1241310Z,1779559075124,0
2026-05-23T17:57:55.1565770Z,1779559075156,1
2026-05-23T17:57:55.1884200Z,1779559075188,1
2026-05-23T17:57:55.2204490Z,1779559075220,1
2026-05-23T17:57:55.2526600Z,1779559075252,0
2026-05-23T17:57:55.2852330Z,1779559075285,1
2026-05-23T17:57:55.3177720Z,1779559075317,1
2026-05-23T17:57:55.3587250Z,1779559075358,1
2026-05-23T17:57:55.3893300Z,1779559075389,1
2026-05-23T17:57:55.4228720Z,1779559075422,1
2026-05-23T17:57:55.4624030Z,1779559075462,1
2026-05-23T17:57:55.4933330Z,1779559075493,0
2026-05-23T17:57:55.5251090Z,1779559075525,1
2026-05-23T17:57:55.5571620Z,1779559075557,1
2026-05-23T17:57:55.5891610Z,1779559075589,1
2026-05-23T17:57:55.6218290Z,1779559075621,0
2026-05-23T17:57:55.6537240Z,1779559075653,1
2026-05-23T17:57:55.6862030Z,1779559075686,1
2026-05-23T17:57:55.7178900Z,1779559075717,1
2026-05-23T17:57:55.7501300Z,1779559075750,0
2026-05-23T17:57:55.7829230Z,1779559075782,1
2026-05-23T17:57:55.8152570Z,1779559075815,1
2026-05-23T17:57:55.8553610Z,1779559075855,1
2026-05-23T17:57:55.8862690Z,1779559075886,0
2026-05-23T17:57:55.9261910Z,1779559075926,1
2026-05-23T17:57:55.9569750Z,1779559075956,1
2026-05-23T17:57:55.9892170Z,1779559075989,1
2026-05-23T17:57:56.0214960Z,1779559076021,1
2026-05-23T17:57:56.0532890Z,1779559076053,0
2026-05-23T17:57:56.0858030Z,1779559076085,1
2026-05-23T17:57:56.1176950Z,1779559076117,1
2026-05-23T17:57:56.1495060Z,1779559076149,1
2026-05-23T17:57:56.1822110Z,1779559076182,0
2026-05-23T17:57:56.2139350Z,1779559076213,1
2026-05-23T17:57:56.2460870Z,1779559076246,1
2026-05-23T17:57:56.2780590Z,1779559076278,0
2026-05-23T17:57:56.3104310Z,1779559076310,1
2026-05-23T17:57:56.3812260Z,1779559076381,2
2026-05-23T17:57:56.3848100Z,1779559076384,0
2026-05-23T17:57:56.4170780Z,1779559076417,1
2026-05-23T17:57:56.4564410Z,1779559076456,1
2026-05-23T17:57:56.4874660Z,1779559076487,1
2026-05-23T17:57:56.5194790Z,1779559076519,0
2026-05-23T17:57:56.5516420Z,1779559076551,1
2026-05-23T17:57:56.5837520Z,1779559076583,1
2026-05-23T17:57:56.6159650Z,1779559076615,1
2026-05-23T17:57:56.6480430Z,1779559076648,0
2026-05-23T17:57:56.6801000Z,1779559076680,1
2026-05-23T17:57:56.7121490Z,1779559076712,1
2026-05-23T17:57:56.7435590Z,1779559076743,1
2026-05-23T17:57:56.7756960Z,1779559076775,0
2026-05-23T17:57:56.8075520Z,1779559076807,1
2026-05-23T17:57:56.8779900Z,1779559076877,2
2026-05-23T17:57:56.8814780Z,1779559076881,0
2026-05-23T17:57:56.9137140Z,1779559076913,0
2026-05-23T17:57:56.9529050Z,1779559076952,2
2026-05-23T17:57:56.9837300Z,1779559076983,0
2026-05-23T17:57:57.0157730Z,1779559077015,1
2026-05-23T17:57:57.0479900Z,1779559077047,1
2026-05-23T17:57:57.0804650Z,1779559077080,0
2026-05-23T17:57:57.1124940Z,1779559077112,1
2026-05-23T17:57:57.1443590Z,1779559077144,1
2026-05-23T17:57:57.1767090Z,1779559077176,1
2026-05-23T17:57:57.2086480Z,1779559077208,1
2026-05-23T17:57:57.2407510Z,1779559077240,0
2026-05-23T17:57:57.2732440Z,1779559077273,1
2026-05-23T17:57:57.3049730Z,1779559077304,1
2026-05-23T17:57:57.3374840Z,1779559077337,1
2026-05-23T17:57:57.3700380Z,1779559077370,0
2026-05-23T17:57:57.4103010Z,1779559077410,1
2026-05-23T17:57:57.4410620Z,1779559077441,1
2026-05-23T17:57:57.4743040Z,1779559077474,1
2026-05-23T17:57:57.5135120Z,1779559077513,1
2026-05-23T17:57:57.5444900Z,1779559077544,0
2026-05-23T17:57:57.5766200Z,1779559077576,1
2026-05-23T17:57:57.6086300Z,1779559077608,1
2026-05-23T17:57:57.6405370Z,1779559077640,1
2026-05-23T17:57:57.6732200Z,1779559077673,0
2026-05-23T17:57:57.7044150Z,1779559077704,1
2026-05-23T17:57:57.7366210Z,1779559077736,1
2026-05-23T17:57:57.7689030Z,1779559077768,1
2026-05-23T17:57:57.8012770Z,1779559077801,0
2026-05-23T17:57:57.8332120Z,1779559077833,1
2026-05-23T17:57:57.8655940Z,1779559077865,1
2026-05-23T17:57:57.8984870Z,1779559077898,1
2026-05-23T17:57:57.9389140Z,1779559077938,0
2026-05-23T17:57:57.9700820Z,1779559077970,1
2026-05-23T17:57:58.0097030Z,1779559078009,1
2026-05-23T17:57:58.0406570Z,1779559078040,1
2026-05-23T17:57:58.0731410Z,1779559078073,1
2026-05-23T17:57:58.1047520Z,1779559078104,1
2026-05-23T17:57:58.1370400Z,1779559078137,0
2026-05-23T17:57:58.1692240Z,1779559078169,1
2026-05-23T17:57:58.2013760Z,1779559078201,1
2026-05-23T17:57:58.2333140Z,1779559078233,1
2026-05-23T17:57:58.2656380Z,1779559078265,1
2026-05-23T17:57:58.2977020Z,1779559078297,0
2026-05-23T17:57:58.3301020Z,1779559078330,1
2026-05-23T17:57:58.3625340Z,1779559078362,1
2026-05-23T17:57:58.3951290Z,1779559078395,1
2026-05-23T17:57:58.4349900Z,1779559078434,0
2026-05-23T17:57:58.4658700Z,1779559078465,1
2026-05-23T17:57:58.4993030Z,1779559078499,1
2026-05-23T17:57:58.5390750Z,1779559078539,1
2026-05-23T17:57:58.5694220Z,1779559078569,1
2026-05-23T17:57:58.6019960Z,1779559078601,1
2026-05-23T17:57:58.6339280Z,1779559078633,0
2026-05-23T17:57:58.6662280Z,1779559078666,1
2026-05-23T17:57:58.6981770Z,1779559078698,1
2026-05-23T17:57:58.7302430Z,1779559078730,1
2026-05-23T17:57:58.7624260Z,1779559078762,0
2026-05-23T17:57:58.7945120Z,1779559078794,1
2026-05-23T17:57:58.8265450Z,1779559078826,1
2026-05-23T17:57:58.8590270Z,1779559078859,1
2026-05-23T17:57:58.8909520Z,1779559078890,0
2026-05-23T17:57:58.9627300Z,1779559078962,2
2026-05-23T17:57:58.9657440Z,1779559078965,0
2026-05-23T17:57:58.9977290Z,1779559078997,1
2026-05-23T17:57:59.0302330Z,1779559079030,1
2026-05-23T17:57:59.0622560Z,1779559079062,0
2026-05-23T17:57:59.0942020Z,1779559079094,1
2026-05-23T17:57:59.1263700Z,1779559079126,1
2026-05-23T17:57:59.1586110Z,1779559079158,1
2026-05-23T17:57:59.1907640Z,1779559079190,0
2026-05-23T17:57:59.2228850Z,1779559079222,1
2026-05-23T17:57:59.2547630Z,1779559079254,1
2026-05-23T17:57:59.2870380Z,1779559079287,1
2026-05-23T17:57:59.3191180Z,1779559079319,0
2026-05-23T17:57:59.3514940Z,1779559079351,1
2026-05-23T17:57:59.3838880Z,1779559079383,1
2026-05-23T17:57:59.4548410Z,1779559079454,1
2026-05-23T17:57:59.4580770Z,1779559079458,0
2026-05-23T17:57:59.4903440Z,1779559079490,0
2026-05-23T17:57:59.5298990Z,1779559079529,1
2026-05-23T17:57:59.5606510Z,1779559079560,1
2026-05-23T17:57:59.5931760Z,1779559079593,1
2026-05-23T17:57:59.6252000Z,1779559079625,1
2026-05-23T17:57:59.6572270Z,1779559079657,0
2026-05-23T17:57:59.6893530Z,1779559079689,1
2026-05-23T17:57:59.7213870Z,1779559079721,1
2026-05-23T17:57:59.7532830Z,1779559079753,1
2026-05-23T17:57:59.7854320Z,1779559079785,0
2026-05-23T17:57:59.8175760Z,1779559079817,1
2026-05-23T17:57:59.8496180Z,1779559079849,1
2026-05-23T17:57:59.8819130Z,1779559079881,1
2026-05-23T17:57:59.9533220Z,1779559079953,1
2026-05-23T17:57:59.9566060Z,1779559079956,0
2026-05-23T17:57:59.9886690Z,1779559079988,1
2026-05-23T17:58:00.0284790Z,1779559080028,1
2026-05-23T17:58:00.0606720Z,1779559080060,1
2026-05-23T17:58:00.0929230Z,1779559080092,0
2026-05-23T17:58:00.1248330Z,1779559080124,1
2026-05-23T17:58:00.1569920Z,1779559080156,1
2026-05-23T17:58:00.1890430Z,1779559080189,1
2026-05-23T17:58:00.2209600Z,1779559080220,0
2026-05-23T17:58:00.2531140Z,1779559080253,1
2026-05-23T17:58:00.2855410Z,1779559080285,1
2026-05-23T17:58:00.3173370Z,1779559080317,1
2026-05-23T17:58:00.3493750Z,1779559080349,1
2026-05-23T17:58:00.3818420Z,1779559080381,0
2026-05-23T17:58:00.4140990Z,1779559080414,1
2026-05-23T17:58:00.4469660Z,1779559080446,1
2026-05-23T17:58:00.4869610Z,1779559080486,1
2026-05-23T17:58:00.5559070Z,1779559080555,2
2026-05-23T17:58:00.5590130Z,1779559080559,0
2026-05-23T17:58:00.5906200Z,1779559080590,0
2026-05-23T17:58:00.6231810Z,1779559080623,1
2026-05-23T17:58:00.6549090Z,1779559080654,1
2026-05-23T17:58:00.6871800Z,1779559080687,1
2026-05-23T17:58:00.7191030Z,1779559080719,0
2026-05-23T17:58:00.7510070Z,1779559080751,1
2026-05-23T17:58:00.7834840Z,1779559080783,1
2026-05-23T17:58:00.8152290Z,1779559080815,1
2026-05-23T17:58:00.8472720Z,1779559080847,0
2026-05-23T17:58:00.8793150Z,1779559080879,1
2026-05-23T17:58:00.9117490Z,1779559080911,1
2026-05-23T17:58:00.9437710Z,1779559080943,1
2026-05-23T17:58:00.9846930Z,1779559080984,0
2026-05-23T17:58:01.0159410Z,1779559081015,1
2026-05-23T17:58:01.0556370Z,1779559081055,1
2026-05-23T17:58:01.0862560Z,1779559081086,1
2026-05-23T17:58:01.1181260Z,1779559081118,1
2026-05-23T17:58:01.1504800Z,1779559081150,1
2026-05-23T17:58:01.1828400Z,1779559081182,0
2026-05-23T17:58:01.2151560Z,1779559081215,1
2026-05-23T17:58:01.2469750Z,1779559081246,1
2026-05-23T17:58:01.2791450Z,1779559081279,1
2026-05-23T17:58:01.3114630Z,1779559081311,0
2026-05-23T17:58:01.3432090Z,1779559081343,1
2026-05-23T17:58:01.3753710Z,1779559081375,1
2026-05-23T17:58:01.4074710Z,1779559081407,1
2026-05-23T17:58:01.4399210Z,1779559081439,0
2026-05-23T17:58:01.5107730Z,1779559081510,2
2026-05-23T17:58:01.5143090Z,1779559081514,0
2026-05-23T17:58:01.5456260Z,1779559081545,1
2026-05-23T17:58:01.6168330Z,1779559081616,1
2026-05-23T17:58:01.6199980Z,1779559081619,0
2026-05-23T17:58:01.6520310Z,1779559081652,1
2026-05-23T17:58:01.6842380Z,1779559081684,1
2026-05-23T17:58:01.7162490Z,1779559081716,1
2026-05-23T17:58:01.7481150Z,1779559081748,0
2026-05-23T17:58:01.7804070Z,1779559081780,1
2026-05-23T17:58:01.8130390Z,1779559081813,1
2026-05-23T17:58:01.8446920Z,1779559081844,1
2026-05-23T17:58:01.8763720Z,1779559081876,1
2026-05-23T17:58:01.9083100Z,1779559081908,0
2026-05-23T17:58:01.9407630Z,1779559081940,1
2026-05-23T17:58:01.9732320Z,1779559081973,1
2026-05-23T17:58:02.0131530Z,1779559082013,1
2026-05-23T17:58:02.0440240Z,1779559082044,1
2026-05-23T17:58:02.0778660Z,1779559082077,0
2026-05-23T17:58:02.1203750Z,1779559082120,1
2026-05-23T17:58:02.1541380Z,1779559082154,1
2026-05-23T17:58:02.1913500Z,1779559082191,1
2026-05-23T17:58:02.2271360Z,1779559082227,1
2026-05-23T17:58:02.2631810Z,1779559082263,1
2026-05-23T17:58:02.2986880Z,1779559082298,1
2026-05-23T17:58:02.3341320Z,1779559082334,0
2026-05-23T17:58:02.3661470Z,1779559082366,1
2026-05-23T17:58:02.3981990Z,1779559082398,1
2026-05-23T17:58:02.4302630Z,1779559082430,1
2026-05-23T17:58:02.4630980Z,1779559082463,0
2026-05-23T17:58:02.5337510Z,1779559082533,2
2026-05-23T17:58:02.5369320Z,1779559082536,0
2026-05-23T17:58:02.5688640Z,1779559082568,1
2026-05-23T17:58:02.6403530Z,1779559082640,1
2026-05-23T17:58:02.6439010Z,1779559082643,0
2026-05-23T17:58:02.6753660Z,1779559082675,1
2026-05-23T17:58:02.7078730Z,1779559082707,1
2026-05-23T17:58:02.7401940Z,1779559082740,1
2026-05-23T17:58:02.7723350Z,1779559082772,1
2026-05-23T17:58:02.8042650Z,1779559082804,1
2026-05-23T17:58:02.8366590Z,1779559082836,0
2026-05-23T17:58:02.8686860Z,1779559082868,1
2026-05-23T17:58:02.9009520Z,1779559082900,1
2026-05-23T17:58:02.9337360Z,1779559082933,1
2026-05-23T17:58:02.9659420Z,1779559082965,0
2026-05-23T17:58:02.9980120Z,1779559082998,1
2026-05-23T17:58:03.0385410Z,1779559083038,1
2026-05-23T17:58:03.0693310Z,1779559083069,1
2026-05-23T17:58:03.1024890Z,1779559083102,1
2026-05-23T17:58:03.1422080Z,1779559083142,0
2026-05-23T17:58:03.1732500Z,1779559083173,1
2026-05-23T17:58:03.2053350Z,1779559083205,1
2026-05-23T17:58:03.2376410Z,1779559083237,1
2026-05-23T17:58:03.2694310Z,1779559083269,0
2026-05-23T17:58:03.3022580Z,1779559083302,1
2026-05-23T17:58:03.3340890Z,1779559083334,1
2026-05-23T17:58:03.3661300Z,1779559083366,1
2026-05-23T17:58:03.3982580Z,1779559083398,0
2026-05-23T17:58:03.4307090Z,1779559083430,1
2026-05-23T17:58:03.4628750Z,1779559083462,1
2026-05-23T17:58:03.4951610Z,1779559083495,1
2026-05-23T17:58:03.5356810Z,1779559083535,1
2026-05-23T17:58:03.5664900Z,1779559083566,1
2026-05-23T17:58:03.5990950Z,1779559083599,0
2026-05-23T17:58:03.6394580Z,1779559083639,1
2026-05-23T17:58:03.6700470Z,1779559083670,1
2026-05-23T17:58:03.7022750Z,1779559083702,1
2026-05-23T17:58:03.7341340Z,1779559083734,1
2026-05-23T17:58:03.7664230Z,1779559083766,0
2026-05-23T17:58:03.7988330Z,1779559083798,1
2026-05-23T17:58:03.8308410Z,1779559083830,1
2026-05-23T17:58:03.8631600Z,1779559083863,1
2026-05-23T17:58:03.8953080Z,1779559083895,0
2026-05-23T17:58:03.9273270Z,1779559083927,1
2026-05-23T17:58:03.9593850Z,1779559083959,1
2026-05-23T17:58:03.9918390Z,1779559083991,1
2026-05-23T17:58:04.0626280Z,1779559084062,1
2026-05-23T17:58:04.0658400Z,1779559084065,0
2026-05-23T17:58:04.0977100Z,1779559084097,1
2026-05-23T17:58:04.1685830Z,1779559084168,2
2026-05-23T17:58:04.1718690Z,1779559084171,0
2026-05-23T17:58:04.2029250Z,1779559084202,1
2026-05-23T17:58:04.2354020Z,1779559084235,0
2026-05-23T17:58:04.2672300Z,1779559084267,1
2026-05-23T17:58:04.2992970Z,1779559084299,1
2026-05-23T17:58:04.3316540Z,1779559084331,1
2026-05-23T17:58:04.3636630Z,1779559084363,1
2026-05-23T17:58:04.3954530Z,1779559084395,0
2026-05-23T17:58:04.4274640Z,1779559084427,1
2026-05-23T17:58:04.4596040Z,1779559084459,1
2026-05-23T17:58:04.4922280Z,1779559084492,1
2026-05-23T17:58:04.5239920Z,1779559084523,0
2026-05-23T17:58:04.5573070Z,1779559084557,1
2026-05-23T17:58:04.5968450Z,1779559084596,1
2026-05-23T17:58:04.6276990Z,1779559084627,1
2026-05-23T17:58:04.6607700Z,1779559084660,0
2026-05-23T17:58:04.7001840Z,1779559084700,1
2026-05-23T17:58:04.7312280Z,1779559084731,1
2026-05-23T17:58:04.7632410Z,1779559084763,1
2026-05-23T17:58:04.7950170Z,1779559084795,0
2026-05-23T17:58:04.8274020Z,1779559084827,1
2026-05-23T17:58:04.8590410Z,1779559084859,1
2026-05-23T17:58:04.8913730Z,1779559084891,1
2026-05-23T17:58:04.9233030Z,1779559084923,1
2026-05-23T17:58:04.9555220Z,1779559084955,1
2026-05-23T17:58:04.9874210Z,1779559084987,0
2026-05-23T17:58:05.0198810Z,1779559085019,1
2026-05-23T17:58:05.0527220Z,1779559085052,1
2026-05-23T17:58:05.0928080Z,1779559085092,1
2026-05-23T17:58:05.1240950Z,1779559085124,1
2026-05-23T17:58:05.1630280Z,1779559085163,0
2026-05-23T17:58:05.1938460Z,1779559085193,1
2026-05-23T17:58:05.2258650Z,1779559085225,1
2026-05-23T17:58:05.2581320Z,1779559085258,1
2026-05-23T17:58:05.2903010Z,1779559085290,0
2026-05-23T17:58:05.3229540Z,1779559085322,1
2026-05-23T17:58:05.3544270Z,1779559085354,1
2026-05-23T17:58:05.3863990Z,1779559085386,1
2026-05-23T17:58:05.4185630Z,1779559085418,0
2026-05-23T17:58:05.4508530Z,1779559085450,1
2026-05-23T17:58:05.4832350Z,1779559085483,1
2026-05-23T17:58:05.5147220Z,1779559085514,1
2026-05-23T17:58:05.5472700Z,1779559085547,0
2026-05-23T17:58:05.5882460Z,1779559085588,2
2026-05-23T17:58:05.6196380Z,1779559085619,0
2026-05-23T17:58:05.6595010Z,1779559085659,1
2026-05-23T17:58:05.6902080Z,1779559085690,1
2026-05-23T17:58:05.7222810Z,1779559085722,1
2026-05-23T17:58:05.7543190Z,1779559085754,0
2026-05-23T17:58:05.7863600Z,1779559085786,1
2026-05-23T17:58:05.8183640Z,1779559085818,1
2026-05-23T17:58:05.8505210Z,1779559085850,1
2026-05-23T17:58:05.8827840Z,1779559085882,1
2026-05-23T17:58:05.9147340Z,1779559085914,0
2026-05-23T17:58:05.9471580Z,1779559085947,1
2026-05-23T17:58:05.9790440Z,1779559085979,1
2026-05-23T17:58:06.0110710Z,1779559086011,1
2026-05-23T17:58:06.0437400Z,1779559086043,0
2026-05-23T17:58:06.1148110Z,1779559086114,2
2026-05-23T17:58:06.1179900Z,1779559086117,0
2026-05-23T17:58:06.1499900Z,1779559086149,1
2026-05-23T17:58:06.1921090Z,1779559086192,1
2026-05-23T17:58:06.2222330Z,1779559086222,1
2026-05-23T17:58:06.2541680Z,1779559086254,0
2026-05-23T17:58:06.2861500Z,1779559086286,1
2026-05-23T17:58:06.3185950Z,1779559086318,1
2026-05-23T17:58:06.3507570Z,1779559086350,1
2026-05-23T17:58:06.3833990Z,1779559086383,0
2026-05-23T17:58:06.4153740Z,1779559086415,1
2026-05-23T17:58:06.4475090Z,1779559086447,1
2026-05-23T17:58:06.4795380Z,1779559086479,1
2026-05-23T17:58:06.5116210Z,1779559086511,0
2026-05-23T17:58:06.5437880Z,1779559086543,1
2026-05-23T17:58:06.6144170Z,1779559086614,2
2026-05-23T17:58:06.6179590Z,1779559086617,0
2026-05-23T17:58:06.6510230Z,1779559086651,1
2026-05-23T17:58:06.6901710Z,1779559086690,0
2026-05-23T17:58:06.7209290Z,1779559086720,1
2026-05-23T17:58:06.7534980Z,1779559086753,1
2026-05-23T17:58:06.7854150Z,1779559086785,1
2026-05-23T17:58:06.8176970Z,1779559086817,1
2026-05-23T17:58:06.8496110Z,1779559086849,0
2026-05-23T17:58:06.8820530Z,1779559086882,1
2026-05-23T17:58:06.9140290Z,1779559086914,1
2026-05-23T17:58:06.9462770Z,1779559086946,1
2026-05-23T17:58:06.9783150Z,1779559086978,1
2026-05-23T17:58:07.0102990Z,1779559087010,0
2026-05-23T17:58:07.0428430Z,1779559087042,1
2026-05-23T17:58:07.1142940Z,1779559087114,2
2026-05-23T17:58:07.1176970Z,1779559087117,0
2026-05-23T17:58:07.1498090Z,1779559087149,1
2026-05-23T17:58:07.1899880Z,1779559087189,0
2026-05-23T17:58:07.2207950Z,1779559087220,1
2026-05-23T17:58:07.2531630Z,1779559087253,1
2026-05-23T17:58:07.2853710Z,1779559087285,1
2026-05-23T17:58:07.3174680Z,1779559087317,0
2026-05-23T17:58:07.3496040Z,1779559087349,1
2026-05-23T17:58:07.3820280Z,1779559087382,1
2026-05-23T17:58:07.4142410Z,1779559087414,1
2026-05-23T17:58:07.4465280Z,1779559087446,0
2026-05-23T17:58:07.4782460Z,1779559087478,1
2026-05-23T17:58:07.5104360Z,1779559087510,1
2026-05-23T17:58:07.5427130Z,1779559087542,1
2026-05-23T17:58:07.5749930Z,1779559087574,0
2026-05-23T17:58:07.6078920Z,1779559087607,1
2026-05-23T17:58:07.6503490Z,1779559087650,1
2026-05-23T17:58:07.6812490Z,1779559087681,1
2026-05-23T17:58:07.7147330Z,1779559087714,1
2026-05-23T17:58:07.7539890Z,1779559087753,1
2026-05-23T17:58:07.7848940Z,1779559087784,1
2026-05-23T17:58:07.8168060Z,1779559087816,0
2026-05-23T17:58:07.8489630Z,1779559087848,1
2026-05-23T17:58:07.8812260Z,1779559087881,1
2026-05-23T17:58:07.9133710Z,1779559087913,1
2026-05-23T17:58:07.9450570Z,1779559087945,0
2026-05-23T17:58:07.9773190Z,1779559087977,1
2026-05-23T17:58:08.0092230Z,1779559088009,1
2026-05-23T17:58:08.0418590Z,1779559088041,1
2026-05-23T17:58:08.0735250Z,1779559088073,0
2026-05-23T17:58:08.1058580Z,1779559088105,1
2026-05-23T17:58:08.1386220Z,1779559088138,1
2026-05-23T17:58:08.1800480Z,1779559088180,1
2026-05-23T17:58:08.2116520Z,1779559088211,0
2026-05-23T17:58:08.2505630Z,1779559088250,2
2026-05-23T17:58:08.2820100Z,1779559088282,0
2026-05-23T17:58:08.3135790Z,1779559088313,1
2026-05-23T17:58:08.3455930Z,1779559088345,1
2026-05-23T17:58:08.3779990Z,1779559088377,1
2026-05-23T17:58:08.4097760Z,1779559088409,0
2026-05-23T17:58:08.4418520Z,1779559088441,1
2026-05-23T17:58:08.4736880Z,1779559088473,1
2026-05-23T17:58:08.5060420Z,1779559088506,1
2026-05-23T17:58:08.5378360Z,1779559088537,0
2026-05-23T17:58:08.5697040Z,1779559088569,1
2026-05-23T17:58:08.6025100Z,1779559088602,1
2026-05-23T17:58:08.6352100Z,1779559088635,1
2026-05-23T17:58:08.6755250Z,1779559088675,1
2026-05-23T17:58:08.7061950Z,1779559088706,0
2026-05-23T17:58:08.7462020Z,1779559088746,1
2026-05-23T17:58:08.7768880Z,1779559088776,1
2026-05-23T17:58:08.8090770Z,1779559088809,1
2026-05-23T17:58:08.8409990Z,1779559088840,0
2026-05-23T17:58:08.8732560Z,1779559088873,1
2026-05-23T17:58:08.9050970Z,1779559088905,1
2026-05-23T17:58:08.9370410Z,1779559088937,1
2026-05-23T17:58:08.9691220Z,1779559088969,0
2026-05-23T17:58:09.0011020Z,1779559089001,1
2026-05-23T17:58:09.0336130Z,1779559089033,1
2026-05-23T17:58:09.0654230Z,1779559089065,1
2026-05-23T17:58:09.0975190Z,1779559089097,0
2026-05-23T17:58:09.1296930Z,1779559089129,1
2026-05-23T17:58:09.2004950Z,1779559089200,2
2026-05-23T17:58:09.2039210Z,1779559089203,0
2026-05-23T17:58:09.2353010Z,1779559089235,0
2026-05-23T17:58:09.3064370Z,1779559089306,2
2026-05-23T17:58:09.3098830Z,1779559089309,1
2026-05-23T17:58:09.3417420Z,1779559089341,0
2026-05-23T17:58:09.3735840Z,1779559089373,1
2026-05-23T17:58:09.4055250Z,1779559089405,1
2026-05-23T17:58:09.4374010Z,1779559089437,1
2026-05-23T17:58:09.4695440Z,1779559089469,0
2026-05-23T17:58:09.5021450Z,1779559089502,1
2026-05-23T17:58:09.5336640Z,1779559089533,1
2026-05-23T17:58:09.5659760Z,1779559089565,1
2026-05-23T17:58:09.5979100Z,1779559089597,0
2026-05-23T17:58:09.6306890Z,1779559089630,1
2026-05-23T17:58:09.6630810Z,1779559089663,1
2026-05-23T17:58:09.7024510Z,1779559089702,1
2026-05-23T17:58:09.7334690Z,1779559089733,0
2026-05-23T17:58:09.7668930Z,1779559089766,1
2026-05-23T17:58:09.8061780Z,1779559089806,1
2026-05-23T17:58:09.8368510Z,1779559089836,1
2026-05-23T17:58:09.8688950Z,1779559089868,0
2026-05-23T17:58:09.9015430Z,1779559089901,1
2026-05-23T17:58:09.9332390Z,1779559089933,1
2026-05-23T17:58:09.9655700Z,1779559089965,1
2026-05-23T17:58:09.9976620Z,1779559089997,0
2026-05-23T17:58:10.0297020Z,1779559090029,1
2026-05-23T17:58:10.0619010Z,1779559090061,1
2026-05-23T17:58:10.0941700Z,1779559090094,1
2026-05-23T17:58:10.1262880Z,1779559090126,1
2026-05-23T17:58:10.1584960Z,1779559090158,0
2026-05-23T17:58:10.1984110Z,1779559090198,1
2026-05-23T17:58:10.2290120Z,1779559090229,1
2026-05-23T17:58:10.2623550Z,1779559090262,1
2026-05-23T17:58:10.3018810Z,1779559090301,1
2026-05-23T17:58:10.3325890Z,1779559090332,1
2026-05-23T17:58:10.3647580Z,1779559090364,0
2026-05-23T17:58:10.3967030Z,1779559090396,1
2026-05-23T17:58:10.4288910Z,1779559090428,1
2026-05-23T17:58:10.4609470Z,1779559090460,1
2026-05-23T17:58:10.4935080Z,1779559090493,0
2026-05-23T17:58:10.5250720Z,1779559090525,1
2026-05-23T17:58:10.5572710Z,1779559090557,1
2026-05-23T17:58:10.5895510Z,1779559090589,1
2026-05-23T17:58:10.6220310Z,1779559090622,0
2026-05-23T17:58:10.6540250Z,1779559090654,1
2026-05-23T17:58:10.7245610Z,1779559090724,2
2026-05-23T17:58:10.7277050Z,1779559090727,0
2026-05-23T17:58:10.7603500Z,1779559090760,0
2026-05-23T17:58:10.8002480Z,1779559090800,1
2026-05-23T17:58:10.8311310Z,1779559090831,1
2026-05-23T17:58:10.8632470Z,1779559090863,1
2026-05-23T17:58:10.8950950Z,1779559090895,1
2026-05-23T17:58:10.9273940Z,1779559090927,1
2026-05-23T17:58:10.9595460Z,1779559090959,0
2026-05-23T17:58:10.9920310Z,1779559090992,1
2026-05-23T17:58:11.0237330Z,1779559091023,1
2026-05-23T17:58:11.0558480Z,1779559091055,1
2026-05-23T17:58:11.0877460Z,1779559091087,0
2026-05-23T17:58:11.1200140Z,1779559091120,1
2026-05-23T17:58:11.1526940Z,1779559091152,1
2026-05-23T17:58:11.2232910Z,1779559091223,2
2026-05-23T17:58:11.2267530Z,1779559091226,0
2026-05-23T17:58:11.2595780Z,1779559091259,0
2026-05-23T17:58:11.2993830Z,1779559091299,1
2026-05-23T17:58:11.3304120Z,1779559091330,1
2026-05-23T17:58:11.3626680Z,1779559091362,1
2026-05-23T17:58:11.3942720Z,1779559091394,0
2026-05-23T17:58:11.4265250Z,1779559091426,1
2026-05-23T17:58:11.4587740Z,1779559091458,1
2026-05-23T17:58:11.4908120Z,1779559091490,1
2026-05-23T17:58:11.5232620Z,1779559091523,0
2026-05-23T17:58:11.5554050Z,1779559091555,1
2026-05-23T17:58:11.5874520Z,1779559091587,1
2026-05-23T17:58:11.6196430Z,1779559091619,1
2026-05-23T17:58:11.6516340Z,1779559091651,0
2026-05-23T17:58:11.6841960Z,1779559091684,1
2026-05-23T17:58:11.7171100Z,1779559091717,1
2026-05-23T17:58:11.7569240Z,1779559091756,1
2026-05-23T17:58:11.7880070Z,1779559091788,1
2026-05-23T17:58:11.8198520Z,1779559091819,0
2026-05-23T17:58:11.8523050Z,1779559091852,1
2026-05-23T17:58:11.8840290Z,1779559091884,1
2026-05-23T17:58:11.9163560Z,1779559091916,1
2026-05-23T17:58:11.9484080Z,1779559091948,1
2026-05-23T17:58:11.9805520Z,1779559091980,0
2026-05-23T17:58:12.0128290Z,1779559092012,1
2026-05-23T17:58:12.0447650Z,1779559092044,1
2026-05-23T17:58:12.0787230Z,1779559092078,1
2026-05-23T17:58:12.1152990Z,1779559092115,1
2026-05-23T17:58:12.1507520Z,1779559092150,0
2026-05-23T17:58:12.1871740Z,1779559092187,1
2026-05-23T17:58:12.2245590Z,1779559092224,1
2026-05-23T17:58:12.2653250Z,1779559092265,1
2026-05-23T17:58:12.3002840Z,1779559092300,1
2026-05-23T17:58:12.3404440Z,1779559092340,1
2026-05-23T17:58:12.3716170Z,1779559092371,1
2026-05-23T17:58:12.4033770Z,1779559092403,0
2026-05-23T17:58:12.4356790Z,1779559092435,1
2026-05-23T17:58:12.4677170Z,1779559092467,1
2026-05-23T17:58:12.4998990Z,1779559092499,1
2026-05-23T17:58:12.5322550Z,1779559092532,0
2026-05-23T17:58:12.5642640Z,1779559092564,1
2026-05-23T17:58:12.5962050Z,1779559092596,1
2026-05-23T17:58:12.6288080Z,1779559092628,1
2026-05-23T17:58:12.6605390Z,1779559092660,0
2026-05-23T17:58:12.6929860Z,1779559092692,1
2026-05-23T17:58:12.7249730Z,1779559092724,1
2026-05-23T17:58:12.7651680Z,1779559092765,1
2026-05-23T17:58:12.7956950Z,1779559092795,0
2026-05-23T17:58:12.8288280Z,1779559092828,1
2026-05-23T17:58:12.8685010Z,1779559092868,1
2026-05-23T17:58:12.8993570Z,1779559092899,1
2026-05-23T17:58:12.9318120Z,1779559092931,1
2026-05-23T17:58:12.9636950Z,1779559092963,1
2026-05-23T17:58:12.9959640Z,1779559092995,0
2026-05-23T17:58:13.0280800Z,1779559093028,1
2026-05-23T17:58:13.0601210Z,1779559093060,1
2026-05-23T17:58:13.0924190Z,1779559093092,1
2026-05-23T17:58:13.1244710Z,1779559093124,0
2026-05-23T17:58:13.1565810Z,1779559093156,1
2026-05-23T17:58:13.1884840Z,1779559093188,1
2026-05-23T17:58:13.2210710Z,1779559093221,1
2026-05-23T17:58:13.2917950Z,1779559093291,1
2026-05-23T17:58:13.2953080Z,1779559093295,0
2026-05-23T17:58:13.3268700Z,1779559093326,1
2026-05-23T17:58:13.3668620Z,1779559093366,1
2026-05-23T17:58:13.3975420Z,1779559093397,1
2026-05-23T17:58:13.4296350Z,1779559093429,0
2026-05-23T17:58:13.4620770Z,1779559093462,1
2026-05-23T17:58:13.4935610Z,1779559093493,1
2026-05-23T17:58:13.5256940Z,1779559093525,1
2026-05-23T17:58:13.5577560Z,1779559093557,0
2026-05-23T17:58:13.5900750Z,1779559093590,1
2026-05-23T17:58:13.6222830Z,1779559093622,1
2026-05-23T17:58:13.6536660Z,1779559093653,1
2026-05-23T17:58:13.6858370Z,1779559093685,0
2026-05-23T17:58:13.7181280Z,1779559093718,1
2026-05-23T17:58:13.7891590Z,1779559093789,2
2026-05-23T17:58:13.7927100Z,1779559093792,0
2026-05-23T17:58:13.8242070Z,1779559093824,1
2026-05-23T17:58:13.8944320Z,1779559093894,2
2026-05-23T17:58:13.8974440Z,1779559093897,0
2026-05-23T17:58:13.9291040Z,1779559093929,0
2026-05-23T17:58:13.9613210Z,1779559093961,1
2026-05-23T17:58:13.9931220Z,1779559093993,1
2026-05-23T17:58:14.0255240Z,1779559094025,1
2026-05-23T17:58:14.0575040Z,1779559094057,0
2026-05-23T17:58:14.0895380Z,1779559094089,1
2026-05-23T17:58:14.1218040Z,1779559094121,1
2026-05-23T17:58:14.1535870Z,1779559094153,1
2026-05-23T17:58:14.1856020Z,1779559094185,0
2026-05-23T17:58:14.2180080Z,1779559094218,1
2026-05-23T17:58:14.2503640Z,1779559094250,1
2026-05-23T17:58:14.2840620Z,1779559094284,1
2026-05-23T17:58:14.3238530Z,1779559094323,1
2026-05-23T17:58:14.3544430Z,1779559094354,0
2026-05-23T17:58:14.3875770Z,1779559094387,1
2026-05-23T17:58:14.4267960Z,1779559094426,1
2026-05-23T17:58:14.4574860Z,1779559094457,1
2026-05-23T17:58:14.4896870Z,1779559094489,1
2026-05-23T17:58:14.5219410Z,1779559094521,0
2026-05-23T17:58:14.5538710Z,1779559094553,1
2026-05-23T17:58:14.5857930Z,1779559094585,1
2026-05-23T17:58:14.6182950Z,1779559094618,1
2026-05-23T17:58:14.6503690Z,1779559094650,1
2026-05-23T17:58:14.6826180Z,1779559094682,0
2026-05-23T17:58:14.7145790Z,1779559094714,1
2026-05-23T17:58:14.7468810Z,1779559094746,1
2026-05-23T17:58:14.7799010Z,1779559094779,1
2026-05-23T17:58:14.8197130Z,1779559094819,0
2026-05-23T17:58:14.8502150Z,1779559094850,1
2026-05-23T17:58:14.8837450Z,1779559094883,1
2026-05-23T17:58:14.9238310Z,1779559094923,1
2026-05-23T17:58:14.9545220Z,1779559094954,1
2026-05-23T17:58:14.9864080Z,1779559094986,0
2026-05-23T17:58:15.0186010Z,1779559095018,1
2026-05-23T17:58:15.0511320Z,1779559095051,1
2026-05-23T17:58:15.0835500Z,1779559095083,1
2026-05-23T17:58:15.1154480Z,1779559095115,1
2026-05-23T17:58:15.1478340Z,1779559095147,0
2026-05-23T17:58:15.1799890Z,1779559095179,1
2026-05-23T17:58:15.2122460Z,1779559095212,1
2026-05-23T17:58:15.2447400Z,1779559095244,1
2026-05-23T17:58:15.2772310Z,1779559095277,0
2026-05-23T17:58:15.3176290Z,1779559095317,1
2026-05-23T17:58:15.3483120Z,1779559095348,1
2026-05-23T17:58:15.3826010Z,1779559095382,1
2026-05-23T17:58:15.4216340Z,1779559095421,1
2026-05-23T17:58:15.4523680Z,1779559095452,0
2026-05-23T17:58:15.4844280Z,1779559095484,1
2026-05-23T17:58:15.5166540Z,1779559095516,1
2026-05-23T17:58:15.5494520Z,1779559095549,1
2026-05-23T17:58:15.5810500Z,1779559095581,0
2026-05-23T17:58:15.6134620Z,1779559095613,1
2026-05-23T17:58:15.6455830Z,1779559095645,1
2026-05-23T17:58:15.6775870Z,1779559095677,1
2026-05-23T17:58:15.7095250Z,1779559095709,0
2026-05-23T17:58:15.7420750Z,1779559095742,1
2026-05-23T17:58:15.7744900Z,1779559095774,1
2026-05-23T17:58:15.8452170Z,1779559095845,2
2026-05-23T17:58:15.8484900Z,1779559095848,0
2026-05-23T17:58:15.8804040Z,1779559095880,1
2026-05-23T17:58:15.9205930Z,1779559095920,1
2026-05-23T17:58:15.9516640Z,1779559095951,0
2026-05-23T17:58:15.9836730Z,1779559095983,1
2026-05-23T17:58:16.0159960Z,1779559096015,1
2026-05-23T17:58:16.0481120Z,1779559096048,1
2026-05-23T17:58:16.0803370Z,1779559096080,0
2026-05-23T17:58:16.1127300Z,1779559096112,1
2026-05-23T17:58:16.1445380Z,1779559096144,1
2026-05-23T17:58:16.1765860Z,1779559096176,1
2026-05-23T17:58:16.2085150Z,1779559096208,0
2026-05-23T17:58:16.2406250Z,1779559096240,1
2026-05-23T17:58:16.2737620Z,1779559096273,1
2026-05-23T17:58:16.3444380Z,1779559096344,1
2026-05-23T17:58:16.3477400Z,1779559096347,0
2026-05-23T17:58:16.3795930Z,1779559096379,1
2026-05-23T17:58:16.4500440Z,1779559096450,2
2026-05-23T17:58:16.4536060Z,1779559096453,0
2026-05-23T17:58:16.4848930Z,1779559096484,1
2026-05-23T17:58:16.5172710Z,1779559096517,1
2026-05-23T17:58:16.5492540Z,1779559096549,0
2026-05-23T17:58:16.5814150Z,1779559096581,1
2026-05-23T17:58:16.6132440Z,1779559096613,1
2026-05-23T17:58:16.6453870Z,1779559096645,1
2026-05-23T17:58:16.6771790Z,1779559096677,1
2026-05-23T17:58:16.7094650Z,1779559096709,0
2026-05-23T17:58:16.7418100Z,1779559096741,1
2026-05-23T17:58:16.7739220Z,1779559096773,1
2026-05-23T17:58:16.8058400Z,1779559096805,1
2026-05-23T17:58:16.8391000Z,1779559096839,0
2026-05-23T17:58:16.8803650Z,1779559096880,1
2026-05-23T17:58:16.9113010Z,1779559096911,1
2026-05-23T17:58:16.9521560Z,1779559096952,1
2026-05-23T17:58:16.9826430Z,1779559096982,1
2026-05-23T17:58:17.0146570Z,1779559097014,0
2026-05-23T17:58:17.0467800Z,1779559097046,1
2026-05-23T17:58:17.0790880Z,1779559097079,1
2026-05-23T17:58:17.1110330Z,1779559097111,1
2026-05-23T17:58:17.1433490Z,1779559097143,1
2026-05-23T17:58:17.1750270Z,1779559097175,0
2026-05-23T17:58:17.2072500Z,1779559097207,1
2026-05-23T17:58:17.2393940Z,1779559097239,1
2026-05-23T17:58:17.2716740Z,1779559097271,1
2026-05-23T17:58:17.3035720Z,1779559097303,0
2026-05-23T17:58:17.3361940Z,1779559097336,1
2026-05-23T17:58:17.3775830Z,1779559097377,1
2026-05-23T17:58:17.4081780Z,1779559097408,1
2026-05-23T17:58:17.4410610Z,1779559097441,1
2026-05-23T17:58:17.4808920Z,1779559097480,0
2026-05-23T17:58:17.5115730Z,1779559097511,1
2026-05-23T17:58:17.5433430Z,1779559097543,1
2026-05-23T17:58:17.5755720Z,1779559097575,1
2026-05-23T17:58:17.6076730Z,1779559097607,0
2026-05-23T17:58:17.6397800Z,1779559097639,1
2026-05-23T17:58:17.6719270Z,1779559097671,1
2026-05-23T17:58:17.7035670Z,1779559097703,1
2026-05-23T17:58:17.7359400Z,1779559097735,0
2026-05-23T17:58:17.7678690Z,1779559097767,1
2026-05-23T17:58:17.7996910Z,1779559097799,1
2026-05-23T17:58:17.8323650Z,1779559097832,1
2026-05-23T17:58:17.9038610Z,1779559097903,2
2026-05-23T17:58:17.9070980Z,1779559097907,0
2026-05-23T17:58:17.9388380Z,1779559097938,0
2026-05-23T17:58:18.0097730Z,1779559098009,2
2026-05-23T17:58:18.0128680Z,1779559098012,0
2026-05-23T17:58:18.0444850Z,1779559098044,1
2026-05-23T17:58:18.0764280Z,1779559098076,1
2026-05-23T17:58:18.1085500Z,1779559098108,0
2026-05-23T17:58:18.1405320Z,1779559098140,1
2026-05-23T17:58:18.1729450Z,1779559098172,1
2026-05-23T17:58:18.2048690Z,1779559098204,1
2026-05-23T17:58:18.2367480Z,1779559098236,0
2026-05-23T17:58:18.2689830Z,1779559098268,1
2026-05-23T17:58:18.3009280Z,1779559098300,1
2026-05-23T17:58:18.3340100Z,1779559098334,1
2026-05-23T17:58:18.3660520Z,1779559098366,0
2026-05-23T17:58:18.4057430Z,1779559098405,1
2026-05-23T17:58:18.4367310Z,1779559098436,1
2026-05-23T17:58:18.4699000Z,1779559098469,1
2026-05-23T17:58:18.5090400Z,1779559098509,1
2026-05-23T17:58:18.5402690Z,1779559098540,0
2026-05-23T17:58:18.5723680Z,1779559098572,1
2026-05-23T17:58:18.6048470Z,1779559098604,1
2026-05-23T17:58:18.6366600Z,1779559098636,1
2026-05-23T17:58:18.6685660Z,1779559098668,1
2026-05-23T17:58:18.7004520Z,1779559098700,0
2026-05-23T17:58:18.7329620Z,1779559098732,1
2026-05-23T17:58:18.7649570Z,1779559098764,1
2026-05-23T17:58:18.7971040Z,1779559098797,1
2026-05-23T17:58:18.8293610Z,1779559098829,0
2026-05-23T17:58:18.8619300Z,1779559098861,1
2026-05-23T17:58:18.8949140Z,1779559098894,1
2026-05-23T17:58:18.9357620Z,1779559098935,1
2026-05-23T17:58:18.9669400Z,1779559098966,1
2026-05-23T17:58:19.0070520Z,1779559099007,0
2026-05-23T17:58:19.0378870Z,1779559099037,1
2026-05-23T17:58:19.0701200Z,1779559099070,1
2026-05-23T17:58:19.1024680Z,1779559099102,1
2026-05-23T17:58:19.1343890Z,1779559099134,0
2026-05-23T17:58:19.1667840Z,1779559099166,1
2026-05-23T17:58:19.1985930Z,1779559099198,1
2026-05-23T17:58:19.2308290Z,1779559099230,1
2026-05-23T17:58:19.2632740Z,1779559099263,0
2026-05-23T17:58:19.2950920Z,1779559099295,1
2026-05-23T17:58:19.3271990Z,1779559099327,1
2026-05-23T17:58:19.3595900Z,1779559099359,1
2026-05-23T17:58:19.3929050Z,1779559099392,0
2026-05-23T17:58:19.4355990Z,1779559099435,1
2026-05-23T17:58:19.4639800Z,1779559099463,1
2026-05-23T17:58:19.4973720Z,1779559099497,1
2026-05-23T17:58:19.5367170Z,1779559099536,1
2026-05-23T17:58:19.5677410Z,1779559099567,1
2026-05-23T17:58:19.6000850Z,1779559099600,0
2026-05-23T17:58:19.6324330Z,1779559099632,1
2026-05-23T17:58:19.6642060Z,1779559099664,1
2026-05-23T17:58:19.6962520Z,1779559099696,1
2026-05-23T17:58:19.7285570Z,1779559099728,0
2026-05-23T17:58:19.7604560Z,1779559099760,1
2026-05-23T17:58:19.7927630Z,1779559099792,1
2026-05-23T17:58:19.8249520Z,1779559099824,1
2026-05-23T17:58:19.8573980Z,1779559099857,0
2026-05-23T17:58:19.8896130Z,1779559099889,1
2026-05-23T17:58:19.9301570Z,1779559099930,1
2026-05-23T17:58:19.9610250Z,1779559099961,1
2026-05-23T17:58:19.9944120Z,1779559099994,1
2026-05-23T17:58:20.0340020Z,1779559100034,0
2026-05-23T17:58:20.0651040Z,1779559100065,1
2026-05-23T17:58:20.0970900Z,1779559100097,1
2026-05-23T17:58:20.1293130Z,1779559100129,1
2026-05-23T17:58:20.1617570Z,1779559100161,0
2026-05-23T17:58:20.1935470Z,1779559100193,1
2026-05-23T17:58:20.2257200Z,1779559100225,1
2026-05-23T17:58:20.2578420Z,1779559100257,1
2026-05-23T17:58:20.2899940Z,1779559100289,0
2026-05-23T17:58:20.3223590Z,1779559100322,1
2026-05-23T17:58:20.3538480Z,1779559100353,1
2026-05-23T17:58:20.3862670Z,1779559100386,1
2026-05-23T17:58:20.4576050Z,1779559100457,2
2026-05-23T17:58:20.4612230Z,1779559100461,0
2026-05-23T17:58:20.4926320Z,1779559100492,0
2026-05-23T17:58:20.5633290Z,1779559100563,2
2026-05-23T17:58:20.5663000Z,1779559100566,0
2026-05-23T17:58:20.5980030Z,1779559100598,1
2026-05-23T17:58:20.6305660Z,1779559100630,1
2026-05-23T17:58:20.6624950Z,1779559100662,0
2026-05-23T17:58:20.6943810Z,1779559100694,1
2026-05-23T17:58:20.7263570Z,1779559100726,1
2026-05-23T17:58:20.7586850Z,1779559100758,1
2026-05-23T17:58:20.7903870Z,1779559100790,0
2026-05-23T17:58:20.8226540Z,1779559100822,1
2026-05-23T17:58:20.8544960Z,1779559100854,1
2026-05-23T17:58:20.8868540Z,1779559100886,1
2026-05-23T17:58:20.9193600Z,1779559100919,0
2026-05-23T17:58:20.9612330Z,1779559100961,1
2026-05-23T17:58:21.0306380Z,1779559101030,2
2026-05-23T17:58:21.0343050Z,1779559101034,0
2026-05-23T17:58:21.0658060Z,1779559101065,1
2026-05-23T17:58:21.0983880Z,1779559101098,1
2026-05-23T17:58:21.1303200Z,1779559101130,0
2026-05-23T17:58:21.1629520Z,1779559101162,0
2026-05-23T17:58:21.1947260Z,1779559101194,1
2026-05-23T17:58:21.2268430Z,1779559101226,1
2026-05-23T17:58:21.2590590Z,1779559101259,1
2026-05-23T17:58:21.2910450Z,1779559101291,0
2026-05-23T17:58:21.3235710Z,1779559101323,1
2026-05-23T17:58:21.3553050Z,1779559101355,1
2026-05-23T17:58:21.3872970Z,1779559101387,1
2026-05-23T17:58:21.4193800Z,1779559101419,0
2026-05-23T17:58:21.4531380Z,1779559101453,1
2026-05-23T17:58:21.4929860Z,1779559101492,1
2026-05-23T17:58:21.5236790Z,1779559101523,1
2026-05-23T17:58:21.5569120Z,1779559101556,0
2026-05-23T17:58:21.5962080Z,1779559101596,1
2026-05-23T17:58:21.6289910Z,1779559101628,1
2026-05-23T17:58:21.6590940Z,1779559101659,1
2026-05-23T17:58:21.6911150Z,1779559101691,1
2026-05-23T17:58:21.7236390Z,1779559101723,0
2026-05-23T17:58:21.7551500Z,1779559101755,1
2026-05-23T17:58:21.7873590Z,1779559101787,1
2026-05-23T17:58:21.8195150Z,1779559101819,1
2026-05-23T17:58:21.8518090Z,1779559101851,0
2026-05-23T17:58:21.8833930Z,1779559101883,1
2026-05-23T17:58:21.9159480Z,1779559101915,1
2026-05-23T17:58:21.9488630Z,1779559101948,1
2026-05-23T17:58:21.9889680Z,1779559101988,1
2026-05-23T17:58:22.0193110Z,1779559102019,1
2026-05-23T17:58:22.0527360Z,1779559102052,0
2026-05-23T17:58:22.0957090Z,1779559102095,1
2026-05-23T17:58:22.1301800Z,1779559102130,1
2026-05-23T17:58:22.1660610Z,1779559102166,1
2026-05-23T17:58:22.2022450Z,1779559102202,1
2026-05-23T17:58:22.2373520Z,1779559102237,1
2026-05-23T17:58:22.2753400Z,1779559102275,1
2026-05-23T17:58:22.3101310Z,1779559102310,0
2026-05-23T17:58:22.3422160Z,1779559102342,1
2026-05-23T17:58:22.3738100Z,1779559102373,1
2026-05-23T17:58:22.4060510Z,1779559102406,1
2026-05-23T17:58:22.4773050Z,1779559102477,1
2026-05-23T17:58:22.4808590Z,1779559102480,0
2026-05-23T17:58:22.5134070Z,1779559102513,1
2026-05-23T17:58:22.5530610Z,1779559102553,1
2026-05-23T17:58:22.5839100Z,1779559102583,1
2026-05-23T17:58:22.6160900Z,1779559102616,1
2026-05-23T17:58:22.6483580Z,1779559102648,0
2026-05-23T17:58:22.6803180Z,1779559102680,1
2026-05-23T17:58:22.7125860Z,1779559102712,1
2026-05-23T17:58:22.7444400Z,1779559102744,1
2026-05-23T17:58:22.7764610Z,1779559102776,0
2026-05-23T17:58:22.8088840Z,1779559102808,1
2026-05-23T17:58:22.8407680Z,1779559102840,1
2026-05-23T17:58:22.8730690Z,1779559102873,1
2026-05-23T17:58:22.9046910Z,1779559102904,0
2026-05-23T17:58:22.9373580Z,1779559102937,1
2026-05-23T17:58:22.9698890Z,1779559102969,1
2026-05-23T17:58:23.0104540Z,1779559103010,1
2026-05-23T17:58:23.0804240Z,1779559103080,1
2026-05-23T17:58:23.0839460Z,1779559103083,1
2026-05-23T17:58:23.1154790Z,1779559103115,0
2026-05-23T17:58:23.1478130Z,1779559103147,1
2026-05-23T17:58:23.1797830Z,1779559103179,1
2026-05-23T17:58:23.2120070Z,1779559103212,1
2026-05-23T17:58:23.2441120Z,1779559103244,1
2026-05-23T17:58:23.2761740Z,1779559103276,0
2026-05-23T17:58:23.3081240Z,1779559103308,1
2026-05-23T17:58:23.3401690Z,1779559103340,1
2026-05-23T17:58:23.3723970Z,1779559103372,1
2026-05-23T17:58:23.4045080Z,1779559103404,0
2026-05-23T17:58:23.4367100Z,1779559103436,1
2026-05-23T17:58:23.4693670Z,1779559103469,1
2026-05-23T17:58:23.5105580Z,1779559103510,1
2026-05-23T17:58:23.5411680Z,1779559103541,1
2026-05-23T17:58:23.5747080Z,1779559103574,0
2026-05-23T17:58:23.6141750Z,1779559103614,1
2026-05-23T17:58:23.6450670Z,1779559103645,1
2026-05-23T17:58:23.6770540Z,1779559103677,1
2026-05-23T17:58:23.7092790Z,1779559103709,0
2026-05-23T17:58:23.7481830Z,1779559103748,1
2026-05-23T17:58:23.7795480Z,1779559103779,1
2026-05-23T17:58:23.8121550Z,1779559103812,1
2026-05-23T17:58:23.8438060Z,1779559103843,1
2026-05-23T17:58:23.8762110Z,1779559103876,1
2026-05-23T17:58:23.9082160Z,1779559103908,0
2026-05-23T17:58:23.9405130Z,1779559103940,1
2026-05-23T17:58:23.9731240Z,1779559103973,1
2026-05-23T17:58:24.0444350Z,1779559104044,2
2026-05-23T17:58:24.0550120Z,1779559104055,0
2026-05-23T17:58:24.0870170Z,1779559104087,0
2026-05-23T17:58:24.1270160Z,1779559104127,1
2026-05-23T17:58:24.1577570Z,1779559104157,1
2026-05-23T17:58:24.1901650Z,1779559104190,1
2026-05-23T17:58:24.2224770Z,1779559104222,0
2026-05-23T17:58:24.2543270Z,1779559104254,1
2026-05-23T17:58:24.2862660Z,1779559104286,1
2026-05-23T17:58:24.3185010Z,1779559104318,1
2026-05-23T17:58:24.3506250Z,1779559104350,1
2026-05-23T17:58:24.3836230Z,1779559104383,1
2026-05-23T17:58:24.4150960Z,1779559104415,0
2026-05-23T17:58:24.4474370Z,1779559104447,1
2026-05-23T17:58:24.4799190Z,1779559104479,1
2026-05-23T17:58:24.5521550Z,1779559104552,2
2026-05-23T17:58:24.5576380Z,1779559104557,0
2026-05-23T17:58:24.5890030Z,1779559104589,0
2026-05-23T17:58:24.6214440Z,1779559104621,1
2026-05-23T17:58:24.6534810Z,1779559104653,1
2026-05-23T17:58:24.6853410Z,1779559104685,1
2026-05-23T17:58:24.7175020Z,1779559104717,0
2026-05-23T17:58:24.7498590Z,1779559104749,1
2026-05-23T17:58:24.7821050Z,1779559104782,1
2026-05-23T17:58:24.8141280Z,1779559104814,1
2026-05-23T17:58:24.8464190Z,1779559104846,0
2026-05-23T17:58:24.8786070Z,1779559104878,1
2026-05-23T17:58:24.9104880Z,1779559104910,1
2026-05-23T17:58:24.9425850Z,1779559104942,1
2026-05-23T17:58:24.9748970Z,1779559104974,0
2026-05-23T17:58:25.0451610Z,1779559105045,2
2026-05-23T17:58:25.0484070Z,1779559105048,0
2026-05-23T17:58:25.0808760Z,1779559105080,1
2026-05-23T17:58:25.1205230Z,1779559105120,1
2026-05-23T17:58:25.1516260Z,1779559105151,0
2026-05-23T17:58:25.1832580Z,1779559105183,1
2026-05-23T17:58:25.2153490Z,1779559105215,1
2026-05-23T17:58:25.2475230Z,1779559105247,1
2026-05-23T17:58:25.2794880Z,1779559105279,0
2026-05-23T17:58:25.3117940Z,1779559105311,1
2026-05-23T17:58:25.3434810Z,1779559105343,1
2026-05-23T17:58:25.3757830Z,1779559105375,0
2026-05-23T17:58:25.4075670Z,1779559105407,1
2026-05-23T17:58:25.4395900Z,1779559105439,1
2026-05-23T17:58:25.4723010Z,1779559105472,1
2026-05-23T17:58:25.5042010Z,1779559105504,1
2026-05-23T17:58:25.5371450Z,1779559105537,0
2026-05-23T17:58:25.5768350Z,1779559105576,1
2026-05-23T17:58:25.6077270Z,1779559105607,1
2026-05-23T17:58:25.6409020Z,1779559105640,1
2026-05-23T17:58:25.6805860Z,1779559105680,1
2026-05-23T17:58:25.7117110Z,1779559105711,1
2026-05-23T17:58:25.7434410Z,1779559105743,0
2026-05-23T17:58:25.7754960Z,1779559105775,1
2026-05-23T17:58:25.8073640Z,1779559105807,1
2026-05-23T17:58:25.8395380Z,1779559105839,1
2026-05-23T17:58:25.8718330Z,1779559105871,0
2026-05-23T17:58:25.9034690Z,1779559105903,1
2026-05-23T17:58:25.9354460Z,1779559105935,1
2026-05-23T17:58:25.9678140Z,1779559105967,1
2026-05-23T17:58:25.9999180Z,1779559105999,0
2026-05-23T17:58:26.0326170Z,1779559106032,1
2026-05-23T17:58:26.0725520Z,1779559106072,1
2026-05-23T17:58:26.1035910Z,1779559106103,1
2026-05-23T17:58:26.1431520Z,1779559106143,1
2026-05-23T17:58:26.1739650Z,1779559106173,0
2026-05-23T17:58:26.2059500Z,1779559106205,1
2026-05-23T17:58:26.2379390Z,1779559106237,1
2026-05-23T17:58:26.2698620Z,1779559106269,1
2026-05-23T17:58:26.3025800Z,1779559106302,1
2026-05-23T17:58:26.3340590Z,1779559106334,0
2026-05-23T17:58:26.3661010Z,1779559106366,1
2026-05-23T17:58:26.3982340Z,1779559106398,1
2026-05-23T17:58:26.4303800Z,1779559106430,1
2026-05-23T17:58:26.4630970Z,1779559106463,0
2026-05-23T17:58:26.4948100Z,1779559106494,1
2026-05-23T17:58:26.5352970Z,1779559106535,1
2026-05-23T17:58:26.5671490Z,1779559106567,1
2026-05-23T17:58:26.6080840Z,1779559106608,1
2026-05-23T17:58:26.6768320Z,1779559106676,1
2026-05-23T17:58:26.6800140Z,1779559106680,0
2026-05-23T17:58:26.7116610Z,1779559106711,1
2026-05-23T17:58:26.7437570Z,1779559106743,1
2026-05-23T17:58:26.7756060Z,1779559106775,1
2026-05-23T17:58:26.8076220Z,1779559106807,0
2026-05-23T17:58:26.8396360Z,1779559106839,1
2026-05-23T17:58:26.8722170Z,1779559106872,1
2026-05-23T17:58:26.9037580Z,1779559106903,1
2026-05-23T17:58:26.9358750Z,1779559106935,1
2026-05-23T17:58:26.9679230Z,1779559106967,0
2026-05-23T17:58:27.0000000Z,1779559107000,1
2026-05-23T17:58:27.0326790Z,1779559107032,1
2026-05-23T17:58:27.0650000Z,1779559107065,1
2026-05-23T17:58:27.1055000Z,1779559107105,1
2026-05-23T17:58:27.1366270Z,1779559107136,0
2026-05-23T17:58:27.1757160Z,1779559107175,1
2026-05-23T17:58:27.2066310Z,1779559107206,1
2026-05-23T17:58:27.2386870Z,1779559107238,1
2026-05-23T17:58:27.2708810Z,1779559107270,0
2026-05-23T17:58:27.3031230Z,1779559107303,1
2026-05-23T17:58:27.3351530Z,1779559107335,1
2026-05-23T17:58:27.3670710Z,1779559107367,1
2026-05-23T17:58:27.3992470Z,1779559107399,0
2026-05-23T17:58:27.4316170Z,1779559107431,1
2026-05-23T17:58:27.4637680Z,1779559107463,1
2026-05-23T17:58:27.4957430Z,1779559107495,1
2026-05-23T17:58:27.5359910Z,1779559107535,1
2026-05-23T17:58:27.6054740Z,1779559107605,1
2026-05-23T17:58:27.6099220Z,1779559107609,1
2026-05-23T17:58:27.6432460Z,1779559107643,0
2026-05-23T17:58:27.6825700Z,1779559107682,1
2026-05-23T17:58:27.7136610Z,1779559107713,1
2026-05-23T17:58:27.7455320Z,1779559107745,1
2026-05-23T17:58:27.7778080Z,1779559107777,0
2026-05-23T17:58:27.8100820Z,1779559107810,1
2026-05-23T17:58:27.8424450Z,1779559107842,1
2026-05-23T17:58:27.8739100Z,1779559107873,1
2026-05-23T17:58:27.9061740Z,1779559107906,0
2026-05-23T17:58:27.9384160Z,1779559107938,1
2026-05-23T17:58:27.9702980Z,1779559107970,1
2026-05-23T17:58:28.0027920Z,1779559108002,1
2026-05-23T17:58:28.0348360Z,1779559108034,0
2026-05-23T17:58:28.0673500Z,1779559108067,1
2026-05-23T17:58:28.1003750Z,1779559108100,1
2026-05-23T17:58:28.1406810Z,1779559108140,1
2026-05-23T17:58:28.1721960Z,1779559108172,1
2026-05-23T17:58:28.2049420Z,1779559108204,0
2026-05-23T17:58:28.2446720Z,1779559108244,1
2026-05-23T17:58:28.2757270Z,1779559108275,1
2026-05-23T17:58:28.3077320Z,1779559108307,1
2026-05-23T17:58:28.3396950Z,1779559108339,1
2026-05-23T17:58:28.3723010Z,1779559108372,1
2026-05-23T17:58:28.4043250Z,1779559108404,0
2026-05-23T17:58:28.4364060Z,1779559108436,1
2026-05-23T17:58:28.4684360Z,1779559108468,1
2026-05-23T17:58:28.5005630Z,1779559108500,1
2026-05-23T17:58:28.5330920Z,1779559108533,0
2026-05-23T17:58:28.5651730Z,1779559108565,1
2026-05-23T17:58:28.5976730Z,1779559108597,1
2026-05-23T17:58:28.6384100Z,1779559108638,1
2026-05-23T17:58:28.6695960Z,1779559108669,0
2026-05-23T17:58:28.7094020Z,1779559108709,2
2026-05-23T17:58:28.7401820Z,1779559108740,0
2026-05-23T17:58:28.7726070Z,1779559108772,1
2026-05-23T17:58:28.8043320Z,1779559108804,1
2026-05-23T17:58:28.8364020Z,1779559108836,0
2026-05-23T17:58:28.8685710Z,1779559108868,1
2026-05-23T17:58:28.9006430Z,1779559108900,1
2026-05-23T17:58:28.9331830Z,1779559108933,1
2026-05-23T17:58:28.9647870Z,1779559108964,0
2026-05-23T17:58:28.9971040Z,1779559108997,1
2026-05-23T17:58:29.0291060Z,1779559109029,1
2026-05-23T17:58:29.0614010Z,1779559109061,1
2026-05-23T17:58:29.0940970Z,1779559109094,0
2026-05-23T17:58:29.1343990Z,1779559109134,1
2026-05-23T17:58:29.1651300Z,1779559109165,1
2026-05-23T17:58:29.1974790Z,1779559109197,1
2026-05-23T17:58:29.2379350Z,1779559109237,1
2026-05-23T17:58:29.2685040Z,1779559109268,1
2026-05-23T17:58:29.3006560Z,1779559109300,0
2026-05-23T17:58:29.3330030Z,1779559109333,1
2026-05-23T17:58:29.3647140Z,1779559109364,1
2026-05-23T17:58:29.3967430Z,1779559109396,1
2026-05-23T17:58:29.4287760Z,1779559109428,0
2026-05-23T17:58:29.4609270Z,1779559109460,1
2026-05-23T17:58:29.4933040Z,1779559109493,1
2026-05-23T17:58:29.5253470Z,1779559109525,1
2026-05-23T17:58:29.5571030Z,1779559109557,0
2026-05-23T17:58:29.5893540Z,1779559109589,1
2026-05-23T17:58:29.6601330Z,1779559109660,2
2026-05-23T17:58:29.6639640Z,1779559109663,0
2026-05-23T17:58:29.7338280Z,1779559109733,2
2026-05-23T17:58:29.7400560Z,1779559109740,0
2026-05-23T17:58:29.7784720Z,1779559109778,1
2026-05-23T17:58:29.8140160Z,1779559109814,0
2026-05-23T17:58:29.8505090Z,1779559109850,1
2026-05-23T17:58:29.8863770Z,1779559109886,1
2026-05-23T17:58:29.9216810Z,1779559109921,1
2026-05-23T17:58:29.9559700Z,1779559109955,1
2026-05-23T17:58:29.9904040Z,1779559109990,1
2026-05-23T17:58:30.0259540Z,1779559110025,1
2026-05-23T17:58:30.0605120Z,1779559110060,0
2026-05-23T17:58:30.0958300Z,1779559110095,1
2026-05-23T17:58:30.1281330Z,1779559110128,1
2026-05-23T17:58:30.1690370Z,1779559110169,1
2026-05-23T17:58:30.1994080Z,1779559110199,0
2026-05-23T17:58:30.2706890Z,1779559110270,2
2026-05-23T17:58:30.2746150Z,1779559110274,1
2026-05-23T17:58:30.3062420Z,1779559110306,0
2026-05-23T17:58:30.3383660Z,1779559110338,1
2026-05-23T17:58:30.3704190Z,1779559110370,1
2026-05-23T17:58:30.4027530Z,1779559110402,0
2026-05-23T17:58:30.4343370Z,1779559110434,1
2026-05-23T17:58:30.4664980Z,1779559110466,1
2026-05-23T17:58:30.4986070Z,1779559110498,1
2026-05-23T17:58:30.5306920Z,1779559110530,1
2026-05-23T17:58:30.5629700Z,1779559110562,0
2026-05-23T17:58:30.5951220Z,1779559110595,1
2026-05-23T17:58:30.6274180Z,1779559110627,1
2026-05-23T17:58:30.6599740Z,1779559110659,1
2026-05-23T17:58:30.7007960Z,1779559110700,0
2026-05-23T17:58:30.7700820Z,1779559110770,2
2026-05-23T17:58:30.7747880Z,1779559110774,0
2026-05-23T17:58:30.8064970Z,1779559110806,1
2026-05-23T17:58:30.8386530Z,1779559110838,1
2026-05-23T17:58:30.8708020Z,1779559110870,1
2026-05-23T17:58:30.9031350Z,1779559110903,0
2026-05-23T17:58:30.9353380Z,1779559110935,1
2026-05-23T17:58:30.9670800Z,1779559110967,1
2026-05-23T17:58:31.0318010Z,1779559111031,2
2026-05-23T17:58:31.0356840Z,1779559111035,0
2026-05-23T17:58:31.0673540Z,1779559111067,0
2026-05-23T17:58:31.0997400Z,1779559111099,1
2026-05-23T17:58:31.1755820Z,1779559111175,2
2026-05-23T17:58:31.1811420Z,1779559111181,0
2026-05-23T17:58:31.2130900Z,1779559111213,0
2026-05-23T17:58:31.2531530Z,1779559111253,0
2026-05-23T17:58:31.2841420Z,1779559111284,0
2026-05-23T17:58:31.3157850Z,1779559111315,0
2026-05-23T17:58:31.3482430Z,1779559111348,0
2026-05-23T17:58:31.3802220Z,1779559111380,0
2026-05-23T17:58:31.4459190Z,1779559111445,0
2026-05-23T17:58:31.4493120Z,1779559111449,0
2026-05-23T17:58:31.4832790Z,1779559111483,0
2026-05-23T17:58:31.5157970Z,1779559111515,0
2026-05-23T17:58:31.5487630Z,1779559111548,0
2026-05-23T17:58:31.5806210Z,1779559111580,0
2026-05-23T17:58:31.6134940Z,1779559111613,0
2026-05-23T17:58:31.6451050Z,1779559111645,0
2026-05-23T17:58:31.7158420Z,1779559111715,0
2026-05-23T17:58:31.7196430Z,1779559111719,0
2026-05-23T17:58:31.7512600Z,1779559111751,0
2026-05-23T17:58:31.8227910Z,1779559111822,0
2026-05-23T17:58:31.8276100Z,1779559111827,0
2026-05-23T17:58:31.8622730Z,1779559111862,0
2026-05-23T17:58:31.8958560Z,1779559111895,0
2026-05-23T17:58:31.9281700Z,1779559111928,0
2026-05-23T17:58:31.9605710Z,1779559111960,0
2026-05-23T17:58:31.9932410Z,1779559111993,0
2026-05-23T17:58:32.0262570Z,1779559112026,0
2026-05-23T17:58:32.0614400Z,1779559112061,0
2026-05-23T17:58:32.1000860Z,1779559112100,0
2026-05-23T17:58:32.1389950Z,1779559112138,0
2026-05-23T17:58:32.1752740Z,1779559112175,0
2026-05-23T17:58:32.2166760Z,1779559112216,0
2026-05-23T17:58:32.2912180Z,1779559112291,0
2026-05-23T17:58:32.2949400Z,1779559112294,0
2026-05-23T17:58:32.3299800Z,1779559112329,0
2026-05-23T17:58:32.3636020Z,1779559112363,0
2026-05-23T17:58:32.3953510Z,1779559112395,0
2026-05-23T17:58:32.4275730Z,1779559112427,0
2026-05-23T17:58:32.4925430Z,1779559112492,0
2026-05-23T17:58:32.4965430Z,1779559112496,0
2026-05-23T17:58:32.5317950Z,1779559112531,0
2026-05-23T17:58:32.6008630Z,1779559112600,0
