seq,cmd_seq_echo,T0_ms,T1_ms,T3_ms,TQ_ms,T4_ms,T6_ms,T7_ms,RTT_ms,Processing_ms,QueueDelay_ms,Network_ms,RenderDelay_ms,MTP_ms,Jitter_ms
66,2,1779532554518,1779532554519,1779532554520,1779532554529,1779532554530,1779532554548,1779532554583,29,1,9,19,35,64,26.0247
67,3,1779532554548,1779532554548,1779532554548,1779532554570,1779532554570,1779532554583,1779532554624,35,0,22,13,41,76,24.4112
68,5,1779532554623,1779532554624,1779532554623,1779532554628,1779532554629,1779532554653,1779532554690,29,1,5,23,37,66,23.3663
69,6,1779532554653,1779532554653,1779532554652,1779532554662,1779532554662,1779532554690,1779532554727,37,0,10,27,37,74,22.3143
70,7,1779532554690,1779532554690,1779532554690,1779532554702,1779532554703,1779532554727,1779532554765,37,1,12,24,38,75,21.2679
71,8,1779532554727,1779532554727,1779532554726,1779532554760,1779532554760,1779532554765,1779532554802,38,0,34,4,37,75,21.2157
72,9,1779532554763,1779532554764,1779532554764,1779532554794,1779532554794,1779532554802,1779532554837,38,0,30,8,35,73,19.8991
73,10,1779532554800,1779532554801,1779532554801,1779532554834,1779532554834,1779532554837,1779532554871,36,0,33,3,34,70,18.7974
74,12,1779532554871,1779532554871,1779532554870,1779532554893,1779532554893,1779532554913,1779532554981,42,0,23,19,68,110,20.8480
76,13,1779532554911,1779532554911,1779532554911,1779532554926,1779532554966,1779532554981,1779532554985,70,40,15,15,4,74,23.9353
77,16,1779532555017,1779532555017,1779532555016,1779532555024,1779532555024,1779532555050,1779532555119,33,0,8,25,69,102,27.2346
79,17,1779532555049,1779532555049,1779532555049,1779532555058,1779532555100,1779532555119,1779532555123,70,42,9,19,4,74,30.0803
80,20,1779532555156,1779532555156,1779532555156,1779532555160,1779532555160,1779532555189,1779532555224,33,0,4,29,35,68,30.8592
81,21,1779532555189,1779532555189,1779532555189,1779532555193,1779532555193,1779532555224,1779532555256,35,0,4,31,32,67,29.2526
82,22,1779532555223,1779532555223,1779532555223,1779532555233,1779532555234,1779532555255,1779532555288,32,1,10,21,33,65,27.9465
83,24,1779532555288,1779532555288,1779532555288,1779532555292,1779532555292,1779532555321,1779532555354,33,0,4,29,33,66,26.6912
84,25,1779532555320,1779532555320,1779532555320,1779532555325,1779532555326,1779532555354,1779532555387,34,1,5,28,33,67,25.0864
85,26,1779532555354,1779532555354,1779532555356,1779532555367,1779532555367,1779532555387,1779532555428,33,0,11,22,41,74,23.6978
86,27,1779532555387,1779532555387,1779532555387,1779532555426,1779532555426,1779532555460,1779532555501,73,0,39,34,41,114,23.1825
87,29,1779532555460,1779532555460,1779532555459,1779532555460,1779532555460,1779532555501,1779532555532,41,0,1,40,31,72,22.0244
90,32,1779532555564,1779532555564,1779532555564,1779532555594,1779532555594,1779532555599,1779532555631,35,0,30,5,32,67,21.3050
91,34,1779532555630,1779532555630,1779532555631,1779532555635,1779532555636,1779532555664,1779532555696,34,1,4,29,32,66,21.3532
92,36,1779532555695,1779532555695,1779532555695,1779532555696,1779532555696,1779532555728,1779532555761,33,0,1,32,33,66,20.4847
93,37,1779532555728,1779532555728,1779532555728,1779532555731,1779532555731,1779532555761,1779532555794,33,0,3,30,33,66,19.4393
94,38,1779532555761,1779532555761,1779532555761,1779532555771,1779532555771,1779532555794,1779532555827,33,0,10,23,33,66,18.7668
95,40,1779532555826,1779532555826,1779532555826,1779532555832,1779532555832,1779532555860,1779532555893,34,0,6,28,33,67,18.0555
96,41,1779532555860,1779532555860,1779532555860,1779532555868,1779532555868,1779532555893,1779532555936,33,0,8,25,43,76,17.1619
97,42,1779532555893,1779532555893,1779532555893,1779532555909,1779532555909,1779532555936,1779532555966,43,0,16,27,30,73,16.8294
98,44,1779532555966,1779532555966,1779532555965,1779532555967,1779532555968,1779532555999,1779532556031,33,1,2,30,32,65,16.4942
99,45,1779532555998,1779532555998,1779532555998,1779532556000,1779532556000,1779532556031,1779532556065,33,0,2,31,34,67,15.6306
100,46,1779532556031,1779532556031,1779532556031,1779532556040,1779532556040,1779532556065,1779532556097,34,0,9,25,32,66,15.0066
102,48,1779532556097,1779532556097,1779532556097,1779532556099,1779532556132,1779532556166,1779532556170,69,33,2,34,4,73,15.4063
103,50,1779532556169,1779532556170,1779532556169,1779532556171,1779532556171,1779532556203,1779532556237,33,0,2,31,34,67,16.2724
104,51,1779532556203,1779532556203,1779532556203,1779532556229,1779532556229,1779532556237,1779532556270,34,0,26,8,33,67,16.8134
105,52,1779532556237,1779532556237,1779532556236,1779532556263,1779532556263,1779532556270,1779532556303,33,0,27,6,33,66,15.8122
106,54,1779532556303,1779532556303,1779532556303,1779532556304,1779532556304,1779532556335,1779532556368,32,0,1,31,33,65,16.2198
107,55,1779532556335,1779532556335,1779532556335,1779532556362,1779532556362,1779532556368,1779532556440,33,0,27,6,72,105,16.2023
109,56,1779532556368,1779532556368,1779532556367,1779532556395,1779532556436,1779532556440,1779532556444,72,41,28,3,4,76,19.5576
111,59,1779532556476,1779532556476,1779532556476,1779532556494,1779532556527,1779532556548,1779532556552,72,33,18,21,4,76,19.4714
112,61,1779532556552,1779532556552,1779532556552,1779532556571,1779532556571,1779532556584,1779532556617,32,0,19,13,33,65,19.4829
113,63,1779532556617,1779532556617,1779532556616,1779532556631,1779532556631,1779532556650,1779532556683,33,0,15,18,33,66,18.4617
114,64,1779532556649,1779532556650,1779532556649,1779532556668,1779532556668,1779532556683,1779532556715,33,0,19,14,32,65,17.6258
115,65,1779532556683,1779532556683,1779532556683,1779532556709,1779532556709,1779532556748,1779532556781,65,0,26,39,33,98,18.0062
116,67,1779532556748,1779532556748,1779532556748,1779532556768,1779532556768,1779532556781,1779532556814,33,0,20,13,33,66,18.3275
117,68,1779532556781,1779532556781,1779532556780,1779532556801,1779532556801,1779532556814,1779532556846,33,0,21,12,32,65,17.3915
118,69,1779532556813,1779532556813,1779532556813,1779532556842,1779532556842,1779532556846,1779532556879,33,0,29,4,33,66,16.5693
119,71,1779532556879,1779532556879,1779532556879,1779532556901,1779532556901,1779532556912,1779532556953,33,0,22,11,41,74,16.3300
120,72,1779532556912,1779532556912,1779532556912,1779532556935,1779532556935,1779532556953,1779532557023,41,0,23,18,70,111,17.6774
121,73,1779532556953,1779532556953,1779532556952,1779532556975,1779532556975,1779532557023,1779532557028,70,0,23,47,5,75,18.8541
122,75,1779532557028,1779532557028,1779532557028,1779532557033,1779532557033,1779532557061,1779532557093,33,0,5,28,32,65,18.1614
123,76,1779532557060,1779532557060,1779532557060,1779532557067,1779532557067,1779532557093,1779532557125,33,0,7,26,32,65,17.2662
124,77,1779532557093,1779532557093,1779532557093,1779532557107,1779532557107,1779532557125,1779532557159,32,0,14,18,34,66,16.4476
126,79,1779532557158,1779532557158,1779532557158,1779532557165,1779532557199,1779532557227,1779532557233,69,34,7,28,6,75,16.6592
127,81,1779532557233,1779532557233,1779532557232,1779532557239,1779532557239,1779532557267,1779532557300,34,0,7,27,33,67,17.4045
128,82,1779532557266,1779532557266,1779532557266,1779532557297,1779532557298,1779532557300,1779532557334,34,1,31,2,34,68,17.7602
129,83,1779532557300,1779532557300,1779532557299,1779532557331,1779532557331,1779532557366,1779532557399,66,0,32,34,33,99,18.4166
130,85,1779532557365,1779532557366,1779532557365,1779532557371,1779532557371,1779532557399,1779532557432,33,0,6,27,33,66,17.4790
132,87,1779532557432,1779532557432,1779532557432,1779532557463,1779532557463,1779532557474,1779532557505,42,0,31,11,31,73,17.6661
133,88,1779532557474,1779532557474,1779532557473,1779532557506,1779532557506,1779532557546,1779532557577,72,0,33,39,31,103,18.3189
134,90,1779532557546,1779532557546,1779532557546,1779532557564,1779532557564,1779532557577,1779532557609,31,0,18,13,32,63,18.7136
135,91,1779532557577,1779532557577,1779532557576,1779532557600,1779532557600,1779532557609,1779532557643,32,0,24,8,34,66,17.7060
136,93,1779532557643,1779532557643,1779532557643,1779532557643,1779532557643,1779532557675,1779532557708,32,0,0,32,33,65,18.0379
137,94,1779532557675,1779532557675,1779532557675,1779532557700,1779532557700,1779532557708,1779532557740,33,0,25,8,32,65,18.5916
138,95,1779532557708,1779532557708,1779532557707,1779532557733,1779532557733,1779532557740,1779532557773,32,0,26,6,33,65,17.5647
139,96,1779532557740,1779532557740,1779532557740,1779532557772,1779532557773,1779532557806,1779532557839,66,1,32,33,33,99,17.8723
140,98,1779532557806,1779532557806,1779532557805,1779532557831,1779532557831,1779532557839,1779532557871,33,0,26,7,32,65,18.2685
141,99,1779532557838,1779532557838,1779532557838,1779532557864,1779532557864,1779532557871,1779532557905,33,0,26,7,34,67,17.1925
142,101,1779532557904,1779532557904,1779532557904,1779532557906,1779532557907,1779532557938,1779532557980,34,1,2,31,42,76,18.2490
143,102,1779532557937,1779532557937,1779532557937,1779532557964,1779532557964,1779532557980,1779532558011,43,0,27,16,31,74,18.7614
144,103,1779532557979,1779532557979,1779532557979,1779532557997,1779532557997,1779532558011,1779532558051,32,0,18,14,40,72,17.7743
145,104,1779532558011,1779532558011,1779532558011,1779532558037,1779532558037,1779532558051,1779532558083,40,0,26,14,32,72,16.9406
146,106,1779532558082,1779532558083,1779532558083,1779532558094,1779532558094,1779532558115,1779532558148,32,0,11,21,33,65,16.2079
147,107,1779532558115,1779532558115,1779532558114,1779532558128,1779532558128,1779532558148,1779532558181,33,0,14,19,33,66,15.2841
148,108,1779532558148,1779532558148,1779532558147,1779532558167,1779532558167,1779532558181,1779532558217,33,0,20,13,36,69,14.6815
150,110,1779532558216,1779532558217,1779532558216,1779532558226,1779532558261,1779532558281,1779532558285,64,35,10,19,4,68,15.3280
151,112,1779532558284,1779532558284,1779532558284,1779532558301,1779532558301,1779532558318,1779532558351,34,0,17,17,33,67,16.1322
152,114,1779532558351,1779532558351,1779532558350,1779532558359,1779532558359,1779532558384,1779532558417,33,0,9,24,33,66,15.3710
153,115,1779532558384,1779532558384,1779532558384,1779532558392,1779532558392,1779532558417,1779532558490,33,0,8,25,73,106,16.9755
154,116,1779532558417,1779532558417,1779532558416,1779532558432,1779532558432,1779532558490,1779532558494,73,0,16,57,4,77,18.2084
155,117,1779532558489,1779532558489,1779532558489,1779532558490,1779532558490,1779532558494,1779532558526,5,0,1,4,32,37,18.4929
156,118,1779532558494,1779532558494,1779532558494,1779532558522,1779532558523,1779532558526,1779532558567,32,1,28,3,41,73,17.8957
157,119,1779532558526,1779532558526,1779532558526,1779532558562,1779532558563,1779532558598,1779532558631,72,1,36,35,33,105,18.1186
158,121,1779532558598,1779532558598,1779532558598,1779532558620,1779532558620,1779532558631,1779532558664,33,0,22,11,33,66,18.5272
159,122,1779532558631,1779532558631,1779532558630,1779532558653,1779532558653,1779532558664,1779532558696,33,0,23,10,32,65,17.4540
160,123,1779532558664,1779532558664,1779532558664,1779532558693,1779532558693,1779532558728,1779532558761,64,0,29,35,33,97,17.7919
161,125,1779532558728,1779532558728,1779532558728,1779532558751,1779532558751,1779532558761,1779532558794,33,0,23,10,33,66,18.2408
162,126,1779532558761,1779532558761,1779532558761,1779532558785,1779532558785,1779532558794,1779532558827,33,0,24,9,33,66,17.2011
163,127,1779532558794,1779532558794,1779532558794,1779532558825,1779532558826,1779532558859,1779532558892,65,1,31,33,33,98,17.5930
164,129,1779532558859,1779532558859,1779532558859,1779532558885,1779532558885,1779532558892,1779532558925,33,0,26,7,33,66,18.4005
165,130,1779532558892,1779532558892,1779532558892,1779532558919,1779532558920,1779532558925,1779532558958,33,1,27,5,33,66,17.4200
166,132,1779532558957,1779532558957,1779532558957,1779532558960,1779532558960,1779532558991,1779532559033,34,0,3,31,42,76,18.4694
167,133,1779532558991,1779532558991,1779532558991,1779532559021,1779532559021,1779532559033,1779532559105,42,0,30,12,72,114,17.9324
169,134,1779532559033,1779532559033,1779532559032,1779532559055,1779532559095,1779532559105,1779532559114,72,40,23,9,9,81,20.8077
171,137,1779532559151,1779532559151,1779532559151,1779532559153,1779532559186,1779532559220,1779532559260,69,33,2,34,40,109,22.7953
172,138,1779532559219,1779532559219,1779532559219,1779532559227,1779532559227,1779532559260,1779532559264,41,0,8,33,4,45,23.3928
173,140,1779532559264,1779532559264,1779532559264,1779532559285,1779532559285,1779532559299,1779532559334,35,0,21,14,35,70,22.3870
174,141,1779532559298,1779532559299,1779532559298,1779532559321,1779532559321,1779532559334,1779532559403,35,0,23,12,69,104,23.0920
175,142,1779532559333,1779532559333,1779532559333,1779532559360,1779532559361,1779532559403,1779532559407,70,1,27,42,4,74,23.6594
176,144,1779532559407,1779532559407,1779532559406,1779532559421,1779532559421,1779532559442,1779532559478,35,0,15,20,36,71,22.6525
177,145,1779532559441,1779532559441,1779532559441,1779532559455,1779532559455,1779532559477,1779532559522,36,0,14,22,45,81,21.7543
178,146,1779532559477,1779532559477,1779532559477,1779532559495,1779532559495,1779532559522,1779532559594,45,0,18,27,72,117,22.6317
180,147,1779532559521,1779532559522,1779532559521,1779532559553,1779532559587,1779532559594,1779532559597,72,34,32,6,3,75,26.7925
181,149,1779532559597,1779532559597,1779532559597,1779532559627,1779532559627,1779532559665,1779532559699,68,0,30,38,34,102,28.7962
182,151,1779532559665,1779532559665,1779532559665,1779532559685,1779532559685,1779532559699,1779532559733,34,0,20,14,34,68,28.3926
183,152,1779532559699,1779532559699,1779532559699,1779532559718,1779532559718,1779532559733,1779532559766,34,0,19,15,33,67,26.7536
184,153,1779532559733,1779532559733,1779532559732,1779532559758,1779532559758,1779532559766,1779532559799,33,0,26,7,33,66,25.6521
185,155,1779532559799,1779532559799,1779532559798,1779532559816,1779532559816,1779532559832,1779532559865,33,0,18,15,33,66,24.5385
186,156,1779532559831,1779532559831,1779532559831,1779532559850,1779532559850,1779532559865,1779532559897,34,0,19,15,32,66,23.0848
187,157,1779532559864,1779532559864,1779532559864,1779532559892,1779532559892,1779532559897,1779532559930,33,0,28,5,33,66,22.2665
188,159,1779532559930,1779532559930,1779532559929,1779532559949,1779532559949,1779532559964,1779532560039,34,0,20,14,75,109,24.1505
190,160,1779532559964,1779532559964,1779532559964,1779532559982,1779532560024,1779532560039,1779532560044,75,42,18,15,5,80,27.2540
192,163,1779532560077,1779532560077,1779532560078,1779532560082,1779532560115,1779532560121,1779532560153,44,33,4,7,32,76,26.6919
193,165,1779532560153,1779532560153,1779532560153,1779532560155,1779532560155,1779532560219,1779532560224,66,0,2,64,5,71,27.1601
195,167,1779532560224,1779532560224,1779532560223,1779532560246,1779532560246,1779532560264,1779532560299,40,0,23,17,35,75,25.4403
196,168,1779532560263,1779532560263,1779532560263,1779532560286,1779532560286,1779532560299,1779532560340,36,0,23,13,41,77,23.9384
198,170,1779532560339,1779532560339,1779532560339,1779532560345,1779532560378,1779532560386,1779532560423,47,33,6,8,37,84,22.7614
199,171,1779532560385,1779532560386,1779532560385,1779532560419,1779532560419,1779532560423,1779532560464,37,0,34,3,41,78,21.3416
202,173,1779532560464,1779532560464,1779532560464,1779532560477,1779532560550,1779532560552,1779532560556,88,73,13,2,4,92,22.3766
203,175,1779532560556,1779532560556,1779532560556,1779532560609,1779532560609,1779532560638,1779532560641,82,0,53,29,3,85,22.4359
204,177,1779532560641,1779532560641,1779532560641,1779532560642,1779532560643,1779532560675,1779532560706,34,1,1,32,31,65,23.0813
205,178,1779532560674,1779532560674,1779532560674,1779532560683,1779532560683,1779532560706,1779532560738,32,0,9,23,32,64,22.3381
206,180,1779532560738,1779532560738,1779532560737,1779532560741,1779532560741,1779532560774,1779532560807,36,0,4,32,33,69,21.6417
207,181,1779532560774,1779532560774,1779532560774,1779532560775,1779532560775,1779532560807,1779532560839,33,0,1,32,32,65,20.3265
208,182,1779532560807,1779532560807,1779532560807,1779532560815,1779532560815,1779532560839,1779532560871,32,0,8,24,32,64,19.6352
209,184,1779532560870,1779532560870,1779532560870,1779532560874,1779532560874,1779532560903,1779532560937,33,0,4,29,34,67,18.9877
210,185,1779532560902,1779532560902,1779532560902,1779532560909,1779532560909,1779532560937,1779532560971,35,0,7,28,34,69,17.9275
211,186,1779532560937,1779532560937,1779532560936,1779532560949,1779532560949,1779532560971,1779532561003,34,0,13,21,32,66,17.4157
212,188,1779532561003,1779532561003,1779532561003,1779532561007,1779532561007,1779532561035,1779532561078,32,0,4,28,43,75,17.4624
213,189,1779532561035,1779532561035,1779532561035,1779532561041,1779532561041,1779532561078,1779532561109,43,0,6,37,31,74,16.4426
214,190,1779532561078,1779532561078,1779532561078,1779532561081,1779532561081,1779532561109,1779532561149,31,0,3,28,40,71,15.5179
215,191,1779532561109,1779532561109,1779532561109,1779532561138,1779532561139,1779532561149,1779532561180,40,1,29,10,31,71,16.1931
216,192,1779532561149,1779532561149,1779532561149,1779532561171,1779532561172,1779532561180,1779532561213,31,1,22,8,33,64,15.2174
217,194,1779532561212,1779532561212,1779532561212,1779532561212,1779532561212,1779532561244,1779532561283,32,0,0,32,39,71,16.0094
218,195,1779532561244,1779532561244,1779532561243,1779532561270,1779532561270,1779532561283,1779532561314,39,0,27,12,31,70,16.5540
219,196,1779532561282,1779532561282,1779532561282,1779532561303,1779532561303,1779532561314,1779532561346,32,0,21,11,32,64,15.7898
220,198,1779532561345,1779532561345,1779532561345,1779532561347,1779532561347,1779532561377,1779532561411,32,0,2,30,34,66,16.2230
221,199,1779532561377,1779532561377,1779532561377,1779532561408,1779532561408,1779532561440,1779532561472,63,0,31,32,32,95,15.2576
222,201,1779532561440,1779532561440,1779532561440,1779532561443,1779532561443,1779532561472,1779532561508,32,0,3,29,36,68,14.5723
223,202,1779532561472,1779532561472,1779532561472,1779532561485,1779532561485,1779532561508,1779532561548,36,0,13,23,40,76,13.8248
225,204,1779532561548,1779532561548,1779532561548,1779532561577,1779532561577,1779532561625,1779532561628,77,0,29,48,3,80,13.7686
227,206,1779532561628,1779532561628,1779532561628,1779532561676,1779532561676,1779532561699,1779532561703,71,0,48,23,4,75,17.0102
228,208,1779532561703,1779532561703,1779532561703,1779532561712,1779532561712,1779532561735,1779532561773,32,0,9,23,38,70,18.2707
229,209,1779532561735,1779532561735,1779532561735,1779532561752,1779532561752,1779532561773,1779532561804,38,0,17,21,31,69,17.8176
230,211,1779532561803,1779532561803,1779532561803,1779532561811,1779532561811,1779532561836,1779532561867,33,0,8,25,31,64,16.9182
231,212,1779532561835,1779532561836,1779532561836,1779532561844,1779532561844,1779532561867,1779532561899,31,0,8,23,32,63,15.8834
232,213,1779532561867,1779532561867,1779532561867,1779532561885,1779532561885,1779532561899,1779532561930,32,0,18,14,31,63,15.5512
233,215,1779532561930,1779532561930,1779532561931,1779532561943,1779532561943,1779532561962,1779532562007,32,0,12,20,45,77,15.6890
234,216,1779532561962,1779532561962,1779532561962,1779532561978,1779532561978,1779532562007,1779532562065,45,0,16,29,58,103,16.4240
235,217,1779532562006,1779532562006,1779532562006,1779532562018,1779532562019,1779532562065,1779532562069,59,1,12,46,4,63,17.7817
236,219,1779532562069,1779532562069,1779532562068,1779532562076,1779532562077,1779532562105,1779532562146,36,1,8,27,41,77,17.8422
237,220,1779532562105,1779532562105,1779532562104,1779532562110,1779532562110,1779532562146,1779532562177,41,0,6,35,31,72,17.0543
238,221,1779532562146,1779532562146,1779532562145,1779532562149,1779532562150,1779532562177,1779532562209,31,1,4,26,32,63,16.2448
239,223,1779532562208,1779532562208,1779532562208,1779532562209,1779532562209,1779532562240,1779532562276,32,0,1,31,36,68,15.5835
240,224,1779532562240,1779532562240,1779532562240,1779532562243,1779532562243,1779532562276,1779532562309,36,0,3,33,33,69,14.6514
241,225,1779532562276,1779532562276,1779532562276,1779532562283,1779532562283,1779532562309,1779532562341,33,0,7,26,32,65,14.3132
242,227,1779532562340,1779532562340,1779532562340,1779532562342,1779532562343,1779532562372,1779532562404,32,1,2,29,32,64,13.6721
243,228,1779532562372,1779532562372,1779532562372,1779532562376,1779532562376,1779532562404,1779532562435,32,0,4,28,31,63,12.8570
244,229,1779532562404,1779532562404,1779532562403,1779532562416,1779532562416,1779532562435,1779532562467,31,0,13,18,32,63,12.7225
245,231,1779532562466,1779532562466,1779532562467,1779532562474,1779532562474,1779532562498,1779532562530,32,0,7,25,32,64,12.2272
246,232,1779532562498,1779532562498,1779532562498,1779532562507,1779532562507,1779532562530,1779532562563,32,0,9,23,33,65,11.5972
247,233,1779532562530,1779532562530,1779532562530,1779532562547,1779532562548,1779532562563,1779532562604,33,1,17,15,41,74,10.8768
249,235,1779532562604,1779532562604,1779532562604,1779532562605,1779532562638,1779532562674,1779532562719,70,33,1,36,45,115,11.6832
250,236,1779532562673,1779532562673,1779532562673,1779532562678,1779532562678,1779532562718,1779532562722,45,0,5,40,4,49,13.2390
251,238,1779532562722,1779532562722,1779532562722,1779532562736,1779532562736,1779532562754,1779532562790,32,0,14,18,36,68,12.9291
252,239,1779532562754,1779532562754,1779532562754,1779532562771,1779532562771,1779532562790,1779532562823,36,0,17,19,33,69,12.2250
253,240,1779532562790,1779532562790,1779532562789,1779532562810,1779532562810,1779532562823,1779532562855,33,0,21,12,32,65,12.1438
254,242,1779532562854,1779532562854,1779532562854,1779532562868,1779532562868,1779532562886,1779532562918,32,0,14,18,32,64,11.7651
255,243,1779532562886,1779532562886,1779532562886,1779532562904,1779532562905,1779532562918,1779532562949,32,1,18,13,31,63,11.3632
256,244,1779532562917,1779532562917,1779532562917,1779532562944,1779532562945,1779532562949,1779532562981,32,1,27,4,32,64,10.9855
257,246,1779532562981,1779532562981,1779532562981,1779532563003,1779532563003,1779532563012,1779532563044,31,0,22,9,32,63,10.3286
258,247,1779532563012,1779532563012,1779532563012,1779532563036,1779532563037,1779532563044,1779532563077,32,1,24,7,33,65,9.8324
259,249,1779532563077,1779532563077,1779532563076,1779532563079,1779532563079,1779532563118,1779532563149,41,0,3,38,31,72,11.1071
260,250,1779532563117,1779532563118,1779532563117,1779532563137,1779532563138,1779532563149,1779532563190,31,1,20,10,41,72,11.6795
261,251,1779532563149,1779532563149,1779532563149,1779532563171,1779532563171,1779532563190,1779532563221,41,0,22,19,31,72,10.9678
262,252,1779532563190,1779532563190,1779532563189,1779532563211,1779532563211,1779532563221,1779532563253,31,0,22,9,32,63,10.9305
263,254,1779532563252,1779532563252,1779532563252,1779532563270,1779532563271,1779532563290,1779532563327,38,1,18,19,37,75,11.3515
264,255,1779532563289,1779532563289,1779532563290,1779532563304,1779532563304,1779532563327,1779532563358,38,0,14,24,31,69,10.9656
265,256,1779532563327,1779532563327,1779532563327,1779532563344,1779532563344,1779532563358,1779532563390,31,0,17,14,32,63,10.8340
266,258,1779532563390,1779532563390,1779532563390,1779532563402,1779532563402,1779532563422,1779532563453,32,0,12,20,31,63,10.5444
267,259,1779532563421,1779532563421,1779532563421,1779532563437,1779532563437,1779532563453,1779532563485,32,0,16,16,32,64,10.2513
268,260,1779532563453,1779532563453,1779532563453,1779532563477,1779532563477,1779532563485,1779532563517,32,0,24,8,32,64,9.8598
269,262,1779532563516,1779532563516,1779532563516,1779532563535,1779532563535,1779532563549,1779532563590,33,0,19,14,41,74,10.2392
270,263,1779532563548,1779532563548,1779532563548,1779532563574,1779532563574,1779532563590,1779532563620,42,0,26,16,30,72,10.2982
271,264,1779532563589,1779532563589,1779532563589,1779532563612,1779532563613,1779532563620,1779532563662,31,1,23,7,42,73,9.9922
272,266,1779532563662,1779532563662,1779532563661,1779532563671,1779532563672,1779532563692,1779532563725,30,1,10,19,33,63,9.6002
273,267,1779532563692,1779532563692,1779532563692,1779532563705,1779532563705,1779532563725,1779532563760,33,0,13,20,35,68,9.0905
274,268,1779532563724,1779532563724,1779532563724,1779532563746,1779532563747,1779532563760,1779532563828,36,1,22,13,68,104,10.3673
275,269,1779532563760,1779532563760,1779532563760,1779532563805,1779532563805,1779532563828,1779532563832,68,0,45,23,4,72,13.2614
276,271,1779532563832,1779532563832,1779532563832,1779532563839,1779532563839,1779532563864,1779532563900,32,0,7,25,36,68,14.7042
277,272,1779532563863,1779532563863,1779532563863,1779532563879,1779532563879,1779532563900,1779532563932,37,0,16,21,32,69,14.3570
278,274,1779532563932,1779532563932,1779532563931,1779532563937,1779532563937,1779532563963,1779532563995,31,0,6,25,32,63,13.5960
279,275,1779532563963,1779532563963,1779532563963,1779532563972,1779532563972,1779532563995,1779532564027,32,0,9,23,32,64,12.7880
280,276,1779532563995,1779532563995,1779532563995,1779532564014,1779532564014,1779532564027,1779532564059,32,0,19,13,32,64,12.6714
281,278,1779532564059,1779532564059,1779532564059,1779532564074,1779532564075,1779532564091,1779532564134,32,1,15,16,43,75,12.5481
282,279,1779532564091,1779532564091,1779532564090,1779532564109,1779532564109,1779532564134,1779532564204,43,0,19,24,70,113,14.2084
283,280,1779532564134,1779532564134,1779532564133,1779532564149,1779532564149,1779532564204,1779532564211,70,0,16,54,7,77,15.4942
284,281,1779532564204,1779532564204,1779532564203,1779532564207,1779532564207,1779532564211,1779532564243,7,0,4,3,32,39,16.1011
285,282,1779532564211,1779532564211,1779532564210,1779532564240,1779532564241,1779532564280,1779532564312,69,1,30,38,32,101,17.4685
286,284,1779532564280,1779532564280,1779532564280,1779532564281,1779532564281,1779532564312,1779532564343,32,0,1,31,31,63,17.1147
288,286,1779532564343,1779532564343,1779532564342,1779532564371,1779532564371,1779532564375,1779532564407,32,0,29,3,32,64,17.6206
289,288,1779532564407,1779532564407,1779532564407,1779532564412,1779532564412,1779532564438,1779532564470,31,0,5,26,32,63,17.8541
291,290,1779532564470,1779532564470,1779532564470,1779532564471,1779532564504,1779532564508,1779532564539,38,33,1,4,31,69,17.9801
292,292,1779532564539,1779532564539,1779532564539,1779532564544,1779532564544,1779532564572,1779532564608,33,0,5,28,36,69,18.4879
293,293,1779532564572,1779532564572,1779532564571,1779532564601,1779532564602,1779532564608,1779532564649,36,1,30,5,41,77,18.2876
294,294,1779532564607,1779532564607,1779532564607,1779532564635,1779532564635,1779532564649,1779532564688,42,0,28,14,39,81,17.1596
295,295,1779532564649,1779532564649,1779532564649,1779532564677,1779532564678,1779532564688,1779532564729,39,1,28,10,41,80,16.1293
296,297,1779532564729,1779532564729,1779532564729,1779532564735,1779532564735,1779532564766,1779532564807,37,0,6,31,41,78,16.6535
297,298,1779532564766,1779532564766,1779532564766,1779532564769,1779532564770,1779532564807,1779532564840,41,1,3,37,33,74,15.8598
298,299,1779532564806,1779532564806,1779532564806,1779532564810,1779532564810,1779532564840,1779532564907,34,0,4,30,67,101,16.4477
299,300,1779532564839,1779532564839,1779532564839,1779532564868,1779532564869,1779532564907,1779532564911,68,1,29,38,4,72,18.6962
301,302,1779532564911,1779532564911,1779532564911,1779532564943,1779532564944,1779532564980,1779532565015,69,1,32,36,35,104,18.6872
302,304,1779532564980,1779532564980,1779532564980,1779532565002,1779532565002,1779532565014,1779532565047,34,0,22,12,33,67,19.3162
303,305,1779532565014,1779532565014,1779532565014,1779532565036,1779532565036,1779532565047,1779532565081,33,0,22,11,34,67,18.2326
305,307,1779532565080,1779532565080,1779532565080,1779532565136,1779532565136,1779532565156,1779532565161,76,0,56,20,5,81,18.3451
306,309,1779532565159,1779532565159,1779532565160,1779532565169,1779532565169,1779532565196,1779532565238,37,0,9,28,42,79,19.8634
307,310,1779532565196,1779532565196,1779532565196,1779532565208,1779532565208,1779532565238,1779532565276,42,0,12,30,38,80,18.6502
308,311,1779532565238,1779532565238,1779532565238,1779532565267,1779532565267,1779532565276,1779532565311,38,0,29,9,35,73,19.1569
309,312,1779532565275,1779532565275,1779532565275,1779532565301,1779532565301,1779532565311,1779532565344,36,0,26,10,33,69,18.0322
310,313,1779532565311,1779532565311,1779532565310,1779532565341,1779532565341,1779532565377,1779532565410,66,0,31,35,33,99,18.3879
311,315,1779532565377,1779532565377,1779532565377,1779532565400,1779532565400,1779532565410,1779532565441,33,0,23,10,31,64,18.7631
312,316,1779532565410,1779532565410,1779532565410,1779532565434,1779532565434,1779532565441,1779532565473,31,0,24,7,32,63,17.9208
313,318,1779532565473,1779532565473,1779532565473,1779532565475,1779532565475,1779532565504,1779532565536,31,0,2,29,32,63,18.1926
314,319,1779532565504,1779532565504,1779532565504,1779532565533,1779532565533,1779532565568,1779532565602,64,0,29,35,34,98,17.4300
315,320,1779532565536,1779532565536,1779532565536,1779532565566,1779532565566,1779532565602,1779532565635,66,0,30,36,33,99,16.4943
316,322,1779532565601,1779532565601,1779532565602,1779532565607,1779532565607,1779532565635,1779532565676,34,0,5,29,41,75,15.4861
317,323,1779532565635,1779532565635,1779532565634,1779532565665,1779532565665,1779532565676,1779532565754,41,0,31,10,78,119,15.7047
319,324,1779532565676,1779532565676,1779532565676,1779532565699,1779532565738,1779532565754,1779532565759,78,39,23,16,5,83,18.9460
320,327,1779532565793,1779532565793,1779532565793,1779532565796,1779532565796,1779532565824,1779532565856,31,0,3,28,32,63,20.2019
321,328,1779532565824,1779532565824,1779532565824,1779532565829,1779532565829,1779532565856,1779532565887,32,0,5,27,31,63,18.9649
322,329,1779532565855,1779532565855,1779532565856,1779532565869,1779532565869,1779532565887,1779532565919,32,0,13,19,32,64,18.4938
323,331,1779532565919,1779532565919,1779532565918,1779532565927,1779532565928,1779532565950,1779532565982,31,1,9,21,32,63,17.6855
324,332,1779532565950,1779532565950,1779532565950,1779532565961,1779532565961,1779532565982,1779532566048,32,0,11,21,66,98,18.7733
325,333,1779532565982,1779532565982,1779532565982,1779532566001,1779532566001,1779532566048,1779532566052,66,0,19,47,4,70,19.9972
326,335,1779532566052,1779532566052,1779532566053,1779532566059,1779532566059,1779532566084,1779532566116,32,0,6,26,32,64,19.0957
327,336,1779532566083,1779532566083,1779532566083,1779532566093,1779532566093,1779532566116,1779532566159,33,0,10,23,43,76,18.6877
328,337,1779532566115,1779532566116,1779532566115,1779532566134,1779532566134,1779532566159,1779532566190,43,0,19,24,31,74,18.2050
329,339,1779532566190,1779532566190,1779532566190,1779532566192,1779532566192,1779532566234,1779532566265,44,0,2,42,31,75,17.9700
331,341,1779532566265,1779532566265,1779532566264,1779532566268,1779532566268,1779532566304,1779532566338,39,0,4,35,34,73,16.0757
332,342,1779532566304,1779532566304,1779532566304,1779532566326,1779532566326,1779532566338,1779532566370,34,0,22,12,32,66,16.7177
333,343,1779532566338,1779532566338,1779532566338,1779532566359,1779532566359,1779532566370,1779532566401,32,0,21,11,31,63,15.9593
334,344,1779532566370,1779532566370,1779532566369,1779532566399,1779532566399,1779532566401,1779532566433,31,0,30,1,32,63,15.2761
335,346,1779532566433,1779532566433,1779532566433,1779532566458,1779532566458,1779532566465,1779532566497,32,0,25,7,32,64,14.6498
336,347,1779532566464,1779532566464,1779532566465,1779532566492,1779532566492,1779532566528,1779532566560,64,0,27,37,32,96,15.3010
337,349,1779532566528,1779532566528,1779532566527,1779532566532,1779532566532,1779532566560,1779532566591,32,0,5,27,31,63,14.6989
338,351,1779532566591,1779532566591,1779532566590,1779532566591,1779532566591,1779532566623,1779532566656,32,0,1,31,33,65,13.8875
339,352,1779532566623,1779532566623,1779532566623,1779532566625,1779532566625,1779532566656,1779532566696,33,0,2,31,40,73,13.6762
340,353,1779532566656,1779532566656,1779532566655,1779532566665,1779532566665,1779532566696,1779532566769,40,0,10,30,73,113,14.7183
342,354,1779532566696,1779532566696,1779532566696,1779532566724,1779532566758,1779532566769,1779532566773,73,34,28,11,4,77,19.4035
343,356,1779532566773,1779532566773,1779532566772,1779532566798,1779532566799,1779532566805,1779532566837,32,1,26,5,32,64,19.8722
344,358,1779532566837,1779532566837,1779532566836,1779532566856,1779532566857,1779532566869,1779532566909,32,1,20,11,40,72,19.2539
345,359,1779532566868,1779532566868,1779532566868,1779532566890,1779532566890,1779532566909,1779532566945,41,0,22,19,36,77,18.3887
346,360,1779532566909,1779532566909,1779532566908,1779532566930,1779532566930,1779532566945,1779532566982,36,0,22,14,37,73,17.6175
347,362,1779532566981,1779532566981,1779532566981,1779532566988,1779532566988,1779532567017,1779532567051,36,0,7,29,34,70,17.1607
348,363,1779532567017,1779532567017,1779532567016,1779532567021,1779532567022,1779532567050,1779532567124,33,1,5,27,74,107,18.7430
350,364,1779532567050,1779532567050,1779532567050,1779532567062,1779532567122,1779532567124,1779532567128,74,60,12,2,4,78,23.4543
352,366,1779532567128,1779532567128,1779532567127,1779532567155,1779532567195,1779532567201,1779532567205,73,40,28,5,4,77,22.0838
353,369,1779532567242,1779532567242,1779532567242,1779532567253,1779532567253,1779532567289,1779532567318,47,0,11,36,29,76,24.0785
355,371,1779532567317,1779532567317,1779532567317,1779532567327,1779532567327,1779532567349,1779532567381,32,0,10,22,32,64,21.8348
356,373,1779532567380,1779532567380,1779532567380,1779532567385,1779532567385,1779532567412,1779532567444,32,0,5,27,32,64,20.7928
357,374,1779532567412,1779532567412,1779532567412,1779532567419,1779532567419,1779532567444,1779532567475,32,0,7,25,31,63,19.5388
358,375,1779532567443,1779532567443,1779532567443,1779532567459,1779532567459,1779532567475,1779532567513,32,0,16,16,38,70,18.5064
359,377,1779532567513,1779532567513,1779532567512,1779532567523,1779532567523,1779532567545,1779532567576,32,0,11,21,31,63,17.4043
360,378,1779532567545,1779532567545,1779532567545,1779532567558,1779532567558,1779532567576,1779532567608,31,0,13,18,32,63,16.5650
361,379,1779532567576,1779532567576,1779532567575,1779532567598,1779532567598,1779532567608,1779532567640,32,0,23,9,32,64,16.1852
362,381,1779532567639,1779532567639,1779532567639,1779532567657,1779532567657,1779532567672,1779532567713,33,0,18,15,41,74,16.2307
363,382,1779532567672,1779532567672,1779532567672,1779532567690,1779532567690,1779532567713,1779532567787,41,0,18,23,74,115,17.8776
364,383,1779532567713,1779532567713,1779532567713,1779532567731,1779532567732,1779532567787,1779532567791,74,1,18,55,4,78,19.1831
365,385,1779532567791,1779532567791,1779532567791,1779532567792,1779532567793,1779532567823,1779532567855,32,1,1,30,32,64,18.0190
366,386,1779532567823,1779532567823,1779532567823,1779532567827,1779532567827,1779532567855,1779532567887,32,0,4,28,32,64,17.1451
367,387,1779532567855,1779532567855,1779532567854,1779532567867,1779532567867,1779532567887,1779532567920,32,0,13,19,33,65,16.4068
368,389,1779532567918,1779532567918,1779532567918,1779532567926,1779532567926,1779532567956,1779532567988,38,0,8,30,32,70,16.1336
369,390,1779532567955,1779532567955,1779532567955,1779532567960,1779532567960,1779532567988,1779532568021,33,0,5,28,33,66,15.3606
370,391,1779532567987,1779532567987,1779532567987,1779532568000,1779532568000,1779532568021,1779532568056,34,0,13,21,35,69,14.7469
371,393,1779532568056,1779532568056,1779532568056,1779532568058,1779532568058,1779532568092,1779532568128,36,0,2,34,36,72,14.6851
374,395,1779532568128,1779532568128,1779532568128,1779532568131,1779532568188,1779532568202,1779532568207,74,57,3,14,5,79,21.3166
375,397,1779532568206,1779532568206,1779532568206,1779532568221,1779532568221,1779532568239,1779532568283,33,0,15,18,44,77,22.6855
376,398,1779532568239,1779532568239,1779532568239,1779532568261,1779532568261,1779532568283,1779532568322,44,0,22,22,39,83,21.4135
377,399,1779532568283,1779532568283,1779532568282,1779532568319,1779532568319,1779532568322,1779532568388,39,0,37,2,66,105,20.4944
378,400,1779532568322,1779532568322,1779532568322,1779532568355,1779532568355,1779532568388,1779532568393,66,0,33,33,5,71,21.2056
380,402,1779532568393,1779532568393,1779532568393,1779532568394,1779532568452,1779532568469,1779532568476,76,58,1,17,7,83,20.9082
381,404,1779532568475,1779532568475,1779532568475,1779532568485,1779532568485,1779532568510,1779532568550,35,0,10,25,40,75,22.2006
382,405,1779532568510,1779532568510,1779532568510,1779532568525,1779532568526,1779532568550,1779532568585,40,1,15,24,35,75,21.3246
383,407,1779532568584,1779532568584,1779532568584,1779532568585,1779532568585,1779532568617,1779532568650,33,0,1,32,33,66,20.5338
384,408,1779532568617,1779532568617,1779532568617,1779532568618,1779532568618,1779532568650,1779532568683,33,0,1,32,33,66,19.2770
385,409,1779532568649,1779532568649,1779532568649,1779532568659,1779532568659,1779532568683,1779532568755,34,0,10,24,72,106,20.0029
386,410,1779532568683,1779532568683,1779532568683,1779532568716,1779532568716,1779532568755,1779532568758,72,0,33,39,3,75,22.0354
388,412,1779532568758,1779532568758,1779532568758,1779532568790,1779532568790,1779532568824,1779532568856,66,0,32,34,32,98,21.4910
389,414,1779532568824,1779532568824,1779532568823,1779532568848,1779532568848,1779532568856,1779532568889,32,0,25,7,33,65,21.6225
390,415,1779532568856,1779532568856,1779532568856,1779532568884,1779532568884,1779532568889,1779532568923,33,0,28,5,34,67,20.5063
391,417,1779532568922,1779532568923,1779532568922,1779532568923,1779532568923,1779532568955,1779532568987,32,0,1,31,32,64,20.5807
392,418,1779532568954,1779532568955,1779532568954,1779532568981,1779532568981,1779532568987,1779532569021,32,0,27,5,34,66,20.8714
393,419,1779532568987,1779532568987,1779532568987,1779532569015,1779532569015,1779532569021,1779532569054,34,0,28,6,33,67,19.7916
395,421,1779532569054,1779532569054,1779532569053,1779532569056,1779532569114,1779532569124,1779532569129,70,58,3,9,5,75,20.0982
396,423,1779532569129,1779532569129,1779532569128,1779532569147,1779532569148,1779532569169,1779532569229,40,1,19,20,60,100,23.0901
397,424,1779532569169,1779532569169,1779532569169,1779532569188,1779532569189,1779532569229,1779532569268,60,1,19,40,39,99,21.9950
398,425,1779532569229,1779532569229,1779532569229,1779532569247,1779532569247,1779532569267,1779532569317,38,0,18,20,50,88,21.1741
399,426,1779532569267,1779532569267,1779532569267,1779532569283,1779532569283,1779532569316,1779532569349,49,0,16,33,33,82,20.0910
400,427,1779532569316,1779532569316,1779532569316,1779532569323,1779532569324,1779532569349,1779532569390,33,1,7,25,41,74,18.9520
401,428,1779532569349,1779532569349,1779532569348,1779532569383,1779532569383,1779532569390,1779532569415,41,0,35,6,25,66,19.7761
402,430,1779532569415,1779532569415,1779532569414,1779532569416,1779532569416,1779532569447,1779532569479,32,0,2,30,32,64,20.5201
403,431,1779532569447,1779532569447,1779532569446,1779532569457,1779532569457,1779532569479,1779532569512,32,0,11,21,33,65,19.7358
404,433,1779532569512,1779532569512,1779532569512,1779532569515,1779532569516,1779532569545,1779532569578,33,1,3,29,33,66,19.0208
405,434,1779532569545,1779532569545,1779532569544,1779532569549,1779532569549,1779532569578,1779532569611,33,0,5,28,33,66,18.0805
406,435,1779532569578,1779532569578,1779532569577,1779532569590,1779532569590,1779532569611,1779532569644,33,0,13,20,33,66,17.3837
407,437,1779532569644,1779532569644,1779532569643,1779532569648,1779532569648,1779532569676,1779532569710,32,0,5,27,34,66,16.8463
408,438,1779532569676,1779532569676,1779532569676,1779532569682,1779532569682,1779532569710,1779532569750,34,0,6,28,40,74,16.2747
409,439,1779532569709,1779532569709,1779532569709,1779532569721,1779532569721,1779532569750,1779532569782,41,0,12,29,32,73,15.8350
410,440,1779532569750,1779532569750,1779532569750,1779532569780,1779532569781,1779532569815,1779532569856,65,1,30,34,41,106,15.9673
411,441,1779532569782,1779532569782,1779532569782,1779532569814,1779532569814,1779532569856,1779532569887,74,0,32,42,31,105,15.3426
412,442,1779532569815,1779532569815,1779532569815,1779532569854,1779532569854,1779532569887,1779532569920,72,0,39,33,33,105,14.8913
413,444,1779532569887,1779532569887,1779532569886,1779532569913,1779532569913,1779532569920,1779532569953,33,0,27,6,33,66,15.5273
414,445,1779532569920,1779532569920,1779532569919,1779532569947,1779532569947,1779532569953,1779532569985,33,0,28,5,32,65,14.6332
415,447,1779532569985,1779532569985,1779532569985,1779532569988,1779532569988,1779532570017,1779532570050,32,0,3,29,33,65,15.1694
416,448,1779532570017,1779532570017,1779532570017,1779532570046,1779532570046,1779532570050,1779532570083,33,0,29,4,33,66,15.7364
417,449,1779532570050,1779532570050,1779532570050,1779532570080,1779532570080,1779532570116,1779532570148,66,0,30,36,32,98,16.5839
418,451,1779532570115,1779532570115,1779532570115,1779532570120,1779532570120,1779532570148,1779532570217,33,0,5,28,69,102,17.2182
419,452,1779532570148,1779532570148,1779532570148,1779532570179,1779532570179,1779532570217,1779532570221,69,0,31,38,4,73,19.4839
421,454,1779532570220,1779532570220,1779532570220,1779532570253,1779532570253,1779532570295,1779532570366,75,0,33,42,71,146,21.8686
423,456,1779532570294,1779532570294,1779532570294,1779532570311,1779532570344,1779532570366,1779532570369,72,33,17,22,3,75,26.1014
424,458,1779532570369,1779532570369,1779532570368,1779532570384,1779532570384,1779532570401,1779532570435,32,0,16,16,34,66,26.2687
425,460,1779532570435,1779532570435,1779532570434,1779532570442,1779532570442,1779532570466,1779532570499,31,0,8,23,33,64,24.7854
426,461,1779532570466,1779532570466,1779532570466,1779532570476,1779532570476,1779532570499,1779532570532,33,0,10,23,33,66,23.3604
427,462,1779532570499,1779532570499,1779532570499,1779532570516,1779532570516,1779532570532,1779532570565,33,0,17,16,33,66,22.4553
428,464,1779532570564,1779532570564,1779532570564,1779532570574,1779532570574,1779532570598,1779532570630,34,0,10,24,32,66,21.5191
429,465,1779532570598,1779532570598,1779532570597,1779532570608,1779532570608,1779532570630,1779532570663,32,0,11,21,33,65,20.2162
430,466,1779532570630,1779532570630,1779532570630,1779532570648,1779532570649,1779532570663,1779532570695,33,1,18,14,32,65,19.5293
431,468,1779532570695,1779532570695,1779532570695,1779532570707,1779532570707,1779532570729,1779532570762,34,0,12,22,33,67,18.8454
432,469,1779532570728,1779532570728,1779532570728,1779532570740,1779532570740,1779532570762,1779532570803,34,0,12,22,41,75,18.0584
433,470,1779532570762,1779532570762,1779532570762,1779532570780,1779532570780,1779532570803,1779532570836,41,0,18,23,33,74,17.2151
435,472,1779532570835,1779532570835,1779532570835,1779532570838,1779532570872,1779532570876,1779532570907,41,34,3,4,31,72,17.4353
436,474,1779532570907,1779532570907,1779532570906,1779532570913,1779532570913,1779532570940,1779532570972,33,0,7,26,32,65,17.8130
437,475,1779532570939,1779532570939,1779532570939,1779532570971,1779532570972,1779532571005,1779532571037,66,1,32,33,32,98,16.8946
438,477,1779532571004,1779532571004,1779532571004,1779532571007,1779532571007,1779532571037,1779532571070,33,0,3,30,33,66,15.9327
439,478,1779532571037,1779532571037,1779532571037,1779532571046,1779532571046,1779532571070,1779532571103,33,0,9,24,33,66,15.4144
440,480,1779532571103,1779532571103,1779532571103,1779532571104,1779532571105,1779532571135,1779532571168,32,1,1,30,33,65,14.7851
441,481,1779532571135,1779532571135,1779532571134,1779532571138,1779532571138,1779532571168,1779532571201,33,0,4,29,33,66,13.9057
442,482,1779532571167,1779532571168,1779532571167,1779532571178,1779532571178,1779532571201,1779532571234,33,0,11,22,33,66,13.5884
444,484,1779532571233,1779532571233,1779532571233,1779532571236,1779532571269,1779532571311,1779532571316,78,33,3,42,5,83,13.1733
446,487,1779532571349,1779532571349,1779532571349,1779532571366,1779532571367,1779532571390,1779532571422,41,1,17,23,32,73,13.0791
447,488,1779532571390,1779532571390,1779532571389,1779532571400,1779532571400,1779532571422,1779532571455,32,0,11,21,33,65,12.2784
448,489,1779532571422,1779532571422,1779532571422,1779532571441,1779532571441,1779532571455,1779532571487,33,0,19,14,32,65,12.1060
449,491,1779532571487,1779532571487,1779532571487,1779532571499,1779532571499,1779532571520,1779532571553,33,0,12,21,33,66,11.9649
450,492,1779532571520,1779532571520,1779532571519,1779532571532,1779532571533,1779532571553,1779532571585,33,1,13,19,32,65,11.3481
451,493,1779532571553,1779532571553,1779532571553,1779532571573,1779532571573,1779532571585,1779532571617,32,0,20,12,32,64,11.1746
452,495,1779532571617,1779532571617,1779532571617,1779532571633,1779532571633,1779532571650,1779532571683,33,0,16,17,33,66,10.8847
453,496,1779532571650,1779532571650,1779532571650,1779532571667,1779532571667,1779532571683,1779532571715,33,0,17,16,32,65,10.4659
454,497,1779532571683,1779532571683,1779532571682,1779532571707,1779532571707,1779532571715,1779532571748,32,0,25,7,33,65,10.3551
455,499,1779532571748,1779532571748,1779532571748,1779532571765,1779532571765,1779532571790,1779532571822,42,0,17,25,32,74,10.6728
456,500,1779532571790,1779532571790,1779532571790,1779532571799,1779532571799,1779532571822,1779532571862,32,0,9,23,40,72,10.6207
457,501,1779532571821,1779532571821,1779532571821,1779532571840,1779532571840,1779532571862,1779532571893,41,0,19,22,31,72,10.6407
458,503,1779532571893,1779532571893,1779532571893,1779532571898,1779532571898,1779532571926,1779532571959,33,0,5,28,33,66,10.3969
459,504,1779532571926,1779532571926,1779532571926,1779532571931,1779532571931,1779532571959,1779532571991,33,0,5,28,32,65,9.7485
460,505,1779532571959,1779532571959,1779532571959,1779532571971,1779532571972,1779532571991,1779532572024,32,1,12,19,33,65,9.7549
461,507,1779532572024,1779532572024,1779532572024,1779532572030,1779532572030,1779532572056,1779532572089,32,0,6,26,33,65,9.8718
462,508,1779532572056,1779532572056,1779532572056,1779532572063,1779532572064,1779532572089,1779532572122,33,1,7,25,33,66,9.4506
463,509,1779532572089,1779532572089,1779532572088,1779532572104,1779532572104,1779532572122,1779532572154,33,0,16,17,32,65,9.4504
464,511,1779532572154,1779532572154,1779532572156,1779532572162,1779532572162,1779532572187,1779532572220,33,0,6,27,33,66,9.3111
465,512,1779532572187,1779532572187,1779532572187,1779532572197,1779532572197,1779532572220,1779532572253,33,0,10,23,33,66,8.7538
466,513,1779532572219,1779532572219,1779532572219,1779532572238,1779532572238,1779532572253,1779532572325,34,0,19,15,72,106,10.0556
467,514,1779532572253,1779532572253,1779532572253,1779532572295,1779532572296,1779532572325,1779532572328,72,1,42,29,3,75,12.7428
468,516,1779532572328,1779532572328,1779532572328,1779532572331,1779532572331,1779532572361,1779532572402,33,0,3,30,41,74,14.2922
469,517,1779532572361,1779532572361,1779532572361,1779532572370,1779532572370,1779532572402,1779532572432,41,0,9,32,30,71,13.8095
470,518,1779532572402,1779532572402,1779532572401,1779532572428,1779532572428,1779532572432,1779532572466,30,0,27,3,34,64,14.4878
471,519,1779532572432,1779532572432,1779532572432,1779532572461,1779532572461,1779532572498,1779532572540,66,0,29,37,42,108,15.9377
472,521,1779532572498,1779532572498,1779532572498,1779532572500,1779532572500,1779532572540,1779532572607,42,0,2,40,67,109,16.7729
474,522,1779532572539,1779532572539,1779532572539,1779532572558,1779532572591,1779532572607,1779532572610,68,33,19,16,3,71,21.3336
475,524,1779532572610,1779532572610,1779532572609,1779532572631,1779532572631,1779532572644,1779532572677,34,0,22,12,33,67,21.8554
476,526,1779532572677,1779532572677,1779532572676,1779532572689,1779532572689,1779532572710,1779532572743,33,0,13,20,33,66,21.0684
477,527,1779532572710,1779532572710,1779532572710,1779532572723,1779532572723,1779532572743,1779532572778,33,0,13,20,35,68,19.8771
478,528,1779532572743,1779532572743,1779532572742,1779532572763,1779532572763,1779532572778,1779532572809,35,0,21,14,31,66,18.9323
479,530,1779532572809,1779532572809,1779532572810,1779532572821,1779532572821,1779532572850,1779532572921,41,0,11,30,71,112,20.8582
481,531,1779532572850,1779532572850,1779532572850,1779532572855,1779532572895,1779532572921,1779532572925,71,40,5,26,4,75,23.8825
482,533,1779532572925,1779532572925,1779532572924,1779532572954,1779532572954,1779532572957,1779532572990,32,0,30,2,33,65,22.8751
483,534,1779532572956,1779532572957,1779532572956,1779532572987,1779532572987,1779532573022,1779532573055,65,0,31,34,33,98,23.2818
484,536,1779532573022,1779532573022,1779532573022,1779532573027,1779532573027,1779532573055,1779532573088,33,0,5,28,33,66,22.0560
485,537,1779532573055,1779532573055,1779532573054,1779532573085,1779532573085,1779532573088,1779532573121,33,0,31,2,33,66,22.2510
486,538,1779532573088,1779532573088,1779532573088,1779532573119,1779532573119,1779532573153,1779532573186,65,0,31,34,33,98,22.5982
487,540,1779532573153,1779532573153,1779532573153,1779532573159,1779532573159,1779532573186,1779532573219,33,0,6,27,33,66,21.7109
488,541,1779532573186,1779532573186,1779532573186,1779532573217,1779532573217,1779532573251,1779532573284,65,0,31,34,33,98,20.8430
489,542,1779532573218,1779532573218,1779532573218,1779532573250,1779532573250,1779532573284,1779532573318,66,0,32,34,34,100,19.5897
490,544,1779532573284,1779532573284,1779532573284,1779532573295,1779532573295,1779532573318,1779532573359,34,0,11,23,41,75,18.3869
491,545,1779532573318,1779532573318,1779532573318,1779532573348,1779532573348,1779532573359,1779532573391,41,0,30,11,32,73,18.6239
492,546,1779532573359,1779532573359,1779532573358,1779532573381,1779532573381,1779532573391,1779532573431,32,0,23,9,40,72,17.7326
493,547,1779532573390,1779532573390,1779532573390,1779532573421,1779532573421,1779532573431,1779532573462,41,0,31,10,31,72,16.9025
494,549,1779532573462,1779532573462,1779532573462,1779532573480,1779532573480,1779532573495,1779532573527,33,0,18,15,32,65,15.9679
495,550,1779532573494,1779532573494,1779532573494,1779532573514,1779532573514,1779532573527,1779532573560,33,0,20,13,33,66,15.1631
496,551,1779532573527,1779532573527,1779532573527,1779532573554,1779532573554,1779532573560,1779532573594,33,0,27,6,34,67,14.7741
498,553,1779532573593,1779532573593,1779532573593,1779532573612,1779532573645,1779532573663,1779532573666,70,33,19,18,3,73,15.0725
499,555,1779532573666,1779532573666,1779532573665,1779532573686,1779532573686,1779532573700,1779532573733,34,0,21,13,33,67,15.7138
500,557,1779532573733,1779532573733,1779532573733,1779532573744,1779532573744,1779532573766,1779532573799,33,0,11,22,33,66,15.2996
501,558,1779532573766,1779532573766,1779532573766,1779532573777,1779532573777,1779532573799,1779532573872,33,0,11,22,73,106,16.9098
502,559,1779532573799,1779532573799,1779532573799,1779532573818,1779532573818,1779532573871,1779532573875,72,0,19,53,4,76,18.2485
503,561,1779532573875,1779532573875,1779532573874,1779532573877,1779532573877,1779532573908,1779532573948,33,0,3,30,40,73,18.1880
504,562,1779532573908,1779532573908,1779532573908,1779532573910,1779532573910,1779532573948,1779532573980,40,0,2,38,32,72,17.3547
505,563,1779532573948,1779532573948,1779532573948,1779532573949,1779532573949,1779532573980,1779532574013,32,0,1,31,33,65,16.5088
506,564,1779532573979,1779532573979,1779532573979,1779532574007,1779532574007,1779532574045,1779532574078,66,0,28,38,33,99,15.6638
507,565,1779532574013,1779532574013,1779532574012,1779532574041,1779532574041,1779532574078,1779532574110,65,0,29,36,32,97,14.7259
508,567,1779532574078,1779532574078,1779532574077,1779532574081,1779532574081,1779532574110,1779532574144,32,0,4,28,34,66,14.3635
510,569,1779532574143,1779532574143,1779532574143,1779532574172,1779532574173,1779532574176,1779532574209,33,1,29,3,33,66,14.8803
511,571,1779532574209,1779532574209,1779532574209,1779532574212,1779532574212,1779532574241,1779532574274,32,0,3,29,33,65,15.4033
512,572,1779532574241,1779532574241,1779532574241,1779532574270,1779532574270,1779532574307,1779532574347,66,0,29,37,40,106,15.3354
513,573,1779532574274,1779532574274,1779532574275,1779532574304,1779532574305,1779532574347,1779532574379,73,1,29,43,32,105,14.3946
514,574,1779532574307,1779532574307,1779532574306,1779532574344,1779532574345,1779532574379,1779532574412,72,1,38,33,33,105,13.8999
515,576,1779532574379,1779532574379,1779532574378,1779532574402,1779532574402,1779532574412,1779532574452,33,0,24,9,40,73,14.1602
516,577,1779532574412,1779532574412,1779532574412,1779532574436,1779532574436,1779532574452,1779532574483,40,0,24,16,31,71,13.5855
517,578,1779532574452,1779532574452,1779532574452,1779532574477,1779532574477,1779532574483,1779532574517,31,0,25,6,34,65,13.2392
518,580,1779532574516,1779532574516,1779532574516,1779532574535,1779532574535,1779532574549,1779532574583,33,0,19,14,34,67,12.9826
519,581,1779532574548,1779532574548,1779532574548,1779532574569,1779532574569,1779532574583,1779532574618,35,0,21,14,35,70,12.3312
520,582,1779532574583,1779532574583,1779532574583,1779532574608,1779532574609,1779532574618,1779532574657,35,1,25,9,39,74,11.7689
522,584,1779532574656,1779532574656,1779532574656,1779532574667,1779532574703,1779532574733,1779532574736,77,36,11,30,3,80,11.9414
523,586,1779532574736,1779532574736,1779532574735,1779532574743,1779532574743,1779532574774,1779532574809,38,0,8,30,35,73,13.4118
524,587,1779532574774,1779532574774,1779532574773,1779532574800,1779532574800,1779532574809,1779532574882,35,0,27,8,73,108,13.4235
526,588,1779532574809,1779532574809,1779532574809,1779532574833,1779532574873,1779532574882,1779532574886,73,40,24,9,4,77,16.8496
527,591,1779532574917,1779532574917,1779532574917,1779532574931,1779532574931,1779532574958,1779532574989,41,0,14,27,31,72,18.4942
528,592,1779532574957,1779532574957,1779532574957,1779532574964,1779532574964,1779532574989,1779532575021,32,0,7,25,32,64,17.4208
529,593,1779532574989,1779532574989,1779532574989,1779532575004,1779532575005,1779532575021,1779532575054,32,1,15,16,33,65,16.9526
530,595,1779532575054,1779532575054,1779532575056,1779532575064,1779532575064,1779532575087,1779532575119,33,0,8,25,32,65,16.3956
531,596,1779532575087,1779532575087,1779532575086,1779532575099,1779532575099,1779532575119,1779532575152,32,0,13,19,33,65,15.5545
532,597,1779532575119,1779532575119,1779532575119,1779532575139,1779532575139,1779532575152,1779532575185,33,0,20,13,33,66,14.8788
533,599,1779532575185,1779532575185,1779532575184,1779532575199,1779532575199,1779532575218,1779532575251,33,0,15,18,33,66,14.1413
534,600,1779532575217,1779532575217,1779532575217,1779532575234,1779532575234,1779532575251,1779532575283,34,0,17,17,32,66,13.4812
535,601,1779532575251,1779532575251,1779532575250,1779532575275,1779532575275,1779532575283,1779532575316,32,0,25,7,33,65,12.8430
537,603,1779532575316,1779532575316,1779532575316,1779532575334,1779532575368,1779532575387,1779532575390,71,34,18,19,3,74,13.2643
538,605,1779532575390,1779532575390,1779532575390,1779532575408,1779532575408,1779532575423,1779532575463,33,0,18,15,40,73,14.3084
539,607,1779532575463,1779532575463,1779532575463,1779532575467,1779532575467,1779532575494,1779532575528,31,0,4,27,34,65,13.8072
540,608,1779532575494,1779532575494,1779532575494,1779532575502,1779532575503,1779532575528,1779532575560,34,1,8,25,32,66,13.2140
541,609,1779532575527,1779532575528,1779532575527,1779532575543,1779532575543,1779532575560,1779532575595,32,0,16,16,35,67,12.8474
542,611,1779532575594,1779532575594,1779532575596,1779532575602,1779532575602,1779532575625,1779532575658,31,0,6,25,33,64,12.4237
543,612,1779532575625,1779532575625,1779532575625,1779532575638,1779532575638,1779532575658,1779532575691,33,0,13,20,33,66,11.9341
544,613,1779532575658,1779532575658,1779532575658,1779532575677,1779532575677,1779532575691,1779532575724,33,0,19,14,33,66,11.4169
545,615,1779532575724,1779532575724,1779532575723,1779532575735,1779532575735,1779532575756,1779532575824,32,0,12,20,68,100,13.3680
547,616,1779532575755,1779532575756,1779532575755,1779532575768,1779532575809,1779532575824,1779532575828,68,41,13,14,4,72,16.9434
548,619,1779532575862,1779532575862,1779532575861,1779532575867,1779532575868,1779532575903,1779532575973,41,1,6,34,70,111,21.3689
550,620,1779532575903,1779532575903,1779532575902,1779532575944,1779532575944,1779532575973,1779532575976,70,0,42,28,3,73,24.6967
551,622,1779532575976,1779532575976,1779532575975,1779532576002,1779532576003,1779532576008,1779532576041,32,1,27,4,33,65,23.5805
552,623,1779532576008,1779532576008,1779532576007,1779532576035,1779532576036,1779532576041,1779532576074,33,1,28,4,33,66,22.2517
553,625,1779532576074,1779532576074,1779532576074,1779532576076,1779532576076,1779532576106,1779532576139,32,0,2,30,33,65,22.2688
554,626,1779532576106,1779532576106,1779532576105,1779532576134,1779532576134,1779532576171,1779532576204,65,0,29,36,33,98,21.1722
555,627,1779532576139,1779532576139,1779532576138,1779532576168,1779532576168,1779532576204,1779532576237,65,0,30,35,33,98,19.9292
556,629,1779532576204,1779532576204,1779532576204,1779532576214,1779532576214,1779532576237,1779532576269,33,0,10,23,32,65,19.5863
557,631,1779532576269,1779532576269,1779532576269,1779532576275,1779532576275,1779532576302,1779532576335,33,0,6,27,33,66,18.8336
558,632,1779532576302,1779532576302,1779532576302,1779532576309,1779532576309,1779532576335,1779532576368,33,0,7,26,33,66,17.9494
559,633,1779532576335,1779532576335,1779532576334,1779532576349,1779532576349,1779532576368,1779532576408,33,0,15,18,40,73,17.0253
560,634,1779532576368,1779532576368,1779532576368,1779532576407,1779532576407,1779532576439,1779532576480,71,0,39,32,41,112,16.5633
561,636,1779532576439,1779532576439,1779532576439,1779532576441,1779532576441,1779532576480,1779532576511,41,0,2,39,31,72,15.5449
562,637,1779532576480,1779532576480,1779532576479,1779532576483,1779532576483,1779532576511,1779532576544,31,0,4,27,33,64,15.1465
563,638,1779532576511,1779532576511,1779532576511,1779532576541,1779532576541,1779532576576,1779532576609,65,0,30,35,33,98,14.5240
564,639,1779532576544,1779532576544,1779532576543,1779532576574,1779532576574,1779532576609,1779532576642,65,0,31,34,33,98,13.7949
565,641,1779532576609,1779532576609,1779532576609,1779532576614,1779532576614,1779532576642,1779532576675,33,0,5,28,33,66,13.6101
566,642,1779532576642,1779532576642,1779532576642,1779532576672,1779532576673,1779532576707,1779532576740,65,1,30,34,33,98,13.2279
567,644,1779532576707,1779532576707,1779532576707,1779532576708,1779532576709,1779532576740,1779532576773,33,1,1,31,33,66,12.7190
568,645,1779532576740,1779532576740,1779532576739,1779532576751,1779532576751,1779532576773,1779532576805,33,0,12,21,32,65,12.5198
569,647,1779532576805,1779532576805,1779532576805,1779532576809,1779532576809,1779532576838,1779532576914,33,0,4,29,76,109,15.0236
571,648,1779532576838,1779532576838,1779532576837,1779532576842,1779532576882,1779532576914,1779532576917,76,40,5,31,3,79,18.4423
572,650,1779532576917,1779532576917,1779532576916,1779532576940,1779532576940,1779532576951,1779532576992,34,0,24,10,41,75,18.3186
573,651,1779532576951,1779532576951,1779532576951,1779532576974,1779532576974,1779532576992,1779532577023,41,0,23,18,31,72,17.1758
574,652,1779532576992,1779532576992,1779532576992,1779532577016,1779532577016,1779532577023,1779532577056,31,0,24,7,33,64,16.7574
575,654,1779532577056,1779532577056,1779532577055,1779532577074,1779532577074,1779532577089,1779532577121,33,0,19,14,32,65,16.0572
576,655,1779532577088,1779532577088,1779532577088,1779532577114,1779532577114,1779532577121,1779532577155,33,0,26,7,34,67,15.5485
577,656,1779532577121,1779532577121,1779532577121,1779532577152,1779532577152,1779532577187,1779532577219,66,0,31,35,32,98,16.3862
578,658,1779532577186,1779532577187,1779532577186,1779532577211,1779532577211,1779532577219,1779532577253,32,0,25,7,34,66,16.7912
579,659,1779532577219,1779532577219,1779532577219,1779532577245,1779532577245,1779532577253,1779532577285,34,0,26,8,32,66,16.0315
580,661,1779532577285,1779532577285,1779532577285,1779532577285,1779532577285,1779532577318,1779532577351,33,0,0,33,33,66,16.5167
581,662,1779532577318,1779532577318,1779532577317,1779532577344,1779532577344,1779532577351,1779532577384,33,0,27,6,33,66,16.9722
582,663,1779532577351,1779532577351,1779532577350,1779532577377,1779532577378,1779532577384,1779532577456,33,1,27,5,72,105,18.4512
583,664,1779532577384,1779532577384,1779532577384,1779532577417,1779532577417,1779532577456,1779532577461,72,0,33,39,5,77,19.6074
584,666,1779532577460,1779532577461,1779532577460,1779532577475,1779532577475,1779532577494,1779532577534,33,0,15,18,40,73,19.3904
585,667,1779532577494,1779532577494,1779532577493,1779532577509,1779532577509,1779532577534,1779532577565,40,0,16,24,31,71,18.2059
586,668,1779532577534,1779532577534,1779532577533,1779532577550,1779532577550,1779532577565,1779532577598,31,0,17,14,33,64,17.6241
587,670,1779532577598,1779532577598,1779532577598,1779532577608,1779532577608,1779532577631,1779532577664,33,0,10,23,33,66,17.0550
588,671,1779532577631,1779532577631,1779532577631,1779532577641,1779532577641,1779532577664,1779532577697,33,0,10,23,33,66,16.2715
589,672,1779532577664,1779532577664,1779532577664,1779532577681,1779532577681,1779532577697,1779532577729,33,0,17,16,32,65,15.5880
590,674,1779532577729,1779532577729,1779532577729,1779532577739,1779532577739,1779532577762,1779532577795,33,0,10,23,33,66,15.0154
591,675,1779532577762,1779532577762,1779532577761,1779532577772,1779532577773,1779532577795,1779532577827,33,1,11,21,32,65,14.1712
592,676,1779532577794,1779532577794,1779532577794,1779532577813,1779532577813,1779532577827,1779532577860,33,0,19,14,33,66,13.8602
593,678,1779532577860,1779532577860,1779532577859,1779532577872,1779532577872,1779532577893,1779532577935,33,0,13,20,42,75,14.0541
594,679,1779532577893,1779532577893,1779532577893,1779532577906,1779532577906,1779532577935,1779532578009,42,0,13,29,74,116,15.5291
595,680,1779532577935,1779532577935,1779532577934,1779532577947,1779532577947,1779532578009,1779532578012,74,0,13,61,3,77,16.6879
597,682,1779532578012,1779532578012,1779532578012,1779532578038,1779532578038,1779532578046,1779532578080,34,0,26,8,34,68,16.3954
598,683,1779532578046,1779532578046,1779532578045,1779532578078,1779532578078,1779532578112,1779532578145,66,0,33,33,33,99,16.8298
599,685,1779532578112,1779532578112,1779532578112,1779532578136,1779532578137,1779532578145,1779532578178,33,1,24,8,33,66,17.2443
600,686,1779532578145,1779532578145,1779532578144,1779532578172,1779532578172,1779532578178,1779532578210,33,0,28,5,32,65,16.4506
601,688,1779532578210,1779532578210,1779532578210,1779532578213,1779532578213,1779532578243,1779532578276,33,0,3,30,33,66,16.9039
602,689,1779532578243,1779532578243,1779532578242,1779532578272,1779532578272,1779532578276,1779532578308,33,0,30,3,32,65,17.3910
603,690,1779532578276,1779532578276,1779532578275,1779532578305,1779532578305,1779532578340,1779532578374,64,0,30,34,34,98,18.0951
604,692,1779532578340,1779532578340,1779532578340,1779532578345,1779532578345,1779532578374,1779532578406,34,0,5,29,32,66,17.2598
605,693,1779532578373,1779532578374,1779532578373,1779532578403,1779532578403,1779532578406,1779532578478,32,0,30,2,72,104,17.1638
606,694,1779532578406,1779532578406,1779532578406,1779532578435,1779532578435,1779532578478,1779532578482,72,0,29,43,4,76,18.1079
608,697,1779532578514,1779532578514,1779532578514,1779532578533,1779532578533,1779532578555,1779532578586,41,0,19,22,31,72,16.9758
609,698,1779532578555,1779532578555,1779532578554,1779532578566,1779532578566,1779532578586,1779532578619,31,0,12,19,33,64,15.9859
610,699,1779532578586,1779532578586,1779532578585,1779532578606,1779532578606,1779532578619,1779532578651,33,0,21,12,32,65,15.5818
611,701,1779532578651,1779532578651,1779532578651,1779532578664,1779532578664,1779532578685,1779532578717,34,0,13,21,32,66,15.1220
612,702,1779532578685,1779532578685,1779532578684,1779532578696,1779532578697,1779532578717,1779532578749,32,1,12,19,32,64,14.2722
613,703,1779532578717,1779532578717,1779532578716,1779532578736,1779532578736,1779532578749,1779532578782,32,0,20,12,33,65,13.9308
614,705,1779532578782,1779532578782,1779532578782,1779532578795,1779532578795,1779532578815,1779532578848,33,0,13,20,33,66,13.5661
615,706,1779532578815,1779532578815,1779532578815,1779532578828,1779532578829,1779532578848,1779532578880,33,1,13,19,32,65,12.9909
616,707,1779532578847,1779532578847,1779532578847,1779532578868,1779532578868,1779532578880,1779532578913,33,0,21,12,33,66,12.3613
618,709,1779532578913,1779532578913,1779532578913,1779532578926,1779532578959,1779532578985,1779532578988,72,33,13,26,3,75,12.7671
619,711,1779532578988,1779532578988,1779532578988,1779532578999,1779532578999,1779532579021,1779532579097,33,0,11,22,76,109,16.3207
621,712,1779532579021,1779532579021,1779532579021,1779532579057,1779532579092,1779532579097,1779532579101,76,35,36,5,4,80,20.8844
622,714,1779532579101,1779532579101,1779532579100,1779532579133,1779532579133,1779532579167,1779532579200,66,0,33,33,33,99,23.2494
623,716,1779532579167,1779532579167,1779532579167,1779532579192,1779532579192,1779532579200,1779532579233,33,0,25,8,33,66,23.2415
624,717,1779532579200,1779532579200,1779532579200,1779532579225,1779532579225,1779532579233,1779532579266,33,0,25,8,33,66,22.0772
625,719,1779532579265,1779532579266,1779532579265,1779532579266,1779532579266,1779532579298,1779532579331,32,0,1,31,33,65,22.1500
626,720,1779532579298,1779532579298,1779532579298,1779532579323,1779532579324,1779532579331,1779532579364,33,1,25,7,33,66,22.2062
627,721,1779532579331,1779532579331,1779532579330,1779532579357,1779532579357,1779532579364,1779532579396,33,0,27,6,32,65,20.8981
628,723,1779532579396,1779532579396,1779532579396,1779532579398,1779532579398,1779532579429,1779532579501,33,0,2,31,72,105,23.5252
630,724,1779532579429,1779532579429,1779532579429,1779532579457,1779532579492,1779532579501,1779532579505,72,35,28,9,4,76,27.6267
631,726,1779532579505,1779532579505,1779532579504,1779532579533,1779532579533,1779532579538,1779532579578,33,0,29,4,40,73,27.8167
632,728,1779532579577,1779532579577,1779532579577,1779532579591,1779532579591,1779532579609,1779532579641,32,0,14,18,32,64,26.4299
633,729,1779532579609,1779532579609,1779532579608,1779532579624,1779532579624,1779532579641,1779532579674,32,0,16,16,33,65,24.9768
634,730,1779532579641,1779532579641,1779532579641,1779532579664,1779532579664,1779532579674,1779532579706,33,0,23,10,32,65,23.7607
635,732,1779532579706,1779532579706,1779532579706,1779532579723,1779532579723,1779532579739,1779532579772,33,0,17,16,33,66,22.8003
636,733,1779532579739,1779532579739,1779532579738,1779532579756,1779532579756,1779532579772,1779532579804,33,0,18,15,32,65,21.6025
637,734,1779532579772,1779532579772,1779532579771,1779532579796,1779532579797,1779532579804,1779532579838,32,1,25,6,34,66,20.7275
638,736,1779532579837,1779532579838,1779532579837,1779532579854,1779532579855,1779532579870,1779532579903,32,1,17,14,33,65,19.8651
639,737,1779532579870,1779532579870,1779532579870,1779532579888,1779532579888,1779532579903,1779532579936,33,0,18,15,33,66,18.7311
640,738,1779532579902,1779532579902,1779532579902,1779532579928,1779532579928,1779532579936,1779532580007,34,0,26,8,71,105,19.4422
641,739,1779532579935,1779532579935,1779532579935,1779532579986,1779532579986,1779532580007,1779532580012,72,0,51,21,5,77,21.4632
642,741,1779532580011,1779532580011,1779532580011,1779532580019,1779532580019,1779532580045,1779532580086,34,0,8,26,41,75,22.7388
643,742,1779532580045,1779532580045,1779532580045,1779532580059,1779532580059,1779532580085,1779532580117,40,0,14,26,32,72,22.0057
644,744,1779532580116,1779532580116,1779532580116,1779532580117,1779532580117,1779532580149,1779532580219,33,0,1,32,70,103,23.3078
646,745,1779532580149,1779532580149,1779532580149,1779532580150,1779532580190,1779532580218,1779532580222,69,40,1,28,4,73,26.1074
647,747,1779532580222,1779532580222,1779532580222,1779532580253,1779532580253,1779532580288,1779532580322,66,0,31,35,34,100,26.7180
648,748,1779532580255,1779532580255,1779532580255,1779532580287,1779532580287,1779532580322,1779532580354,67,0,32,35,32,99,25.1200
649,750,1779532580322,1779532580322,1779532580322,1779532580328,1779532580328,1779532580354,1779532580387,32,0,6,26,33,65,24.1353
650,752,1779532580387,1779532580387,1779532580387,1779532580388,1779532580388,1779532580420,1779532580453,33,0,1,32,33,66,23.0770
651,753,1779532580419,1779532580419,1779532580419,1779532580421,1779532580421,1779532580453,1779532580486,34,0,2,32,33,67,21.8798
652,754,1779532580453,1779532580453,1779532580453,1779532580461,1779532580462,1779532580486,1779532580528,33,1,8,24,42,75,20.7989
653,755,1779532580486,1779532580486,1779532580486,1779532580521,1779532580521,1779532580528,1779532580598,42,0,35,7,70,112,19.9566
654,756,1779532580528,1779532580528,1779532580527,1779532580555,1779532580555,1779532580598,1779532580602,70,0,28,42,4,74,20.4475
656,759,1779532580634,1779532580634,1779532580634,1779532580653,1779532580653,1779532580667,1779532580699,33,0,19,14,32,65,18.9814
657,760,1779532580667,1779532580667,1779532580666,1779532580686,1779532580686,1779532580699,1779532580732,32,0,20,12,33,65,17.9234
658,761,1779532580699,1779532580699,1779532580699,1779532580726,1779532580726,1779532580732,1779532580765,33,0,27,6,33,66,17.4003
659,763,1779532580765,1779532580765,1779532580764,1779532580784,1779532580784,1779532580797,1779532580830,32,0,20,12,33,65,16.9044
660,764,1779532580797,1779532580797,1779532580797,1779532580823,1779532580823,1779532580830,1779532580863,33,0,26,7,33,66,16.4162
661,765,1779532580830,1779532580830,1779532580830,1779532580863,1779532580863,1779532580895,1779532580928,65,0,33,32,33,98,17.0927
662,767,1779532580895,1779532580895,1779532580895,1779532580921,1779532580922,1779532580928,1779532580961,33,1,26,6,33,66,17.5439
663,768,1779532580928,1779532580928,1779532580928,1779532580956,1779532580956,1779532580961,1779532580995,33,0,28,5,34,67,16.5351
664,770,1779532580995,1779532580995,1779532580994,1779532580996,1779532580997,1779532581036,1779532581067,41,1,2,38,31,72,17.4451
665,771,1779532581035,1779532581035,1779532581035,1779532581054,1779532581055,1779532581067,1779532581107,32,1,19,12,40,72,17.4655
666,772,1779532581067,1779532581067,1779532581066,1779532581088,1779532581088,1779532581107,1779532581138,40,0,22,18,31,71,16.4398
667,773,1779532581107,1779532581107,1779532581107,1779532581130,1779532581130,1779532581138,1779532581171,31,0,23,8,33,64,16.0002
668,775,1779532581170,1779532581170,1779532581170,1779532581187,1779532581188,1779532581203,1779532581236,33,1,17,15,33,66,15.4551
669,776,1779532581203,1779532581203,1779532581203,1779532581221,1779532581221,1779532581236,1779532581305,33,0,18,15,69,102,16.4764
670,777,1779532581236,1779532581236,1779532581235,1779532581261,1779532581261,1779532581305,1779532581308,69,0,26,43,3,72,17.5693
671,779,1779532581308,1779532581308,1779532581307,1779532581319,1779532581319,1779532581341,1779532581375,33,0,12,21,34,67,17.0882
672,780,1779532581341,1779532581341,1779532581341,1779532581353,1779532581353,1779532581375,1779532581407,34,0,12,22,32,66,16.2754
673,781,1779532581374,1779532581374,1779532581374,1779532581393,1779532581393,1779532581407,1779532581440,33,0,19,14,33,66,15.5302
674,783,1779532581440,1779532581440,1779532581440,1779532581451,1779532581451,1779532581474,1779532581507,34,0,11,23,33,67,15.1135
675,784,1779532581474,1779532581474,1779532581473,1779532581484,1779532581485,1779532581507,1779532581548,33,1,11,21,41,74,14.3966
676,785,1779532581507,1779532581507,1779532581507,1779532581524,1779532581524,1779532581548,1779532581579,41,0,17,24,31,72,13.8742
677,787,1779532581578,1779532581578,1779532581578,1779532581582,1779532581583,1779532581611,1779532581644,33,1,4,28,33,66,13.5375
678,788,1779532581611,1779532581611,1779532581611,1779532581616,1779532581616,1779532581644,1779532581677,33,0,5,28,33,66,12.9554
679,789,1779532581644,1779532581644,1779532581644,1779532581656,1779532581656,1779532581677,1779532581710,33,0,12,21,33,66,12.3507
680,791,1779532581709,1779532581709,1779532581709,1779532581714,1779532581714,1779532581743,1779532581776,34,0,5,29,33,67,12.0475
681,792,1779532581743,1779532581743,1779532581742,1779532581748,1779532581748,1779532581776,1779532581809,33,0,6,27,33,66,11.5573
682,793,1779532581776,1779532581776,1779532581776,1779532581789,1779532581789,1779532581809,1779532581841,33,0,13,20,32,65,11.1316
683,795,1779532581841,1779532581841,1779532581841,1779532581847,1779532581847,1779532581874,1779532581907,33,0,6,27,33,66,10.6502
684,796,1779532581874,1779532581874,1779532581873,1779532581882,1779532581882,1779532581907,1779532581940,33,0,9,24,33,66,10.0486
685,797,1779532581906,1779532581906,1779532581906,1779532581922,1779532581922,1779532581940,1779532581972,34,0,16,18,32,66,9.8714
686,799,1779532581972,1779532581972,1779532581972,1779532581980,1779532581980,1779532582006,1779532582047,34,0,8,26,41,75,10.3713
687,800,1779532582005,1779532582006,1779532582005,1779532582014,1779532582014,1779532582047,1779532582078,41,0,9,32,31,72,10.1298
688,801,1779532582047,1779532582047,1779532582047,1779532582054,1779532582054,1779532582078,1779532582119,31,0,7,24,41,72,9.5383
689,802,1779532582078,1779532582078,1779532582077,1779532582112,1779532582112,1779532582119,1779532582149,41,0,35,6,30,71,10.6352
690,803,1779532582118,1779532582118,1779532582118,1779532582145,1779532582145,1779532582149,1779532582181,31,0,27,4,32,63,10.0631
691,805,1779532582181,1779532582181,1779532582181,1779532582186,1779532582186,1779532582214,1779532582247,33,0,5,28,33,66,10.8890
692,806,1779532582214,1779532582214,1779532582214,1779532582245,1779532582245,1779532582279,1779532582348,65,0,31,34,69,134,12.8048
694,808,1779532582279,1779532582279,1779532582280,1779532582281,1779532582321,1779532582348,1779532582352,69,40,1,28,4,73,16.4014
695,810,1779532582352,1779532582352,1779532582351,1779532582379,1779532582379,1779532582385,1779532582419,33,0,28,5,34,67,15.7951
696,811,1779532582385,1779532582385,1779532582385,1779532582412,1779532582412,1779532582419,1779532582452,34,0,27,7,33,67,14.9429
697,813,1779532582452,1779532582452,1779532582451,1779532582452,1779532582452,1779532582485,1779532582558,33,0,1,32,73,106,18.0048
699,814,1779532582485,1779532582485,1779532582484,1779532582510,1779532582543,1779532582558,1779532582562,73,33,26,14,4,77,22.1957
700,816,1779532582561,1779532582562,1779532582561,1779532582583,1779532582583,1779532582595,1779532582635,33,0,22,11,40,73,22.7862
701,818,1779532582635,1779532582635,1779532582636,1779532582642,1779532582642,1779532582666,1779532582699,31,0,6,25,33,64,21.5878
702,819,1779532582666,1779532582666,1779532582666,1779532582675,1779532582675,1779532582699,1779532582732,33,0,9,24,33,66,20.3508
703,820,1779532582699,1779532582699,1779532582698,1779532582715,1779532582715,1779532582732,1779532582764,33,0,17,16,32,65,19.6608
704,822,1779532582764,1779532582764,1779532582764,1779532582773,1779532582773,1779532582797,1779532582830,33,0,9,24,33,66,18.9566
705,823,1779532582797,1779532582797,1779532582796,1779532582806,1779532582806,1779532582830,1779532582863,33,0,10,23,33,66,17.8173
706,824,1779532582830,1779532582830,1779532582829,1779532582846,1779532582847,1779532582863,1779532582895,33,1,17,15,32,65,17.3655
707,826,1779532582895,1779532582895,1779532582894,1779532582904,1779532582905,1779532582928,1779532582960,33,1,10,22,32,65,16.7465
708,827,1779532582928,1779532582928,1779532582927,1779532582937,1779532582938,1779532582960,1779532582993,32,1,10,21,33,65,15.8191
709,828,1779532582960,1779532582960,1779532582960,1779532582977,1779532582977,1779532582993,1779532583065,33,0,17,16,72,105,16.7368
710,829,1779532582993,1779532582993,1779532582993,1779532583036,1779532583036,1779532583065,1779532583069,72,0,43,29,4,76,19.0678
711,831,1779532583069,1779532583069,1779532583068,1779532583069,1779532583069,1779532583101,1779532583143,32,0,1,31,42,74,20.4776
712,832,1779532583101,1779532583101,1779532583100,1779532583108,1779532583109,1779532583143,1779532583173,42,1,8,33,30,72,19.5889
713,833,1779532583142,1779532583142,1779532583142,1779532583166,1779532583167,1779532583173,1779532583206,31,1,24,6,33,64,20.1874
714,834,1779532583173,1779532583173,1779532583172,1779532583200,1779532583200,1779532583206,1779532583239,33,0,28,5,33,66,18.9899
715,836,1779532583239,1779532583239,1779532583238,1779532583240,1779532583240,1779532583272,1779532583304,33,0,2,31,32,65,19.5729
716,837,1779532583271,1779532583271,1779532583271,1779532583298,1779532583298,1779532583304,1779532583337,33,0,27,6,33,66,20.2679
717,838,1779532583304,1779532583304,1779532583304,1779532583331,1779532583331,1779532583337,1779532583369,33,0,27,6,32,65,19.1675
719,840,1779532583369,1779532583369,1779532583369,1779532583370,1779532583429,1779532583438,1779532583442,69,59,1,9,4,73,19.6310
720,842,1779532583442,1779532583442,1779532583441,1779532583463,1779532583463,1779532583475,1779532583509,33,0,22,11,34,67,20.6370
721,843,1779532583475,1779532583475,1779532583474,1779532583502,1779532583503,1779532583509,1779532583551,34,1,28,5,42,76,19.3684
722,845,1779532583551,1779532583551,1779532583551,1779532583560,1779532583561,1779532583583,1779532583623,32,1,9,22,40,72,19.1261
723,846,1779532583583,1779532583583,1779532583582,1779532583593,1779532583593,1779532583623,1779532583693,40,0,11,29,70,110,20.2615
724,847,1779532583623,1779532583623,1779532583623,1779532583634,1779532583635,1779532583693,1779532583696,70,1,11,58,3,73,21.3198
725,848,1779532583692,1779532583692,1779532583692,1779532583694,1779532583694,1779532583729,1779532583761,37,0,2,35,32,69,20.1565
726,849,1779532583696,1779532583696,1779532583696,1779532583727,1779532583727,1779532583761,1779532583795,65,0,31,34,34,99,19.0546
727,851,1779532583761,1779532583761,1779532583761,1779532583767,1779532583768,1779532583795,1779532583827,34,1,6,27,32,66,18.4847
728,852,1779532583794,1779532583794,1779532583794,1779532583825,1779532583825,1779532583859,1779532583892,65,0,31,34,33,98,17.8390
729,853,1779532583826,1779532583827,1779532583826,1779532583858,1779532583859,1779532583892,1779532583925,65,1,32,32,33,98,17.0410
730,855,1779532583892,1779532583892,1779532583891,1779532583899,1779532583899,1779532583925,1779532583957,33,0,8,25,32,65,16.2004
731,856,1779532583925,1779532583925,1779532583924,1779532583956,1779532583956,1779532583990,1779532584023,65,0,32,33,33,98,15.7459
732,858,1779532583990,1779532583990,1779532583990,1779532583990,1779532583990,1779532584023,1779532584056,33,0,0,33,33,66,15.0115
733,859,1779532584023,1779532584023,1779532584023,1779532584030,1779532584030,1779532584056,1779532584097,33,0,7,26,41,74,14.3932
734,860,1779532584056,1779532584056,1779532584056,1779532584088,1779532584088,1779532584097,1779532584167,41,0,32,9,70,111,14.2477
736,861,1779532584097,1779532584097,1779532584097,1779532584121,1779532584161,1779532584167,1779532584172,70,40,24,6,5,75,17.6543
737,864,1779532584203,1779532584203,1779532584203,1779532584219,1779532584219,1779532584236,1779532584269,33,0,16,17,33,66,18.9601
738,865,1779532584236,1779532584236,1779532584236,1779532584254,1779532584254,1779532584269,1779532584302,33,0,18,15,33,66,18.0111
739,866,1779532584269,1779532584269,1779532584269,1779532584294,1779532584294,1779532584302,1779532584334,33,0,25,8,32,65,17.4631
740,868,1779532584334,1779532584334,1779532584334,1779532584352,1779532584352,1779532584366,1779532584399,32,0,18,14,33,65,16.9760
741,869,1779532584366,1779532584366,1779532584366,1779532584384,1779532584385,1779532584399,1779532584431,33,1,18,14,32,65,15.9297
742,870,1779532584399,1779532584399,1779532584398,1779532584426,1779532584426,1779532584431,1779532584464,32,0,28,4,33,65,15.5037
744,872,1779532584464,1779532584464,1779532584464,1779532584485,1779532584521,1779532584533,1779532584536,69,36,21,12,3,72,15.8533
745,874,1779532584536,1779532584536,1779532584536,1779532584561,1779532584561,1779532584570,1779532584613,34,0,25,9,43,77,16.9827
747,876,1779532584613,1779532584613,1779532584613,1779532584619,1779532584652,1779532584689,1779532584693,76,33,6,37,4,80,16.3681
748,877,1779532584689,1779532584689,1779532584689,1779532584692,1779532584692,1779532584729,1779532584766,40,0,3,37,37,77,17.2119
749,879,1779532584729,1779532584729,1779532584729,1779532584750,1779532584750,1779532584766,1779532584804,37,0,21,16,38,75,17.3777
750,880,1779532584766,1779532584766,1779532584766,1779532584784,1779532584785,1779532584804,1779532584840,38,1,18,19,36,74,16.4749
751,881,1779532584804,1779532584804,1779532584804,1779532584824,1779532584824,1779532584840,1779532584874,36,0,20,16,34,70,15.8892
752,883,1779532584874,1779532584874,1779532584873,1779532584882,1779532584882,1779532584906,1779532584939,32,0,9,23,33,65,15.4004
753,884,1779532584906,1779532584906,1779532584906,1779532584920,1779532584920,1779532584939,1779532584972,33,0,14,19,33,66,14.9632
754,885,1779532584939,1779532584939,1779532584939,1779532584958,1779532584959,1779532584972,1779532585005,33,1,19,13,33,66,14.2101
755,887,1779532585004,1779532585004,1779532585004,1779532585017,1779532585017,1779532585037,1779532585070,33,0,13,20,33,66,13.8263
756,888,1779532585037,1779532585037,1779532585037,1779532585050,1779532585050,1779532585070,1779532585112,33,0,13,20,42,75,13.2897
757,889,1779532585070,1779532585070,1779532585069,1779532585090,1779532585090,1779532585112,1779532585143,42,0,21,21,31,73,12.8187
758,891,1779532585143,1779532585143,1779532585143,1779532585148,1779532585148,1779532585184,1779532585214,41,0,5,36,30,71,12.9046
760,893,1779532585214,1779532585214,1779532585214,1779532585221,1779532585222,1779532585247,1779532585280,33,1,7,25,33,66,11.8107
761,895,1779532585279,1779532585280,1779532585279,1779532585280,1779532585280,1779532585312,1779532585345,32,0,1,31,33,65,11.2810
762,896,1779532585312,1779532585312,1779532585312,1779532585314,1779532585314,1779532585345,1779532585378,33,0,2,31,33,66,10.5988
763,897,1779532585345,1779532585345,1779532585344,1779532585354,1779532585354,1779532585378,1779532585411,33,0,10,23,33,66,10.4382
764,899,1779532585410,1779532585410,1779532585410,1779532585413,1779532585413,1779532585443,1779532585476,33,0,3,30,33,66,10.2526
765,900,1779532585443,1779532585443,1779532585443,1779532585446,1779532585446,1779532585476,1779532585509,33,0,3,30,33,66,9.6510
766,901,1779532585476,1779532585476,1779532585476,1779532585486,1779532585486,1779532585509,1779532585541,33,0,10,23,32,65,9.6293
768,903,1779532585541,1779532585541,1779532585541,1779532585544,1779532585577,1779532585618,1779532585622,77,33,3,41,4,81,9.5605
769,904,1779532585618,1779532585618,1779532585618,1779532585619,1779532585620,1779532585656,1779532585696,38,1,1,36,40,78,10.9568
770,906,1779532585656,1779532585656,1779532585655,1779532585676,1779532585676,1779532585696,1779532585727,40,0,21,19,31,71,11.8784
771,907,1779532585696,1779532585696,1779532585696,1779532585709,1779532585709,1779532585727,1779532585760,31,0,13,18,33,64,11.2762
772,908,1779532585727,1779532585727,1779532585726,1779532585749,1779532585749,1779532585760,1779532585792,33,0,23,10,32,65,10.8399
773,910,1779532585792,1779532585792,1779532585792,1779532585807,1779532585807,1779532585825,1779532585858,33,0,15,18,33,66,10.6999
774,911,1779532585825,1779532585825,1779532585825,1779532585844,1779532585845,1779532585858,1779532585891,33,1,19,13,33,66,10.6883
775,912,1779532585858,1779532585858,1779532585858,1779532585883,1779532585883,1779532585891,1779532585923,33,0,25,8,32,65,10.2206
776,914,1779532585923,1779532585923,1779532585923,1779532585941,1779532585942,1779532585956,1779532585989,33,1,18,14,33,66,10.1160
777,915,1779532585956,1779532585956,1779532585956,1779532585975,1779532585975,1779532585989,1779532586022,33,0,19,14,33,66,9.6482
778,916,1779532585989,1779532585989,1779532585988,1779532586015,1779532586015,1779532586022,1779532586055,33,0,27,6,33,66,9.5971
779,918,1779532586054,1779532586054,1779532586054,1779532586075,1779532586075,1779532586088,1779532586159,34,0,21,13,71,105,11.9901
781,919,1779532586088,1779532586088,1779532586087,1779532586109,1779532586149,1779532586159,1779532586163,71,40,22,9,4,75,15.5683
782,922,1779532586196,1779532586196,1779532586196,1779532586207,1779532586207,1779532586236,1779532586268,40,0,11,29,32,72,17.4500
783,923,1779532586236,1779532586236,1779532586236,1779532586240,1779532586240,1779532586268,1779532586300,32,0,4,28,32,64,16.5698
784,924,1779532586268,1779532586268,1779532586267,1779532586280,1779532586281,1779532586300,1779532586333,32,1,13,18,33,65,15.7890
785,926,1779532586333,1779532586333,1779532586333,1779532586339,1779532586339,1779532586366,1779532586398,33,0,6,27,32,65,15.0495
786,927,1779532586366,1779532586366,1779532586366,1779532586372,1779532586372,1779532586398,1779532586431,32,0,6,26,33,65,14.2252
787,928,1779532586398,1779532586398,1779532586398,1779532586411,1779532586411,1779532586431,1779532586465,33,0,13,20,34,67,13.8363
788,930,1779532586464,1779532586464,1779532586464,1779532586470,1779532586470,1779532586497,1779532586529,33,0,6,27,32,65,13.4866
789,931,1779532586497,1779532586497,1779532586496,1779532586503,1779532586503,1779532586529,1779532586562,32,0,7,25,33,65,12.7045
790,932,1779532586529,1779532586529,1779532586529,1779532586545,1779532586545,1779532586562,1779532586595,33,0,16,17,33,66,12.7227
792,934,1779532586595,1779532586595,1779532586595,1779532586604,1779532586637,1779532586668,1779532586713,73,33,9,31,45,118,13.6338
793,935,1779532586667,1779532586667,1779532586667,1779532586677,1779532586677,1779532586713,1779532586716,46,0,10,36,3,49,14.8645
794,937,1779532586716,1779532586716,1779532586716,1779532586735,1779532586735,1779532586750,1779532586783,34,0,19,15,33,67,14.4953
795,938,1779532586750,1779532586750,1779532586749,1779532586768,1779532586768,1779532586783,1779532586816,33,0,19,14,33,66,13.8482
796,939,1779532586783,1779532586783,1779532586783,1779532586807,1779532586808,1779532586816,1779532586849,33,1,24,8,33,66,13.1963
797,941,1779532586849,1779532586849,1779532586851,1779532586866,1779532586866,1779532586881,1779532586914,32,0,15,17,33,65,12.7614
798,942,1779532586881,1779532586881,1779532586881,1779532586899,1779532586899,1779532586914,1779532586947,33,0,18,15,33,66,12.2378
799,943,1779532586914,1779532586914,1779532586914,1779532586940,1779532586940,1779532586947,1779532586979,33,0,26,7,32,65,11.6784
800,945,1779532586979,1779532586979,1779532586979,1779532586997,1779532586997,1779532587012,1779532587045,33,0,18,15,33,66,11.4080
801,946,1779532587012,1779532587012,1779532587012,1779532587030,1779532587030,1779532587045,1779532587077,33,0,18,15,32,65,10.7099
802,947,1779532587045,1779532587045,1779532587044,1779532587071,1779532587071,1779532587077,1779532587111,32,0,27,5,34,66,10.6604
804,949,1779532587110,1779532587110,1779532587110,1779532587129,1779532587162,1779532587184,1779532587188,74,33,19,22,4,78,10.9205
805,951,1779532587188,1779532587188,1779532587188,1779532587201,1779532587202,1779532587220,1779532587260,32,1,13,18,40,72,12.3997
806,953,1779532587260,1779532587260,1779532587260,1779532587267,1779532587267,1779532587292,1779532587324,32,0,7,25,32,64,11.6836
807,954,1779532587292,1779532587292,1779532587291,1779532587301,1779532587301,1779532587324,1779532587358,32,0,10,22,34,66,11.1888
808,955,1779532587324,1779532587324,1779532587324,1779532587340,1779532587341,1779532587358,1779532587390,34,1,16,17,32,66,10.6975
809,957,1779532587390,1779532587390,1779532587390,1779532587399,1779532587399,1779532587423,1779532587455,33,0,9,24,32,65,10.4470
810,958,1779532587423,1779532587423,1779532587422,1779532587432,1779532587432,1779532587455,1779532587488,32,0,10,22,33,65,10.0655
811,959,1779532587455,1779532587455,1779532587454,1779532587472,1779532587473,1779532587488,1779532587520,33,1,18,14,32,65,9.7012
812,961,1779532587520,1779532587520,1779532587520,1779532587530,1779532587530,1779532587553,1779532587586,33,0,10,23,33,66,9.6146
813,962,1779532587553,1779532587553,1779532587553,1779532587563,1779532587563,1779532587586,1779532587619,33,0,10,23,33,66,9.1965
814,963,1779532587586,1779532587586,1779532587585,1779532587603,1779532587603,1779532587619,1779532587660,33,0,18,15,41,74,8.8628
815,965,1779532587659,1779532587659,1779532587659,1779532587662,1779532587662,1779532587691,1779532587731,32,0,3,29,40,72,9.1190
816,966,1779532587691,1779532587691,1779532587691,1779532587696,1779532587697,1779532587731,1779532587762,40,1,5,34,31,71,8.8796
817,967,1779532587730,1779532587730,1779532587730,1779532587737,1779532587737,1779532587762,1779532587830,32,0,7,25,68,100,10.0235
818,968,1779532587762,1779532587762,1779532587762,1779532587795,1779532587795,1779532587830,1779532587834,68,0,33,35,4,72,12.8144
820,971,1779532587867,1779532587867,1779532587866,1779532587868,1779532587868,1779532587900,1779532587934,33,0,2,31,34,67,12.8683
821,972,1779532587900,1779532587900,1779532587900,1779532587926,1779532587926,1779532587934,1779532587966,34,0,26,8,32,66,13.6796
822,973,1779532587933,1779532587933,1779532587933,1779532587960,1779532587960,1779532587966,1779532587999,33,0,27,6,33,66,12.8789
823,975,1779532587998,1779532587998,1779532587998,1779532588000,1779532588000,1779532588031,1779532588064,33,0,2,31,33,66,13.5288
824,976,1779532588031,1779532588031,1779532588030,1779532588059,1779532588059,1779532588064,1779532588096,33,0,29,4,32,65,14.1525
825,977,1779532588064,1779532588064,1779532588063,1779532588092,1779532588092,1779532588129,1779532588163,65,0,29,36,34,99,15.0928
826,979,1779532588129,1779532588129,1779532588129,1779532588132,1779532588132,1779532588163,1779532588203,34,0,3,31,40,74,14.4282
827,980,1779532588162,1779532588162,1779532588162,1779532588190,1779532588190,1779532588203,1779532588274,41,0,28,13,71,112,14.3323
829,981,1779532588203,1779532588203,1779532588202,1779532588223,1779532588263,1779532588274,1779532588278,71,40,21,10,4,75,18.0171
830,984,1779532588310,1779532588310,1779532588309,1779532588321,1779532588321,1779532588342,1779532588375,32,0,12,20,33,65,19.3531
831,985,1779532588342,1779532588342,1779532588342,1779532588354,1779532588354,1779532588375,1779532588408,33,0,12,21,33,66,18.2482
832,986,1779532588375,1779532588375,1779532588374,1779532588394,1779532588394,1779532588408,1779532588440,33,0,20,13,32,65,17.6925
833,988,1779532588440,1779532588440,1779532588440,1779532588452,1779532588452,1779532588474,1779532588506,34,0,12,22,32,66,17.1054
834,989,1779532588474,1779532588474,1779532588473,1779532588486,1779532588486,1779532588506,1779532588539,32,0,13,19,33,65,16.0411
835,990,1779532588506,1779532588506,1779532588505,1779532588525,1779532588525,1779532588539,1779532588571,33,0,20,13,32,65,15.3338
836,992,1779532588571,1779532588571,1779532588571,1779532588583,1779532588584,1779532588604,1779532588637,33,1,12,20,33,66,14.8481
837,993,1779532588604,1779532588604,1779532588604,1779532588617,1779532588617,1779532588637,1779532588670,33,0,13,20,33,66,14.0932
838,994,1779532588636,1779532588636,1779532588636,1779532588657,1779532588657,1779532588670,1779532588711,34,0,21,13,41,75,13.2838
839,996,1779532588711,1779532588711,1779532588710,1779532588715,1779532588715,1779532588742,1779532588782,31,0,5,26,40,71,13.3091
840,997,1779532588742,1779532588742,1779532588741,1779532588749,1779532588749,1779532588782,1779532588814,40,0,8,32,32,72,12.5488
841,998,1779532588782,1779532588782,1779532588782,1779532588789,1779532588789,1779532588814,1779532588846,32,0,7,25,32,64,12.3610
843,1000,1779532588846,1779532588846,1779532588846,1779532588847,1779532588881,1779532588915,1779532588919,69,34,1,34,4,73,12.9223
844,1002,1779532588918,1779532588918,1779532588918,1779532588921,1779532588921,1779532588952,1779532588986,34,0,3,31,34,68,14.0378
845,1003,1779532588952,1779532588952,1779532588952,1779532588979,1779532588979,1779532588985,1779532589019,33,0,27,6,34,67,14.8875
846,1004,1779532588985,1779532588985,1779532588985,1779532589013,1779532589013,1779532589019,1779532589051,34,0,28,6,32,66,14.0543
847,1006,1779532589051,1779532589051,1779532589051,1779532589052,1779532589052,1779532589084,1779532589117,33,0,1,32,33,66,14.5638
848,1007,1779532589084,1779532589084,1779532589084,1779532589111,1779532589111,1779532589117,1779532589150,33,0,27,6,33,66,15.1395
849,1008,1779532589116,1779532589116,1779532589116,1779532589146,1779532589147,1779532589150,1779532589183,34,1,30,3,33,67,14.2146
850,1010,1779532589183,1779532589183,1779532589183,1779532589188,1779532589188,1779532589223,1779532589293,40,0,5,35,70,110,17.5612
852,1011,1779532589223,1779532589223,1779532589223,1779532589245,1779532589280,1779532589293,1779532589297,70,35,22,13,4,74,22.1056
853,1013,1779532589296,1779532589296,1779532589296,1779532589320,1779532589320,1779532589329,1779532589361,33,0,24,9,32,65,22.1510
854,1015,1779532589361,1779532589361,1779532589361,1779532589379,1779532589379,1779532589394,1779532589427,33,0,18,15,33,66,21.2301
855,1016,1779532589394,1779532589394,1779532589394,1779532589412,1779532589412,1779532589427,1779532589459,33,0,18,15,32,65,20.0005
856,1017,1779532589427,1779532589427,1779532589426,1779532589454,1779532589454,1779532589459,1779532589492,32,0,28,4,33,65,19.3099
857,1019,1779532589492,1779532589492,1779532589493,1779532589514,1779532589514,1779532589525,1779532589557,33,0,21,12,32,65,18.2299
858,1020,1779532589524,1779532589525,1779532589524,1779532589549,1779532589549,1779532589557,1779532589590,32,0,25,7,33,65,17.2521
859,1021,1779532589557,1779532589557,1779532589557,1779532589589,1779532589590,1779532589624,1779532589656,67,1,32,34,32,99,17.6667
860,1023,1779532589623,1779532589623,1779532589623,1779532589647,1779532589647,1779532589656,1779532589690,33,0,24,9,34,67,18.0169
861,1024,1779532589656,1779532589656,1779532589656,1779532589680,1779532589681,1779532589690,1779532589730,34,1,24,9,40,74,17.1557
862,1025,1779532589689,1779532589690,1779532589689,1779532589721,1779532589722,1779532589730,1779532589762,40,1,32,7,32,72,16.7196
863,1027,1779532589762,1779532589762,1779532589762,1779532589780,1779532589781,1779532589802,1779532589833,40,1,18,21,31,71,16.5834
864,1028,1779532589802,1779532589802,1779532589802,1779532589814,1779532589814,1779532589833,1779532589866,31,0,12,19,33,64,15.6561
865,1029,1779532589833,1779532589833,1779532589833,1779532589854,1779532589854,1779532589866,1779532589899,33,0,21,12,33,66,15.3376
866,1031,1779532589898,1779532589898,1779532589898,1779532589912,1779532589912,1779532589931,1779532590000,33,0,14,19,69,102,17.1840
868,1032,1779532589931,1779532589931,1779532589932,1779532589947,1779532589988,1779532590000,1779532590004,69,41,15,13,4,73,20.7725
869,1035,1779532590037,1779532590037,1779532590036,1779532590045,1779532590045,1779532590070,1779532590104,33,0,9,24,34,67,22.1222
870,1036,1779532590070,1779532590070,1779532590070,1779532590079,1779532590079,1779532590104,1779532590137,34,0,9,25,33,67,20.8194
871,1037,1779532590104,1779532590104,1779532590104,1779532590119,1779532590119,1779532590136,1779532590170,32,0,15,17,34,66,20.0690
872,1039,1779532590169,1779532590169,1779532590169,1779532590177,1779532590177,1779532590203,1779532590244,34,0,8,26,41,75,19.8442
873,1040,1779532590203,1779532590203,1779532590203,1779532590211,1779532590211,1779532590244,1779532590275,41,0,8,33,31,72,18.6473
874,1041,1779532590244,1779532590244,1779532590244,1779532590252,1779532590252,1779532590275,1779532590309,31,0,8,23,34,65,17.9386
876,1043,1779532590309,1779532590309,1779532590308,1779532590309,1779532590343,1779532590349,1779532590380,40,34,1,5,31,71,18.1700
877,1045,1779532590380,1779532590380,1779532590380,1779532590385,1779532590385,1779532590413,1779532590446,33,0,5,28,33,66,18.5640
878,1047,1779532590446,1779532590446,1779532590445,1779532590446,1779532590446,1779532590478,1779532590511,32,0,1,31,33,65,17.6257
879,1048,1779532590478,1779532590478,1779532590478,1779532590479,1779532590480,1779532590511,1779532590544,33,1,1,31,33,66,16.5712
880,1049,1779532590511,1779532590511,1779532590511,1779532590518,1779532590519,1779532590544,1779532590577,33,1,7,25,33,66,16.0563
881,1051,1779532590577,1779532590577,1779532590576,1779532590577,1779532590577,1779532590610,1779532590643,33,0,1,32,33,66,15.5461
882,1052,1779532590610,1779532590610,1779532590609,1779532590610,1779532590610,1779532590643,1779532590675,33,0,1,32,32,65,14.6783
883,1053,1779532590643,1779532590643,1779532590642,1779532590650,1779532590650,1779532590675,1779532590709,32,0,8,24,34,66,14.2301
885,1055,1779532590709,1779532590709,1779532590709,1779532590742,1779532590742,1779532590751,1779532590782,42,0,33,9,31,73,14.6385
886,1057,1779532590782,1779532590782,1779532590782,1779532590782,1779532590782,1779532590816,1779532590856,34,0,0,34,40,74,16.0758
887,1058,1779532590815,1779532590815,1779532590815,1779532590841,1779532590841,1779532590856,1779532590887,41,0,26,15,31,72,16.9983
888,1059,1779532590856,1779532590856,1779532590855,1779532590877,1779532590877,1779532590887,1779532590920,31,0,22,9,33,64,16.1384
889,1060,1779532590887,1779532590887,1779532590886,1779532590917,1779532590918,1779532590953,1779532590985,66,1,31,34,32,98,16.6784
890,1062,1779532590953,1779532590953,1779532590952,1779532590975,1779532590976,1779532590985,1779532591054,32,1,23,8,69,101,16.3478
892,1063,1779532590985,1779532590985,1779532590985,1779532591009,1779532591049,1779532591054,1779532591057,69,40,24,5,3,72,19.6367
893,1066,1779532591091,1779532591091,1779532591090,1779532591107,1779532591107,1779532591124,1779532591157,33,0,17,16,33,66,21.1620
894,1067,1779532591124,1779532591124,1779532591124,1779532591141,1779532591141,1779532591157,1779532591190,33,0,17,16,33,66,20.2119
895,1068,1779532591157,1779532591157,1779532591156,1779532591181,1779532591181,1779532591190,1779532591263,33,0,25,8,73,106,21.1723
896,1069,1779532591190,1779532591190,1779532591190,1779532591239,1779532591240,1779532591263,1779532591267,73,1,49,23,4,77,23.1269
897,1071,1779532591267,1779532591267,1779532591267,1779532591272,1779532591272,1779532591300,1779532591340,33,0,5,28,40,73,23.9310
898,1072,1779532591299,1779532591300,1779532591299,1779532591313,1779532591314,1779532591340,1779532591371,40,1,14,25,31,71,22.8106
899,1074,1779532591371,1779532591371,1779532591371,1779532591372,1779532591372,1779532591404,1779532591437,33,0,1,32,33,66,21.6270
900,1075,1779532591404,1779532591404,1779532591404,1779532591406,1779532591407,1779532591437,1779532591470,33,1,2,30,33,66,20.3110
901,1076,1779532591437,1779532591437,1779532591437,1779532591447,1779532591447,1779532591470,1779532591503,33,0,10,23,33,66,19.5360
902,1078,1779532591502,1779532591502,1779532591502,1779532591505,1779532591505,1779532591542,1779532591573,40,0,3,37,31,71,19.1184
904,1080,1779532591573,1779532591573,1779532591573,1779532591582,1779532591582,1779532591606,1779532591639,33,0,9,24,33,66,17.4956
905,1082,1779532591639,1779532591639,1779532591639,1779532591642,1779532591643,1779532591672,1779532591705,33,1,3,29,33,66,16.5853
906,1083,1779532591672,1779532591672,1779532591671,1779532591677,1779532591677,1779532591705,1779532591738,33,0,6,27,33,66,15.6680
907,1084,1779532591705,1779532591705,1779532591705,1779532591719,1779532591719,1779532591738,1779532591780,33,0,14,19,42,75,14.7012
909,1086,1779532591779,1779532591779,1779532591779,1779532591817,1779532591817,1779532591849,1779532591854,70,0,38,32,5,75,15.3267
910,1088,1779532591854,1779532591854,1779532591853,1779532591858,1779532591858,1779532591885,1779532591918,31,0,5,26,33,64,15.6811
911,1089,1779532591884,1779532591884,1779532591884,1779532591917,1779532591917,1779532591950,1779532591983,66,0,33,33,33,99,15.1468
912,1091,1779532591950,1779532591950,1779532591949,1779532591951,1779532591951,1779532591983,1779532592015,33,0,2,31,32,65,14.4453
913,1092,1779532591983,1779532591983,1779532591983,1779532591991,1779532591991,1779532592015,1779532592048,32,0,8,24,33,65,13.8618
914,1094,1779532592048,1779532592048,1779532592048,1779532592050,1779532592050,1779532592080,1779532592150,32,0,2,30,70,102,15.8001
916,1095,1779532592080,1779532592080,1779532592080,1779532592084,1779532592125,1779532592150,1779532592153,70,41,4,25,3,73,19.4036
918,1098,1779532592186,1779532592186,1779532592186,1779532592216,1779532592216,1779532592220,1779532592292,34,0,30,4,72,106,21.2850
919,1099,1779532592220,1779532592220,1779532592220,1779532592256,1779532592256,1779532592292,1779532592295,72,0,36,36,3,75,22.3540
920,1101,1779532592295,1779532592295,1779532592295,1779532592314,1779532592315,1779532592328,1779532592368,33,1,19,13,40,73,21.9791
921,1102,1779532592328,1779532592328,1779532592327,1779532592348,1779532592348,1779532592368,1779532592399,40,0,21,19,31,71,20.9722
922,1103,1779532592368,1779532592368,1779532592367,1779532592389,1779532592389,1779532592399,1779532592431,31,0,22,9,32,63,20.1939
923,1105,1779532592431,1779532592431,1779532592432,1779532592448,1779532592448,1779532592465,1779532592536,34,0,16,18,71,105,21.7675
925,1106,1779532592464,1779532592465,1779532592464,1779532592481,1779532592520,1779532592536,1779532592539,71,39,17,15,3,74,24.7045
926,1109,1779532592571,1779532592571,1779532592571,1779532592579,1779532592579,1779532592604,1779532592636,33,0,8,25,32,65,25.6141
927,1110,1779532592604,1779532592604,1779532592604,1779532592613,1779532592613,1779532592636,1779532592669,32,0,9,23,33,65,24.2110
928,1111,1779532592636,1779532592636,1779532592636,1779532592653,1779532592653,1779532592669,1779532592702,33,0,17,16,33,66,22.8878
929,1113,1779532592702,1779532592702,1779532592701,1779532592711,1779532592711,1779532592735,1779532592768,33,0,10,23,33,66,21.9572
930,1114,1779532592735,1779532592735,1779532592735,1779532592744,1779532592745,1779532592768,1779532592809,33,1,9,23,41,74,20.8747
931,1115,1779532592768,1779532592768,1779532592768,1779532592785,1779532592785,1779532592809,1779532592879,41,0,17,24,70,111,21.3729
932,1116,1779532592809,1779532592809,1779532592808,1779532592843,1779532592843,1779532592879,1779532592882,70,0,35,35,3,73,23.4252
934,1119,1779532592914,1779532592914,1779532592914,1779532592917,1779532592917,1779532592947,1779532592980,33,0,3,30,33,66,22.0809
936,1121,1779532592979,1779532592979,1779532592979,1779532593008,1779532593008,1779532593012,1779532593045,33,0,29,4,33,66,22.2359
937,1123,1779532593045,1779532593045,1779532593044,1779532593049,1779532593049,1779532593077,1779532593110,32,0,5,27,33,65,22.2960
938,1124,1779532593077,1779532593077,1779532593077,1779532593107,1779532593108,1779532593143,1779532593175,66,1,30,35,32,98,21.3424
939,1125,1779532593110,1779532593110,1779532593109,1779532593141,1779532593141,1779532593175,1779532593208,65,0,32,33,33,98,20.1788
940,1127,1779532593175,1779532593175,1779532593175,1779532593181,1779532593181,1779532593208,1779532593284,33,0,6,27,76,109,21.3858
942,1128,1779532593208,1779532593208,1779532593208,1779532593239,1779532593272,1779532593284,1779532593287,76,33,31,12,3,79,25.5737
943,1130,1779532593287,1779532593287,1779532593287,1779532593312,1779532593312,1779532593358,1779532593362,71,0,25,46,4,75,25.9474
944,1132,1779532593362,1779532593362,1779532593361,1779532593370,1779532593370,1779532593395,1779532593428,33,0,9,24,33,66,25.0223
945,1133,1779532593395,1779532593395,1779532593394,1779532593403,1779532593403,1779532593428,1779532593462,33,0,9,24,34,67,23.5527
946,1134,1779532593428,1779532593428,1779532593428,1779532593443,1779532593443,1779532593462,1779532593494,34,0,15,19,32,66,22.7406
947,1136,1779532593494,1779532593494,1779532593494,1779532593501,1779532593501,1779532593527,1779532593559,33,0,7,26,32,65,21.8306
948,1137,1779532593526,1779532593526,1779532593526,1779532593535,1779532593535,1779532593559,1779532593592,33,0,9,24,33,66,20.5775
949,1138,1779532593559,1779532593559,1779532593559,1779532593575,1779532593575,1779532593592,1779532593625,33,0,16,17,33,66,19.8679
950,1140,1779532593625,1779532593625,1779532593627,1779532593633,1779532593633,1779532593657,1779532593690,32,0,6,26,33,65,19.1539
951,1141,1779532593657,1779532593657,1779532593657,1779532593666,1779532593666,1779532593690,1779532593723,33,0,9,24,33,66,18.2128
952,1142,1779532593690,1779532593690,1779532593690,1779532593706,1779532593706,1779532593723,1779532593755,33,0,16,17,32,65,17.3023
953,1144,1779532593755,1779532593755,1779532593755,1779532593765,1779532593765,1779532593789,1779532593829,34,0,10,24,40,74,17.2166
954,1145,1779532593789,1779532593789,1779532593789,1779532593798,1779532593798,1779532593829,1779532593861,40,0,9,31,32,72,16.4046
955,1146,1779532593829,1779532593829,1779532593829,1779532593839,1779532593839,1779532593861,1779532593902,32,0,10,22,41,73,15.4047
956,1147,1779532593861,1779532593861,1779532593861,1779532593897,1779532593898,1779532593933,1779532593965,72,1,36,35,32,104,14.6654
957,1148,1779532593902,1779532593902,1779532593901,1779532593930,1779532593931,1779532593965,1779532593998,63,1,29,33,33,96,13.7968
958,1150,1779532593965,1779532593965,1779532593965,1779532593970,1779532593970,1779532593998,1779532594031,33,0,5,28,33,66,13.1366
959,1151,1779532593998,1779532593998,1779532593998,1779532594029,1779532594029,1779532594065,1779532594096,67,0,31,36,31,98,12.4613
960,1153,1779532594064,1779532594064,1779532594064,1779532594064,1779532594064,1779532594096,1779532594129,32,0,0,32,33,65,11.8804
961,1154,1779532594096,1779532594096,1779532594096,1779532594106,1779532594106,1779532594129,1779532594162,33,0,10,23,33,66,11.4727
962,1156,1779532594162,1779532594162,1779532594161,1779532594165,1779532594165,1779532594194,1779532594227,32,0,4,28,33,65,10.9397
963,1157,1779532594194,1779532594194,1779532594194,1779532594199,1779532594199,1779532594227,1779532594260,33,0,5,28,33,66,10.3188
964,1158,1779532594226,1779532594227,1779532594226,1779532594240,1779532594240,1779532594260,1779532594293,33,0,14,19,33,66,10.2083
966,1160,1779532594293,1779532594293,1779532594293,1779532594299,1779532594332,1779532594367,1779532594371,74,33,6,35,4,78,10.5381
967,1162,1779532594370,1779532594370,1779532594370,1779532594372,1779532594372,1779532594404,1779532594437,34,0,2,32,33,67,11.7430
968,1163,1779532594404,1779532594404,1779532594404,1779532594430,1779532594430,1779532594437,1779532594471,33,0,26,7,34,67,12.7978
969,1164,1779532594437,1779532594437,1779532594437,1779532594463,1779532594463,1779532594471,1779532594504,34,0,26,8,33,67,12.0626
970,1165,1779532594471,1779532594471,1779532594470,1779532594502,1779532594502,1779532594536,1779532594570,65,0,32,33,34,99,13.1704
971,1167,1779532594536,1779532594536,1779532594536,1779532594561,1779532594561,1779532594570,1779532594606,34,0,25,9,36,70,13.9291
972,1168,1779532594569,1779532594569,1779532594569,1779532594594,1779532594594,1779532594606,1779532594643,37,0,25,12,37,74,13.3381
973,1169,1779532594606,1779532594606,1779532594606,1779532594635,1779532594635,1779532594643,1779532594679,37,0,29,8,36,73,12.7493
974,1171,1779532594679,1779532594679,1779532594678,1779532594693,1779532594693,1779532594716,1779532594754,37,0,15,22,38,75,13.0104
975,1172,1779532594715,1779532594715,1779532594715,1779532594729,1779532594729,1779532594754,1779532594790,39,0,14,25,36,75,12.2412
976,1173,1779532594754,1779532594754,1779532594753,1779532594768,1779532594768,1779532594790,1779532594863,36,0,15,21,73,109,13.7297
978,1174,1779532594790,1779532594790,1779532594790,1779532594826,1779532594859,1779532594863,1779532594867,73,33,36,4,4,77,18.4333
979,1176,1779532594867,1779532594867,1779532594867,1779532594899,1779532594899,1779532594940,1779532594971,73,0,32,41,31,104,21.4696
980,1178,1779532594940,1779532594940,1779532594940,1779532594957,1779532594957,1779532594971,1779532595004,31,0,17,14,33,64,21.7578
981,1179,1779532594971,1779532594971,1779532594971,1779532594991,1779532594991,1779532595004,1779532595037,33,0,20,13,33,66,20.6098
982,1180,1779532595004,1779532595004,1779532595004,1779532595031,1779532595031,1779532595069,1779532595103,65,0,27,38,34,99,20.8715
983,1182,1779532595069,1779532595069,1779532595069,1779532595090,1779532595090,1779532595103,1779532595135,34,0,21,13,32,66,21.1740
984,1183,1779532595102,1779532595102,1779532595102,1779532595124,1779532595124,1779532595135,1779532595168,33,0,22,11,33,66,19.9002
986,1185,1779532595167,1779532595167,1779532595167,1779532595223,1779532595223,1779532595237,1779532595241,70,0,56,14,4,74,20.2727
987,1187,1779532595241,1779532595241,1779532595240,1779532595257,1779532595257,1779532595275,1779532595308,34,0,17,17,33,67,20.9091
988,1188,1779532595274,1779532595274,1779532595274,1779532595297,1779532595297,1779532595308,1779532595349,34,0,23,11,41,75,19.7706
989,1190,1779532595349,1779532595349,1779532595348,1779532595356,1779532595356,1779532595381,1779532595422,32,0,8,24,41,73,19.4674
990,1191,1779532595381,1779532595381,1779532595381,1779532595389,1779532595390,1779532595422,1779532595453,41,1,8,32,31,72,18.5341
991,1192,1779532595422,1779532595422,1779532595421,1779532595430,1779532595430,1779532595453,1779532595486,31,0,9,22,33,64,17.9849
992,1194,1779532595485,1779532595485,1779532595485,1779532595488,1779532595488,1779532595518,1779532595551,33,0,3,30,33,66,17.6316
993,1195,1779532595518,1779532595518,1779532595518,1779532595522,1779532595522,1779532595551,1779532595584,33,0,4,29,33,66,16.7431
994,1196,1779532595551,1779532595551,1779532595550,1779532595562,1779532595562,1779532595584,1779532595617,33,0,12,21,33,66,16.3002
995,1198,1779532595617,1779532595617,1779532595616,1779532595621,1779532595621,1779532595649,1779532595682,32,0,5,27,33,65,15.7335
996,1199,1779532595649,1779532595649,1779532595649,1779532595656,1779532595656,1779532595682,1779532595715,33,0,7,26,33,66,14.9525
997,1200,1779532595682,1779532595682,1779532595682,1779532595699,1779532595699,1779532595715,1779532595748,33,0,17,16,33,66,14.6340
998,1202,1779532595748,1779532595748,1779532595747,1779532595761,1779532595762,1779532595780,1779532595813,32,1,14,17,33,65,13.9196
999,1203,1779532595780,1779532595780,1779532595780,1779532595795,1779532595795,1779532595813,1779532595885,33,0,15,18,72,105,15.6085
1000,1204,1779532595813,1779532595813,1779532595813,1779532595834,1779532595835,1779532595885,1779532595888,72,1,21,50,3,75,17.0451
1001,1206,1779532595888,1779532595888,1779532595888,1779532595892,1779532595892,1779532595921,1779532595961,33,0,4,29,40,73,16.8785
1002,1207,1779532595921,1779532595921,1779532595920,1779532595925,1779532595926,1779532595961,1779532595992,40,1,5,34,31,71,15.8545
1003,1208,1779532595961,1779532595961,1779532595960,1779532595966,1779532595966,1779532595992,1779532596025,31,0,6,25,33,64,15.4002
1004,1209,1779532595992,1779532595992,1779532595992,1779532596023,1779532596023,1779532596057,1779532596090,65,0,31,34,33,98,14.9728
1005,1210,1779532596025,1779532596025,1779532596024,1779532596056,1779532596056,1779532596090,1779532596123,65,0,32,33,33,98,14.0648
1006,1212,1779532596090,1779532596090,1779532596090,1779532596097,1779532596097,1779532596123,1779532596156,33,0,7,26,33,66,13.6870
1007,1213,1779532596123,1779532596123,1779532596123,1779532596154,1779532596155,1779532596188,1779532596221,65,1,31,33,33,98,13.2581
1008,1214,1779532596156,1779532596156,1779532596155,1779532596187,1779532596188,1779532596221,1779532596254,65,1,32,32,33,98,12.6170
1009,1216,1779532596220,1779532596220,1779532596220,1779532596227,1779532596228,1779532596254,1779532596323,34,1,7,26,69,103,13.9234
1011,1217,1779532596253,1779532596253,1779532596253,1779532596286,1779532596319,1779532596323,1779532596326,70,33,33,4,3,73,18.5975
1012,1220,1779532596360,1779532596360,1779532596360,1779532596360,1779532596360,1779532596400,1779532596472,40,0,0,40,72,112,23.9409
1014,1221,1779532596400,1779532596400,1779532596400,1779532596417,1779532596453,1779532596472,1779532596476,72,36,17,19,4,76,27.9991
1015,1223,1779532596475,1779532596475,1779532596475,1779532596494,1779532596495,1779532596508,1779532596548,33,1,19,13,40,73,28.1588
1016,1225,1779532596548,1779532596548,1779532596548,1779532596552,1779532596552,1779532596579,1779532596612,31,0,4,27,33,64,26.7138
1017,1226,1779532596579,1779532596579,1779532596579,1779532596585,1779532596585,1779532596612,1779532596645,33,0,6,27,33,66,25.0857
1018,1227,1779532596612,1779532596612,1779532596612,1779532596625,1779532596625,1779532596645,1779532596678,33,0,13,20,33,66,24.0956
1019,1229,1779532596677,1779532596677,1779532596677,1779532596683,1779532596683,1779532596710,1779532596743,33,0,6,27,33,66,23.3008
1020,1230,1779532596710,1779532596710,1779532596710,1779532596717,1779532596717,1779532596743,1779532596776,33,0,7,26,33,66,22.0578
1021,1231,1779532596743,1779532596743,1779532596743,1779532596757,1779532596757,1779532596776,1779532596809,33,0,14,19,33,66,21.1819
1022,1233,1779532596808,1779532596808,1779532596808,1779532596816,1779532596816,1779532596841,1779532596875,33,0,8,25,34,67,20.4497
1023,1234,1779532596841,1779532596841,1779532596841,1779532596849,1779532596849,1779532596875,1779532596915,34,0,8,26,40,74,19.4187
1024,1235,1779532596875,1779532596875,1779532596875,1779532596889,1779532596889,1779532596915,1779532596947,40,0,14,26,32,72,18.4465
1026,1237,1779532596947,1779532596947,1779532596947,1779532596948,1779532596981,1779532596987,1779532597018,40,33,1,6,31,71,18.6520
1027,1239,1779532597018,1779532597018,1779532597018,1779532597021,1779532597021,1779532597051,1779532597084,33,0,3,30,33,66,18.9753
1028,1240,1779532597051,1779532597051,1779532597050,1779532597081,1779532597081,1779532597084,1779532597116,33,0,31,2,32,65,19.3978
1029,1241,1779532597084,1779532597084,1779532597084,1779532597115,1779532597115,1779532597149,1779532597182,65,0,31,34,33,98,20.0761
1030,1243,1779532597149,1779532597149,1779532597149,1779532597157,1779532597157,1779532597182,1779532597215,33,0,8,25,33,66,19.3867
1031,1244,1779532597182,1779532597182,1779532597181,1779532597215,1779532597215,1779532597247,1779532597280,65,0,34,31,33,98,18.5745
1032,1246,1779532597247,1779532597247,1779532597247,1779532597249,1779532597249,1779532597280,1779532597313,33,0,2,31,33,66,17.4308
1033,1247,1779532597280,1779532597280,1779532597280,1779532597289,1779532597289,1779532597313,1779532597346,33,0,9,24,33,66,16.8314
1035,1249,1779532597345,1779532597345,1779532597345,1779532597347,1779532597380,1779532597424,1779532597428,79,33,2,44,4,83,16.2788
1037,1252,1779532597462,1779532597462,1779532597462,1779532597478,1779532597478,1779532597502,1779532597533,40,0,16,24,31,71,15.6215
1038,1253,1779532597502,1779532597502,1779532597502,1779532597511,1779532597511,1779532597533,1779532597566,31,0,9,22,33,64,14.7260
1039,1254,1779532597533,1779532597533,1779532597533,1779532597551,1779532597551,1779532597566,1779532597599,33,0,18,15,33,66,14.4037
1040,1256,1779532597599,1779532597599,1779532597599,1779532597609,1779532597609,1779532597632,1779532597665,33,0,10,23,33,66,14.0490
1041,1257,1779532597632,1779532597632,1779532597631,1779532597643,1779532597643,1779532597665,1779532597697,33,0,12,21,32,65,13.3934
1042,1258,1779532597664,1779532597665,1779532597664,1779532597683,1779532597683,1779532597697,1779532597730,32,0,19,13,33,65,12.7178
1043,1260,1779532597729,1779532597729,1779532597729,1779532597743,1779532597743,1779532597763,1779532597795,34,0,14,20,32,66,12.1545
1044,1261,1779532597763,1779532597763,1779532597763,1779532597777,1779532597777,1779532597795,1779532597827,32,0,14,18,32,64,11.6467
1045,1262,1779532597795,1779532597795,1779532597795,1779532597818,1779532597818,1779532597827,1779532597860,32,0,23,9,33,65,11.4078
1046,1264,1779532597860,1779532597860,1779532597860,1779532597876,1779532597876,1779532597894,1779532597935,34,0,16,18,41,75,11.7752
1047,1265,1779532597894,1779532597894,1779532597893,1779532597910,1779532597910,1779532597935,1779532597965,41,0,17,24,30,71,11.1232
1048,1266,1779532597934,1779532597935,1779532597934,1779532597951,1779532597951,1779532597965,1779532598006,30,0,17,13,41,71,10.4496
1049,1268,1779532598006,1779532598006,1779532598005,1779532598010,1779532598010,1779532598037,1779532598070,31,0,5,26,33,64,10.0851
1050,1269,1779532598037,1779532598037,1779532598037,1779532598046,1779532598046,1779532598070,1779532598103,33,0,9,24,33,66,9.6355
1051,1270,1779532598069,1779532598069,1779532598069,1779532598086,1779532598086,1779532598103,1779532598135,34,0,17,17,32,66,9.5709
1052,1272,1779532598135,1779532598135,1779532598135,1779532598144,1779532598144,1779532598168,1779532598201,33,0,9,24,33,66,9.4537
1053,1273,1779532598168,1779532598168,1779532598167,1779532598178,1779532598178,1779532598201,1779532598233,33,0,11,22,32,65,8.9009
1054,1274,1779532598201,1779532598201,1779532598200,1779532598218,1779532598218,1779532598233,1779532598266,32,0,18,14,33,65,8.9354
1055,1276,1779532598266,1779532598266,1779532598265,1779532598276,1779532598276,1779532598298,1779532598331,32,0,11,21,33,65,8.9369
1056,1277,1779532598298,1779532598298,1779532598298,1779532598309,1779532598309,1779532598331,1779532598364,33,0,11,22,33,66,8.5455
1057,1278,1779532598331,1779532598331,1779532598330,1779532598350,1779532598350,1779532598364,1779532598398,33,0,20,13,34,67,8.5390
1058,1280,1779532598397,1779532598397,1779532598396,1779532598408,1779532598408,1779532598438,1779532598514,41,0,12,29,76,117,11.7738
1060,1281,1779532598438,1779532598438,1779532598438,1779532598441,1779532598481,1779532598514,1779532598519,76,40,3,33,5,81,15.2500
1061,1283,1779532598519,1779532598519,1779532598518,1779532598539,1779532598539,1779532598552,1779532598585,33,0,21,12,33,66,14.7151
1062,1284,1779532598552,1779532598552,1779532598552,1779532598573,1779532598573,1779532598585,1779532598619,33,0,21,12,34,67,13.9734
1063,1285,1779532598585,1779532598585,1779532598585,1779532598613,1779532598613,1779532598619,1779532598651,34,0,28,6,32,66,13.3711
1064,1287,1779532598651,1779532598651,1779532598651,1779532598673,1779532598673,1779532598684,1779532598717,33,0,22,11,33,66,12.7637
1065,1288,1779532598684,1779532598684,1779532598684,1779532598708,1779532598708,1779532598717,1779532598750,33,0,24,9,33,66,12.0696
1066,1290,1779532598749,1779532598749,1779532598749,1779532598751,1779532598751,1779532598782,1779532598815,33,0,2,31,33,66,12.4113
1067,1291,1779532598782,1779532598782,1779532598782,1779532598809,1779532598809,1779532598815,1779532598848,33,0,27,6,33,66,13.1238
1068,1292,1779532598815,1779532598815,1779532598815,1779532598842,1779532598842,1779532598848,1779532598881,33,0,27,6,33,66,12.3308
1069,1294,1779532598881,1779532598881,1779532598880,1779532598885,1779532598885,1779532598922,1779532598953,41,0,5,36,31,72,13.4550
1070,1295,1779532598922,1779532598922,1779532598921,1779532598944,1779532598945,1779532598953,1779532598987,31,1,23,7,34,65,14.3789
1071,1296,1779532598953,1779532598953,1779532598952,1779532598981,1779532598981,1779532598987,1779532599027,34,0,29,5,40,74,13.7466
1072,1297,1779532598987,1779532598987,1779532598986,1779532599020,1779532599020,1779532599027,1779532599058,40,0,34,6,31,71,13.3123
1073,1299,1779532599058,1779532599058,1779532599058,1779532599079,1779532599079,1779532599091,1779532599124,33,0,21,12,33,66,12.9789
1074,1300,1779532599091,1779532599091,1779532599090,1779532599113,1779532599113,1779532599124,1779532599157,33,0,23,10,33,66,12.1903
1075,1301,1779532599124,1779532599124,1779532599124,1779532599153,1779532599153,1779532599157,1779532599189,33,0,29,4,32,65,12.0207
1076,1303,1779532599189,1779532599189,1779532599189,1779532599211,1779532599211,1779532599221,1779532599262,32,0,22,10,41,73,12.3172
1077,1304,1779532599221,1779532599221,1779532599221,1779532599245,1779532599246,1779532599262,1779532599287,41,1,24,16,25,66,12.2739
1078,1305,1779532599262,1779532599262,1779532599261,1779532599286,1779532599286,1779532599320,1779532599353,58,0,25,33,33,91,12.8989
1079,1307,1779532599320,1779532599320,1779532599319,1779532599345,1779532599345,1779532599353,1779532599387,33,0,26,7,34,67,13.5952
1080,1308,1779532599352,1779532599352,1779532599352,1779532599379,1779532599379,1779532599387,1779532599458,35,0,27,8,71,106,15.2504
1081,1309,1779532599385,1779532599386,1779532599386,1779532599419,1779532599419,1779532599458,1779532599462,72,0,33,39,4,76,16.6053
1082,1311,1779532599461,1779532599462,1779532599461,1779532599477,1779532599477,1779532599495,1779532599535,33,0,16,17,40,73,16.5432
1083,1312,1779532599495,1779532599495,1779532599494,1779532599510,1779532599510,1779532599535,1779532599603,40,0,16,24,68,108,17.7399
1084,1313,1779532599535,1779532599535,1779532599535,1779532599550,1779532599550,1779532599603,1779532599607,68,0,15,53,4,72,19.0930
1085,1315,1779532599606,1779532599606,1779532599606,1779532599608,1779532599608,1779532599640,1779532599674,34,0,2,32,34,68,18.5441
1086,1316,1779532599640,1779532599640,1779532599640,1779532599641,1779532599641,1779532599674,1779532599707,34,0,1,33,33,67,17.3927
1087,1317,1779532599674,1779532599674,1779532599673,1779532599680,1779532599680,1779532599707,1779532599739,33,0,7,26,32,65,16.8421
1088,1319,1779532599739,1779532599739,1779532599739,1779532599739,1779532599739,1779532599773,1779532599805,34,0,0,34,32,66,16.2148
1090,1321,1779532599805,1779532599805,1779532599805,1779532599812,1779532599812,1779532599837,1779532599870,32,0,7,25,33,65,14.8298
1091,1323,1779532599870,1779532599870,1779532599870,1779532599870,1779532599870,1779532599903,1779532599936,33,0,0,33,33,66,14.4736
1092,1324,1779532599903,1779532599903,1779532599903,1779532599904,1779532599904,1779532599936,1779532599978,33,0,1,32,42,75,14.1401
1093,1325,1779532599936,1779532599936,1779532599936,1779532599943,1779532599943,1779532599978,1779532600048,42,0,7,35,70,112,15.0780
1095,1326,1779532599977,1779532599977,1779532599977,1779532600001,1779532600035,1779532600048,1779532600051,71,34,24,13,3,74,19.5291
1096,1328,1779532600051,1779532600051,1779532600051,1779532600074,1779532600074,1779532600083,1779532600116,32,0,23,9,33,65,19.7249
1097,1330,1779532600116,1779532600116,1779532600116,1779532600132,1779532600132,1779532600149,1779532600182,33,0,16,17,33,66,19.0889
1098,1331,1779532600148,1779532600148,1779532600148,1779532600166,1779532600166,1779532600182,1779532600215,34,0,18,16,33,67,18.2004
1099,1332,1779532600181,1779532600181,1779532600181,1779532600205,1779532600205,1779532600215,1779532600247,34,0,24,10,32,66,17.3586
1100,1334,1779532600247,1779532600247,1779532600247,1779532600263,1779532600263,1779532600279,1779532600313,32,0,16,16,34,66,16.8791
1101,1335,1779532600279,1779532600279,1779532600279,1779532600297,1779532600297,1779532600313,1779532600345,34,0,18,16,32,66,16.1327
1102,1336,1779532600313,1779532600313,1779532600312,1779532600338,1779532600338,1779532600345,1779532600378,32,0,26,6,33,65,15.6232
1103,1338,1779532600378,1779532600378,1779532600377,1779532600396,1779532600396,1779532600410,1779532600444,32,0,19,13,34,66,15.3283
1104,1339,1779532600410,1779532600410,1779532600410,1779532600429,1779532600429,1779532600444,1779532600484,34,0,19,15,40,74,14.6588
1105,1340,1779532600444,1779532600444,1779532600443,1779532600469,1779532600469,1779532600484,1779532600516,40,0,26,14,32,72,14.0684
1106,1342,1779532600516,1779532600516,1779532600516,1779532600527,1779532600527,1779532600556,1779532600587,40,0,11,29,31,71,13.9873
1107,1343,1779532600556,1779532600556,1779532600555,1779532600560,1779532600560,1779532600587,1779532600619,31,0,5,26,32,63,13.2120
1108,1344,1779532600587,1779532600587,1779532600587,1779532600601,1779532600601,1779532600619,1779532600688,32,0,14,18,69,101,14.0435
1109,1345,1779532600619,1779532600619,1779532600619,1779532600660,1779532600660,1779532600688,1779532600691,69,0,41,28,3,72,16.8307
1110,1347,1779532600691,1779532600691,1779532600691,1779532600694,1779532600694,1779532600724,1779532600758,33,0,3,30,34,67,17.9323
1111,1348,1779532600724,1779532600724,1779532600724,1779532600734,1779532600734,1779532600758,1779532600791,34,0,10,24,33,67,17.3620
1112,1350,1779532600791,1779532600791,1779532600790,1779532600793,1779532600793,1779532600824,1779532600856,33,0,3,30,32,65,16.7302
1113,1351,1779532600824,1779532600824,1779532600824,1779532600826,1779532600826,1779532600856,1779532600889,32,0,2,30,33,65,15.8029
1114,1352,1779532600856,1779532600856,1779532600856,1779532600866,1779532600866,1779532600889,1779532600922,33,0,10,23,33,66,15.4066
1115,1354,1779532600921,1779532600921,1779532600921,1779532600923,1779532600923,1779532600955,1779532600996,34,0,2,32,41,75,15.4454
1116,1355,1779532600955,1779532600955,1779532600955,1779532600956,1779532600956,1779532600996,1779532601065,41,0,1,40,69,110,16.8108
1118,1356,1779532600996,1779532600996,1779532600995,1779532600996,1779532601054,1779532601065,1779532601068,69,58,1,10,3,72,21.6707
1119,1358,1779532601068,1779532601068,1779532601068,1779532601087,1779532601087,1779532601100,1779532601134,32,0,19,13,34,66,22.3297
1120,1359,1779532601100,1779532601100,1779532601100,1779532601127,1779532601127,1779532601134,1779532601165,34,0,27,7,31,65,21.5673
1121,1361,1779532601165,1779532601165,1779532601165,1779532601186,1779532601186,1779532601199,1779532601231,34,0,21,13,32,66,20.7400
1122,1362,1779532601198,1779532601198,1779532601198,1779532601219,1779532601219,1779532601231,1779532601264,33,0,21,12,33,66,19.6265
1123,1363,1779532601231,1779532601231,1779532601230,1779532601259,1779532601259,1779532601296,1779532601329,65,0,29,36,33,98,19.7284
1124,1365,1779532601296,1779532601296,1779532601296,1779532601317,1779532601317,1779532601329,1779532601361,33,0,21,12,32,65,20.1834
1125,1366,1779532601329,1779532601329,1779532601328,1779532601350,1779532601351,1779532601361,1779532601394,32,1,22,9,33,65,19.0471
1126,1367,1779532601361,1779532601361,1779532601360,1779532601390,1779532601390,1779532601426,1779532601460,65,0,30,35,34,99,19.3341
1127,1369,1779532601426,1779532601426,1779532601426,1779532601448,1779532601448,1779532601460,1779532601500,34,0,22,12,40,74,19.2115
1128,1370,1779532601459,1779532601459,1779532601459,1779532601481,1779532601482,1779532601500,1779532601531,41,1,22,18,31,72,18.0858
1129,1371,1779532601500,1779532601500,1779532601500,1779532601523,1779532601523,1779532601531,1779532601572,31,0,23,8,41,72,17.1061
1130,1373,1779532601572,1779532601572,1779532601572,1779532601582,1779532601582,1779532601603,1779532601636,31,0,10,21,33,64,16.3202
1131,1374,1779532601603,1779532601603,1779532601603,1779532601616,1779532601616,1779532601636,1779532601669,33,0,13,20,33,66,15.4241
1132,1375,1779532601635,1779532601635,1779532601635,1779532601657,1779532601657,1779532601669,1779532601701,34,0,22,12,32,66,15.0336
1134,1377,1779532601701,1779532601701,1779532601701,1779532601715,1779532601748,1779532601770,1779532601774,69,33,14,22,4,73,15.1518
1135,1379,1779532601773,1779532601773,1779532601773,1779532601788,1779532601788,1779532601807,1779532601840,34,0,15,19,33,67,15.7359
1136,1381,1779532601840,1779532601840,1779532601839,1779532601846,1779532601846,1779532601873,1779532601905,33,0,7,26,32,65,15.2122
1137,1382,1779532601873,1779532601873,1779532601873,1779532601881,1779532601881,1779532601905,1779532601938,32,0,8,24,33,65,14.3796
1138,1383,1779532601905,1779532601905,1779532601905,1779532601921,1779532601921,1779532601938,1779532601971,33,0,16,17,33,66,14.0488
1139,1385,1779532601971,1779532601971,1779532601971,1779532601979,1779532601979,1779532602013,1779532602044,42,0,8,34,31,73,14.1294
1140,1386,1779532602012,1779532602012,1779532602012,1779532602013,1779532602013,1779532602044,1779532602084,32,0,1,31,40,72,13.5521
1141,1387,1779532602043,1779532602043,1779532602043,1779532602054,1779532602054,1779532602084,1779532602115,41,0,11,30,31,72,13.3266
1142,1388,1779532602084,1779532602084,1779532602084,1779532602114,1779532602114,1779532602148,1779532602181,64,0,30,34,33,97,12.9444
1143,1389,1779532602115,1779532602115,1779532602115,1779532602147,1779532602147,1779532602181,1779532602214,66,0,32,34,33,99,12.2646
1144,1391,1779532602180,1779532602180,1779532602180,1779532602187,1779532602187,1779532602214,1779532602246,34,0,7,27,32,66,12.2096
1145,1392,1779532602214,1779532602214,1779532602213,1779532602245,1779532602245,1779532602279,1779532602311,65,0,32,33,32,97,11.8161
1146,1394,1779532602278,1779532602278,1779532602278,1779532602280,1779532602280,1779532602311,1779532602344,33,0,2,31,33,66,11.2102
1147,1395,1779532602311,1779532602311,1779532602311,1779532602320,1779532602320,1779532602344,1779532602377,33,0,9,24,33,66,10.7224
1148,1397,1779532602377,1779532602377,1779532602376,1779532602379,1779532602379,1779532602409,1779532602443,32,0,3,29,34,66,10.2933
1149,1398,1779532602409,1779532602409,1779532602409,1779532602413,1779532602413,1779532602443,1779532602475,34,0,4,30,32,66,9.6786
1150,1399,1779532602442,1779532602442,1779532602442,1779532602453,1779532602453,1779532602475,1779532602516,33,0,11,22,41,74,9.1245
1151,1400,1779532602475,1779532602475,1779532602475,1779532602510,1779532602510,1779532602516,1779532602548,41,0,35,6,32,73,10.2101
1152,1401,1779532602516,1779532602516,1779532602516,1779532602543,1779532602543,1779532602548,1779532602588,32,0,27,5,40,72,10.2220
1153,1402,1779532602548,1779532602548,1779532602547,1779532602583,1779532602583,1779532602588,1779532602621,40,0,36,4,33,73,10.1198
1154,1404,1779532602620,1779532602620,1779532602620,1779532602641,1779532602641,1779532602652,1779532602685,32,0,21,11,33,65,9.9368
1155,1405,1779532602652,1779532602652,1779532602652,1779532602674,1779532602674,1779532602685,1779532602718,33,0,22,11,33,66,9.4223
1156,1406,1779532602685,1779532602685,1779532602684,1779532602714,1779532602714,1779532602718,1779532602751,33,0,30,3,33,66,9.4056
1157,1408,1779532602750,1779532602750,1779532602750,1779532602772,1779532602772,1779532602783,1779532602815,33,0,22,11,32,65,9.3151
1158,1409,1779532602783,1779532602783,1779532602782,1779532602805,1779532602805,1779532602815,1779532602848,32,0,23,9,33,65,8.9369
1159,1410,1779532602815,1779532602815,1779532602815,1779532602846,1779532602846,1779532602881,1779532602914,66,0,31,35,33,99,9.8567
1160,1412,1779532602881,1779532602881,1779532602881,1779532602904,1779532602904,1779532602914,1779532602946,33,0,23,10,32,65,10.6528
1161,1413,1779532602913,1779532602913,1779532602913,1779532602937,1779532602937,1779532602946,1779532602979,33,0,24,9,33,66,10.1763
1163,1415,1779532602979,1779532602979,1779532602979,1779532603036,1779532603036,1779532603057,1779532603061,78,0,57,21,4,82,10.2949
1164,1417,1779532603061,1779532603061,1779532603060,1779532603070,1779532603070,1779532603095,1779532603136,34,0,10,24,41,75,11.9475
1165,1418,1779532603095,1779532603095,1779532603095,1779532603111,1779532603111,1779532603136,1779532603167,41,0,16,25,31,72,11.8039
1166,1420,1779532603167,1779532603167,1779532603167,1779532603169,1779532603169,1779532603200,1779532603233,33,0,2,31,33,66,11.5724
1167,1421,1779532603200,1779532603200,1779532603200,1779532603202,1779532603202,1779532603233,1779532603266,33,0,2,31,33,66,10.8686
1168,1422,1779532603233,1779532603233,1779532603233,1779532603244,1779532603244,1779532603266,1779532603299,33,0,11,22,33,66,10.6975
1169,1424,1779532603299,1779532603299,1779532603298,1779532603303,1779532603303,1779532603331,1779532603365,32,0,5,27,34,66,10.5808
1170,1425,1779532603331,1779532603331,1779532603331,1779532603337,1779532603337,1779532603365,1779532603397,34,0,6,28,32,66,10.1398
1171,1426,1779532603364,1779532603364,1779532603364,1779532603377,1779532603377,1779532603397,1779532603430,33,0,13,20,33,66,10.0194
1172,1428,1779532603430,1779532603430,1779532603429,1779532603436,1779532603436,1779532603463,1779532603496,33,0,7,26,33,66,9.8872
1173,1429,1779532603463,1779532603463,1779532603462,1779532603469,1779532603469,1779532603496,1779532603529,33,0,7,26,33,66,9.4155
1174,1430,1779532603496,1779532603496,1779532603495,1779532603509,1779532603509,1779532603529,1779532603570,33,0,14,19,41,74,9.0297
1175,1431,1779532603529,1779532603529,1779532603528,1779532603568,1779532603568,1779532603601,1779532603642,72,0,40,32,41,113,9.3764
1176,1433,1779532603601,1779532603601,1779532603601,1779532603601,1779532603601,1779532603642,1779532603673,41,0,0,41,31,72,8.7927
1178,1435,1779532603673,1779532603673,1779532603673,1779532603699,1779532603699,1779532603706,1779532603739,33,0,26,7,33,66,9.7440
1179,1436,1779532603706,1779532603706,1779532603705,1779532603732,1779532603732,1779532603739,1779532603772,33,0,27,6,33,66,9.2462
1180,1438,1779532603771,1779532603771,1779532603771,1779532603773,1779532603773,1779532603805,1779532603837,34,0,2,32,32,66,10.0768
1181,1439,1779532603805,1779532603805,1779532603804,1779532603831,1779532603831,1779532603837,1779532603870,32,0,27,5,33,65,11.1527
1182,1440,1779532603837,1779532603837,1779532603836,1779532603864,1779532603864,1779532603870,1779532603939,33,0,28,5,69,102,12.8225
1183,1441,1779532603869,1779532603869,1779532603869,1779532603905,1779532603905,1779532603938,1779532603942,69,0,36,33,4,73,14.4055
1184,1443,1779532603942,1779532603942,1779532603942,1779532603962,1779532603962,1779532603975,1779532604010,33,0,20,13,35,68,14.1527
1185,1444,1779532603975,1779532603975,1779532603975,1779532603995,1779532603995,1779532604010,1779532604051,35,0,20,15,41,76,13.8347
1186,1445,1779532604010,1779532604010,1779532604009,1779532604035,1779532604035,1779532604051,1779532604082,41,0,26,15,31,72,13.5601
1187,1447,1779532604082,1779532604082,1779532604082,1779532604093,1779532604093,1779532604115,1779532604156,33,0,11,22,41,74,13.7319
1188,1448,1779532604115,1779532604115,1779532604115,1779532604127,1779532604127,1779532604156,1779532604186,41,0,12,29,30,71,13.3201
1189,1449,1779532604155,1779532604155,1779532604155,1779532604167,1779532604172,1779532604186,1779532604219,31,5,12,14,33,64,13.0594
1190,1451,1779532604219,1779532604219,1779532604219,1779532604225,1779532604225,1779532604252,1779532604285,33,0,6,27,33,66,13.0322
1191,1452,1779532604252,1779532604252,1779532604252,1779532604258,1779532604259,1779532604285,1779532604317,33,1,6,26,32,65,12.2930
1192,1453,1779532604285,1779532604285,1779532604285,1779532604299,1779532604300,1779532604317,1779532604350,32,1,14,17,33,65,12.0310
1193,1455,1779532604350,1779532604350,1779532604350,1779532604358,1779532604358,1779532604383,1779532604415,33,0,8,25,32,65,11.6737
1194,1456,1779532604383,1779532604383,1779532604382,1779532604391,1779532604391,1779532604415,1779532604448,32,0,9,23,33,65,11.1077
1195,1457,1779532604415,1779532604415,1779532604415,1779532604431,1779532604432,1779532604448,1779532604481,33,1,16,16,33,66,10.9763
1196,1459,1779532604481,1779532604481,1779532604480,1779532604489,1779532604489,1779532604514,1779532604556,33,0,9,24,42,75,11.3344
1197,1460,1779532604514,1779532604514,1779532604513,1779532604523,1779532604523,1779532604556,1779532604589,42,0,10,32,33,75,10.7738
1198,1461,1779532604555,1779532604555,1779532604555,1779532604564,1779532604564,1779532604589,1779532604632,34,0,9,25,43,77,10.2040
1199,1462,1779532604589,1779532604589,1779532604589,1779532604621,1779532604621,1779532604632,1779532604668,43,0,32,11,36,79,10.8391
1200,1463,1779532604631,1779532604631,1779532604631,1779532604656,1779532604656,1779532604668,1779532604705,37,0,25,12,37,74,10.2264
1201,1464,1779532604668,1779532604668,1779532604668,1779532604696,1779532604696,1779532604705,1779532604742,37,0,28,9,37,74,9.6328
1202,1466,1779532604741,1779532604741,1779532604742,1779532604754,1779532604754,1779532604779,1779532604815,38,0,12,26,36,74,9.4815
1203,1467,1779532604779,1779532604779,1779532604779,1779532604789,1779532604789,1779532604815,1779532604847,36,0,10,26,32,68,9.1692
1204,1468,1779532604814,1779532604814,1779532604814,1779532604829,1779532604829,1779532604847,1779532604880,33,0,15,18,33,66,9.1717
1205,1470,1779532604880,1779532604880,1779532604879,1779532604889,1779532604890,1779532604913,1779532604945,33,1,10,22,32,65,8.8070
1206,1471,1779532604913,1779532604913,1779532604912,1779532604923,1779532604923,1779532604945,1779532605015,32,0,11,21,70,102,10.7050
1207,1472,1779532604945,1779532604945,1779532604945,1779532604963,1779532604963,1779532605014,1779532605018,69,0,18,51,4,73,12.3696
1208,1474,1779532605018,1779532605018,1779532605017,1779532605022,1779532605022,1779532605052,1779532605093,34,0,5,29,41,75,12.6756
1209,1475,1779532605052,1779532605052,1779532605052,1779532605056,1779532605056,1779532605093,1779532605163,41,0,4,37,70,111,13.9839
1211,1476,1779532605093,1779532605093,1779532605093,1779532605097,1779532605155,1779532605163,1779532605167,70,58,4,8,4,74,18.8917
1212,1478,1779532605167,1779532605167,1779532605167,1779532605189,1779532605189,1779532605199,1779532605232,32,0,22,10,33,65,19.3775
1213,1479,1779532605199,1779532605199,1779532605198,1779532605230,1779532605230,1779532605232,1779532605264,33,0,32,1,32,65,18.4638
1214,1481,1779532605264,1779532605264,1779532605264,1779532605288,1779532605288,1779532605297,1779532605330,33,0,24,9,33,66,17.7686
1215,1482,1779532605297,1779532605297,1779532605297,1779532605321,1779532605322,1779532605330,1779532605363,33,1,24,8,33,66,16.9059
1216,1483,1779532605330,1779532605330,1779532605329,1779532605362,1779532605362,1779532605395,1779532605427,65,0,33,32,32,97,17.2697
1217,1485,1779532605395,1779532605395,1779532605394,1779532605422,1779532605422,1779532605427,1779532605460,32,0,28,4,33,65,17.7149
1218,1486,1779532605427,1779532605427,1779532605427,1779532605455,1779532605455,1779532605460,1779532605494,33,0,28,5,34,67,16.7689
1219,1488,1779532605493,1779532605494,1779532605494,1779532605494,1779532605495,1779532605526,1779532605559,32,1,0,31,33,65,17.2070
1220,1489,1779532605525,1779532605525,1779532605525,1779532605552,1779532605552,1779532605559,1779532605599,34,0,27,7,40,74,17.1753
1221,1490,1779532605558,1779532605558,1779532605558,1779532605586,1779532605586,1779532605599,1779532605630,41,0,28,13,31,72,16.3705
1222,1491,1779532605599,1779532605599,1779532605598,1779532605626,1779532605626,1779532605630,1779532605670,31,0,28,3,40,71,15.5793
1223,1493,1779532605670,1779532605670,1779532605670,1779532605684,1779532605684,1779532605701,1779532605734,31,0,14,17,33,64,14.9055
1224,1494,1779532605701,1779532605701,1779532605701,1779532605718,1779532605718,1779532605734,1779532605767,33,0,17,16,33,66,14.1734
1225,1495,1779532605734,1779532605734,1779532605733,1779532605760,1779532605760,1779532605767,1779532605799,33,0,27,6,32,65,13.8844
1226,1497,1779532605799,1779532605799,1779532605799,1779532605818,1779532605818,1779532605832,1779532605865,33,0,19,14,33,66,13.6100
1227,1498,1779532605832,1779532605832,1779532605832,1779532605853,1779532605853,1779532605865,1779532605897,33,0,21,12,32,65,13.0354
1228,1499,1779532605865,1779532605865,1779532605864,1779532605894,1779532605894,1779532605930,1779532605963,65,0,30,35,33,98,13.7471
1229,1501,1779532605929,1779532605929,1779532605929,1779532605952,1779532605952,1779532605963,1779532605996,34,0,23,11,33,67,14.4307
1230,1502,1779532605963,1779532605963,1779532605962,1779532605986,1779532605986,1779532605996,1779532606028,33,0,24,9,32,65,13.7413
1232,1504,1779532606027,1779532606027,1779532606027,1779532606083,1779532606083,1779532606105,1779532606109,78,0,56,22,4,82,13.6666
1233,1506,1779532606109,1779532606109,1779532606108,1779532606116,1779532606116,1779532606143,1779532606183,34,0,8,26,40,74,15.1980
1234,1507,1779532606143,1779532606143,1779532606143,1779532606157,1779532606157,1779532606183,1779532606214,40,0,14,26,31,71,14.8687
1235,1509,1779532606214,1779532606214,1779532606214,1779532606215,1779532606215,1779532606247,1779532606280,33,0,1,32,33,66,14.4795
1236,1510,1779532606247,1779532606247,1779532606247,1779532606248,1779532606248,1779532606280,1779532606313,33,0,1,32,33,66,13.6912
1237,1511,1779532606280,1779532606280,1779532606280,1779532606287,1779532606287,1779532606313,1779532606345,33,0,7,26,32,65,13.4341
1238,1512,1779532606313,1779532606313,1779532606313,1779532606345,1779532606345,1779532606378,1779532606410,65,0,32,33,32,97,13.1079
1239,1514,1779532606378,1779532606378,1779532606377,1779532606380,1779532606380,1779532606410,1779532606444,32,0,3,29,34,66,12.5404
1240,1515,1779532606410,1779532606410,1779532606410,1779532606420,1779532606420,1779532606444,1779532606477,34,0,10,24,33,67,11.9318
1241,1517,1779532606476,1779532606476,1779532606476,1779532606478,1779532606478,1779532606509,1779532606542,33,0,2,31,33,66,11.6739
1242,1518,1779532606509,1779532606509,1779532606508,1779532606512,1779532606512,1779532606541,1779532606575,32,0,4,28,34,66,11.2035
1243,1519,1779532606541,1779532606541,1779532606541,1779532606553,1779532606553,1779532606575,1779532606623,34,0,12,22,48,82,10.8678
1244,1520,1779532606575,1779532606575,1779532606575,1779532606612,1779532606612,1779532606623,1779532606655,48,0,37,11,32,80,11.7870
1245,1521,1779532606623,1779532606623,1779532606623,1779532606646,1779532606646,1779532606655,1779532606694,32,0,23,9,39,71,11.5326
1246,1522,1779532606654,1779532606654,1779532606654,1779532606686,1779532606686,1779532606694,1779532606726,40,0,32,8,32,72,11.4796
1247,1524,1779532606725,1779532606725,1779532606726,1779532606744,1779532606744,1779532606758,1779532606791,33,0,18,15,33,66,11.1793
1248,1525,1779532606758,1779532606758,1779532606758,1779532606777,1779532606777,1779532606791,1779532606824,33,0,19,14,33,66,10.5884
1249,1526,1779532606791,1779532606791,1779532606791,1779532606818,1779532606818,1779532606824,1779532606857,33,0,27,6,33,66,10.4529
1250,1528,1779532606856,1779532606856,1779532606856,1779532606875,1779532606875,1779532606889,1779532606922,33,0,19,14,33,66,10.3239
1251,1529,1779532606889,1779532606889,1779532606888,1779532606909,1779532606909,1779532606922,1779532606954,33,0,21,12,32,65,9.9030
1252,1530,1779532606922,1779532606922,1779532606921,1779532606950,1779532606950,1779532606988,1779532607020,66,0,29,37,32,98,10.8106
1253,1532,1779532606988,1779532606988,1779532606988,1779532607008,1779532607008,1779532607020,1779532607053,32,0,20,12,33,65,11.5918
1254,1533,1779532607020,1779532607020,1779532607019,1779532607041,1779532607041,1779532607053,1779532607086,33,0,22,11,33,66,10.9356
1255,1534,1779532607052,1779532607052,1779532607052,1779532607082,1779532607082,1779532607086,1779532607126,34,0,30,4,40,74,10.3446
1257,1536,1779532607126,1779532607126,1779532607126,1779532607140,1779532607175,1779532607193,1779532607196,67,35,14,18,3,70,11.1172
1258,1538,1779532607196,1779532607196,1779532607196,1779532607216,1779532607216,1779532607230,1779532607264,34,0,20,14,34,68,11.8905
1259,1540,1779532607264,1779532607264,1779532607263,1779532607274,1779532607274,1779532607297,1779532607330,33,0,11,22,33,66,11.6369
1260,1541,1779532607297,1779532607297,1779532607297,1779532607308,1779532607309,1779532607330,1779532607363,33,1,11,21,33,66,11.0257
1261,1542,1779532607330,1779532607330,1779532607329,1779532607349,1779532607349,1779532607363,1779532607395,33,0,20,13,32,65,10.9477
1262,1544,1779532607395,1779532607395,1779532607395,1779532607407,1779532607407,1779532607427,1779532607460,32,0,12,20,33,65,10.7287
1263,1545,1779532607427,1779532607427,1779532607427,1779532607441,1779532607441,1779532607460,1779532607493,33,0,14,19,33,66,10.1151
1264,1546,1779532607460,1779532607460,1779532607460,1779532607481,1779532607481,1779532607493,1779532607526,33,0,21,12,33,66,10.0764
1265,1548,1779532607525,1779532607526,1779532607525,1779532607539,1779532607540,1779532607559,1779532607592,33,1,14,18,33,66,9.9227
1266,1549,1779532607558,1779532607558,1779532607558,1779532607573,1779532607573,1779532607592,1779532607634,34,0,15,19,42,76,9.9117
1267,1550,1779532607592,1779532607592,1779532607592,1779532607613,1779532607613,1779532607634,1779532607665,42,0,21,21,31,73,10.0054
1268,1552,1779532607664,1779532607664,1779532607664,1779532607671,1779532607671,1779532607698,1779532607739,34,0,7,27,41,75,10.3966
1269,1553,1779532607698,1779532607698,1779532607698,1779532607705,1779532607705,1779532607739,1779532607770,41,0,7,34,31,72,9.7473
1270,1554,1779532607739,1779532607739,1779532607739,1779532607744,1779532607744,1779532607770,1779532607803,31,0,5,26,33,64,9.6976
1271,1555,1779532607770,1779532607770,1779532607769,1779532607802,1779532607802,1779532607836,1779532607869,66,0,33,33,33,99,9.4394
1272,1556,1779532607803,1779532607803,1779532607802,1779532607835,1779532607835,1779532607868,1779532607901,65,0,33,32,33,98,8.9582
1273,1558,1779532607868,1779532607868,1779532607868,1779532607875,1779532607875,1779532607901,1779532607934,33,0,7,26,33,66,8.8401
1274,1559,1779532607901,1779532607901,1779532607901,1779532607932,1779532607932,1779532607934,1779532607967,33,0,31,2,33,66,9.6322
1275,1561,1779532607966,1779532607967,1779532607966,1779532607966,1779532607967,1779532607999,1779532608031,32,1,0,31,32,64,10.6995
1276,1562,1779532607999,1779532607999,1779532607998,1779532608009,1779532608009,1779532608031,1779532608064,32,0,11,21,33,65,10.5324
1277,1564,1779532608064,1779532608064,1779532608064,1779532608066,1779532608066,1779532608098,1779532608140,34,0,2,32,42,76,11.1802
1278,1565,1779532608097,1779532608097,1779532608097,1779532608099,1779532608099,1779532608140,1779532608172,43,0,2,41,32,75,10.7911
1279,1566,1779532608140,1779532608140,1779532608140,1779532608141,1779532608141,1779532608172,1779532608205,32,0,1,31,33,65,10.6409
1280,1567,1779532608171,1779532608171,1779532608171,1779532608199,1779532608199,1779532608205,1779532608282,34,0,28,6,77,111,11.1382
1282,1568,1779532608205,1779532608205,1779532608204,1779532608232,1779532608271,1779532608282,1779532608285,77,39,28,10,3,80,14.7027
1283,1571,1779532608319,1779532608319,1779532608318,1779532608329,1779532608329,1779532608352,1779532608385,33,0,11,22,33,66,16.3412
1284,1572,1779532608352,1779532608352,1779532608352,1779532608362,1779532608363,1779532608385,1779532608418,33,1,10,22,33,66,15.4148
1285,1573,1779532608385,1779532608385,1779532608385,1779532608403,1779532608403,1779532608418,1779532608450,33,0,18,15,32,65,15.0356
1286,1575,1779532608450,1779532608450,1779532608450,1779532608461,1779532608461,1779532608484,1779532608516,34,0,11,23,32,66,14.6265
1287,1576,1779532608483,1779532608483,1779532608483,1779532608494,1779532608494,1779532608516,1779532608549,33,0,11,22,33,66,13.7692
1288,1577,1779532608516,1779532608516,1779532608515,1779532608535,1779532608535,1779532608549,1779532608581,33,0,20,13,32,65,13.4399
1289,1579,1779532608581,1779532608581,1779532608581,1779532608594,1779532608594,1779532608615,1779532608656,34,0,13,21,41,75,13.5030
1290,1580,1779532608614,1779532608614,1779532608614,1779532608627,1779532608627,1779532608656,1779532608687,42,0,13,29,31,73,12.6992
1291,1581,1779532608656,1779532608656,1779532608655,1779532608666,1779532608666,1779532608687,1779532608727,31,0,11,20,40,71,12.0363
1292,1582,1779532608687,1779532608687,1779532608687,1779532608724,1779532608724,1779532608758,1779532608791,71,0,37,34,33,104,11.7234
1293,1583,1779532608727,1779532608727,1779532608727,1779532608757,1779532608757,1779532608791,1779532608824,64,0,30,34,33,97,11.1103
1294,1585,1779532608791,1779532608791,1779532608791,1779532608797,1779532608798,1779532608824,1779532608857,33,1,6,26,33,66,11.0169
1295,1587,1779532608856,1779532608856,1779532608856,1779532608857,1779532608857,1779532608889,1779532608922,33,0,1,32,33,66,10.8081
1296,1588,1779532608889,1779532608889,1779532608889,1779532608890,1779532608890,1779532608922,1779532608955,33,0,1,32,33,66,10.4309
1297,1589,1779532608922,1779532608922,1779532608922,1779532608930,1779532608930,1779532608955,1779532608987,33,0,8,25,32,65,10.0528
1298,1591,1779532608987,1779532608987,1779532608987,1779532608989,1779532608989,1779532609020,1779532609053,33,0,2,31,33,66,9.8376
1299,1592,1779532609020,1779532609020,1779532609020,1779532609022,1779532609022,1779532609053,1779532609085,33,0,2,31,32,65,9.2370
1300,1593,1779532609053,1779532609053,1779532609052,1779532609063,1779532609063,1779532609085,1779532609118,32,0,11,21,33,65,9.2262
1302,1595,1779532609118,1779532609118,1779532609117,1779532609122,1779532609155,1779532609190,1779532609194,72,33,5,34,4,76,9.7222
1303,1597,1779532609194,1779532609194,1779532609193,1779532609195,1779532609195,1779532609227,1779532609266,33,0,2,31,39,72,11.0280
1304,1598,1779532609226,1779532609226,1779532609226,1779532609253,1779532609253,1779532609266,1779532609297,40,0,27,13,31,71,11.9626
1305,1599,1779532609266,1779532609266,1779532609266,1779532609286,1779532609287,1779532609297,1779532609366,31,1,20,10,69,100,13.5927
1306,1600,1779532609297,1779532609297,1779532609297,1779532609326,1779532609327,1779532609366,1779532609370,69,1,29,39,4,73,15.0866
1307,1602,1779532609370,1779532609370,1779532609369,1779532609384,1779532609384,1779532609404,1779532609436,34,0,15,19,32,66,14.7963
1308,1603,1779532609403,1779532609403,1779532609404,1779532609418,1779532609418,1779532609436,1779532609469,33,0,14,19,33,66,14.1178
1309,1604,1779532609436,1779532609436,1779532609436,1779532609458,1779532609458,1779532609469,1779532609503,33,0,22,11,34,67,13.4083
1310,1606,1779532609502,1779532609503,1779532609502,1779532609516,1779532609516,1779532609535,1779532609568,32,0,14,18,33,65,13.0040
1311,1607,1779532609535,1779532609535,1779532609535,1779532609549,1779532609549,1779532609568,1779532609600,33,0,14,19,32,65,12.3996
1312,1608,1779532609567,1779532609567,1779532609567,1779532609589,1779532609589,1779532609600,1779532609633,33,0,22,11,33,66,12.1760
1313,1610,1779532609633,1779532609633,1779532609633,1779532609648,1779532609648,1779532609666,1779532609707,33,0,15,18,41,74,12.6230
1314,1611,1779532609666,1779532609666,1779532609666,1779532609683,1779532609683,1779532609707,1779532609776,41,0,17,24,69,110,13.8640
1315,1612,1779532609707,1779532609707,1779532609706,1779532609723,1779532609723,1779532609776,1779532609780,69,0,17,52,4,73,15.4075
1316,1614,1779532609780,1779532609780,1779532609779,1779532609781,1779532609781,1779532609812,1779532609845,32,0,2,30,33,65,14.9599
1317,1615,1779532609812,1779532609812,1779532609812,1779532609814,1779532609814,1779532609845,1779532609877,33,0,2,31,32,65,14.0452
1318,1616,1779532609845,1779532609845,1779532609844,1779532609854,1779532609854,1779532609877,1779532609910,32,0,10,22,33,65,13.7563
1319,1618,1779532609910,1779532609910,1779532609909,1779532609913,1779532609914,1779532609943,1779532609975,33,1,4,28,32,65,13.4223
1320,1619,1779532609943,1779532609943,1779532609943,1779532609947,1779532609947,1779532609975,1779532610008,32,0,4,28,33,65,12.8023
1321,1620,1779532609975,1779532609975,1779532609975,1779532609987,1779532609987,1779532610008,1779532610040,33,0,12,21,32,65,12.2888
1322,1622,1779532610040,1779532610040,1779532610040,1779532610045,1779532610045,1779532610073,1779532610106,33,0,5,28,33,66,12.0001
1323,1623,1779532610073,1779532610073,1779532610073,1779532610078,1779532610078,1779532610106,1779532610139,33,0,5,28,33,66,11.5096
1324,1624,1779532610106,1779532610106,1779532610105,1779532610118,1779532610118,1779532610139,1779532610172,33,0,13,20,33,66,11.0125
1325,1626,1779532610172,1779532610172,1779532610172,1779532610177,1779532610177,1779532610212,1779532610244,40,0,5,35,32,72,11.2189
1327,1628,1779532610243,1779532610243,1779532610243,1779532610250,1779532610250,1779532610283,1779532610315,40,0,7,33,32,72,10.5647
1328,1629,1779532610283,1779532610283,1779532610283,1779532610308,1779532610308,1779532610315,1779532610347,32,0,25,7,32,64,11.4141
1329,1630,1779532610314,1779532610314,1779532610314,1779532610341,1779532610341,1779532610347,1779532610416,33,0,27,6,69,102,13.0567
1330,1631,1779532610347,1779532610347,1779532610347,1779532610380,1779532610381,1779532610416,1779532610419,69,1,33,35,3,72,14.6577
1331,1633,1779532610419,1779532610419,1779532610419,1779532610445,1779532610445,1779532610453,1779532610486,34,0,26,8,33,67,14.0291
1332,1634,1779532610453,1779532610453,1779532610452,1779532610478,1779532610479,1779532610486,1779532610519,33,1,26,6,33,66,13.3228
1333,1636,1779532610519,1779532610519,1779532610519,1779532610519,1779532610519,1779532610551,1779532610585,32,0,0,32,34,66,13.9668
1334,1637,1779532610551,1779532610551,1779532610551,1779532610577,1779532610578,1779532610585,1779532610617,34,1,26,7,32,66,14.6319
1335,1638,1779532610584,1779532610584,1779532610584,1779532610611,1779532610611,1779532610617,1779532610650,33,0,27,6,33,66,13.7769
1336,1640,1779532610650,1779532610650,1779532610649,1779532610651,1779532610651,1779532610683,1779532610723,33,0,2,31,40,73,14.8746
1337,1641,1779532610683,1779532610683,1779532610683,1779532610709,1779532610709,1779532610723,1779532610794,40,0,26,14,71,111,14.7760
1339,1642,1779532610723,1779532610723,1779532610723,1779532610743,1779532610783,1779532610794,1779532610797,71,40,20,11,3,74,18.2053
1340,1645,1779532610829,1779532610829,1779532610828,1779532610841,1779532610841,1779532610862,1779532610895,33,0,13,20,33,66,19.4779
1341,1646,1779532610862,1779532610862,1779532610862,1779532610875,1779532610875,1779532610895,1779532610927,33,0,13,20,32,65,18.3515
1342,1647,1779532610894,1779532610894,1779532610894,1779532610915,1779532610915,1779532610927,1779532610960,33,0,21,12,33,66,17.8976
1343,1649,1779532610960,1779532610960,1779532610960,1779532610973,1779532610973,1779532610993,1779532611025,33,0,13,20,32,65,17.2839
1344,1650,1779532610992,1779532610992,1779532610993,1779532611006,1779532611007,1779532611025,1779532611058,33,1,13,19,33,66,16.2526
1345,1651,1779532611025,1779532611025,1779532611024,1779532611047,1779532611047,1779532611058,1779532611090,33,0,23,10,32,65,15.8320
1346,1653,1779532611090,1779532611090,1779532611090,1779532611105,1779532611105,1779532611123,1779532611156,33,0,15,18,33,66,15.3952
1347,1654,1779532611123,1779532611123,1779532611123,1779532611138,1779532611138,1779532611156,1779532611189,33,0,15,18,33,66,14.4712
1348,1655,1779532611156,1779532611156,1779532611156,1779532611179,1779532611179,1779532611189,1779532611230,33,0,23,10,41,74,13.5695
1349,1657,1779532611229,1779532611229,1779532611229,1779532611236,1779532611237,1779532611261,1779532611302,32,1,7,24,41,73,13.6929
1350,1658,1779532611261,1779532611261,1779532611261,1779532611270,1779532611271,1779532611302,1779532611334,41,1,9,31,32,73,13.1257
1351,1659,1779532611302,1779532611302,1779532611302,1779532611311,1779532611311,1779532611334,1779532611366,32,0,9,23,32,64,12.9046
1352,1661,1779532611366,1779532611366,1779532611365,1779532611369,1779532611370,1779532611399,1779532611431,33,1,4,28,32,65,12.5572
1353,1662,1779532611398,1779532611398,1779532611398,1779532611403,1779532611403,1779532611431,1779532611501,33,0,5,28,70,103,14.1960
1354,1663,1779532611431,1779532611431,1779532611431,1779532611443,1779532611444,1779532611501,1779532611504,70,1,12,57,3,73,15.7205
1355,1664,1779532611501,1779532611501,1779532611501,1779532611502,1779532611502,1779532611504,1779532611538,3,0,1,2,34,37,16.2202
1356,1665,1779532611504,1779532611504,1779532611504,1779532611536,1779532611536,1779532611571,1779532611605,67,0,32,35,34,101,17.0673
1357,1667,1779532611571,1779532611571,1779532611570,1779532611576,1779532611576,1779532611605,1779532611637,34,0,6,28,32,66,16.2879
1358,1668,1779532611604,1779532611604,1779532611604,1779532611634,1779532611634,1779532611637,1779532611670,33,0,30,3,33,66,16.8250
1359,1669,1779532611637,1779532611637,1779532611636,1779532611668,1779532611668,1779532611703,1779532611744,66,0,32,34,41,107,18.0590
1360,1671,1779532611703,1779532611703,1779532611703,1779532611709,1779532611710,1779532611744,1779532611775,41,1,6,34,31,72,17.6008
1361,1672,1779532611743,1779532611743,1779532611743,1779532611768,1779532611768,1779532611775,1779532611809,32,0,25,7,34,66,17.9390
1362,1673,1779532611775,1779532611775,1779532611775,1779532611802,1779532611802,1779532611809,1779532611850,34,0,27,7,41,75,17.3646
1363,1674,1779532611809,1779532611809,1779532611808,1779532611843,1779532611843,1779532611850,1779532611880,41,0,35,6,30,71,16.9831
1364,1676,1779532611880,1779532611880,1779532611880,1779532611900,1779532611901,1779532611913,1779532611946,33,1,20,12,33,66,16.4579
1365,1677,1779532611913,1779532611913,1779532611913,1779532611934,1779532611934,1779532611946,1779532611979,33,0,21,12,33,66,15.6834
1366,1678,1779532611946,1779532611946,1779532611945,1779532611973,1779532611974,1779532611979,1779532612011,33,1,28,4,32,65,14.9175
1367,1680,1779532612011,1779532612011,1779532612011,1779532612031,1779532612031,1779532612044,1779532612077,33,0,20,13,33,66,14.4918
1368,1681,1779532612044,1779532612044,1779532612044,1779532612064,1779532612064,1779532612077,1779532612110,33,0,20,13,33,66,13.7753
1369,1682,1779532612076,1779532612076,1779532612076,1779532612107,1779532612108,1779532612142,1779532612175,66,1,31,34,33,99,14.3865
1370,1684,1779532612142,1779532612142,1779532612142,1779532612167,1779532612167,1779532612175,1779532612208,33,0,25,8,33,66,15.2540
1371,1685,1779532612175,1779532612175,1779532612175,1779532612201,1779532612201,1779532612208,1779532612249,33,0,26,7,41,74,14.9433
1372,1686,1779532612208,1779532612208,1779532612207,1779532612241,1779532612241,1779532612249,1779532612280,41,0,34,7,31,72,14.6161
1373,1688,1779532612280,1779532612280,1779532612280,1779532612300,1779532612300,1779532612314,1779532612354,34,0,20,14,40,74,14.7053
1374,1689,1779532612314,1779532612314,1779532612313,1779532612338,1779532612338,1779532612354,1779532612386,40,0,25,15,32,72,14.4051
1375,1690,1779532612354,1779532612354,1779532612354,1779532612378,1779532612378,1779532612385,1779532612418,31,0,24,7,33,64,13.7297
1376,1692,1779532612418,1779532612418,1779532612417,1779532612437,1779532612437,1779532612451,1779532612484,33,0,20,13,33,66,13.1119
1377,1693,1779532612451,1779532612451,1779532612450,1779532612469,1779532612470,1779532612484,1779532612516,33,1,19,13,32,65,12.3883
1378,1694,1779532612484,1779532612484,1779532612483,1779532612509,1779532612509,1779532612516,1779532612549,32,0,26,6,33,65,12.2035
1379,1696,1779532612549,1779532612549,1779532612549,1779532612568,1779532612568,1779532612581,1779532612615,32,0,19,13,34,66,11.8570
1380,1697,1779532612581,1779532612581,1779532612581,1779532612601,1779532612601,1779532612615,1779532612647,34,0,20,14,32,66,11.1994
1381,1698,1779532612614,1779532612614,1779532612614,1779532612641,1779532612641,1779532612647,1779532612680,33,0,27,6,33,66,11.0796
1382,1700,1779532612679,1779532612679,1779532612679,1779532612699,1779532612699,1779532612713,1779532612790,34,0,20,14,77,111,13.7021
1384,1701,1779532612713,1779532612713,1779532612712,1779532612734,1779532612774,1779532612790,1779532612793,77,40,22,15,3,80,17.1086
1385,1704,1779532612827,1779532612827,1779532612829,1779532612832,1779532612832,1779532612868,1779532612899,41,0,3,38,31,72,18.9134
1387,1706,1779532612899,1779532612899,1779532612899,1779532612906,1779532612906,1779532612933,1779532612966,34,0,7,27,33,67,17.1617
1388,1707,1779532612932,1779532612932,1779532612932,1779532612964,1779532612964,1779532612998,1779532613031,66,0,32,34,33,99,16.4757
1389,1709,1779532612997,1779532612997,1779532612997,1779532612999,1779532612999,1779532613031,1779532613063,34,0,2,32,32,66,15.5420
1390,1710,1779532613031,1779532613031,1779532613030,1779532613038,1779532613038,1779532613063,1779532613096,32,0,8,24,33,65,14.7989
1391,1712,1779532613095,1779532613095,1779532613095,1779532613098,1779532613098,1779532613128,1779532613162,33,0,3,30,34,67,14.0011
1392,1713,1779532613128,1779532613128,1779532613128,1779532613132,1779532613132,1779532613162,1779532613194,34,0,4,30,32,66,13.1950
1393,1714,1779532613161,1779532613161,1779532613161,1779532613172,1779532613172,1779532613194,1779532613227,33,0,11,22,33,66,12.9342
1394,1716,1779532613226,1779532613227,1779532613226,1779532613230,1779532613231,1779532613260,1779532613301,33,1,4,28,41,74,13.1988
1395,1717,1779532613260,1779532613260,1779532613259,1779532613267,1779532613268,1779532613301,1779532613333,41,1,8,32,32,73,12.6976
1396,1718,1779532613301,1779532613301,1779532613300,1779532613306,1779532613306,1779532613333,1779532613372,32,0,6,26,39,71,11.9870
1397,1719,1779532613332,1779532613333,1779532613333,1779532613364,1779532613364,1779532613372,1779532613404,39,0,31,8,32,71,12.9098
1398,1720,1779532613372,1779532613372,1779532613372,1779532613397,1779532613397,1779532613404,1779532613436,32,0,25,7,32,64,12.1990
1399,1722,1779532613436,1779532613436,1779532613435,1779532613437,1779532613437,1779532613469,1779532613503,33,0,2,31,34,67,12.9720
1400,1723,1779532613469,1779532613469,1779532613468,1779532613495,1779532613495,1779532613503,1779532613543,34,0,27,7,40,74,13.1549
1401,1724,1779532613503,1779532613503,1779532613502,1779532613528,1779532613529,1779532613543,1779532613574,40,1,26,13,31,71,12.6408
1402,1725,1779532613543,1779532613543,1779532613542,1779532613568,1779532613568,1779532613574,1779532613606,31,0,26,5,32,63,12.1259
1403,1727,1779532613606,1779532613606,1779532613606,1779532613626,1779532613626,1779532613639,1779532613672,33,0,20,13,33,66,11.9008
1404,1728,1779532613639,1779532613639,1779532613638,1779532613659,1779532613659,1779532613672,1779532613704,33,0,21,12,32,65,11.4438
1405,1729,1779532613672,1779532613672,1779532613671,1779532613700,1779532613700,1779532613737,1779532613771,65,0,29,36,34,99,12.3152
1406,1731,1779532613737,1779532613737,1779532613737,1779532613758,1779532613758,1779532613771,1779532613811,34,0,21,13,40,74,12.5834
1407,1732,1779532613771,1779532613771,1779532613770,1779532613792,1779532613792,1779532613811,1779532613887,40,0,22,18,76,116,14.5707
1408,1733,1779532613811,1779532613811,1779532613811,1779532613833,1779532613833,1779532613887,1779532613900,76,0,22,54,13,89,15.4165
1409,1734,1779532613886,1779532613886,1779532613886,1779532613891,1779532613891,1779532613899,1779532613931,13,0,5,8,32,45,16.2900
1410,1735,1779532613899,1779532613899,1779532613899,1779532613928,1779532613928,1779532613964,1779532613998,65,0,29,36,34,99,16.9931
1411,1737,1779532613964,1779532613964,1779532613964,1779532613967,1779532613967,1779532613998,1779532614030,34,0,3,31,32,66,16.1563
1412,1738,1779532613997,1779532613997,1779532613997,1779532614024,1779532614025,1779532614030,1779532614063,33,1,27,5,33,66,16.6448
1413,1739,1779532614030,1779532614030,1779532614029,1779532614057,1779532614058,1779532614063,1779532614095,33,1,28,4,32,65,15.6858
1414,1741,1779532614095,1779532614095,1779532614095,1779532614098,1779532614098,1779532614128,1779532614161,33,0,3,30,33,66,16.1618
1415,1742,1779532614128,1779532614128,1779532614127,1779532614157,1779532614157,1779532614194,1779532614226,66,0,30,36,32,98,15.3696
1416,1743,1779532614160,1779532614160,1779532614160,1779532614190,1779532614191,1779532614226,1779532614259,66,1,30,35,33,99,14.5353
1417,1745,1779532614226,1779532614226,1779532614226,1779532614233,1779532614233,1779532614259,1779532614301,33,0,7,26,42,75,13.6547
1418,1746,1779532614259,1779532614259,1779532614259,1779532614291,1779532614292,1779532614301,1779532614331,42,1,32,9,30,72,14.4418
1419,1747,1779532614301,1779532614301,1779532614300,1779532614325,1779532614325,1779532614331,1779532614373,30,0,25,5,42,72,13.8605
1420,1748,1779532614331,1779532614331,1779532614331,1779532614366,1779532614366,1779532614373,1779532614404,42,0,35,7,31,73,13.6688
1421,1750,1779532614404,1779532614404,1779532614403,1779532614425,1779532614425,1779532614437,1779532614469,33,0,22,11,32,65,13.2451
1422,1751,1779532614436,1779532614436,1779532614436,1779532614458,1779532614458,1779532614469,1779532614502,33,0,22,11,33,66,12.5369
1423,1752,1779532614468,1779532614469,1779532614468,1779532614498,1779532614498,1779532614534,1779532614567,65,0,30,35,33,98,13.2235
1424,1754,1779532614534,1779532614534,1779532614534,1779532614556,1779532614556,1779532614567,1779532614604,33,0,22,11,37,70,13.5968
1425,1755,1779532614567,1779532614567,1779532614567,1779532614589,1779532614589,1779532614604,1779532614640,37,0,22,15,36,73,12.7535
1426,1756,1779532614604,1779532614604,1779532614603,1779532614629,1779532614629,1779532614640,1779532614677,36,0,26,10,37,73,12.2284
1427,1758,1779532614676,1779532614676,1779532614676,1779532614687,1779532614687,1779532614713,1779532614749,37,0,11,26,36,73,12.4501
1428,1759,1779532614712,1779532614712,1779532614712,1779532614721,1779532614721,1779532614749,1779532614787,37,0,9,28,38,75,12.0679
1429,1760,1779532614749,1779532614749,1779532614749,1779532614760,1779532614761,1779532614787,1779532614828,38,1,11,26,41,79,11.4076
1430,1761,1779532614786,1779532614786,1779532614786,1779532614819,1779532614819,1779532614828,1779532614899,42,0,33,9,71,113,11.6401
1431,1762,1779532614828,1779532614828,1779532614828,1779532614857,1779532614857,1779532614899,1779532614938,71,0,29,42,39,110,11.0541
1433,1765,1779532614942,1779532614942,1779532614941,1779532614958,1779532614958,1779532614975,1779532615008,33,0,17,16,33,66,12.2283
1434,1766,1779532614975,1779532614975,1779532614975,1779532614992,1779532614992,1779532615008,1779532615041,33,0,17,16,33,66,11.6023
1435,1767,1779532615008,1779532615008,1779532615008,1779532615031,1779532615031,1779532615041,1779532615074,33,0,23,10,33,66,11.3732
1436,1769,1779532615074,1779532615074,1779532615074,1779532615089,1779532615089,1779532615107,1779532615139,33,0,15,18,32,65,11.2852
1437,1770,1779532615107,1779532615107,1779532615107,1779532615122,1779532615122,1779532615139,1779532615172,32,0,15,17,33,65,10.8403
1438,1771,1779532615139,1779532615139,1779532615139,1779532615162,1779532615163,1779532615172,1779532615205,33,1,23,9,33,66,10.4547
1439,1773,1779532615204,1779532615204,1779532615204,1779532615221,1779532615221,1779532615237,1779532615271,33,0,17,16,34,67,9.9934
1440,1774,1779532615237,1779532615237,1779532615237,1779532615256,1779532615256,1779532615271,1779532615311,34,0,19,15,40,74,9.9591
1441,1775,1779532615270,1779532615271,1779532615270,1779532615297,1779532615297,1779532615311,1779532615381,40,0,27,13,70,110,11.1674
1442,1776,1779532615311,1779532615311,1779532615311,1779532615355,1779532615356,1779532615381,1779532615385,70,1,44,25,4,74,13.8544
1443,1778,1779532615385,1779532615385,1779532615385,1779532615389,1779532615389,1779532615417,1779532615450,32,0,4,28,33,65,14.7269
1444,1779,1779532615417,1779532615417,1779532615417,1779532615429,1779532615429,1779532615450,1779532615483,33,0,12,21,33,66,14.0740
1445,1781,1779532615483,1779532615483,1779532615482,1779532615487,1779532615487,1779532615515,1779532615548,32,0,5,27,33,65,13.6463
1446,1782,1779532615515,1779532615515,1779532615515,1779532615521,1779532615521,1779532615548,1779532615581,33,0,6,27,33,66,12.9942
1447,1783,1779532615548,1779532615548,1779532615548,1779532615561,1779532615561,1779532615581,1779532615614,33,0,13,20,33,66,12.7539
1448,1785,1779532615613,1779532615613,1779532615613,1779532615620,1779532615620,1779532615646,1779532615679,33,0,7,26,33,66,12.4768
1449,1786,1779532615646,1779532615646,1779532615646,1779532615654,1779532615654,1779532615679,1779532615712,33,0,8,25,33,66,11.7753
1450,1787,1779532615679,1779532615679,1779532615679,1779532615694,1779532615695,1779532615712,1779532615745,33,1,15,17,33,66,11.6472
1451,1789,1779532615744,1779532615744,1779532615744,1779532615753,1779532615753,1779532615777,1779532615810,33,0,9,24,33,66,11.4804
1452,1790,1779532615777,1779532615777,1779532615777,1779532615786,1779532615786,1779532615810,1779532615852,33,0,9,24,42,75,11.0915
1453,1791,1779532615810,1779532615810,1779532615810,1779532615827,1779532615827,1779532615852,1779532615883,42,0,17,25,31,73,10.7270
1454,1793,1779532615883,1779532615883,1779532615883,1779532615886,1779532615886,1779532615924,1779532615955,41,0,3,38,31,72,10.5170
1456,1795,1779532615955,1779532615955,1779532615954,1779532615961,1779532615961,1779532616024,1779532616027,69,0,7,62,3,72,13.9281
1458,1797,1779532616027,1779532616027,1779532616027,1779532616054,1779532616054,1779532616061,1779532616095,34,0,27,7,34,68,14.0801
1459,1798,1779532616061,1779532616061,1779532616061,1779532616094,1779532616094,1779532616127,1779532616160,66,0,33,33,33,99,14.6256
1460,1800,1779532616127,1779532616127,1779532616127,1779532616153,1779532616153,1779532616160,1779532616193,33,0,26,7,33,66,15.2899
1461,1801,1779532616160,1779532616160,1779532616160,1779532616187,1779532616187,1779532616193,1779532616226,33,0,27,6,33,66,14.4490
1462,1803,1779532616226,1779532616226,1779532616226,1779532616227,1779532616227,1779532616258,1779532616292,32,0,1,31,34,66,15.0330
1463,1804,1779532616258,1779532616258,1779532616258,1779532616285,1779532616286,1779532616292,1779532616364,34,1,27,6,72,106,15.0767
1465,1805,1779532616292,1779532616292,1779532616291,1779532616319,1779532616359,1779532616364,1779532616368,72,40,28,4,4,76,18.4170
1466,1808,1779532616401,1779532616401,1779532616401,1779532616418,1779532616418,1779532616441,1779532616473,40,0,17,23,32,72,19.9518
1467,1809,1779532616441,1779532616441,1779532616441,1779532616452,1779532616452,1779532616473,1779532616505,32,0,11,21,32,64,18.7952
1468,1810,1779532616473,1779532616473,1779532616472,1779532616493,1779532616493,1779532616505,1779532616538,32,0,21,11,33,65,18.1977
1469,1812,1779532616538,1779532616538,1779532616538,1779532616551,1779532616551,1779532616571,1779532616604,33,0,13,20,33,66,17.3559
1470,1813,1779532616571,1779532616571,1779532616572,1779532616585,1779532616585,1779532616604,1779532616637,33,0,13,20,33,66,16.3783
1471,1814,1779532616604,1779532616604,1779532616603,1779532616625,1779532616625,1779532616637,1779532616669,33,0,22,11,32,65,16.0131
1472,1816,1779532616669,1779532616669,1779532616669,1779532616683,1779532616683,1779532616702,1779532616734,33,0,14,19,32,65,15.5941
1473,1817,1779532616702,1779532616702,1779532616701,1779532616717,1779532616717,1779532616734,1779532616767,32,0,16,16,33,65,14.8284
1474,1818,1779532616734,1779532616734,1779532616734,1779532616757,1779532616757,1779532616767,1779532616801,33,0,23,10,34,67,14.0615
1476,1820,1779532616800,1779532616800,1779532616800,1779532616815,1779532616849,1779532616873,1779532616877,73,34,15,24,4,77,14.1569
1477,1822,1779532616877,1779532616877,1779532616876,1779532616890,1779532616890,1779532616909,1779532616949,32,0,14,18,40,72,15.1859
1478,1823,1779532616909,1779532616909,1779532616909,1779532616949,1779532616949,1779532616980,1779532617013,71,0,40,31,33,104,14.6692
1479,1825,1779532616980,1779532616980,1779532616980,1779532616982,1779532616982,1779532617013,1779532617083,33,0,2,31,70,103,15.7025
1481,1826,1779532617013,1779532617013,1779532617013,1779532617022,1779532617080,1779532617083,1779532617086,70,58,9,3,3,73,20.3435
1482,1828,1779532617085,1779532617085,1779532617085,1779532617113,1779532617113,1779532617119,1779532617152,34,0,28,6,33,67,20.9285
1483,1830,1779532617152,1779532617152,1779532617152,1779532617153,1779532617153,1779532617186,1779532617218,34,0,1,33,32,66,21.4274
1484,1831,1779532617186,1779532617186,1779532617185,1779532617212,1779532617212,1779532617218,1779532617251,32,0,27,5,33,65,21.6787
1485,1832,1779532617218,1779532617218,1779532617218,1779532617245,1779532617245,1779532617251,1779532617284,33,0,27,6,33,66,20.4835
1486,1834,1779532617284,1779532617284,1779532617284,1779532617286,1779532617286,1779532617317,1779532617360,33,0,2,31,43,76,21.5211
1487,1835,1779532617317,1779532617317,1779532617316,1779532617344,1779532617344,1779532617359,1779532617391,42,0,28,14,32,74,21.8568
1488,1836,1779532617359,1779532617359,1779532617359,1779532617377,1779532617377,1779532617391,1779532617431,32,0,18,14,40,72,20.6939
1489,1837,1779532617390,1779532617390,1779532617390,1779532617418,1779532617418,1779532617431,1779532617462,41,0,28,13,31,72,20.0161
1490,1839,1779532617462,1779532617462,1779532617461,1779532617477,1779532617477,1779532617494,1779532617527,32,0,16,16,33,65,19.2222
1491,1840,1779532617494,1779532617494,1779532617494,1779532617511,1779532617511,1779532617527,1779532617560,33,0,17,16,33,66,18.0554
1492,1841,1779532617527,1779532617527,1779532617527,1779532617551,1779532617551,1779532617560,1779532617593,33,0,24,9,33,66,17.4197
1493,1843,1779532617593,1779532617593,1779532617592,1779532617609,1779532617609,1779532617625,1779532617658,32,0,17,15,33,65,16.7739
1494,1844,1779532617625,1779532617625,1779532617624,1779532617642,1779532617642,1779532617658,1779532617691,33,0,18,15,33,66,15.8374
1495,1845,1779532617658,1779532617658,1779532617657,1779532617683,1779532617683,1779532617691,1779532617723,33,0,26,7,32,65,15.4933
1496,1847,1779532617723,1779532617723,1779532617723,1779532617740,1779532617740,1779532617756,1779532617789,33,0,17,16,33,66,15.0356
1497,1848,1779532617756,1779532617756,1779532617756,1779532617774,1779532617774,1779532617789,1779532617822,33,0,18,15,33,66,14.2813
1498,1849,1779532617788,1779532617788,1779532617788,1779532617815,1779532617815,1779532617822,1779532617856,34,0,27,7,34,68,13.8754
1499,1851,1779532617856,1779532617856,1779532617855,1779532617873,1779532617874,1779532617897,1779532617967,41,1,18,22,70,111,16.5214
1501,1852,1779532617897,1779532617897,1779532617897,1779532617908,1779532617948,1779532617967,1779532617971,70,40,11,19,4,74,20.1351
1502,1855,1779532618003,1779532618003,1779532618003,1779532618006,1779532618006,1779532618036,1779532618069,33,0,3,30,33,66,21.6200
1503,1856,1779532618036,1779532618036,1779532618036,1779532618040,1779532618040,1779532618069,1779532618101,33,0,4,29,32,65,20.5016
1504,1857,1779532618068,1779532618068,1779532618068,1779532618079,1779532618080,1779532618101,1779532618170,33,1,11,21,69,102,20.9623
1505,1858,1779532618101,1779532618101,1779532618100,1779532618138,1779532618138,1779532618170,1779532618173,69,0,38,31,3,72,23.0080
1506,1859,1779532618170,1779532618170,1779532618170,1779532618171,1779532618171,1779532618206,1779532618240,36,0,1,35,34,70,23.7324
1507,1861,1779532618206,1779532618206,1779532618206,1779532618213,1779532618213,1779532618240,1779532618273,34,0,7,27,33,67,22.7328
1508,1862,1779532618239,1779532618239,1779532618240,1779532618271,1779532618271,1779532618305,1779532618339,66,0,31,35,34,100,21.8456
1509,1864,1779532618305,1779532618305,1779532618305,1779532618306,1779532618306,1779532618339,1779532618372,34,0,1,33,33,67,20.7022
1510,1865,1779532618338,1779532618338,1779532618338,1779532618347,1779532618347,1779532618372,1779532618413,34,0,9,25,41,75,19.4778
1511,1866,1779532618372,1779532618372,1779532618371,1779532618405,1779532618405,1779532618413,1779532618444,41,0,34,7,31,72,19.8232
1513,1868,1779532618444,1779532618444,1779532618443,1779532618479,1779532618479,1779532618484,1779532618516,40,0,36,4,32,72,18.6401
1514,1870,1779532618516,1779532618516,1779532618515,1779532618537,1779532618537,1779532618548,1779532618580,32,0,22,10,32,64,17.8875
1515,1871,1779532618548,1779532618548,1779532618547,1779532618570,1779532618570,1779532618580,1779532618614,32,0,23,9,34,66,16.9800
1516,1872,1779532618580,1779532618580,1779532618580,1779532618611,1779532618611,1779532618647,1779532618679,67,0,31,36,32,99,17.3215
1517,1874,1779532618646,1779532618646,1779532618646,1779532618670,1779532618670,1779532618679,1779532618712,33,0,24,9,33,66,17.7339
1518,1875,1779532618678,1779532618678,1779532618678,1779532618704,1779532618704,1779532618712,1779532618744,34,0,26,8,32,66,16.8472
1519,1877,1779532618744,1779532618744,1779532618744,1779532618746,1779532618746,1779532618776,1779532618809,32,0,2,30,33,65,17.4640
1520,1878,1779532618776,1779532618776,1779532618776,1779532618806,1779532618806,1779532618842,1779532618875,66,0,30,36,33,99,16.5134
1521,1879,1779532618809,1779532618809,1779532618808,1779532618841,1779532618841,1779532618875,1779532618916,66,0,33,33,41,107,16.0278
1522,1881,1779532618875,1779532618875,1779532618875,1779532618881,1779532618881,1779532618916,1779532618947,41,0,6,35,31,72,15.6708
1523,1882,1779532618916,1779532618916,1779532618915,1779532618939,1779532618940,1779532618946,1779532618988,30,1,24,5,42,72,15.7822
1524,1883,1779532618946,1779532618946,1779532618946,1779532618973,1779532618973,1779532618988,1779532619019,42,0,27,15,31,73,14.8008
1525,1884,1779532618988,1779532618988,1779532618988,1779532619013,1779532619013,1779532619019,1779532619052,31,0,25,6,33,64,14.4049
1526,1886,1779532619051,1779532619051,1779532619051,1779532619071,1779532619071,1779532619084,1779532619117,33,0,20,13,33,66,14.0140
1527,1887,1779532619084,1779532619084,1779532619084,1779532619104,1779532619104,1779532619117,1779532619150,33,0,20,13,33,66,13.1989
1528,1888,1779532619117,1779532619117,1779532619116,1779532619144,1779532619145,1779532619150,1779532619218,33,1,28,4,68,101,14.0241
1529,1889,1779532619150,1779532619150,1779532619149,1779532619204,1779532619204,1779532619218,1779532619222,68,0,55,13,4,72,16.7761
1530,1891,1779532619222,1779532619222,1779532619221,1779532619238,1779532619238,1779532619256,1779532619289,34,0,17,17,33,67,17.8816
1531,1892,1779532619256,1779532619256,1779532619255,1779532619279,1779532619279,1779532619289,1779532619322,33,0,24,9,33,66,17.3850
1532,1894,1779532619321,1779532619321,1779532619321,1779532619337,1779532619337,1779532619355,1779532619426,34,0,16,18,71,105,19.2665
1534,1895,1779532619355,1779532619355,1779532619355,1779532619370,1779532619410,1779532619426,1779532619431,71,40,15,16,5,76,22.2369
1536,1898,1779532619464,1779532619464,1779532619464,1779532619468,1779532619501,1779532619505,1779532619537,41,33,4,4,32,73,21.8172
1537,1900,1779532619537,1779532619537,1779532619536,1779532619542,1779532619542,1779532619569,1779532619601,32,0,6,26,32,64,21.7993
1538,1901,1779532619569,1779532619569,1779532619568,1779532619600,1779532619601,1779532619634,1779532619667,65,1,32,32,33,98,20.9500
1539,1903,1779532619634,1779532619634,1779532619634,1779532619634,1779532619635,1779532619667,1779532619699,33,1,0,32,32,65,19.6785
1540,1904,1779532619666,1779532619666,1779532619666,1779532619675,1779532619675,1779532619699,1779532619732,33,0,9,24,33,66,18.9659
1541,1906,1779532619732,1779532619732,1779532619731,1779532619734,1779532619734,1779532619765,1779532619798,33,0,3,30,33,66,18.2610
1542,1907,1779532619764,1779532619765,1779532619764,1779532619768,1779532619768,1779532619797,1779532619830,32,0,4,28,33,65,17.4199
1543,1908,1779532619797,1779532619797,1779532619797,1779532619809,1779532619809,1779532619830,1779532619863,33,0,12,21,33,66,16.8025
1545,1910,1779532619863,1779532619863,1779532619863,1779532619867,1779532619902,1779532619934,1779532619938,71,35,4,32,4,75,16.9443
1546,1912,1779532619938,1779532619938,1779532619937,1779532619943,1779532619943,1779532619970,1779532620003,32,0,6,26,33,65,17.5771
1547,1913,1779532619970,1779532619970,1779532619970,1779532620001,1779532620001,1779532620037,1779532620070,67,0,31,36,33,100,16.9928
1548,1914,1779532620003,1779532620003,1779532620002,1779532620035,1779532620036,1779532620069,1779532620103,66,1,33,32,34,100,16.1076
1549,1916,1779532620069,1779532620069,1779532620069,1779532620074,1779532620075,1779532620103,1779532620135,34,1,5,28,32,66,15.3912
1550,1917,1779532620102,1779532620102,1779532620102,1779532620133,1779532620133,1779532620168,1779532620200,66,0,31,35,32,98,14.6487
1551,1918,1779532620135,1779532620135,1779532620134,1779532620166,1779532620167,1779532620200,1779532620234,65,1,32,32,34,99,13.8930
1552,1920,1779532620200,1779532620200,1779532620200,1779532620206,1779532620206,1779532620234,1779532620302,34,0,6,28,68,102,14.7045
1553,1921,1779532620234,1779532620234,1779532620233,1779532620265,1779532620265,1779532620302,1779532620306,68,0,32,36,4,72,17.3529
1555,1924,1779532620339,1779532620339,1779532620339,1779532620340,1779532620340,1779532620373,1779532620446,34,0,1,33,73,107,19.4151
1557,1925,1779532620373,1779532620373,1779532620373,1779532620398,1779532620434,1779532620445,1779532620449,72,36,25,11,4,76,23.7231
1558,1927,1779532620449,1779532620449,1779532620448,1779532620475,1779532620475,1779532620482,1779532620523,33,0,27,6,41,74,24.2296
1559,1929,1779532620523,1779532620523,1779532620527,1779532620532,1779532620532,1779532620554,1779532620586,31,0,5,26,32,63,23.1200
1560,1930,1779532620553,1779532620553,1779532620553,1779532620567,1779532620568,1779532620586,1779532620619,33,1,14,18,33,66,21.8736
1561,1931,1779532620586,1779532620586,1779532620586,1779532620608,1779532620608,1779532620619,1779532620652,33,0,22,11,33,66,21.0620
1562,1933,1779532620652,1779532620652,1779532620652,1779532620665,1779532620665,1779532620685,1779532620717,33,0,13,20,32,65,20.3029
1563,1934,1779532620684,1779532620684,1779532620684,1779532620700,1779532620700,1779532620717,1779532620750,33,0,16,17,33,66,19.2937
1564,1935,1779532620717,1779532620717,1779532620717,1779532620741,1779532620741,1779532620750,1779532620783,33,0,24,9,33,66,18.3312
1565,1937,1779532620783,1779532620783,1779532620783,1779532620798,1779532620799,1779532620815,1779532620848,32,1,15,16,33,65,17.4413
1566,1938,1779532620815,1779532620815,1779532620815,1779532620833,1779532620833,1779532620848,1779532620883,33,0,18,15,35,68,16.4863
1567,1939,1779532620848,1779532620848,1779532620848,1779532620874,1779532620874,1779532620883,1779532620954,35,0,26,9,71,106,17.2702
1568,1940,1779532620882,1779532620882,1779532620882,1779532620933,1779532620934,1779532620954,1779532620958,72,1,51,20,4,76,19.4906
1569,1942,1779532620958,1779532620958,1779532620957,1779532620967,1779532620967,1779532620990,1779532621031,32,0,10,22,41,73,20.5236
1570,1943,1779532620990,1779532620990,1779532620992,1779532621007,1779532621007,1779532621031,1779532621062,41,0,15,26,31,72,19.6076
1571,1945,1779532621062,1779532621062,1779532621061,1779532621065,1779532621065,1779532621095,1779532621127,33,0,4,29,32,65,18.8869
1572,1946,1779532621095,1779532621095,1779532621094,1779532621099,1779532621099,1779532621127,1779532621160,32,0,5,27,33,65,17.9600
1573,1947,1779532621127,1779532621127,1779532621126,1779532621139,1779532621140,1779532621160,1779532621193,33,1,13,19,33,66,17.3515
1574,1949,1779532621192,1779532621192,1779532621192,1779532621197,1779532621198,1779532621225,1779532621258,33,1,5,27,33,66,16.8307
1575,1950,1779532621225,1779532621225,1779532621227,1779532621231,1779532621231,1779532621258,1779532621290,33,0,4,29,32,65,16.0455
1576,1951,1779532621257,1779532621257,1779532621257,1779532621271,1779532621271,1779532621290,1779532621323,33,0,14,19,33,66,15.2983
1578,1953,1779532621323,1779532621323,1779532621323,1779532621329,1779532621363,1779532621392,1779532621396,69,34,6,29,4,73,15.5922
1579,1955,1779532621396,1779532621396,1779532621396,1779532621403,1779532621403,1779532621430,1779532621472,34,0,7,27,42,76,16.7435
1580,1956,1779532621430,1779532621430,1779532621431,1779532621461,1779532621461,1779532621472,1779532621542,42,0,30,12,70,112,16.4141
1582,1957,1779532621472,1779532621472,1779532621472,1779532621494,1779532621534,1779532621542,1779532621546,70,40,22,8,4,74,19.6304
1583,1960,1779532621578,1779532621578,1779532621577,1779532621593,1779532621593,1779532621610,1779532621643,32,0,16,16,33,65,20.8628
1584,1961,1779532621610,1779532621610,1779532621610,1779532621626,1779532621626,1779532621643,1779532621676,33,0,16,17,33,66,19.6603
1585,1962,1779532621643,1779532621643,1779532621643,1779532621667,1779532621667,1779532621676,1779532621709,33,0,24,9,33,66,18.9449
1586,1964,1779532621708,1779532621709,1779532621708,1779532621727,1779532621727,1779532621741,1779532621774,32,0,19,13,33,65,18.1638
1587,1965,1779532621741,1779532621741,1779532621741,1779532621761,1779532621761,1779532621774,1779532621807,33,0,20,13,33,66,17.2870
1588,1966,1779532621774,1779532621774,1779532621774,1779532621801,1779532621802,1779532621807,1779532621839,33,1,27,5,32,65,16.8171
1589,1968,1779532621839,1779532621839,1779532621839,1779532621860,1779532621860,1779532621872,1779532621905,33,0,21,12,33,66,16.2357
1590,1969,1779532621872,1779532621872,1779532621872,1779532621893,1779532621893,1779532621905,1779532621938,33,0,21,12,33,66,15.3833
1591,1970,1779532621905,1779532621905,1779532621904,1779532621934,1779532621934,1779532621979,1779532622011,74,0,30,44,32,106,16.3311
1592,1972,1779532621979,1779532621979,1779532621979,1779532621991,1779532621991,1779532622011,1779532622051,32,0,12,20,40,72,16.4186
1593,1973,1779532622011,1779532622011,1779532622011,1779532622024,1779532622024,1779532622051,1779532622082,40,0,13,27,31,71,15.4088
1594,1974,1779532622051,1779532622051,1779532622051,1779532622065,1779532622065,1779532622082,1779532622115,31,0,14,17,33,64,14.9776
1595,1976,1779532622115,1779532622115,1779532622118,1779532622123,1779532622123,1779532622148,1779532622180,33,0,5,28,32,65,14.4785
1596,1977,1779532622147,1779532622147,1779532622150,1779532622156,1779532622156,1779532622180,1779532622213,33,0,6,27,33,66,13.7603
1597,1978,1779532622180,1779532622180,1779532622179,1779532622197,1779532622197,1779532622213,1779532622246,33,0,18,15,33,66,13.1864
1598,1980,1779532622245,1779532622245,1779532622245,1779532622255,1779532622255,1779532622278,1779532622311,33,0,10,23,33,66,12.8008
1599,1981,1779532622277,1779532622277,1779532622277,1779532622288,1779532622288,1779532622311,1779532622343,34,0,11,23,32,66,12.1953
1600,1982,1779532622310,1779532622310,1779532622310,1779532622328,1779532622328,1779532622343,1779532622376,33,0,18,15,33,66,11.7244
1601,1984,1779532622375,1779532622375,1779532622380,1779532622385,1779532622386,1779532622408,1779532622484,33,1,5,27,76,109,14.2295
1603,1985,1779532622408,1779532622408,1779532622408,1779532622418,1779532622459,1779532622484,1779532622488,76,41,10,25,4,80,17.9886
1605,1988,1779532622522,1779532622522,1779532622522,1779532622523,1779532622556,1779532622563,1779532622594,41,33,1,7,31,72,17.5343
1606,1990,1779532622594,1779532622594,1779532622594,1779532622596,1779532622596,1779532622626,1779532622660,32,0,2,30,34,66,17.9940
1607,1991,1779532622626,1779532622626,1779532622626,1779532622656,1779532622657,1779532622660,1779532622692,34,1,30,3,32,66,18.3914
1608,1992,1779532622659,1779532622659,1779532622660,1779532622689,1779532622690,1779532622725,1779532622757,66,1,29,36,32,98,18.9943
1609,1994,1779532622724,1779532622724,1779532622724,1779532622730,1779532622730,1779532622757,1779532622790,33,0,6,27,33,66,18.0337
1610,1995,1779532622757,1779532622757,1779532622757,1779532622789,1779532622789,1779532622822,1779532622855,65,0,32,33,33,98,17.0544
1611,1996,1779532622789,1779532622790,1779532622789,1779532622822,1779532622822,1779532622855,1779532622888,65,0,33,32,33,98,16.1034
1612,1998,1779532622855,1779532622855,1779532622855,1779532622862,1779532622862,1779532622888,1779532622921,33,0,7,26,33,66,15.6801
1613,2000,1779532622920,1779532622920,1779532622920,1779532622921,1779532622921,1779532622954,1779532623025,34,0,1,33,71,105,17.7521
1615,2001,1779532622953,1779532622953,1779532622953,1779532622955,1779532622997,1779532623025,1779532623029,72,42,2,28,4,76,21.2970
1616,2003,1779532623029,1779532623029,1779532623029,1779532623054,1779532623054,1779532623062,1779532623103,33,0,25,8,41,74,20.8885
1617,2004,1779532623062,1779532623062,1779532623063,1779532623087,1779532623088,1779532623103,1779532623134,41,1,24,16,31,72,19.5883
1618,2005,1779532623102,1779532623103,1779532623102,1779532623127,1779532623128,1779532623134,1779532623166,31,1,25,5,32,63,18.9448
1619,2007,1779532623166,1779532623166,1779532623166,1779532623185,1779532623185,1779532623199,1779532623232,33,0,19,14,33,66,18.2759
1620,2008,1779532623199,1779532623199,1779532623199,1779532623222,1779532623222,1779532623232,1779532623264,33,0,23,10,32,65,17.3589
1621,2009,1779532623232,1779532623232,1779532623231,1779532623261,1779532623262,1779532623297,1779532623329,65,1,30,34,32,97,17.7239
1622,2011,1779532623296,1779532623296,1779532623296,1779532623320,1779532623320,1779532623329,1779532623363,33,0,24,9,34,67,18.0800
1623,2012,1779532623329,1779532623329,1779532623329,1779532623353,1779532623354,1779532623363,1779532623395,34,1,24,9,32,66,16.9562
1624,2013,1779532623363,1779532623363,1779532623362,1779532623393,1779532623393,1779532623427,1779532623461,64,0,31,33,34,98,17.3719
1625,2015,1779532623427,1779532623427,1779532623427,1779532623451,1779532623452,1779532623461,1779532623533,34,1,24,9,72,106,17.2255
1627,2016,1779532623460,1779532623460,1779532623460,1779532623485,1779532623527,1779532623533,1779532623578,73,42,25,6,45,118,17.9569
1628,2019,1779532623581,1779532623581,1779532623581,1779532623584,1779532623584,1779532623615,1779532623648,34,0,3,31,33,67,17.6169
1629,2020,1779532623615,1779532623615,1779532623615,1779532623617,1779532623617,1779532623648,1779532623681,33,0,2,31,33,66,16.5699
1630,2021,1779532623648,1779532623648,1779532623648,1779532623657,1779532623657,1779532623681,1779532623714,33,0,9,24,33,66,16.1065
1631,2023,1779532623714,1779532623714,1779532623713,1779532623716,1779532623716,1779532623746,1779532623779,32,0,3,29,33,65,15.4829
1632,2024,1779532623746,1779532623746,1779532623746,1779532623749,1779532623749,1779532623779,1779532623812,33,0,3,30,33,66,14.6142
1633,2025,1779532623779,1779532623779,1779532623779,1779532623791,1779532623791,1779532623812,1779532623844,33,0,12,21,32,65,14.2797
1634,2027,1779532623844,1779532623844,1779532623844,1779532623850,1779532623851,1779532623877,1779532623910,33,1,6,26,33,66,13.8488
1635,2028,1779532623877,1779532623877,1779532623877,1779532623884,1779532623885,1779532623910,1779532623942,33,1,7,25,32,65,13.1870
1636,2029,1779532623910,1779532623910,1779532623909,1779532623924,1779532623925,1779532623942,1779532623975,32,1,15,16,33,65,12.9282
1638,2031,1779532623975,1779532623975,1779532623975,1779532623982,1779532624016,1779532624047,1779532624051,72,34,7,31,4,76,13.3578
1639,2033,1779532624050,1779532624050,1779532624050,1779532624056,1779532624056,1779532624083,1779532624123,33,0,6,27,40,73,15.0675
1640,2034,1779532624083,1779532624083,1779532624083,1779532624114,1779532624114,1779532624123,1779532624154,40,0,31,9,31,71,16.1227
1641,2035,1779532624123,1779532624123,1779532624123,1779532624147,1779532624147,1779532624154,1779532624187,31,0,24,7,33,64,15.2808
1642,2037,1779532624187,1779532624187,1779532624186,1779532624187,1779532624187,1779532624220,1779532624253,33,0,1,32,33,66,15.7547
1643,2038,1779532624219,1779532624219,1779532624219,1779532624245,1779532624245,1779532624253,1779532624285,34,0,26,8,32,66,16.3099
1644,2039,1779532624253,1779532624253,1779532624252,1779532624278,1779532624278,1779532624285,1779532624318,32,0,26,6,33,65,15.3507
1645,2041,1779532624318,1779532624318,1779532624318,1779532624319,1779532624320,1779532624350,1779532624384,32,1,1,30,34,66,15.9488
1646,2042,1779532624350,1779532624350,1779532624350,1779532624378,1779532624378,1779532624384,1779532624417,34,0,28,6,33,67,16.4854
1647,2043,1779532624384,1779532624384,1779532624384,1779532624411,1779532624412,1779532624417,1779532624449,33,1,27,5,32,65,15.6139
1648,2045,1779532624449,1779532624449,1779532624449,1779532624451,1779532624452,1779532624482,1779532624554,33,1,2,30,72,105,18.5115
1650,2046,1779532624482,1779532624482,1779532624481,1779532624510,1779532624544,1779532624554,1779532624557,72,34,29,9,3,75,22.6383
1651,2048,1779532624557,1779532624557,1779532624557,1779532624584,1779532624584,1779532624593,1779532624635,36,0,27,9,42,78,23.4426
1653,2050,1779532624635,1779532624635,1779532624634,1779532624641,1779532624675,1779532624710,1779532624716,75,34,7,34,6,81,22.6567
1654,2051,1779532624710,1779532624710,1779532624710,1779532624715,1779532624716,1779532624755,1779532624791,45,1,5,39,36,81,23.5460
1655,2053,1779532624755,1779532624755,1779532624755,1779532624775,1779532624775,1779532624791,1779532624827,36,0,20,16,36,72,23.6752
1656,2054,1779532624791,1779532624791,1779532624791,1779532624808,1779532624808,1779532624827,1779532624860,36,0,17,19,33,69,22.2332
1657,2055,1779532624827,1779532624827,1779532624827,1779532624849,1779532624849,1779532624860,1779532624893,33,0,22,11,33,66,21.4712
1658,2057,1779532624893,1779532624893,1779532624892,1779532624908,1779532624908,1779532624925,1779532624958,32,0,16,16,33,65,20.6453
1659,2058,1779532624925,1779532624925,1779532624925,1779532624943,1779532624943,1779532624958,1779532624992,33,0,18,15,34,67,19.5852
1660,2059,1779532624958,1779532624958,1779532624958,1779532624982,1779532624982,1779532624992,1779532625025,34,0,24,10,33,67,18.5272
1661,2061,1779532625025,1779532625025,1779532625024,1779532625040,1779532625040,1779532625066,1779532625136,41,0,16,25,70,111,20.6826
1663,2062,1779532625065,1779532625065,1779532625065,1779532625074,1779532625114,1779532625136,1779532625139,71,40,9,22,3,74,23.7440
1664,2065,1779532625171,1779532625171,1779532625171,1779532625171,1779532625171,1779532625205,1779532625237,34,0,0,34,32,66,24.6188
1666,2067,1779532625237,1779532625237,1779532625236,1779532625244,1779532625245,1779532625270,1779532625304,33,1,8,24,34,67,22.2309
1667,2068,1779532625270,1779532625270,1779532625270,1779532625302,1779532625302,1779532625336,1779532625368,66,0,32,34,32,98,21.3336
1668,2070,1779532625335,1779532625335,1779532625335,1779532625337,1779532625337,1779532625368,1779532625401,33,0,2,31,33,66,20.0665
1669,2071,1779532625368,1779532625368,1779532625368,1779532625376,1779532625377,1779532625401,1779532625434,33,1,8,24,33,66,19.3827
1670,2073,1779532625434,1779532625434,1779532625434,1779532625434,1779532625435,1779532625466,1779532625500,32,1,0,31,34,66,18.5724
1671,2074,1779532625466,1779532625466,1779532625466,1779532625467,1779532625467,1779532625500,1779532625533,34,0,1,33,33,67,17.5579
1672,2075,1779532625499,1779532625499,1779532625499,1779532625507,1779532625507,1779532625533,1779532625574,34,0,8,26,41,75,16.5641
1673,2076,1779532625533,1779532625533,1779532625533,1779532625565,1779532625565,1779532625574,1779532625605,41,0,32,9,31,72,17.1374
1674,2077,1779532625573,1779532625573,1779532625573,1779532625598,1779532625599,1779532625604,1779532625645,31,1,25,5,41,72,16.5784
1675,2078,1779532625604,1779532625604,1779532625604,1779532625638,1779532625638,1779532625645,1779532625676,41,0,34,7,31,72,16.1621
1676,2080,1779532625676,1779532625676,1779532625675,1779532625696,1779532625696,1779532625708,1779532625778,32,0,21,11,70,102,17.9426
1678,2081,1779532625708,1779532625708,1779532625708,1779532625729,1779532625769,1779532625778,1779532625782,70,40,21,9,4,74,21.0530
1679,2084,1779532625815,1779532625815,1779532625814,1779532625828,1779532625828,1779532625848,1779532625882,33,0,14,19,34,67,22.2996
1680,2085,1779532625848,1779532625848,1779532625848,1779532625862,1779532625862,1779532625882,1779532625914,34,0,14,20,32,66,20.9483
1681,2086,1779532625882,1779532625882,1779532625881,1779532625902,1779532625902,1779532625914,1779532625947,32,0,21,11,33,65,20.2296
1682,2088,1779532625947,1779532625947,1779532625946,1779532625959,1779532625959,1779532625980,1779532626013,33,0,13,20,33,66,19.4065
1683,2089,1779532625980,1779532625980,1779532625979,1779532625992,1779532625992,1779532626013,1779532626046,33,0,13,20,33,66,18.2549
1684,2090,1779532626013,1779532626013,1779532626013,1779532626032,1779532626032,1779532626046,1779532626086,33,0,19,14,40,73,17.1472
1686,2092,1779532626086,1779532626086,1779532626086,1779532626090,1779532626126,1779532626157,1779532626161,71,36,4,31,4,75,17.3508
1687,2094,1779532626161,1779532626161,1779532626161,1779532626165,1779532626165,1779532626194,1779532626226,33,0,4,29,32,65,18.0166
1688,2095,1779532626193,1779532626194,1779532626193,1779532626222,1779532626223,1779532626259,1779532626292,65,1,29,35,33,98,17.3638
1689,2096,1779532626226,1779532626226,1779532626225,1779532626257,1779532626257,1779532626292,1779532626324,66,0,32,34,32,98,16.5606
1690,2098,1779532626291,1779532626291,1779532626291,1779532626298,1779532626298,1779532626324,1779532626357,33,0,7,26,33,66,15.8071
1691,2100,1779532626356,1779532626356,1779532626356,1779532626357,1779532626357,1779532626389,1779532626422,33,0,1,32,33,66,15.3257
1692,2101,1779532626389,1779532626389,1779532626388,1779532626394,1779532626394,1779532626422,1779532626455,33,0,6,27,33,66,14.9213
1693,2102,1779532626422,1779532626422,1779532626421,1779532626435,1779532626435,1779532626455,1779532626487,33,0,14,19,32,65,14.5187
1694,2104,1779532626487,1779532626487,1779532626487,1779532626492,1779532626492,1779532626520,1779532626554,33,0,5,28,34,67,14.2177
1695,2105,1779532626520,1779532626520,1779532626520,1779532626525,1779532626526,1779532626554,1779532626595,34,1,5,28,41,75,13.9554
1696,2106,1779532626554,1779532626554,1779532626554,1779532626566,1779532626566,1779532626595,1779532626626,41,0,12,29,31,72,13.7105
1697,2107,1779532626595,1779532626595,1779532626594,1779532626624,1779532626624,1779532626626,1779532626668,31,0,30,1,42,73,13.7935
1698,2108,1779532626626,1779532626626,1779532626626,1779532626657,1779532626657,1779532626667,1779532626698,41,0,31,10,31,72,13.2196
1699,2109,1779532626667,1779532626667,1779532626666,1779532626697,1779532626698,1779532626731,1779532626764,64,1,31,32,33,97,13.9024
1700,2111,1779532626730,1779532626730,1779532626730,1779532626757,1779532626757,1779532626764,1779532626796,34,0,27,7,32,66,14.6291
1701,2112,1779532626763,1779532626763,1779532626763,1779532626790,1779532626791,1779532626796,1779532626865,33,1,27,5,69,102,16.0695
1702,2113,1779532626796,1779532626796,1779532626796,1779532626831,1779532626831,1779532626865,1779532626868,69,0,35,34,3,72,17.4810
1703,2115,1779532626868,1779532626868,1779532626868,1779532626889,1779532626889,1779532626901,1779532626935,33,0,21,12,34,67,17.0023
1704,2116,1779532626901,1779532626901,1779532626901,1779532626922,1779532626922,1779532626935,1779532626968,34,0,21,13,33,67,16.2052
1705,2117,1779532626935,1779532626935,1779532626934,1779532626962,1779532626962,1779532626968,1779532627000,33,0,28,5,32,65,15.5204
1706,2119,1779532627000,1779532627000,1779532627000,1779532627020,1779532627020,1779532627034,1779532627067,34,0,20,14,33,67,15.1216
1707,2120,1779532627033,1779532627034,1779532627033,1779532627053,1779532627053,1779532627066,1779532627108,32,0,20,12,42,74,14.5323
1708,2121,1779532627066,1779532627066,1779532627066,1779532627093,1779532627094,1779532627108,1779532627139,42,1,27,14,31,73,13.9410
1709,2123,1779532627139,1779532627139,1779532627140,1779532627152,1779532627152,1779532627179,1779532627211,40,0,12,28,32,72,13.6701
1710,2124,1779532627179,1779532627179,1779532627179,1779532627185,1779532627185,1779532627211,1779532627244,32,0,6,26,33,65,12.8818
1711,2125,1779532627211,1779532627211,1779532627210,1779532627225,1779532627225,1779532627244,1779532627276,33,0,15,18,32,65,12.6285
1712,2127,1779532627276,1779532627276,1779532627275,1779532627283,1779532627283,1779532627308,1779532627342,32,0,8,24,34,66,12.3930
1713,2128,1779532627308,1779532627308,1779532627308,1779532627316,1779532627316,1779532627342,1779532627374,34,0,8,26,32,66,11.7190
1714,2129,1779532627342,1779532627342,1779532627341,1779532627356,1779532627356,1779532627374,1779532627406,32,0,15,17,32,64,11.6190
1715,2131,1779532627406,1779532627406,1779532627406,1779532627415,1779532627415,1779532627439,1779532627472,33,0,9,24,33,66,11.2631
1716,2132,1779532627439,1779532627439,1779532627439,1779532627447,1779532627447,1779532627472,1779532627504,33,0,8,25,32,65,10.5611
1717,2133,1779532627472,1779532627472,1779532627472,1779532627488,1779532627488,1779532627504,1779532627537,32,0,16,16,33,65,10.4732
1718,2135,1779532627537,1779532627537,1779532627537,1779532627546,1779532627546,1779532627570,1779532627611,33,0,9,24,41,74,10.8534
1719,2136,1779532627570,1779532627570,1779532627570,1779532627583,1779532627583,1779532627611,1779532627642,41,0,13,28,31,72,10.4489
1720,2137,1779532627610,1779532627611,1779532627610,1779532627623,1779532627623,1779532627642,1779532627683,31,0,13,18,41,72,10.0328
1721,2138,1779532627642,1779532627642,1779532627642,1779532627681,1779532627681,1779532627714,1779532627747,72,0,39,33,33,105,9.4418
1722,2140,1779532627714,1779532627714,1779532627714,1779532627714,1779532627714,1779532627747,1779532627779,33,0,0,33,32,65,8.8862
1723,2141,1779532627746,1779532627746,1779532627746,1779532627754,1779532627754,1779532627779,1779532627812,33,0,8,25,33,66,8.5244
1724,2143,1779532627812,1779532627812,1779532627812,1779532627814,1779532627814,1779532627845,1779532627914,33,0,2,31,69,102,10.4387
1726,2144,1779532627845,1779532627845,1779532627844,1779532627847,1779532627887,1779532627914,1779532627917,69,40,3,26,3,72,14.1492
1727,2146,1779532627917,1779532627917,1779532627917,1779532627945,1779532627945,1779532627951,1779532627985,34,0,28,6,34,68,13.8965
1728,2147,1779532627951,1779532627951,1779532627951,1779532627978,1779532627978,1779532627985,1779532628017,34,0,27,7,32,66,13.0639
1729,2149,1779532628017,1779532628017,1779532628017,1779532628018,1779532628019,1779532628050,1779532628123,33,1,1,31,73,106,16.1638
1731,2150,1779532628050,1779532628050,1779532628050,1779532628076,1779532628113,1779532628123,1779532628127,73,37,26,10,4,77,20.7261
1732,2152,1779532628126,1779532628126,1779532628126,1779532628153,1779532628154,1779532628201,1779532628232,75,1,27,47,31,106,23.3509
1733,2154,1779532628201,1779532628201,1779532628202,1779532628211,1779532628211,1779532628232,1779532628265,31,0,9,22,33,64,23.2452
1734,2155,1779532628232,1779532628232,1779532628232,1779532628244,1779532628244,1779532628265,1779532628298,33,0,12,21,33,66,22.0071
1735,2156,1779532628265,1779532628265,1779532628264,1779532628284,1779532628284,1779532628297,1779532628330,32,0,20,12,33,65,20.8795
1736,2158,1779532628330,1779532628330,1779532628330,1779532628342,1779532628342,1779532628363,1779532628396,33,0,12,21,33,66,20.0883
1737,2159,1779532628363,1779532628363,1779532628362,1779532628375,1779532628375,1779532628396,1779532628428,33,0,13,20,32,65,19.1093
1738,2160,1779532628395,1779532628395,1779532628395,1779532628415,1779532628415,1779532628428,1779532628461,33,0,20,13,33,66,18.1166
1739,2162,1779532628461,1779532628461,1779532628460,1779532628473,1779532628473,1779532628494,1779532628526,33,0,13,20,32,65,17.1324
1740,2163,1779532628493,1779532628493,1779532628493,1779532628507,1779532628507,1779532628526,1779532628559,33,0,14,19,33,66,16.2391
1741,2164,1779532628526,1779532628526,1779532628526,1779532628547,1779532628547,1779532628559,1779532628594,33,0,21,12,35,68,15.7631
1742,2166,1779532628593,1779532628593,1779532628593,1779532628605,1779532628606,1779532628626,1779532628667,33,1,12,20,41,74,15.6681
1743,2167,1779532628626,1779532628626,1779532628626,1779532628639,1779532628639,1779532628667,1779532628736,41,0,13,28,69,110,17.0916
1744,2168,1779532628667,1779532628667,1779532628666,1779532628679,1779532628679,1779532628736,1779532628740,69,0,13,56,4,73,18.4319
1746,2170,1779532628739,1779532628739,1779532628739,1779532628769,1779532628769,1779532628772,1779532628805,33,0,30,3,33,66,18.6484
1747,2172,1779532628805,1779532628805,1779532628804,1779532628809,1779532628810,1779532628837,1779532628876,32,1,5,26,39,71,19.3327
1748,2173,1779532628837,1779532628837,1779532628837,1779532628868,1779532628868,1779532628903,1779532628936,66,0,31,35,33,99,18.2660
1749,2174,1779532628876,1779532628876,1779532628876,1779532628901,1779532628901,1779532628936,1779532629004,60,0,25,35,68,128,19.0964
1750,2176,1779532628935,1779532628935,1779532628935,1779532628942,1779532628942,1779532629004,1779532629007,69,0,7,62,3,72,20.2658
1752,2178,1779532629007,1779532629007,1779532629007,1779532629033,1779532629033,1779532629041,1779532629075,34,0,26,8,34,68,19.2762
1753,2179,1779532629041,1779532629041,1779532629041,1779532629073,1779532629073,1779532629109,1779532629149,68,0,32,36,40,108,20.0917
1754,2181,1779532629109,1779532629109,1779532629108,1779532629131,1779532629132,1779532629149,1779532629180,40,1,23,16,31,71,20.5208
1755,2182,1779532629149,1779532629149,1779532629148,1779532629164,1779532629164,1779532629180,1779532629214,31,0,16,15,34,65,19.3365
1756,2183,1779532629180,1779532629180,1779532629179,1779532629206,1779532629206,1779532629214,1779532629254,34,0,27,7,40,74,18.1806
1757,2185,1779532629254,1779532629254,1779532629253,1779532629264,1779532629264,1779532629285,1779532629318,31,0,11,20,33,64,17.3512
1758,2186,1779532629285,1779532629285,1779532629284,1779532629297,1779532629297,1779532629318,1779532629351,33,0,13,20,33,66,16.3221
1759,2187,1779532629317,1779532629317,1779532629317,1779532629337,1779532629337,1779532629350,1779532629384,33,0,20,13,34,67,15.8029
1760,2189,1779532629383,1779532629383,1779532629383,1779532629394,1779532629394,1779532629416,1779532629449,33,0,11,22,33,66,15.3373
1761,2190,1779532629416,1779532629416,1779532629415,1779532629429,1779532629430,1779532629449,1779532629481,33,1,14,18,32,65,14.6674
1762,2191,1779532629449,1779532629449,1779532629448,1779532629470,1779532629470,1779532629481,1779532629515,32,0,22,10,34,66,14.0327
1763,2193,1779532629515,1779532629515,1779532629514,1779532629529,1779532629529,1779532629547,1779532629579,32,0,15,17,32,64,13.3333
1764,2194,1779532629547,1779532629547,1779532629547,1779532629563,1779532629563,1779532629579,1779532629613,32,0,16,16,34,66,12.5709
1765,2195,1779532629579,1779532629579,1779532629579,1779532629603,1779532629604,1779532629613,1779532629685,34,1,24,9,72,106,13.7510
1766,2196,1779532629613,1779532629613,1779532629612,1779532629663,1779532629663,1779532629685,1779532629688,72,0,51,21,3,75,16.3030
1767,2198,1779532629688,1779532629688,1779532629688,1779532629696,1779532629696,1779532629721,1779532629761,33,0,8,25,40,73,17.8355
1768,2199,1779532629721,1779532629721,1779532629720,1779532629737,1779532629737,1779532629761,1779532629793,40,0,17,23,32,72,17.3713
1769,2201,1779532629793,1779532629793,1779532629792,1779532629799,1779532629800,1779532629825,1779532629858,32,1,7,24,33,65,16.3605
1770,2202,1779532629825,1779532629825,1779532629825,1779532629833,1779532629834,1779532629858,1779532629891,33,1,8,24,33,66,15.5315
1771,2203,1779532629858,1779532629858,1779532629858,1779532629875,1779532629875,1779532629891,1779532629924,33,0,17,16,33,66,14.8777
1772,2205,1779532629924,1779532629924,1779532629923,1779532629933,1779532629934,1779532629956,1779532629989,32,1,10,21,33,65,14.1226
1773,2206,1779532629956,1779532629956,1779532629956,1779532629967,1779532629967,1779532629989,1779532630022,33,0,11,22,33,66,13.2943
1774,2207,1779532629989,1779532629989,1779532629988,1779532630008,1779532630008,1779532630022,1779532630090,33,0,20,13,68,101,14.1652
1775,2208,1779532630021,1779532630022,1779532630021,1779532630065,1779532630066,1779532630090,1779532630093,68,1,44,23,3,71,16.7622
1777,2210,1779532630093,1779532630093,1779532630092,1779532630099,1779532630139,1779532630165,1779532630169,72,40,7,25,4,76,15.8753
1778,2212,1779532630169,1779532630169,1779532630168,1779532630197,1779532630198,1779532630202,1779532630242,33,1,29,3,40,73,16.0327
1779,2213,1779532630202,1779532630202,1779532630202,1779532630231,1779532630231,1779532630242,1779532630274,40,0,29,11,32,72,15.3115
1780,2214,1779532630242,1779532630242,1779532630242,1779532630272,1779532630272,1779532630306,1779532630339,64,0,30,34,33,97,15.7927
1781,2216,1779532630306,1779532630306,1779532630305,1779532630330,1779532630330,1779532630339,1779532630371,33,0,25,8,32,65,16.3913
1782,2217,1779532630338,1779532630339,1779532630338,1779532630363,1779532630363,1779532630371,1779532630404,32,0,25,7,33,65,15.4066
1783,2218,1779532630371,1779532630371,1779532630371,1779532630403,1779532630403,1779532630436,1779532630470,65,0,32,33,34,99,15.9466
1784,2220,1779532630436,1779532630436,1779532630436,1779532630461,1779532630461,1779532630470,1779532630503,34,0,25,9,33,67,16.3009
1785,2221,1779532630470,1779532630470,1779532630469,1779532630495,1779532630495,1779532630502,1779532630535,32,0,26,6,33,65,15.6121
1786,2223,1779532630535,1779532630535,1779532630535,1779532630535,1779532630535,1779532630568,1779532630600,33,0,0,33,32,65,16.3954
1787,2224,1779532630568,1779532630568,1779532630567,1779532630593,1779532630593,1779532630600,1779532630634,32,0,26,6,34,66,16.9131
1788,2225,1779532630600,1779532630600,1779532630600,1779532630627,1779532630628,1779532630634,1779532630667,34,1,27,6,33,67,16.0383
1789,2227,1779532630666,1779532630666,1779532630666,1779532630667,1779532630667,1779532630708,1779532630777,42,0,1,41,69,111,19.5806
1791,2228,1779532630707,1779532630707,1779532630707,1779532630725,1779532630759,1779532630777,1779532630780,70,34,18,18,3,73,23.7846
1792,2230,1779532630780,1779532630780,1779532630780,1779532630800,1779532630800,1779532630813,1779532630845,33,0,20,13,32,65,23.6680
1793,2232,1779532630845,1779532630845,1779532630845,1779532630858,1779532630858,1779532630879,1779532630911,34,0,13,21,32,66,22.7102
1794,2233,1779532630878,1779532630878,1779532630878,1779532630891,1779532630892,1779532630911,1779532630944,33,1,13,19,33,66,21.5276
1795,2234,1779532630911,1779532630911,1779532630910,1779532630932,1779532630932,1779532630944,1779532630976,33,0,22,11,32,65,20.4296
1796,2236,1779532630976,1779532630976,1779532630976,1779532630990,1779532630990,1779532631009,1779532631041,33,0,14,19,32,65,19.3589
1797,2237,1779532631009,1779532631009,1779532631010,1779532631023,1779532631024,1779532631041,1779532631074,32,1,13,18,33,65,18.2589
1798,2238,1779532631041,1779532631041,1779532631041,1779532631065,1779532631065,1779532631074,1779532631107,33,0,24,9,33,66,17.7711
1799,2240,1779532631106,1779532631106,1779532631106,1779532631123,1779532631124,1779532631139,1779532631217,33,1,17,15,78,111,19.9823
1801,2241,1779532631139,1779532631139,1779532631139,1779532631158,1779532631200,1779532631217,1779532631220,78,42,19,17,3,81,23.3270
1802,2244,1779532631255,1779532631255,1779532631254,1779532631257,1779532631257,1779532631294,1779532631326,39,0,3,36,32,71,25.0138
1804,2246,1779532631325,1779532631325,1779532631325,1779532631331,1779532631331,1779532631359,1779532631392,34,0,6,28,33,67,22.7849
1805,2247,1779532631359,1779532631359,1779532631358,1779532631390,1779532631390,1779532631424,1779532631457,65,0,32,33,33,98,21.8859
1806,2248,1779532631391,1779532631391,1779532631391,1779532631423,1779532631423,1779532631457,1779532631490,66,0,32,34,33,99,20.6176
1807,2250,1779532631457,1779532631457,1779532631456,1779532631464,1779532631464,1779532631490,1779532631522,33,0,8,25,32,65,19.9075
1808,2252,1779532631522,1779532631522,1779532631522,1779532631523,1779532631523,1779532631555,1779532631588,33,0,1,32,33,66,19.1802
1809,2253,1779532631555,1779532631555,1779532631555,1779532631556,1779532631556,1779532631588,1779532631620,33,0,1,32,32,65,18.2614
1810,2254,1779532631587,1779532631587,1779532631587,1779532631596,1779532631596,1779532631620,1779532631653,33,0,9,24,33,66,17.3461
1811,2256,1779532631653,1779532631653,1779532631653,1779532631655,1779532631655,1779532631686,1779532631727,33,0,2,31,41,74,16.9033
1812,2257,1779532631686,1779532631686,1779532631686,1779532631690,1779532631690,1779532631727,1779532631758,41,0,4,37,31,72,15.8631
1813,2258,1779532631727,1779532631727,1779532631726,1779532631729,1779532631729,1779532631758,1779532631798,31,0,3,28,40,71,14.9828
1814,2259,1779532631758,1779532631758,1779532631758,1779532631787,1779532631788,1779532631798,1779532631829,40,1,29,10,31,71,15.6706
1815,2260,1779532631798,1779532631798,1779532631798,1779532631821,1779532631821,1779532631829,1779532631862,31,0,23,8,33,64,14.8137
1816,2261,1779532631829,1779532631829,1779532631829,1779532631861,1779532631861,1779532631895,1779532631927,66,0,32,34,32,98,15.1304
1817,2263,1779532631894,1779532631894,1779532631894,1779532631919,1779532631919,1779532631927,1779532631960,33,0,25,8,33,66,15.6974
1818,2264,1779532631927,1779532631927,1779532631926,1779532631953,1779532631954,1779532631960,1779532631993,33,1,27,5,33,66,14.8427
1819,2266,1779532631993,1779532631993,1779532631992,1779532631998,1779532631999,1779532632025,1779532632058,32,1,6,25,33,65,14.9633
1820,2267,1779532632025,1779532632025,1779532632025,1779532632056,1779532632056,1779532632091,1779532632123,66,0,31,35,32,98,14.5124
1821,2269,1779532632090,1779532632090,1779532632090,1779532632092,1779532632093,1779532632123,1779532632156,33,1,2,30,33,66,13.8774
1822,2270,1779532632123,1779532632123,1779532632123,1779532632133,1779532632133,1779532632156,1779532632189,33,0,10,23,33,66,13.2346
1823,2272,1779532632189,1779532632189,1779532632189,1779532632192,1779532632192,1779532632230,1779532632306,41,0,3,38,76,117,16.0579
1825,2273,1779532632230,1779532632230,1779532632230,1779532632269,1779532632269,1779532632306,1779532632310,76,0,39,37,4,80,19.6758
1826,2275,1779532632310,1779532632310,1779532632309,1779532632328,1779532632328,1779532632344,1779532632376,34,0,19,15,32,66,18.7257
1827,2276,1779532632343,1779532632343,1779532632343,1779532632362,1779532632363,1779532632376,1779532632410,33,1,19,13,34,67,17.6264
1828,2277,1779532632376,1779532632376,1779532632376,1779532632403,1779532632403,1779532632410,1779532632443,34,0,27,7,33,67,17.0214
1829,2279,1779532632442,1779532632442,1779532632443,1779532632460,1779532632461,1779532632475,1779532632508,33,1,17,15,33,66,16.3404
1830,2280,1779532632475,1779532632475,1779532632474,1779532632494,1779532632494,1779532632508,1779532632540,33,0,20,13,32,65,15.4033
1831,2281,1779532632508,1779532632508,1779532632507,1779532632534,1779532632534,1779532632540,1779532632573,32,0,27,5,33,65,14.9828
1832,2283,1779532632573,1779532632573,1779532632573,1779532632592,1779532632592,1779532632606,1779532632638,33,0,19,14,32,65,14.4095
1833,2284,1779532632605,1779532632605,1779532632605,1779532632626,1779532632626,1779532632638,1779532632671,33,0,21,12,33,66,13.6933
1834,2285,1779532632638,1779532632638,1779532632638,1779532632667,1779532632667,1779532632671,1779532632705,33,0,29,4,34,67,13.2772
1835,2287,1779532632705,1779532632705,1779532632705,1779532632726,1779532632726,1779532632746,1779532632778,41,0,21,20,32,73,13.1088
1836,2288,1779532632746,1779532632746,1779532632746,1779532632774,1779532632774,1779532632810,1779532632843,64,0,28,36,33,97,13.2995
1837,2290,1779532632810,1779532632810,1779532632809,1779532632815,1779532632815,1779532632843,1779532632876,33,0,6,27,33,66,13.0387
1838,2291,1779532632843,1779532632843,1779532632842,1779532632874,1779532632874,1779532632908,1779532632941,65,0,32,33,33,98,12.7451
1839,2292,1779532632876,1779532632876,1779532632875,1779532632908,1779532632908,1779532632941,1779532632974,65,0,33,32,33,98,12.0715
1840,2294,1779532632941,1779532632941,1779532632941,1779532632948,1779532632948,1779532632974,1779532633007,33,0,7,26,33,66,11.9014
1841,2296,1779532633006,1779532633007,1779532633007,1779532633007,1779532633007,1779532633040,1779532633072,33,0,0,33,32,65,11.6375
1842,2297,1779532633039,1779532633040,1779532633039,1779532633042,1779532633042,1779532633072,1779532633105,32,0,3,29,33,65,11.2201
1843,2298,1779532633072,1779532633072,1779532633072,1779532633081,1779532633081,1779532633105,1779532633138,33,0,9,24,33,66,10.7587
1844,2300,1779532633137,1779532633137,1779532633138,1779532633140,1779532633141,1779532633172,1779532633204,35,1,2,32,32,67,10.3226
1845,2301,1779532633171,1779532633171,1779532633171,1779532633173,1779532633173,1779532633204,1779532633245,33,0,2,31,41,74,10.3022
1846,2302,1779532633204,1779532633204,1779532633204,1779532633214,1779532633214,1779532633245,1779532633277,41,0,10,31,32,73,10.2764
1847,2303,1779532633245,1779532633245,1779532633245,1779532633274,1779532633274,1779532633276,1779532633316,31,0,29,2,40,71,10.7697
1848,2304,1779532633276,1779532633276,1779532633276,1779532633307,1779532633307,1779532633316,1779532633384,40,0,31,9,68,108,12.0990
1849,2305,1779532633316,1779532633316,1779532633316,1779532633347,1779532633347,1779532633384,1779532633388,68,0,31,37,4,72,13.4571
1850,2307,1779532633387,1779532633387,1779532633387,1779532633405,1779532633405,1779532633421,1779532633455,34,0,18,16,34,68,13.2459
1851,2308,1779532633421,1779532633421,1779532633421,1779532633439,1779532633440,1779532633455,1779532633488,34,1,18,15,33,67,12.6305
1852,2309,1779532633454,1779532633454,1779532633454,1779532633479,1779532633479,1779532633488,1779532633520,34,0,25,9,32,66,12.4512
1853,2311,1779532633520,1779532633520,1779532633520,1779532633537,1779532633537,1779532633553,1779532633586,33,0,17,16,33,66,12.3277
1854,2312,1779532633553,1779532633553,1779532633553,1779532633571,1779532633571,1779532633586,1779532633619,33,0,18,15,33,66,11.5859
1855,2313,1779532633586,1779532633586,1779532633585,1779532633612,1779532633613,1779532633619,1779532633651,33,1,27,5,32,65,11.4615
1856,2315,1779532633651,1779532633651,1779532633650,1779532633673,1779532633673,1779532633685,1779532633718,34,0,23,11,33,67,10.9926
1857,2316,1779532633684,1779532633685,1779532633684,1779532633709,1779532633709,1779532633718,1779532633760,33,0,25,8,42,75,10.6025
1858,2317,1779532633718,1779532633718,1779532633717,1779532633749,1779532633750,1779532633759,1779532633791,41,1,32,8,32,73,10.2547
1859,2319,1779532633790,1779532633790,1779532633790,1779532633808,1779532633808,1779532633831,1779532633863,41,0,18,23,32,73,10.5076
1860,2320,1779532633831,1779532633831,1779532633831,1779532633842,1779532633842,1779532633863,1779532633895,32,0,11,21,32,64,10.0860
1861,2321,1779532633863,1779532633863,1779532633862,1779532633882,1779532633882,1779532633895,1779532633928,32,0,20,12,33,65,10.0354
1862,2323,1779532633928,1779532633928,1779532633927,1779532633941,1779532633941,1779532633960,1779532633994,32,0,14,18,34,66,9.9508
1863,2324,1779532633960,1779532633960,1779532633961,1779532633974,1779532633975,1779532633994,1779532634026,34,1,13,20,32,66,9.5494
1864,2325,1779532633993,1779532633993,1779532633993,1779532634015,1779532634015,1779532634026,1779532634059,33,0,22,11,33,66,9.1596
1865,2327,1779532634058,1779532634058,1779532634059,1779532634075,1779532634075,1779532634091,1779532634125,33,0,16,17,34,67,8.7853
1866,2328,1779532634091,1779532634091,1779532634091,1779532634109,1779532634109,1779532634125,1779532634157,34,0,18,16,32,66,8.3016
1867,2329,1779532634125,1779532634125,1779532634124,1779532634152,1779532634152,1779532634190,1779532634223,65,0,28,37,33,98,8.9759
1868,2331,1779532634190,1779532634190,1779532634189,1779532634210,1779532634210,1779532634223,1779532634267,33,0,21,12,44,77,9.3776
1869,2332,1779532634223,1779532634223,1779532634222,1779532634244,1779532634244,1779532634267,1779532634297,44,0,22,22,30,74,8.9040
1870,2333,1779532634266,1779532634266,1779532634266,1779532634284,1779532634289,1779532634297,1779532634337,31,5,18,8,40,71,8.6810
1871,2335,1779532634337,1779532634337,1779532634337,1779532634342,1779532634342,1779532634369,1779532634401,32,0,5,27,32,64,8.8195
1872,2336,1779532634368,1779532634368,1779532634368,1779532634375,1779532634375,1779532634401,1779532634470,33,0,7,26,69,102,10.6503
1873,2337,1779532634401,1779532634401,1779532634402,1779532634415,1779532634415,1779532634470,1779532634474,69,0,13,56,4,73,12.3086
1875,2339,1779532634474,1779532634474,1779532634474,1779532634505,1779532634505,1779532634507,1779532634541,33,0,31,2,34,67,12.8801
1876,2341,1779532634541,1779532634541,1779532634541,1779532634545,1779532634545,1779532634575,1779532634611,34,0,4,30,36,70,13.6845
1877,2342,1779532634574,1779532634575,1779532634574,1779532634604,1779532634604,1779532634610,1779532634647,35,0,30,5,37,72,14.1828
1878,2343,1779532634610,1779532634610,1779532634610,1779532634637,1779532634637,1779532634647,1779532634685,37,0,27,10,38,75,13.7209
1879,2344,1779532634647,1779532634647,1779532634646,1779532634677,1779532634677,1779532634685,1779532634721,38,0,31,7,36,74,13.2040
1880,2346,1779532634721,1779532634721,1779532634721,1779532634735,1779532634735,1779532634758,1779532634800,37,0,14,23,42,79,13.5834
1881,2347,1779532634758,1779532634758,1779532634758,1779532634768,1779532634769,1779532634800,1779532634834,42,1,10,31,34,76,12.8969
1882,2348,1779532634799,1779532634799,1779532634799,1779532634808,1779532634808,1779532634834,1779532634874,35,0,9,26,40,75,12.2802
1883,2349,1779532634834,1779532634834,1779532634834,1779532634866,1779532634866,1779532634874,1779532634905,40,0,32,8,31,71,13.3784
1884,2350,1779532634874,1779532634874,1779532634874,1779532634900,1779532634900,1779532634905,1779532634938,31,0,26,5,33,64,12.5818
1885,2352,1779532634938,1779532634938,1779532634938,1779532634941,1779532634941,1779532634971,1779532635003,33,0,3,30,32,65,13.2681
1886,2353,1779532634971,1779532634971,1779532634970,1779532634998,1779532634998,1779532635003,1779532635036,32,0,28,4,33,65,14.0415
1887,2354,1779532635003,1779532635003,1779532635003,1779532635032,1779532635032,1779532635036,1779532635068,33,0,29,4,32,65,13.2721
1888,2356,1779532635068,1779532635068,1779532635068,1779532635075,1779532635075,1779532635101,1779532635134,33,0,7,26,33,66,13.9014
1889,2358,1779532635134,1779532635134,1779532635133,1779532635135,1779532635135,1779532635166,1779532635199,32,0,2,30,33,65,13.0402
1890,2359,1779532635166,1779532635166,1779532635166,1779532635169,1779532635169,1779532635199,1779532635232,33,0,3,30,33,66,12.3402
1891,2360,1779532635199,1779532635199,1779532635199,1779532635214,1779532635214,1779532635232,1779532635265,33,0,15,18,33,66,12.4771
1892,2362,1779532635265,1779532635265,1779532635265,1779532635271,1779532635272,1779532635306,1779532635337,41,1,6,34,31,72,12.5204
1893,2363,1779532635305,1779532635305,1779532635306,1779532635306,1779532635306,1779532635336,1779532635377,31,0,0,31,41,72,12.2989
1894,2364,1779532635336,1779532635336,1779532635336,1779532635346,1779532635346,1779532635377,1779532635407,41,0,10,31,30,71,12.2192
1895,2365,1779532635376,1779532635376,1779532635376,1779532635407,1779532635407,1779532635440,1779532635473,64,0,31,33,33,97,11.6939
1896,2367,1779532635440,1779532635440,1779532635440,1779532635441,1779532635441,1779532635473,1779532635542,33,0,1,32,69,102,13.3252
1897,2368,1779532635473,1779532635473,1779532635473,1779532635481,1779532635481,1779532635542,1779532635546,69,0,8,61,4,73,14.8225
1899,2370,1779532635546,1779532635546,1779532635545,1779532635573,1779532635573,1779532635579,1779532635612,33,0,28,5,33,66,14.5916
1900,2372,1779532635612,1779532635612,1779532635612,1779532635613,1779532635613,1779532635645,1779532635678,33,0,1,32,33,66,15.2107
1902,2374,1779532635678,1779532635678,1779532635677,1779532635705,1779532635705,1779532635710,1779532635744,32,0,28,4,34,66,15.7646
1904,2376,1779532635743,1779532635743,1779532635743,1779532635745,1779532635803,1779532635815,1779532635819,72,58,2,12,4,76,16.3419
1905,2378,1779532635818,1779532635818,1779532635818,1779532635838,1779532635838,1779532635851,1779532635892,33,0,20,13,41,74,17.8927
1906,2379,1779532635851,1779532635851,1779532635850,1779532635878,1779532635878,1779532635892,1779532635923,41,0,28,13,31,72,17.3861
1907,2381,1779532635923,1779532635923,1779532635923,1779532635937,1779532635937,1779532635955,1779532635988,32,0,14,18,33,65,16.8093
1908,2382,1779532635955,1779532635955,1779532635956,1779532635970,1779532635970,1779532635988,1779532636021,33,0,14,19,33,66,15.9613
1909,2383,1779532635988,1779532635988,1779532635988,1779532636010,1779532636010,1779532636021,1779532636054,33,0,22,11,33,66,15.1561
1910,2385,1779532636054,1779532636054,1779532636053,1779532636068,1779532636068,1779532636086,1779532636119,32,0,15,17,33,65,14.3301
1911,2386,1779532636086,1779532636086,1779532636086,1779532636103,1779532636103,1779532636119,1779532636152,33,0,17,16,33,66,13.5537
1912,2387,1779532636119,1779532636119,1779532636118,1779532636142,1779532636142,1779532636152,1779532636184,33,0,24,9,32,65,13.3070
1913,2389,1779532636184,1779532636184,1779532636183,1779532636200,1779532636200,1779532636217,1779532636250,33,0,17,16,33,66,13.2097
1914,2390,1779532636217,1779532636217,1779532636216,1779532636234,1779532636234,1779532636250,1779532636322,33,0,18,15,72,105,14.5082
1915,2391,1779532636250,1779532636250,1779532636249,1779532636274,1779532636274,1779532636322,1779532636332,72,0,25,47,10,82,15.4981
1916,2393,1779532636332,1779532636332,1779532636332,1779532636332,1779532636333,1779532636359,1779532636400,27,1,0,26,41,68,15.1521
1917,2394,1779532636359,1779532636359,1779532636358,1779532636366,1779532636366,1779532636400,1779532636431,41,0,8,33,31,72,14.2681
1918,2395,1779532636399,1779532636399,1779532636399,1779532636406,1779532636406,1779532636431,1779532636464,32,0,7,25,33,65,13.8678
1919,2397,1779532636463,1779532636463,1779532636463,1779532636465,1779532636465,1779532636496,1779532636529,33,0,2,31,33,66,13.3899
1920,2398,1779532636496,1779532636496,1779532636496,1779532636499,1779532636499,1779532636529,1779532636597,33,0,3,30,68,101,14.5845
1921,2399,1779532636529,1779532636529,1779532636528,1779532636538,1779532636538,1779532636597,1779532636601,68,0,10,58,4,72,15.7709
1923,2401,1779532636601,1779532636601,1779532636600,1779532636629,1779532636630,1779532636634,1779532636667,33,1,29,3,33,66,15.2306
1924,2403,1779532636667,1779532636667,1779532636667,1779532636670,1779532636670,1779532636700,1779532636734,33,0,3,30,34,67,15.8796
1925,2404,1779532636700,1779532636700,1779532636700,1779532636730,1779532636730,1779532636766,1779532636799,66,0,30,36,33,99,15.0175
1926,2405,1779532636734,1779532636734,1779532636733,1779532636763,1779532636764,1779532636799,1779532636840,65,1,30,34,41,106,14.6887
1927,2407,1779532636799,1779532636799,1779532636799,1779532636803,1779532636803,1779532636840,1779532636910,41,0,4,37,70,111,15.6134
1929,2408,1779532636840,1779532636840,1779532636840,1779532636861,1779532636895,1779532636910,1779532636914,70,34,21,15,4,74,19.9686
1930,2410,1779532636914,1779532636914,1779532636913,1779532636936,1779532636936,1779532636946,1779532636980,32,0,23,9,34,66,20.1857
1931,2412,1779532636980,1779532636980,1779532636980,1779532636994,1779532636994,1779532637012,1779532637045,32,0,14,18,33,65,19.3736
1932,2413,1779532637011,1779532637012,1779532637011,1779532637027,1779532637027,1779532637045,1779532637077,33,0,16,17,32,65,18.3934
1933,2414,1779532637044,1779532637044,1779532637044,1779532637067,1779532637067,1779532637077,1779532637110,33,0,23,10,33,66,17.4463
1934,2416,1779532637110,1779532637110,1779532637110,1779532637125,1779532637125,1779532637142,1779532637175,32,0,15,17,33,65,16.8114
1935,2417,1779532637142,1779532637142,1779532637142,1779532637158,1779532637158,1779532637175,1779532637208,33,0,16,17,33,66,15.9795
1936,2418,1779532637175,1779532637175,1779532637174,1779532637198,1779532637198,1779532637207,1779532637240,32,0,24,8,33,65,15.2983
1937,2420,1779532637240,1779532637240,1779532637240,1779532637256,1779532637256,1779532637273,1779532637307,33,0,16,17,34,67,14.8454
1938,2421,1779532637273,1779532637273,1779532637274,1779532637290,1779532637290,1779532637306,1779532637348,33,0,16,17,42,75,14.2857
1939,2422,1779532637306,1779532637306,1779532637306,1779532637330,1779532637330,1779532637348,1779532637380,42,0,24,18,32,74,13.7441
1940,2424,1779532637380,1779532637380,1779532637379,1779532637388,1779532637388,1779532637413,1779532637453,33,0,9,24,40,73,13.8574
1941,2425,1779532637413,1779532637413,1779532637413,1779532637421,1779532637421,1779532637453,1779532637484,40,0,8,32,31,71,13.2343
1942,2426,1779532637453,1779532637453,1779532637453,1779532637461,1779532637462,1779532637484,1779532637518,31,1,8,22,34,65,12.9646
1943,2428,1779532637517,1779532637517,1779532637517,1779532637521,1779532637521,1779532637551,1779532637584,34,0,4,30,33,67,12.6715
1944,2429,1779532637550,1779532637550,1779532637550,1779532637554,1779532637554,1779532637584,1779532637652,34,0,4,30,68,102,14.1852
1945,2430,1779532637584,1779532637584,1779532637583,1779532637593,1779532637594,1779532637652,1779532637655,68,1,10,57,3,71,15.6891
1946,2431,1779532637651,1779532637651,1779532637651,1779532637652,1779532637652,1779532637689,1779532637722,38,0,1,37,33,71,15.1397
1947,2432,1779532637655,1779532637655,1779532637657,1779532637687,1779532637687,1779532637722,1779532637755,67,0,30,37,33,100,14.3258
1948,2434,1779532637722,1779532637722,1779532637722,1779532637727,1779532637727,1779532637755,1779532637788,33,0,5,28,33,66,14.0213
1950,2436,1779532637788,1779532637788,1779532637787,1779532637819,1779532637819,1779532637861,1779532637865,73,0,32,41,4,77,14.0356
1952,2439,1779532637896,1779532637896,1779532637896,1779532637918,1779532637918,1779532637938,1779532637969,42,0,22,20,31,73,13.8764
1953,2440,1779532637938,1779532637938,1779532637938,1779532637951,1779532637951,1779532637969,1779532638001,31,0,13,18,32,63,13.1063
1954,2441,1779532637969,1779532637969,1779532637968,1779532637991,1779532637991,1779532638001,1779532638035,32,0,23,9,34,66,12.8325
1955,2443,1779532638034,1779532638034,1779532638034,1779532638050,1779532638050,1779532638067,1779532638100,33,0,16,17,33,66,12.0466
1956,2444,1779532638067,1779532638067,1779532638066,1779532638084,1779532638084,1779532638100,1779532638133,33,0,18,15,33,66,11.7188
1957,2445,1779532638100,1779532638100,1779532638100,1779532638125,1779532638125,1779532638133,1779532638165,33,0,25,8,32,65,11.5388
1958,2447,1779532638165,1779532638165,1779532638165,1779532638183,1779532638183,1779532638198,1779532638231,33,0,18,15,33,66,11.2950
1959,2448,1779532638198,1779532638198,1779532638197,1779532638217,1779532638217,1779532638230,1779532638263,32,0,20,12,33,65,10.8818
1960,2449,1779532638230,1779532638230,1779532638230,1779532638257,1779532638258,1779532638263,1779532638296,33,1,27,5,33,66,10.6400
1962,2451,1779532638296,1779532638296,1779532638295,1779532638315,1779532638352,1779532638368,1779532638372,72,37,20,15,4,76,11.0707
1963,2453,1779532638372,1779532638372,1779532638372,1779532638393,1779532638393,1779532638405,1779532638445,33,0,21,12,40,73,12.3665
1964,2455,1779532638445,1779532638445,1779532638445,1779532638451,1779532638451,1779532638476,1779532638509,31,0,6,25,33,64,11.9585
1965,2456,1779532638476,1779532638476,1779532638475,1779532638484,1779532638484,1779532638509,1779532638542,33,0,9,24,33,66,11.4114
1966,2457,1779532638509,1779532638509,1779532638508,1779532638524,1779532638524,1779532638542,1779532638575,33,0,16,17,33,66,10.8836
1967,2459,1779532638575,1779532638575,1779532638574,1779532638582,1779532638582,1779532638607,1779532638640,32,0,8,24,33,65,10.6172
1968,2460,1779532638606,1779532638606,1779532638606,1779532638615,1779532638615,1779532638640,1779532638673,34,0,9,25,33,67,10.1348
1969,2461,1779532638639,1779532638639,1779532638639,1779532638655,1779532638655,1779532638672,1779532638740,33,0,16,17,68,101,11.4392
1970,2462,1779532638672,1779532638672,1779532638672,1779532638714,1779532638714,1779532638740,1779532638744,68,0,42,26,4,72,14.3535
1971,2464,1779532638744,1779532638744,1779532638744,1779532638747,1779532638747,1779532638778,1779532638811,34,0,3,31,33,67,15.6952
1972,2465,1779532638778,1779532638778,1779532638777,1779532638787,1779532638788,1779532638811,1779532638884,33,1,10,22,73,106,16.6245
1973,2466,1779532638811,1779532638811,1779532638811,1779532638846,1779532638846,1779532638884,1779532638887,73,0,35,38,3,76,18.8625
1975,2469,1779532638920,1779532638920,1779532638920,1779532638921,1779532638921,1779532638960,1779532638992,40,0,1,39,32,72,18.5944
1976,2470,1779532638960,1779532638960,1779532638960,1779532638979,1779532638979,1779532638992,1779532639025,32,0,19,13,33,65,18.9192
1977,2471,1779532638991,1779532638991,1779532638991,1779532639014,1779532639014,1779532639025,1779532639057,34,0,23,11,32,66,17.9995
1978,2472,1779532639025,1779532639025,1779532639024,1779532639055,1779532639056,1779532639090,1779532639122,65,1,31,33,32,97,18.4000
1979,2474,1779532639089,1779532639089,1779532639089,1779532639114,1779532639114,1779532639122,1779532639155,33,0,25,8,33,66,18.8177
1980,2475,1779532639122,1779532639122,1779532639121,1779532639148,1779532639148,1779532639155,1779532639187,33,0,27,6,32,65,17.6618
1981,2477,1779532639187,1779532639187,1779532639187,1779532639189,1779532639189,1779532639220,1779532639253,33,0,2,31,33,66,18.0358
1982,2478,1779532639220,1779532639220,1779532639220,1779532639247,1779532639248,1779532639253,1779532639285,33,1,27,5,32,65,18.5787
1983,2479,1779532639253,1779532639253,1779532639252,1779532639281,1779532639281,1779532639318,1779532639390,65,0,29,36,72,137,21.6611
1985,2481,1779532639318,1779532639318,1779532639318,1779532639326,1779532639380,1779532639390,1779532639395,72,54,8,10,5,77,25.8342
1986,2483,1779532639394,1779532639395,1779532639394,1779532639413,1779532639413,1779532639427,1779532639467,32,0,19,13,40,72,26.4432
1987,2484,1779532639426,1779532639426,1779532639426,1779532639453,1779532639453,1779532639467,1779532639498,41,0,27,14,31,72,25.1087
1988,2486,1779532639498,1779532639498,1779532639498,1779532639513,1779532639513,1779532639531,1779532639564,33,0,15,18,33,66,23.6487
1989,2487,1779532639531,1779532639531,1779532639530,1779532639549,1779532639549,1779532639564,1779532639597,33,0,19,14,33,66,22.4399
1990,2488,1779532639564,1779532639564,1779532639564,1779532639588,1779532639588,1779532639597,1779532639629,33,0,24,9,32,65,21.3211
1991,2490,1779532639629,1779532639629,1779532639629,1779532639646,1779532639646,1779532639662,1779532639695,33,0,17,16,33,66,20.5159
1992,2491,1779532639662,1779532639662,1779532639662,1779532639680,1779532639680,1779532639695,1779532639728,33,0,18,15,33,66,19.4358
1993,2492,1779532639694,1779532639694,1779532639694,1779532639720,1779532639721,1779532639728,1779532639760,34,1,26,7,32,66,18.5495
1995,2494,1779532639760,1779532639760,1779532639759,1779532639778,1779532639813,1779532639830,1779532639834,70,35,19,16,4,74,18.5996
1996,2496,1779532639833,1779532639833,1779532639833,1779532639853,1779532639853,1779532639867,1779532639908,34,0,20,14,41,75,19.7246
1998,2498,1779532639908,1779532639908,1779532639908,1779532639912,1779532639950,1779532639979,1779532639984,71,38,4,29,5,76,19.9556
1999,2500,1779532639984,1779532639984,1779532639983,1779532639989,1779532639989,1779532640016,1779532640048,32,0,6,26,32,64,20.2795
2000,2502,1779532640048,1779532640048,1779532640047,1779532640048,1779532640048,1779532640081,1779532640114,33,0,1,32,33,66,19.2418
2001,2503,1779532640081,1779532640081,1779532640081,1779532640081,1779532640082,1779532640114,1779532640146,33,1,0,32,32,65,18.1257
2002,2504,1779532640113,1779532640113,1779532640113,1779532640121,1779532640121,1779532640146,1779532640179,33,0,8,25,33,66,17.5702
2003,2506,1779532640179,1779532640179,1779532640178,1779532640179,1779532640180,1779532640211,1779532640244,32,1,1,30,33,65,16.8724
2004,2507,1779532640211,1779532640211,1779532640211,1779532640215,1779532640215,1779532640244,1779532640276,33,0,4,29,32,65,15.8849
2005,2508,1779532640244,1779532640244,1779532640244,1779532640255,1779532640255,1779532640276,1779532640309,32,0,11,21,33,65,15.4644
2006,2510,1779532640309,1779532640309,1779532640309,1779532640313,1779532640313,1779532640343,1779532640375,34,0,4,30,32,66,14.9360
2007,2511,1779532640342,1779532640342,1779532640342,1779532640346,1779532640346,1779532640375,1779532640416,33,0,4,29,41,74,14.5662
2008,2512,1779532640375,1779532640375,1779532640375,1779532640386,1779532640386,1779532640416,1779532640447,41,0,11,30,31,72,14.2619
2010,2514,1779532640447,1779532640447,1779532640447,1779532640481,1779532640481,1779532640488,1779532640519,41,0,34,7,31,72,14.8190
2011,2516,1779532640519,1779532640519,1779532640519,1779532640521,1779532640521,1779532640552,1779532640585,33,0,2,31,33,66,15.7410
2012,2517,1779532640552,1779532640552,1779532640552,1779532640579,1779532640579,1779532640585,1779532640618,33,0,27,6,33,66,16.4092
2013,2518,1779532640585,1779532640585,1779532640584,1779532640612,1779532640612,1779532640617,1779532640650,32,0,28,4,33,65,15.5740
2014,2520,1779532640650,1779532640650,1779532640650,1779532640652,1779532640652,1779532640683,1779532640716,33,0,2,31,33,66,16.3806
2015,2521,1779532640683,1779532640683,1779532640683,1779532640710,1779532640710,1779532640716,1779532640748,33,0,27,6,32,65,16.9678
2016,2522,1779532640716,1779532640716,1779532640715,1779532640743,1779532640744,1779532640781,1779532640814,65,1,28,36,33,98,17.7406
2017,2524,1779532640781,1779532640781,1779532640780,1779532640784,1779532640785,1779532640814,1779532640847,33,1,4,28,33,66,17.2292
2019,2526,1779532640846,1779532640846,1779532640846,1779532640876,1779532640876,1779532640922,1779532640926,76,0,30,46,4,80,16.7848
2021,2529,1779532640960,1779532640960,1779532640960,1779532640977,1779532640978,1779532641000,1779532641032,40,1,17,22,32,72,16.1740
2022,2530,1779532641000,1779532641000,1779532641000,1779532641011,1779532641011,1779532641032,1779532641064,32,0,11,21,32,64,15.4952
2023,2531,1779532641032,1779532641032,1779532641031,1779532641052,1779532641052,1779532641064,1779532641097,32,0,21,11,33,65,14.7513
2024,2533,1779532641097,1779532641097,1779532641096,1779532641110,1779532641110,1779532641130,1779532641163,33,0,14,19,33,66,14.3253
2025,2534,1779532641130,1779532641130,1779532641129,1779532641144,1779532641144,1779532641163,1779532641196,33,0,15,18,33,66,13.6386
2026,2535,1779532641163,1779532641163,1779532641162,1779532641185,1779532641185,1779532641195,1779532641228,32,0,23,9,33,65,13.3894
2027,2537,1779532641228,1779532641228,1779532641227,1779532641244,1779532641244,1779532641260,1779532641293,32,0,17,15,33,65,13.0192
2028,2538,1779532641260,1779532641260,1779532641260,1779532641277,1779532641277,1779532641293,1779532641326,33,0,17,16,33,66,12.2930
2029,2539,1779532641293,1779532641293,1779532641293,1779532641317,1779532641317,1779532641326,1779532641359,33,0,24,9,33,66,12.0770
2030,2541,1779532641359,1779532641359,1779532641358,1779532641375,1779532641375,1779532641392,1779532641432,33,0,17,16,40,73,12.3460
2031,2542,1779532641392,1779532641392,1779532641391,1779532641408,1779532641408,1779532641432,1779532641463,40,0,17,23,31,71,11.6933
2032,2543,1779532641432,1779532641432,1779532641432,1779532641449,1779532641449,1779532641463,1779532641497,31,0,17,14,34,65,11.4386
2033,2545,1779532641496,1779532641497,1779532641496,1779532641507,1779532641507,1779532641537,1779532641568,40,0,11,29,31,71,11.5921
2034,2546,1779532641536,1779532641536,1779532641536,1779532641540,1779532641540,1779532641568,1779532641600,32,0,4,28,32,64,11.0066
2035,2547,1779532641567,1779532641567,1779532641567,1779532641580,1779532641580,1779532641600,1779532641634,33,0,13,20,34,67,10.8697
2036,2549,1779532641633,1779532641633,1779532641633,1779532641639,1779532641639,1779532641666,1779532641699,33,0,6,27,33,66,10.6458
2037,2550,1779532641666,1779532641666,1779532641666,1779532641672,1779532641672,1779532641699,1779532641732,33,0,6,27,33,66,10.0201
2038,2551,1779532641699,1779532641699,1779532641699,1779532641713,1779532641713,1779532641731,1779532641764,32,0,14,18,33,65,10.0418
2039,2553,1779532641764,1779532641764,1779532641764,1779532641771,1779532641771,1779532641798,1779532641830,34,0,7,27,32,66,10.2080
2040,2554,1779532641798,1779532641798,1779532641797,1779532641805,1779532641805,1779532641830,1779532641863,32,0,8,24,33,65,9.8304
2041,2555,1779532641830,1779532641830,1779532641829,1779532641846,1779532641846,1779532641863,1779532641896,33,0,17,16,33,66,9.7840
2043,2557,1779532641895,1779532641895,1779532641895,1779532641904,1779532641938,1779532641968,1779532642013,73,34,9,30,45,118,10.8901
2044,2558,1779532641967,1779532641968,1779532641967,1779532641980,1779532641981,1779532642013,1779532642016,45,1,13,31,3,48,12.6247
2045,2560,1779532642016,1779532642016,1779532642016,1779532642038,1779532642038,1779532642050,1779532642083,34,0,22,12,33,67,12.4021
2046,2561,1779532642050,1779532642050,1779532642049,1779532642071,1779532642071,1779532642083,1779532642116,33,0,22,11,33,66,11.7453
2047,2562,1779532642083,1779532642083,1779532642083,1779532642111,1779532642111,1779532642116,1779532642149,33,0,28,5,33,66,11.5924
2048,2564,1779532642149,1779532642149,1779532642149,1779532642170,1779532642170,1779532642182,1779532642214,33,0,21,12,32,65,11.1984
2049,2565,1779532642181,1779532642181,1779532642181,1779532642203,1779532642203,1779532642214,1779532642247,33,0,22,11,33,66,10.5988
2050,2566,1779532642214,1779532642214,1779532642214,1779532642243,1779532642243,1779532642279,1779532642313,65,0,29,36,34,99,11.4249
2051,2568,1779532642279,1779532642279,1779532642279,1779532642303,1779532642303,1779532642313,1779532642345,34,0,24,10,32,66,12.5676
2052,2569,1779532642313,1779532642313,1779532642312,1779532642336,1779532642336,1779532642345,1779532642378,32,0,24,8,33,65,11.8904
2053,2571,1779532642378,1779532642378,1779532642378,1779532642379,1779532642380,1779532642411,1779532642483,33,1,1,31,72,105,15.0452
2055,2572,1779532642411,1779532642411,1779532642410,1779532642438,1779532642473,1779532642483,1779532642487,72,35,28,9,4,76,19.6387
2056,2574,1779532642486,1779532642486,1779532642486,1779532642515,1779532642515,1779532642520,1779532642559,34,0,29,5,39,73,20.4010
2057,2576,1779532642559,1779532642559,1779532642559,1779532642574,1779532642574,1779532642591,1779532642624,32,0,15,17,33,65,19.2203
2058,2577,1779532642591,1779532642591,1779532642590,1779532642609,1779532642609,1779532642624,1779532642656,33,0,19,14,32,65,18.0429
2059,2578,1779532642624,1779532642624,1779532642624,1779532642651,1779532642651,1779532642656,1779532642689,32,0,27,5,33,65,17.4937
2060,2580,1779532642689,1779532642689,1779532642689,1779532642709,1779532642709,1779532642722,1779532642754,33,0,20,13,32,65,16.5440
2061,2581,1779532642721,1779532642721,1779532642721,1779532642742,1779532642742,1779532642754,1779532642787,33,0,21,12,33,66,15.8804
2062,2582,1779532642754,1779532642754,1779532642754,1779532642783,1779532642783,1779532642787,1779532642820,33,0,29,4,33,66,15.4687
2063,2584,1779532642820,1779532642820,1779532642820,1779532642841,1779532642841,1779532642853,1779532642885,33,0,21,12,32,65,14.7634
2064,2585,1779532642852,1779532642852,1779532642852,1779532642876,1779532642876,1779532642885,1779532642918,33,0,24,9,33,66,13.8823
2066,2587,1779532642918,1779532642918,1779532642917,1779532642975,1779532642975,1779532642991,1779532642995,73,0,58,15,4,77,14.4201
2067,2589,1779532642994,1779532642994,1779532642994,1779532643008,1779532643008,1779532643027,1779532643068,33,0,14,19,41,74,16.0345
2068,2590,1779532643027,1779532643027,1779532643027,1779532643048,1779532643049,1779532643068,1779532643135,41,1,21,19,67,108,16.6601
2069,2591,1779532643067,1779532643067,1779532643067,1779532643107,1779532643107,1779532643135,1779532643138,68,0,40,28,3,71,18.9778
2070,2593,1779532643138,1779532643138,1779532643137,1779532643141,1779532643141,1779532643172,1779532643205,34,0,4,30,33,67,19.6789
2071,2594,1779532643171,1779532643171,1779532643171,1779532643182,1779532643182,1779532643205,1779532643238,34,0,11,23,33,67,19.0130
2072,2596,1779532643238,1779532643238,1779532643238,1779532643240,1779532643240,1779532643270,1779532643304,32,0,2,30,34,66,18.2324
2073,2597,1779532643270,1779532643270,1779532643270,1779532643274,1779532643274,1779532643304,1779532643336,34,0,4,30,32,66,17.1877
2074,2598,1779532643303,1779532643303,1779532643303,1779532643315,1779532643316,1779532643336,1779532643369,33,1,12,20,33,66,16.7095
2075,2600,1779532643368,1779532643368,1779532643368,1779532643374,1779532643374,1779532643401,1779532643435,33,0,6,27,34,67,16.1120
2076,2601,1779532643401,1779532643401,1779532643401,1779532643407,1779532643407,1779532643435,1779532643468,34,0,6,28,33,67,15.1785
2077,2602,1779532643435,1779532643435,1779532643434,1779532643448,1779532643448,1779532643468,1779532643510,33,0,14,19,42,75,14.2874
2078,2603,1779532643468,1779532643468,1779532643468,1779532643506,1779532643506,1779532643510,1779532643580,42,0,38,4,70,112,14.1904
2079,2604,1779532643510,1779532643510,1779532643509,1779532643539,1779532643539,1779532643580,1779532643583,70,0,30,40,3,73,15.0915
2080,2605,1779532643580,1779532643580,1779532643579,1779532643580,1779532643580,1779532643615,1779532643648,35,0,1,34,33,68,15.5658
2081,2607,1779532643615,1779532643615,1779532643615,1779532643638,1779532643638,1779532643648,1779532643680,33,0,23,10,32,65,16.1299
2082,2608,1779532643648,1779532643648,1779532643647,1779532643671,1779532643671,1779532643680,1779532643713,32,0,24,8,33,65,15.2406
2083,2609,1779532643680,1779532643680,1779532643680,1779532643711,1779532643711,1779532643746,1779532643785,66,0,31,35,39,105,16.1587
2084,2611,1779532643746,1779532643746,1779532643746,1779532643769,1779532643769,1779532643785,1779532643812,39,0,23,16,27,66,17.0382
2085,2612,1779532643785,1779532643785,1779532643785,1779532643803,1779532643803,1779532643812,1779532643844,27,0,18,9,32,59,16.4147
2086,2614,1779532643844,1779532643844,1779532643843,1779532643846,1779532643846,1779532643876,1779532643909,32,0,3,29,33,65,16.8380
2088,2616,1779532643909,1779532643909,1779532643908,1779532643938,1779532643938,1779532643942,1779532643975,33,0,30,3,33,66,17.1330
2089,2618,1779532643975,1779532643975,1779532643975,1779532643979,1779532643979,1779532644016,1779532644047,41,0,4,37,31,72,17.9645
2090,2619,1779532644015,1779532644015,1779532644015,1779532644037,1779532644037,1779532644047,1779532644087,32,0,22,10,40,72,17.8903
2091,2620,1779532644047,1779532644047,1779532644046,1779532644070,1779532644070,1779532644087,1779532644118,40,0,24,16,31,71,17.1310
2092,2621,1779532644087,1779532644087,1779532644086,1779532644110,1779532644110,1779532644118,1779532644150,31,0,24,7,32,63,16.3566
2094,2623,1779532644150,1779532644150,1779532644150,1779532644168,1779532644201,1779532644219,1779532644223,69,33,18,18,4,73,16.7053
2095,2625,1779532644222,1779532644222,1779532644222,1779532644241,1779532644241,1779532644256,1779532644289,34,0,19,15,33,67,17.4323
2096,2627,1779532644289,1779532644289,1779532644288,1779532644299,1779532644299,1779532644322,1779532644355,33,0,11,22,33,66,16.8882
2097,2628,1779532644322,1779532644322,1779532644322,1779532644332,1779532644332,1779532644355,1779532644387,33,0,10,23,32,65,16.0986
2098,2629,1779532644354,1779532644355,1779532644354,1779532644372,1779532644372,1779532644387,1779532644420,32,0,18,14,33,65,15.3736
2100,2631,1779532644420,1779532644420,1779532644419,1779532644430,1779532644464,1779532644491,1779532644495,71,34,11,26,4,75,15.5998
2101,2633,1779532644495,1779532644495,1779532644494,1779532644504,1779532644504,1779532644528,1779532644568,33,0,10,23,40,73,16.7627
2102,2634,1779532644527,1779532644527,1779532644527,1779532644562,1779532644562,1779532644568,1779532644604,41,0,35,6,36,77,17.0002
2103,2635,1779532644568,1779532644568,1779532644568,1779532644596,1779532644596,1779532644604,1779532644640,36,0,28,8,36,72,15.9472
2104,2636,1779532644603,1779532644603,1779532644603,1779532644636,1779532644636,1779532644676,1779532644713,73,0,33,40,37,110,16.8137
2105,2638,1779532644676,1779532644676,1779532644676,1779532644695,1779532644695,1779532644712,1779532644749,36,0,19,17,37,73,17.0705
2106,2639,1779532644712,1779532644712,1779532644712,1779532644728,1779532644728,1779532644749,1779532644787,37,0,16,21,38,75,16.4025
2107,2640,1779532644748,1779532644748,1779532644748,1779532644768,1779532644768,1779532644787,1779532644820,39,0,20,19,33,72,15.8726
2108,2642,1779532644820,1779532644820,1779532644820,1779532644827,1779532644827,1779532644853,1779532644885,33,0,7,26,32,65,15.2652
2109,2643,1779532644853,1779532644853,1779532644852,1779532644860,1779532644860,1779532644885,1779532644918,32,0,8,24,33,65,14.4173
2110,2644,1779532644885,1779532644885,1779532644885,1779532644900,1779532644901,1779532644918,1779532644951,33,1,15,17,33,66,14.0323
2111,2646,1779532644950,1779532644951,1779532644950,1779532644959,1779532644959,1779532644984,1779532645025,33,0,9,24,41,74,14.1143
2112,2647,1779532644984,1779532644984,1779532644983,1779532644992,1779532644992,1779532645025,1779532645056,41,0,9,32,31,72,13.2893
2113,2648,1779532645025,1779532645025,1779532645025,1779532645032,1779532645032,1779532645056,1779532645097,31,0,7,24,41,72,12.4637
2114,2649,1779532645056,1779532645056,1779532645056,1779532645089,1779532645090,1779532645097,1779532645129,41,1,33,7,32,73,13.1909
2115,2650,1779532645097,1779532645097,1779532645096,1779532645123,1779532645123,1779532645129,1779532645161,32,0,27,5,32,64,12.6873
2116,2652,1779532645161,1779532645161,1779532645160,1779532645164,1779532645164,1779532645194,1779532645226,33,0,4,29,32,65,13.6655
2118,2654,1779532645226,1779532645226,1779532645226,1779532645255,1779532645255,1779532645295,1779532645299,69,0,29,40,4,73,14.0750
2119,2655,1779532645295,1779532645295,1779532645295,1779532645295,1779532645295,1779532645333,1779532645365,38,0,0,38,32,70,14.7819
2120,2657,1779532645332,1779532645332,1779532645332,1779532645353,1779532645353,1779532645365,1779532645398,33,0,21,12,33,66,15.3463
2121,2658,1779532645365,1779532645365,1779532645365,1779532645386,1779532645386,1779532645398,1779532645431,33,0,21,12,33,66,14.4890
2122,2659,1779532645398,1779532645398,1779532645398,1779532645425,1779532645426,1779532645431,1779532645465,33,1,27,5,34,67,14.1308
2123,2661,1779532645464,1779532645464,1779532645464,1779532645483,1779532645483,1779532645497,1779532645537,33,0,19,14,40,73,14.1184
2124,2662,1779532645496,1779532645497,1779532645497,1779532645516,1779532645516,1779532645537,1779532645569,40,0,19,21,32,72,13.2881
2125,2663,1779532645537,1779532645537,1779532645537,1779532645556,1779532645556,1779532645569,1779532645601,32,0,19,13,32,64,12.6752
2126,2665,1779532645601,1779532645601,1779532645600,1779532645614,1779532645614,1779532645634,1779532645666,33,0,14,19,32,65,12.2847
2127,2666,1779532645634,1779532645634,1779532645634,1779532645650,1779532645650,1779532645666,1779532645699,32,0,16,16,33,65,11.6822
2128,2667,1779532645666,1779532645666,1779532645666,1779532645690,1779532645691,1779532645699,1779532645731,33,1,24,8,32,65,11.4799
2129,2669,1779532645731,1779532645731,1779532645731,1779532645749,1779532645749,1779532645764,1779532645797,33,0,18,15,33,66,11.1949
2130,2670,1779532645764,1779532645764,1779532645764,1779532645783,1779532645783,1779532645797,1779532645829,33,0,19,14,32,65,10.8014
2131,2671,1779532645797,1779532645797,1779532645797,1779532645823,1779532645823,1779532645829,1779532645863,32,0,26,6,34,66,10.3630
2132,2673,1779532645862,1779532645862,1779532645862,1779532645882,1779532645882,1779532645895,1779532645929,33,0,20,13,34,67,9.9676
2133,2674,1779532645895,1779532645895,1779532645895,1779532645916,1779532645916,1779532645929,1779532645961,34,0,21,13,32,66,9.4393
2134,2675,1779532645928,1779532645928,1779532645928,1779532645956,1779532645956,1779532645961,1779532645994,33,0,28,5,33,66,9.4059
2135,2677,1779532645994,1779532645994,1779532645994,1779532646014,1779532646014,1779532646027,1779532646070,33,0,20,13,43,76,9.8957
2136,2678,1779532646027,1779532646027,1779532646027,1779532646047,1779532646047,1779532646069,1779532646102,42,0,20,22,33,75,9.3379
2137,2679,1779532646069,1779532646069,1779532646069,1779532646086,1779532646087,1779532646101,1779532646142,32,1,17,14,41,73,8.8386
2138,2681,1779532646142,1779532646142,1779532646142,1779532646144,1779532646145,1779532646174,1779532646206,32,1,2,29,32,64,8.6446
2139,2682,1779532646173,1779532646173,1779532646173,1779532646177,1779532646178,1779532646206,1779532646239,33,1,4,28,33,66,8.1806
2140,2683,1779532646206,1779532646206,1779532646206,1779532646217,1779532646218,1779532646239,1779532646272,33,1,11,21,33,66,8.2301
2142,2685,1779532646272,1779532646272,1779532646272,1779532646275,1779532646308,1779532646340,1779532646343,68,33,3,32,3,71,8.8460
2143,2687,1779532646343,1779532646343,1779532646343,1779532646348,1779532646349,1779532646376,1779532646410,33,1,5,27,34,67,9.8411
2145,2689,1779532646410,1779532646410,1779532646409,1779532646440,1779532646440,1779532646443,1779532646476,33,0,31,2,33,66,10.6499
2146,2691,1779532646476,1779532646476,1779532646476,1779532646480,1779532646481,1779532646509,1779532646550,33,1,4,28,41,74,11.9697
2147,2692,1779532646509,1779532646509,1779532646509,1779532646539,1779532646539,1779532646550,1779532646581,41,0,30,11,31,72,12.8779
2148,2693,1779532646550,1779532646550,1779532646549,1779532646572,1779532646572,1779532646581,1779532646615,31,0,23,8,34,65,12.2356
2149,2694,1779532646581,1779532646581,1779532646581,1779532646613,1779532646613,1779532646655,1779532646686,74,0,32,42,31,105,13.2836
2150,2696,1779532646655,1779532646655,1779532646654,1779532646671,1779532646671,1779532646686,1779532646718,31,0,17,14,32,63,13.9776
2151,2697,1779532646686,1779532646686,1779532646685,1779532646704,1779532646704,1779532646718,1779532646751,32,0,19,13,33,65,13.3169
2152,2698,1779532646718,1779532646718,1779532646718,1779532646744,1779532646745,1779532646751,1779532646785,33,1,26,6,34,67,12.8973
2153,2700,1779532646784,1779532646784,1779532646784,1779532646803,1779532646803,1779532646816,1779532646850,32,0,19,13,34,66,12.4176
2154,2701,1779532646816,1779532646816,1779532646816,1779532646837,1779532646837,1779532646850,1779532646883,34,0,21,13,33,67,11.6924
2155,2702,1779532646849,1779532646849,1779532646849,1779532646878,1779532646878,1779532646915,1779532646947,66,0,29,37,32,98,12.4437
2156,2704,1779532646914,1779532646914,1779532646914,1779532646937,1779532646937,1779532646947,1779532646980,33,0,23,10,33,66,13.1930
2157,2705,1779532646947,1779532646947,1779532646947,1779532646970,1779532646970,1779532646980,1779532647013,33,0,23,10,33,66,12.5833
2158,2706,1779532646980,1779532646980,1779532646979,1779532647010,1779532647011,1779532647013,1779532647085,33,1,31,1,72,105,14.0508
2159,2707,1779532647013,1779532647013,1779532647013,1779532647069,1779532647069,1779532647085,1779532647089,72,0,56,16,4,76,16.6290
2160,2709,1779532647089,1779532647089,1779532647089,1779532647104,1779532647104,1779532647122,1779532647163,33,0,15,18,41,74,17.8877
2161,2710,1779532647122,1779532647122,1779532647122,1779532647145,1779532647145,1779532647163,1779532647194,41,0,23,18,31,72,17.3998
2162,2712,1779532647194,1779532647194,1779532647193,1779532647202,1779532647202,1779532647226,1779532647259,32,0,9,23,33,65,16.8190
2163,2713,1779532647226,1779532647226,1779532647226,1779532647235,1779532647236,1779532647259,1779532647292,33,1,9,23,33,66,15.8963
2164,2714,1779532647259,1779532647259,1779532647258,1779532647275,1779532647275,1779532647292,1779532647325,33,0,17,16,33,66,15.4747
2165,2716,1779532647325,1779532647325,1779532647325,1779532647334,1779532647334,1779532647357,1779532647390,32,0,9,23,33,65,15.0258
2166,2717,1779532647357,1779532647357,1779532647357,1779532647368,1779532647368,1779532647390,1779532647426,33,0,11,22,36,69,14.1308
2167,2718,1779532647390,1779532647390,1779532647390,1779532647408,1779532647409,1779532647426,1779532647458,36,1,18,17,32,68,13.5882
2168,2720,1779532647458,1779532647458,1779532647457,1779532647467,1779532647467,1779532647491,1779532647525,33,0,10,23,34,67,12.9695
2169,2721,1779532647491,1779532647491,1779532647491,1779532647501,1779532647501,1779532647525,1779532647598,34,0,10,24,73,107,14.7796
2170,2722,1779532647524,1779532647524,1779532647524,1779532647541,1779532647541,1779532647598,1779532647644,74,0,17,57,46,120,14.0603
2172,2723,1779532647597,1779532647597,1779532647597,1779532647600,1779532647633,1779532647644,1779532647647,47,33,3,11,3,50,18.4484
2173,2725,1779532647647,1779532647647,1779532647647,1779532647673,1779532647673,1779532647681,1779532647715,34,0,26,8,34,68,18.7767
2174,2727,1779532647715,1779532647715,1779532647715,1779532647731,1779532647731,1779532647750,1779532647785,35,0,16,19,35,70,18.4269
2175,2728,1779532647750,1779532647750,1779532647749,1779532647765,1779532647765,1779532647785,1779532647820,35,0,16,19,35,70,17.5152
2176,2729,1779532647785,1779532647785,1779532647785,1779532647805,1779532647806,1779532647820,1779532647856,35,1,20,14,36,71,16.8374
2177,2731,1779532647855,1779532647855,1779532647858,1779532647863,1779532647863,1779532647891,1779532647927,36,0,5,31,36,72,16.4696
2178,2732,1779532647891,1779532647891,1779532647890,1779532647897,1779532647897,1779532647926,1779532647961,35,0,7,28,35,70,15.6196
2179,2733,1779532647926,1779532647926,1779532647926,1779532647938,1779532647938,1779532647961,1779532647996,35,0,12,23,35,70,15.0820
2181,2735,1779532647996,1779532647996,1779532647996,1779532648029,1779532648029,1779532648032,1779532648075,36,0,33,3,43,79,14.7291
2182,2736,1779532648032,1779532648032,1779532648031,1779532648069,1779532648069,1779532648075,1779532648114,43,0,38,5,39,82,14.0527
2183,2738,1779532648114,1779532648114,1779532648114,1779532648127,1779532648127,1779532648148,1779532648181,34,0,13,21,33,67,13.7041
2184,2739,1779532648148,1779532648148,1779532648147,1779532648160,1779532648161,1779532648181,1779532648216,33,1,13,19,35,68,13.0642
2185,2740,1779532648180,1779532648180,1779532648180,1779532648201,1779532648201,1779532648216,1779532648249,36,0,21,15,33,69,12.8130
2186,2742,1779532648249,1779532648249,1779532648248,1779532648260,1779532648260,1779532648281,1779532648315,32,0,12,20,34,66,12.5432
2187,2743,1779532648281,1779532648281,1779532648281,1779532648294,1779532648294,1779532648315,1779532648347,34,0,13,21,32,66,11.9865
2188,2744,1779532648314,1779532648314,1779532648314,1779532648335,1779532648335,1779532648347,1779532648380,33,0,21,12,33,66,11.4929
2189,2746,1779532648379,1779532648380,1779532648379,1779532648393,1779532648393,1779532648418,1779532648449,38,0,14,24,31,69,11.1733
2190,2747,1779532648418,1779532648418,1779532648417,1779532648427,1779532648427,1779532648449,1779532648520,31,0,10,21,71,102,12.9744
2191,2748,1779532648449,1779532648449,1779532648448,1779532648466,1779532648466,1779532648520,1779532648563,71,0,18,53,43,114,12.3078
