timestamp_utc,seq,cmd_seq_echo,has_cmd,server_ts_ms,T0_input_ns,T1_send_ns,T3_isaac_recv_ns,T4_physics_ns,T5_isaac_send_ns,T6_unity_recv_ns,T7_rendered_ns,RTT_ms,Processing_ms,Network_est_ms,RenderDelay_ms,MTP_ms,Jitter_ms,NOTE_clocks
2026-05-23T10:35:51.7391820Z,1,-1,0,1779532551675,0,0,0,1779532551673000000,1779532551675000000,1779532551702000000,1779532551738000000,N/A,N/A,N/A,36.0000,N/A,0.00,T3-T5 on Isaac clock; Network_est approximate
2026-05-23T10:35:51.7742070Z,2,-1,0,1779532551735,0,0,0,1779532551731000000,1779532551735000000,1779532551738000000,1779532551774000000,N/A,N/A,N/A,36.0000,N/A,1.53,T3-T5 on Isaac clock; Network_est approximate
2026-05-23T10:35:51.8507250Z,3,-1,0,1779532551767,0,0,0,1779532551764000000,1779532551767000000,1779532551774000000,1779532551850000000,N/A,N/A,N/A,76.0000,N/A,4.22,T3-T5 on Isaac clock; Network_est approximate
2026-05-23T10:35:51.8556840Z,4,-1,0,1779532551808,0,0,0,1779532551804000000,1779532551808000000,1779532551850000000,1779532551855000000,N/A,N/A,N/A,5.0000,N/A,6.20,T3-T5 on Isaac clock; Network_est approximate
2026-05-23T10:35:51.9283830Z,5,-1,0,1779532551865,0,0,0,1779532551861000000,1779532551865000000,1779532551894000000,1779532551928000000,N/A,N/A,N/A,34.0000,N/A,6.81,T3-T5 on Isaac clock; Network_est approximate
2026-05-23T10:35:51.9661510Z,6,-1,0,1779532551900,0,0,0,1779532551896000000,1779532551900000000,1779532551928000000,1779532551966000000,N/A,N/A,N/A,38.0000,N/A,6.55,T3-T5 on Isaac clock; Network_est approximate
2026-05-23T10:35:51.9970250Z,7,-1,0,1779532551942,0,0,0,1779532551937000000,1779532551942000000,1779532551966000000,1779532551997000000,N/A,N/A,N/A,31.0000,N/A,6.84,T3-T5 on Isaac clock; Network_est approximate
2026-05-23T10:35:52.0701890Z,9,-1,0,1779532552031,0,0,0,1779532552031000000,1779532552031000000,1779532552066000000,1779532552070000000,N/A,N/A,N/A,4.0000,N/A,7.40,T3-T5 on Isaac clock; Network_est approximate
2026-05-23T10:35:52.1373740Z,10,-1,0,1779532552073,0,0,0,1779532552070000000,1779532552073000000,1779532552104000000,1779532552137000000,N/A,N/A,N/A,33.0000,N/A,8.51,T3-T5 on Isaac clock; Network_est approximate
2026-05-23T10:35:52.1703320Z,11,-1,0,1779532552130,0,0,0,1779532552129000000,1779532552130000000,1779532552137000000,1779532552170000000,N/A,N/A,N/A,33.0000,N/A,9.48,T3-T5 on Isaac clock; Network_est approximate
2026-05-23T10:35:52.2032970Z,12,-1,0,1779532552166,0,0,0,1779532552162000000,1779532552166000000,1779532552170000000,1779532552203000000,N/A,N/A,N/A,33.0000,N/A,9.08,T3-T5 on Isaac clock; Network_est approximate
2026-05-23T10:35:52.2683030Z,13,-1,0,1779532552207,0,0,0,1779532552203000000,1779532552207000000,1779532552235000000,1779532552268000000,N/A,N/A,N/A,33.0000,N/A,10.01,T3-T5 on Isaac clock; Network_est approximate
2026-05-23T10:35:52.3013520Z,14,-1,0,1779532552263,0,0,0,1779532552261000000,1779532552263000000,1779532552268000000,1779532552301000000,N/A,N/A,N/A,33.0000,N/A,10.82,T3-T5 on Isaac clock; Network_est approximate
2026-05-23T10:35:52.3349840Z,15,-1,0,1779532552296,0,0,0,1779532552294000000,1779532552296000000,1779532552301000000,1779532552334000000,N/A,N/A,N/A,33.0000,N/A,10.19,T3-T5 on Isaac clock; Network_est approximate
2026-05-23T10:35:52.4476930Z,16,-1,0,1779532552337,0,0,0,1779532552334000000,1779532552337000000,1779532552376000000,1779532552447000000,N/A,N/A,N/A,71.0000,N/A,14.03,T3-T5 on Isaac clock; Network_est approximate
2026-05-23T10:35:52.4519570Z,18,-1,0,1779532552426,0,0,0,1779532552425000000,1779532552426000000,1779532552447000000,1779532552451000000,N/A,N/A,N/A,4.0000,N/A,18.44,T3-T5 on Isaac clock; Network_est approximate
2026-05-23T10:35:52.5257880Z,19,-1,0,1779532552467,0,0,0,1779532552465000000,1779532552467000000,1779532552484000000,1779532552525000000,N/A,N/A,N/A,41.0000,N/A,19.34,T3-T5 on Isaac clock; Network_est approximate
2026-05-23T10:35:52.5561720Z,20,-1,0,1779532552523,0,0,0,1779532552522000000,1779532552523000000,1779532552525000000,1779532552556000000,N/A,N/A,N/A,31.0000,N/A,19.73,T3-T5 on Isaac clock; Network_est approximate
2026-05-23T10:35:52.6214760Z,21,-1,0,1779532552560,0,0,0,1779532552557000000,1779532552560000000,1779532552588000000,1779532552621000000,N/A,N/A,N/A,33.0000,N/A,20.26,T3-T5 on Isaac clock; Network_est approximate
2026-05-23T10:35:52.6542620Z,22,-1,0,1779532552601,0,0,0,1779532552598000000,1779532552601000000,1779532552621000000,1779532552654000000,N/A,N/A,N/A,33.0000,N/A,19.51,T3-T5 on Isaac clock; Network_est approximate
2026-05-23T10:35:52.7270910Z,23,-1,0,1779532552659,0,0,0,1779532552656000000,1779532552659000000,1779532552688000000,1779532552727000000,N/A,N/A,N/A,39.0000,N/A,18.79,T3-T5 on Isaac clock; Network_est approximate
2026-05-23T10:35:52.7521990Z,24,-1,0,1779532552691,0,0,0,1779532552689000000,1779532552691000000,1779532552727000000,1779532552752000000,N/A,N/A,N/A,25.0000,N/A,17.63,T3-T5 on Isaac clock; Network_est approximate
2026-05-23T10:35:52.7859920Z,25,-1,0,1779532552732,0,0,0,1779532552728000000,1779532552732000000,1779532552752000000,1779532552785000000,N/A,N/A,N/A,33.0000,N/A,16.98,T3-T5 on Isaac clock; Network_est approximate
2026-05-23T10:35:52.8645630Z,27,-1,0,1779532552822,0,0,0,1779532552820000000,1779532552822000000,1779532552828000000,1779532552864000000,N/A,N/A,N/A,36.0000,N/A,16.63,T3-T5 on Isaac clock; Network_est approximate
2026-05-23T10:35:52.9450620Z,29,-1,0,1779532552920,0,0,0,1779532552919000000,1779532552920000000,1779532552941000000,1779532552945000000,N/A,N/A,N/A,4.0000,N/A,16.69,T3-T5 on Isaac clock; Network_est approximate
2026-05-23T10:35:53.0116700Z,30,-1,0,1779532552956,0,0,0,1779532552952000000,1779532552956000000,1779532552978000000,1779532553011000000,N/A,N/A,N/A,33.0000,N/A,17.55,T3-T5 on Isaac clock; Network_est approximate
2026-05-23T10:35:53.0451050Z,31,-1,0,1779532552993,0,0,0,1779532552992000000,1779532552993000000,1779532553011000000,1779532553045000000,N/A,N/A,N/A,34.0000,N/A,16.68,T3-T5 on Isaac clock; Network_est approximate
2026-05-23T10:35:53.1102660Z,32,-1,0,1779532553050,0,0,0,1779532553050000000,1779532553050000000,1779532553077000000,1779532553110000000,N/A,N/A,N/A,33.0000,N/A,16.14,T3-T5 on Isaac clock; Network_est approximate
2026-05-23T10:35:53.1427790Z,33,-1,0,1779532553087,0,0,0,1779532553083000000,1779532553087000000,1779532553110000000,1779532553142000000,N/A,N/A,N/A,32.0000,N/A,15.41,T3-T5 on Isaac clock; Network_est approximate
2026-05-23T10:35:53.1754170Z,34,-1,0,1779532553123,0,0,0,1779532553123000000,1779532553123000000,1779532553142000000,1779532553175000000,N/A,N/A,N/A,33.0000,N/A,14.66,T3-T5 on Isaac clock; Network_est approximate
2026-05-23T10:35:53.2403320Z,35,-1,0,1779532553186,0,0,0,1779532553182000000,1779532553186000000,1779532553208000000,1779532553240000000,N/A,N/A,N/A,32.0000,N/A,13.86,T3-T5 on Isaac clock; Network_est approximate
2026-05-23T10:35:53.2737280Z,36,-1,0,1779532553217,0,0,0,1779532553214000000,1779532553217000000,1779532553240000000,1779532553273000000,N/A,N/A,N/A,33.0000,N/A,13.14,T3-T5 on Isaac clock; Network_est approximate
2026-05-23T10:35:53.3063910Z,37,-1,0,1779532553259,0,0,0,1779532553255000000,1779532553259000000,1779532553273000000,1779532553306000000,N/A,N/A,N/A,33.0000,N/A,12.90,T3-T5 on Isaac clock; Network_est approximate
2026-05-23T10:35:53.3807660Z,38,-1,0,1779532553317,0,0,0,1779532553314000000,1779532553317000000,1779532553338000000,1779532553380000000,N/A,N/A,N/A,42.0000,N/A,13.12,T3-T5 on Isaac clock; Network_est approximate
2026-05-23T10:35:53.4505390Z,39,-1,0,1779532553348,0,0,0,1779532553348000000,1779532553348000000,1779532553380000000,1779532553450000000,N/A,N/A,N/A,70.0000,N/A,14.72,T3-T5 on Isaac clock; Network_est approximate
2026-05-23T10:35:53.4543710Z,41,-1,0,1779532553446,0,0,0,1779532553445000000,1779532553446000000,1779532553450000000,1779532553454000000,N/A,N/A,N/A,4.0000,N/A,19.68,T3-T5 on Isaac clock; Network_est approximate
2026-05-23T10:35:53.5185260Z,42,-1,0,1779532553482,0,0,0,1779532553478000000,1779532553482000000,1779532553485000000,1779532553518000000,N/A,N/A,N/A,33.0000,N/A,20.21,T3-T5 on Isaac clock; Network_est approximate
2026-05-23T10:35:53.5845220Z,43,-1,0,1779532553523,0,0,0,1779532553518000000,1779532553523000000,1779532553551000000,1779532553584000000,N/A,N/A,N/A,33.0000,N/A,20.51,T3-T5 on Isaac clock; Network_est approximate
2026-05-23T10:35:53.6168130Z,44,-1,0,1779532553580,0,0,0,1779532553576000000,1779532553580000000,1779532553584000000,1779532553616000000,N/A,N/A,N/A,32.0000,N/A,20.77,T3-T5 on Isaac clock; Network_est approximate
2026-05-23T10:35:53.6494480Z,45,-1,0,1779532553611,0,0,0,1779532553609000000,1779532553611000000,1779532553616000000,1779532553649000000,N/A,N/A,N/A,33.0000,N/A,19.58,T3-T5 on Isaac clock; Network_est approximate
2026-05-23T10:35:53.7145520Z,46,-1,0,1779532553652,0,0,0,1779532553648000000,1779532553652000000,1779532553681000000,1779532553714000000,N/A,N/A,N/A,33.0000,N/A,19.86,T3-T5 on Isaac clock; Network_est approximate
2026-05-23T10:35:53.7471690Z,47,-1,0,1779532553710,0,0,0,1779532553708000000,1779532553710000000,1779532553714000000,1779532553747000000,N/A,N/A,N/A,33.0000,N/A,20.21,T3-T5 on Isaac clock; Network_est approximate
2026-05-23T10:35:53.8135860Z,48,-1,0,1779532553746,0,0,0,1779532553741000000,1779532553746000000,1779532553779000000,1779532553813000000,N/A,N/A,N/A,34.0000,N/A,20.81,T3-T5 on Isaac clock; Network_est approximate
2026-05-23T10:35:53.8456440Z,49,-1,0,1779532553783,0,0,0,1779532553781000000,1779532553783000000,1779532553813000000,1779532553845000000,N/A,N/A,N/A,32.0000,N/A,19.78,T3-T5 on Isaac clock; Network_est approximate
2026-05-23T10:35:53.8872900Z,50,-1,0,1779532553840,0,0,0,1779532553839000000,1779532553840000000,1779532553845000000,1779532553887000000,N/A,N/A,N/A,42.0000,N/A,19.50,T3-T5 on Isaac clock; Network_est approximate
2026-05-23T10:35:53.9184190Z,51,-1,0,1779532553877,0,0,0,1779532553872000000,1779532553877000000,1779532553887000000,1779532553918000000,N/A,N/A,N/A,31.0000,N/A,18.65,T3-T5 on Isaac clock; Network_est approximate
2026-05-23T10:35:53.9584090Z,52,-1,0,1779532553913,0,0,0,1779532553913000000,1779532553913000000,1779532553918000000,1779532553958000000,N/A,N/A,N/A,40.0000,N/A,17.74,T3-T5 on Isaac clock; Network_est approximate
2026-05-23T10:35:54.0280850Z,54,-1,0,1779532554007,0,0,0,1779532554004000000,1779532554007000000,1779532554025000000,1779532554028000000,N/A,N/A,N/A,3.0000,N/A,18.15,T3-T5 on Isaac clock; Network_est approximate
2026-05-23T10:35:54.0949900Z,55,-1,0,1779532554049,0,0,0,1779532554044000000,1779532554049000000,1779532554061000000,1779532554094000000,N/A,N/A,N/A,33.0000,N/A,18.57,T3-T5 on Isaac clock; Network_est approximate
2026-05-23T10:35:54.1625840Z,56,-1,0,1779532554106,0,0,0,1779532554102000000,1779532554106000000,1779532554127000000,1779532554162000000,N/A,N/A,N/A,35.0000,N/A,18.07,T3-T5 on Isaac clock; Network_est approximate
2026-05-23T10:35:54.1935590Z,57,-1,0,1779532554138,0,0,0,1779532554135000000,1779532554138000000,1779532554162000000,1779532554193000000,N/A,N/A,N/A,31.0000,N/A,17.00,T3-T5 on Isaac clock; Network_est approximate
2026-05-23T10:35:54.2262240Z,58,-1,0,1779532554180,0,0,0,1779532554175000000,1779532554180000000,1779532554193000000,1779532554226000000,N/A,N/A,N/A,33.0000,N/A,16.52,T3-T5 on Isaac clock; Network_est approximate
2026-05-23T10:35:54.2914180Z,59,-1,0,1779532554237,0,0,0,1779532554232000000,1779532554237000000,1779532554258000000,1779532554291000000,N/A,N/A,N/A,33.0000,N/A,16.00,T3-T5 on Isaac clock; Network_est approximate
2026-05-23T10:35:54.3244880Z,60,-1,0,1779532554268,0,0,0,1779532554266000000,1779532554268000000,1779532554291000000,1779532554324000000,N/A,N/A,N/A,33.0000,N/A,15.13,T3-T5 on Isaac clock; Network_est approximate
2026-05-23T10:35:54.3976900Z,61,-1,0,1779532554309,0,0,0,1779532554306000000,1779532554309000000,1779532554324000000,1779532554397000000,N/A,N/A,N/A,73.0000,N/A,16.19,T3-T5 on Isaac clock; Network_est approximate
2026-05-23T10:35:54.4018150Z,62,-1,0,1779532554366,0,0,0,1779532554364000000,1779532554366000000,1779532554397000000,1779532554401000000,N/A,N/A,N/A,4.0000,N/A,18.49,T3-T5 on Isaac clock; Network_est approximate
2026-05-23T10:35:54.5114040Z,63,-1,0,1779532554403,0,0,0,1779532554399000000,1779532554403000000,1779532554434000000,1779532554511000000,N/A,N/A,N/A,77.0000,N/A,21.87,T3-T5 on Isaac clock; Network_est approximate
2026-05-23T10:35:54.5194060Z,65,-1,0,1779532554496,0,0,0,1779532554496000000,1779532554496000000,1779532554511000000,1779532554519000000,N/A,N/A,N/A,8.0000,N/A,25.89,T3-T5 on Isaac clock; Network_est approximate
2026-05-23T10:35:54.5838560Z,66,2,0,1779532554533,1779532554518000000,1779532554519000000,1779532554520000000,1779532554530000000,1779532554533000000,1779532554548000000,1779532554583000000,29.0000,10.0000,9.5000,35.0000,65.0000,26.02,T3-T5 on Isaac clock; Network_est approximate
2026-05-23T10:35:54.6249520Z,67,3,0,1779532554574,1779532554548000000,1779532554548000000,1779532554548000000,1779532554570000000,1779532554574000000,1779532554583000000,1779532554624000000,35.0000,22.0000,6.5000,41.0000,76.0000,24.41,T3-T5 on Isaac clock; Network_est approximate
2026-05-23T10:35:54.6909910Z,68,5,0,1779532554633,1779532554623000000,1779532554624000000,1779532554623000000,1779532554629000000,1779532554633000000,1779532554653000000,1779532554690000000,29.0000,6.0000,11.5000,37.0000,67.0000,23.37,T3-T5 on Isaac clock; Network_est approximate
2026-05-23T10:35:54.7275020Z,69,6,0,1779532554663,1779532554653000000,1779532554653000000,1779532554652000000,1779532554662000000,1779532554663000000,1779532554690000000,1779532554727000000,37.0000,10.0000,13.5000,37.0000,74.0000,22.31,T3-T5 on Isaac clock; Network_est approximate
2026-05-23T10:35:54.7651150Z,70,7,0,1779532554705,1779532554690000000,1779532554690000000,1779532554690000000,1779532554703000000,1779532554705000000,1779532554727000000,1779532554765000000,37.0000,13.0000,12.0000,38.0000,75.0000,21.27,T3-T5 on Isaac clock; Network_est approximate
2026-05-23T10:35:54.8024040Z,71,8,0,1779532554762,1779532554727000000,1779532554727000000,1779532554726000000,1779532554760000000,1779532554762000000,1779532554765000000,1779532554802000000,38.0000,34.0000,2.0000,37.0000,75.0000,21.22,T3-T5 on Isaac clock; Network_est approximate
2026-05-23T10:35:54.8376810Z,72,9,0,1779532554799,1779532554763000000,1779532554764000000,1779532554764000000,1779532554794000000,1779532554799000000,1779532554802000000,1779532554837000000,38.0000,30.0000,4.0000,35.0000,74.0000,19.90,T3-T5 on Isaac clock; Network_est approximate
2026-05-23T10:35:54.8714700Z,73,10,0,1779532554835,1779532554800000000,1779532554801000000,1779532554801000000,1779532554834000000,1779532554835000000,1779532554837000000,1779532554871000000,36.0000,33.0000,1.5000,34.0000,71.0000,18.80,T3-T5 on Isaac clock; Network_est approximate
2026-05-23T10:35:54.9819570Z,74,12,0,1779532554894,1779532554871000000,1779532554871000000,1779532554870000000,1779532554893000000,1779532554894000000,1779532554913000000,1779532554981000000,42.0000,23.0000,9.5000,68.0000,110.0000,20.85,T3-T5 on Isaac clock; Network_est approximate
2026-05-23T10:35:54.9855590Z,76,13,0,1779532554968,1779532554911000000,1779532554911000000,1779532554911000000,1779532554966000000,1779532554968000000,1779532554981000000,1779532554985000000,70.0000,55.0000,7.5000,4.0000,74.0000,23.94,T3-T5 on Isaac clock; Network_est approximate
2026-05-23T10:35:55.1193500Z,77,16,0,1779532555025,1779532555017000000,1779532555017000000,1779532555016000000,1779532555024000000,1779532555025000000,1779532555050000000,1779532555119000000,33.0000,8.0000,12.5000,69.0000,102.0000,27.23,T3-T5 on Isaac clock; Network_est approximate
2026-05-23T10:35:55.1235370Z,79,17,0,1779532555102,1779532555049000000,1779532555049000000,1779532555049000000,1779532555100000000,1779532555102000000,1779532555119000000,1779532555123000000,70.0000,51.0000,9.5000,4.0000,74.0000,30.08,T3-T5 on Isaac clock; Network_est approximate
2026-05-23T10:35:55.2243160Z,80,20,0,1779532555160,1779532555156000000,1779532555156000000,1779532555156000000,1779532555160000000,1779532555160000000,1779532555189000000,1779532555224000000,33.0000,4.0000,14.5000,35.0000,68.0000,30.86,T3-T5 on Isaac clock; Network_est approximate
2026-05-23T10:35:55.2560380Z,81,21,0,1779532555197,1779532555189000000,1779532555189000000,1779532555189000000,1779532555193000000,1779532555197000000,1779532555224000000,1779532555256000000,35.0000,4.0000,15.5000,32.0000,67.0000,29.25,T3-T5 on Isaac clock; Network_est approximate
2026-05-23T10:35:55.2886310Z,82,22,0,1779532555238,1779532555223000000,1779532555223000000,1779532555223000000,1779532555234000000,1779532555238000000,1779532555255000000,1779532555288000000,32.0000,11.0000,10.5000,33.0000,65.0000,27.95,T3-T5 on Isaac clock; Network_est approximate
2026-05-23T10:35:55.3547750Z,83,24,0,1779532555296,1779532555288000000,1779532555288000000,1779532555288000000,1779532555292000000,1779532555296000000,1779532555321000000,1779532555354000000,33.0000,4.0000,14.5000,33.0000,66.0000,26.69,T3-T5 on Isaac clock; Network_est approximate
2026-05-23T10:35:55.3876050Z,84,25,0,1779532555328,1779532555320000000,1779532555320000000,1779532555320000000,1779532555326000000,1779532555328000000,1779532555354000000,1779532555387000000,34.0000,6.0000,14.0000,33.0000,67.0000,25.09,T3-T5 on Isaac clock; Network_est approximate
2026-05-23T10:35:55.4286710Z,85,26,0,1779532555372,1779532555354000000,1779532555354000000,1779532555356000000,1779532555367000000,1779532555372000000,1779532555387000000,1779532555428000000,33.0000,11.0000,11.0000,41.0000,74.0000,23.70,T3-T5 on Isaac clock; Network_est approximate
2026-05-23T10:35:55.5011260Z,86,27,0,1779532555429,1779532555387000000,1779532555387000000,1779532555387000000,1779532555426000000,1779532555429000000,1779532555460000000,1779532555501000000,73.0000,39.0000,17.0000,41.0000,114.0000,23.18,T3-T5 on Isaac clock; Network_est approximate
2026-05-23T10:35:55.5324430Z,87,29,0,1779532555465,1779532555460000000,1779532555460000000,1779532555459000000,1779532555460000000,1779532555465000000,1779532555501000000,1779532555532000000,41.0000,1.0000,20.0000,31.0000,72.0000,22.02,T3-T5 on Isaac clock; Network_est approximate
2026-05-23T10:35:55.5648800Z,88,29,0,1779532555501,1779532555460000000,1779532555460000000,1779532555459000000,1779532555499000000,1779532555501000000,1779532555532000000,1779532555564000000,72.0000,40.0000,16.0000,32.0000,104.0000,20.87,T3-T5 on Isaac clock; Network_est approximate
2026-05-23T10:35:55.6315670Z,90,32,0,1779532555595,1779532555564000000,1779532555564000000,1779532555564000000,1779532555594000000,1779532555595000000,1779532555599000000,1779532555631000000,35.0000,30.0000,2.5000,32.0000,67.0000,21.30,T3-T5 on Isaac clock; Network_est approximate
2026-05-23T10:35:55.6962010Z,91,34,0,1779532555638,1779532555630000000,1779532555630000000,1779532555631000000,1779532555636000000,1779532555638000000,1779532555664000000,1779532555696000000,34.0000,5.0000,14.5000,32.0000,66.0000,21.35,T3-T5 on Isaac clock; Network_est approximate
2026-05-23T10:35:55.7616300Z,92,36,0,1779532555696,1779532555695000000,1779532555695000000,1779532555695000000,1779532555696000000,1779532555696000000,1779532555728000000,1779532555761000000,33.0000,1.0000,16.0000,33.0000,66.0000,20.48,T3-T5 on Isaac clock; Network_est approximate
2026-05-23T10:35:55.7948170Z,93,37,0,1779532555733,1779532555728000000,1779532555728000000,1779532555728000000,1779532555731000000,1779532555733000000,1779532555761000000,1779532555794000000,33.0000,3.0000,15.0000,33.0000,66.0000,19.44,T3-T5 on Isaac clock; Network_est approximate
2026-05-23T10:35:55.8271520Z,94,38,0,1779532555774,1779532555761000000,1779532555761000000,1779532555761000000,1779532555771000000,1779532555774000000,1779532555794000000,1779532555827000000,33.0000,10.0000,11.5000,33.0000,66.0000,18.77,T3-T5 on Isaac clock; Network_est approximate
2026-05-23T10:35:55.8935860Z,95,40,0,1779532555833,1779532555826000000,1779532555826000000,1779532555826000000,1779532555832000000,1779532555833000000,1779532555860000000,1779532555893000000,34.0000,6.0000,14.0000,33.0000,67.0000,18.06,T3-T5 on Isaac clock; Network_est approximate
2026-05-23T10:35:55.9364600Z,96,41,0,1779532555872,1779532555860000000,1779532555860000000,1779532555860000000,1779532555868000000,1779532555872000000,1779532555893000000,1779532555936000000,33.0000,8.0000,12.5000,43.0000,76.0000,17.16,T3-T5 on Isaac clock; Network_est approximate
2026-05-23T10:35:55.9665560Z,97,42,0,1779532555914,1779532555893000000,1779532555893000000,1779532555893000000,1779532555909000000,1779532555914000000,1779532555936000000,1779532555966000000,43.0000,16.0000,13.5000,30.0000,73.0000,16.83,T3-T5 on Isaac clock; Network_est approximate
2026-05-23T10:35:56.0318800Z,98,44,0,1779532555968,1779532555966000000,1779532555966000000,1779532555965000000,1779532555968000000,1779532555968000000,1779532555999000000,1779532556031000000,33.0000,3.0000,15.0000,32.0000,65.0000,16.49,T3-T5 on Isaac clock; Network_est approximate
2026-05-23T10:35:56.0652580Z,99,45,0,1779532556004,1779532555998000000,1779532555998000000,1779532555998000000,1779532556000000000,1779532556004000000,1779532556031000000,1779532556065000000,33.0000,2.0000,15.5000,34.0000,67.0000,15.63,T3-T5 on Isaac clock; Network_est approximate
2026-05-23T10:35:56.0976030Z,100,46,0,1779532556042,1779532556031000000,1779532556031000000,1779532556031000000,1779532556040000000,1779532556042000000,1779532556065000000,1779532556097000000,34.0000,9.0000,12.5000,32.0000,66.0000,15.01,T3-T5 on Isaac clock; Network_est approximate
2026-05-23T10:35:56.1701890Z,102,48,0,1779532556136,1779532556097000000,1779532556097000000,1779532556097000000,1779532556132000000,1779532556136000000,1779532556166000000,1779532556170000000,69.0000,35.0000,17.0000,4.0000,73.0000,15.41,T3-T5 on Isaac clock; Network_est approximate
2026-05-23T10:35:56.2375530Z,103,50,0,1779532556174,1779532556169000000,1779532556170000000,1779532556169000000,1779532556171000000,1779532556174000000,1779532556203000000,1779532556237000000,33.0000,2.0000,15.5000,34.0000,68.0000,16.27,T3-T5 on Isaac clock; Network_est approximate
2026-05-23T10:35:56.2705970Z,104,51,0,1779532556232,1779532556203000000,1779532556203000000,1779532556203000000,1779532556229000000,1779532556232000000,1779532556237000000,1779532556270000000,34.0000,26.0000,4.0000,33.0000,67.0000,16.81,T3-T5 on Isaac clock; Network_est approximate
2026-05-23T10:35:56.3033850Z,105,52,0,1779532556264,1779532556237000000,1779532556237000000,1779532556236000000,1779532556263000000,1779532556264000000,1779532556270000000,1779532556303000000,33.0000,27.0000,3.0000,33.0000,66.0000,15.81,T3-T5 on Isaac clock; Network_est approximate
2026-05-23T10:35:56.3686500Z,106,54,0,1779532556307,1779532556303000000,1779532556303000000,1779532556303000000,1779532556304000000,1779532556307000000,1779532556335000000,1779532556368000000,32.0000,1.0000,15.5000,33.0000,65.0000,16.22,T3-T5 on Isaac clock; Network_est approximate
2026-05-23T10:35:56.4406990Z,107,55,0,1779532556363,1779532556335000000,1779532556335000000,1779532556335000000,1779532556362000000,1779532556363000000,1779532556368000000,1779532556440000000,33.0000,27.0000,3.0000,72.0000,105.0000,16.20,T3-T5 on Isaac clock; Network_est approximate
2026-05-23T10:35:56.4446700Z,109,56,0,1779532556437,1779532556368000000,1779532556368000000,1779532556367000000,1779532556436000000,1779532556437000000,1779532556440000000,1779532556444000000,72.0000,69.0000,1.5000,4.0000,76.0000,19.56,T3-T5 on Isaac clock; Network_est approximate
2026-05-23T10:35:56.5529990Z,111,59,0,1779532556527,1779532556476000000,1779532556476000000,1779532556476000000,1779532556527000000,1779532556527000000,1779532556548000000,1779532556552000000,72.0000,51.0000,10.5000,4.0000,76.0000,19.47,T3-T5 on Isaac clock; Network_est approximate
2026-05-23T10:35:56.6175400Z,112,61,0,1779532556572,1779532556552000000,1779532556552000000,1779532556552000000,1779532556571000000,1779532556572000000,1779532556584000000,1779532556617000000,32.0000,19.0000,6.5000,33.0000,65.0000,19.48,T3-T5 on Isaac clock; Network_est approximate
2026-05-23T10:35:56.6838480Z,113,63,0,1779532556635,1779532556617000000,1779532556617000000,1779532556616000000,1779532556631000000,1779532556635000000,1779532556650000000,1779532556683000000,33.0000,15.0000,9.0000,33.0000,66.0000,18.46,T3-T5 on Isaac clock; Network_est approximate
2026-05-23T10:35:56.7155860Z,114,64,0,1779532556672,1779532556649000000,1779532556650000000,1779532556649000000,1779532556668000000,1779532556672000000,1779532556683000000,1779532556715000000,33.0000,19.0000,7.0000,32.0000,66.0000,17.63,T3-T5 on Isaac clock; Network_est approximate
2026-05-23T10:35:56.7813310Z,115,65,0,1779532556714,1779532556683000000,1779532556683000000,1779532556683000000,1779532556709000000,1779532556714000000,1779532556748000000,1779532556781000000,65.0000,26.0000,19.5000,33.0000,98.0000,18.01,T3-T5 on Isaac clock; Network_est approximate
2026-05-23T10:35:56.8141990Z,116,67,0,1779532556770,1779532556748000000,1779532556748000000,1779532556748000000,1779532556768000000,1779532556770000000,1779532556781000000,1779532556814000000,33.0000,20.0000,6.5000,33.0000,66.0000,18.33,T3-T5 on Isaac clock; Network_est approximate
2026-05-23T10:35:56.8468790Z,117,68,0,1779532556806,1779532556781000000,1779532556781000000,1779532556780000000,1779532556801000000,1779532556806000000,1779532556814000000,1779532556846000000,33.0000,21.0000,6.0000,32.0000,65.0000,17.39,T3-T5 on Isaac clock; Network_est approximate
2026-05-23T10:35:56.8796530Z,118,69,0,1779532556843,1779532556813000000,1779532556813000000,1779532556813000000,1779532556842000000,1779532556843000000,1779532556846000000,1779532556879000000,33.0000,29.0000,2.0000,33.0000,66.0000,16.57,T3-T5 on Isaac clock; Network_est approximate
2026-05-23T10:35:56.9533640Z,119,71,0,1779532556904,1779532556879000000,1779532556879000000,1779532556879000000,1779532556901000000,1779532556904000000,1779532556912000000,1779532556953000000,33.0000,22.0000,5.5000,41.0000,74.0000,16.33,T3-T5 on Isaac clock; Network_est approximate
2026-05-23T10:35:57.0235290Z,120,72,0,1779532556936,1779532556912000000,1779532556912000000,1779532556912000000,1779532556935000000,1779532556936000000,1779532556953000000,1779532557023000000,41.0000,23.0000,9.0000,70.0000,111.0000,17.68,T3-T5 on Isaac clock; Network_est approximate
2026-05-23T10:35:57.0290180Z,121,73,0,1779532556978,1779532556953000000,1779532556953000000,1779532556952000000,1779532556975000000,1779532556978000000,1779532557023000000,1779532557029000000,70.0000,23.0000,23.5000,6.0000,76.0000,18.85,T3-T5 on Isaac clock; Network_est approximate
2026-05-23T10:35:57.0935490Z,122,75,0,1779532557035,1779532557028000000,1779532557028000000,1779532557028000000,1779532557033000000,1779532557035000000,1779532557061000000,1779532557093000000,33.0000,5.0000,14.0000,32.0000,65.0000,18.16,T3-T5 on Isaac clock; Network_est approximate
2026-05-23T10:35:57.1257000Z,123,76,0,1779532557071,1779532557060000000,1779532557060000000,1779532557060000000,1779532557067000000,1779532557071000000,1779532557093000000,1779532557125000000,33.0000,7.0000,13.0000,32.0000,65.0000,17.27,T3-T5 on Isaac clock; Network_est approximate
2026-05-23T10:35:57.1590960Z,124,77,0,1779532557108,1779532557093000000,1779532557093000000,1779532557093000000,1779532557107000000,1779532557108000000,1779532557125000000,1779532557159000000,32.0000,14.0000,9.0000,34.0000,66.0000,16.45,T3-T5 on Isaac clock; Network_est approximate
2026-05-23T10:35:57.2336410Z,126,79,0,1779532557203,1779532557158000000,1779532557158000000,1779532557158000000,1779532557199000000,1779532557203000000,1779532557227000000,1779532557233000000,69.0000,41.0000,14.0000,6.0000,75.0000,16.66,T3-T5 on Isaac clock; Network_est approximate
2026-05-23T10:35:57.3002400Z,127,81,0,1779532557241,1779532557233000000,1779532557233000000,1779532557232000000,1779532557239000000,1779532557241000000,1779532557267000000,1779532557300000000,34.0000,7.0000,13.5000,33.0000,67.0000,17.40,T3-T5 on Isaac clock; Network_est approximate
2026-05-23T10:35:57.3340800Z,128,82,0,1779532557298,1779532557266000000,1779532557266000000,1779532557266000000,1779532557298000000,1779532557298000000,1779532557300000000,1779532557334000000,34.0000,32.0000,1.0000,34.0000,68.0000,17.76,T3-T5 on Isaac clock; Network_est approximate
2026-05-23T10:35:57.3994570Z,129,83,0,1779532557335,1779532557300000000,1779532557300000000,1779532557299000000,1779532557331000000,1779532557335000000,1779532557366000000,1779532557399000000,66.0000,32.0000,17.0000,33.0000,99.0000,18.42,T3-T5 on Isaac clock; Network_est approximate
2026-05-23T10:35:57.4330170Z,130,85,0,1779532557372,1779532557365000000,1779532557366000000,1779532557365000000,1779532557371000000,1779532557372000000,1779532557399000000,1779532557433000000,33.0000,6.0000,13.5000,34.0000,68.0000,17.48,T3-T5 on Isaac clock; Network_est approximate
2026-05-23T10:35:57.5055530Z,132,87,0,1779532557465,1779532557432000000,1779532557432000000,1779532557432000000,1779532557463000000,1779532557465000000,1779532557474000000,1779532557505000000,42.0000,31.0000,5.5000,31.0000,73.0000,17.67,T3-T5 on Isaac clock; Network_est approximate
2026-05-23T10:35:57.5776300Z,133,88,0,1779532557509,1779532557474000000,1779532557474000000,1779532557473000000,1779532557506000000,1779532557509000000,1779532557546000000,1779532557577000000,72.0000,33.0000,19.5000,31.0000,103.0000,18.32,T3-T5 on Isaac clock; Network_est approximate
2026-05-23T10:35:57.6099420Z,134,90,0,1779532557566,1779532557546000000,1779532557546000000,1779532557546000000,1779532557564000000,1779532557566000000,1779532557577000000,1779532557609000000,31.0000,18.0000,6.5000,32.0000,63.0000,18.71,T3-T5 on Isaac clock; Network_est approximate
2026-05-23T10:35:57.6433860Z,135,91,0,1779532557602,1779532557577000000,1779532557577000000,1779532557576000000,1779532557600000000,1779532557602000000,1779532557609000000,1779532557643000000,32.0000,24.0000,4.0000,34.0000,66.0000,17.71,T3-T5 on Isaac clock; Network_est approximate
2026-05-23T10:35:57.7084470Z,136,93,0,1779532557644,1779532557643000000,1779532557643000000,1779532557643000000,1779532557643000000,1779532557644000000,1779532557675000000,1779532557708000000,32.0000,0.0000,16.0000,33.0000,65.0000,18.04,T3-T5 on Isaac clock; Network_est approximate
2026-05-23T10:35:57.7405670Z,137,94,0,1779532557703,1779532557675000000,1779532557675000000,1779532557675000000,1779532557700000000,1779532557703000000,1779532557708000000,1779532557740000000,33.0000,25.0000,4.0000,32.0000,65.0000,18.59,T3-T5 on Isaac clock; Network_est approximate
2026-05-23T10:35:57.7736770Z,138,95,0,1779532557734,1779532557708000000,1779532557708000000,1779532557707000000,1779532557733000000,1779532557734000000,1779532557740000000,1779532557773000000,32.0000,26.0000,3.0000,33.0000,65.0000,17.56,T3-T5 on Isaac clock; Network_est approximate
2026-05-23T10:35:57.8392060Z,139,96,0,1779532557777,1779532557740000000,1779532557740000000,1779532557740000000,1779532557773000000,1779532557777000000,1779532557806000000,1779532557839000000,66.0000,33.0000,16.5000,33.0000,99.0000,17.87,T3-T5 on Isaac clock; Network_est approximate
2026-05-23T10:35:57.8720130Z,140,98,0,1779532557834,1779532557806000000,1779532557806000000,1779532557805000000,1779532557831000000,1779532557834000000,1779532557839000000,1779532557872000000,33.0000,26.0000,3.5000,33.0000,66.0000,18.27,T3-T5 on Isaac clock; Network_est approximate
2026-05-23T10:35:57.9050850Z,141,99,0,1779532557866,1779532557838000000,1779532557838000000,1779532557838000000,1779532557864000000,1779532557866000000,1779532557871000000,1779532557905000000,33.0000,26.0000,3.5000,34.0000,67.0000,17.19,T3-T5 on Isaac clock; Network_est approximate
2026-05-23T10:35:57.9800950Z,142,101,0,1779532557907,1779532557904000000,1779532557904000000,1779532557904000000,1779532557907000000,1779532557907000000,1779532557938000000,1779532557980000000,34.0000,3.0000,15.5000,42.0000,76.0000,18.25,T3-T5 on Isaac clock; Network_est approximate
2026-05-23T10:35:58.0116810Z,143,102,0,1779532557965,1779532557937000000,1779532557937000000,1779532557937000000,1779532557964000000,1779532557965000000,1779532557980000000,1779532558011000000,43.0000,27.0000,8.0000,31.0000,74.0000,18.76,T3-T5 on Isaac clock; Network_est approximate
2026-05-23T10:35:58.0516540Z,144,103,0,1779532558002,1779532557979000000,1779532557979000000,1779532557979000000,1779532557997000000,1779532558002000000,1779532558011000000,1779532558051000000,32.0000,18.0000,7.0000,40.0000,72.0000,17.77,T3-T5 on Isaac clock; Network_est approximate
2026-05-23T10:35:58.0832970Z,145,104,0,1779532558038,1779532558011000000,1779532558011000000,1779532558011000000,1779532558037000000,1779532558038000000,1779532558051000000,1779532558083000000,40.0000,26.0000,7.0000,32.0000,72.0000,16.94,T3-T5 on Isaac clock; Network_est approximate
2026-05-23T10:35:58.1488950Z,146,106,0,1779532558098,1779532558082000000,1779532558083000000,1779532558083000000,1779532558094000000,1779532558098000000,1779532558115000000,1779532558148000000,32.0000,11.0000,10.5000,33.0000,66.0000,16.21,T3-T5 on Isaac clock; Network_est approximate
2026-05-23T10:35:58.1818900Z,147,107,0,1779532558130,1779532558115000000,1779532558115000000,1779532558114000000,1779532558128000000,1779532558130000000,1779532558148000000,1779532558181000000,33.0000,14.0000,9.5000,33.0000,66.0000,15.28,T3-T5 on Isaac clock; Network_est approximate
2026-05-23T10:35:58.2171850Z,148,108,0,1779532558171,1779532558148000000,1779532558148000000,1779532558147000000,1779532558167000000,1779532558171000000,1779532558181000000,1779532558217000000,33.0000,20.0000,6.5000,36.0000,69.0000,14.68,T3-T5 on Isaac clock; Network_est approximate
2026-05-23T10:35:58.2851540Z,150,110,0,1779532558264,1779532558216000000,1779532558217000000,1779532558216000000,1779532558261000000,1779532558264000000,1779532558281000000,1779532558285000000,64.0000,45.0000,9.5000,4.0000,69.0000,15.33,T3-T5 on Isaac clock; Network_est approximate
2026-05-23T10:35:58.3513590Z,151,112,0,1779532558302,1779532558284000000,1779532558284000000,1779532558284000000,1779532558301000000,1779532558302000000,1779532558318000000,1779532558351000000,34.0000,17.0000,8.5000,33.0000,67.0000,16.13,T3-T5 on Isaac clock; Network_est approximate
2026-05-23T10:35:58.4173360Z,152,114,0,1779532558364,1779532558351000000,1779532558351000000,1779532558350000000,1779532558359000000,1779532558364000000,1779532558384000000,1779532558417000000,33.0000,9.0000,12.0000,33.0000,66.0000,15.37,T3-T5 on Isaac clock; Network_est approximate
2026-05-23T10:35:58.4901270Z,153,115,0,1779532558395,1779532558384000000,1779532558384000000,1779532558384000000,1779532558392000000,1779532558395000000,1779532558417000000,1779532558490000000,33.0000,8.0000,12.5000,73.0000,106.0000,16.98,T3-T5 on Isaac clock; Network_est approximate
2026-05-23T10:35:58.4948360Z,154,116,0,1779532558437,1779532558417000000,1779532558417000000,1779532558416000000,1779532558432000000,1779532558437000000,1779532558490000000,1779532558494000000,73.0000,16.0000,28.5000,4.0000,77.0000,18.21,T3-T5 on Isaac clock; Network_est approximate
2026-05-23T10:35:58.5269580Z,155,117,0,1779532558492,1779532558489000000,1779532558489000000,1779532558489000000,1779532558490000000,1779532558492000000,1779532558494000000,1779532558526000000,5.0000,1.0000,2.0000,32.0000,37.0000,18.49,T3-T5 on Isaac clock; Network_est approximate
2026-05-23T10:35:58.5680240Z,156,118,0,1779532558524,1779532558494000000,1779532558494000000,1779532558494000000,1779532558523000000,1779532558524000000,1779532558526000000,1779532558568000000,32.0000,29.0000,1.5000,42.0000,74.0000,17.90,T3-T5 on Isaac clock; Network_est approximate
2026-05-23T10:35:58.6315500Z,157,119,0,1779532558566,1779532558526000000,1779532558526000000,1779532558526000000,1779532558563000000,1779532558566000000,1779532558598000000,1779532558631000000,72.0000,37.0000,17.5000,33.0000,105.0000,18.12,T3-T5 on Isaac clock; Network_est approximate
2026-05-23T10:35:58.6646690Z,158,121,0,1779532558624,1779532558598000000,1779532558598000000,1779532558598000000,1779532558620000000,1779532558624000000,1779532558631000000,1779532558664000000,33.0000,22.0000,5.5000,33.0000,66.0000,18.53,T3-T5 on Isaac clock; Network_est approximate
2026-05-23T10:35:58.6969400Z,159,122,0,1779532558655,1779532558631000000,1779532558631000000,1779532558630000000,1779532558653000000,1779532558655000000,1779532558664000000,1779532558696000000,33.0000,23.0000,5.0000,32.0000,65.0000,17.45,T3-T5 on Isaac clock; Network_est approximate
2026-05-23T10:35:58.7617960Z,160,123,0,1779532558697,1779532558664000000,1779532558664000000,1779532558664000000,1779532558693000000,1779532558697000000,1779532558728000000,1779532558761000000,64.0000,29.0000,17.5000,33.0000,97.0000,17.79,T3-T5 on Isaac clock; Network_est approximate
2026-05-23T10:35:58.7948340Z,161,125,0,1779532558755,1779532558728000000,1779532558728000000,1779532558728000000,1779532558751000000,1779532558755000000,1779532558761000000,1779532558794000000,33.0000,23.0000,5.0000,33.0000,66.0000,18.24,T3-T5 on Isaac clock; Network_est approximate
2026-05-23T10:35:58.8274230Z,162,126,0,1779532558786,1779532558761000000,1779532558761000000,1779532558761000000,1779532558785000000,1779532558786000000,1779532558794000000,1779532558827000000,33.0000,24.0000,4.5000,33.0000,66.0000,17.20,T3-T5 on Isaac clock; Network_est approximate
2026-05-23T10:35:58.8929040Z,163,127,0,1779532558828,1779532558794000000,1779532558794000000,1779532558794000000,1779532558826000000,1779532558828000000,1779532558859000000,1779532558892000000,65.0000,32.0000,16.5000,33.0000,98.0000,17.59,T3-T5 on Isaac clock; Network_est approximate
2026-05-23T10:35:58.9253920Z,164,129,0,1779532558891,1779532558859000000,1779532558859000000,1779532558859000000,1779532558885000000,1779532558891000000,1779532558892000000,1779532558925000000,33.0000,26.0000,3.5000,33.0000,66.0000,18.40,T3-T5 on Isaac clock; Network_est approximate
2026-05-23T10:35:58.9581180Z,165,130,0,1779532558921,1779532558892000000,1779532558892000000,1779532558892000000,1779532558920000000,1779532558921000000,1779532558925000000,1779532558958000000,33.0000,28.0000,2.5000,33.0000,66.0000,17.42,T3-T5 on Isaac clock; Network_est approximate
2026-05-23T10:35:59.0335280Z,166,132,0,1779532558962,1779532558957000000,1779532558957000000,1779532558957000000,1779532558960000000,1779532558962000000,1779532558991000000,1779532559033000000,34.0000,3.0000,15.5000,42.0000,76.0000,18.47,T3-T5 on Isaac clock; Network_est approximate
2026-05-23T10:35:59.1060020Z,167,133,0,1779532559024,1779532558991000000,1779532558991000000,1779532558991000000,1779532559021000000,1779532559024000000,1779532559033000000,1779532559106000000,42.0000,30.0000,6.0000,73.0000,115.0000,17.93,T3-T5 on Isaac clock; Network_est approximate
2026-05-23T10:35:59.1143230Z,169,134,0,1779532559097,1779532559033000000,1779532559033000000,1779532559032000000,1779532559095000000,1779532559097000000,1779532559105000000,1779532559114000000,72.0000,63.0000,4.5000,9.0000,81.0000,20.81,T3-T5 on Isaac clock; Network_est approximate
2026-05-23T10:35:59.2606260Z,171,137,0,1779532559190,1779532559151000000,1779532559151000000,1779532559151000000,1779532559186000000,1779532559190000000,1779532559220000000,1779532559260000000,69.0000,35.0000,17.0000,40.0000,109.0000,22.80,T3-T5 on Isaac clock; Network_est approximate
2026-05-23T10:35:59.2646720Z,172,138,0,1779532559227,1779532559219000000,1779532559219000000,1779532559219000000,1779532559227000000,1779532559227000000,1779532559260000000,1779532559264000000,41.0000,8.0000,16.5000,4.0000,45.0000,23.39,T3-T5 on Isaac clock; Network_est approximate
2026-05-23T10:35:59.3348480Z,173,140,0,1779532559289,1779532559264000000,1779532559264000000,1779532559264000000,1779532559285000000,1779532559289000000,1779532559299000000,1779532559334000000,35.0000,21.0000,7.0000,35.0000,70.0000,22.39,T3-T5 on Isaac clock; Network_est approximate
2026-05-23T10:35:59.4036780Z,174,141,0,1779532559325,1779532559298000000,1779532559299000000,1779532559298000000,1779532559321000000,1779532559325000000,1779532559334000000,1779532559403000000,35.0000,23.0000,6.0000,69.0000,105.0000,23.09,T3-T5 on Isaac clock; Network_est approximate
2026-05-23T10:35:59.4073400Z,175,142,0,1779532559361,1779532559333000000,1779532559333000000,1779532559333000000,1779532559361000000,1779532559361000000,1779532559403000000,1779532559407000000,70.0000,28.0000,21.0000,4.0000,74.0000,23.66,T3-T5 on Isaac clock; Network_est approximate
2026-05-23T10:35:59.4780530Z,176,144,0,1779532559424,1779532559407000000,1779532559407000000,1779532559406000000,1779532559421000000,1779532559424000000,1779532559442000000,1779532559478000000,35.0000,15.0000,10.0000,36.0000,71.0000,22.65,T3-T5 on Isaac clock; Network_est approximate
2026-05-23T10:35:59.5223150Z,177,145,0,1779532559460,1779532559441000000,1779532559441000000,1779532559441000000,1779532559455000000,1779532559460000000,1779532559477000000,1779532559522000000,36.0000,14.0000,11.0000,45.0000,81.0000,21.75,T3-T5 on Isaac clock; Network_est approximate
2026-05-23T10:35:59.5940890Z,178,146,0,1779532559496,1779532559477000000,1779532559477000000,1779532559477000000,1779532559495000000,1779532559496000000,1779532559522000000,1779532559594000000,45.0000,18.0000,13.5000,72.0000,117.0000,22.63,T3-T5 on Isaac clock; Network_est approximate
2026-05-23T10:35:59.5977580Z,180,147,0,1779532559589,1779532559521000000,1779532559522000000,1779532559521000000,1779532559587000000,1779532559589000000,1779532559594000000,1779532559597000000,72.0000,66.0000,3.0000,3.0000,76.0000,26.79,T3-T5 on Isaac clock; Network_est approximate
2026-05-23T10:35:59.6996470Z,181,149,0,1779532559632,1779532559597000000,1779532559597000000,1779532559597000000,1779532559627000000,1779532559632000000,1779532559665000000,1779532559699000000,68.0000,30.0000,19.0000,34.0000,102.0000,28.80,T3-T5 on Isaac clock; Network_est approximate
2026-05-23T10:35:59.7332610Z,182,151,0,1779532559688,1779532559665000000,1779532559665000000,1779532559665000000,1779532559685000000,1779532559688000000,1779532559699000000,1779532559733000000,34.0000,20.0000,7.0000,34.0000,68.0000,28.39,T3-T5 on Isaac clock; Network_est approximate
2026-05-23T10:35:59.7665150Z,183,152,0,1779532559719,1779532559699000000,1779532559699000000,1779532559699000000,1779532559718000000,1779532559719000000,1779532559733000000,1779532559766000000,34.0000,19.0000,7.5000,33.0000,67.0000,26.75,T3-T5 on Isaac clock; Network_est approximate
2026-05-23T10:35:59.7994030Z,184,153,0,1779532559761,1779532559733000000,1779532559733000000,1779532559732000000,1779532559758000000,1779532559761000000,1779532559766000000,1779532559799000000,33.0000,26.0000,3.5000,33.0000,66.0000,25.65,T3-T5 on Isaac clock; Network_est approximate
2026-05-23T10:35:59.8652490Z,185,155,0,1779532559819,1779532559799000000,1779532559799000000,1779532559798000000,1779532559816000000,1779532559819000000,1779532559832000000,1779532559865000000,33.0000,18.0000,7.5000,33.0000,66.0000,24.54,T3-T5 on Isaac clock; Network_est approximate
2026-05-23T10:35:59.8974950Z,186,156,0,1779532559850,1779532559831000000,1779532559831000000,1779532559831000000,1779532559850000000,1779532559850000000,1779532559865000000,1779532559897000000,34.0000,19.0000,7.5000,32.0000,66.0000,23.08,T3-T5 on Isaac clock; Network_est approximate
2026-05-23T10:35:59.9304320Z,187,157,0,1779532559893,1779532559864000000,1779532559864000000,1779532559864000000,1779532559892000000,1779532559893000000,1779532559897000000,1779532559930000000,33.0000,28.0000,2.5000,33.0000,66.0000,22.27,T3-T5 on Isaac clock; Network_est approximate
2026-05-23T10:36:00.0399420Z,188,159,0,1779532559950,1779532559930000000,1779532559930000000,1779532559929000000,1779532559949000000,1779532559950000000,1779532559964000000,1779532560039000000,34.0000,20.0000,7.0000,75.0000,109.0000,24.15,T3-T5 on Isaac clock; Network_est approximate
2026-05-23T10:36:00.0440410Z,190,160,0,1779532560028,1779532559964000000,1779532559964000000,1779532559964000000,1779532560024000000,1779532560028000000,1779532560039000000,1779532560044000000,75.0000,60.0000,7.5000,5.0000,80.0000,27.25,T3-T5 on Isaac clock; Network_est approximate
2026-05-23T10:36:00.1533350Z,192,163,0,1779532560119,1779532560077000000,1779532560077000000,1779532560078000000,1779532560115000000,1779532560119000000,1779532560121000000,1779532560153000000,44.0000,37.0000,3.5000,32.0000,76.0000,26.69,T3-T5 on Isaac clock; Network_est approximate
2026-05-23T10:36:00.2245320Z,193,165,0,1779532560156,1779532560153000000,1779532560153000000,1779532560153000000,1779532560155000000,1779532560156000000,1779532560219000000,1779532560224000000,66.0000,2.0000,32.0000,5.0000,71.0000,27.16,T3-T5 on Isaac clock; Network_est approximate
2026-05-23T10:36:00.2641990Z,194,165,0,1779532560218,1779532560153000000,1779532560153000000,1779532560153000000,1779532560213000000,1779532560218000000,1779532560224000000,1779532560264000000,71.0000,60.0000,5.5000,40.0000,111.0000,26.86,T3-T5 on Isaac clock; Network_est approximate
2026-05-23T10:36:00.2993970Z,195,167,0,1779532560249,1779532560224000000,1779532560224000000,1779532560223000000,1779532560246000000,1779532560249000000,1779532560264000000,1779532560299000000,40.0000,23.0000,8.5000,35.0000,75.0000,25.44,T3-T5 on Isaac clock; Network_est approximate
2026-05-23T10:36:00.3403300Z,196,168,0,1779532560291,1779532560263000000,1779532560263000000,1779532560263000000,1779532560286000000,1779532560291000000,1779532560299000000,1779532560340000000,36.0000,23.0000,6.5000,41.0000,77.0000,23.94,T3-T5 on Isaac clock; Network_est approximate
2026-05-23T10:36:00.4236480Z,198,170,0,1779532560380,1779532560339000000,1779532560339000000,1779532560339000000,1779532560378000000,1779532560380000000,1779532560386000000,1779532560423000000,47.0000,39.0000,4.0000,37.0000,84.0000,22.76,T3-T5 on Isaac clock; Network_est approximate
2026-05-23T10:36:00.4647370Z,199,171,0,1779532560421,1779532560385000000,1779532560386000000,1779532560385000000,1779532560419000000,1779532560421000000,1779532560423000000,1779532560464000000,37.0000,34.0000,1.5000,41.0000,79.0000,21.34,T3-T5 on Isaac clock; Network_est approximate
2026-05-23T10:36:00.5567290Z,202,173,0,1779532560551,1779532560464000000,1779532560464000000,1779532560464000000,1779532560550000000,1779532560551000000,1779532560552000000,1779532560556000000,88.0000,86.0000,1.0000,4.0000,92.0000,22.38,T3-T5 on Isaac clock; Network_est approximate
2026-05-23T10:36:00.6419950Z,203,175,0,1779532560613,1779532560556000000,1779532560556000000,1779532560556000000,1779532560609000000,1779532560613000000,1779532560638000000,1779532560641000000,82.0000,53.0000,14.5000,3.0000,85.0000,22.44,T3-T5 on Isaac clock; Network_est approximate
2026-05-23T10:36:00.7067800Z,204,177,0,1779532560645,1779532560641000000,1779532560641000000,1779532560641000000,1779532560643000000,1779532560645000000,1779532560675000000,1779532560706000000,34.0000,2.0000,16.0000,31.0000,65.0000,23.08,T3-T5 on Isaac clock; Network_est approximate
2026-05-23T10:36:00.7385960Z,205,178,0,1779532560688,1779532560674000000,1779532560674000000,1779532560674000000,1779532560683000000,1779532560688000000,1779532560706000000,1779532560738000000,32.0000,9.0000,11.5000,32.0000,64.0000,22.34,T3-T5 on Isaac clock; Network_est approximate
2026-05-23T10:36:00.8078860Z,206,180,0,1779532560746,1779532560738000000,1779532560738000000,1779532560737000000,1779532560741000000,1779532560746000000,1779532560774000000,1779532560807000000,36.0000,4.0000,16.0000,33.0000,69.0000,21.64,T3-T5 on Isaac clock; Network_est approximate
2026-05-23T10:36:00.8393400Z,207,181,0,1779532560778,1779532560774000000,1779532560774000000,1779532560774000000,1779532560775000000,1779532560778000000,1779532560807000000,1779532560839000000,33.0000,1.0000,16.0000,32.0000,65.0000,20.33,T3-T5 on Isaac clock; Network_est approximate
2026-05-23T10:36:00.8710560Z,208,182,0,1779532560819,1779532560807000000,1779532560807000000,1779532560807000000,1779532560815000000,1779532560819000000,1779532560839000000,1779532560871000000,32.0000,8.0000,12.0000,32.0000,64.0000,19.64,T3-T5 on Isaac clock; Network_est approximate
2026-05-23T10:36:00.9373230Z,209,184,0,1779532560876,1779532560870000000,1779532560870000000,1779532560870000000,1779532560874000000,1779532560876000000,1779532560903000000,1779532560937000000,33.0000,4.0000,14.5000,34.0000,67.0000,18.99,T3-T5 on Isaac clock; Network_est approximate
2026-05-23T10:36:00.9712630Z,210,185,0,1779532560912,1779532560902000000,1779532560902000000,1779532560902000000,1779532560909000000,1779532560912000000,1779532560937000000,1779532560971000000,35.0000,7.0000,14.0000,34.0000,69.0000,17.93,T3-T5 on Isaac clock; Network_est approximate
2026-05-23T10:36:01.0036320Z,211,186,0,1779532560954,1779532560937000000,1779532560937000000,1779532560936000000,1779532560949000000,1779532560954000000,1779532560971000000,1779532561003000000,34.0000,13.0000,10.5000,32.0000,66.0000,17.42,T3-T5 on Isaac clock; Network_est approximate
2026-05-23T10:36:01.0786950Z,212,188,0,1779532561011,1779532561003000000,1779532561003000000,1779532561003000000,1779532561007000000,1779532561011000000,1779532561035000000,1779532561078000000,32.0000,4.0000,14.0000,43.0000,75.0000,17.46,T3-T5 on Isaac clock; Network_est approximate
2026-05-23T10:36:01.1096720Z,213,189,0,1779532561043,1779532561035000000,1779532561035000000,1779532561035000000,1779532561041000000,1779532561043000000,1779532561078000000,1779532561109000000,43.0000,6.0000,18.5000,31.0000,74.0000,16.44,T3-T5 on Isaac clock; Network_est approximate
2026-05-23T10:36:01.1499120Z,214,190,0,1779532561085,1779532561078000000,1779532561078000000,1779532561078000000,1779532561081000000,1779532561085000000,1779532561109000000,1779532561149000000,31.0000,3.0000,14.0000,40.0000,71.0000,15.52,T3-T5 on Isaac clock; Network_est approximate
2026-05-23T10:36:01.1807790Z,215,191,0,1779532561142,1779532561109000000,1779532561109000000,1779532561109000000,1779532561139000000,1779532561142000000,1779532561149000000,1779532561180000000,40.0000,30.0000,5.0000,31.0000,71.0000,16.19,T3-T5 on Isaac clock; Network_est approximate
2026-05-23T10:36:01.2130990Z,216,192,0,1779532561174,1779532561149000000,1779532561149000000,1779532561149000000,1779532561172000000,1779532561174000000,1779532561180000000,1779532561213000000,31.0000,23.0000,4.0000,33.0000,64.0000,15.22,T3-T5 on Isaac clock; Network_est approximate
2026-05-23T10:36:01.2830970Z,217,194,0,1779532561216,1779532561212000000,1779532561212000000,1779532561212000000,1779532561212000000,1779532561216000000,1779532561244000000,1779532561283000000,32.0000,0.0000,16.0000,39.0000,71.0000,16.01,T3-T5 on Isaac clock; Network_est approximate
2026-05-23T10:36:01.3143070Z,218,195,0,1779532561272,1779532561244000000,1779532561244000000,1779532561243000000,1779532561270000000,1779532561272000000,1779532561283000000,1779532561314000000,39.0000,27.0000,6.0000,31.0000,70.0000,16.55,T3-T5 on Isaac clock; Network_est approximate
2026-05-23T10:36:01.3460820Z,219,196,0,1779532561308,1779532561282000000,1779532561282000000,1779532561282000000,1779532561303000000,1779532561308000000,1779532561314000000,1779532561346000000,32.0000,21.0000,5.5000,32.0000,64.0000,15.79,T3-T5 on Isaac clock; Network_est approximate
2026-05-23T10:36:01.4114020Z,220,198,0,1779532561350,1779532561345000000,1779532561345000000,1779532561345000000,1779532561347000000,1779532561350000000,1779532561377000000,1779532561411000000,32.0000,2.0000,15.0000,34.0000,66.0000,16.22,T3-T5 on Isaac clock; Network_est approximate
2026-05-23T10:36:01.4730140Z,221,199,0,1779532561413,1779532561377000000,1779532561377000000,1779532561377000000,1779532561408000000,1779532561413000000,1779532561440000000,1779532561473000000,63.0000,31.0000,16.0000,33.0000,96.0000,15.26,T3-T5 on Isaac clock; Network_est approximate
2026-05-23T10:36:01.5082990Z,222,201,0,1779532561444,1779532561440000000,1779532561440000000,1779532561440000000,1779532561443000000,1779532561444000000,1779532561472000000,1779532561508000000,32.0000,3.0000,14.5000,36.0000,68.0000,14.57,T3-T5 on Isaac clock; Network_est approximate
2026-05-23T10:36:01.5486550Z,223,202,0,1779532561487,1779532561472000000,1779532561472000000,1779532561472000000,1779532561485000000,1779532561487000000,1779532561508000000,1779532561548000000,36.0000,13.0000,11.5000,40.0000,76.0000,13.82,T3-T5 on Isaac clock; Network_est approximate
2026-05-23T10:36:01.6287020Z,225,204,0,1779532561580,1779532561548000000,1779532561548000000,1779532561548000000,1779532561577000000,1779532561580000000,1779532561625000000,1779532561628000000,77.0000,29.0000,24.0000,3.0000,80.0000,13.77,T3-T5 on Isaac clock; Network_est approximate
2026-05-23T10:36:01.6999510Z,226,204,0,1779532561624,1779532561548000000,1779532561548000000,1779532561548000000,1779532561617000000,1779532561624000000,1779532561628000000,1779532561699000000,80.0000,69.0000,5.5000,71.0000,151.0000,14.61,T3-T5 on Isaac clock; Network_est approximate
2026-05-23T10:36:01.7039290Z,227,206,0,1779532561681,1779532561628000000,1779532561628000000,1779532561628000000,1779532561676000000,1779532561681000000,1779532561699000000,1779532561703000000,71.0000,48.0000,11.5000,4.0000,75.0000,17.01,T3-T5 on Isaac clock; Network_est approximate
2026-05-23T10:36:01.7731410Z,228,208,0,1779532561713,1779532561703000000,1779532561703000000,1779532561703000000,1779532561712000000,1779532561713000000,1779532561735000000,1779532561773000000,32.0000,9.0000,11.5000,38.0000,70.0000,18.27,T3-T5 on Isaac clock; Network_est approximate
2026-05-23T10:36:01.8041190Z,229,209,0,1779532561755,1779532561735000000,1779532561735000000,1779532561735000000,1779532561752000000,1779532561755000000,1779532561773000000,1779532561804000000,38.0000,17.0000,10.5000,31.0000,69.0000,17.82,T3-T5 on Isaac clock; Network_est approximate
2026-05-23T10:36:01.8675870Z,230,211,0,1779532561815,1779532561803000000,1779532561803000000,1779532561803000000,1779532561811000000,1779532561815000000,1779532561836000000,1779532561867000000,33.0000,8.0000,12.5000,31.0000,64.0000,16.92,T3-T5 on Isaac clock; Network_est approximate
2026-05-23T10:36:01.8994930Z,231,212,0,1779532561847,1779532561835000000,1779532561836000000,1779532561836000000,1779532561844000000,1779532561847000000,1779532561867000000,1779532561899000000,31.0000,8.0000,11.5000,32.0000,64.0000,15.88,T3-T5 on Isaac clock; Network_est approximate
2026-05-23T10:36:01.9305780Z,232,213,0,1779532561889,1779532561867000000,1779532561867000000,1779532561867000000,1779532561885000000,1779532561889000000,1779532561899000000,1779532561930000000,32.0000,18.0000,7.0000,31.0000,63.0000,15.55,T3-T5 on Isaac clock; Network_est approximate
2026-05-23T10:36:02.0073470Z,233,215,0,1779532561947,1779532561930000000,1779532561930000000,1779532561931000000,1779532561943000000,1779532561947000000,1779532561962000000,1779532562007000000,32.0000,12.0000,10.0000,45.0000,77.0000,15.69,T3-T5 on Isaac clock; Network_est approximate
2026-05-23T10:36:02.0659030Z,234,216,0,1779532561979,1779532561962000000,1779532561962000000,1779532561962000000,1779532561978000000,1779532561979000000,1779532562007000000,1779532562065000000,45.0000,16.0000,14.5000,58.0000,103.0000,16.42,T3-T5 on Isaac clock; Network_est approximate
2026-05-23T10:36:02.0696560Z,235,217,0,1779532562021,1779532562006000000,1779532562006000000,1779532562006000000,1779532562019000000,1779532562021000000,1779532562065000000,1779532562069000000,59.0000,13.0000,23.0000,4.0000,63.0000,17.78,T3-T5 on Isaac clock; Network_est approximate
2026-05-23T10:36:02.1464620Z,236,219,0,1779532562079,1779532562069000000,1779532562069000000,1779532562068000000,1779532562077000000,1779532562079000000,1779532562105000000,1779532562146000000,36.0000,9.0000,13.5000,41.0000,77.0000,17.84,T3-T5 on Isaac clock; Network_est approximate
2026-05-23T10:36:02.1771970Z,237,220,0,1779532562115,1779532562105000000,1779532562105000000,1779532562104000000,1779532562110000000,1779532562115000000,1779532562146000000,1779532562177000000,41.0000,6.0000,17.5000,31.0000,72.0000,17.05,T3-T5 on Isaac clock; Network_est approximate
2026-05-23T10:36:02.2090690Z,238,221,0,1779532562151,1779532562146000000,1779532562146000000,1779532562145000000,1779532562150000000,1779532562151000000,1779532562177000000,1779532562209000000,31.0000,5.0000,13.0000,32.0000,63.0000,16.24,T3-T5 on Isaac clock; Network_est approximate
2026-05-23T10:36:02.2768410Z,239,223,0,1779532562213,1779532562208000000,1779532562208000000,1779532562208000000,1779532562209000000,1779532562213000000,1779532562240000000,1779532562276000000,32.0000,1.0000,15.5000,36.0000,68.0000,15.58,T3-T5 on Isaac clock; Network_est approximate
2026-05-23T10:36:02.3094200Z,240,224,0,1779532562245,1779532562240000000,1779532562240000000,1779532562240000000,1779532562243000000,1779532562245000000,1779532562276000000,1779532562309000000,36.0000,3.0000,16.5000,33.0000,69.0000,14.65,T3-T5 on Isaac clock; Network_est approximate
2026-05-23T10:36:02.3411620Z,241,225,0,1779532562286,1779532562276000000,1779532562276000000,1779532562276000000,1779532562283000000,1779532562286000000,1779532562309000000,1779532562341000000,33.0000,7.0000,13.0000,32.0000,65.0000,14.31,T3-T5 on Isaac clock; Network_est approximate
2026-05-23T10:36:02.4042710Z,242,227,0,1779532562345,1779532562340000000,1779532562340000000,1779532562340000000,1779532562343000000,1779532562345000000,1779532562372000000,1779532562404000000,32.0000,3.0000,14.5000,32.0000,64.0000,13.67,T3-T5 on Isaac clock; Network_est approximate
2026-05-23T10:36:02.4357290Z,243,228,0,1779532562377,1779532562372000000,1779532562372000000,1779532562372000000,1779532562376000000,1779532562377000000,1779532562404000000,1779532562435000000,32.0000,4.0000,14.0000,31.0000,63.0000,12.86,T3-T5 on Isaac clock; Network_est approximate
2026-05-23T10:36:02.4671340Z,244,229,0,1779532562419,1779532562404000000,1779532562404000000,1779532562403000000,1779532562416000000,1779532562419000000,1779532562435000000,1779532562467000000,31.0000,13.0000,9.0000,32.0000,63.0000,12.72,T3-T5 on Isaac clock; Network_est approximate
2026-05-23T10:36:02.5308580Z,245,231,0,1779532562478,1779532562466000000,1779532562466000000,1779532562467000000,1779532562474000000,1779532562478000000,1779532562498000000,1779532562530000000,32.0000,7.0000,12.5000,32.0000,64.0000,12.23,T3-T5 on Isaac clock; Network_est approximate
2026-05-23T10:36:02.5638640Z,246,232,0,1779532562509,1779532562498000000,1779532562498000000,1779532562498000000,1779532562507000000,1779532562509000000,1779532562530000000,1779532562563000000,32.0000,9.0000,11.5000,33.0000,65.0000,11.60,T3-T5 on Isaac clock; Network_est approximate
2026-05-23T10:36:02.6048960Z,247,233,0,1779532562550,1779532562530000000,1779532562530000000,1779532562530000000,1779532562548000000,1779532562550000000,1779532562563000000,1779532562604000000,33.0000,18.0000,7.5000,41.0000,74.0000,10.88,T3-T5 on Isaac clock; Network_est approximate
2026-05-23T10:36:02.7190340Z,249,235,0,1779532562640,1779532562604000000,1779532562604000000,1779532562604000000,1779532562638000000,1779532562640000000,1779532562674000000,1779532562719000000,70.0000,34.0000,18.0000,45.0000,115.0000,11.68,T3-T5 on Isaac clock; Network_est approximate
2026-05-23T10:36:02.7229570Z,250,236,0,1779532562681,1779532562673000000,1779532562673000000,1779532562673000000,1779532562678000000,1779532562681000000,1779532562718000000,1779532562722000000,45.0000,5.0000,20.0000,4.0000,49.0000,13.24,T3-T5 on Isaac clock; Network_est approximate
2026-05-23T10:36:02.7904110Z,251,238,0,1779532562740,1779532562722000000,1779532562722000000,1779532562722000000,1779532562736000000,1779532562740000000,1779532562754000000,1779532562790000000,32.0000,14.0000,9.0000,36.0000,68.0000,12.93,T3-T5 on Isaac clock; Network_est approximate
2026-05-23T10:36:02.8240070Z,252,239,0,1779532562772,1779532562754000000,1779532562754000000,1779532562754000000,1779532562771000000,1779532562772000000,1779532562790000000,1779532562824000000,36.0000,17.0000,9.5000,34.0000,70.0000,12.23,T3-T5 on Isaac clock; Network_est approximate
2026-05-23T10:36:02.8550360Z,253,240,0,1779532562814,1779532562790000000,1779532562790000000,1779532562789000000,1779532562810000000,1779532562814000000,1779532562823000000,1779532562855000000,33.0000,21.0000,6.0000,32.0000,65.0000,12.14,T3-T5 on Isaac clock; Network_est approximate
2026-05-23T10:36:02.9180940Z,254,242,0,1779532562871,1779532562854000000,1779532562854000000,1779532562854000000,1779532562868000000,1779532562871000000,1779532562886000000,1779532562918000000,32.0000,14.0000,9.0000,32.0000,64.0000,11.77,T3-T5 on Isaac clock; Network_est approximate
2026-05-23T10:36:02.9498860Z,255,243,0,1779532562908,1779532562886000000,1779532562886000000,1779532562886000000,1779532562905000000,1779532562908000000,1779532562918000000,1779532562949000000,32.0000,19.0000,6.5000,31.0000,63.0000,11.36,T3-T5 on Isaac clock; Network_est approximate
2026-05-23T10:36:02.9813500Z,256,244,0,1779532562945,1779532562917000000,1779532562917000000,1779532562917000000,1779532562945000000,1779532562945000000,1779532562949000000,1779532562981000000,32.0000,28.0000,2.0000,32.0000,64.0000,10.99,T3-T5 on Isaac clock; Network_est approximate
2026-05-23T10:36:03.0448820Z,257,246,0,1779532563008,1779532562981000000,1779532562981000000,1779532562981000000,1779532563003000000,1779532563008000000,1779532563012000000,1779532563044000000,31.0000,22.0000,4.5000,32.0000,63.0000,10.33,T3-T5 on Isaac clock; Network_est approximate
2026-05-23T10:36:03.0772110Z,258,247,0,1779532563038,1779532563012000000,1779532563012000000,1779532563012000000,1779532563037000000,1779532563038000000,1779532563044000000,1779532563077000000,32.0000,25.0000,3.5000,33.0000,65.0000,9.83,T3-T5 on Isaac clock; Network_est approximate
2026-05-23T10:36:03.1497450Z,259,249,0,1779532563080,1779532563077000000,1779532563077000000,1779532563076000000,1779532563079000000,1779532563080000000,1779532563118000000,1779532563149000000,41.0000,3.0000,19.0000,31.0000,72.0000,11.11,T3-T5 on Isaac clock; Network_est approximate
2026-05-23T10:36:03.1902880Z,260,250,0,1779532563141,1779532563117000000,1779532563118000000,1779532563117000000,1779532563138000000,1779532563141000000,1779532563149000000,1779532563190000000,31.0000,21.0000,5.0000,41.0000,73.0000,11.68,T3-T5 on Isaac clock; Network_est approximate
2026-05-23T10:36:03.2215200Z,261,251,0,1779532563172,1779532563149000000,1779532563149000000,1779532563149000000,1779532563171000000,1779532563172000000,1779532563190000000,1779532563221000000,41.0000,22.0000,9.5000,31.0000,72.0000,10.97,T3-T5 on Isaac clock; Network_est approximate
2026-05-23T10:36:03.2532000Z,262,252,0,1779532563214,1779532563190000000,1779532563190000000,1779532563189000000,1779532563211000000,1779532563214000000,1779532563221000000,1779532563253000000,31.0000,22.0000,4.5000,32.0000,63.0000,10.93,T3-T5 on Isaac clock; Network_est approximate
2026-05-23T10:36:03.3279030Z,263,254,0,1779532563271,1779532563252000000,1779532563252000000,1779532563252000000,1779532563271000000,1779532563271000000,1779532563290000000,1779532563327000000,38.0000,19.0000,9.5000,37.0000,75.0000,11.35,T3-T5 on Isaac clock; Network_est approximate
2026-05-23T10:36:03.3586120Z,264,255,0,1779532563307,1779532563289000000,1779532563289000000,1779532563290000000,1779532563304000000,1779532563307000000,1779532563327000000,1779532563358000000,38.0000,14.0000,12.0000,31.0000,69.0000,10.97,T3-T5 on Isaac clock; Network_est approximate
2026-05-23T10:36:03.3908540Z,265,256,0,1779532563348,1779532563327000000,1779532563327000000,1779532563327000000,1779532563344000000,1779532563348000000,1779532563358000000,1779532563390000000,31.0000,17.0000,7.0000,32.0000,63.0000,10.83,T3-T5 on Isaac clock; Network_est approximate
2026-05-23T10:36:03.4539470Z,266,258,0,1779532563405,1779532563390000000,1779532563390000000,1779532563390000000,1779532563402000000,1779532563405000000,1779532563422000000,1779532563453000000,32.0000,12.0000,10.0000,31.0000,63.0000,10.54,T3-T5 on Isaac clock; Network_est approximate
2026-05-23T10:36:03.4850810Z,267,259,0,1779532563442,1779532563421000000,1779532563421000000,1779532563421000000,1779532563437000000,1779532563442000000,1779532563453000000,1779532563485000000,32.0000,16.0000,8.0000,32.0000,64.0000,10.25,T3-T5 on Isaac clock; Network_est approximate
2026-05-23T10:36:03.5171800Z,268,260,0,1779532563478,1779532563453000000,1779532563453000000,1779532563453000000,1779532563477000000,1779532563478000000,1779532563485000000,1779532563517000000,32.0000,24.0000,4.0000,32.0000,64.0000,9.86,T3-T5 on Isaac clock; Network_est approximate
2026-05-23T10:36:03.5906380Z,269,262,0,1779532563535,1779532563516000000,1779532563516000000,1779532563516000000,1779532563535000000,1779532563535000000,1779532563549000000,1779532563590000000,33.0000,19.0000,7.0000,41.0000,74.0000,10.24,T3-T5 on Isaac clock; Network_est approximate
2026-05-23T10:36:03.6209460Z,270,263,0,1779532563577,1779532563548000000,1779532563548000000,1779532563548000000,1779532563574000000,1779532563577000000,1779532563590000000,1779532563620000000,42.0000,26.0000,8.0000,30.0000,72.0000,10.30,T3-T5 on Isaac clock; Network_est approximate
2026-05-23T10:36:03.6623060Z,271,264,0,1779532563613,1779532563589000000,1779532563589000000,1779532563589000000,1779532563613000000,1779532563613000000,1779532563620000000,1779532563662000000,31.0000,24.0000,3.5000,42.0000,73.0000,9.99,T3-T5 on Isaac clock; Network_est approximate
2026-05-23T10:36:03.7251850Z,272,266,0,1779532563672,1779532563662000000,1779532563662000000,1779532563661000000,1779532563672000000,1779532563672000000,1779532563692000000,1779532563725000000,30.0000,11.0000,9.5000,33.0000,63.0000,9.60,T3-T5 on Isaac clock; Network_est approximate
2026-05-23T10:36:03.7607380Z,273,267,0,1779532563709,1779532563692000000,1779532563692000000,1779532563692000000,1779532563705000000,1779532563709000000,1779532563725000000,1779532563760000000,33.0000,13.0000,10.0000,35.0000,68.0000,9.09,T3-T5 on Isaac clock; Network_est approximate
2026-05-23T10:36:03.8281650Z,274,268,0,1779532563747,1779532563724000000,1779532563724000000,1779532563724000000,1779532563747000000,1779532563747000000,1779532563760000000,1779532563828000000,36.0000,23.0000,6.5000,68.0000,104.0000,10.37,T3-T5 on Isaac clock; Network_est approximate
2026-05-23T10:36:03.8328170Z,275,269,0,1779532563808,1779532563760000000,1779532563760000000,1779532563760000000,1779532563805000000,1779532563808000000,1779532563828000000,1779532563832000000,68.0000,45.0000,11.5000,4.0000,72.0000,13.26,T3-T5 on Isaac clock; Network_est approximate
2026-05-23T10:36:03.9007680Z,276,271,0,1779532563840,1779532563832000000,1779532563832000000,1779532563832000000,1779532563839000000,1779532563840000000,1779532563864000000,1779532563900000000,32.0000,7.0000,12.5000,36.0000,68.0000,14.70,T3-T5 on Isaac clock; Network_est approximate
2026-05-23T10:36:03.9325460Z,277,272,0,1779532563881,1779532563863000000,1779532563863000000,1779532563863000000,1779532563879000000,1779532563881000000,1779532563900000000,1779532563932000000,37.0000,16.0000,10.5000,32.0000,69.0000,14.36,T3-T5 on Isaac clock; Network_est approximate
2026-05-23T10:36:03.9957450Z,278,274,0,1779532563942,1779532563932000000,1779532563932000000,1779532563931000000,1779532563937000000,1779532563942000000,1779532563963000000,1779532563995000000,31.0000,6.0000,12.5000,32.0000,63.0000,13.60,T3-T5 on Isaac clock; Network_est approximate
2026-05-23T10:36:04.0274140Z,279,275,0,1779532563973,1779532563963000000,1779532563963000000,1779532563963000000,1779532563972000000,1779532563973000000,1779532563995000000,1779532564027000000,32.0000,9.0000,11.5000,32.0000,64.0000,12.79,T3-T5 on Isaac clock; Network_est approximate
2026-05-23T10:36:04.0595050Z,280,276,0,1779532564016,1779532563995000000,1779532563995000000,1779532563995000000,1779532564014000000,1779532564016000000,1779532564027000000,1779532564059000000,32.0000,19.0000,6.5000,32.0000,64.0000,12.67,T3-T5 on Isaac clock; Network_est approximate
2026-05-23T10:36:04.1343060Z,281,278,0,1779532564080,1779532564059000000,1779532564059000000,1779532564059000000,1779532564075000000,1779532564080000000,1779532564091000000,1779532564134000000,32.0000,16.0000,8.0000,43.0000,75.0000,12.55,T3-T5 on Isaac clock; Network_est approximate
2026-05-23T10:36:04.2045890Z,282,279,0,1779532564111,1779532564091000000,1779532564091000000,1779532564090000000,1779532564109000000,1779532564111000000,1779532564134000000,1779532564204000000,43.0000,19.0000,12.0000,70.0000,113.0000,14.21,T3-T5 on Isaac clock; Network_est approximate
2026-05-23T10:36:04.2115820Z,283,280,0,1779532564153,1779532564134000000,1779532564134000000,1779532564133000000,1779532564149000000,1779532564153000000,1779532564204000000,1779532564211000000,70.0000,16.0000,27.0000,7.0000,77.0000,15.49,T3-T5 on Isaac clock; Network_est approximate
2026-05-23T10:36:04.2435340Z,284,281,0,1779532564210,1779532564204000000,1779532564204000000,1779532564203000000,1779532564207000000,1779532564210000000,1779532564211000000,1779532564243000000,7.0000,4.0000,1.5000,32.0000,39.0000,16.10,T3-T5 on Isaac clock; Network_est approximate
2026-05-23T10:36:04.3123760Z,285,282,0,1779532564241,1779532564211000000,1779532564211000000,1779532564210000000,1779532564241000000,1779532564241000000,1779532564280000000,1779532564312000000,69.0000,31.0000,19.0000,32.0000,101.0000,17.47,T3-T5 on Isaac clock; Network_est approximate
2026-05-23T10:36:04.3435230Z,286,284,0,1779532564284,1779532564280000000,1779532564280000000,1779532564280000000,1779532564281000000,1779532564284000000,1779532564312000000,1779532564343000000,32.0000,1.0000,15.5000,31.0000,63.0000,17.11,T3-T5 on Isaac clock; Network_est approximate
2026-05-23T10:36:04.4073490Z,288,286,0,1779532564373,1779532564343000000,1779532564343000000,1779532564342000000,1779532564371000000,1779532564373000000,1779532564375000000,1779532564407000000,32.0000,29.0000,1.5000,32.0000,64.0000,17.62,T3-T5 on Isaac clock; Network_est approximate
2026-05-23T10:36:04.4708010Z,289,288,0,1779532564415,1779532564407000000,1779532564407000000,1779532564407000000,1779532564412000000,1779532564415000000,1779532564438000000,1779532564470000000,31.0000,5.0000,13.0000,32.0000,63.0000,17.85,T3-T5 on Isaac clock; Network_est approximate
2026-05-23T10:36:04.5399490Z,291,290,0,1779532564504,1779532564470000000,1779532564470000000,1779532564470000000,1779532564504000000,1779532564504000000,1779532564508000000,1779532564539000000,38.0000,34.0000,2.0000,31.0000,69.0000,17.98,T3-T5 on Isaac clock; Network_est approximate
2026-05-23T10:36:04.6081240Z,292,292,0,1779532564546,1779532564539000000,1779532564539000000,1779532564539000000,1779532564544000000,1779532564546000000,1779532564572000000,1779532564608000000,33.0000,5.0000,14.0000,36.0000,69.0000,18.49,T3-T5 on Isaac clock; Network_est approximate
2026-05-23T10:36:04.6499100Z,293,293,0,1779532564603,1779532564572000000,1779532564572000000,1779532564571000000,1779532564602000000,1779532564603000000,1779532564608000000,1779532564649000000,36.0000,31.0000,2.5000,41.0000,77.0000,18.29,T3-T5 on Isaac clock; Network_est approximate
2026-05-23T10:36:04.6885230Z,294,294,0,1779532564640,1779532564607000000,1779532564607000000,1779532564607000000,1779532564635000000,1779532564640000000,1779532564649000000,1779532564688000000,42.0000,28.0000,7.0000,39.0000,81.0000,17.16,T3-T5 on Isaac clock; Network_est approximate
2026-05-23T10:36:04.7298690Z,295,295,0,1779532564682,1779532564649000000,1779532564649000000,1779532564649000000,1779532564678000000,1779532564682000000,1779532564688000000,1779532564729000000,39.0000,29.0000,5.0000,41.0000,80.0000,16.13,T3-T5 on Isaac clock; Network_est approximate
2026-05-23T10:36:04.8071560Z,296,297,0,1779532564735,1779532564729000000,1779532564729000000,1779532564729000000,1779532564735000000,1779532564735000000,1779532564766000000,1779532564807000000,37.0000,6.0000,15.5000,41.0000,78.0000,16.65,T3-T5 on Isaac clock; Network_est approximate
2026-05-23T10:36:04.8400570Z,297,298,0,1779532564772,1779532564766000000,1779532564766000000,1779532564766000000,1779532564770000000,1779532564772000000,1779532564807000000,1779532564840000000,41.0000,4.0000,18.5000,33.0000,74.0000,15.86,T3-T5 on Isaac clock; Network_est approximate
2026-05-23T10:36:04.9074520Z,298,299,0,1779532564814,1779532564806000000,1779532564806000000,1779532564806000000,1779532564810000000,1779532564814000000,1779532564840000000,1779532564907000000,34.0000,4.0000,15.0000,67.0000,101.0000,16.45,T3-T5 on Isaac clock; Network_est approximate
2026-05-23T10:36:04.9120000Z,299,300,0,1779532564871,1779532564839000000,1779532564839000000,1779532564839000000,1779532564869000000,1779532564871000000,1779532564907000000,1779532564912000000,68.0000,30.0000,19.0000,5.0000,73.0000,18.70,T3-T5 on Isaac clock; Network_est approximate
2026-05-23T10:36:04.9457880Z,300,300,0,1779532564908,1779532564839000000,1779532564839000000,1779532564839000000,1779532564903000000,1779532564908000000,1779532564911000000,1779532564945000000,72.0000,64.0000,4.0000,34.0000,106.0000,17.73,T3-T5 on Isaac clock; Network_est approximate
2026-05-23T10:36:05.0151000Z,301,302,0,1779532564944,1779532564911000000,1779532564911000000,1779532564911000000,1779532564944000000,1779532564944000000,1779532564980000000,1779532565015000000,69.0000,33.0000,18.0000,35.0000,104.0000,18.69,T3-T5 on Isaac clock; Network_est approximate
2026-05-23T10:36:05.0471710Z,302,304,0,1779532565005,1779532564980000000,1779532564980000000,1779532564980000000,1779532565002000000,1779532565005000000,1779532565014000000,1779532565047000000,34.0000,22.0000,6.0000,33.0000,67.0000,19.32,T3-T5 on Isaac clock; Network_est approximate
2026-05-23T10:36:05.0812120Z,303,305,0,1779532565037,1779532565014000000,1779532565014000000,1779532565014000000,1779532565036000000,1779532565037000000,1779532565047000000,1779532565081000000,33.0000,22.0000,5.5000,34.0000,67.0000,18.23,T3-T5 on Isaac clock; Network_est approximate
2026-05-23T10:36:05.1611900Z,305,307,0,1779532565136,1779532565080000000,1779532565080000000,1779532565080000000,1779532565136000000,1779532565136000000,1779532565156000000,1779532565161000000,76.0000,56.0000,10.0000,5.0000,81.0000,18.35,T3-T5 on Isaac clock; Network_est approximate
2026-05-23T10:36:05.2387290Z,306,309,0,1779532565172,1779532565159000000,1779532565159000000,1779532565160000000,1779532565169000000,1779532565172000000,1779532565196000000,1779532565238000000,37.0000,9.0000,14.0000,42.0000,79.0000,19.86,T3-T5 on Isaac clock; Network_est approximate
2026-05-23T10:36:05.2762460Z,307,310,0,1779532565209,1779532565196000000,1779532565196000000,1779532565196000000,1779532565208000000,1779532565209000000,1779532565238000000,1779532565276000000,42.0000,12.0000,15.0000,38.0000,80.0000,18.65,T3-T5 on Isaac clock; Network_est approximate
2026-05-23T10:36:05.3115210Z,308,311,0,1779532565271,1779532565238000000,1779532565238000000,1779532565238000000,1779532565267000000,1779532565271000000,1779532565276000000,1779532565311000000,38.0000,29.0000,4.5000,35.0000,73.0000,19.16,T3-T5 on Isaac clock; Network_est approximate
2026-05-23T10:36:05.3445620Z,309,312,0,1779532565303,1779532565275000000,1779532565275000000,1779532565275000000,1779532565301000000,1779532565303000000,1779532565311000000,1779532565344000000,36.0000,26.0000,5.0000,33.0000,69.0000,18.03,T3-T5 on Isaac clock; Network_est approximate
2026-05-23T10:36:05.4108970Z,310,313,0,1779532565345,1779532565311000000,1779532565311000000,1779532565310000000,1779532565341000000,1779532565345000000,1779532565377000000,1779532565410000000,66.0000,31.0000,17.5000,33.0000,99.0000,18.39,T3-T5 on Isaac clock; Network_est approximate
2026-05-23T10:36:05.4419290Z,311,315,0,1779532565401,1779532565377000000,1779532565377000000,1779532565377000000,1779532565400000000,1779532565401000000,1779532565410000000,1779532565441000000,33.0000,23.0000,5.0000,31.0000,64.0000,18.76,T3-T5 on Isaac clock; Network_est approximate
2026-05-23T10:36:05.4736320Z,312,316,0,1779532565438,1779532565410000000,1779532565410000000,1779532565410000000,1779532565434000000,1779532565438000000,1779532565441000000,1779532565473000000,31.0000,24.0000,3.5000,32.0000,63.0000,17.92,T3-T5 on Isaac clock; Network_est approximate
2026-05-23T10:36:05.5368770Z,313,318,0,1779532565479,1779532565473000000,1779532565473000000,1779532565473000000,1779532565475000000,1779532565479000000,1779532565504000000,1779532565536000000,31.0000,2.0000,14.5000,32.0000,63.0000,18.19,T3-T5 on Isaac clock; Network_est approximate
2026-05-23T10:36:05.6030230Z,314,319,0,1779532565538,1779532565504000000,1779532565504000000,1779532565504000000,1779532565533000000,1779532565538000000,1779532565568000000,1779532565603000000,64.0000,29.0000,17.5000,35.0000,99.0000,17.43,T3-T5 on Isaac clock; Network_est approximate
2026-05-23T10:36:05.6353020Z,315,320,0,1779532565569,1779532565536000000,1779532565536000000,1779532565536000000,1779532565566000000,1779532565569000000,1779532565602000000,1779532565635000000,66.0000,30.0000,18.0000,33.0000,99.0000,16.49,T3-T5 on Isaac clock; Network_est approximate
2026-05-23T10:36:05.6767950Z,316,322,0,1779532565610,1779532565601000000,1779532565601000000,1779532565602000000,1779532565607000000,1779532565610000000,1779532565635000000,1779532565676000000,34.0000,5.0000,14.5000,41.0000,75.0000,15.49,T3-T5 on Isaac clock; Network_est approximate
2026-05-23T10:36:05.7550050Z,317,323,0,1779532565669,1779532565635000000,1779532565635000000,1779532565634000000,1779532565665000000,1779532565669000000,1779532565676000000,1779532565755000000,41.0000,31.0000,5.0000,79.0000,120.0000,15.70,T3-T5 on Isaac clock; Network_est approximate
2026-05-23T10:36:05.7592470Z,319,324,0,1779532565741,1779532565676000000,1779532565676000000,1779532565676000000,1779532565738000000,1779532565741000000,1779532565754000000,1779532565759000000,78.0000,62.0000,8.0000,5.0000,83.0000,18.95,T3-T5 on Isaac clock; Network_est approximate
2026-05-23T10:36:05.8562790Z,320,327,0,1779532565799,1779532565793000000,1779532565793000000,1779532565793000000,1779532565796000000,1779532565799000000,1779532565824000000,1779532565856000000,31.0000,3.0000,14.0000,32.0000,63.0000,20.20,T3-T5 on Isaac clock; Network_est approximate
2026-05-23T10:36:05.8877580Z,321,328,0,1779532565831,1779532565824000000,1779532565824000000,1779532565824000000,1779532565829000000,1779532565831000000,1779532565856000000,1779532565887000000,32.0000,5.0000,13.5000,31.0000,63.0000,18.96,T3-T5 on Isaac clock; Network_est approximate
2026-05-23T10:36:05.9193040Z,322,329,0,1779532565874,1779532565855000000,1779532565855000000,1779532565856000000,1779532565869000000,1779532565874000000,1779532565887000000,1779532565919000000,32.0000,13.0000,9.5000,32.0000,64.0000,18.49,T3-T5 on Isaac clock; Network_est approximate
2026-05-23T10:36:05.9830120Z,323,331,0,1779532565932,1779532565919000000,1779532565919000000,1779532565918000000,1779532565928000000,1779532565932000000,1779532565950000000,1779532565983000000,31.0000,10.0000,10.5000,33.0000,64.0000,17.69,T3-T5 on Isaac clock; Network_est approximate
2026-05-23T10:36:06.0489260Z,324,332,0,1779532565963,1779532565950000000,1779532565950000000,1779532565950000000,1779532565961000000,1779532565963000000,1779532565982000000,1779532566048000000,32.0000,11.0000,10.5000,66.0000,98.0000,18.77,T3-T5 on Isaac clock; Network_est approximate
2026-05-23T10:36:06.0525260Z,325,333,0,1779532566005,1779532565982000000,1779532565982000000,1779532565982000000,1779532566001000000,1779532566005000000,1779532566048000000,1779532566052000000,66.0000,19.0000,23.5000,4.0000,70.0000,20.00,T3-T5 on Isaac clock; Network_est approximate
2026-05-23T10:36:06.1162520Z,326,335,0,1779532566063,1779532566052000000,1779532566052000000,1779532566053000000,1779532566059000000,1779532566063000000,1779532566084000000,1779532566116000000,32.0000,6.0000,13.0000,32.0000,64.0000,19.10,T3-T5 on Isaac clock; Network_est approximate
2026-05-23T10:36:06.1598150Z,327,336,0,1779532566094,1779532566083000000,1779532566083000000,1779532566083000000,1779532566093000000,1779532566094000000,1779532566116000000,1779532566159000000,33.0000,10.0000,11.5000,43.0000,76.0000,18.69,T3-T5 on Isaac clock; Network_est approximate
2026-05-23T10:36:06.1908110Z,328,337,0,1779532566136,1779532566115000000,1779532566116000000,1779532566115000000,1779532566134000000,1779532566136000000,1779532566159000000,1779532566190000000,43.0000,19.0000,12.0000,31.0000,75.0000,18.21,T3-T5 on Isaac clock; Network_est approximate
2026-05-23T10:36:06.2653970Z,329,339,0,1779532566196,1779532566190000000,1779532566190000000,1779532566190000000,1779532566192000000,1779532566196000000,1779532566234000000,1779532566265000000,44.0000,2.0000,21.0000,31.0000,75.0000,17.97,T3-T5 on Isaac clock; Network_est approximate
2026-05-23T10:36:06.3049330Z,330,339,0,1779532566233,1779532566190000000,1779532566190000000,1779532566190000000,1779532566228000000,1779532566233000000,1779532566265000000,1779532566304000000,75.0000,38.0000,18.5000,39.0000,114.0000,17.01,T3-T5 on Isaac clock; Network_est approximate
2026-05-23T10:36:06.3389090Z,331,341,0,1779532566269,1779532566265000000,1779532566265000000,1779532566264000000,1779532566268000000,1779532566269000000,1779532566304000000,1779532566338000000,39.0000,4.0000,17.5000,34.0000,73.0000,16.08,T3-T5 on Isaac clock; Network_est approximate
2026-05-23T10:36:06.3705040Z,332,342,0,1779532566327,1779532566304000000,1779532566304000000,1779532566304000000,1779532566326000000,1779532566327000000,1779532566338000000,1779532566370000000,34.0000,22.0000,6.0000,32.0000,66.0000,16.72,T3-T5 on Isaac clock; Network_est approximate
2026-05-23T10:36:06.4020220Z,333,343,0,1779532566363,1779532566338000000,1779532566338000000,1779532566338000000,1779532566359000000,1779532566363000000,1779532566370000000,1779532566402000000,32.0000,21.0000,5.5000,32.0000,64.0000,15.96,T3-T5 on Isaac clock; Network_est approximate
2026-05-23T10:36:06.4338640Z,334,344,0,1779532566400,1779532566370000000,1779532566370000000,1779532566369000000,1779532566399000000,1779532566400000000,1779532566401000000,1779532566433000000,31.0000,30.0000,0.5000,32.0000,63.0000,15.28,T3-T5 on Isaac clock; Network_est approximate
2026-05-23T10:36:06.4971130Z,335,346,0,1779532566458,1779532566433000000,1779532566433000000,1779532566433000000,1779532566458000000,1779532566458000000,1779532566465000000,1779532566497000000,32.0000,25.0000,3.5000,32.0000,64.0000,14.65,T3-T5 on Isaac clock; Network_est approximate
2026-05-23T10:36:06.5602020Z,336,347,0,1779532566496,1779532566464000000,1779532566464000000,1779532566465000000,1779532566492000000,1779532566496000000,1779532566528000000,1779532566560000000,64.0000,27.0000,18.5000,32.0000,96.0000,15.30,T3-T5 on Isaac clock; Network_est approximate
2026-05-23T10:36:06.5915080Z,337,349,0,1779532566533,1779532566528000000,1779532566528000000,1779532566527000000,1779532566532000000,1779532566533000000,1779532566560000000,1779532566591000000,32.0000,5.0000,13.5000,31.0000,63.0000,14.70,T3-T5 on Isaac clock; Network_est approximate
2026-05-23T10:36:06.6564080Z,338,351,0,1779532566596,1779532566591000000,1779532566591000000,1779532566590000000,1779532566591000000,1779532566596000000,1779532566623000000,1779532566656000000,32.0000,1.0000,15.5000,33.0000,65.0000,13.89,T3-T5 on Isaac clock; Network_est approximate
2026-05-23T10:36:06.6967960Z,339,352,0,1779532566626,1779532566623000000,1779532566623000000,1779532566623000000,1779532566625000000,1779532566626000000,1779532566656000000,1779532566696000000,33.0000,2.0000,15.5000,40.0000,73.0000,13.68,T3-T5 on Isaac clock; Network_est approximate
2026-05-23T10:36:06.7691880Z,340,353,0,1779532566668,1779532566656000000,1779532566656000000,1779532566655000000,1779532566665000000,1779532566668000000,1779532566696000000,1779532566769000000,40.0000,10.0000,15.0000,73.0000,113.0000,14.72,T3-T5 on Isaac clock; Network_est approximate
2026-05-23T10:36:06.7734090Z,342,354,0,1779532566762,1779532566696000000,1779532566696000000,1779532566696000000,1779532566758000000,1779532566762000000,1779532566769000000,1779532566773000000,73.0000,62.0000,5.5000,4.0000,77.0000,19.40,T3-T5 on Isaac clock; Network_est approximate
2026-05-23T10:36:06.8378550Z,343,356,0,1779532566799,1779532566773000000,1779532566773000000,1779532566772000000,1779532566799000000,1779532566799000000,1779532566805000000,1779532566837000000,32.0000,27.0000,2.5000,32.0000,64.0000,19.87,T3-T5 on Isaac clock; Network_est approximate
2026-05-23T10:36:06.9095860Z,344,358,0,1779532566861,1779532566837000000,1779532566837000000,1779532566836000000,1779532566857000000,1779532566861000000,1779532566869000000,1779532566909000000,32.0000,21.0000,5.5000,40.0000,72.0000,19.25,T3-T5 on Isaac clock; Network_est approximate
2026-05-23T10:36:06.9457640Z,345,359,0,1779532566892,1779532566868000000,1779532566868000000,1779532566868000000,1779532566890000000,1779532566892000000,1779532566909000000,1779532566945000000,41.0000,22.0000,9.5000,36.0000,77.0000,18.39,T3-T5 on Isaac clock; Network_est approximate
2026-05-23T10:36:06.9820520Z,346,360,0,1779532566934,1779532566909000000,1779532566909000000,1779532566908000000,1779532566930000000,1779532566934000000,1779532566945000000,1779532566982000000,36.0000,22.0000,7.0000,37.0000,73.0000,17.62,T3-T5 on Isaac clock; Network_est approximate
2026-05-23T10:36:07.0510390Z,347,362,0,1779532566993,1779532566981000000,1779532566981000000,1779532566981000000,1779532566988000000,1779532566993000000,1779532567017000000,1779532567051000000,36.0000,7.0000,14.5000,34.0000,70.0000,17.16,T3-T5 on Isaac clock; Network_est approximate
2026-05-23T10:36:07.1244980Z,348,363,0,1779532567024,1779532567017000000,1779532567017000000,1779532567016000000,1779532567022000000,1779532567024000000,1779532567050000000,1779532567124000000,33.0000,6.0000,13.5000,74.0000,107.0000,18.74,T3-T5 on Isaac clock; Network_est approximate
2026-05-23T10:36:07.1282920Z,350,364,0,1779532567122,1779532567050000000,1779532567050000000,1779532567050000000,1779532567122000000,1779532567122000000,1779532567124000000,1779532567128000000,74.0000,72.0000,1.0000,4.0000,78.0000,23.45,T3-T5 on Isaac clock; Network_est approximate
2026-05-23T10:36:07.2060150Z,352,366,0,1779532567198,1779532567128000000,1779532567128000000,1779532567127000000,1779532567195000000,1779532567198000000,1779532567201000000,1779532567206000000,73.0000,68.0000,2.5000,5.0000,78.0000,22.08,T3-T5 on Isaac clock; Network_est approximate
2026-05-23T10:36:07.3181320Z,353,369,0,1779532567256,1779532567242000000,1779532567242000000,1779532567242000000,1779532567253000000,1779532567256000000,1779532567289000000,1779532567318000000,47.0000,11.0000,18.0000,29.0000,76.0000,24.08,T3-T5 on Isaac clock; Network_est approximate
2026-05-23T10:36:07.3493020Z,354,369,0,1779532567287,1779532567242000000,1779532567242000000,1779532567242000000,1779532567287000000,1779532567287000000,1779532567318000000,1779532567349000000,76.0000,45.0000,15.5000,31.0000,107.0000,22.60,T3-T5 on Isaac clock; Network_est approximate
2026-05-23T10:36:07.3810520Z,355,371,0,1779532567329,1779532567317000000,1779532567317000000,1779532567317000000,1779532567327000000,1779532567329000000,1779532567349000000,1779532567381000000,32.0000,10.0000,11.0000,32.0000,64.0000,21.83,T3-T5 on Isaac clock; Network_est approximate
2026-05-23T10:36:07.4441650Z,356,373,0,1779532567387,1779532567380000000,1779532567380000000,1779532567380000000,1779532567385000000,1779532567387000000,1779532567412000000,1779532567444000000,32.0000,5.0000,13.5000,32.0000,64.0000,20.79,T3-T5 on Isaac clock; Network_est approximate
2026-05-23T10:36:07.4754080Z,357,374,0,1779532567419,1779532567412000000,1779532567412000000,1779532567412000000,1779532567419000000,1779532567419000000,1779532567444000000,1779532567475000000,32.0000,7.0000,12.5000,31.0000,63.0000,19.54,T3-T5 on Isaac clock; Network_est approximate
2026-05-23T10:36:07.5139890Z,358,375,0,1779532567460,1779532567443000000,1779532567443000000,1779532567443000000,1779532567459000000,1779532567460000000,1779532567475000000,1779532567513000000,32.0000,16.0000,8.0000,38.0000,70.0000,18.51,T3-T5 on Isaac clock; Network_est approximate
2026-05-23T10:36:07.5766360Z,359,377,0,1779532567524,1779532567513000000,1779532567513000000,1779532567512000000,1779532567523000000,1779532567524000000,1779532567545000000,1779532567576000000,32.0000,11.0000,10.5000,31.0000,63.0000,17.40,T3-T5 on Isaac clock; Network_est approximate
2026-05-23T10:36:07.6085730Z,360,378,0,1779532567560,1779532567545000000,1779532567545000000,1779532567545000000,1779532567558000000,1779532567560000000,1779532567576000000,1779532567608000000,31.0000,13.0000,9.0000,32.0000,63.0000,16.56,T3-T5 on Isaac clock; Network_est approximate
2026-05-23T10:36:07.6401400Z,361,379,0,1779532567602,1779532567576000000,1779532567576000000,1779532567575000000,1779532567598000000,1779532567602000000,1779532567608000000,1779532567640000000,32.0000,23.0000,4.5000,32.0000,64.0000,16.19,T3-T5 on Isaac clock; Network_est approximate
2026-05-23T10:36:07.7139950Z,362,381,0,1779532567659,1779532567639000000,1779532567639000000,1779532567639000000,1779532567657000000,1779532567659000000,1779532567672000000,1779532567713000000,33.0000,18.0000,7.5000,41.0000,74.0000,16.23,T3-T5 on Isaac clock; Network_est approximate
2026-05-23T10:36:07.7876250Z,363,382,0,1779532567690,1779532567672000000,1779532567672000000,1779532567672000000,1779532567690000000,1779532567690000000,1779532567713000000,1779532567787000000,41.0000,18.0000,11.5000,74.0000,115.0000,17.88,T3-T5 on Isaac clock; Network_est approximate
2026-05-23T10:36:07.7917320Z,364,383,0,1779532567733,1779532567713000000,1779532567713000000,1779532567713000000,1779532567732000000,1779532567733000000,1779532567787000000,1779532567791000000,74.0000,19.0000,27.5000,4.0000,78.0000,19.18,T3-T5 on Isaac clock; Network_est approximate
2026-05-23T10:36:07.8553000Z,365,385,0,1779532567796,1779532567791000000,1779532567791000000,1779532567791000000,1779532567793000000,1779532567796000000,1779532567823000000,1779532567855000000,32.0000,2.0000,15.0000,32.0000,64.0000,18.02,T3-T5 on Isaac clock; Network_est approximate
2026-05-23T10:36:07.8873480Z,366,386,0,1779532567832,1779532567823000000,1779532567823000000,1779532567823000000,1779532567827000000,1779532567832000000,1779532567855000000,1779532567887000000,32.0000,4.0000,14.0000,32.0000,64.0000,17.15,T3-T5 on Isaac clock; Network_est approximate
2026-05-23T10:36:07.9203480Z,367,387,0,1779532567869,1779532567855000000,1779532567855000000,1779532567854000000,1779532567867000000,1779532567869000000,1779532567887000000,1779532567920000000,32.0000,13.0000,9.5000,33.0000,65.0000,16.41,T3-T5 on Isaac clock; Network_est approximate
2026-05-23T10:36:07.9881700Z,368,389,0,1779532567926,1779532567918000000,1779532567918000000,1779532567918000000,1779532567926000000,1779532567926000000,1779532567956000000,1779532567988000000,38.0000,8.0000,15.0000,32.0000,70.0000,16.13,T3-T5 on Isaac clock; Network_est approximate
2026-05-23T10:36:08.0211940Z,369,390,0,1779532567963,1779532567955000000,1779532567955000000,1779532567955000000,1779532567960000000,1779532567963000000,1779532567988000000,1779532568021000000,33.0000,5.0000,14.0000,33.0000,66.0000,15.36,T3-T5 on Isaac clock; Network_est approximate
2026-05-23T10:36:08.0566520Z,370,391,0,1779532568004,1779532567987000000,1779532567987000000,1779532567987000000,1779532568000000000,1779532568004000000,1779532568021000000,1779532568056000000,34.0000,13.0000,10.5000,35.0000,69.0000,14.75,T3-T5 on Isaac clock; Network_est approximate
2026-05-23T10:36:08.1285090Z,371,393,0,1779532568062,1779532568056000000,1779532568056000000,1779532568056000000,1779532568058000000,1779532568062000000,1779532568092000000,1779532568128000000,36.0000,2.0000,17.0000,36.0000,72.0000,14.69,T3-T5 on Isaac clock; Network_est approximate
2026-05-23T10:36:08.2029670Z,372,393,0,1779532568093,1779532568056000000,1779532568056000000,1779532568056000000,1779532568091000000,1779532568093000000,1779532568128000000,1779532568202000000,72.0000,35.0000,18.5000,74.0000,146.0000,16.48,T3-T5 on Isaac clock; Network_est approximate
2026-05-23T10:36:08.2070380Z,374,395,0,1779532568191,1779532568128000000,1779532568128000000,1779532568128000000,1779532568188000000,1779532568191000000,1779532568202000000,1779532568207000000,74.0000,60.0000,7.0000,5.0000,79.0000,21.32,T3-T5 on Isaac clock; Network_est approximate
2026-05-23T10:36:08.2833720Z,375,397,0,1779532568224,1779532568206000000,1779532568206000000,1779532568206000000,1779532568221000000,1779532568224000000,1779532568239000000,1779532568283000000,33.0000,15.0000,9.0000,44.0000,77.0000,22.69,T3-T5 on Isaac clock; Network_est approximate
2026-05-23T10:36:08.3226130Z,376,398,0,1779532568261,1779532568239000000,1779532568239000000,1779532568239000000,1779532568261000000,1779532568261000000,1779532568283000000,1779532568322000000,44.0000,22.0000,11.0000,39.0000,83.0000,21.41,T3-T5 on Isaac clock; Network_est approximate
2026-05-23T10:36:08.3885550Z,377,399,0,1779532568320,1779532568283000000,1779532568283000000,1779532568282000000,1779532568319000000,1779532568320000000,1779532568322000000,1779532568388000000,39.0000,37.0000,1.0000,66.0000,105.0000,20.49,T3-T5 on Isaac clock; Network_est approximate
2026-05-23T10:36:08.3936040Z,378,400,0,1779532568357,1779532568322000000,1779532568322000000,1779532568322000000,1779532568355000000,1779532568357000000,1779532568388000000,1779532568393000000,66.0000,33.0000,16.5000,5.0000,71.0000,21.21,T3-T5 on Isaac clock; Network_est approximate
2026-05-23T10:36:08.4760280Z,380,402,0,1779532568456,1779532568393000000,1779532568393000000,1779532568393000000,1779532568452000000,1779532568456000000,1779532568469000000,1779532568476000000,76.0000,59.0000,8.5000,7.0000,83.0000,20.91,T3-T5 on Isaac clock; Network_est approximate
2026-05-23T10:36:08.5506310Z,381,404,0,1779532568489,1779532568475000000,1779532568475000000,1779532568475000000,1779532568485000000,1779532568489000000,1779532568510000000,1779532568550000000,35.0000,10.0000,12.5000,40.0000,75.0000,22.20,T3-T5 on Isaac clock; Network_est approximate
2026-05-23T10:36:08.5851610Z,382,405,0,1779532568531,1779532568510000000,1779532568510000000,1779532568510000000,1779532568526000000,1779532568531000000,1779532568550000000,1779532568585000000,40.0000,16.0000,12.0000,35.0000,75.0000,21.32,T3-T5 on Isaac clock; Network_est approximate
2026-05-23T10:36:08.6501010Z,383,407,0,1779532568588,1779532568584000000,1779532568584000000,1779532568584000000,1779532568585000000,1779532568588000000,1779532568617000000,1779532568650000000,33.0000,1.0000,16.0000,33.0000,66.0000,20.53,T3-T5 on Isaac clock; Network_est approximate
2026-05-23T10:36:08.6840000Z,384,408,0,1779532568621,1779532568617000000,1779532568617000000,1779532568617000000,1779532568618000000,1779532568621000000,1779532568650000000,1779532568683000000,33.0000,1.0000,16.0000,33.0000,66.0000,19.28,T3-T5 on Isaac clock; Network_est approximate
2026-05-23T10:36:08.7554510Z,385,409,0,1779532568662,1779532568649000000,1779532568649000000,1779532568649000000,1779532568659000000,1779532568662000000,1779532568683000000,1779532568755000000,34.0000,10.0000,12.0000,72.0000,106.0000,20.00,T3-T5 on Isaac clock; Network_est approximate
2026-05-23T10:36:08.7588870Z,386,410,0,1779532568718,1779532568683000000,1779532568683000000,1779532568683000000,1779532568716000000,1779532568718000000,1779532568755000000,1779532568758000000,72.0000,33.0000,19.5000,3.0000,75.0000,22.04,T3-T5 on Isaac clock; Network_est approximate
2026-05-23T10:36:08.7909800Z,387,410,0,1779532568755,1779532568683000000,1779532568683000000,1779532568683000000,1779532568750000000,1779532568755000000,1779532568758000000,1779532568790000000,75.0000,67.0000,4.0000,32.0000,107.0000,20.96,T3-T5 on Isaac clock; Network_est approximate
2026-05-23T10:36:08.8565530Z,388,412,0,1779532568791,1779532568758000000,1779532568758000000,1779532568758000000,1779532568790000000,1779532568791000000,1779532568824000000,1779532568856000000,66.0000,32.0000,17.0000,32.0000,98.0000,21.49,T3-T5 on Isaac clock; Network_est approximate
2026-05-23T10:36:08.8899620Z,389,414,0,1779532568848,1779532568824000000,1779532568824000000,1779532568823000000,1779532568848000000,1779532568848000000,1779532568856000000,1779532568889000000,32.0000,25.0000,3.5000,33.0000,65.0000,21.62,T3-T5 on Isaac clock; Network_est approximate
2026-05-23T10:36:08.9232680Z,390,415,0,1779532568885,1779532568856000000,1779532568856000000,1779532568856000000,1779532568884000000,1779532568885000000,1779532568889000000,1779532568923000000,33.0000,28.0000,2.5000,34.0000,67.0000,20.51,T3-T5 on Isaac clock; Network_est approximate
2026-05-23T10:36:08.9879850Z,391,417,0,1779532568928,1779532568922000000,1779532568923000000,1779532568922000000,1779532568923000000,1779532568928000000,1779532568955000000,1779532568987000000,32.0000,1.0000,15.5000,32.0000,65.0000,20.58,T3-T5 on Isaac clock; Network_est approximate
2026-05-23T10:36:09.0211060Z,392,418,0,1779532568986,1779532568954000000,1779532568955000000,1779532568954000000,1779532568981000000,1779532568986000000,1779532568987000000,1779532569021000000,32.0000,27.0000,2.5000,34.0000,67.0000,20.87,T3-T5 on Isaac clock; Network_est approximate
2026-05-23T10:36:09.0542870Z,393,419,0,1779532569016,1779532568987000000,1779532568987000000,1779532568987000000,1779532569015000000,1779532569016000000,1779532569021000000,1779532569054000000,34.0000,28.0000,3.0000,33.0000,67.0000,19.79,T3-T5 on Isaac clock; Network_est approximate
2026-05-23T10:36:09.1296980Z,395,421,0,1779532569116,1779532569054000000,1779532569054000000,1779532569053000000,1779532569114000000,1779532569116000000,1779532569124000000,1779532569129000000,70.0000,61.0000,4.5000,5.0000,75.0000,20.10,T3-T5 on Isaac clock; Network_est approximate
2026-05-23T10:36:09.2296150Z,396,423,0,1779532569148,1779532569129000000,1779532569129000000,1779532569128000000,1779532569148000000,1779532569148000000,1779532569169000000,1779532569229000000,40.0000,20.0000,10.0000,60.0000,100.0000,23.09,T3-T5 on Isaac clock; Network_est approximate
2026-05-23T10:36:09.2680670Z,397,424,0,1779532569192,1779532569169000000,1779532569169000000,1779532569169000000,1779532569189000000,1779532569192000000,1779532569229000000,1779532569268000000,60.0000,20.0000,20.0000,39.0000,99.0000,22.00,T3-T5 on Isaac clock; Network_est approximate
2026-05-23T10:36:09.3170600Z,398,425,0,1779532569250,1779532569229000000,1779532569229000000,1779532569229000000,1779532569247000000,1779532569250000000,1779532569267000000,1779532569317000000,38.0000,18.0000,10.0000,50.0000,88.0000,21.17,T3-T5 on Isaac clock; Network_est approximate
2026-05-23T10:36:09.3492270Z,399,426,0,1779532569286,1779532569267000000,1779532569267000000,1779532569267000000,1779532569283000000,1779532569286000000,1779532569316000000,1779532569349000000,49.0000,16.0000,16.5000,33.0000,82.0000,20.09,T3-T5 on Isaac clock; Network_est approximate
2026-05-23T10:36:09.3906660Z,400,427,0,1779532569328,1779532569316000000,1779532569316000000,1779532569316000000,1779532569324000000,1779532569328000000,1779532569349000000,1779532569390000000,33.0000,8.0000,12.5000,41.0000,74.0000,18.95,T3-T5 on Isaac clock; Network_est approximate
2026-05-23T10:36:09.4151920Z,401,428,0,1779532569386,1779532569349000000,1779532569349000000,1779532569348000000,1779532569383000000,1779532569386000000,1779532569390000000,1779532569415000000,41.0000,35.0000,3.0000,25.0000,66.0000,19.78,T3-T5 on Isaac clock; Network_est approximate
2026-05-23T10:36:09.4798530Z,402,430,0,1779532569419,1779532569415000000,1779532569415000000,1779532569414000000,1779532569416000000,1779532569419000000,1779532569447000000,1779532569479000000,32.0000,2.0000,15.0000,32.0000,64.0000,20.52,T3-T5 on Isaac clock; Network_est approximate
2026-05-23T10:36:09.5128580Z,403,431,0,1779532569460,1779532569447000000,1779532569447000000,1779532569446000000,1779532569457000000,1779532569460000000,1779532569479000000,1779532569512000000,32.0000,11.0000,10.5000,33.0000,65.0000,19.74,T3-T5 on Isaac clock; Network_est approximate
2026-05-23T10:36:09.5781710Z,404,433,0,1779532569517,1779532569512000000,1779532569512000000,1779532569512000000,1779532569516000000,1779532569517000000,1779532569545000000,1779532569578000000,33.0000,4.0000,14.5000,33.0000,66.0000,19.02,T3-T5 on Isaac clock; Network_est approximate
2026-05-23T10:36:09.6112610Z,405,434,0,1779532569554,1779532569545000000,1779532569545000000,1779532569544000000,1779532569549000000,1779532569554000000,1779532569578000000,1779532569611000000,33.0000,5.0000,14.0000,33.0000,66.0000,18.08,T3-T5 on Isaac clock; Network_est approximate
2026-05-23T10:36:09.6442470Z,406,435,0,1779532569594,1779532569578000000,1779532569578000000,1779532569577000000,1779532569590000000,1779532569594000000,1779532569611000000,1779532569644000000,33.0000,13.0000,10.0000,33.0000,66.0000,17.38,T3-T5 on Isaac clock; Network_est approximate
2026-05-23T10:36:09.7100950Z,407,437,0,1779532569651,1779532569644000000,1779532569644000000,1779532569643000000,1779532569648000000,1779532569651000000,1779532569676000000,1779532569710000000,32.0000,5.0000,13.5000,34.0000,66.0000,16.85,T3-T5 on Isaac clock; Network_est approximate
2026-05-23T10:36:09.7508170Z,408,438,0,1779532569684,1779532569676000000,1779532569676000000,1779532569676000000,1779532569682000000,1779532569684000000,1779532569710000000,1779532569750000000,34.0000,6.0000,14.0000,40.0000,74.0000,16.27,T3-T5 on Isaac clock; Network_est approximate
2026-05-23T10:36:09.7825960Z,409,439,0,1779532569725,1779532569709000000,1779532569709000000,1779532569709000000,1779532569721000000,1779532569725000000,1779532569750000000,1779532569782000000,41.0000,12.0000,14.5000,32.0000,73.0000,15.84,T3-T5 on Isaac clock; Network_est approximate
2026-05-23T10:36:09.8566230Z,410,440,0,1779532569781,1779532569750000000,1779532569750000000,1779532569750000000,1779532569781000000,1779532569781000000,1779532569815000000,1779532569856000000,65.0000,31.0000,17.0000,41.0000,106.0000,15.97,T3-T5 on Isaac clock; Network_est approximate
2026-05-23T10:36:09.8875850Z,411,441,0,1779532569818,1779532569782000000,1779532569782000000,1779532569782000000,1779532569814000000,1779532569818000000,1779532569856000000,1779532569887000000,74.0000,32.0000,21.0000,31.0000,105.0000,15.34,T3-T5 on Isaac clock; Network_est approximate
2026-05-23T10:36:09.9205060Z,412,442,0,1779532569859,1779532569815000000,1779532569815000000,1779532569815000000,1779532569854000000,1779532569859000000,1779532569887000000,1779532569920000000,72.0000,39.0000,16.5000,33.0000,105.0000,14.89,T3-T5 on Isaac clock; Network_est approximate
2026-05-23T10:36:09.9533880Z,413,444,0,1779532569917,1779532569887000000,1779532569887000000,1779532569886000000,1779532569913000000,1779532569917000000,1779532569920000000,1779532569953000000,33.0000,27.0000,3.0000,33.0000,66.0000,15.53,T3-T5 on Isaac clock; Network_est approximate
2026-05-23T10:36:09.9856100Z,414,445,0,1779532569948,1779532569920000000,1779532569920000000,1779532569919000000,1779532569947000000,1779532569948000000,1779532569953000000,1779532569985000000,33.0000,28.0000,2.5000,32.0000,65.0000,14.63,T3-T5 on Isaac clock; Network_est approximate
2026-05-23T10:36:10.0509100Z,415,447,0,1779532569990,1779532569985000000,1779532569985000000,1779532569985000000,1779532569988000000,1779532569990000000,1779532570017000000,1779532570050000000,32.0000,3.0000,14.5000,33.0000,65.0000,15.17,T3-T5 on Isaac clock; Network_est approximate
2026-05-23T10:36:10.0837020Z,416,448,0,1779532570047,1779532570017000000,1779532570017000000,1779532570017000000,1779532570046000000,1779532570047000000,1779532570050000000,1779532570083000000,33.0000,29.0000,2.0000,33.0000,66.0000,15.74,T3-T5 on Isaac clock; Network_est approximate
2026-05-23T10:36:10.1488630Z,417,449,0,1779532570083,1779532570050000000,1779532570050000000,1779532570050000000,1779532570080000000,1779532570083000000,1779532570116000000,1779532570148000000,66.0000,30.0000,18.0000,32.0000,98.0000,16.58,T3-T5 on Isaac clock; Network_est approximate
2026-05-23T10:36:10.2176920Z,418,451,0,1779532570125,1779532570115000000,1779532570115000000,1779532570115000000,1779532570120000000,1779532570125000000,1779532570148000000,1779532570217000000,33.0000,5.0000,14.0000,69.0000,102.0000,17.22,T3-T5 on Isaac clock; Network_est approximate
2026-05-23T10:36:10.2211140Z,419,452,0,1779532570182,1779532570148000000,1779532570148000000,1779532570148000000,1779532570179000000,1779532570182000000,1779532570217000000,1779532570221000000,69.0000,31.0000,19.0000,4.0000,73.0000,19.48,T3-T5 on Isaac clock; Network_est approximate
2026-05-23T10:36:10.2550680Z,420,452,0,1779532570218,1779532570148000000,1779532570148000000,1779532570148000000,1779532570213000000,1779532570218000000,1779532570221000000,1779532570255000000,73.0000,65.0000,4.0000,34.0000,107.0000,18.39,T3-T5 on Isaac clock; Network_est approximate
2026-05-23T10:36:10.3661150Z,421,454,0,1779532570255,1779532570220000000,1779532570220000000,1779532570220000000,1779532570253000000,1779532570255000000,1779532570295000000,1779532570366000000,75.0000,33.0000,21.0000,71.0000,146.0000,21.87,T3-T5 on Isaac clock; Network_est approximate
2026-05-23T10:36:10.3694410Z,423,456,0,1779532570348,1779532570294000000,1779532570294000000,1779532570294000000,1779532570344000000,1779532570348000000,1779532570366000000,1779532570369000000,72.0000,50.0000,11.0000,3.0000,75.0000,26.10,T3-T5 on Isaac clock; Network_est approximate
2026-05-23T10:36:10.4353100Z,424,458,0,1779532570385,1779532570369000000,1779532570369000000,1779532570368000000,1779532570384000000,1779532570385000000,1779532570401000000,1779532570435000000,32.0000,16.0000,8.0000,34.0000,66.0000,26.27,T3-T5 on Isaac clock; Network_est approximate
2026-05-23T10:36:10.4999050Z,425,460,0,1779532570447,1779532570435000000,1779532570435000000,1779532570434000000,1779532570442000000,1779532570447000000,1779532570466000000,1779532570499000000,31.0000,8.0000,11.5000,33.0000,64.0000,24.79,T3-T5 on Isaac clock; Network_est approximate
2026-05-23T10:36:10.5330290Z,426,461,0,1779532570478,1779532570466000000,1779532570466000000,1779532570466000000,1779532570476000000,1779532570478000000,1779532570499000000,1779532570533000000,33.0000,10.0000,11.5000,34.0000,67.0000,23.36,T3-T5 on Isaac clock; Network_est approximate
2026-05-23T10:36:10.5655630Z,427,462,0,1779532570519,1779532570499000000,1779532570499000000,1779532570499000000,1779532570516000000,1779532570519000000,1779532570532000000,1779532570565000000,33.0000,17.0000,8.0000,33.0000,66.0000,22.46,T3-T5 on Isaac clock; Network_est approximate
2026-05-23T10:36:10.6304410Z,428,464,0,1779532570577,1779532570564000000,1779532570564000000,1779532570564000000,1779532570574000000,1779532570577000000,1779532570598000000,1779532570630000000,34.0000,10.0000,12.0000,32.0000,66.0000,21.52,T3-T5 on Isaac clock; Network_est approximate
2026-05-23T10:36:10.6631250Z,429,465,0,1779532570609,1779532570598000000,1779532570598000000,1779532570597000000,1779532570608000000,1779532570609000000,1779532570630000000,1779532570663000000,32.0000,11.0000,10.5000,33.0000,65.0000,20.22,T3-T5 on Isaac clock; Network_est approximate
2026-05-23T10:36:10.6958780Z,430,466,0,1779532570651,1779532570630000000,1779532570630000000,1779532570630000000,1779532570649000000,1779532570651000000,1779532570663000000,1779532570695000000,33.0000,19.0000,7.0000,32.0000,65.0000,19.53,T3-T5 on Isaac clock; Network_est approximate
2026-05-23T10:36:10.7625580Z,431,468,0,1779532570709,1779532570695000000,1779532570695000000,1779532570695000000,1779532570707000000,1779532570709000000,1779532570729000000,1779532570762000000,34.0000,12.0000,11.0000,33.0000,67.0000,18.85,T3-T5 on Isaac clock; Network_est approximate
2026-05-23T10:36:10.8036990Z,432,469,0,1779532570744,1779532570728000000,1779532570728000000,1779532570728000000,1779532570740000000,1779532570744000000,1779532570762000000,1779532570803000000,34.0000,12.0000,11.0000,41.0000,75.0000,18.06,T3-T5 on Isaac clock; Network_est approximate
2026-05-23T10:36:10.8361420Z,433,470,0,1779532570781,1779532570762000000,1779532570762000000,1779532570762000000,1779532570780000000,1779532570781000000,1779532570803000000,1779532570836000000,41.0000,18.0000,11.5000,33.0000,74.0000,17.22,T3-T5 on Isaac clock; Network_est approximate
2026-05-23T10:36:10.9073660Z,435,472,0,1779532570873,1779532570835000000,1779532570835000000,1779532570835000000,1779532570872000000,1779532570873000000,1779532570876000000,1779532570907000000,41.0000,37.0000,2.0000,31.0000,72.0000,17.44,T3-T5 on Isaac clock; Network_est approximate
2026-05-23T10:36:10.9728090Z,436,474,0,1779532570915,1779532570907000000,1779532570907000000,1779532570906000000,1779532570913000000,1779532570915000000,1779532570940000000,1779532570972000000,33.0000,7.0000,13.0000,32.0000,65.0000,17.81,T3-T5 on Isaac clock; Network_est approximate
2026-05-23T10:36:11.0379550Z,437,475,0,1779532570977,1779532570939000000,1779532570939000000,1779532570939000000,1779532570972000000,1779532570977000000,1779532571005000000,1779532571037000000,66.0000,33.0000,16.5000,32.0000,98.0000,16.89,T3-T5 on Isaac clock; Network_est approximate
2026-05-23T10:36:11.0704520Z,438,477,0,1779532571008,1779532571004000000,1779532571004000000,1779532571004000000,1779532571007000000,1779532571008000000,1779532571037000000,1779532571070000000,33.0000,3.0000,15.0000,33.0000,66.0000,15.93,T3-T5 on Isaac clock; Network_est approximate
2026-05-23T10:36:11.1039030Z,439,478,0,1779532571049,1779532571037000000,1779532571037000000,1779532571037000000,1779532571046000000,1779532571049000000,1779532571070000000,1779532571103000000,33.0000,9.0000,12.0000,33.0000,66.0000,15.41,T3-T5 on Isaac clock; Network_est approximate
2026-05-23T10:36:11.1683140Z,440,480,0,1779532571108,1779532571103000000,1779532571103000000,1779532571103000000,1779532571105000000,1779532571108000000,1779532571135000000,1779532571168000000,32.0000,2.0000,15.0000,33.0000,65.0000,14.79,T3-T5 on Isaac clock; Network_est approximate
2026-05-23T10:36:11.2013750Z,441,481,0,1779532571140,1779532571135000000,1779532571135000000,1779532571134000000,1779532571138000000,1779532571140000000,1779532571168000000,1779532571201000000,33.0000,4.0000,14.5000,33.0000,66.0000,13.91,T3-T5 on Isaac clock; Network_est approximate
2026-05-23T10:36:11.2341470Z,442,482,0,1779532571182,1779532571167000000,1779532571168000000,1779532571167000000,1779532571178000000,1779532571182000000,1779532571201000000,1779532571234000000,33.0000,11.0000,11.0000,33.0000,67.0000,13.59,T3-T5 on Isaac clock; Network_est approximate
2026-05-23T10:36:11.3160740Z,444,484,0,1779532571271,1779532571233000000,1779532571233000000,1779532571233000000,1779532571269000000,1779532571271000000,1779532571311000000,1779532571316000000,78.0000,36.0000,21.0000,5.0000,83.0000,13.17,T3-T5 on Isaac clock; Network_est approximate
2026-05-23T10:36:11.3501280Z,445,484,0,1779532571313,1779532571233000000,1779532571233000000,1779532571233000000,1779532571309000000,1779532571313000000,1779532571316000000,1779532571350000000,83.0000,76.0000,3.5000,34.0000,117.0000,12.85,T3-T5 on Isaac clock; Network_est approximate
2026-05-23T10:36:11.4227730Z,446,487,0,1779532571369,1779532571349000000,1779532571349000000,1779532571349000000,1779532571367000000,1779532571369000000,1779532571390000000,1779532571422000000,41.0000,18.0000,11.5000,32.0000,73.0000,13.08,T3-T5 on Isaac clock; Network_est approximate
2026-05-23T10:36:11.4553350Z,447,488,0,1779532571402,1779532571390000000,1779532571390000000,1779532571389000000,1779532571400000000,1779532571402000000,1779532571422000000,1779532571455000000,32.0000,11.0000,10.5000,33.0000,65.0000,12.28,T3-T5 on Isaac clock; Network_est approximate
2026-05-23T10:36:11.4878270Z,448,489,0,1779532571444,1779532571422000000,1779532571422000000,1779532571422000000,1779532571441000000,1779532571444000000,1779532571455000000,1779532571487000000,33.0000,19.0000,7.0000,32.0000,65.0000,12.11,T3-T5 on Isaac clock; Network_est approximate
2026-05-23T10:36:11.5536750Z,449,491,0,1779532571500,1779532571487000000,1779532571487000000,1779532571487000000,1779532571499000000,1779532571500000000,1779532571520000000,1779532571553000000,33.0000,12.0000,10.5000,33.0000,66.0000,11.96,T3-T5 on Isaac clock; Network_est approximate
2026-05-23T10:36:11.5856930Z,450,492,0,1779532571534,1779532571520000000,1779532571520000000,1779532571519000000,1779532571533000000,1779532571534000000,1779532571553000000,1779532571585000000,33.0000,14.0000,9.5000,32.0000,65.0000,11.35,T3-T5 on Isaac clock; Network_est approximate
2026-05-23T10:36:11.6179760Z,451,493,0,1779532571575,1779532571553000000,1779532571553000000,1779532571553000000,1779532571573000000,1779532571575000000,1779532571585000000,1779532571617000000,32.0000,20.0000,6.0000,32.0000,64.0000,11.17,T3-T5 on Isaac clock; Network_est approximate
2026-05-23T10:36:11.6834670Z,452,495,0,1779532571634,1779532571617000000,1779532571617000000,1779532571617000000,1779532571633000000,1779532571634000000,1779532571650000000,1779532571683000000,33.0000,16.0000,8.5000,33.0000,66.0000,10.88,T3-T5 on Isaac clock; Network_est approximate
2026-05-23T10:36:11.7152810Z,453,496,0,1779532571670,1779532571650000000,1779532571650000000,1779532571650000000,1779532571667000000,1779532571670000000,1779532571683000000,1779532571715000000,33.0000,17.0000,8.0000,32.0000,65.0000,10.47,T3-T5 on Isaac clock; Network_est approximate
2026-05-23T10:36:11.7486090Z,454,497,0,1779532571712,1779532571683000000,1779532571683000000,1779532571682000000,1779532571707000000,1779532571712000000,1779532571715000000,1779532571748000000,32.0000,25.0000,3.5000,33.0000,65.0000,10.36,T3-T5 on Isaac clock; Network_est approximate
2026-05-23T10:36:11.8222020Z,455,499,0,1779532571770,1779532571748000000,1779532571748000000,1779532571748000000,1779532571765000000,1779532571770000000,1779532571790000000,1779532571822000000,42.0000,17.0000,12.5000,32.0000,74.0000,10.67,T3-T5 on Isaac clock; Network_est approximate
2026-05-23T10:36:11.8629910Z,456,500,0,1779532571801,1779532571790000000,1779532571790000000,1779532571790000000,1779532571799000000,1779532571801000000,1779532571822000000,1779532571862000000,32.0000,9.0000,11.5000,40.0000,72.0000,10.62,T3-T5 on Isaac clock; Network_est approximate
2026-05-23T10:36:11.8939920Z,457,501,0,1779532571843,1779532571821000000,1779532571821000000,1779532571821000000,1779532571840000000,1779532571843000000,1779532571862000000,1779532571893000000,41.0000,19.0000,11.0000,31.0000,72.0000,10.64,T3-T5 on Isaac clock; Network_est approximate
2026-05-23T10:36:11.9597020Z,458,503,0,1779532571902,1779532571893000000,1779532571893000000,1779532571893000000,1779532571898000000,1779532571902000000,1779532571926000000,1779532571959000000,33.0000,5.0000,14.0000,33.0000,66.0000,10.40,T3-T5 on Isaac clock; Network_est approximate
2026-05-23T10:36:11.9917490Z,459,504,0,1779532571934,1779532571926000000,1779532571926000000,1779532571926000000,1779532571931000000,1779532571934000000,1779532571959000000,1779532571991000000,33.0000,5.0000,14.0000,32.0000,65.0000,9.75,T3-T5 on Isaac clock; Network_est approximate
2026-05-23T10:36:12.0249120Z,460,505,0,1779532571977,1779532571959000000,1779532571959000000,1779532571959000000,1779532571972000000,1779532571977000000,1779532571991000000,1779532572024000000,32.0000,13.0000,9.5000,33.0000,65.0000,9.75,T3-T5 on Isaac clock; Network_est approximate
2026-05-23T10:36:12.0894440Z,461,507,0,1779532572030,1779532572024000000,1779532572024000000,1779532572024000000,1779532572030000000,1779532572030000000,1779532572056000000,1779532572089000000,32.0000,6.0000,13.0000,33.0000,65.0000,9.87,T3-T5 on Isaac clock; Network_est approximate
2026-05-23T10:36:12.1223230Z,462,508,0,1779532572066,1779532572056000000,1779532572056000000,1779532572056000000,1779532572064000000,1779532572066000000,1779532572089000000,1779532572122000000,33.0000,8.0000,12.5000,33.0000,66.0000,9.45,T3-T5 on Isaac clock; Network_est approximate
2026-05-23T10:36:12.1548540Z,463,509,0,1779532572108,1779532572089000000,1779532572089000000,1779532572088000000,1779532572104000000,1779532572108000000,1779532572122000000,1779532572154000000,33.0000,16.0000,8.5000,32.0000,65.0000,9.45,T3-T5 on Isaac clock; Network_est approximate
2026-05-23T10:36:12.2201830Z,464,511,0,1779532572166,1779532572154000000,1779532572154000000,1779532572156000000,1779532572162000000,1779532572166000000,1779532572187000000,1779532572220000000,33.0000,6.0000,13.5000,33.0000,66.0000,9.31,T3-T5 on Isaac clock; Network_est approximate
2026-05-23T10:36:12.2536350Z,465,512,0,1779532572199,1779532572187000000,1779532572187000000,1779532572187000000,1779532572197000000,1779532572199000000,1779532572220000000,1779532572253000000,33.0000,10.0000,11.5000,33.0000,66.0000,8.75,T3-T5 on Isaac clock; Network_est approximate
2026-05-23T10:36:12.3255720Z,466,513,0,1779532572241,1779532572219000000,1779532572219000000,1779532572219000000,1779532572238000000,1779532572241000000,1779532572253000000,1779532572325000000,34.0000,19.0000,7.5000,72.0000,106.0000,10.06,T3-T5 on Isaac clock; Network_est approximate
2026-05-23T10:36:12.3290140Z,467,514,0,1779532572298,1779532572253000000,1779532572253000000,1779532572253000000,1779532572296000000,1779532572298000000,1779532572325000000,1779532572329000000,72.0000,43.0000,14.5000,4.0000,76.0000,12.74,T3-T5 on Isaac clock; Network_est approximate
2026-05-23T10:36:12.4025830Z,468,516,0,1779532572334,1779532572328000000,1779532572328000000,1779532572328000000,1779532572331000000,1779532572334000000,1779532572361000000,1779532572402000000,33.0000,3.0000,15.0000,41.0000,74.0000,14.29,T3-T5 on Isaac clock; Network_est approximate
2026-05-23T10:36:12.4329980Z,469,517,0,1779532572371,1779532572361000000,1779532572361000000,1779532572361000000,1779532572370000000,1779532572371000000,1779532572402000000,1779532572432000000,41.0000,9.0000,16.0000,30.0000,71.0000,13.81,T3-T5 on Isaac clock; Network_est approximate
2026-05-23T10:36:12.4665550Z,470,518,0,1779532572429,1779532572402000000,1779532572402000000,1779532572401000000,1779532572428000000,1779532572429000000,1779532572432000000,1779532572466000000,30.0000,27.0000,1.5000,34.0000,64.0000,14.49,T3-T5 on Isaac clock; Network_est approximate
2026-05-23T10:36:12.5400930Z,471,519,0,1779532572465,1779532572432000000,1779532572432000000,1779532572432000000,1779532572461000000,1779532572465000000,1779532572498000000,1779532572540000000,66.0000,29.0000,18.5000,42.0000,108.0000,15.94,T3-T5 on Isaac clock; Network_est approximate
2026-05-23T10:36:12.6073820Z,472,521,0,1779532572503,1779532572498000000,1779532572498000000,1779532572498000000,1779532572500000000,1779532572503000000,1779532572540000000,1779532572607000000,42.0000,2.0000,20.0000,67.0000,109.0000,16.77,T3-T5 on Isaac clock; Network_est approximate
2026-05-23T10:36:12.6105920Z,474,522,0,1779532572596,1779532572539000000,1779532572539000000,1779532572539000000,1779532572591000000,1779532572596000000,1779532572607000000,1779532572610000000,68.0000,52.0000,8.0000,3.0000,71.0000,21.33,T3-T5 on Isaac clock; Network_est approximate
2026-05-23T10:36:12.6773850Z,475,524,0,1779532572633,1779532572610000000,1779532572610000000,1779532572609000000,1779532572631000000,1779532572633000000,1779532572644000000,1779532572677000000,34.0000,22.0000,6.0000,33.0000,67.0000,21.86,T3-T5 on Isaac clock; Network_est approximate
2026-05-23T10:36:12.7435940Z,476,526,0,1779532572690,1779532572677000000,1779532572677000000,1779532572676000000,1779532572689000000,1779532572690000000,1779532572710000000,1779532572743000000,33.0000,13.0000,10.0000,33.0000,66.0000,21.07,T3-T5 on Isaac clock; Network_est approximate
2026-05-23T10:36:12.7781190Z,477,527,0,1779532572726,1779532572710000000,1779532572710000000,1779532572710000000,1779532572723000000,1779532572726000000,1779532572743000000,1779532572778000000,33.0000,13.0000,10.0000,35.0000,68.0000,19.88,T3-T5 on Isaac clock; Network_est approximate
2026-05-23T10:36:12.8098430Z,478,528,0,1779532572763,1779532572743000000,1779532572743000000,1779532572742000000,1779532572763000000,1779532572763000000,1779532572778000000,1779532572809000000,35.0000,21.0000,7.0000,31.0000,66.0000,18.93,T3-T5 on Isaac clock; Network_est approximate
2026-05-23T10:36:12.9215770Z,479,530,0,1779532572825,1779532572809000000,1779532572809000000,1779532572810000000,1779532572821000000,1779532572825000000,1779532572850000000,1779532572921000000,41.0000,11.0000,15.0000,71.0000,112.0000,20.86,T3-T5 on Isaac clock; Network_est approximate
2026-05-23T10:36:12.9252210Z,481,531,0,1779532572898,1779532572850000000,1779532572850000000,1779532572850000000,1779532572895000000,1779532572898000000,1779532572921000000,1779532572925000000,71.0000,45.0000,13.0000,4.0000,75.0000,23.88,T3-T5 on Isaac clock; Network_est approximate
2026-05-23T10:36:12.9900380Z,482,533,0,1779532572955,1779532572925000000,1779532572925000000,1779532572924000000,1779532572954000000,1779532572955000000,1779532572957000000,1779532572990000000,32.0000,30.0000,1.0000,33.0000,65.0000,22.88,T3-T5 on Isaac clock; Network_est approximate
2026-05-23T10:36:13.0554840Z,483,534,0,1779532572991,1779532572956000000,1779532572957000000,1779532572956000000,1779532572987000000,1779532572991000000,1779532573022000000,1779532573055000000,65.0000,31.0000,17.0000,33.0000,99.0000,23.28,T3-T5 on Isaac clock; Network_est approximate
2026-05-23T10:36:13.0887570Z,484,536,0,1779532573028,1779532573022000000,1779532573022000000,1779532573022000000,1779532573027000000,1779532573028000000,1779532573055000000,1779532573088000000,33.0000,5.0000,14.0000,33.0000,66.0000,22.06,T3-T5 on Isaac clock; Network_est approximate
2026-05-23T10:36:13.1215110Z,485,537,0,1779532573086,1779532573055000000,1779532573055000000,1779532573054000000,1779532573085000000,1779532573086000000,1779532573088000000,1779532573121000000,33.0000,31.0000,1.0000,33.0000,66.0000,22.25,T3-T5 on Isaac clock; Network_est approximate
2026-05-23T10:36:13.1864200Z,486,538,0,1779532573123,1779532573088000000,1779532573088000000,1779532573088000000,1779532573119000000,1779532573123000000,1779532573153000000,1779532573186000000,65.0000,31.0000,17.0000,33.0000,98.0000,22.60,T3-T5 on Isaac clock; Network_est approximate
2026-05-23T10:36:13.2190680Z,487,540,0,1779532573164,1779532573153000000,1779532573153000000,1779532573153000000,1779532573159000000,1779532573164000000,1779532573186000000,1779532573219000000,33.0000,6.0000,13.5000,33.0000,66.0000,21.71,T3-T5 on Isaac clock; Network_est approximate
2026-05-23T10:36:13.2848120Z,488,541,0,1779532573222,1779532573186000000,1779532573186000000,1779532573186000000,1779532573217000000,1779532573222000000,1779532573251000000,1779532573284000000,65.0000,31.0000,17.0000,33.0000,98.0000,20.84,T3-T5 on Isaac clock; Network_est approximate
2026-05-23T10:36:13.3185760Z,489,542,0,1779532573255,1779532573218000000,1779532573218000000,1779532573218000000,1779532573250000000,1779532573255000000,1779532573284000000,1779532573318000000,66.0000,32.0000,17.0000,34.0000,100.0000,19.59,T3-T5 on Isaac clock; Network_est approximate
2026-05-23T10:36:13.3594620Z,490,544,0,1779532573296,1779532573284000000,1779532573284000000,1779532573284000000,1779532573295000000,1779532573296000000,1779532573318000000,1779532573359000000,34.0000,11.0000,11.5000,41.0000,75.0000,18.39,T3-T5 on Isaac clock; Network_est approximate
2026-05-23T10:36:13.3912130Z,491,545,0,1779532573350,1779532573318000000,1779532573318000000,1779532573318000000,1779532573348000000,1779532573350000000,1779532573359000000,1779532573391000000,41.0000,30.0000,5.5000,32.0000,73.0000,18.62,T3-T5 on Isaac clock; Network_est approximate
2026-05-23T10:36:13.4319450Z,492,546,0,1779532573386,1779532573359000000,1779532573359000000,1779532573358000000,1779532573381000000,1779532573386000000,1779532573391000000,1779532573431000000,32.0000,23.0000,4.5000,40.0000,72.0000,17.73,T3-T5 on Isaac clock; Network_est approximate
2026-05-23T10:36:13.4630060Z,493,547,0,1779532573422,1779532573390000000,1779532573390000000,1779532573390000000,1779532573421000000,1779532573422000000,1779532573431000000,1779532573463000000,41.0000,31.0000,5.0000,32.0000,73.0000,16.90,T3-T5 on Isaac clock; Network_est approximate
2026-05-23T10:36:13.5279090Z,494,549,0,1779532573485,1779532573462000000,1779532573462000000,1779532573462000000,1779532573480000000,1779532573485000000,1779532573495000000,1779532573527000000,33.0000,18.0000,7.5000,32.0000,65.0000,15.97,T3-T5 on Isaac clock; Network_est approximate
2026-05-23T10:36:13.5609870Z,495,550,0,1779532573515,1779532573494000000,1779532573494000000,1779532573494000000,1779532573514000000,1779532573515000000,1779532573527000000,1779532573560000000,33.0000,20.0000,6.5000,33.0000,66.0000,15.16,T3-T5 on Isaac clock; Network_est approximate
2026-05-23T10:36:13.5940280Z,496,551,0,1779532573557,1779532573527000000,1779532573527000000,1779532573527000000,1779532573554000000,1779532573557000000,1779532573560000000,1779532573594000000,33.0000,27.0000,3.0000,34.0000,67.0000,14.77,T3-T5 on Isaac clock; Network_est approximate
2026-05-23T10:36:13.6664800Z,498,553,0,1779532573649,1779532573593000000,1779532573593000000,1779532573593000000,1779532573645000000,1779532573649000000,1779532573663000000,1779532573666000000,70.0000,52.0000,9.0000,3.0000,73.0000,15.07,T3-T5 on Isaac clock; Network_est approximate
2026-05-23T10:36:13.7339180Z,499,555,0,1779532573691,1779532573666000000,1779532573666000000,1779532573665000000,1779532573686000000,1779532573691000000,1779532573700000000,1779532573733000000,34.0000,21.0000,6.5000,33.0000,67.0000,15.71,T3-T5 on Isaac clock; Network_est approximate
2026-05-23T10:36:13.7999690Z,500,557,0,1779532573748,1779532573733000000,1779532573733000000,1779532573733000000,1779532573744000000,1779532573748000000,1779532573766000000,1779532573799000000,33.0000,11.0000,11.0000,33.0000,66.0000,15.30,T3-T5 on Isaac clock; Network_est approximate
2026-05-23T10:36:13.8720640Z,501,558,0,1779532573779,1779532573766000000,1779532573766000000,1779532573766000000,1779532573777000000,1779532573779000000,1779532573799000000,1779532573872000000,33.0000,11.0000,11.0000,73.0000,106.0000,16.91,T3-T5 on Isaac clock; Network_est approximate
2026-05-23T10:36:13.8756280Z,502,559,0,1779532573821,1779532573799000000,1779532573799000000,1779532573799000000,1779532573818000000,1779532573821000000,1779532573871000000,1779532573875000000,72.0000,19.0000,26.5000,4.0000,76.0000,18.25,T3-T5 on Isaac clock; Network_est approximate
2026-05-23T10:36:13.9490120Z,503,561,0,1779532573877,1779532573875000000,1779532573875000000,1779532573874000000,1779532573877000000,1779532573877000000,1779532573908000000,1779532573949000000,33.0000,3.0000,15.0000,41.0000,74.0000,18.19,T3-T5 on Isaac clock; Network_est approximate
2026-05-23T10:36:13.9801670Z,504,562,0,1779532573913,1779532573908000000,1779532573908000000,1779532573908000000,1779532573910000000,1779532573913000000,1779532573948000000,1779532573980000000,40.0000,2.0000,19.0000,32.0000,72.0000,17.35,T3-T5 on Isaac clock; Network_est approximate
2026-05-23T10:36:14.0133000Z,505,563,0,1779532573950,1779532573948000000,1779532573948000000,1779532573948000000,1779532573949000000,1779532573950000000,1779532573980000000,1779532574013000000,32.0000,1.0000,15.5000,33.0000,65.0000,16.51,T3-T5 on Isaac clock; Network_est approximate
2026-05-23T10:36:14.0783130Z,506,564,0,1779532574012,1779532573979000000,1779532573979000000,1779532573979000000,1779532574007000000,1779532574012000000,1779532574045000000,1779532574078000000,66.0000,28.0000,19.0000,33.0000,99.0000,15.66,T3-T5 on Isaac clock; Network_est approximate
2026-05-23T10:36:14.1109880Z,507,565,0,1779532574044,1779532574013000000,1779532574013000000,1779532574012000000,1779532574041000000,1779532574044000000,1779532574078000000,1779532574110000000,65.0000,29.0000,18.0000,32.0000,97.0000,14.73,T3-T5 on Isaac clock; Network_est approximate
2026-05-23T10:36:14.1440340Z,508,567,0,1779532574086,1779532574078000000,1779532574078000000,1779532574077000000,1779532574081000000,1779532574086000000,1779532574110000000,1779532574144000000,32.0000,4.0000,14.0000,34.0000,66.0000,14.36,T3-T5 on Isaac clock; Network_est approximate
2026-05-23T10:36:14.2093890Z,510,569,0,1779532574174,1779532574143000000,1779532574143000000,1779532574143000000,1779532574173000000,1779532574174000000,1779532574176000000,1779532574209000000,33.0000,30.0000,1.5000,33.0000,66.0000,14.88,T3-T5 on Isaac clock; Network_est approximate
2026-05-23T10:36:14.2746440Z,511,571,0,1779532574216,1779532574209000000,1779532574209000000,1779532574209000000,1779532574212000000,1779532574216000000,1779532574241000000,1779532574274000000,32.0000,3.0000,14.5000,33.0000,65.0000,15.40,T3-T5 on Isaac clock; Network_est approximate
2026-05-23T10:36:14.3480090Z,512,572,0,1779532574275,1779532574241000000,1779532574241000000,1779532574241000000,1779532574270000000,1779532574275000000,1779532574307000000,1779532574348000000,66.0000,29.0000,18.5000,41.0000,107.0000,15.34,T3-T5 on Isaac clock; Network_est approximate
2026-05-23T10:36:14.3793030Z,513,573,0,1779532574306,1779532574274000000,1779532574274000000,1779532574275000000,1779532574305000000,1779532574306000000,1779532574347000000,1779532574379000000,73.0000,30.0000,21.5000,32.0000,105.0000,14.39,T3-T5 on Isaac clock; Network_est approximate
2026-05-23T10:36:14.4127990Z,514,574,0,1779532574346,1779532574307000000,1779532574307000000,1779532574306000000,1779532574345000000,1779532574346000000,1779532574379000000,1779532574412000000,72.0000,39.0000,16.5000,33.0000,105.0000,13.90,T3-T5 on Isaac clock; Network_est approximate
2026-05-23T10:36:14.4528160Z,515,576,0,1779532574404,1779532574379000000,1779532574379000000,1779532574378000000,1779532574402000000,1779532574404000000,1779532574412000000,1779532574452000000,33.0000,24.0000,4.5000,40.0000,73.0000,14.16,T3-T5 on Isaac clock; Network_est approximate
2026-05-23T10:36:14.4838510Z,516,577,0,1779532574440,1779532574412000000,1779532574412000000,1779532574412000000,1779532574436000000,1779532574440000000,1779532574452000000,1779532574483000000,40.0000,24.0000,8.0000,31.0000,71.0000,13.59,T3-T5 on Isaac clock; Network_est approximate
2026-05-23T10:36:14.5171150Z,517,578,0,1779532574481,1779532574452000000,1779532574452000000,1779532574452000000,1779532574477000000,1779532574481000000,1779532574483000000,1779532574517000000,31.0000,25.0000,3.0000,34.0000,65.0000,13.24,T3-T5 on Isaac clock; Network_est approximate
2026-05-23T10:36:14.5839270Z,518,580,0,1779532574539,1779532574516000000,1779532574516000000,1779532574516000000,1779532574535000000,1779532574539000000,1779532574549000000,1779532574583000000,33.0000,19.0000,7.0000,34.0000,67.0000,12.98,T3-T5 on Isaac clock; Network_est approximate
2026-05-23T10:36:14.6185000Z,519,581,0,1779532574571,1779532574548000000,1779532574548000000,1779532574548000000,1779532574569000000,1779532574571000000,1779532574583000000,1779532574618000000,35.0000,21.0000,7.0000,35.0000,70.0000,12.33,T3-T5 on Isaac clock; Network_est approximate
2026-05-23T10:36:14.6570920Z,520,582,0,1779532574613,1779532574583000000,1779532574583000000,1779532574583000000,1779532574609000000,1779532574613000000,1779532574618000000,1779532574657000000,35.0000,26.0000,4.5000,39.0000,74.0000,11.77,T3-T5 on Isaac clock; Network_est approximate
2026-05-23T10:36:14.7365030Z,522,584,0,1779532574707,1779532574656000000,1779532574656000000,1779532574656000000,1779532574703000000,1779532574707000000,1779532574733000000,1779532574736000000,77.0000,47.0000,15.0000,3.0000,80.0000,11.94,T3-T5 on Isaac clock; Network_est approximate
2026-05-23T10:36:14.8099920Z,523,586,0,1779532574745,1779532574736000000,1779532574736000000,1779532574735000000,1779532574743000000,1779532574745000000,1779532574774000000,1779532574809000000,38.0000,8.0000,15.0000,35.0000,73.0000,13.41,T3-T5 on Isaac clock; Network_est approximate
2026-05-23T10:36:14.8826630Z,524,587,0,1779532574804,1779532574774000000,1779532574774000000,1779532574773000000,1779532574800000000,1779532574804000000,1779532574809000000,1779532574882000000,35.0000,27.0000,4.0000,73.0000,108.0000,13.42,T3-T5 on Isaac clock; Network_est approximate
2026-05-23T10:36:14.8862630Z,526,588,0,1779532574876,1779532574809000000,1779532574809000000,1779532574809000000,1779532574873000000,1779532574876000000,1779532574882000000,1779532574886000000,73.0000,64.0000,4.5000,4.0000,77.0000,16.85,T3-T5 on Isaac clock; Network_est approximate
2026-05-23T10:36:14.9895750Z,527,591,0,1779532574936,1779532574917000000,1779532574917000000,1779532574917000000,1779532574931000000,1779532574936000000,1779532574958000000,1779532574989000000,41.0000,14.0000,13.5000,31.0000,72.0000,18.49,T3-T5 on Isaac clock; Network_est approximate
2026-05-23T10:36:15.0218960Z,528,592,0,1779532574967,1779532574957000000,1779532574957000000,1779532574957000000,1779532574964000000,1779532574967000000,1779532574989000000,1779532575021000000,32.0000,7.0000,12.5000,32.0000,64.0000,17.42,T3-T5 on Isaac clock; Network_est approximate
2026-05-23T10:36:15.0549230Z,529,593,0,1779532575010,1779532574989000000,1779532574989000000,1779532574989000000,1779532575005000000,1779532575010000000,1779532575021000000,1779532575054000000,32.0000,16.0000,8.0000,33.0000,65.0000,16.95,T3-T5 on Isaac clock; Network_est approximate
2026-05-23T10:36:15.1198970Z,530,595,0,1779532575067,1779532575054000000,1779532575054000000,1779532575056000000,1779532575064000000,1779532575067000000,1779532575087000000,1779532575119000000,33.0000,8.0000,12.5000,32.0000,65.0000,16.40,T3-T5 on Isaac clock; Network_est approximate
2026-05-23T10:36:15.1529600Z,531,596,0,1779532575103,1779532575087000000,1779532575087000000,1779532575086000000,1779532575099000000,1779532575103000000,1779532575119000000,1779532575152000000,32.0000,13.0000,9.5000,33.0000,65.0000,15.55,T3-T5 on Isaac clock; Network_est approximate
2026-05-23T10:36:15.1851880Z,532,597,0,1779532575140,1779532575119000000,1779532575119000000,1779532575119000000,1779532575139000000,1779532575140000000,1779532575152000000,1779532575185000000,33.0000,20.0000,6.5000,33.0000,66.0000,14.88,T3-T5 on Isaac clock; Network_est approximate
2026-05-23T10:36:15.2514600Z,533,599,0,1779532575203,1779532575185000000,1779532575185000000,1779532575184000000,1779532575199000000,1779532575203000000,1779532575218000000,1779532575251000000,33.0000,15.0000,9.0000,33.0000,66.0000,14.14,T3-T5 on Isaac clock; Network_est approximate
2026-05-23T10:36:15.2838430Z,534,600,0,1779532575239,1779532575217000000,1779532575217000000,1779532575217000000,1779532575234000000,1779532575239000000,1779532575251000000,1779532575283000000,34.0000,17.0000,8.5000,32.0000,66.0000,13.48,T3-T5 on Isaac clock; Network_est approximate
2026-05-23T10:36:15.3165280Z,535,601,0,1779532575275,1779532575251000000,1779532575251000000,1779532575250000000,1779532575275000000,1779532575275000000,1779532575283000000,1779532575316000000,32.0000,25.0000,3.5000,33.0000,65.0000,12.84,T3-T5 on Isaac clock; Network_est approximate
2026-05-23T10:36:15.3908560Z,537,603,0,1779532575369,1779532575316000000,1779532575316000000,1779532575316000000,1779532575368000000,1779532575369000000,1779532575387000000,1779532575390000000,71.0000,52.0000,9.5000,3.0000,74.0000,13.26,T3-T5 on Isaac clock; Network_est approximate
2026-05-23T10:36:15.4639760Z,538,605,0,1779532575412,1779532575390000000,1779532575390000000,1779532575390000000,1779532575408000000,1779532575412000000,1779532575423000000,1779532575463000000,33.0000,18.0000,7.5000,40.0000,73.0000,14.31,T3-T5 on Isaac clock; Network_est approximate
2026-05-23T10:36:15.5283570Z,539,607,0,1779532575470,1779532575463000000,1779532575463000000,1779532575463000000,1779532575467000000,1779532575470000000,1779532575494000000,1779532575528000000,31.0000,4.0000,13.5000,34.0000,65.0000,13.81,T3-T5 on Isaac clock; Network_est approximate
2026-05-23T10:36:15.5609940Z,540,608,0,1779532575507,1779532575494000000,1779532575494000000,1779532575494000000,1779532575503000000,1779532575507000000,1779532575528000000,1779532575560000000,34.0000,9.0000,12.5000,32.0000,66.0000,13.21,T3-T5 on Isaac clock; Network_est approximate
2026-05-23T10:36:15.5950480Z,541,609,0,1779532575548,1779532575527000000,1779532575528000000,1779532575527000000,1779532575543000000,1779532575548000000,1779532575560000000,1779532575595000000,32.0000,16.0000,8.0000,35.0000,68.0000,12.85,T3-T5 on Isaac clock; Network_est approximate
2026-05-23T10:36:15.6585840Z,542,611,0,1779532575606,1779532575594000000,1779532575594000000,1779532575596000000,1779532575602000000,1779532575606000000,1779532575625000000,1779532575658000000,31.0000,6.0000,12.5000,33.0000,64.0000,12.42,T3-T5 on Isaac clock; Network_est approximate
2026-05-23T10:36:15.6912240Z,543,612,0,1779532575643,1779532575625000000,1779532575625000000,1779532575625000000,1779532575638000000,1779532575643000000,1779532575658000000,1779532575691000000,33.0000,13.0000,10.0000,33.0000,66.0000,11.93,T3-T5 on Isaac clock; Network_est approximate
2026-05-23T10:36:15.7243230Z,544,613,0,1779532575680,1779532575658000000,1779532575658000000,1779532575658000000,1779532575677000000,1779532575680000000,1779532575691000000,1779532575724000000,33.0000,19.0000,7.0000,33.0000,66.0000,11.42,T3-T5 on Isaac clock; Network_est approximate
2026-05-23T10:36:15.8249480Z,545,615,0,1779532575738,1779532575724000000,1779532575724000000,1779532575723000000,1779532575735000000,1779532575738000000,1779532575756000000,1779532575824000000,32.0000,12.0000,10.0000,68.0000,100.0000,13.37,T3-T5 on Isaac clock; Network_est approximate
2026-05-23T10:36:15.8283390Z,547,616,0,1779532575812,1779532575755000000,1779532575756000000,1779532575755000000,1779532575809000000,1779532575812000000,1779532575824000000,1779532575828000000,68.0000,54.0000,7.0000,4.0000,73.0000,16.94,T3-T5 on Isaac clock; Network_est approximate
2026-05-23T10:36:15.9731460Z,548,619,0,1779532575869,1779532575862000000,1779532575862000000,1779532575861000000,1779532575868000000,1779532575869000000,1779532575903000000,1779532575973000000,41.0000,7.0000,17.0000,70.0000,111.0000,21.37,T3-T5 on Isaac clock; Network_est approximate
2026-05-23T10:36:15.9764560Z,550,620,0,1779532575947,1779532575903000000,1779532575903000000,1779532575902000000,1779532575944000000,1779532575947000000,1779532575973000000,1779532575976000000,70.0000,42.0000,14.0000,3.0000,73.0000,24.70,T3-T5 on Isaac clock; Network_est approximate
2026-05-23T10:36:16.0413030Z,551,622,0,1779532576005,1779532575976000000,1779532575976000000,1779532575975000000,1779532576003000000,1779532576005000000,1779532576008000000,1779532576041000000,32.0000,28.0000,2.0000,33.0000,65.0000,23.58,T3-T5 on Isaac clock; Network_est approximate
2026-05-23T10:36:16.0746190Z,552,623,0,1779532576036,1779532576008000000,1779532576008000000,1779532576007000000,1779532576036000000,1779532576036000000,1779532576041000000,1779532576074000000,33.0000,29.0000,2.0000,33.0000,66.0000,22.25,T3-T5 on Isaac clock; Network_est approximate
2026-05-23T10:36:16.1391340Z,553,625,0,1779532576078,1779532576074000000,1779532576074000000,1779532576074000000,1779532576076000000,1779532576078000000,1779532576106000000,1779532576139000000,32.0000,2.0000,15.0000,33.0000,65.0000,22.27,T3-T5 on Isaac clock; Network_est approximate
2026-05-23T10:36:16.2049500Z,554,626,0,1779532576139,1779532576106000000,1779532576106000000,1779532576105000000,1779532576134000000,1779532576139000000,1779532576171000000,1779532576204000000,65.0000,29.0000,18.0000,33.0000,98.0000,21.17,T3-T5 on Isaac clock; Network_est approximate
2026-05-23T10:36:16.2371550Z,555,627,0,1779532576170,1779532576139000000,1779532576139000000,1779532576138000000,1779532576168000000,1779532576170000000,1779532576204000000,1779532576237000000,65.0000,30.0000,17.5000,33.0000,98.0000,19.93,T3-T5 on Isaac clock; Network_est approximate
2026-05-23T10:36:16.2697000Z,556,629,0,1779532576217,1779532576204000000,1779532576204000000,1779532576204000000,1779532576214000000,1779532576217000000,1779532576237000000,1779532576269000000,33.0000,10.0000,11.5000,32.0000,65.0000,19.59,T3-T5 on Isaac clock; Network_est approximate
2026-05-23T10:36:16.3352590Z,557,631,0,1779532576275,1779532576269000000,1779532576269000000,1779532576269000000,1779532576275000000,1779532576275000000,1779532576302000000,1779532576335000000,33.0000,6.0000,13.5000,33.0000,66.0000,18.83,T3-T5 on Isaac clock; Network_est approximate
2026-05-23T10:36:16.3686140Z,558,632,0,1779532576313,1779532576302000000,1779532576302000000,1779532576302000000,1779532576309000000,1779532576313000000,1779532576335000000,1779532576368000000,33.0000,7.0000,13.0000,33.0000,66.0000,17.95,T3-T5 on Isaac clock; Network_est approximate
2026-05-23T10:36:16.4087430Z,559,633,0,1779532576350,1779532576335000000,1779532576335000000,1779532576334000000,1779532576349000000,1779532576350000000,1779532576368000000,1779532576408000000,33.0000,15.0000,9.0000,40.0000,73.0000,17.03,T3-T5 on Isaac clock; Network_est approximate
2026-05-23T10:36:16.4803970Z,560,634,0,1779532576412,1779532576368000000,1779532576368000000,1779532576368000000,1779532576407000000,1779532576412000000,1779532576439000000,1779532576480000000,71.0000,39.0000,16.0000,41.0000,112.0000,16.56,T3-T5 on Isaac clock; Network_est approximate
2026-05-23T10:36:16.5116920Z,561,636,0,1779532576443,1779532576439000000,1779532576439000000,1779532576439000000,1779532576441000000,1779532576443000000,1779532576480000000,1779532576511000000,41.0000,2.0000,19.5000,31.0000,72.0000,15.54,T3-T5 on Isaac clock; Network_est approximate
2026-05-23T10:36:16.5445010Z,562,637,0,1779532576485,1779532576480000000,1779532576480000000,1779532576479000000,1779532576483000000,1779532576485000000,1779532576511000000,1779532576544000000,31.0000,4.0000,13.5000,33.0000,64.0000,15.15,T3-T5 on Isaac clock; Network_est approximate
2026-05-23T10:36:16.6098140Z,563,638,0,1779532576545,1779532576511000000,1779532576511000000,1779532576511000000,1779532576541000000,1779532576545000000,1779532576576000000,1779532576609000000,65.0000,30.0000,17.5000,33.0000,98.0000,14.52,T3-T5 on Isaac clock; Network_est approximate
2026-05-23T10:36:16.6429620Z,564,639,0,1779532576575,1779532576544000000,1779532576544000000,1779532576543000000,1779532576574000000,1779532576575000000,1779532576609000000,1779532576642000000,65.0000,31.0000,17.0000,33.0000,98.0000,13.79,T3-T5 on Isaac clock; Network_est approximate
2026-05-23T10:36:16.6752450Z,565,641,0,1779532576618,1779532576609000000,1779532576609000000,1779532576609000000,1779532576614000000,1779532576618000000,1779532576642000000,1779532576675000000,33.0000,5.0000,14.0000,33.0000,66.0000,13.61,T3-T5 on Isaac clock; Network_est approximate
2026-05-23T10:36:16.7402250Z,566,642,0,1779532576676,1779532576642000000,1779532576642000000,1779532576642000000,1779532576673000000,1779532576676000000,1779532576707000000,1779532576740000000,65.0000,31.0000,17.0000,33.0000,98.0000,13.23,T3-T5 on Isaac clock; Network_est approximate
2026-05-23T10:36:16.7731360Z,567,644,0,1779532576714,1779532576707000000,1779532576707000000,1779532576707000000,1779532576709000000,1779532576714000000,1779532576740000000,1779532576773000000,33.0000,2.0000,15.5000,33.0000,66.0000,12.72,T3-T5 on Isaac clock; Network_est approximate
2026-05-23T10:36:16.8057510Z,568,645,0,1779532576756,1779532576740000000,1779532576740000000,1779532576739000000,1779532576751000000,1779532576756000000,1779532576773000000,1779532576805000000,33.0000,12.0000,10.5000,32.0000,65.0000,12.52,T3-T5 on Isaac clock; Network_est approximate
2026-05-23T10:36:16.9141790Z,569,647,0,1779532576812,1779532576805000000,1779532576805000000,1779532576805000000,1779532576809000000,1779532576812000000,1779532576838000000,1779532576914000000,33.0000,4.0000,14.5000,76.0000,109.0000,15.02,T3-T5 on Isaac clock; Network_est approximate
2026-05-23T10:36:16.9174660Z,571,648,0,1779532576885,1779532576838000000,1779532576838000000,1779532576837000000,1779532576882000000,1779532576885000000,1779532576914000000,1779532576917000000,76.0000,45.0000,15.5000,3.0000,79.0000,18.44,T3-T5 on Isaac clock; Network_est approximate
2026-05-23T10:36:16.9929430Z,572,650,0,1779532576944,1779532576917000000,1779532576917000000,1779532576916000000,1779532576940000000,1779532576944000000,1779532576951000000,1779532576992000000,34.0000,24.0000,5.0000,41.0000,75.0000,18.32,T3-T5 on Isaac clock; Network_est approximate
2026-05-23T10:36:17.0240600Z,573,651,0,1779532576975,1779532576951000000,1779532576951000000,1779532576951000000,1779532576974000000,1779532576975000000,1779532576992000000,1779532577024000000,41.0000,23.0000,9.0000,32.0000,73.0000,17.18,T3-T5 on Isaac clock; Network_est approximate
2026-05-23T10:36:17.0563990Z,574,652,0,1779532577018,1779532576992000000,1779532576992000000,1779532576992000000,1779532577016000000,1779532577018000000,1779532577023000000,1779532577056000000,31.0000,24.0000,3.5000,33.0000,64.0000,16.76,T3-T5 on Isaac clock; Network_est approximate
2026-05-23T10:36:17.1219780Z,575,654,0,1779532577078,1779532577056000000,1779532577056000000,1779532577055000000,1779532577074000000,1779532577078000000,1779532577089000000,1779532577121000000,33.0000,19.0000,7.0000,32.0000,65.0000,16.06,T3-T5 on Isaac clock; Network_est approximate
2026-05-23T10:36:17.1550330Z,576,655,0,1779532577119,1779532577088000000,1779532577088000000,1779532577088000000,1779532577114000000,1779532577119000000,1779532577121000000,1779532577155000000,33.0000,26.0000,3.5000,34.0000,67.0000,15.55,T3-T5 on Isaac clock; Network_est approximate
2026-05-23T10:36:17.2200100Z,577,656,0,1779532577155,1779532577121000000,1779532577121000000,1779532577121000000,1779532577152000000,1779532577155000000,1779532577187000000,1779532577220000000,66.0000,31.0000,17.5000,33.0000,99.0000,16.39,T3-T5 on Isaac clock; Network_est approximate
2026-05-23T10:36:17.2531430Z,578,658,0,1779532577211,1779532577186000000,1779532577187000000,1779532577186000000,1779532577211000000,1779532577211000000,1779532577219000000,1779532577253000000,32.0000,25.0000,3.5000,34.0000,67.0000,16.79,T3-T5 on Isaac clock; Network_est approximate
2026-05-23T10:36:17.2854760Z,579,659,0,1779532577248,1779532577219000000,1779532577219000000,1779532577219000000,1779532577245000000,1779532577248000000,1779532577253000000,1779532577285000000,34.0000,26.0000,4.0000,32.0000,66.0000,16.03,T3-T5 on Isaac clock; Network_est approximate
2026-05-23T10:36:17.3512950Z,580,661,0,1779532577290,1779532577285000000,1779532577285000000,1779532577285000000,1779532577285000000,1779532577290000000,1779532577318000000,1779532577351000000,33.0000,0.0000,16.5000,33.0000,66.0000,16.52,T3-T5 on Isaac clock; Network_est approximate
2026-05-23T10:36:17.3845340Z,581,662,0,1779532577347,1779532577318000000,1779532577318000000,1779532577317000000,1779532577344000000,1779532577347000000,1779532577351000000,1779532577384000000,33.0000,27.0000,3.0000,33.0000,66.0000,16.97,T3-T5 on Isaac clock; Network_est approximate
2026-05-23T10:36:17.4561770Z,582,663,0,1779532577378,1779532577351000000,1779532577351000000,1779532577350000000,1779532577378000000,1779532577378000000,1779532577384000000,1779532577456000000,33.0000,28.0000,2.5000,72.0000,105.0000,18.45,T3-T5 on Isaac clock; Network_est approximate
2026-05-23T10:36:17.4611290Z,583,664,0,1779532577420,1779532577384000000,1779532577384000000,1779532577384000000,1779532577417000000,1779532577420000000,1779532577456000000,1779532577461000000,72.0000,33.0000,19.5000,5.0000,77.0000,19.61,T3-T5 on Isaac clock; Network_est approximate
2026-05-23T10:36:17.5343470Z,584,666,0,1779532577477,1779532577460000000,1779532577461000000,1779532577460000000,1779532577475000000,1779532577477000000,1779532577494000000,1779532577534000000,33.0000,15.0000,9.0000,40.0000,74.0000,19.39,T3-T5 on Isaac clock; Network_est approximate
2026-05-23T10:36:17.5659220Z,585,667,0,1779532577509,1779532577494000000,1779532577494000000,1779532577493000000,1779532577509000000,1779532577509000000,1779532577534000000,1779532577565000000,40.0000,16.0000,12.0000,31.0000,71.0000,18.21,T3-T5 on Isaac clock; Network_est approximate
2026-05-23T10:36:17.5990030Z,586,668,0,1779532577551,1779532577534000000,1779532577534000000,1779532577533000000,1779532577550000000,1779532577551000000,1779532577565000000,1779532577599000000,31.0000,17.0000,7.0000,34.0000,65.0000,17.62,T3-T5 on Isaac clock; Network_est approximate
2026-05-23T10:36:17.6645110Z,587,670,0,1779532577608,1779532577598000000,1779532577598000000,1779532577598000000,1779532577608000000,1779532577608000000,1779532577631000000,1779532577664000000,33.0000,10.0000,11.5000,33.0000,66.0000,17.06,T3-T5 on Isaac clock; Network_est approximate
2026-05-23T10:36:17.6971810Z,588,671,0,1779532577645,1779532577631000000,1779532577631000000,1779532577631000000,1779532577641000000,1779532577645000000,1779532577664000000,1779532577697000000,33.0000,10.0000,11.5000,33.0000,66.0000,16.27,T3-T5 on Isaac clock; Network_est approximate
2026-05-23T10:36:17.7297340Z,589,672,0,1779532577683,1779532577664000000,1779532577664000000,1779532577664000000,1779532577681000000,1779532577683000000,1779532577697000000,1779532577729000000,33.0000,17.0000,8.0000,32.0000,65.0000,15.59,T3-T5 on Isaac clock; Network_est approximate
2026-05-23T10:36:17.7950780Z,590,674,0,1779532577742,1779532577729000000,1779532577729000000,1779532577729000000,1779532577739000000,1779532577742000000,1779532577762000000,1779532577795000000,33.0000,10.0000,11.5000,33.0000,66.0000,15.02,T3-T5 on Isaac clock; Network_est approximate
2026-05-23T10:36:17.8275820Z,591,675,0,1779532577773,1779532577762000000,1779532577762000000,1779532577761000000,1779532577773000000,1779532577773000000,1779532577795000000,1779532577827000000,33.0000,12.0000,10.5000,32.0000,65.0000,14.17,T3-T5 on Isaac clock; Network_est approximate
2026-05-23T10:36:17.8603470Z,592,676,0,1779532577815,1779532577794000000,1779532577794000000,1779532577794000000,1779532577813000000,1779532577815000000,1779532577827000000,1779532577860000000,33.0000,19.0000,7.0000,33.0000,66.0000,13.86,T3-T5 on Isaac clock; Network_est approximate
2026-05-23T10:36:17.9353790Z,593,678,0,1779532577873,1779532577860000000,1779532577860000000,1779532577859000000,1779532577872000000,1779532577873000000,1779532577893000000,1779532577935000000,33.0000,13.0000,10.0000,42.0000,75.0000,14.05,T3-T5 on Isaac clock; Network_est approximate
2026-05-23T10:36:18.0090780Z,594,679,0,1779532577909,1779532577893000000,1779532577893000000,1779532577893000000,1779532577906000000,1779532577909000000,1779532577935000000,1779532578009000000,42.0000,13.0000,14.5000,74.0000,116.0000,15.53,T3-T5 on Isaac clock; Network_est approximate
2026-05-23T10:36:18.0129430Z,595,680,0,1779532577947,1779532577935000000,1779532577935000000,1779532577934000000,1779532577947000000,1779532577947000000,1779532578009000000,1779532578012000000,74.0000,13.0000,30.5000,3.0000,77.0000,16.69,T3-T5 on Isaac clock; Network_est approximate
2026-05-23T10:36:18.0463520Z,596,680,0,1779532578008,1779532577935000000,1779532577935000000,1779532577934000000,1779532578005000000,1779532578008000000,1779532578012000000,1779532578046000000,77.0000,71.0000,3.0000,34.0000,111.0000,17.37,T3-T5 on Isaac clock; Network_est approximate
2026-05-23T10:36:18.0802300Z,597,682,0,1779532578040,1779532578012000000,1779532578012000000,1779532578012000000,1779532578038000000,1779532578040000000,1779532578046000000,1779532578080000000,34.0000,26.0000,4.0000,34.0000,68.0000,16.40,T3-T5 on Isaac clock; Network_est approximate
2026-05-23T10:36:18.1455500Z,598,683,0,1779532578082,1779532578046000000,1779532578046000000,1779532578045000000,1779532578078000000,1779532578082000000,1779532578112000000,1779532578145000000,66.0000,33.0000,16.5000,33.0000,99.0000,16.83,T3-T5 on Isaac clock; Network_est approximate
2026-05-23T10:36:18.1780790Z,599,685,0,1779532578138,1779532578112000000,1779532578112000000,1779532578112000000,1779532578137000000,1779532578138000000,1779532578145000000,1779532578178000000,33.0000,25.0000,4.0000,33.0000,66.0000,17.24,T3-T5 on Isaac clock; Network_est approximate
2026-05-23T10:36:18.2105320Z,600,686,0,1779532578175,1779532578145000000,1779532578145000000,1779532578144000000,1779532578172000000,1779532578175000000,1779532578178000000,1779532578210000000,33.0000,28.0000,2.5000,32.0000,65.0000,16.45,T3-T5 on Isaac clock; Network_est approximate
2026-05-23T10:36:18.2763440Z,601,688,0,1779532578217,1779532578210000000,1779532578210000000,1779532578210000000,1779532578213000000,1779532578217000000,1779532578243000000,1779532578276000000,33.0000,3.0000,15.0000,33.0000,66.0000,16.90,T3-T5 on Isaac clock; Network_est approximate
2026-05-23T10:36:18.3085030Z,602,689,0,1779532578274,1779532578243000000,1779532578243000000,1779532578242000000,1779532578272000000,1779532578274000000,1779532578276000000,1779532578308000000,33.0000,30.0000,1.5000,32.0000,65.0000,17.39,T3-T5 on Isaac clock; Network_est approximate
2026-05-23T10:36:18.3742490Z,603,690,0,1779532578311,1779532578276000000,1779532578276000000,1779532578275000000,1779532578305000000,1779532578311000000,1779532578340000000,1779532578374000000,64.0000,30.0000,17.0000,34.0000,98.0000,18.10,T3-T5 on Isaac clock; Network_est approximate
2026-05-23T10:36:18.4064880Z,604,692,0,1779532578348,1779532578340000000,1779532578340000000,1779532578340000000,1779532578345000000,1779532578348000000,1779532578374000000,1779532578406000000,34.0000,5.0000,14.5000,32.0000,66.0000,17.26,T3-T5 on Isaac clock; Network_est approximate
2026-05-23T10:36:18.4781610Z,605,693,0,1779532578404,1779532578373000000,1779532578374000000,1779532578373000000,1779532578403000000,1779532578404000000,1779532578406000000,1779532578478000000,32.0000,30.0000,1.0000,72.0000,105.0000,17.16,T3-T5 on Isaac clock; Network_est approximate
2026-05-23T10:36:18.4820740Z,606,694,0,1779532578440,1779532578406000000,1779532578406000000,1779532578406000000,1779532578435000000,1779532578440000000,1779532578478000000,1779532578482000000,72.0000,29.0000,21.5000,4.0000,76.0000,18.11,T3-T5 on Isaac clock; Network_est approximate
2026-05-23T10:36:18.5150270Z,607,694,0,1779532578477,1779532578406000000,1779532578406000000,1779532578406000000,1779532578475000000,1779532578477000000,1779532578481000000,1779532578515000000,75.0000,69.0000,3.0000,34.0000,109.0000,17.22,T3-T5 on Isaac clock; Network_est approximate
2026-05-23T10:36:18.5863740Z,608,697,0,1779532578535,1779532578514000000,1779532578514000000,1779532578514000000,1779532578533000000,1779532578535000000,1779532578555000000,1779532578586000000,41.0000,19.0000,11.0000,31.0000,72.0000,16.98,T3-T5 on Isaac clock; Network_est approximate
2026-05-23T10:36:18.6197860Z,609,698,0,1779532578567,1779532578555000000,1779532578555000000,1779532578554000000,1779532578566000000,1779532578567000000,1779532578586000000,1779532578619000000,31.0000,12.0000,9.5000,33.0000,64.0000,15.99,T3-T5 on Isaac clock; Network_est approximate
2026-05-23T10:36:18.6519430Z,610,699,0,1779532578609,1779532578586000000,1779532578586000000,1779532578585000000,1779532578606000000,1779532578609000000,1779532578619000000,1779532578651000000,33.0000,21.0000,6.0000,32.0000,65.0000,15.58,T3-T5 on Isaac clock; Network_est approximate
2026-05-23T10:36:18.7171770Z,611,701,0,1779532578666,1779532578651000000,1779532578651000000,1779532578651000000,1779532578664000000,1779532578666000000,1779532578685000000,1779532578717000000,34.0000,13.0000,10.5000,32.0000,66.0000,15.12,T3-T5 on Isaac clock; Network_est approximate
2026-05-23T10:36:18.7497040Z,612,702,0,1779532578697,1779532578685000000,1779532578685000000,1779532578684000000,1779532578697000000,1779532578697000000,1779532578717000000,1779532578749000000,32.0000,13.0000,9.5000,32.0000,64.0000,14.27,T3-T5 on Isaac clock; Network_est approximate
2026-05-23T10:36:18.7829870Z,613,703,0,1779532578739,1779532578717000000,1779532578717000000,1779532578716000000,1779532578736000000,1779532578739000000,1779532578749000000,1779532578782000000,32.0000,20.0000,6.0000,33.0000,65.0000,13.93,T3-T5 on Isaac clock; Network_est approximate
2026-05-23T10:36:18.8484140Z,614,705,0,1779532578796,1779532578782000000,1779532578782000000,1779532578782000000,1779532578795000000,1779532578796000000,1779532578815000000,1779532578848000000,33.0000,13.0000,10.0000,33.0000,66.0000,13.57,T3-T5 on Isaac clock; Network_est approximate
2026-05-23T10:36:18.8806500Z,615,706,0,1779532578833,1779532578815000000,1779532578815000000,1779532578815000000,1779532578829000000,1779532578833000000,1779532578848000000,1779532578880000000,33.0000,14.0000,9.5000,32.0000,65.0000,12.99,T3-T5 on Isaac clock; Network_est approximate
2026-05-23T10:36:18.9137340Z,616,707,0,1779532578869,1779532578847000000,1779532578847000000,1779532578847000000,1779532578868000000,1779532578869000000,1779532578880000000,1779532578913000000,33.0000,21.0000,6.0000,33.0000,66.0000,12.36,T3-T5 on Isaac clock; Network_est approximate
2026-05-23T10:36:18.9888540Z,618,709,0,1779532578963,1779532578913000000,1779532578913000000,1779532578913000000,1779532578959000000,1779532578963000000,1779532578985000000,1779532578988000000,72.0000,46.0000,13.0000,3.0000,75.0000,12.77,T3-T5 on Isaac clock; Network_est approximate
2026-05-23T10:36:19.0975870Z,619,711,0,1779532579002,1779532578988000000,1779532578988000000,1779532578988000000,1779532578999000000,1779532579002000000,1779532579021000000,1779532579097000000,33.0000,11.0000,11.0000,76.0000,109.0000,16.32,T3-T5 on Isaac clock; Network_est approximate
2026-05-23T10:36:19.1012900Z,621,712,0,1779532579095,1779532579021000000,1779532579021000000,1779532579021000000,1779532579092000000,1779532579095000000,1779532579097000000,1779532579101000000,76.0000,71.0000,2.5000,4.0000,80.0000,20.88,T3-T5 on Isaac clock; Network_est approximate
2026-05-23T10:36:19.2010130Z,622,714,0,1779532579136,1779532579101000000,1779532579101000000,1779532579100000000,1779532579133000000,1779532579136000000,1779532579167000000,1779532579201000000,66.0000,33.0000,16.5000,34.0000,100.0000,23.25,T3-T5 on Isaac clock; Network_est approximate
2026-05-23T10:36:19.2338520Z,623,716,0,1779532579192,1779532579167000000,1779532579167000000,1779532579167000000,1779532579192000000,1779532579192000000,1779532579200000000,1779532579233000000,33.0000,25.0000,4.0000,33.0000,66.0000,23.24,T3-T5 on Isaac clock; Network_est approximate
2026-05-23T10:36:19.2661970Z,624,717,0,1779532579229,1779532579200000000,1779532579200000000,1779532579200000000,1779532579225000000,1779532579229000000,1779532579233000000,1779532579266000000,33.0000,25.0000,4.0000,33.0000,66.0000,22.08,T3-T5 on Isaac clock; Network_est approximate
2026-05-23T10:36:19.3314430Z,625,719,0,1779532579271,1779532579265000000,1779532579266000000,1779532579265000000,1779532579266000000,1779532579271000000,1779532579298000000,1779532579331000000,32.0000,1.0000,15.5000,33.0000,66.0000,22.15,T3-T5 on Isaac clock; Network_est approximate
2026-05-23T10:36:19.3643990Z,626,720,0,1779532579327,1779532579298000000,1779532579298000000,1779532579298000000,1779532579324000000,1779532579327000000,1779532579331000000,1779532579364000000,33.0000,26.0000,3.5000,33.0000,66.0000,22.21,T3-T5 on Isaac clock; Network_est approximate
2026-05-23T10:36:19.3966450Z,627,721,0,1779532579358,1779532579331000000,1779532579331000000,1779532579330000000,1779532579357000000,1779532579358000000,1779532579364000000,1779532579396000000,33.0000,27.0000,3.0000,32.0000,65.0000,20.90,T3-T5 on Isaac clock; Network_est approximate
2026-05-23T10:36:19.5016340Z,628,723,0,1779532579400,1779532579396000000,1779532579396000000,1779532579396000000,1779532579398000000,1779532579400000000,1779532579429000000,1779532579501000000,33.0000,2.0000,15.5000,72.0000,105.0000,23.53,T3-T5 on Isaac clock; Network_est approximate
2026-05-23T10:36:19.5053640Z,630,724,0,1779532579493,1779532579429000000,1779532579429000000,1779532579429000000,1779532579492000000,1779532579493000000,1779532579501000000,1779532579505000000,72.0000,63.0000,4.5000,4.0000,76.0000,27.63,T3-T5 on Isaac clock; Network_est approximate
2026-05-23T10:36:19.5780590Z,631,726,0,1779532579535,1779532579505000000,1779532579505000000,1779532579504000000,1779532579533000000,1779532579535000000,1779532579538000000,1779532579578000000,33.0000,29.0000,2.0000,40.0000,73.0000,27.82,T3-T5 on Isaac clock; Network_est approximate
2026-05-23T10:36:19.6416870Z,632,728,0,1779532579593,1779532579577000000,1779532579577000000,1779532579577000000,1779532579591000000,1779532579593000000,1779532579609000000,1779532579641000000,32.0000,14.0000,9.0000,32.0000,64.0000,26.43,T3-T5 on Isaac clock; Network_est approximate
2026-05-23T10:36:19.6744960Z,633,729,0,1779532579629,1779532579609000000,1779532579609000000,1779532579608000000,1779532579624000000,1779532579629000000,1779532579641000000,1779532579674000000,32.0000,16.0000,8.0000,33.0000,65.0000,24.98,T3-T5 on Isaac clock; Network_est approximate
2026-05-23T10:36:19.7070200Z,634,730,0,1779532579667,1779532579641000000,1779532579641000000,1779532579641000000,1779532579664000000,1779532579667000000,1779532579674000000,1779532579707000000,33.0000,23.0000,5.0000,33.0000,66.0000,23.76,T3-T5 on Isaac clock; Network_est approximate
2026-05-23T10:36:19.7724370Z,635,732,0,1779532579724,1779532579706000000,1779532579706000000,1779532579706000000,1779532579723000000,1779532579724000000,1779532579739000000,1779532579772000000,33.0000,17.0000,8.0000,33.0000,66.0000,22.80,T3-T5 on Isaac clock; Network_est approximate
2026-05-23T10:36:19.8048000Z,636,733,0,1779532579760,1779532579739000000,1779532579739000000,1779532579738000000,1779532579756000000,1779532579760000000,1779532579772000000,1779532579804000000,33.0000,18.0000,7.5000,32.0000,65.0000,21.60,T3-T5 on Isaac clock; Network_est approximate
2026-05-23T10:36:19.8383060Z,637,734,0,1779532579801,1779532579772000000,1779532579772000000,1779532579771000000,1779532579797000000,1779532579801000000,1779532579804000000,1779532579838000000,32.0000,26.0000,3.0000,34.0000,66.0000,20.73,T3-T5 on Isaac clock; Network_est approximate
2026-05-23T10:36:19.9032780Z,638,736,0,1779532579859,1779532579837000000,1779532579838000000,1779532579837000000,1779532579855000000,1779532579859000000,1779532579870000000,1779532579903000000,32.0000,18.0000,7.0000,33.0000,66.0000,19.87,T3-T5 on Isaac clock; Network_est approximate
2026-05-23T10:36:19.9363910Z,639,737,0,1779532579890,1779532579870000000,1779532579870000000,1779532579870000000,1779532579888000000,1779532579890000000,1779532579903000000,1779532579936000000,33.0000,18.0000,7.5000,33.0000,66.0000,18.73,T3-T5 on Isaac clock; Network_est approximate
2026-05-23T10:36:20.0080050Z,640,738,0,1779532579932,1779532579902000000,1779532579902000000,1779532579902000000,1779532579928000000,1779532579932000000,1779532579936000000,1779532580008000000,34.0000,26.0000,4.0000,72.0000,106.0000,19.44,T3-T5 on Isaac clock; Network_est approximate
2026-05-23T10:36:20.0121250Z,641,739,0,1779532579988,1779532579935000000,1779532579935000000,1779532579935000000,1779532579986000000,1779532579988000000,1779532580007000000,1779532580012000000,72.0000,51.0000,10.5000,5.0000,77.0000,21.46,T3-T5 on Isaac clock; Network_est approximate
2026-05-23T10:36:20.0860370Z,642,741,0,1779532580020,1779532580011000000,1779532580011000000,1779532580011000000,1779532580019000000,1779532580020000000,1779532580045000000,1779532580086000000,34.0000,8.0000,13.0000,41.0000,75.0000,22.74,T3-T5 on Isaac clock; Network_est approximate
2026-05-23T10:36:20.1170510Z,643,742,0,1779532580062,1779532580045000000,1779532580045000000,1779532580045000000,1779532580059000000,1779532580062000000,1779532580085000000,1779532580117000000,40.0000,14.0000,13.0000,32.0000,72.0000,22.01,T3-T5 on Isaac clock; Network_est approximate
2026-05-23T10:36:20.2190710Z,644,744,0,1779532580121,1779532580116000000,1779532580116000000,1779532580116000000,1779532580117000000,1779532580121000000,1779532580149000000,1779532580219000000,33.0000,1.0000,16.0000,70.0000,103.0000,23.31,T3-T5 on Isaac clock; Network_est approximate
2026-05-23T10:36:20.2226950Z,646,745,0,1779532580193,1779532580149000000,1779532580149000000,1779532580149000000,1779532580190000000,1779532580193000000,1779532580218000000,1779532580222000000,69.0000,41.0000,14.0000,4.0000,73.0000,26.11,T3-T5 on Isaac clock; Network_est approximate
2026-05-23T10:36:20.3226710Z,647,747,0,1779532580257,1779532580222000000,1779532580222000000,1779532580222000000,1779532580253000000,1779532580257000000,1779532580288000000,1779532580322000000,66.0000,31.0000,17.5000,34.0000,100.0000,26.72,T3-T5 on Isaac clock; Network_est approximate
2026-05-23T10:36:20.3548480Z,648,748,0,1779532580288,1779532580255000000,1779532580255000000,1779532580255000000,1779532580287000000,1779532580288000000,1779532580322000000,1779532580354000000,67.0000,32.0000,17.5000,32.0000,99.0000,25.12,T3-T5 on Isaac clock; Network_est approximate
2026-05-23T10:36:20.3874540Z,649,750,0,1779532580330,1779532580322000000,1779532580322000000,1779532580322000000,1779532580328000000,1779532580330000000,1779532580354000000,1779532580387000000,32.0000,6.0000,13.0000,33.0000,65.0000,24.14,T3-T5 on Isaac clock; Network_est approximate
2026-05-23T10:36:20.4537610Z,650,752,0,1779532580389,1779532580387000000,1779532580387000000,1779532580387000000,1779532580388000000,1779532580389000000,1779532580420000000,1779532580453000000,33.0000,1.0000,16.0000,33.0000,66.0000,23.08,T3-T5 on Isaac clock; Network_est approximate
2026-05-23T10:36:20.4867960Z,651,753,0,1779532580426,1779532580419000000,1779532580419000000,1779532580419000000,1779532580421000000,1779532580426000000,1779532580453000000,1779532580486000000,34.0000,2.0000,16.0000,33.0000,67.0000,21.88,T3-T5 on Isaac clock; Network_est approximate
2026-05-23T10:36:20.5283860Z,652,754,0,1779532580463,1779532580453000000,1779532580453000000,1779532580453000000,1779532580462000000,1779532580463000000,1779532580486000000,1779532580528000000,33.0000,9.0000,12.0000,42.0000,75.0000,20.80,T3-T5 on Isaac clock; Network_est approximate
2026-05-23T10:36:20.5986890Z,653,755,0,1779532580526,1779532580486000000,1779532580486000000,1779532580486000000,1779532580521000000,1779532580526000000,1779532580528000000,1779532580598000000,42.0000,35.0000,3.5000,70.0000,112.0000,19.96,T3-T5 on Isaac clock; Network_est approximate
2026-05-23T10:36:20.6028880Z,654,756,0,1779532580558,1779532580528000000,1779532580528000000,1779532580527000000,1779532580555000000,1779532580558000000,1779532580598000000,1779532580602000000,70.0000,28.0000,21.0000,4.0000,74.0000,20.45,T3-T5 on Isaac clock; Network_est approximate
2026-05-23T10:36:20.6344830Z,655,756,0,1779532580599,1779532580528000000,1779532580528000000,1779532580527000000,1779532580595000000,1779532580599000000,1779532580602000000,1779532580634000000,74.0000,68.0000,3.0000,32.0000,106.0000,19.75,T3-T5 on Isaac clock; Network_est approximate
2026-05-23T10:36:20.6998810Z,656,759,0,1779532580657,1779532580634000000,1779532580634000000,1779532580634000000,1779532580653000000,1779532580657000000,1779532580667000000,1779532580699000000,33.0000,19.0000,7.0000,32.0000,65.0000,18.98,T3-T5 on Isaac clock; Network_est approximate
2026-05-23T10:36:20.7328830Z,657,760,0,1779532580688,1779532580667000000,1779532580667000000,1779532580666000000,1779532580686000000,1779532580688000000,1779532580699000000,1779532580732000000,32.0000,20.0000,6.0000,33.0000,65.0000,17.92,T3-T5 on Isaac clock; Network_est approximate
2026-05-23T10:36:20.7652930Z,658,761,0,1779532580730,1779532580699000000,1779532580699000000,1779532580699000000,1779532580726000000,1779532580730000000,1779532580732000000,1779532580765000000,33.0000,27.0000,3.0000,33.0000,66.0000,17.40,T3-T5 on Isaac clock; Network_est approximate
2026-05-23T10:36:20.8308380Z,659,763,0,1779532580786,1779532580765000000,1779532580765000000,1779532580764000000,1779532580784000000,1779532580786000000,1779532580797000000,1779532580830000000,32.0000,20.0000,6.0000,33.0000,65.0000,16.90,T3-T5 on Isaac clock; Network_est approximate
2026-05-23T10:36:20.8637540Z,660,764,0,1779532580828,1779532580797000000,1779532580797000000,1779532580797000000,1779532580823000000,1779532580828000000,1779532580830000000,1779532580863000000,33.0000,26.0000,3.5000,33.0000,66.0000,16.42,T3-T5 on Isaac clock; Network_est approximate
2026-05-23T10:36:20.9290030Z,661,765,0,1779532580866,1779532580830000000,1779532580830000000,1779532580830000000,1779532580863000000,1779532580866000000,1779532580895000000,1779532580929000000,65.0000,33.0000,16.0000,34.0000,99.0000,17.09,T3-T5 on Isaac clock; Network_est approximate
2026-05-23T10:36:20.9617850Z,662,767,0,1779532580923,1779532580895000000,1779532580895000000,1779532580895000000,1779532580922000000,1779532580923000000,1779532580928000000,1779532580961000000,33.0000,27.0000,3.0000,33.0000,66.0000,17.54,T3-T5 on Isaac clock; Network_est approximate
2026-05-23T10:36:20.9953410Z,663,768,0,1779532580958,1779532580928000000,1779532580928000000,1779532580928000000,1779532580956000000,1779532580958000000,1779532580961000000,1779532580995000000,33.0000,28.0000,2.5000,34.0000,67.0000,16.54,T3-T5 on Isaac clock; Network_est approximate
2026-05-23T10:36:21.0674320Z,664,770,0,1779532580999,1779532580995000000,1779532580995000000,1779532580994000000,1779532580997000000,1779532580999000000,1779532581036000000,1779532581067000000,41.0000,3.0000,19.0000,31.0000,72.0000,17.45,T3-T5 on Isaac clock; Network_est approximate
2026-05-23T10:36:21.1076000Z,665,771,0,1779532581057,1779532581035000000,1779532581035000000,1779532581035000000,1779532581055000000,1779532581057000000,1779532581067000000,1779532581107000000,32.0000,20.0000,6.0000,40.0000,72.0000,17.47,T3-T5 on Isaac clock; Network_est approximate
2026-05-23T10:36:21.1385410Z,666,772,0,1779532581089,1779532581067000000,1779532581067000000,1779532581066000000,1779532581088000000,1779532581089000000,1779532581107000000,1779532581138000000,40.0000,22.0000,9.0000,31.0000,71.0000,16.44,T3-T5 on Isaac clock; Network_est approximate
2026-05-23T10:36:21.1711240Z,667,773,0,1779532581131,1779532581107000000,1779532581107000000,1779532581107000000,1779532581130000000,1779532581131000000,1779532581138000000,1779532581171000000,31.0000,23.0000,4.0000,33.0000,64.0000,16.00,T3-T5 on Isaac clock; Network_est approximate
2026-05-23T10:36:21.2363840Z,668,775,0,1779532581189,1779532581170000000,1779532581170000000,1779532581170000000,1779532581188000000,1779532581189000000,1779532581203000000,1779532581236000000,33.0000,18.0000,7.5000,33.0000,66.0000,15.46,T3-T5 on Isaac clock; Network_est approximate
2026-05-23T10:36:21.3051860Z,669,776,0,1779532581226,1779532581203000000,1779532581203000000,1779532581203000000,1779532581221000000,1779532581226000000,1779532581236000000,1779532581305000000,33.0000,18.0000,7.5000,69.0000,102.0000,16.48,T3-T5 on Isaac clock; Network_est approximate
2026-05-23T10:36:21.3082210Z,670,777,0,1779532581263,1779532581236000000,1779532581236000000,1779532581235000000,1779532581261000000,1779532581263000000,1779532581305000000,1779532581308000000,69.0000,26.0000,21.5000,3.0000,72.0000,17.57,T3-T5 on Isaac clock; Network_est approximate
2026-05-23T10:36:21.3750910Z,671,779,0,1779532581320,1779532581308000000,1779532581308000000,1779532581307000000,1779532581319000000,1779532581320000000,1779532581341000000,1779532581375000000,33.0000,12.0000,10.5000,34.0000,67.0000,17.09,T3-T5 on Isaac clock; Network_est approximate
2026-05-23T10:36:21.4080160Z,672,780,0,1779532581357,1779532581341000000,1779532581341000000,1779532581341000000,1779532581353000000,1779532581357000000,1779532581375000000,1779532581408000000,34.0000,12.0000,11.0000,33.0000,67.0000,16.28,T3-T5 on Isaac clock; Network_est approximate
2026-05-23T10:36:21.4406340Z,673,781,0,1779532581394,1779532581374000000,1779532581374000000,1779532581374000000,1779532581393000000,1779532581394000000,1779532581407000000,1779532581440000000,33.0000,19.0000,7.0000,33.0000,66.0000,15.53,T3-T5 on Isaac clock; Network_est approximate
2026-05-23T10:36:21.5075550Z,674,783,0,1779532581452,1779532581440000000,1779532581440000000,1779532581440000000,1779532581451000000,1779532581452000000,1779532581474000000,1779532581507000000,34.0000,11.0000,11.5000,33.0000,67.0000,15.11,T3-T5 on Isaac clock; Network_est approximate
2026-05-23T10:36:21.5482670Z,675,784,0,1779532581489,1779532581474000000,1779532581474000000,1779532581473000000,1779532581485000000,1779532581489000000,1779532581507000000,1779532581548000000,33.0000,12.0000,10.5000,41.0000,74.0000,14.40,T3-T5 on Isaac clock; Network_est approximate
2026-05-23T10:36:21.5790710Z,676,785,0,1779532581526,1779532581507000000,1779532581507000000,1779532581507000000,1779532581524000000,1779532581526000000,1779532581548000000,1779532581579000000,41.0000,17.0000,12.0000,31.0000,72.0000,13.87,T3-T5 on Isaac clock; Network_est approximate
2026-05-23T10:36:21.6446680Z,677,787,0,1779532581583,1779532581578000000,1779532581578000000,1779532581578000000,1779532581583000000,1779532581583000000,1779532581611000000,1779532581644000000,33.0000,5.0000,14.0000,33.0000,66.0000,13.54,T3-T5 on Isaac clock; Network_est approximate
2026-05-23T10:36:21.6773160Z,678,788,0,1779532581620,1779532581611000000,1779532581611000000,1779532581611000000,1779532581616000000,1779532581620000000,1779532581644000000,1779532581677000000,33.0000,5.0000,14.0000,33.0000,66.0000,12.96,T3-T5 on Isaac clock; Network_est approximate
2026-05-23T10:36:21.7100960Z,679,789,0,1779532581656,1779532581644000000,1779532581644000000,1779532581644000000,1779532581656000000,1779532581656000000,1779532581677000000,1779532581710000000,33.0000,12.0000,10.5000,33.0000,66.0000,12.35,T3-T5 on Isaac clock; Network_est approximate
2026-05-23T10:36:21.7768370Z,680,791,0,1779532581715,1779532581709000000,1779532581709000000,1779532581709000000,1779532581714000000,1779532581715000000,1779532581743000000,1779532581776000000,34.0000,5.0000,14.5000,33.0000,67.0000,12.05,T3-T5 on Isaac clock; Network_est approximate
2026-05-23T10:36:21.8096680Z,681,792,0,1779532581752,1779532581743000000,1779532581743000000,1779532581742000000,1779532581748000000,1779532581752000000,1779532581776000000,1779532581809000000,33.0000,6.0000,13.5000,33.0000,66.0000,11.56,T3-T5 on Isaac clock; Network_est approximate
2026-05-23T10:36:21.8417680Z,682,793,0,1779532581789,1779532581776000000,1779532581776000000,1779532581776000000,1779532581789000000,1779532581789000000,1779532581809000000,1779532581841000000,33.0000,13.0000,10.0000,32.0000,65.0000,11.13,T3-T5 on Isaac clock; Network_est approximate
2026-05-23T10:36:21.9072780Z,683,795,0,1779532581851,1779532581841000000,1779532581841000000,1779532581841000000,1779532581847000000,1779532581851000000,1779532581874000000,1779532581907000000,33.0000,6.0000,13.5000,33.0000,66.0000,10.65,T3-T5 on Isaac clock; Network_est approximate
2026-05-23T10:36:21.9401630Z,684,796,0,1779532581883,1779532581874000000,1779532581874000000,1779532581873000000,1779532581882000000,1779532581883000000,1779532581907000000,1779532581940000000,33.0000,9.0000,12.0000,33.0000,66.0000,10.05,T3-T5 on Isaac clock; Network_est approximate
2026-05-23T10:36:21.9729490Z,685,797,0,1779532581923,1779532581906000000,1779532581906000000,1779532581906000000,1779532581922000000,1779532581923000000,1779532581940000000,1779532581972000000,34.0000,16.0000,9.0000,32.0000,66.0000,9.87,T3-T5 on Isaac clock; Network_est approximate
2026-05-23T10:36:22.0478470Z,686,799,0,1779532581980,1779532581972000000,1779532581972000000,1779532581972000000,1779532581980000000,1779532581980000000,1779532582006000000,1779532582047000000,34.0000,8.0000,13.0000,41.0000,75.0000,10.37,T3-T5 on Isaac clock; Network_est approximate
2026-05-23T10:36:22.0784380Z,687,800,0,1779532582017,1779532582005000000,1779532582006000000,1779532582005000000,1779532582014000000,1779532582017000000,1779532582047000000,1779532582078000000,41.0000,9.0000,16.0000,31.0000,73.0000,10.13,T3-T5 on Isaac clock; Network_est approximate
2026-05-23T10:36:22.1196160Z,688,801,0,1779532582058,1779532582047000000,1779532582047000000,1779532582047000000,1779532582054000000,1779532582058000000,1779532582078000000,1779532582119000000,31.0000,7.0000,12.0000,41.0000,72.0000,9.54,T3-T5 on Isaac clock; Network_est approximate
2026-05-23T10:36:22.1494550Z,689,802,0,1779532582116,1779532582078000000,1779532582078000000,1779532582077000000,1779532582112000000,1779532582116000000,1779532582119000000,1779532582149000000,41.0000,35.0000,3.0000,30.0000,71.0000,10.64,T3-T5 on Isaac clock; Network_est approximate
2026-05-23T10:36:22.1819890Z,690,803,0,1779532582147,1779532582118000000,1779532582118000000,1779532582118000000,1779532582145000000,1779532582147000000,1779532582149000000,1779532582181000000,31.0000,27.0000,2.0000,32.0000,63.0000,10.06,T3-T5 on Isaac clock; Network_est approximate
2026-05-23T10:36:22.2472520Z,691,805,0,1779532582189,1779532582181000000,1779532582181000000,1779532582181000000,1779532582186000000,1779532582189000000,1779532582214000000,1779532582247000000,33.0000,5.0000,14.0000,33.0000,66.0000,10.89,T3-T5 on Isaac clock; Network_est approximate
2026-05-23T10:36:22.3488380Z,692,806,0,1779532582249,1779532582214000000,1779532582214000000,1779532582214000000,1779532582245000000,1779532582249000000,1779532582279000000,1779532582348000000,65.0000,31.0000,17.0000,69.0000,134.0000,12.80,T3-T5 on Isaac clock; Network_est approximate
2026-05-23T10:36:22.3524890Z,694,808,0,1779532582323,1779532582279000000,1779532582279000000,1779532582280000000,1779532582321000000,1779532582323000000,1779532582348000000,1779532582352000000,69.0000,41.0000,14.0000,4.0000,73.0000,16.40,T3-T5 on Isaac clock; Network_est approximate
2026-05-23T10:36:22.4191620Z,695,810,0,1779532582383,1779532582352000000,1779532582352000000,1779532582351000000,1779532582379000000,1779532582383000000,1779532582385000000,1779532582419000000,33.0000,28.0000,2.5000,34.0000,67.0000,15.80,T3-T5 on Isaac clock; Network_est approximate
2026-05-23T10:36:22.4522970Z,696,811,0,1779532582414,1779532582385000000,1779532582385000000,1779532582385000000,1779532582412000000,1779532582414000000,1779532582419000000,1779532582452000000,34.0000,27.0000,3.5000,33.0000,67.0000,14.94,T3-T5 on Isaac clock; Network_est approximate
2026-05-23T10:36:22.5583280Z,697,813,0,1779532582456,1779532582452000000,1779532582452000000,1779532582451000000,1779532582452000000,1779532582456000000,1779532582485000000,1779532582558000000,33.0000,1.0000,16.0000,73.0000,106.0000,18.00,T3-T5 on Isaac clock; Network_est approximate
2026-05-23T10:36:22.5622320Z,699,814,0,1779532582545,1779532582485000000,1779532582485000000,1779532582484000000,1779532582543000000,1779532582545000000,1779532582558000000,1779532582562000000,73.0000,59.0000,7.0000,4.0000,77.0000,22.20,T3-T5 on Isaac clock; Network_est approximate
2026-05-23T10:36:22.6358710Z,700,816,0,1779532582587,1779532582561000000,1779532582562000000,1779532582561000000,1779532582583000000,1779532582587000000,1779532582595000000,1779532582635000000,33.0000,22.0000,5.5000,40.0000,74.0000,22.79,T3-T5 on Isaac clock; Network_est approximate
2026-05-23T10:36:22.6994100Z,701,818,0,1779532582647,1779532582635000000,1779532582635000000,1779532582636000000,1779532582642000000,1779532582647000000,1779532582666000000,1779532582699000000,31.0000,6.0000,12.5000,33.0000,64.0000,21.59,T3-T5 on Isaac clock; Network_est approximate
2026-05-23T10:36:22.7321920Z,702,819,0,1779532582678,1779532582666000000,1779532582666000000,1779532582666000000,1779532582675000000,1779532582678000000,1779532582699000000,1779532582732000000,33.0000,9.0000,12.0000,33.0000,66.0000,20.35,T3-T5 on Isaac clock; Network_est approximate
2026-05-23T10:36:22.7648670Z,703,820,0,1779532582720,1779532582699000000,1779532582699000000,1779532582698000000,1779532582715000000,1779532582720000000,1779532582732000000,1779532582764000000,33.0000,17.0000,8.0000,32.0000,65.0000,19.66,T3-T5 on Isaac clock; Network_est approximate
2026-05-23T10:36:22.8302820Z,704,822,0,1779532582777,1779532582764000000,1779532582764000000,1779532582764000000,1779532582773000000,1779532582777000000,1779532582797000000,1779532582830000000,33.0000,9.0000,12.0000,33.0000,66.0000,18.96,T3-T5 on Isaac clock; Network_est approximate
2026-05-23T10:36:22.8630980Z,705,823,0,1779532582809,1779532582797000000,1779532582797000000,1779532582796000000,1779532582806000000,1779532582809000000,1779532582830000000,1779532582863000000,33.0000,10.0000,11.5000,33.0000,66.0000,17.82,T3-T5 on Isaac clock; Network_est approximate
2026-05-23T10:36:22.8954660Z,706,824,0,1779532582852,1779532582830000000,1779532582830000000,1779532582829000000,1779532582847000000,1779532582852000000,1779532582863000000,1779532582895000000,33.0000,18.0000,7.5000,32.0000,65.0000,17.37,T3-T5 on Isaac clock; Network_est approximate
2026-05-23T10:36:22.9609390Z,707,826,0,1779532582910,1779532582895000000,1779532582895000000,1779532582894000000,1779532582905000000,1779532582910000000,1779532582928000000,1779532582960000000,33.0000,11.0000,11.0000,32.0000,65.0000,16.75,T3-T5 on Isaac clock; Network_est approximate
2026-05-23T10:36:22.9938300Z,708,827,0,1779532582941,1779532582928000000,1779532582928000000,1779532582927000000,1779532582938000000,1779532582941000000,1779532582960000000,1779532582993000000,32.0000,11.0000,10.5000,33.0000,65.0000,15.82,T3-T5 on Isaac clock; Network_est approximate
2026-05-23T10:36:23.0654350Z,709,828,0,1779532582982,1779532582960000000,1779532582960000000,1779532582960000000,1779532582977000000,1779532582982000000,1779532582993000000,1779532583065000000,33.0000,17.0000,8.0000,72.0000,105.0000,16.74,T3-T5 on Isaac clock; Network_est approximate
2026-05-23T10:36:23.0693030Z,710,829,0,1779532583040,1779532582993000000,1779532582993000000,1779532582993000000,1779532583036000000,1779532583040000000,1779532583065000000,1779532583069000000,72.0000,43.0000,14.5000,4.0000,76.0000,19.07,T3-T5 on Isaac clock; Network_est approximate
2026-05-23T10:36:23.1430770Z,711,831,0,1779532583072,1779532583069000000,1779532583069000000,1779532583068000000,1779532583069000000,1779532583072000000,1779532583101000000,1779532583143000000,32.0000,1.0000,15.5000,42.0000,74.0000,20.48,T3-T5 on Isaac clock; Network_est approximate
2026-05-23T10:36:23.1737450Z,712,832,0,1779532583109,1779532583101000000,1779532583101000000,1779532583100000000,1779532583109000000,1779532583109000000,1779532583143000000,1779532583173000000,42.0000,9.0000,16.5000,30.0000,72.0000,19.59,T3-T5 on Isaac clock; Network_est approximate
2026-05-23T10:36:23.2070200Z,713,833,0,1779532583171,1779532583142000000,1779532583142000000,1779532583142000000,1779532583167000000,1779532583171000000,1779532583173000000,1779532583207000000,31.0000,25.0000,3.0000,34.0000,65.0000,20.19,T3-T5 on Isaac clock; Network_est approximate
2026-05-23T10:36:23.2395230Z,714,834,0,1779532583203,1779532583173000000,1779532583173000000,1779532583172000000,1779532583200000000,1779532583203000000,1779532583206000000,1779532583239000000,33.0000,28.0000,2.5000,33.0000,66.0000,18.99,T3-T5 on Isaac clock; Network_est approximate
2026-05-23T10:36:23.3049590Z,715,836,0,1779532583240,1779532583239000000,1779532583239000000,1779532583238000000,1779532583240000000,1779532583240000000,1779532583272000000,1779532583304000000,33.0000,2.0000,15.5000,32.0000,65.0000,19.57,T3-T5 on Isaac clock; Network_est approximate
2026-05-23T10:36:23.3371710Z,716,837,0,1779532583303,1779532583271000000,1779532583271000000,1779532583271000000,1779532583298000000,1779532583303000000,1779532583304000000,1779532583337000000,33.0000,27.0000,3.0000,33.0000,66.0000,20.27,T3-T5 on Isaac clock; Network_est approximate
2026-05-23T10:36:23.3698370Z,717,838,0,1779532583333,1779532583304000000,1779532583304000000,1779532583304000000,1779532583331000000,1779532583333000000,1779532583337000000,1779532583369000000,33.0000,27.0000,3.0000,32.0000,65.0000,19.17,T3-T5 on Isaac clock; Network_est approximate
2026-05-23T10:36:23.4422390Z,719,840,0,1779532583432,1779532583369000000,1779532583369000000,1779532583369000000,1779532583429000000,1779532583432000000,1779532583438000000,1779532583442000000,69.0000,60.0000,4.5000,4.0000,73.0000,19.63,T3-T5 on Isaac clock; Network_est approximate
2026-05-23T10:36:23.5100160Z,720,842,0,1779532583464,1779532583442000000,1779532583442000000,1779532583441000000,1779532583463000000,1779532583464000000,1779532583475000000,1779532583510000000,33.0000,22.0000,5.5000,35.0000,68.0000,20.64,T3-T5 on Isaac clock; Network_est approximate
2026-05-23T10:36:23.5520200Z,721,843,0,1779532583505,1779532583475000000,1779532583475000000,1779532583474000000,1779532583503000000,1779532583505000000,1779532583509000000,1779532583552000000,34.0000,29.0000,2.5000,43.0000,77.0000,19.37,T3-T5 on Isaac clock; Network_est approximate
2026-05-23T10:36:23.6238660Z,722,845,0,1779532583562,1779532583551000000,1779532583551000000,1779532583551000000,1779532583561000000,1779532583562000000,1779532583583000000,1779532583623000000,32.0000,10.0000,11.0000,40.0000,72.0000,19.13,T3-T5 on Isaac clock; Network_est approximate
2026-05-23T10:36:23.6931640Z,723,846,0,1779532583594,1779532583583000000,1779532583583000000,1779532583582000000,1779532583593000000,1779532583594000000,1779532583623000000,1779532583693000000,40.0000,11.0000,14.5000,70.0000,110.0000,20.26,T3-T5 on Isaac clock; Network_est approximate
2026-05-23T10:36:23.6969110Z,724,847,0,1779532583635,1779532583623000000,1779532583623000000,1779532583623000000,1779532583635000000,1779532583635000000,1779532583693000000,1779532583696000000,70.0000,12.0000,29.0000,3.0000,73.0000,21.32,T3-T5 on Isaac clock; Network_est approximate
2026-05-23T10:36:23.7616160Z,725,848,0,1779532583697,1779532583692000000,1779532583692000000,1779532583692000000,1779532583694000000,1779532583697000000,1779532583729000000,1779532583761000000,37.0000,2.0000,17.5000,32.0000,69.0000,20.16,T3-T5 on Isaac clock; Network_est approximate
2026-05-23T10:36:23.7951490Z,726,849,0,1779532583728,1779532583696000000,1779532583696000000,1779532583696000000,1779532583727000000,1779532583728000000,1779532583761000000,1779532583795000000,65.0000,31.0000,17.0000,34.0000,99.0000,19.05,T3-T5 on Isaac clock; Network_est approximate
2026-05-23T10:36:23.8272410Z,727,851,0,1779532583770,1779532583761000000,1779532583761000000,1779532583761000000,1779532583768000000,1779532583770000000,1779532583795000000,1779532583827000000,34.0000,7.0000,13.5000,32.0000,66.0000,18.48,T3-T5 on Isaac clock; Network_est approximate
2026-05-23T10:36:23.8922960Z,728,852,0,1779532583827,1779532583794000000,1779532583794000000,1779532583794000000,1779532583825000000,1779532583827000000,1779532583859000000,1779532583892000000,65.0000,31.0000,17.0000,33.0000,98.0000,17.84,T3-T5 on Isaac clock; Network_est approximate
2026-05-23T10:36:23.9254250Z,729,853,0,1779532583865,1779532583826000000,1779532583827000000,1779532583826000000,1779532583859000000,1779532583865000000,1779532583892000000,1779532583925000000,65.0000,33.0000,16.0000,33.0000,99.0000,17.04,T3-T5 on Isaac clock; Network_est approximate
2026-05-23T10:36:23.9576800Z,730,855,0,1779532583901,1779532583892000000,1779532583892000000,1779532583891000000,1779532583899000000,1779532583901000000,1779532583925000000,1779532583957000000,33.0000,8.0000,12.5000,32.0000,65.0000,16.20,T3-T5 on Isaac clock; Network_est approximate
2026-05-23T10:36:24.0237330Z,731,856,0,1779532583958,1779532583925000000,1779532583925000000,1779532583924000000,1779532583956000000,1779532583958000000,1779532583990000000,1779532584023000000,65.0000,32.0000,16.5000,33.0000,98.0000,15.75,T3-T5 on Isaac clock; Network_est approximate
2026-05-23T10:36:24.0566780Z,732,858,0,1779532583995,1779532583990000000,1779532583990000000,1779532583990000000,1779532583990000000,1779532583995000000,1779532584023000000,1779532584056000000,33.0000,0.0000,16.5000,33.0000,66.0000,15.01,T3-T5 on Isaac clock; Network_est approximate
2026-05-23T10:36:24.0978330Z,733,859,0,1779532584031,1779532584023000000,1779532584023000000,1779532584023000000,1779532584030000000,1779532584031000000,1779532584056000000,1779532584097000000,33.0000,7.0000,13.0000,41.0000,74.0000,14.39,T3-T5 on Isaac clock; Network_est approximate
2026-05-23T10:36:24.1678950Z,734,860,0,1779532584089,1779532584056000000,1779532584056000000,1779532584056000000,1779532584088000000,1779532584089000000,1779532584097000000,1779532584167000000,41.0000,32.0000,4.5000,70.0000,111.0000,14.25,T3-T5 on Isaac clock; Network_est approximate
2026-05-23T10:36:24.1720310Z,736,861,0,1779532584162,1779532584097000000,1779532584097000000,1779532584097000000,1779532584161000000,1779532584162000000,1779532584167000000,1779532584172000000,70.0000,64.0000,3.0000,5.0000,75.0000,17.65,T3-T5 on Isaac clock; Network_est approximate
2026-05-23T10:36:24.2697860Z,737,864,0,1779532584221,1779532584203000000,1779532584203000000,1779532584203000000,1779532584219000000,1779532584221000000,1779532584236000000,1779532584269000000,33.0000,16.0000,8.5000,33.0000,66.0000,18.96,T3-T5 on Isaac clock; Network_est approximate
2026-05-23T10:36:24.3022920Z,738,865,0,1779532584257,1779532584236000000,1779532584236000000,1779532584236000000,1779532584254000000,1779532584257000000,1779532584269000000,1779532584302000000,33.0000,18.0000,7.5000,33.0000,66.0000,18.01,T3-T5 on Isaac clock; Network_est approximate
2026-05-23T10:36:24.3344940Z,739,866,0,1779532584299,1779532584269000000,1779532584269000000,1779532584269000000,1779532584294000000,1779532584299000000,1779532584302000000,1779532584334000000,33.0000,25.0000,4.0000,32.0000,65.0000,17.46,T3-T5 on Isaac clock; Network_est approximate
2026-05-23T10:36:24.3991800Z,740,868,0,1779532584354,1779532584334000000,1779532584334000000,1779532584334000000,1779532584352000000,1779532584354000000,1779532584366000000,1779532584399000000,32.0000,18.0000,7.0000,33.0000,65.0000,16.98,T3-T5 on Isaac clock; Network_est approximate
2026-05-23T10:36:24.4319560Z,741,869,0,1779532584387,1779532584366000000,1779532584366000000,1779532584366000000,1779532584385000000,1779532584387000000,1779532584399000000,1779532584431000000,33.0000,19.0000,7.0000,32.0000,65.0000,15.93,T3-T5 on Isaac clock; Network_est approximate
2026-05-23T10:36:24.4648020Z,742,870,0,1779532584429,1779532584399000000,1779532584399000000,1779532584398000000,1779532584426000000,1779532584429000000,1779532584431000000,1779532584464000000,32.0000,28.0000,2.0000,33.0000,65.0000,15.50,T3-T5 on Isaac clock; Network_est approximate
2026-05-23T10:36:24.5367200Z,744,872,0,1779532584522,1779532584464000000,1779532584464000000,1779532584464000000,1779532584521000000,1779532584522000000,1779532584533000000,1779532584536000000,69.0000,57.0000,6.0000,3.0000,72.0000,15.85,T3-T5 on Isaac clock; Network_est approximate
2026-05-23T10:36:24.6137110Z,745,874,0,1779532584565,1779532584536000000,1779532584536000000,1779532584536000000,1779532584561000000,1779532584565000000,1779532584570000000,1779532584613000000,34.0000,25.0000,4.5000,43.0000,77.0000,16.98,T3-T5 on Isaac clock; Network_est approximate
2026-05-23T10:36:24.6935120Z,747,876,0,1779532584652,1779532584613000000,1779532584613000000,1779532584613000000,1779532584652000000,1779532584652000000,1779532584689000000,1779532584693000000,76.0000,39.0000,18.5000,4.0000,80.0000,16.37,T3-T5 on Isaac clock; Network_est approximate
2026-05-23T10:36:24.7664760Z,748,877,0,1779532584695,1779532584689000000,1779532584689000000,1779532584689000000,1779532584692000000,1779532584695000000,1779532584729000000,1779532584766000000,40.0000,3.0000,18.5000,37.0000,77.0000,17.21,T3-T5 on Isaac clock; Network_est approximate
2026-05-23T10:36:24.8045730Z,749,879,0,1779532584753,1779532584729000000,1779532584729000000,1779532584729000000,1779532584750000000,1779532584753000000,1779532584766000000,1779532584804000000,37.0000,21.0000,8.0000,38.0000,75.0000,17.38,T3-T5 on Isaac clock; Network_est approximate
2026-05-23T10:36:24.8404670Z,750,880,0,1779532584786,1779532584766000000,1779532584766000000,1779532584766000000,1779532584785000000,1779532584786000000,1779532584804000000,1779532584840000000,38.0000,19.0000,9.5000,36.0000,74.0000,16.47,T3-T5 on Isaac clock; Network_est approximate
2026-05-23T10:36:24.8744130Z,751,881,0,1779532584827,1779532584804000000,1779532584804000000,1779532584804000000,1779532584824000000,1779532584827000000,1779532584840000000,1779532584874000000,36.0000,20.0000,8.0000,34.0000,70.0000,15.89,T3-T5 on Isaac clock; Network_est approximate
2026-05-23T10:36:24.9395570Z,752,883,0,1779532584884,1779532584874000000,1779532584874000000,1779532584873000000,1779532584882000000,1779532584884000000,1779532584906000000,1779532584939000000,32.0000,9.0000,11.5000,33.0000,65.0000,15.40,T3-T5 on Isaac clock; Network_est approximate
2026-05-23T10:36:24.9721630Z,753,884,0,1779532584925,1779532584906000000,1779532584906000000,1779532584906000000,1779532584920000000,1779532584925000000,1779532584939000000,1779532584972000000,33.0000,14.0000,9.5000,33.0000,66.0000,14.96,T3-T5 on Isaac clock; Network_est approximate
2026-05-23T10:36:25.0052520Z,754,885,0,1779532584961,1779532584939000000,1779532584939000000,1779532584939000000,1779532584959000000,1779532584961000000,1779532584972000000,1779532585005000000,33.0000,20.0000,6.5000,33.0000,66.0000,14.21,T3-T5 on Isaac clock; Network_est approximate
2026-05-23T10:36:25.0702870Z,755,887,0,1779532585018,1779532585004000000,1779532585004000000,1779532585004000000,1779532585017000000,1779532585018000000,1779532585037000000,1779532585070000000,33.0000,13.0000,10.0000,33.0000,66.0000,13.83,T3-T5 on Isaac clock; Network_est approximate
2026-05-23T10:36:25.1125300Z,756,888,0,1779532585055,1779532585037000000,1779532585037000000,1779532585037000000,1779532585050000000,1779532585055000000,1779532585070000000,1779532585112000000,33.0000,13.0000,10.0000,42.0000,75.0000,13.29,T3-T5 on Isaac clock; Network_est approximate
2026-05-23T10:36:25.1437060Z,757,889,0,1779532585092,1779532585070000000,1779532585070000000,1779532585069000000,1779532585090000000,1779532585092000000,1779532585112000000,1779532585143000000,42.0000,21.0000,10.5000,31.0000,73.0000,12.82,T3-T5 on Isaac clock; Network_est approximate
2026-05-23T10:36:25.2149520Z,758,891,0,1779532585149,1779532585143000000,1779532585143000000,1779532585143000000,1779532585148000000,1779532585149000000,1779532585184000000,1779532585214000000,41.0000,5.0000,18.0000,30.0000,71.0000,12.90,T3-T5 on Isaac clock; Network_est approximate
2026-05-23T10:36:25.2474100Z,759,891,0,1779532585185,1779532585143000000,1779532585143000000,1779532585143000000,1779532585182000000,1779532585185000000,1779532585214000000,1779532585247000000,71.0000,39.0000,16.0000,33.0000,104.0000,12.32,T3-T5 on Isaac clock; Network_est approximate
2026-05-23T10:36:25.2801620Z,760,893,0,1779532585222,1779532585214000000,1779532585214000000,1779532585214000000,1779532585222000000,1779532585222000000,1779532585247000000,1779532585280000000,33.0000,8.0000,12.5000,33.0000,66.0000,11.81,T3-T5 on Isaac clock; Network_est approximate
2026-05-23T10:36:25.3455520Z,761,895,0,1779532585284,1779532585279000000,1779532585280000000,1779532585279000000,1779532585280000000,1779532585284000000,1779532585312000000,1779532585345000000,32.0000,1.0000,15.5000,33.0000,66.0000,11.28,T3-T5 on Isaac clock; Network_est approximate
2026-05-23T10:36:25.3785040Z,762,896,0,1779532585317,1779532585312000000,1779532585312000000,1779532585312000000,1779532585314000000,1779532585317000000,1779532585345000000,1779532585378000000,33.0000,2.0000,15.5000,33.0000,66.0000,10.60,T3-T5 on Isaac clock; Network_est approximate
2026-05-23T10:36:25.4110430Z,763,897,0,1779532585358,1779532585345000000,1779532585345000000,1779532585344000000,1779532585354000000,1779532585358000000,1779532585378000000,1779532585411000000,33.0000,10.0000,11.5000,33.0000,66.0000,10.44,T3-T5 on Isaac clock; Network_est approximate
2026-05-23T10:36:25.4765360Z,764,899,0,1779532585416,1779532585410000000,1779532585410000000,1779532585410000000,1779532585413000000,1779532585416000000,1779532585443000000,1779532585476000000,33.0000,3.0000,15.0000,33.0000,66.0000,10.25,T3-T5 on Isaac clock; Network_est approximate
2026-05-23T10:36:25.5091520Z,765,900,0,1779532585448,1779532585443000000,1779532585443000000,1779532585443000000,1779532585446000000,1779532585448000000,1779532585476000000,1779532585509000000,33.0000,3.0000,15.0000,33.0000,66.0000,9.65,T3-T5 on Isaac clock; Network_est approximate
2026-05-23T10:36:25.5419090Z,766,901,0,1779532585490,1779532585476000000,1779532585476000000,1779532585476000000,1779532585486000000,1779532585490000000,1779532585509000000,1779532585541000000,33.0000,10.0000,11.5000,32.0000,65.0000,9.63,T3-T5 on Isaac clock; Network_est approximate
2026-05-23T10:36:25.6224060Z,768,903,0,1779532585579,1779532585541000000,1779532585541000000,1779532585541000000,1779532585577000000,1779532585579000000,1779532585618000000,1779532585622000000,77.0000,36.0000,20.5000,4.0000,81.0000,9.56,T3-T5 on Isaac clock; Network_est approximate
2026-05-23T10:36:25.6962470Z,769,904,0,1779532585621,1779532585618000000,1779532585618000000,1779532585618000000,1779532585620000000,1779532585621000000,1779532585656000000,1779532585696000000,38.0000,2.0000,18.0000,40.0000,78.0000,10.96,T3-T5 on Isaac clock; Network_est approximate
2026-05-23T10:36:25.7275210Z,770,906,0,1779532585678,1779532585656000000,1779532585656000000,1779532585655000000,1779532585676000000,1779532585678000000,1779532585696000000,1779532585727000000,40.0000,21.0000,9.5000,31.0000,71.0000,11.88,T3-T5 on Isaac clock; Network_est approximate
2026-05-23T10:36:25.7602830Z,771,907,0,1779532585713,1779532585696000000,1779532585696000000,1779532585696000000,1779532585709000000,1779532585713000000,1779532585727000000,1779532585760000000,31.0000,13.0000,9.0000,33.0000,64.0000,11.28,T3-T5 on Isaac clock; Network_est approximate
2026-05-23T10:36:25.7929620Z,772,908,0,1779532585750,1779532585727000000,1779532585727000000,1779532585726000000,1779532585749000000,1779532585750000000,1779532585760000000,1779532585792000000,33.0000,23.0000,5.0000,32.0000,65.0000,10.84,T3-T5 on Isaac clock; Network_est approximate
2026-05-23T10:36:25.8585840Z,773,910,0,1779532585807,1779532585792000000,1779532585792000000,1779532585792000000,1779532585807000000,1779532585807000000,1779532585825000000,1779532585858000000,33.0000,15.0000,9.0000,33.0000,66.0000,10.70,T3-T5 on Isaac clock; Network_est approximate
2026-05-23T10:36:25.8911680Z,774,911,0,1779532585850,1779532585825000000,1779532585825000000,1779532585825000000,1779532585845000000,1779532585850000000,1779532585858000000,1779532585891000000,33.0000,20.0000,6.5000,33.0000,66.0000,10.69,T3-T5 on Isaac clock; Network_est approximate
2026-05-23T10:36:25.9239280Z,775,912,0,1779532585886,1779532585858000000,1779532585858000000,1779532585858000000,1779532585883000000,1779532585886000000,1779532585891000000,1779532585923000000,33.0000,25.0000,4.0000,32.0000,65.0000,10.22,T3-T5 on Isaac clock; Network_est approximate
2026-05-23T10:36:25.9894290Z,776,914,0,1779532585943,1779532585923000000,1779532585923000000,1779532585923000000,1779532585942000000,1779532585943000000,1779532585956000000,1779532585989000000,33.0000,19.0000,7.0000,33.0000,66.0000,10.12,T3-T5 on Isaac clock; Network_est approximate
2026-05-23T10:36:26.0229790Z,777,915,0,1779532585979,1779532585956000000,1779532585956000000,1779532585956000000,1779532585975000000,1779532585979000000,1779532585989000000,1779532586022000000,33.0000,19.0000,7.0000,33.0000,66.0000,9.65,T3-T5 on Isaac clock; Network_est approximate
2026-05-23T10:36:26.0551980Z,778,916,0,1779532586020,1779532585989000000,1779532585989000000,1779532585988000000,1779532586015000000,1779532586020000000,1779532586022000000,1779532586055000000,33.0000,27.0000,3.0000,33.0000,66.0000,9.60,T3-T5 on Isaac clock; Network_est approximate
2026-05-23T10:36:26.1599100Z,779,918,0,1779532586077,1779532586054000000,1779532586054000000,1779532586054000000,1779532586075000000,1779532586077000000,1779532586088000000,1779532586159000000,34.0000,21.0000,6.5000,71.0000,105.0000,11.99,T3-T5 on Isaac clock; Network_est approximate
2026-05-23T10:36:26.1635840Z,781,919,0,1779532586150,1779532586088000000,1779532586088000000,1779532586087000000,1779532586149000000,1779532586150000000,1779532586159000000,1779532586163000000,71.0000,62.0000,4.5000,4.0000,75.0000,15.57,T3-T5 on Isaac clock; Network_est approximate
2026-05-23T10:36:26.2683090Z,782,922,0,1779532586209,1779532586196000000,1779532586196000000,1779532586196000000,1779532586207000000,1779532586209000000,1779532586236000000,1779532586268000000,40.0000,11.0000,14.5000,32.0000,72.0000,17.45,T3-T5 on Isaac clock; Network_est approximate
2026-05-23T10:36:26.3009340Z,783,923,0,1779532586245,1779532586236000000,1779532586236000000,1779532586236000000,1779532586240000000,1779532586245000000,1779532586268000000,1779532586300000000,32.0000,4.0000,14.0000,32.0000,64.0000,16.57,T3-T5 on Isaac clock; Network_est approximate
2026-05-23T10:36:26.3338940Z,784,924,0,1779532586282,1779532586268000000,1779532586268000000,1779532586267000000,1779532586281000000,1779532586282000000,1779532586300000000,1779532586333000000,32.0000,14.0000,9.0000,33.0000,65.0000,15.79,T3-T5 on Isaac clock; Network_est approximate
2026-05-23T10:36:26.3989800Z,785,926,0,1779532586343,1779532586333000000,1779532586333000000,1779532586333000000,1779532586339000000,1779532586343000000,1779532586366000000,1779532586398000000,33.0000,6.0000,13.5000,32.0000,65.0000,15.05,T3-T5 on Isaac clock; Network_est approximate
2026-05-23T10:36:26.4318340Z,786,927,0,1779532586374,1779532586366000000,1779532586366000000,1779532586366000000,1779532586372000000,1779532586374000000,1779532586398000000,1779532586431000000,32.0000,6.0000,13.0000,33.0000,65.0000,14.23,T3-T5 on Isaac clock; Network_est approximate
2026-05-23T10:36:26.4651520Z,787,928,0,1779532586415,1779532586398000000,1779532586398000000,1779532586398000000,1779532586411000000,1779532586415000000,1779532586431000000,1779532586465000000,33.0000,13.0000,10.0000,34.0000,67.0000,13.84,T3-T5 on Isaac clock; Network_est approximate
2026-05-23T10:36:26.5299920Z,788,930,0,1779532586472,1779532586464000000,1779532586464000000,1779532586464000000,1779532586470000000,1779532586472000000,1779532586497000000,1779532586529000000,33.0000,6.0000,13.5000,32.0000,65.0000,13.49,T3-T5 on Isaac clock; Network_est approximate
2026-05-23T10:36:26.5629430Z,789,931,0,1779532586504,1779532586497000000,1779532586497000000,1779532586496000000,1779532586503000000,1779532586504000000,1779532586529000000,1779532586562000000,32.0000,7.0000,12.5000,33.0000,65.0000,12.70,T3-T5 on Isaac clock; Network_est approximate
2026-05-23T10:36:26.5959090Z,790,932,0,1779532586550,1779532586529000000,1779532586529000000,1779532586529000000,1779532586545000000,1779532586550000000,1779532586562000000,1779532586595000000,33.0000,16.0000,8.5000,33.0000,66.0000,12.72,T3-T5 on Isaac clock; Network_est approximate
2026-05-23T10:36:26.7132440Z,792,934,0,1779532586640,1779532586595000000,1779532586595000000,1779532586595000000,1779532586637000000,1779532586640000000,1779532586668000000,1779532586713000000,73.0000,42.0000,15.5000,45.0000,118.0000,13.63,T3-T5 on Isaac clock; Network_est approximate
2026-05-23T10:36:26.7168590Z,793,935,0,1779532586677,1779532586667000000,1779532586667000000,1779532586667000000,1779532586677000000,1779532586677000000,1779532586713000000,1779532586716000000,46.0000,10.0000,18.0000,3.0000,49.0000,14.86,T3-T5 on Isaac clock; Network_est approximate
2026-05-23T10:36:26.7838130Z,794,937,0,1779532586735,1779532586716000000,1779532586716000000,1779532586716000000,1779532586735000000,1779532586735000000,1779532586750000000,1779532586783000000,34.0000,19.0000,7.5000,33.0000,67.0000,14.50,T3-T5 on Isaac clock; Network_est approximate
2026-05-23T10:36:26.8167490Z,795,938,0,1779532586772,1779532586750000000,1779532586750000000,1779532586749000000,1779532586768000000,1779532586772000000,1779532586783000000,1779532586816000000,33.0000,19.0000,7.0000,33.0000,66.0000,13.85,T3-T5 on Isaac clock; Network_est approximate
2026-05-23T10:36:26.8493260Z,796,939,0,1779532586808,1779532586783000000,1779532586783000000,1779532586783000000,1779532586808000000,1779532586808000000,1779532586816000000,1779532586849000000,33.0000,25.0000,4.0000,33.0000,66.0000,13.20,T3-T5 on Isaac clock; Network_est approximate
2026-05-23T10:36:26.9145410Z,797,941,0,1779532586867,1779532586849000000,1779532586849000000,1779532586851000000,1779532586866000000,1779532586867000000,1779532586881000000,1779532586914000000,32.0000,15.0000,8.5000,33.0000,65.0000,12.76,T3-T5 on Isaac clock; Network_est approximate
2026-05-23T10:36:26.9471450Z,798,942,0,1779532586904,1779532586881000000,1779532586881000000,1779532586881000000,1779532586899000000,1779532586904000000,1779532586914000000,1779532586947000000,33.0000,18.0000,7.5000,33.0000,66.0000,12.24,T3-T5 on Isaac clock; Network_est approximate
2026-05-23T10:36:26.9799030Z,799,943,0,1779532586940,1779532586914000000,1779532586914000000,1779532586914000000,1779532586940000000,1779532586940000000,1779532586947000000,1779532586979000000,33.0000,26.0000,3.5000,32.0000,65.0000,11.68,T3-T5 on Isaac clock; Network_est approximate
2026-05-23T10:36:27.0452130Z,800,945,0,1779532586998,1779532586979000000,1779532586979000000,1779532586979000000,1779532586997000000,1779532586998000000,1779532587012000000,1779532587045000000,33.0000,18.0000,7.5000,33.0000,66.0000,11.41,T3-T5 on Isaac clock; Network_est approximate
2026-05-23T10:36:27.0780160Z,801,946,0,1779532587031,1779532587012000000,1779532587012000000,1779532587012000000,1779532587030000000,1779532587031000000,1779532587045000000,1779532587078000000,33.0000,18.0000,7.5000,33.0000,66.0000,10.71,T3-T5 on Isaac clock; Network_est approximate
2026-05-23T10:36:27.1111290Z,802,947,0,1779532587074,1779532587045000000,1779532587045000000,1779532587044000000,1779532587071000000,1779532587074000000,1779532587077000000,1779532587111000000,32.0000,27.0000,2.5000,34.0000,66.0000,10.66,T3-T5 on Isaac clock; Network_est approximate
2026-05-23T10:36:27.1881830Z,804,949,0,1779532587166,1779532587110000000,1779532587110000000,1779532587110000000,1779532587162000000,1779532587166000000,1779532587184000000,1779532587188000000,74.0000,52.0000,11.0000,4.0000,78.0000,10.92,T3-T5 on Isaac clock; Network_est approximate
2026-05-23T10:36:27.2607720Z,805,951,0,1779532587204,1779532587188000000,1779532587188000000,1779532587188000000,1779532587202000000,1779532587204000000,1779532587220000000,1779532587260000000,32.0000,14.0000,9.0000,40.0000,72.0000,12.40,T3-T5 on Isaac clock; Network_est approximate
2026-05-23T10:36:27.3248690Z,806,953,0,1779532587269,1779532587260000000,1779532587260000000,1779532587260000000,1779532587267000000,1779532587269000000,1779532587292000000,1779532587324000000,32.0000,7.0000,12.5000,32.0000,64.0000,11.68,T3-T5 on Isaac clock; Network_est approximate
2026-05-23T10:36:27.3581180Z,807,954,0,1779532587306,1779532587292000000,1779532587292000000,1779532587291000000,1779532587301000000,1779532587306000000,1779532587324000000,1779532587358000000,32.0000,10.0000,11.0000,34.0000,66.0000,11.19,T3-T5 on Isaac clock; Network_est approximate
2026-05-23T10:36:27.3907290Z,808,955,0,1779532587342,1779532587324000000,1779532587324000000,1779532587324000000,1779532587341000000,1779532587342000000,1779532587358000000,1779532587390000000,34.0000,17.0000,8.5000,32.0000,66.0000,10.70,T3-T5 on Isaac clock; Network_est approximate
2026-05-23T10:36:27.4554900Z,809,957,0,1779532587400,1779532587390000000,1779532587390000000,1779532587390000000,1779532587399000000,1779532587400000000,1779532587423000000,1779532587455000000,33.0000,9.0000,12.0000,32.0000,65.0000,10.45,T3-T5 on Isaac clock; Network_est approximate
2026-05-23T10:36:27.4882500Z,810,958,0,1779532587437,1779532587423000000,1779532587423000000,1779532587422000000,1779532587432000000,1779532587437000000,1779532587455000000,1779532587488000000,32.0000,10.0000,11.0000,33.0000,65.0000,10.07,T3-T5 on Isaac clock; Network_est approximate
2026-05-23T10:36:27.5210090Z,811,959,0,1779532587474,1779532587455000000,1779532587455000000,1779532587454000000,1779532587473000000,1779532587474000000,1779532587488000000,1779532587521000000,33.0000,19.0000,7.0000,33.0000,66.0000,9.70,T3-T5 on Isaac clock; Network_est approximate
2026-05-23T10:36:27.5861730Z,812,961,0,1779532587531,1779532587520000000,1779532587520000000,1779532587520000000,1779532587530000000,1779532587531000000,1779532587553000000,1779532587586000000,33.0000,10.0000,11.5000,33.0000,66.0000,9.61,T3-T5 on Isaac clock; Network_est approximate
2026-05-23T10:36:27.6193090Z,813,962,0,1779532587567,1779532587553000000,1779532587553000000,1779532587553000000,1779532587563000000,1779532587567000000,1779532587586000000,1779532587619000000,33.0000,10.0000,11.5000,33.0000,66.0000,9.20,T3-T5 on Isaac clock; Network_est approximate
2026-05-23T10:36:27.6601160Z,814,963,0,1779532587604,1779532587586000000,1779532587586000000,1779532587585000000,1779532587603000000,1779532587604000000,1779532587619000000,1779532587660000000,33.0000,18.0000,7.5000,41.0000,74.0000,8.86,T3-T5 on Isaac clock; Network_est approximate
2026-05-23T10:36:27.7310680Z,815,965,0,1779532587662,1779532587659000000,1779532587659000000,1779532587659000000,1779532587662000000,1779532587662000000,1779532587691000000,1779532587731000000,32.0000,3.0000,14.5000,40.0000,72.0000,9.12,T3-T5 on Isaac clock; Network_est approximate
2026-05-23T10:36:27.7627710Z,816,966,0,1779532587699,1779532587691000000,1779532587691000000,1779532587691000000,1779532587697000000,1779532587699000000,1779532587731000000,1779532587762000000,40.0000,6.0000,17.0000,31.0000,71.0000,8.88,T3-T5 on Isaac clock; Network_est approximate
2026-05-23T10:36:27.8309730Z,817,967,0,1779532587740,1779532587730000000,1779532587730000000,1779532587730000000,1779532587737000000,1779532587740000000,1779532587762000000,1779532587830000000,32.0000,7.0000,12.5000,68.0000,100.0000,10.02,T3-T5 on Isaac clock; Network_est approximate
2026-05-23T10:36:27.8342580Z,818,968,0,1779532587798,1779532587762000000,1779532587762000000,1779532587762000000,1779532587795000000,1779532587798000000,1779532587830000000,1779532587834000000,68.0000,33.0000,17.5000,4.0000,72.0000,12.81,T3-T5 on Isaac clock; Network_est approximate
2026-05-23T10:36:27.8673920Z,819,968,0,1779532587829,1779532587762000000,1779532587762000000,1779532587762000000,1779532587828000000,1779532587829000000,1779532587834000000,1779532587867000000,72.0000,66.0000,3.0000,33.0000,105.0000,12.15,T3-T5 on Isaac clock; Network_est approximate
2026-05-23T10:36:27.9341260Z,820,971,0,1779532587872,1779532587867000000,1779532587867000000,1779532587866000000,1779532587868000000,1779532587872000000,1779532587900000000,1779532587934000000,33.0000,2.0000,15.5000,34.0000,67.0000,12.87,T3-T5 on Isaac clock; Network_est approximate
2026-05-23T10:36:27.9662350Z,821,972,0,1779532587930,1779532587900000000,1779532587900000000,1779532587900000000,1779532587926000000,1779532587930000000,1779532587934000000,1779532587966000000,34.0000,26.0000,4.0000,32.0000,66.0000,13.68,T3-T5 on Isaac clock; Network_est approximate
2026-05-23T10:36:27.9990940Z,822,973,0,1779532587962,1779532587933000000,1779532587933000000,1779532587933000000,1779532587960000000,1779532587962000000,1779532587966000000,1779532587999000000,33.0000,27.0000,3.0000,33.0000,66.0000,12.88,T3-T5 on Isaac clock; Network_est approximate
2026-05-23T10:36:28.0644380Z,823,975,0,1779532588004,1779532587998000000,1779532587998000000,1779532587998000000,1779532588000000000,1779532588004000000,1779532588031000000,1779532588064000000,33.0000,2.0000,15.5000,33.0000,66.0000,13.53,T3-T5 on Isaac clock; Network_est approximate
2026-05-23T10:36:28.0969520Z,824,976,0,1779532588060,1779532588031000000,1779532588031000000,1779532588030000000,1779532588059000000,1779532588060000000,1779532588064000000,1779532588096000000,33.0000,29.0000,2.0000,32.0000,65.0000,14.15,T3-T5 on Isaac clock; Network_est approximate
2026-05-23T10:36:28.1631480Z,825,977,0,1779532588097,1779532588064000000,1779532588064000000,1779532588063000000,1779532588092000000,1779532588097000000,1779532588129000000,1779532588163000000,65.0000,29.0000,18.0000,34.0000,99.0000,15.09,T3-T5 on Isaac clock; Network_est approximate
2026-05-23T10:36:28.2037440Z,826,979,0,1779532588133,1779532588129000000,1779532588129000000,1779532588129000000,1779532588132000000,1779532588133000000,1779532588163000000,1779532588203000000,34.0000,3.0000,15.5000,40.0000,74.0000,14.43,T3-T5 on Isaac clock; Network_est approximate
2026-05-23T10:36:28.2746480Z,827,980,0,1779532588191,1779532588162000000,1779532588162000000,1779532588162000000,1779532588190000000,1779532588191000000,1779532588203000000,1779532588274000000,41.0000,28.0000,6.5000,71.0000,112.0000,14.33,T3-T5 on Isaac clock; Network_est approximate
2026-05-23T10:36:28.2781220Z,829,981,0,1779532588268,1779532588203000000,1779532588203000000,1779532588202000000,1779532588263000000,1779532588268000000,1779532588274000000,1779532588278000000,71.0000,61.0000,5.0000,4.0000,75.0000,18.02,T3-T5 on Isaac clock; Network_est approximate
2026-05-23T10:36:28.3755290Z,830,984,0,1779532588326,1779532588310000000,1779532588310000000,1779532588309000000,1779532588321000000,1779532588326000000,1779532588342000000,1779532588375000000,32.0000,12.0000,10.0000,33.0000,65.0000,19.35,T3-T5 on Isaac clock; Network_est approximate
2026-05-23T10:36:28.4082250Z,831,985,0,1779532588357,1779532588342000000,1779532588342000000,1779532588342000000,1779532588354000000,1779532588357000000,1779532588375000000,1779532588408000000,33.0000,12.0000,10.5000,33.0000,66.0000,18.25,T3-T5 on Isaac clock; Network_est approximate
2026-05-23T10:36:28.4408330Z,832,986,0,1779532588399,1779532588375000000,1779532588375000000,1779532588374000000,1779532588394000000,1779532588399000000,1779532588408000000,1779532588440000000,33.0000,20.0000,6.5000,32.0000,65.0000,17.69,T3-T5 on Isaac clock; Network_est approximate
2026-05-23T10:36:28.5061570Z,833,988,0,1779532588456,1779532588440000000,1779532588440000000,1779532588440000000,1779532588452000000,1779532588456000000,1779532588474000000,1779532588506000000,34.0000,12.0000,11.0000,32.0000,66.0000,17.11,T3-T5 on Isaac clock; Network_est approximate
2026-05-23T10:36:28.5392330Z,834,989,0,1779532588489,1779532588474000000,1779532588474000000,1779532588473000000,1779532588486000000,1779532588489000000,1779532588506000000,1779532588539000000,32.0000,13.0000,9.5000,33.0000,65.0000,16.04,T3-T5 on Isaac clock; Network_est approximate
2026-05-23T10:36:28.5717660Z,835,990,0,1779532588526,1779532588506000000,1779532588506000000,1779532588505000000,1779532588525000000,1779532588526000000,1779532588539000000,1779532588571000000,33.0000,20.0000,6.5000,32.0000,65.0000,15.33,T3-T5 on Isaac clock; Network_est approximate
2026-05-23T10:36:28.6376340Z,836,992,0,1779532588584,1779532588571000000,1779532588571000000,1779532588571000000,1779532588584000000,1779532588584000000,1779532588604000000,1779532588637000000,33.0000,13.0000,10.0000,33.0000,66.0000,14.85,T3-T5 on Isaac clock; Network_est approximate
2026-05-23T10:36:28.6703760Z,837,993,0,1779532588620,1779532588604000000,1779532588604000000,1779532588604000000,1779532588617000000,1779532588620000000,1779532588637000000,1779532588670000000,33.0000,13.0000,10.0000,33.0000,66.0000,14.09,T3-T5 on Isaac clock; Network_est approximate
2026-05-23T10:36:28.7113370Z,838,994,0,1779532588662,1779532588636000000,1779532588636000000,1779532588636000000,1779532588657000000,1779532588662000000,1779532588670000000,1779532588711000000,34.0000,21.0000,6.5000,41.0000,75.0000,13.28,T3-T5 on Isaac clock; Network_est approximate
2026-05-23T10:36:28.7829450Z,839,996,0,1779532588720,1779532588711000000,1779532588711000000,1779532588710000000,1779532588715000000,1779532588720000000,1779532588742000000,1779532588782000000,31.0000,5.0000,13.0000,40.0000,71.0000,13.31,T3-T5 on Isaac clock; Network_est approximate
2026-05-23T10:36:28.8141250Z,840,997,0,1779532588750,1779532588742000000,1779532588742000000,1779532588741000000,1779532588749000000,1779532588750000000,1779532588782000000,1779532588814000000,40.0000,8.0000,16.0000,32.0000,72.0000,12.55,T3-T5 on Isaac clock; Network_est approximate
2026-05-23T10:36:28.8464970Z,841,998,0,1779532588792,1779532588782000000,1779532588782000000,1779532588782000000,1779532588789000000,1779532588792000000,1779532588814000000,1779532588846000000,32.0000,7.0000,12.5000,32.0000,64.0000,12.36,T3-T5 on Isaac clock; Network_est approximate
2026-05-23T10:36:28.9191580Z,843,1000,0,1779532588886,1779532588846000000,1779532588846000000,1779532588846000000,1779532588881000000,1779532588886000000,1779532588915000000,1779532588919000000,69.0000,35.0000,17.0000,4.0000,73.0000,12.92,T3-T5 on Isaac clock; Network_est approximate
2026-05-23T10:36:28.9860860Z,844,1002,0,1779532588922,1779532588918000000,1779532588918000000,1779532588918000000,1779532588921000000,1779532588922000000,1779532588952000000,1779532588986000000,34.0000,3.0000,15.5000,34.0000,68.0000,14.04,T3-T5 on Isaac clock; Network_est approximate
2026-05-23T10:36:29.0192570Z,845,1003,0,1779532588983,1779532588952000000,1779532588952000000,1779532588952000000,1779532588979000000,1779532588983000000,1779532588985000000,1779532589019000000,33.0000,27.0000,3.0000,34.0000,67.0000,14.89,T3-T5 on Isaac clock; Network_est approximate
2026-05-23T10:36:29.0517850Z,846,1004,0,1779532589014,1779532588985000000,1779532588985000000,1779532588985000000,1779532589013000000,1779532589014000000,1779532589019000000,1779532589051000000,34.0000,28.0000,3.0000,32.0000,66.0000,14.05,T3-T5 on Isaac clock; Network_est approximate
2026-05-23T10:36:29.1170960Z,847,1006,0,1779532589057,1779532589051000000,1779532589051000000,1779532589051000000,1779532589052000000,1779532589057000000,1779532589084000000,1779532589117000000,33.0000,1.0000,16.0000,33.0000,66.0000,14.56,T3-T5 on Isaac clock; Network_est approximate
2026-05-23T10:36:29.1503660Z,848,1007,0,1779532589114,1779532589084000000,1779532589084000000,1779532589084000000,1779532589111000000,1779532589114000000,1779532589117000000,1779532589150000000,33.0000,27.0000,3.0000,33.0000,66.0000,15.14,T3-T5 on Isaac clock; Network_est approximate
2026-05-23T10:36:29.1837220Z,849,1008,0,1779532589147,1779532589116000000,1779532589116000000,1779532589116000000,1779532589147000000,1779532589147000000,1779532589150000000,1779532589183000000,34.0000,31.0000,1.5000,33.0000,67.0000,14.21,T3-T5 on Isaac clock; Network_est approximate
2026-05-23T10:36:29.2934200Z,850,1010,0,1779532589189,1779532589183000000,1779532589183000000,1779532589183000000,1779532589188000000,1779532589189000000,1779532589223000000,1779532589293000000,40.0000,5.0000,17.5000,70.0000,110.0000,17.56,T3-T5 on Isaac clock; Network_est approximate
2026-05-23T10:36:29.2970860Z,852,1011,0,1779532589283,1779532589223000000,1779532589223000000,1779532589223000000,1779532589280000000,1779532589283000000,1779532589293000000,1779532589297000000,70.0000,57.0000,6.5000,4.0000,74.0000,22.11,T3-T5 on Isaac clock; Network_est approximate
2026-05-23T10:36:29.3619250Z,853,1013,0,1779532589325,1779532589296000000,1779532589296000000,1779532589296000000,1779532589320000000,1779532589325000000,1779532589329000000,1779532589361000000,33.0000,24.0000,4.5000,32.0000,65.0000,22.15,T3-T5 on Isaac clock; Network_est approximate
2026-05-23T10:36:29.4273110Z,854,1015,0,1779532589383,1779532589361000000,1779532589361000000,1779532589361000000,1779532589379000000,1779532589383000000,1779532589394000000,1779532589427000000,33.0000,18.0000,7.5000,33.0000,66.0000,21.23,T3-T5 on Isaac clock; Network_est approximate
2026-05-23T10:36:29.4598800Z,855,1016,0,1779532589414,1779532589394000000,1779532589394000000,1779532589394000000,1779532589412000000,1779532589414000000,1779532589427000000,1779532589459000000,33.0000,18.0000,7.5000,32.0000,65.0000,20.00,T3-T5 on Isaac clock; Network_est approximate
2026-05-23T10:36:29.4929790Z,856,1017,0,1779532589456,1779532589427000000,1779532589427000000,1779532589426000000,1779532589454000000,1779532589456000000,1779532589459000000,1779532589492000000,32.0000,28.0000,2.0000,33.0000,65.0000,19.31,T3-T5 on Isaac clock; Network_est approximate
2026-05-23T10:36:29.5580180Z,857,1019,0,1779532589519,1779532589492000000,1779532589492000000,1779532589493000000,1779532589514000000,1779532589519000000,1779532589525000000,1779532589558000000,33.0000,21.0000,6.0000,33.0000,66.0000,18.23,T3-T5 on Isaac clock; Network_est approximate
2026-05-23T10:36:29.5905730Z,858,1020,0,1779532589549,1779532589524000000,1779532589525000000,1779532589524000000,1779532589549000000,1779532589549000000,1779532589557000000,1779532589590000000,32.0000,25.0000,3.5000,33.0000,66.0000,17.25,T3-T5 on Isaac clock; Network_est approximate
2026-05-23T10:36:29.6566490Z,859,1021,0,1779532589591,1779532589557000000,1779532589557000000,1779532589557000000,1779532589590000000,1779532589591000000,1779532589624000000,1779532589656000000,67.0000,33.0000,17.0000,32.0000,99.0000,17.67,T3-T5 on Isaac clock; Network_est approximate
2026-05-23T10:36:29.6903270Z,860,1023,0,1779532589648,1779532589623000000,1779532589623000000,1779532589623000000,1779532589647000000,1779532589648000000,1779532589656000000,1779532589690000000,33.0000,24.0000,4.5000,34.0000,67.0000,18.02,T3-T5 on Isaac clock; Network_est approximate
2026-05-23T10:36:29.7309540Z,861,1024,0,1779532589684,1779532589656000000,1779532589656000000,1779532589656000000,1779532589681000000,1779532589684000000,1779532589690000000,1779532589730000000,34.0000,25.0000,4.5000,40.0000,74.0000,17.16,T3-T5 on Isaac clock; Network_est approximate
2026-05-23T10:36:29.7622560Z,862,1025,0,1779532589726,1779532589689000000,1779532589690000000,1779532589689000000,1779532589722000000,1779532589726000000,1779532589730000000,1779532589762000000,40.0000,33.0000,3.5000,32.0000,73.0000,16.72,T3-T5 on Isaac clock; Network_est approximate
2026-05-23T10:36:29.8337430Z,863,1027,0,1779532589783,1779532589762000000,1779532589762000000,1779532589762000000,1779532589781000000,1779532589783000000,1779532589802000000,1779532589833000000,40.0000,19.0000,10.5000,31.0000,71.0000,16.58,T3-T5 on Isaac clock; Network_est approximate
2026-05-23T10:36:29.8665130Z,864,1028,0,1779532589814,1779532589802000000,1779532589802000000,1779532589802000000,1779532589814000000,1779532589814000000,1779532589833000000,1779532589866000000,31.0000,12.0000,9.5000,33.0000,64.0000,15.66,T3-T5 on Isaac clock; Network_est approximate
2026-05-23T10:36:29.8990610Z,865,1029,0,1779532589857,1779532589833000000,1779532589833000000,1779532589833000000,1779532589854000000,1779532589857000000,1779532589866000000,1779532589899000000,33.0000,21.0000,6.0000,33.0000,66.0000,15.34,T3-T5 on Isaac clock; Network_est approximate
2026-05-23T10:36:30.0008770Z,866,1031,0,1779532589914,1779532589898000000,1779532589898000000,1779532589898000000,1779532589912000000,1779532589914000000,1779532589931000000,1779532590000000000,33.0000,14.0000,9.5000,69.0000,102.0000,17.18,T3-T5 on Isaac clock; Network_est approximate
2026-05-23T10:36:30.0042020Z,868,1032,0,1779532589992,1779532589931000000,1779532589931000000,1779532589932000000,1779532589988000000,1779532589992000000,1779532590000000000,1779532590004000000,69.0000,56.0000,6.5000,4.0000,73.0000,20.77,T3-T5 on Isaac clock; Network_est approximate
2026-05-23T10:36:30.1047510Z,869,1035,0,1779532590050,1779532590037000000,1779532590037000000,1779532590036000000,1779532590045000000,1779532590050000000,1779532590070000000,1779532590104000000,33.0000,9.0000,12.0000,34.0000,67.0000,22.12,T3-T5 on Isaac clock; Network_est approximate
2026-05-23T10:36:30.1370940Z,870,1036,0,1779532590081,1779532590070000000,1779532590070000000,1779532590070000000,1779532590079000000,1779532590081000000,1779532590104000000,1779532590137000000,34.0000,9.0000,12.5000,33.0000,67.0000,20.82,T3-T5 on Isaac clock; Network_est approximate
2026-05-23T10:36:30.1700490Z,871,1037,0,1779532590123,1779532590104000000,1779532590104000000,1779532590104000000,1779532590119000000,1779532590123000000,1779532590136000000,1779532590170000000,32.0000,15.0000,8.5000,34.0000,66.0000,20.07,T3-T5 on Isaac clock; Network_est approximate
2026-05-23T10:36:30.2445940Z,872,1039,0,1779532590181,1779532590169000000,1779532590169000000,1779532590169000000,1779532590177000000,1779532590181000000,1779532590203000000,1779532590244000000,34.0000,8.0000,13.0000,41.0000,75.0000,19.84,T3-T5 on Isaac clock; Network_est approximate
2026-05-23T10:36:30.2758750Z,873,1040,0,1779532590213,1779532590203000000,1779532590203000000,1779532590203000000,1779532590211000000,1779532590213000000,1779532590244000000,1779532590275000000,41.0000,8.0000,16.5000,31.0000,72.0000,18.65,T3-T5 on Isaac clock; Network_est approximate
2026-05-23T10:36:30.3094960Z,874,1041,0,1779532590254,1779532590244000000,1779532590244000000,1779532590244000000,1779532590252000000,1779532590254000000,1779532590275000000,1779532590309000000,31.0000,8.0000,11.5000,34.0000,65.0000,17.94,T3-T5 on Isaac clock; Network_est approximate
2026-05-23T10:36:30.3808570Z,876,1043,0,1779532590347,1779532590309000000,1779532590309000000,1779532590308000000,1779532590343000000,1779532590347000000,1779532590349000000,1779532590380000000,40.0000,35.0000,2.5000,31.0000,71.0000,18.17,T3-T5 on Isaac clock; Network_est approximate
2026-05-23T10:36:30.4463100Z,877,1045,0,1779532590388,1779532590380000000,1779532590380000000,1779532590380000000,1779532590385000000,1779532590388000000,1779532590413000000,1779532590446000000,33.0000,5.0000,14.0000,33.0000,66.0000,18.56,T3-T5 on Isaac clock; Network_est approximate
2026-05-23T10:36:30.5119540Z,878,1047,0,1779532590450,1779532590446000000,1779532590446000000,1779532590445000000,1779532590446000000,1779532590450000000,1779532590478000000,1779532590511000000,32.0000,1.0000,15.5000,33.0000,65.0000,17.63,T3-T5 on Isaac clock; Network_est approximate
2026-05-23T10:36:30.5447060Z,879,1048,0,1779532590482,1779532590478000000,1779532590478000000,1779532590478000000,1779532590480000000,1779532590482000000,1779532590511000000,1779532590544000000,33.0000,2.0000,15.5000,33.0000,66.0000,16.57,T3-T5 on Isaac clock; Network_est approximate
2026-05-23T10:36:30.5773400Z,880,1049,0,1779532590523,1779532590511000000,1779532590511000000,1779532590511000000,1779532590519000000,1779532590523000000,1779532590544000000,1779532590577000000,33.0000,8.0000,12.5000,33.0000,66.0000,16.06,T3-T5 on Isaac clock; Network_est approximate
2026-05-23T10:36:30.6433070Z,881,1051,0,1779532590581,1779532590577000000,1779532590577000000,1779532590576000000,1779532590577000000,1779532590581000000,1779532590610000000,1779532590643000000,33.0000,1.0000,16.0000,33.0000,66.0000,15.55,T3-T5 on Isaac clock; Network_est approximate
2026-05-23T10:36:30.6760200Z,882,1052,0,1779532590612,1779532590610000000,1779532590610000000,1779532590609000000,1779532590610000000,1779532590612000000,1779532590643000000,1779532590676000000,33.0000,1.0000,16.0000,33.0000,66.0000,14.68,T3-T5 on Isaac clock; Network_est approximate
2026-05-23T10:36:30.7094210Z,883,1053,0,1779532590653,1779532590643000000,1779532590643000000,1779532590642000000,1779532590650000000,1779532590653000000,1779532590675000000,1779532590709000000,32.0000,8.0000,12.0000,34.0000,66.0000,14.23,T3-T5 on Isaac clock; Network_est approximate
2026-05-23T10:36:30.7828490Z,885,1055,0,1779532590747,1779532590709000000,1779532590709000000,1779532590709000000,1779532590742000000,1779532590747000000,1779532590751000000,1779532590782000000,42.0000,33.0000,4.5000,31.0000,73.0000,14.64,T3-T5 on Isaac clock; Network_est approximate
2026-05-23T10:36:30.8563060Z,886,1057,0,1779532590783,1779532590782000000,1779532590782000000,1779532590782000000,1779532590782000000,1779532590783000000,1779532590816000000,1779532590856000000,34.0000,0.0000,17.0000,40.0000,74.0000,16.08,T3-T5 on Isaac clock; Network_est approximate
2026-05-23T10:36:30.8874840Z,887,1058,0,1779532590845,1779532590815000000,1779532590815000000,1779532590815000000,1779532590841000000,1779532590845000000,1779532590856000000,1779532590887000000,41.0000,26.0000,7.5000,31.0000,72.0000,17.00,T3-T5 on Isaac clock; Network_est approximate
2026-05-23T10:36:30.9201990Z,888,1059,0,1779532590881,1779532590856000000,1779532590856000000,1779532590855000000,1779532590877000000,1779532590881000000,1779532590887000000,1779532590920000000,31.0000,22.0000,4.5000,33.0000,64.0000,16.14,T3-T5 on Isaac clock; Network_est approximate
2026-05-23T10:36:30.9860070Z,889,1060,0,1779532590922,1779532590887000000,1779532590887000000,1779532590886000000,1779532590918000000,1779532590922000000,1779532590953000000,1779532590986000000,66.0000,32.0000,17.0000,33.0000,99.0000,16.68,T3-T5 on Isaac clock; Network_est approximate
2026-05-23T10:36:31.0543850Z,890,1062,0,1779532590979,1779532590953000000,1779532590953000000,1779532590952000000,1779532590976000000,1779532590979000000,1779532590985000000,1779532591054000000,32.0000,24.0000,4.0000,69.0000,101.0000,16.35,T3-T5 on Isaac clock; Network_est approximate
2026-05-23T10:36:31.0573520Z,892,1063,0,1779532591051,1779532590985000000,1779532590985000000,1779532590985000000,1779532591049000000,1779532591051000000,1779532591054000000,1779532591057000000,69.0000,64.0000,2.5000,3.0000,72.0000,19.64,T3-T5 on Isaac clock; Network_est approximate
2026-05-23T10:36:31.1574490Z,893,1066,0,1779532591107,1779532591091000000,1779532591091000000,1779532591090000000,1779532591107000000,1779532591107000000,1779532591124000000,1779532591157000000,33.0000,17.0000,8.0000,33.0000,66.0000,21.16,T3-T5 on Isaac clock; Network_est approximate
2026-05-23T10:36:31.1905350Z,894,1067,0,1779532591146,1779532591124000000,1779532591124000000,1779532591124000000,1779532591141000000,1779532591146000000,1779532591157000000,1779532591190000000,33.0000,17.0000,8.0000,33.0000,66.0000,20.21,T3-T5 on Isaac clock; Network_est approximate
2026-05-23T10:36:31.2631270Z,895,1068,0,1779532591183,1779532591157000000,1779532591157000000,1779532591156000000,1779532591181000000,1779532591183000000,1779532591190000000,1779532591263000000,33.0000,25.0000,4.0000,73.0000,106.0000,21.17,T3-T5 on Isaac clock; Network_est approximate
2026-05-23T10:36:31.2676800Z,896,1069,0,1779532591240,1779532591190000000,1779532591190000000,1779532591190000000,1779532591240000000,1779532591240000000,1779532591263000000,1779532591267000000,73.0000,50.0000,11.5000,4.0000,77.0000,23.13,T3-T5 on Isaac clock; Network_est approximate
2026-05-23T10:36:31.3406590Z,897,1071,0,1779532591277,1779532591267000000,1779532591267000000,1779532591267000000,1779532591272000000,1779532591277000000,1779532591300000000,1779532591340000000,33.0000,5.0000,14.0000,40.0000,73.0000,23.93,T3-T5 on Isaac clock; Network_est approximate
2026-05-23T10:36:31.3716050Z,898,1072,0,1779532591314,1779532591299000000,1779532591300000000,1779532591299000000,1779532591314000000,1779532591314000000,1779532591340000000,1779532591371000000,40.0000,15.0000,12.5000,31.0000,72.0000,22.81,T3-T5 on Isaac clock; Network_est approximate
2026-05-23T10:36:31.4375040Z,899,1074,0,1779532591376,1779532591371000000,1779532591371000000,1779532591371000000,1779532591372000000,1779532591376000000,1779532591404000000,1779532591437000000,33.0000,1.0000,16.0000,33.0000,66.0000,21.63,T3-T5 on Isaac clock; Network_est approximate
2026-05-23T10:36:31.4701160Z,900,1075,0,1779532591408,1779532591404000000,1779532591404000000,1779532591404000000,1779532591407000000,1779532591408000000,1779532591437000000,1779532591470000000,33.0000,3.0000,15.0000,33.0000,66.0000,20.31,T3-T5 on Isaac clock; Network_est approximate
2026-05-23T10:36:31.5031400Z,901,1076,0,1779532591449,1779532591437000000,1779532591437000000,1779532591437000000,1779532591447000000,1779532591449000000,1779532591470000000,1779532591503000000,33.0000,10.0000,11.5000,33.0000,66.0000,19.54,T3-T5 on Isaac clock; Network_est approximate
2026-05-23T10:36:31.5740170Z,902,1078,0,1779532591507,1779532591502000000,1779532591502000000,1779532591502000000,1779532591505000000,1779532591507000000,1779532591542000000,1779532591574000000,40.0000,3.0000,18.5000,32.0000,72.0000,19.12,T3-T5 on Isaac clock; Network_est approximate
2026-05-23T10:36:31.6066060Z,903,1078,0,1779532591547,1779532591502000000,1779532591502000000,1779532591502000000,1779532591539000000,1779532591547000000,1779532591573000000,1779532591606000000,71.0000,37.0000,17.0000,33.0000,104.0000,18.38,T3-T5 on Isaac clock; Network_est approximate
2026-05-23T10:36:31.6394400Z,904,1080,0,1779532591584,1779532591573000000,1779532591573000000,1779532591573000000,1779532591582000000,1779532591584000000,1779532591606000000,1779532591639000000,33.0000,9.0000,12.0000,33.0000,66.0000,17.50,T3-T5 on Isaac clock; Network_est approximate
2026-05-23T10:36:31.7056300Z,905,1082,0,1779532591647,1779532591639000000,1779532591639000000,1779532591639000000,1779532591643000000,1779532591647000000,1779532591672000000,1779532591705000000,33.0000,4.0000,14.5000,33.0000,66.0000,16.59,T3-T5 on Isaac clock; Network_est approximate
2026-05-23T10:36:31.7383110Z,906,1083,0,1779532591678,1779532591672000000,1779532591672000000,1779532591671000000,1779532591677000000,1779532591678000000,1779532591705000000,1779532591738000000,33.0000,6.0000,13.5000,33.0000,66.0000,15.67,T3-T5 on Isaac clock; Network_est approximate
2026-05-23T10:36:31.7801330Z,907,1084,0,1779532591720,1779532591705000000,1779532591705000000,1779532591705000000,1779532591719000000,1779532591720000000,1779532591738000000,1779532591780000000,33.0000,14.0000,9.5000,42.0000,75.0000,14.70,T3-T5 on Isaac clock; Network_est approximate
2026-05-23T10:36:31.8544150Z,909,1086,0,1779532591819,1779532591779000000,1779532591779000000,1779532591779000000,1779532591817000000,1779532591819000000,1779532591849000000,1779532591854000000,70.0000,38.0000,16.0000,5.0000,75.0000,15.33,T3-T5 on Isaac clock; Network_est approximate
2026-05-23T10:36:31.9183890Z,910,1088,0,1779532591862,1779532591854000000,1779532591854000000,1779532591853000000,1779532591858000000,1779532591862000000,1779532591885000000,1779532591918000000,31.0000,5.0000,13.0000,33.0000,64.0000,15.68,T3-T5 on Isaac clock; Network_est approximate
2026-05-23T10:36:31.9835610Z,911,1089,0,1779532591920,1779532591884000000,1779532591884000000,1779532591884000000,1779532591917000000,1779532591920000000,1779532591950000000,1779532591983000000,66.0000,33.0000,16.5000,33.0000,99.0000,15.15,T3-T5 on Isaac clock; Network_est approximate
2026-05-23T10:36:32.0156000Z,912,1091,0,1779532591956,1779532591950000000,1779532591950000000,1779532591949000000,1779532591951000000,1779532591956000000,1779532591983000000,1779532592015000000,33.0000,2.0000,15.5000,32.0000,65.0000,14.45,T3-T5 on Isaac clock; Network_est approximate
2026-05-23T10:36:32.0485280Z,913,1092,0,1779532591994,1779532591983000000,1779532591983000000,1779532591983000000,1779532591991000000,1779532591994000000,1779532592015000000,1779532592048000000,32.0000,8.0000,12.0000,33.0000,65.0000,13.86,T3-T5 on Isaac clock; Network_est approximate
2026-05-23T10:36:32.1504180Z,914,1094,0,1779532592051,1779532592048000000,1779532592048000000,1779532592048000000,1779532592050000000,1779532592051000000,1779532592080000000,1779532592150000000,32.0000,2.0000,15.0000,70.0000,102.0000,15.80,T3-T5 on Isaac clock; Network_est approximate
2026-05-23T10:36:32.1539090Z,916,1095,0,1779532592128,1779532592080000000,1779532592080000000,1779532592080000000,1779532592125000000,1779532592128000000,1779532592150000000,1779532592153000000,70.0000,45.0000,12.5000,3.0000,73.0000,19.40,T3-T5 on Isaac clock; Network_est approximate
2026-05-23T10:36:32.2924100Z,918,1098,0,1779532592217,1779532592186000000,1779532592186000000,1779532592186000000,1779532592216000000,1779532592217000000,1779532592220000000,1779532592292000000,34.0000,30.0000,2.0000,72.0000,106.0000,21.28,T3-T5 on Isaac clock; Network_est approximate
2026-05-23T10:36:32.2959370Z,919,1099,0,1779532592259,1779532592220000000,1779532592220000000,1779532592220000000,1779532592256000000,1779532592259000000,1779532592292000000,1779532592295000000,72.0000,36.0000,18.0000,3.0000,75.0000,22.35,T3-T5 on Isaac clock; Network_est approximate
2026-05-23T10:36:32.3684050Z,920,1101,0,1779532592315,1779532592295000000,1779532592295000000,1779532592295000000,1779532592315000000,1779532592315000000,1779532592328000000,1779532592368000000,33.0000,20.0000,6.5000,40.0000,73.0000,21.98,T3-T5 on Isaac clock; Network_est approximate
2026-05-23T10:36:32.3995170Z,921,1102,0,1779532592352,1779532592328000000,1779532592328000000,1779532592327000000,1779532592348000000,1779532592352000000,1779532592368000000,1779532592399000000,40.0000,21.0000,9.5000,31.0000,71.0000,20.97,T3-T5 on Isaac clock; Network_est approximate
2026-05-23T10:36:32.4319850Z,922,1103,0,1779532592393,1779532592368000000,1779532592368000000,1779532592367000000,1779532592389000000,1779532592393000000,1779532592399000000,1779532592431000000,31.0000,22.0000,4.5000,32.0000,63.0000,20.19,T3-T5 on Isaac clock; Network_est approximate
2026-05-23T10:36:32.5363990Z,923,1105,0,1779532592452,1779532592431000000,1779532592431000000,1779532592432000000,1779532592448000000,1779532592452000000,1779532592465000000,1779532592536000000,34.0000,16.0000,9.0000,71.0000,105.0000,21.77,T3-T5 on Isaac clock; Network_est approximate
2026-05-23T10:36:32.5395880Z,925,1106,0,1779532592524,1779532592464000000,1779532592465000000,1779532592464000000,1779532592520000000,1779532592524000000,1779532592536000000,1779532592539000000,71.0000,56.0000,7.5000,3.0000,75.0000,24.70,T3-T5 on Isaac clock; Network_est approximate
2026-05-23T10:36:32.6369100Z,926,1109,0,1779532592582,1779532592571000000,1779532592571000000,1779532592571000000,1779532592579000000,1779532592582000000,1779532592604000000,1779532592636000000,33.0000,8.0000,12.5000,32.0000,65.0000,25.61,T3-T5 on Isaac clock; Network_est approximate
2026-05-23T10:36:32.6697100Z,927,1110,0,1779532592618,1779532592604000000,1779532592604000000,1779532592604000000,1779532592613000000,1779532592618000000,1779532592636000000,1779532592669000000,32.0000,9.0000,11.5000,33.0000,65.0000,24.21,T3-T5 on Isaac clock; Network_est approximate
2026-05-23T10:36:32.7026330Z,928,1111,0,1779532592654,1779532592636000000,1779532592636000000,1779532592636000000,1779532592653000000,1779532592654000000,1779532592669000000,1779532592702000000,33.0000,17.0000,8.0000,33.0000,66.0000,22.89,T3-T5 on Isaac clock; Network_est approximate
2026-05-23T10:36:32.7687600Z,929,1113,0,1779532592712,1779532592702000000,1779532592702000000,1779532592701000000,1779532592711000000,1779532592712000000,1779532592735000000,1779532592768000000,33.0000,10.0000,11.5000,33.0000,66.0000,21.96,T3-T5 on Isaac clock; Network_est approximate
2026-05-23T10:36:32.8093300Z,930,1114,0,1779532592748,1779532592735000000,1779532592735000000,1779532592735000000,1779532592745000000,1779532592748000000,1779532592768000000,1779532592809000000,33.0000,10.0000,11.5000,41.0000,74.0000,20.87,T3-T5 on Isaac clock; Network_est approximate
2026-05-23T10:36:32.8791890Z,931,1115,0,1779532592789,1779532592768000000,1779532592768000000,1779532592768000000,1779532592785000000,1779532592789000000,1779532592809000000,1779532592879000000,41.0000,17.0000,12.0000,70.0000,111.0000,21.37,T3-T5 on Isaac clock; Network_est approximate
2026-05-23T10:36:32.8829650Z,932,1116,0,1779532592847,1779532592809000000,1779532592809000000,1779532592808000000,1779532592843000000,1779532592847000000,1779532592879000000,1779532592882000000,70.0000,35.0000,17.5000,3.0000,73.0000,23.43,T3-T5 on Isaac clock; Network_est approximate
2026-05-23T10:36:32.9150770Z,933,1116,0,1779532592878,1779532592809000000,1779532592809000000,1779532592808000000,1779532592876000000,1779532592878000000,1779532592882000000,1779532592915000000,73.0000,68.0000,2.5000,33.0000,106.0000,22.03,T3-T5 on Isaac clock; Network_est approximate
2026-05-23T10:36:32.9802870Z,934,1119,0,1779532592920,1779532592914000000,1779532592914000000,1779532592914000000,1779532592917000000,1779532592920000000,1779532592947000000,1779532592980000000,33.0000,3.0000,15.0000,33.0000,66.0000,22.08,T3-T5 on Isaac clock; Network_est approximate
2026-05-23T10:36:33.0452810Z,936,1121,0,1779532593010,1779532592979000000,1779532592979000000,1779532592979000000,1779532593008000000,1779532593010000000,1779532593012000000,1779532593045000000,33.0000,29.0000,2.0000,33.0000,66.0000,22.24,T3-T5 on Isaac clock; Network_est approximate
2026-05-23T10:36:33.1104880Z,937,1123,0,1779532593052,1779532593045000000,1779532593045000000,1779532593044000000,1779532593049000000,1779532593052000000,1779532593077000000,1779532593110000000,32.0000,5.0000,13.5000,33.0000,65.0000,22.30,T3-T5 on Isaac clock; Network_est approximate
2026-05-23T10:36:33.1755790Z,938,1124,0,1779532593110,1779532593077000000,1779532593077000000,1779532593077000000,1779532593108000000,1779532593110000000,1779532593143000000,1779532593175000000,66.0000,31.0000,17.5000,32.0000,98.0000,21.34,T3-T5 on Isaac clock; Network_est approximate
2026-05-23T10:36:33.2090340Z,939,1125,0,1779532593146,1779532593110000000,1779532593110000000,1779532593109000000,1779532593141000000,1779532593146000000,1779532593175000000,1779532593209000000,65.0000,32.0000,16.5000,34.0000,99.0000,20.18,T3-T5 on Isaac clock; Network_est approximate
2026-05-23T10:36:33.2844660Z,940,1127,0,1779532593182,1779532593175000000,1779532593175000000,1779532593175000000,1779532593181000000,1779532593182000000,1779532593208000000,1779532593284000000,33.0000,6.0000,13.5000,76.0000,109.0000,21.39,T3-T5 on Isaac clock; Network_est approximate
2026-05-23T10:36:33.2880580Z,942,1128,0,1779532593274,1779532593208000000,1779532593208000000,1779532593208000000,1779532593272000000,1779532593274000000,1779532593284000000,1779532593288000000,76.0000,64.0000,6.0000,4.0000,80.0000,25.57,T3-T5 on Isaac clock; Network_est approximate
2026-05-23T10:36:33.3624610Z,943,1130,0,1779532593317,1779532593287000000,1779532593287000000,1779532593287000000,1779532593312000000,1779532593317000000,1779532593358000000,1779532593362000000,71.0000,25.0000,23.0000,4.0000,75.0000,25.95,T3-T5 on Isaac clock; Network_est approximate
2026-05-23T10:36:33.4286320Z,944,1132,0,1779532593372,1779532593362000000,1779532593362000000,1779532593361000000,1779532593370000000,1779532593372000000,1779532593395000000,1779532593428000000,33.0000,9.0000,12.0000,33.0000,66.0000,25.02,T3-T5 on Isaac clock; Network_est approximate
2026-05-23T10:36:33.4621240Z,945,1133,0,1779532593404,1779532593395000000,1779532593395000000,1779532593394000000,1779532593403000000,1779532593404000000,1779532593428000000,1779532593462000000,33.0000,9.0000,12.0000,34.0000,67.0000,23.55,T3-T5 on Isaac clock; Network_est approximate
2026-05-23T10:36:33.4945400Z,946,1134,0,1779532593447,1779532593428000000,1779532593428000000,1779532593428000000,1779532593443000000,1779532593447000000,1779532593462000000,1779532593494000000,34.0000,15.0000,9.5000,32.0000,66.0000,22.74,T3-T5 on Isaac clock; Network_est approximate
2026-05-23T10:36:33.5597410Z,947,1136,0,1779532593504,1779532593494000000,1779532593494000000,1779532593494000000,1779532593501000000,1779532593504000000,1779532593527000000,1779532593559000000,33.0000,7.0000,13.0000,32.0000,65.0000,21.83,T3-T5 on Isaac clock; Network_est approximate
2026-05-23T10:36:33.5925410Z,948,1137,0,1779532593535,1779532593526000000,1779532593526000000,1779532593526000000,1779532593535000000,1779532593535000000,1779532593559000000,1779532593592000000,33.0000,9.0000,12.0000,33.0000,66.0000,20.58,T3-T5 on Isaac clock; Network_est approximate
2026-05-23T10:36:33.6253350Z,949,1138,0,1779532593577,1779532593559000000,1779532593559000000,1779532593559000000,1779532593575000000,1779532593577000000,1779532593592000000,1779532593625000000,33.0000,16.0000,8.5000,33.0000,66.0000,19.87,T3-T5 on Isaac clock; Network_est approximate
2026-05-23T10:36:33.6908340Z,950,1140,0,1779532593634,1779532593625000000,1779532593625000000,1779532593627000000,1779532593633000000,1779532593634000000,1779532593657000000,1779532593690000000,32.0000,6.0000,13.0000,33.0000,65.0000,19.15,T3-T5 on Isaac clock; Network_est approximate
2026-05-23T10:36:33.7236610Z,951,1141,0,1779532593671,1779532593657000000,1779532593657000000,1779532593657000000,1779532593666000000,1779532593671000000,1779532593690000000,1779532593723000000,33.0000,9.0000,12.0000,33.0000,66.0000,18.21,T3-T5 on Isaac clock; Network_est approximate
2026-05-23T10:36:33.7560050Z,952,1142,0,1779532593707,1779532593690000000,1779532593690000000,1779532593690000000,1779532593706000000,1779532593707000000,1779532593723000000,1779532593756000000,33.0000,16.0000,8.5000,33.0000,66.0000,17.30,T3-T5 on Isaac clock; Network_est approximate
2026-05-23T10:36:33.8300250Z,953,1144,0,1779532593765,1779532593755000000,1779532593755000000,1779532593755000000,1779532593765000000,1779532593765000000,1779532593789000000,1779532593830000000,34.0000,10.0000,12.0000,41.0000,75.0000,17.22,T3-T5 on Isaac clock; Network_est approximate
2026-05-23T10:36:33.8618360Z,954,1145,0,1779532593801,1779532593789000000,1779532593789000000,1779532593789000000,1779532593798000000,1779532593801000000,1779532593829000000,1779532593861000000,40.0000,9.0000,15.5000,32.0000,72.0000,16.40,T3-T5 on Isaac clock; Network_est approximate
2026-05-23T10:36:33.9023440Z,955,1146,0,1779532593842,1779532593829000000,1779532593829000000,1779532593829000000,1779532593839000000,1779532593842000000,1779532593861000000,1779532593902000000,32.0000,10.0000,11.0000,41.0000,73.0000,15.40,T3-T5 on Isaac clock; Network_est approximate
2026-05-23T10:36:33.9659220Z,956,1147,0,1779532593902,1779532593861000000,1779532593861000000,1779532593861000000,1779532593898000000,1779532593902000000,1779532593933000000,1779532593965000000,72.0000,37.0000,17.5000,32.0000,104.0000,14.67,T3-T5 on Isaac clock; Network_est approximate
2026-05-23T10:36:33.9987530Z,957,1148,0,1779532593934,1779532593902000000,1779532593902000000,1779532593901000000,1779532593931000000,1779532593934000000,1779532593965000000,1779532593998000000,63.0000,30.0000,16.5000,33.0000,96.0000,13.80,T3-T5 on Isaac clock; Network_est approximate
2026-05-23T10:36:34.0315300Z,958,1150,0,1779532593970,1779532593965000000,1779532593965000000,1779532593965000000,1779532593970000000,1779532593970000000,1779532593998000000,1779532594031000000,33.0000,5.0000,14.0000,33.0000,66.0000,13.14,T3-T5 on Isaac clock; Network_est approximate
2026-05-23T10:36:34.0968450Z,959,1151,0,1779532594033,1779532593998000000,1779532593998000000,1779532593998000000,1779532594029000000,1779532594033000000,1779532594065000000,1779532594096000000,67.0000,31.0000,18.0000,31.0000,98.0000,12.46,T3-T5 on Isaac clock; Network_est approximate
2026-05-23T10:36:34.1298450Z,960,1153,0,1779532594069,1779532594064000000,1779532594064000000,1779532594064000000,1779532594064000000,1779532594069000000,1779532594096000000,1779532594129000000,32.0000,0.0000,16.0000,33.0000,65.0000,11.88,T3-T5 on Isaac clock; Network_est approximate
2026-05-23T10:36:34.1623570Z,961,1154,0,1779532594107,1779532594096000000,1779532594096000000,1779532594096000000,1779532594106000000,1779532594107000000,1779532594129000000,1779532594162000000,33.0000,10.0000,11.5000,33.0000,66.0000,11.47,T3-T5 on Isaac clock; Network_est approximate
2026-05-23T10:36:34.2271990Z,962,1156,0,1779532594169,1779532594162000000,1779532594162000000,1779532594161000000,1779532594165000000,1779532594169000000,1779532594194000000,1779532594227000000,32.0000,4.0000,14.0000,33.0000,65.0000,10.94,T3-T5 on Isaac clock; Network_est approximate
2026-05-23T10:36:34.2602880Z,963,1157,0,1779532594201,1779532594194000000,1779532594194000000,1779532594194000000,1779532594199000000,1779532594201000000,1779532594227000000,1779532594260000000,33.0000,5.0000,14.0000,33.0000,66.0000,10.32,T3-T5 on Isaac clock; Network_est approximate
2026-05-23T10:36:34.2937050Z,964,1158,0,1779532594243,1779532594226000000,1779532594227000000,1779532594226000000,1779532594240000000,1779532594243000000,1779532594260000000,1779532594293000000,33.0000,14.0000,9.5000,33.0000,67.0000,10.21,T3-T5 on Isaac clock; Network_est approximate
2026-05-23T10:36:34.3711360Z,966,1160,0,1779532594336,1779532594293000000,1779532594293000000,1779532594293000000,1779532594332000000,1779532594336000000,1779532594367000000,1779532594371000000,74.0000,39.0000,17.5000,4.0000,78.0000,10.54,T3-T5 on Isaac clock; Network_est approximate
2026-05-23T10:36:34.4379890Z,967,1162,0,1779532594373,1779532594370000000,1779532594370000000,1779532594370000000,1779532594372000000,1779532594373000000,1779532594404000000,1779532594437000000,34.0000,2.0000,16.0000,33.0000,67.0000,11.74,T3-T5 on Isaac clock; Network_est approximate
2026-05-23T10:36:34.4712860Z,968,1163,0,1779532594435,1779532594404000000,1779532594404000000,1779532594404000000,1779532594430000000,1779532594435000000,1779532594437000000,1779532594471000000,33.0000,26.0000,3.5000,34.0000,67.0000,12.80,T3-T5 on Isaac clock; Network_est approximate
2026-05-23T10:36:34.5043820Z,969,1164,0,1779532594467,1779532594437000000,1779532594437000000,1779532594437000000,1779532594463000000,1779532594467000000,1779532594471000000,1779532594504000000,34.0000,26.0000,4.0000,33.0000,67.0000,12.06,T3-T5 on Isaac clock; Network_est approximate
2026-05-23T10:36:34.5702300Z,970,1165,0,1779532594503,1779532594471000000,1779532594471000000,1779532594470000000,1779532594502000000,1779532594503000000,1779532594536000000,1779532594570000000,65.0000,32.0000,16.5000,34.0000,99.0000,13.17,T3-T5 on Isaac clock; Network_est approximate
2026-05-23T10:36:34.6069840Z,971,1167,0,1779532594565,1779532594536000000,1779532594536000000,1779532594536000000,1779532594561000000,1779532594565000000,1779532594570000000,1779532594606000000,34.0000,25.0000,4.5000,36.0000,70.0000,13.93,T3-T5 on Isaac clock; Network_est approximate
2026-05-23T10:36:34.6433820Z,972,1168,0,1779532594597,1779532594569000000,1779532594569000000,1779532594569000000,1779532594594000000,1779532594597000000,1779532594606000000,1779532594643000000,37.0000,25.0000,6.0000,37.0000,74.0000,13.34,T3-T5 on Isaac clock; Network_est approximate
2026-05-23T10:36:34.6794390Z,973,1169,0,1779532594637,1779532594606000000,1779532594606000000,1779532594606000000,1779532594635000000,1779532594637000000,1779532594643000000,1779532594679000000,37.0000,29.0000,4.0000,36.0000,73.0000,12.75,T3-T5 on Isaac clock; Network_est approximate
2026-05-23T10:36:34.7543670Z,974,1171,0,1779532594695,1779532594679000000,1779532594679000000,1779532594678000000,1779532594693000000,1779532594695000000,1779532594716000000,1779532594754000000,37.0000,15.0000,11.0000,38.0000,75.0000,13.01,T3-T5 on Isaac clock; Network_est approximate
2026-05-23T10:36:34.7907050Z,975,1172,0,1779532594732,1779532594715000000,1779532594715000000,1779532594715000000,1779532594729000000,1779532594732000000,1779532594754000000,1779532594790000000,39.0000,14.0000,12.5000,36.0000,75.0000,12.24,T3-T5 on Isaac clock; Network_est approximate
2026-05-23T10:36:34.8637940Z,976,1173,0,1779532594769,1779532594754000000,1779532594754000000,1779532594753000000,1779532594768000000,1779532594769000000,1779532594790000000,1779532594863000000,36.0000,15.0000,10.5000,73.0000,109.0000,13.73,T3-T5 on Isaac clock; Network_est approximate
2026-05-23T10:36:34.8677360Z,978,1174,0,1779532594862,1779532594790000000,1779532594790000000,1779532594790000000,1779532594859000000,1779532594862000000,1779532594863000000,1779532594867000000,73.0000,69.0000,2.0000,4.0000,77.0000,18.43,T3-T5 on Isaac clock; Network_est approximate
2026-05-23T10:36:34.9717480Z,979,1176,0,1779532594899,1779532594867000000,1779532594867000000,1779532594867000000,1779532594899000000,1779532594899000000,1779532594940000000,1779532594971000000,73.0000,32.0000,20.5000,31.0000,104.0000,21.47,T3-T5 on Isaac clock; Network_est approximate
2026-05-23T10:36:35.0046610Z,980,1178,0,1779532594958,1779532594940000000,1779532594940000000,1779532594940000000,1779532594957000000,1779532594958000000,1779532594971000000,1779532595004000000,31.0000,17.0000,7.0000,33.0000,64.0000,21.76,T3-T5 on Isaac clock; Network_est approximate
2026-05-23T10:36:35.0372550Z,981,1179,0,1779532594994,1779532594971000000,1779532594971000000,1779532594971000000,1779532594991000000,1779532594994000000,1779532595004000000,1779532595037000000,33.0000,20.0000,6.5000,33.0000,66.0000,20.61,T3-T5 on Isaac clock; Network_est approximate
2026-05-23T10:36:35.1031840Z,982,1180,0,1779532595035,1779532595004000000,1779532595004000000,1779532595004000000,1779532595031000000,1779532595035000000,1779532595069000000,1779532595103000000,65.0000,27.0000,19.0000,34.0000,99.0000,20.87,T3-T5 on Isaac clock; Network_est approximate
2026-05-23T10:36:35.1357430Z,983,1182,0,1779532595093,1779532595069000000,1779532595069000000,1779532595069000000,1779532595090000000,1779532595093000000,1779532595103000000,1779532595135000000,34.0000,21.0000,6.5000,32.0000,66.0000,21.17,T3-T5 on Isaac clock; Network_est approximate
2026-05-23T10:36:35.1681090Z,984,1183,0,1779532595125,1779532595102000000,1779532595102000000,1779532595102000000,1779532595124000000,1779532595125000000,1779532595135000000,1779532595168000000,33.0000,22.0000,5.5000,33.0000,66.0000,19.90,T3-T5 on Isaac clock; Network_est approximate
2026-05-23T10:36:35.2412400Z,986,1185,0,1779532595224,1779532595167000000,1779532595167000000,1779532595167000000,1779532595223000000,1779532595224000000,1779532595237000000,1779532595241000000,70.0000,56.0000,7.0000,4.0000,74.0000,20.27,T3-T5 on Isaac clock; Network_est approximate
2026-05-23T10:36:35.3087600Z,987,1187,0,1779532595261,1779532595241000000,1779532595241000000,1779532595240000000,1779532595257000000,1779532595261000000,1779532595275000000,1779532595308000000,34.0000,17.0000,8.5000,33.0000,67.0000,20.91,T3-T5 on Isaac clock; Network_est approximate
2026-05-23T10:36:35.3494190Z,988,1188,0,1779532595299,1779532595274000000,1779532595274000000,1779532595274000000,1779532595297000000,1779532595299000000,1779532595308000000,1779532595349000000,34.0000,23.0000,5.5000,41.0000,75.0000,19.77,T3-T5 on Isaac clock; Network_est approximate
2026-05-23T10:36:35.4223540Z,989,1190,0,1779532595357,1779532595349000000,1779532595349000000,1779532595348000000,1779532595356000000,1779532595357000000,1779532595381000000,1779532595422000000,32.0000,8.0000,12.0000,41.0000,73.0000,19.47,T3-T5 on Isaac clock; Network_est approximate
2026-05-23T10:36:35.4538160Z,990,1191,0,1779532595393,1779532595381000000,1779532595381000000,1779532595381000000,1779532595390000000,1779532595393000000,1779532595422000000,1779532595453000000,41.0000,9.0000,16.0000,31.0000,72.0000,18.53,T3-T5 on Isaac clock; Network_est approximate
2026-05-23T10:36:35.4860360Z,991,1192,0,1779532595435,1779532595422000000,1779532595422000000,1779532595421000000,1779532595430000000,1779532595435000000,1779532595453000000,1779532595486000000,31.0000,9.0000,11.0000,33.0000,64.0000,17.98,T3-T5 on Isaac clock; Network_est approximate
2026-05-23T10:36:35.5514990Z,992,1194,0,1779532595488,1779532595485000000,1779532595485000000,1779532595485000000,1779532595488000000,1779532595488000000,1779532595518000000,1779532595551000000,33.0000,3.0000,15.0000,33.0000,66.0000,17.63,T3-T5 on Isaac clock; Network_est approximate
2026-05-23T10:36:35.5850030Z,993,1195,0,1779532595525,1779532595518000000,1779532595518000000,1779532595518000000,1779532595522000000,1779532595525000000,1779532595551000000,1779532595585000000,33.0000,4.0000,14.5000,34.0000,67.0000,16.74,T3-T5 on Isaac clock; Network_est approximate
2026-05-23T10:36:35.6173670Z,994,1196,0,1779532595567,1779532595551000000,1779532595551000000,1779532595550000000,1779532595562000000,1779532595567000000,1779532595584000000,1779532595617000000,33.0000,12.0000,10.5000,33.0000,66.0000,16.30,T3-T5 on Isaac clock; Network_est approximate
2026-05-23T10:36:35.6825510Z,995,1198,0,1779532595625,1779532595617000000,1779532595617000000,1779532595616000000,1779532595621000000,1779532595625000000,1779532595649000000,1779532595682000000,32.0000,5.0000,13.5000,33.0000,65.0000,15.73,T3-T5 on Isaac clock; Network_est approximate
2026-05-23T10:36:35.7153190Z,996,1199,0,1779532595661,1779532595649000000,1779532595649000000,1779532595649000000,1779532595656000000,1779532595661000000,1779532595682000000,1779532595715000000,33.0000,7.0000,13.0000,33.0000,66.0000,14.95,T3-T5 on Isaac clock; Network_est approximate
2026-05-23T10:36:35.7484220Z,997,1200,0,1779532595704,1779532595682000000,1779532595682000000,1779532595682000000,1779532595699000000,1779532595704000000,1779532595715000000,1779532595748000000,33.0000,17.0000,8.0000,33.0000,66.0000,14.63,T3-T5 on Isaac clock; Network_est approximate
2026-05-23T10:36:35.8138500Z,998,1202,0,1779532595766,1779532595748000000,1779532595748000000,1779532595747000000,1779532595762000000,1779532595766000000,1779532595780000000,1779532595813000000,32.0000,15.0000,8.5000,33.0000,65.0000,13.92,T3-T5 on Isaac clock; Network_est approximate
2026-05-23T10:36:35.8856080Z,999,1203,0,1779532595797,1779532595780000000,1779532595780000000,1779532595780000000,1779532595795000000,1779532595797000000,1779532595813000000,1779532595885000000,33.0000,15.0000,9.0000,72.0000,105.0000,15.61,T3-T5 on Isaac clock; Network_est approximate
2026-05-23T10:36:35.8890030Z,1000,1204,0,1779532595839,1779532595813000000,1779532595813000000,1779532595813000000,1779532595835000000,1779532595839000000,1779532595885000000,1779532595889000000,72.0000,22.0000,25.0000,4.0000,76.0000,17.05,T3-T5 on Isaac clock; Network_est approximate
2026-05-23T10:36:35.9614010Z,1001,1206,0,1779532595897,1779532595888000000,1779532595888000000,1779532595888000000,1779532595892000000,1779532595897000000,1779532595921000000,1779532595961000000,33.0000,4.0000,14.5000,40.0000,73.0000,16.88,T3-T5 on Isaac clock; Network_est approximate
2026-05-23T10:36:35.9928910Z,1002,1207,0,1779532595928,1779532595921000000,1779532595921000000,1779532595920000000,1779532595926000000,1779532595928000000,1779532595961000000,1779532595992000000,40.0000,6.0000,17.0000,31.0000,71.0000,15.85,T3-T5 on Isaac clock; Network_est approximate
2026-05-23T10:36:36.0252390Z,1003,1208,0,1779532595969,1779532595961000000,1779532595961000000,1779532595960000000,1779532595966000000,1779532595969000000,1779532595992000000,1779532596025000000,31.0000,6.0000,12.5000,33.0000,64.0000,15.40,T3-T5 on Isaac clock; Network_est approximate
2026-05-23T10:36:36.0910240Z,1004,1209,0,1779532596026,1779532595992000000,1779532595992000000,1779532595992000000,1779532596023000000,1779532596026000000,1779532596057000000,1779532596091000000,65.0000,31.0000,17.0000,34.0000,99.0000,14.97,T3-T5 on Isaac clock; Network_est approximate
2026-05-23T10:36:36.1232920Z,1005,1210,0,1779532596058,1779532596025000000,1779532596025000000,1779532596024000000,1779532596056000000,1779532596058000000,1779532596090000000,1779532596123000000,65.0000,32.0000,16.5000,33.0000,98.0000,14.06,T3-T5 on Isaac clock; Network_est approximate
2026-05-23T10:36:36.1564060Z,1006,1212,0,1779532596099,1779532596090000000,1779532596090000000,1779532596090000000,1779532596097000000,1779532596099000000,1779532596123000000,1779532596156000000,33.0000,7.0000,13.0000,33.0000,66.0000,13.69,T3-T5 on Isaac clock; Network_est approximate
2026-05-23T10:36:36.2215350Z,1007,1213,0,1779532596157,1779532596123000000,1779532596123000000,1779532596123000000,1779532596155000000,1779532596157000000,1779532596188000000,1779532596221000000,65.0000,32.0000,16.5000,33.0000,98.0000,13.26,T3-T5 on Isaac clock; Network_est approximate
2026-05-23T10:36:36.2541320Z,1008,1214,0,1779532596193,1779532596156000000,1779532596156000000,1779532596155000000,1779532596188000000,1779532596193000000,1779532596221000000,1779532596254000000,65.0000,33.0000,16.0000,33.0000,98.0000,12.62,T3-T5 on Isaac clock; Network_est approximate
2026-05-23T10:36:36.3236330Z,1009,1216,0,1779532596229,1779532596220000000,1779532596220000000,1779532596220000000,1779532596228000000,1779532596229000000,1779532596254000000,1779532596323000000,34.0000,8.0000,13.0000,69.0000,103.0000,13.92,T3-T5 on Isaac clock; Network_est approximate
2026-05-23T10:36:36.3269010Z,1011,1217,0,1779532596321,1779532596253000000,1779532596253000000,1779532596253000000,1779532596319000000,1779532596321000000,1779532596323000000,1779532596326000000,70.0000,66.0000,2.0000,3.0000,73.0000,18.60,T3-T5 on Isaac clock; Network_est approximate
2026-05-23T10:36:36.4721240Z,1012,1220,0,1779532596362,1779532596360000000,1779532596360000000,1779532596360000000,1779532596360000000,1779532596362000000,1779532596400000000,1779532596472000000,40.0000,0.0000,20.0000,72.0000,112.0000,23.94,T3-T5 on Isaac clock; Network_est approximate
2026-05-23T10:36:36.4760620Z,1014,1221,0,1779532596455,1779532596400000000,1779532596400000000,1779532596400000000,1779532596453000000,1779532596455000000,1779532596472000000,1779532596476000000,72.0000,53.0000,9.5000,4.0000,76.0000,28.00,T3-T5 on Isaac clock; Network_est approximate
2026-05-23T10:36:36.5486330Z,1015,1223,0,1779532596497,1779532596475000000,1779532596475000000,1779532596475000000,1779532596495000000,1779532596497000000,1779532596508000000,1779532596548000000,33.0000,20.0000,6.5000,40.0000,73.0000,28.16,T3-T5 on Isaac clock; Network_est approximate
2026-05-23T10:36:36.6128080Z,1016,1225,0,1779532596556,1779532596548000000,1779532596548000000,1779532596548000000,1779532596552000000,1779532596556000000,1779532596579000000,1779532596612000000,31.0000,4.0000,13.5000,33.0000,64.0000,26.71,T3-T5 on Isaac clock; Network_est approximate
2026-05-23T10:36:36.6454000Z,1017,1226,0,1779532596588,1779532596579000000,1779532596579000000,1779532596579000000,1779532596585000000,1779532596588000000,1779532596612000000,1779532596645000000,33.0000,6.0000,13.5000,33.0000,66.0000,25.09,T3-T5 on Isaac clock; Network_est approximate
2026-05-23T10:36:36.6781390Z,1018,1227,0,1779532596630,1779532596612000000,1779532596612000000,1779532596612000000,1779532596625000000,1779532596630000000,1779532596645000000,1779532596678000000,33.0000,13.0000,10.0000,33.0000,66.0000,24.10,T3-T5 on Isaac clock; Network_est approximate
2026-05-23T10:36:36.7435290Z,1019,1229,0,1779532596684,1779532596677000000,1779532596677000000,1779532596677000000,1779532596683000000,1779532596684000000,1779532596710000000,1779532596743000000,33.0000,6.0000,13.5000,33.0000,66.0000,23.30,T3-T5 on Isaac clock; Network_est approximate
2026-05-23T10:36:36.7762730Z,1020,1230,0,1779532596720,1779532596710000000,1779532596710000000,1779532596710000000,1779532596717000000,1779532596720000000,1779532596743000000,1779532596776000000,33.0000,7.0000,13.0000,33.0000,66.0000,22.06,T3-T5 on Isaac clock; Network_est approximate
2026-05-23T10:36:36.8091570Z,1021,1231,0,1779532596761,1779532596743000000,1779532596743000000,1779532596743000000,1779532596757000000,1779532596761000000,1779532596776000000,1779532596809000000,33.0000,14.0000,9.5000,33.0000,66.0000,21.18,T3-T5 on Isaac clock; Network_est approximate
2026-05-23T10:36:36.8757010Z,1022,1233,0,1779532596818,1779532596808000000,1779532596808000000,1779532596808000000,1779532596816000000,1779532596818000000,1779532596841000000,1779532596875000000,33.0000,8.0000,12.5000,34.0000,67.0000,20.45,T3-T5 on Isaac clock; Network_est approximate
2026-05-23T10:36:36.9156390Z,1023,1234,0,1779532596854,1779532596841000000,1779532596841000000,1779532596841000000,1779532596849000000,1779532596854000000,1779532596875000000,1779532596915000000,34.0000,8.0000,13.0000,40.0000,74.0000,19.42,T3-T5 on Isaac clock; Network_est approximate
2026-05-23T10:36:36.9477200Z,1024,1235,0,1779532596890,1779532596875000000,1779532596875000000,1779532596875000000,1779532596889000000,1779532596890000000,1779532596915000000,1779532596947000000,40.0000,14.0000,13.0000,32.0000,72.0000,18.45,T3-T5 on Isaac clock; Network_est approximate
2026-05-23T10:36:37.0189990Z,1026,1237,0,1779532596983,1779532596947000000,1779532596947000000,1779532596947000000,1779532596981000000,1779532596983000000,1779532596987000000,1779532597018000000,40.0000,34.0000,3.0000,31.0000,71.0000,18.65,T3-T5 on Isaac clock; Network_est approximate
2026-05-23T10:36:37.0847350Z,1027,1239,0,1779532597025,1779532597018000000,1779532597018000000,1779532597018000000,1779532597021000000,1779532597025000000,1779532597051000000,1779532597084000000,33.0000,3.0000,15.0000,33.0000,66.0000,18.98,T3-T5 on Isaac clock; Network_est approximate
2026-05-23T10:36:37.1169950Z,1028,1240,0,1779532597083,1779532597051000000,1779532597051000000,1779532597050000000,1779532597081000000,1779532597083000000,1779532597084000000,1779532597116000000,33.0000,31.0000,1.0000,32.0000,65.0000,19.40,T3-T5 on Isaac clock; Network_est approximate
2026-05-23T10:36:37.1822680Z,1029,1241,0,1779532597118,1779532597084000000,1779532597084000000,1779532597084000000,1779532597115000000,1779532597118000000,1779532597149000000,1779532597182000000,65.0000,31.0000,17.0000,33.0000,98.0000,20.08,T3-T5 on Isaac clock; Network_est approximate
2026-05-23T10:36:37.2151070Z,1030,1243,0,1779532597160,1779532597149000000,1779532597149000000,1779532597149000000,1779532597157000000,1779532597160000000,1779532597182000000,1779532597215000000,33.0000,8.0000,12.5000,33.0000,66.0000,19.39,T3-T5 on Isaac clock; Network_est approximate
2026-05-23T10:36:37.2806070Z,1031,1244,0,1779532597219,1779532597182000000,1779532597182000000,1779532597181000000,1779532597215000000,1779532597219000000,1779532597247000000,1779532597280000000,65.0000,34.0000,15.5000,33.0000,98.0000,18.57,T3-T5 on Isaac clock; Network_est approximate
2026-05-23T10:36:37.3133090Z,1032,1246,0,1779532597251,1779532597247000000,1779532597247000000,1779532597247000000,1779532597249000000,1779532597251000000,1779532597280000000,1779532597313000000,33.0000,2.0000,15.5000,33.0000,66.0000,17.43,T3-T5 on Isaac clock; Network_est approximate
2026-05-23T10:36:37.3461710Z,1033,1247,0,1779532597292,1779532597280000000,1779532597280000000,1779532597280000000,1779532597289000000,1779532597292000000,1779532597313000000,1779532597346000000,33.0000,9.0000,12.0000,33.0000,66.0000,16.83,T3-T5 on Isaac clock; Network_est approximate
2026-05-23T10:36:37.4280590Z,1035,1249,0,1779532597382,1779532597345000000,1779532597345000000,1779532597345000000,1779532597380000000,1779532597382000000,1779532597424000000,1779532597428000000,79.0000,35.0000,22.0000,4.0000,83.0000,16.28,T3-T5 on Isaac clock; Network_est approximate
2026-05-23T10:36:37.4626440Z,1036,1249,0,1779532597424,1779532597345000000,1779532597345000000,1779532597345000000,1779532597420000000,1779532597424000000,1779532597427000000,1779532597462000000,82.0000,75.0000,3.5000,35.0000,117.0000,15.72,T3-T5 on Isaac clock; Network_est approximate
2026-05-23T10:36:37.5337810Z,1037,1252,0,1779532597481,1779532597462000000,1779532597462000000,1779532597462000000,1779532597478000000,1779532597481000000,1779532597502000000,1779532597533000000,40.0000,16.0000,12.0000,31.0000,71.0000,15.62,T3-T5 on Isaac clock; Network_est approximate
2026-05-23T10:36:37.5670160Z,1038,1253,0,1779532597513,1779532597502000000,1779532597502000000,1779532597502000000,1779532597511000000,1779532597513000000,1779532597533000000,1779532597567000000,31.0000,9.0000,11.0000,34.0000,65.0000,14.73,T3-T5 on Isaac clock; Network_est approximate
2026-05-23T10:36:37.5994750Z,1039,1254,0,1779532597555,1779532597533000000,1779532597533000000,1779532597533000000,1779532597551000000,1779532597555000000,1779532597566000000,1779532597599000000,33.0000,18.0000,7.5000,33.0000,66.0000,14.40,T3-T5 on Isaac clock; Network_est approximate
2026-05-23T10:36:37.6652230Z,1040,1256,0,1779532597612,1779532597599000000,1779532597599000000,1779532597599000000,1779532597609000000,1779532597612000000,1779532597632000000,1779532597665000000,33.0000,10.0000,11.5000,33.0000,66.0000,14.05,T3-T5 on Isaac clock; Network_est approximate
2026-05-23T10:36:37.6976710Z,1041,1257,0,1779532597648,1779532597632000000,1779532597632000000,1779532597631000000,1779532597643000000,1779532597648000000,1779532597665000000,1779532597697000000,33.0000,12.0000,10.5000,32.0000,65.0000,13.39,T3-T5 on Isaac clock; Network_est approximate
2026-05-23T10:36:37.7300550Z,1042,1258,0,1779532597683,1779532597664000000,1779532597665000000,1779532597664000000,1779532597683000000,1779532597683000000,1779532597697000000,1779532597730000000,32.0000,19.0000,6.5000,33.0000,66.0000,12.72,T3-T5 on Isaac clock; Network_est approximate
2026-05-23T10:36:37.7958160Z,1043,1260,0,1779532597745,1779532597729000000,1779532597729000000,1779532597729000000,1779532597743000000,1779532597745000000,1779532597763000000,1779532597795000000,34.0000,14.0000,10.0000,32.0000,66.0000,12.15,T3-T5 on Isaac clock; Network_est approximate
2026-05-23T10:36:37.8277340Z,1044,1261,0,1779532597781,1779532597763000000,1779532597763000000,1779532597763000000,1779532597777000000,1779532597781000000,1779532597795000000,1779532597827000000,32.0000,14.0000,9.0000,32.0000,64.0000,11.65,T3-T5 on Isaac clock; Network_est approximate
2026-05-23T10:36:37.8609720Z,1045,1262,0,1779532597822,1779532597795000000,1779532597795000000,1779532597795000000,1779532597818000000,1779532597822000000,1779532597827000000,1779532597860000000,32.0000,23.0000,4.5000,33.0000,65.0000,11.41,T3-T5 on Isaac clock; Network_est approximate
2026-05-23T10:36:37.9353740Z,1046,1264,0,1779532597879,1779532597860000000,1779532597860000000,1779532597860000000,1779532597876000000,1779532597879000000,1779532597894000000,1779532597935000000,34.0000,16.0000,9.0000,41.0000,75.0000,11.78,T3-T5 on Isaac clock; Network_est approximate
2026-05-23T10:36:37.9660670Z,1047,1265,0,1779532597911,1779532597894000000,1779532597894000000,1779532597893000000,1779532597910000000,1779532597911000000,1779532597935000000,1779532597966000000,41.0000,17.0000,12.0000,31.0000,72.0000,11.12,T3-T5 on Isaac clock; Network_est approximate
2026-05-23T10:36:38.0064470Z,1048,1266,0,1779532597952,1779532597934000000,1779532597935000000,1779532597934000000,1779532597951000000,1779532597952000000,1779532597965000000,1779532598006000000,30.0000,17.0000,6.5000,41.0000,72.0000,10.45,T3-T5 on Isaac clock; Network_est approximate
2026-05-23T10:36:38.0701620Z,1049,1268,0,1779532598011,1779532598006000000,1779532598006000000,1779532598005000000,1779532598010000000,1779532598011000000,1779532598037000000,1779532598070000000,31.0000,5.0000,13.0000,33.0000,64.0000,10.09,T3-T5 on Isaac clock; Network_est approximate
2026-05-23T10:36:38.1032720Z,1050,1269,0,1779532598047,1779532598037000000,1779532598037000000,1779532598037000000,1779532598046000000,1779532598047000000,1779532598070000000,1779532598103000000,33.0000,9.0000,12.0000,33.0000,66.0000,9.64,T3-T5 on Isaac clock; Network_est approximate
2026-05-23T10:36:38.1356350Z,1051,1270,0,1779532598088,1779532598069000000,1779532598069000000,1779532598069000000,1779532598086000000,1779532598088000000,1779532598103000000,1779532598135000000,34.0000,17.0000,8.5000,32.0000,66.0000,9.57,T3-T5 on Isaac clock; Network_est approximate
2026-05-23T10:36:38.2013630Z,1052,1272,0,1779532598146,1779532598135000000,1779532598135000000,1779532598135000000,1779532598144000000,1779532598146000000,1779532598168000000,1779532598201000000,33.0000,9.0000,12.0000,33.0000,66.0000,9.45,T3-T5 on Isaac clock; Network_est approximate
2026-05-23T10:36:38.2340120Z,1053,1273,0,1779532598178,1779532598168000000,1779532598168000000,1779532598167000000,1779532598178000000,1779532598178000000,1779532598201000000,1779532598234000000,33.0000,11.0000,11.0000,33.0000,66.0000,8.90,T3-T5 on Isaac clock; Network_est approximate
2026-05-23T10:36:38.2665210Z,1054,1274,0,1779532598220,1779532598201000000,1779532598201000000,1779532598200000000,1779532598218000000,1779532598220000000,1779532598233000000,1779532598266000000,32.0000,18.0000,7.0000,33.0000,65.0000,8.94,T3-T5 on Isaac clock; Network_est approximate
2026-05-23T10:36:38.3316490Z,1055,1276,0,1779532598276,1779532598266000000,1779532598266000000,1779532598265000000,1779532598276000000,1779532598276000000,1779532598298000000,1779532598331000000,32.0000,11.0000,10.5000,33.0000,65.0000,8.94,T3-T5 on Isaac clock; Network_est approximate
2026-05-23T10:36:38.3649400Z,1056,1277,0,1779532598312,1779532598298000000,1779532598298000000,1779532598298000000,1779532598309000000,1779532598312000000,1779532598331000000,1779532598364000000,33.0000,11.0000,11.0000,33.0000,66.0000,8.55,T3-T5 on Isaac clock; Network_est approximate
2026-05-23T10:36:38.3981550Z,1057,1278,0,1779532598353,1779532598331000000,1779532598331000000,1779532598330000000,1779532598350000000,1779532598353000000,1779532598364000000,1779532598398000000,33.0000,20.0000,6.5000,34.0000,67.0000,8.54,T3-T5 on Isaac clock; Network_est approximate
2026-05-23T10:36:38.5147120Z,1058,1280,0,1779532598410,1779532598397000000,1779532598397000000,1779532598396000000,1779532598408000000,1779532598410000000,1779532598438000000,1779532598514000000,41.0000,12.0000,14.5000,76.0000,117.0000,11.77,T3-T5 on Isaac clock; Network_est approximate
2026-05-23T10:36:38.5193000Z,1060,1281,0,1779532598482,1779532598438000000,1779532598438000000,1779532598438000000,1779532598481000000,1779532598482000000,1779532598514000000,1779532598519000000,76.0000,43.0000,16.5000,5.0000,81.0000,15.25,T3-T5 on Isaac clock; Network_est approximate
2026-05-23T10:36:38.5859870Z,1061,1283,0,1779532598542,1779532598519000000,1779532598519000000,1779532598518000000,1779532598539000000,1779532598542000000,1779532598552000000,1779532598585000000,33.0000,21.0000,6.0000,33.0000,66.0000,14.72,T3-T5 on Isaac clock; Network_est approximate
2026-05-23T10:36:38.6191170Z,1062,1284,0,1779532598578,1779532598552000000,1779532598552000000,1779532598552000000,1779532598573000000,1779532598578000000,1779532598585000000,1779532598619000000,33.0000,21.0000,6.0000,34.0000,67.0000,13.97,T3-T5 on Isaac clock; Network_est approximate
2026-05-23T10:36:38.6517380Z,1063,1285,0,1779532598615,1779532598585000000,1779532598585000000,1779532598585000000,1779532598613000000,1779532598615000000,1779532598619000000,1779532598651000000,34.0000,28.0000,3.0000,32.0000,66.0000,13.37,T3-T5 on Isaac clock; Network_est approximate
2026-05-23T10:36:38.7174480Z,1064,1287,0,1779532598677,1779532598651000000,1779532598651000000,1779532598651000000,1779532598673000000,1779532598677000000,1779532598684000000,1779532598717000000,33.0000,22.0000,5.5000,33.0000,66.0000,12.76,T3-T5 on Isaac clock; Network_est approximate
2026-05-23T10:36:38.7500450Z,1065,1288,0,1779532598708,1779532598684000000,1779532598684000000,1779532598684000000,1779532598708000000,1779532598708000000,1779532598717000000,1779532598750000000,33.0000,24.0000,4.5000,33.0000,66.0000,12.07,T3-T5 on Isaac clock; Network_est approximate
2026-05-23T10:36:38.8156180Z,1066,1290,0,1779532598756,1779532598749000000,1779532598749000000,1779532598749000000,1779532598751000000,1779532598756000000,1779532598782000000,1779532598815000000,33.0000,2.0000,15.5000,33.0000,66.0000,12.41,T3-T5 on Isaac clock; Network_est approximate
2026-05-23T10:36:38.8487100Z,1067,1291,0,1779532598813,1779532598782000000,1779532598782000000,1779532598782000000,1779532598809000000,1779532598813000000,1779532598815000000,1779532598848000000,33.0000,27.0000,3.0000,33.0000,66.0000,13.12,T3-T5 on Isaac clock; Network_est approximate
2026-05-23T10:36:38.8812790Z,1068,1292,0,1779532598845,1779532598815000000,1779532598815000000,1779532598815000000,1779532598842000000,1779532598845000000,1779532598848000000,1779532598881000000,33.0000,27.0000,3.0000,33.0000,66.0000,12.33,T3-T5 on Isaac clock; Network_est approximate
2026-05-23T10:36:38.9535440Z,1069,1294,0,1779532598887,1779532598881000000,1779532598881000000,1779532598880000000,1779532598885000000,1779532598887000000,1779532598922000000,1779532598953000000,41.0000,5.0000,18.0000,31.0000,72.0000,13.46,T3-T5 on Isaac clock; Network_est approximate
2026-05-23T10:36:38.9874600Z,1070,1295,0,1779532598949,1779532598922000000,1779532598922000000,1779532598921000000,1779532598945000000,1779532598949000000,1779532598953000000,1779532598987000000,31.0000,24.0000,3.5000,34.0000,65.0000,14.38,T3-T5 on Isaac clock; Network_est approximate
2026-05-23T10:36:39.0275940Z,1071,1296,0,1779532598985,1779532598953000000,1779532598953000000,1779532598952000000,1779532598981000000,1779532598985000000,1779532598987000000,1779532599027000000,34.0000,29.0000,2.5000,40.0000,74.0000,13.75,T3-T5 on Isaac clock; Network_est approximate
2026-05-23T10:36:39.0587110Z,1072,1297,0,1779532599023,1779532598987000000,1779532598987000000,1779532598986000000,1779532599020000000,1779532599023000000,1779532599027000000,1779532599058000000,40.0000,34.0000,3.0000,31.0000,71.0000,13.31,T3-T5 on Isaac clock; Network_est approximate
2026-05-23T10:36:39.1248060Z,1073,1299,0,1779532599081,1779532599058000000,1779532599058000000,1779532599058000000,1779532599079000000,1779532599081000000,1779532599091000000,1779532599124000000,33.0000,21.0000,6.0000,33.0000,66.0000,12.98,T3-T5 on Isaac clock; Network_est approximate
2026-05-23T10:36:39.1571060Z,1074,1300,0,1779532599113,1779532599091000000,1779532599091000000,1779532599090000000,1779532599113000000,1779532599113000000,1779532599124000000,1779532599157000000,33.0000,23.0000,5.0000,33.0000,66.0000,12.19,T3-T5 on Isaac clock; Network_est approximate
2026-05-23T10:36:39.1896340Z,1075,1301,0,1779532599155,1779532599124000000,1779532599124000000,1779532599124000000,1779532599153000000,1779532599155000000,1779532599157000000,1779532599189000000,33.0000,29.0000,2.0000,32.0000,65.0000,12.02,T3-T5 on Isaac clock; Network_est approximate
2026-05-23T10:36:39.2625580Z,1076,1303,0,1779532599211,1779532599189000000,1779532599189000000,1779532599189000000,1779532599211000000,1779532599211000000,1779532599221000000,1779532599262000000,32.0000,22.0000,5.0000,41.0000,73.0000,12.32,T3-T5 on Isaac clock; Network_est approximate
2026-05-23T10:36:39.2877150Z,1077,1304,0,1779532599248,1779532599221000000,1779532599221000000,1779532599221000000,1779532599246000000,1779532599248000000,1779532599262000000,1779532599287000000,41.0000,25.0000,8.0000,25.0000,66.0000,12.27,T3-T5 on Isaac clock; Network_est approximate
2026-05-23T10:36:39.3531650Z,1078,1305,0,1779532599291,1779532599262000000,1779532599262000000,1779532599261000000,1779532599286000000,1779532599291000000,1779532599320000000,1779532599353000000,58.0000,25.0000,16.5000,33.0000,91.0000,12.90,T3-T5 on Isaac clock; Network_est approximate
2026-05-23T10:36:39.3870870Z,1079,1307,0,1779532599348,1779532599320000000,1779532599320000000,1779532599319000000,1779532599345000000,1779532599348000000,1779532599353000000,1779532599387000000,33.0000,26.0000,3.5000,34.0000,67.0000,13.60,T3-T5 on Isaac clock; Network_est approximate
2026-05-23T10:36:39.4582270Z,1080,1308,0,1779532599380,1779532599352000000,1779532599352000000,1779532599352000000,1779532599379000000,1779532599380000000,1779532599387000000,1779532599458000000,35.0000,27.0000,4.0000,71.0000,106.0000,15.25,T3-T5 on Isaac clock; Network_est approximate
2026-05-23T10:36:39.4622960Z,1081,1309,0,1779532599421,1779532599385000000,1779532599386000000,1779532599386000000,1779532599419000000,1779532599421000000,1779532599458000000,1779532599462000000,72.0000,33.0000,19.5000,4.0000,77.0000,16.61,T3-T5 on Isaac clock; Network_est approximate
2026-05-23T10:36:39.5357910Z,1082,1311,0,1779532599479,1779532599461000000,1779532599462000000,1779532599461000000,1779532599477000000,1779532599479000000,1779532599495000000,1779532599535000000,33.0000,16.0000,8.5000,40.0000,74.0000,16.54,T3-T5 on Isaac clock; Network_est approximate
2026-05-23T10:36:39.6034780Z,1083,1312,0,1779532599511,1779532599495000000,1779532599495000000,1779532599494000000,1779532599510000000,1779532599511000000,1779532599535000000,1779532599603000000,40.0000,16.0000,12.0000,68.0000,108.0000,17.74,T3-T5 on Isaac clock; Network_est approximate
2026-05-23T10:36:39.6070770Z,1084,1313,0,1779532599554,1779532599535000000,1779532599535000000,1779532599535000000,1779532599550000000,1779532599554000000,1779532599603000000,1779532599607000000,68.0000,15.0000,26.5000,4.0000,72.0000,19.09,T3-T5 on Isaac clock; Network_est approximate
2026-05-23T10:36:39.6745310Z,1085,1315,0,1779532599611,1779532599606000000,1779532599606000000,1779532599606000000,1779532599608000000,1779532599611000000,1779532599640000000,1779532599674000000,34.0000,2.0000,16.0000,34.0000,68.0000,18.54,T3-T5 on Isaac clock; Network_est approximate
2026-05-23T10:36:39.7072950Z,1086,1316,0,1779532599644,1779532599640000000,1779532599640000000,1779532599640000000,1779532599641000000,1779532599644000000,1779532599674000000,1779532599707000000,34.0000,1.0000,16.5000,33.0000,67.0000,17.39,T3-T5 on Isaac clock; Network_est approximate
2026-05-23T10:36:39.7397730Z,1087,1317,0,1779532599685,1779532599674000000,1779532599674000000,1779532599673000000,1779532599680000000,1779532599685000000,1779532599707000000,1779532599739000000,33.0000,7.0000,13.0000,32.0000,65.0000,16.84,T3-T5 on Isaac clock; Network_est approximate
2026-05-23T10:36:39.8055940Z,1088,1319,0,1779532599744,1779532599739000000,1779532599739000000,1779532599739000000,1779532599739000000,1779532599744000000,1779532599773000000,1779532599805000000,34.0000,0.0000,17.0000,32.0000,66.0000,16.21,T3-T5 on Isaac clock; Network_est approximate
2026-05-23T10:36:39.8378140Z,1089,1319,0,1779532599775,1779532599739000000,1779532599739000000,1779532599739000000,1779532599772000000,1779532599775000000,1779532599805000000,1779532599837000000,66.0000,33.0000,16.5000,32.0000,98.0000,15.28,T3-T5 on Isaac clock; Network_est approximate
2026-05-23T10:36:39.8708550Z,1090,1321,0,1779532599816,1779532599805000000,1779532599805000000,1779532599805000000,1779532599812000000,1779532599816000000,1779532599837000000,1779532599870000000,32.0000,7.0000,12.5000,33.0000,65.0000,14.83,T3-T5 on Isaac clock; Network_est approximate
2026-05-23T10:36:39.9369950Z,1091,1323,0,1779532599873,1779532599870000000,1779532599870000000,1779532599870000000,1779532599870000000,1779532599873000000,1779532599903000000,1779532599936000000,33.0000,0.0000,16.5000,33.0000,66.0000,14.47,T3-T5 on Isaac clock; Network_est approximate
2026-05-23T10:36:39.9781010Z,1092,1324,0,1779532599905,1779532599903000000,1779532599903000000,1779532599903000000,1779532599904000000,1779532599905000000,1779532599936000000,1779532599978000000,33.0000,1.0000,16.0000,42.0000,75.0000,14.14,T3-T5 on Isaac clock; Network_est approximate
2026-05-23T10:36:40.0482690Z,1093,1325,0,1779532599946,1779532599936000000,1779532599936000000,1779532599936000000,1779532599943000000,1779532599946000000,1779532599978000000,1779532600048000000,42.0000,7.0000,17.5000,70.0000,112.0000,15.08,T3-T5 on Isaac clock; Network_est approximate
2026-05-23T10:36:40.0519380Z,1095,1326,0,1779532600036,1779532599977000000,1779532599977000000,1779532599977000000,1779532600035000000,1779532600036000000,1779532600048000000,1779532600051000000,71.0000,58.0000,6.5000,3.0000,74.0000,19.53,T3-T5 on Isaac clock; Network_est approximate
2026-05-23T10:36:40.1165760Z,1096,1328,0,1779532600078,1779532600051000000,1779532600051000000,1779532600051000000,1779532600074000000,1779532600078000000,1779532600083000000,1779532600116000000,32.0000,23.0000,4.5000,33.0000,65.0000,19.72,T3-T5 on Isaac clock; Network_est approximate
2026-05-23T10:36:40.1821600Z,1097,1330,0,1779532600134,1779532600116000000,1779532600116000000,1779532600116000000,1779532600132000000,1779532600134000000,1779532600149000000,1779532600182000000,33.0000,16.0000,8.5000,33.0000,66.0000,19.09,T3-T5 on Isaac clock; Network_est approximate
2026-05-23T10:36:40.2153100Z,1098,1331,0,1779532600172,1779532600148000000,1779532600148000000,1779532600148000000,1779532600166000000,1779532600172000000,1779532600182000000,1779532600215000000,34.0000,18.0000,8.0000,33.0000,67.0000,18.20,T3-T5 on Isaac clock; Network_est approximate
2026-05-23T10:36:40.2475990Z,1099,1332,0,1779532600209,1779532600181000000,1779532600181000000,1779532600181000000,1779532600205000000,1779532600209000000,1779532600215000000,1779532600247000000,34.0000,24.0000,5.0000,32.0000,66.0000,17.36,T3-T5 on Isaac clock; Network_est approximate
2026-05-23T10:36:40.3132540Z,1100,1334,0,1779532600265,1779532600247000000,1779532600247000000,1779532600247000000,1779532600263000000,1779532600265000000,1779532600279000000,1779532600313000000,32.0000,16.0000,8.0000,34.0000,66.0000,16.88,T3-T5 on Isaac clock; Network_est approximate
2026-05-23T10:36:40.3454360Z,1101,1335,0,1779532600302,1779532600279000000,1779532600279000000,1779532600279000000,1779532600297000000,1779532600302000000,1779532600313000000,1779532600345000000,34.0000,18.0000,8.0000,32.0000,66.0000,16.13,T3-T5 on Isaac clock; Network_est approximate
2026-05-23T10:36:40.3782200Z,1102,1336,0,1779532600343,1779532600313000000,1779532600313000000,1779532600312000000,1779532600338000000,1779532600343000000,1779532600345000000,1779532600378000000,32.0000,26.0000,3.0000,33.0000,65.0000,15.62,T3-T5 on Isaac clock; Network_est approximate
2026-05-23T10:36:40.4441970Z,1103,1338,0,1779532600398,1779532600378000000,1779532600378000000,1779532600377000000,1779532600396000000,1779532600398000000,1779532600410000000,1779532600444000000,32.0000,19.0000,6.5000,34.0000,66.0000,15.33,T3-T5 on Isaac clock; Network_est approximate
2026-05-23T10:36:40.4848140Z,1104,1339,0,1779532600434,1779532600410000000,1779532600410000000,1779532600410000000,1779532600429000000,1779532600434000000,1779532600444000000,1779532600484000000,34.0000,19.0000,7.5000,40.0000,74.0000,14.66,T3-T5 on Isaac clock; Network_est approximate
2026-05-23T10:36:40.5167240Z,1105,1340,0,1779532600471,1779532600444000000,1779532600444000000,1779532600443000000,1779532600469000000,1779532600471000000,1779532600484000000,1779532600516000000,40.0000,26.0000,7.0000,32.0000,72.0000,14.07,T3-T5 on Isaac clock; Network_est approximate
2026-05-23T10:36:40.5877920Z,1106,1342,0,1779532600529,1779532600516000000,1779532600516000000,1779532600516000000,1779532600527000000,1779532600529000000,1779532600556000000,1779532600587000000,40.0000,11.0000,14.5000,31.0000,71.0000,13.99,T3-T5 on Isaac clock; Network_est approximate
2026-05-23T10:36:40.6199130Z,1107,1343,0,1779532600560,1779532600556000000,1779532600556000000,1779532600555000000,1779532600560000000,1779532600560000000,1779532600587000000,1779532600619000000,31.0000,5.0000,13.0000,32.0000,63.0000,13.21,T3-T5 on Isaac clock; Network_est approximate
2026-05-23T10:36:40.6884210Z,1108,1344,0,1779532600602,1779532600587000000,1779532600587000000,1779532600587000000,1779532600601000000,1779532600602000000,1779532600619000000,1779532600688000000,32.0000,14.0000,9.0000,69.0000,101.0000,14.04,T3-T5 on Isaac clock; Network_est approximate
2026-05-23T10:36:40.6917550Z,1109,1345,0,1779532600664,1779532600619000000,1779532600619000000,1779532600619000000,1779532600660000000,1779532600664000000,1779532600688000000,1779532600691000000,69.0000,41.0000,14.0000,3.0000,72.0000,16.83,T3-T5 on Isaac clock; Network_est approximate
2026-05-23T10:36:40.7582370Z,1110,1347,0,1779532600696,1779532600691000000,1779532600691000000,1779532600691000000,1779532600694000000,1779532600696000000,1779532600724000000,1779532600758000000,33.0000,3.0000,15.0000,34.0000,67.0000,17.93,T3-T5 on Isaac clock; Network_est approximate
2026-05-23T10:36:40.7914110Z,1111,1348,0,1779532600738,1779532600724000000,1779532600724000000,1779532600724000000,1779532600734000000,1779532600738000000,1779532600758000000,1779532600791000000,34.0000,10.0000,12.0000,33.0000,67.0000,17.36,T3-T5 on Isaac clock; Network_est approximate
2026-05-23T10:36:40.8566870Z,1112,1350,0,1779532600796,1779532600791000000,1779532600791000000,1779532600790000000,1779532600793000000,1779532600796000000,1779532600824000000,1779532600856000000,33.0000,3.0000,15.0000,32.0000,65.0000,16.73,T3-T5 on Isaac clock; Network_est approximate
2026-05-23T10:36:40.8895950Z,1113,1351,0,1779532600827,1779532600824000000,1779532600824000000,1779532600824000000,1779532600826000000,1779532600827000000,1779532600856000000,1779532600889000000,32.0000,2.0000,15.0000,33.0000,65.0000,15.80,T3-T5 on Isaac clock; Network_est approximate
2026-05-23T10:36:40.9221320Z,1114,1352,0,1779532600869,1779532600856000000,1779532600856000000,1779532600856000000,1779532600866000000,1779532600869000000,1779532600889000000,1779532600922000000,33.0000,10.0000,11.5000,33.0000,66.0000,15.41,T3-T5 on Isaac clock; Network_est approximate
2026-05-23T10:36:40.9962150Z,1115,1354,0,1779532600927,1779532600921000000,1779532600921000000,1779532600921000000,1779532600923000000,1779532600927000000,1779532600955000000,1779532600996000000,34.0000,2.0000,16.0000,41.0000,75.0000,15.45,T3-T5 on Isaac clock; Network_est approximate
2026-05-23T10:36:41.0654980Z,1116,1355,0,1779532600959,1779532600955000000,1779532600955000000,1779532600955000000,1779532600956000000,1779532600959000000,1779532600996000000,1779532601065000000,41.0000,1.0000,20.0000,69.0000,110.0000,16.81,T3-T5 on Isaac clock; Network_est approximate
2026-05-23T10:36:41.0688580Z,1118,1356,0,1779532601057,1779532600996000000,1779532600996000000,1779532600995000000,1779532601054000000,1779532601057000000,1779532601065000000,1779532601068000000,69.0000,59.0000,5.0000,3.0000,72.0000,21.67,T3-T5 on Isaac clock; Network_est approximate
2026-05-23T10:36:41.1340850Z,1119,1358,0,1779532601090,1779532601068000000,1779532601068000000,1779532601068000000,1779532601087000000,1779532601090000000,1779532601100000000,1779532601134000000,32.0000,19.0000,6.5000,34.0000,66.0000,22.33,T3-T5 on Isaac clock; Network_est approximate
2026-05-23T10:36:41.1659350Z,1120,1359,0,1779532601132,1779532601100000000,1779532601100000000,1779532601100000000,1779532601127000000,1779532601132000000,1779532601134000000,1779532601165000000,34.0000,27.0000,3.5000,31.0000,65.0000,21.57,T3-T5 on Isaac clock; Network_est approximate
2026-05-23T10:36:41.2312900Z,1121,1361,0,1779532601189,1779532601165000000,1779532601165000000,1779532601165000000,1779532601186000000,1779532601189000000,1779532601199000000,1779532601231000000,34.0000,21.0000,6.5000,32.0000,66.0000,20.74,T3-T5 on Isaac clock; Network_est approximate
2026-05-23T10:36:41.2641890Z,1122,1362,0,1779532601219,1779532601198000000,1779532601198000000,1779532601198000000,1779532601219000000,1779532601219000000,1779532601231000000,1779532601264000000,33.0000,21.0000,6.0000,33.0000,66.0000,19.63,T3-T5 on Isaac clock; Network_est approximate
2026-05-23T10:36:41.3295890Z,1123,1363,0,1779532601263,1779532601231000000,1779532601231000000,1779532601230000000,1779532601259000000,1779532601263000000,1779532601296000000,1779532601329000000,65.0000,29.0000,18.0000,33.0000,98.0000,19.73,T3-T5 on Isaac clock; Network_est approximate
2026-05-23T10:36:41.3614560Z,1124,1365,0,1779532601322,1779532601296000000,1779532601296000000,1779532601296000000,1779532601317000000,1779532601322000000,1779532601329000000,1779532601361000000,33.0000,21.0000,6.0000,32.0000,65.0000,20.18,T3-T5 on Isaac clock; Network_est approximate
2026-05-23T10:36:41.3944400Z,1125,1366,0,1779532601353,1779532601329000000,1779532601329000000,1779532601328000000,1779532601351000000,1779532601353000000,1779532601361000000,1779532601394000000,32.0000,23.0000,4.5000,33.0000,65.0000,19.05,T3-T5 on Isaac clock; Network_est approximate
2026-05-23T10:36:41.4601200Z,1126,1367,0,1779532601395,1779532601361000000,1779532601361000000,1779532601360000000,1779532601390000000,1779532601395000000,1779532601426000000,1779532601460000000,65.0000,30.0000,17.5000,34.0000,99.0000,19.33,T3-T5 on Isaac clock; Network_est approximate
2026-05-23T10:36:41.5007820Z,1127,1369,0,1779532601453,1779532601426000000,1779532601426000000,1779532601426000000,1779532601448000000,1779532601453000000,1779532601460000000,1779532601500000000,34.0000,22.0000,6.0000,40.0000,74.0000,19.21,T3-T5 on Isaac clock; Network_est approximate
2026-05-23T10:36:41.5319460Z,1128,1370,0,1779532601483,1779532601459000000,1779532601459000000,1779532601459000000,1779532601482000000,1779532601483000000,1779532601500000000,1779532601531000000,41.0000,23.0000,9.0000,31.0000,72.0000,18.09,T3-T5 on Isaac clock; Network_est approximate
2026-05-23T10:36:41.5725430Z,1129,1371,0,1779532601526,1779532601500000000,1779532601500000000,1779532601500000000,1779532601523000000,1779532601526000000,1779532601531000000,1779532601572000000,31.0000,23.0000,4.0000,41.0000,72.0000,17.11,T3-T5 on Isaac clock; Network_est approximate
2026-05-23T10:36:41.6362130Z,1130,1373,0,1779532601585,1779532601572000000,1779532601572000000,1779532601572000000,1779532601582000000,1779532601585000000,1779532601603000000,1779532601636000000,31.0000,10.0000,10.5000,33.0000,64.0000,16.32,T3-T5 on Isaac clock; Network_est approximate
2026-05-23T10:36:41.6695450Z,1131,1374,0,1779532601620,1779532601603000000,1779532601603000000,1779532601603000000,1779532601616000000,1779532601620000000,1779532601636000000,1779532601669000000,33.0000,13.0000,10.0000,33.0000,66.0000,15.42,T3-T5 on Isaac clock; Network_est approximate
2026-05-23T10:36:41.7020330Z,1132,1375,0,1779532601662,1779532601635000000,1779532601635000000,1779532601635000000,1779532601657000000,1779532601662000000,1779532601669000000,1779532601702000000,34.0000,22.0000,6.0000,33.0000,67.0000,15.03,T3-T5 on Isaac clock; Network_est approximate
2026-05-23T10:36:41.7740450Z,1134,1377,0,1779532601751,1779532601701000000,1779532601701000000,1779532601701000000,1779532601748000000,1779532601751000000,1779532601770000000,1779532601774000000,69.0000,47.0000,11.0000,4.0000,73.0000,15.15,T3-T5 on Isaac clock; Network_est approximate
2026-05-23T10:36:41.8405820Z,1135,1379,0,1779532601793,1779532601773000000,1779532601773000000,1779532601773000000,1779532601788000000,1779532601793000000,1779532601807000000,1779532601840000000,34.0000,15.0000,9.5000,33.0000,67.0000,15.74,T3-T5 on Isaac clock; Network_est approximate
2026-05-23T10:36:41.9058990Z,1136,1381,0,1779532601851,1779532601840000000,1779532601840000000,1779532601839000000,1779532601846000000,1779532601851000000,1779532601873000000,1779532601905000000,33.0000,7.0000,13.0000,32.0000,65.0000,15.21,T3-T5 on Isaac clock; Network_est approximate
2026-05-23T10:36:41.9388350Z,1137,1382,0,1779532601882,1779532601873000000,1779532601873000000,1779532601873000000,1779532601881000000,1779532601882000000,1779532601905000000,1779532601938000000,32.0000,8.0000,12.0000,33.0000,65.0000,14.38,T3-T5 on Isaac clock; Network_est approximate
2026-05-23T10:36:41.9717010Z,1138,1383,0,1779532601924,1779532601905000000,1779532601905000000,1779532601905000000,1779532601921000000,1779532601924000000,1779532601938000000,1779532601971000000,33.0000,16.0000,8.5000,33.0000,66.0000,14.05,T3-T5 on Isaac clock; Network_est approximate
2026-05-23T10:36:42.0440570Z,1139,1385,0,1779532601981,1779532601971000000,1779532601971000000,1779532601971000000,1779532601979000000,1779532601981000000,1779532602013000000,1779532602044000000,42.0000,8.0000,17.0000,31.0000,73.0000,14.13,T3-T5 on Isaac clock; Network_est approximate
2026-05-23T10:36:42.0849760Z,1140,1386,0,1779532602017,1779532602012000000,1779532602012000000,1779532602012000000,1779532602013000000,1779532602017000000,1779532602044000000,1779532602084000000,32.0000,1.0000,15.5000,40.0000,72.0000,13.55,T3-T5 on Isaac clock; Network_est approximate
2026-05-23T10:36:42.1158970Z,1141,1387,0,1779532602058,1779532602043000000,1779532602043000000,1779532602043000000,1779532602054000000,1779532602058000000,1779532602084000000,1779532602115000000,41.0000,11.0000,15.0000,31.0000,72.0000,13.33,T3-T5 on Isaac clock; Network_est approximate
2026-05-23T10:36:42.1811240Z,1142,1388,0,1779532602116,1779532602084000000,1779532602084000000,1779532602084000000,1779532602114000000,1779532602116000000,1779532602148000000,1779532602181000000,64.0000,30.0000,17.0000,33.0000,97.0000,12.94,T3-T5 on Isaac clock; Network_est approximate
2026-05-23T10:36:42.2142060Z,1143,1389,0,1779532602147,1779532602115000000,1779532602115000000,1779532602115000000,1779532602147000000,1779532602147000000,1779532602181000000,1779532602214000000,66.0000,32.0000,17.0000,33.0000,99.0000,12.26,T3-T5 on Isaac clock; Network_est approximate
2026-05-23T10:36:42.2468660Z,1144,1391,0,1779532602191,1779532602180000000,1779532602180000000,1779532602180000000,1779532602187000000,1779532602191000000,1779532602214000000,1779532602246000000,34.0000,7.0000,13.5000,32.0000,66.0000,12.21,T3-T5 on Isaac clock; Network_est approximate
2026-05-23T10:36:42.3117740Z,1145,1392,0,1779532602250,1779532602214000000,1779532602214000000,1779532602213000000,1779532602245000000,1779532602250000000,1779532602279000000,1779532602311000000,65.0000,32.0000,16.5000,32.0000,97.0000,11.82,T3-T5 on Isaac clock; Network_est approximate
2026-05-23T10:36:42.3446490Z,1146,1394,0,1779532602285,1779532602278000000,1779532602278000000,1779532602278000000,1779532602280000000,1779532602285000000,1779532602311000000,1779532602344000000,33.0000,2.0000,15.5000,33.0000,66.0000,11.21,T3-T5 on Isaac clock; Network_est approximate
2026-05-23T10:36:42.3772510Z,1147,1395,0,1779532602321,1779532602311000000,1779532602311000000,1779532602311000000,1779532602320000000,1779532602321000000,1779532602344000000,1779532602377000000,33.0000,9.0000,12.0000,33.0000,66.0000,10.72,T3-T5 on Isaac clock; Network_est approximate
2026-05-23T10:36:42.4431380Z,1148,1397,0,1779532602383,1779532602377000000,1779532602377000000,1779532602376000000,1779532602379000000,1779532602383000000,1779532602409000000,1779532602443000000,32.0000,3.0000,14.5000,34.0000,66.0000,10.29,T3-T5 on Isaac clock; Network_est approximate
2026-05-23T10:36:42.4756060Z,1149,1398,0,1779532602415,1779532602409000000,1779532602409000000,1779532602409000000,1779532602413000000,1779532602415000000,1779532602443000000,1779532602475000000,34.0000,4.0000,15.0000,32.0000,66.0000,9.68,T3-T5 on Isaac clock; Network_est approximate
2026-05-23T10:36:42.5167770Z,1150,1399,0,1779532602457,1779532602442000000,1779532602442000000,1779532602442000000,1779532602453000000,1779532602457000000,1779532602475000000,1779532602516000000,33.0000,11.0000,11.0000,41.0000,74.0000,9.12,T3-T5 on Isaac clock; Network_est approximate
2026-05-23T10:36:42.5482770Z,1151,1400,0,1779532602515,1779532602475000000,1779532602475000000,1779532602475000000,1779532602510000000,1779532602515000000,1779532602516000000,1779532602548000000,41.0000,35.0000,3.0000,32.0000,73.0000,10.21,T3-T5 on Isaac clock; Network_est approximate
2026-05-23T10:36:42.5886200Z,1152,1401,0,1779532602545,1779532602516000000,1779532602516000000,1779532602516000000,1779532602543000000,1779532602545000000,1779532602548000000,1779532602588000000,32.0000,27.0000,2.5000,40.0000,72.0000,10.22,T3-T5 on Isaac clock; Network_est approximate
2026-05-23T10:36:42.6211720Z,1153,1402,0,1779532602586,1779532602548000000,1779532602548000000,1779532602547000000,1779532602583000000,1779532602586000000,1779532602588000000,1779532602621000000,40.0000,36.0000,2.0000,33.0000,73.0000,10.12,T3-T5 on Isaac clock; Network_est approximate
2026-05-23T10:36:42.6854260Z,1154,1404,0,1779532602643,1779532602620000000,1779532602620000000,1779532602620000000,1779532602641000000,1779532602643000000,1779532602652000000,1779532602685000000,32.0000,21.0000,5.5000,33.0000,65.0000,9.94,T3-T5 on Isaac clock; Network_est approximate
2026-05-23T10:36:42.7180960Z,1155,1405,0,1779532602674,1779532602652000000,1779532602652000000,1779532602652000000,1779532602674000000,1779532602674000000,1779532602685000000,1779532602718000000,33.0000,22.0000,5.5000,33.0000,66.0000,9.42,T3-T5 on Isaac clock; Network_est approximate
2026-05-23T10:36:42.7512830Z,1156,1406,0,1779532602716,1779532602685000000,1779532602685000000,1779532602684000000,1779532602714000000,1779532602716000000,1779532602718000000,1779532602751000000,33.0000,30.0000,1.5000,33.0000,66.0000,9.41,T3-T5 on Isaac clock; Network_est approximate
2026-05-23T10:36:42.8157090Z,1157,1408,0,1779532602773,1779532602750000000,1779532602750000000,1779532602750000000,1779532602772000000,1779532602773000000,1779532602783000000,1779532602815000000,33.0000,22.0000,5.5000,32.0000,65.0000,9.32,T3-T5 on Isaac clock; Network_est approximate
2026-05-23T10:36:42.8485040Z,1158,1409,0,1779532602809,1779532602783000000,1779532602783000000,1779532602782000000,1779532602805000000,1779532602809000000,1779532602815000000,1779532602848000000,32.0000,23.0000,4.5000,33.0000,65.0000,8.94,T3-T5 on Isaac clock; Network_est approximate
2026-05-23T10:36:42.9142070Z,1159,1410,0,1779532602851,1779532602815000000,1779532602815000000,1779532602815000000,1779532602846000000,1779532602851000000,1779532602881000000,1779532602914000000,66.0000,31.0000,17.5000,33.0000,99.0000,9.86,T3-T5 on Isaac clock; Network_est approximate
2026-05-23T10:36:42.9465710Z,1160,1412,0,1779532602906,1779532602881000000,1779532602881000000,1779532602881000000,1779532602904000000,1779532602906000000,1779532602914000000,1779532602946000000,33.0000,23.0000,5.0000,32.0000,65.0000,10.65,T3-T5 on Isaac clock; Network_est approximate
2026-05-23T10:36:42.9795870Z,1161,1413,0,1779532602942,1779532602913000000,1779532602913000000,1779532602913000000,1779532602937000000,1779532602942000000,1779532602946000000,1779532602979000000,33.0000,24.0000,4.5000,33.0000,66.0000,10.18,T3-T5 on Isaac clock; Network_est approximate
2026-05-23T10:36:43.0614780Z,1163,1415,0,1779532603036,1779532602979000000,1779532602979000000,1779532602979000000,1779532603036000000,1779532603036000000,1779532603057000000,1779532603061000000,78.0000,57.0000,10.5000,4.0000,82.0000,10.29,T3-T5 on Isaac clock; Network_est approximate
2026-05-23T10:36:43.1362360Z,1164,1417,0,1779532603074,1779532603061000000,1779532603061000000,1779532603060000000,1779532603070000000,1779532603074000000,1779532603095000000,1779532603136000000,34.0000,10.0000,12.0000,41.0000,75.0000,11.95,T3-T5 on Isaac clock; Network_est approximate
2026-05-23T10:36:43.1675950Z,1165,1418,0,1779532603115,1779532603095000000,1779532603095000000,1779532603095000000,1779532603111000000,1779532603115000000,1779532603136000000,1779532603167000000,41.0000,16.0000,12.5000,31.0000,72.0000,11.80,T3-T5 on Isaac clock; Network_est approximate
2026-05-23T10:36:43.2336900Z,1166,1420,0,1779532603173,1779532603167000000,1779532603167000000,1779532603167000000,1779532603169000000,1779532603173000000,1779532603200000000,1779532603233000000,33.0000,2.0000,15.5000,33.0000,66.0000,11.57,T3-T5 on Isaac clock; Network_est approximate
2026-05-23T10:36:43.2663940Z,1167,1421,0,1779532603206,1779532603200000000,1779532603200000000,1779532603200000000,1779532603202000000,1779532603206000000,1779532603233000000,1779532603266000000,33.0000,2.0000,15.5000,33.0000,66.0000,10.87,T3-T5 on Isaac clock; Network_est approximate
2026-05-23T10:36:43.2991950Z,1168,1422,0,1779532603247,1779532603233000000,1779532603233000000,1779532603233000000,1779532603244000000,1779532603247000000,1779532603266000000,1779532603299000000,33.0000,11.0000,11.0000,33.0000,66.0000,10.70,T3-T5 on Isaac clock; Network_est approximate
2026-05-23T10:36:43.3650640Z,1169,1424,0,1779532603304,1779532603299000000,1779532603299000000,1779532603298000000,1779532603303000000,1779532603304000000,1779532603331000000,1779532603365000000,32.0000,5.0000,13.5000,34.0000,66.0000,10.58,T3-T5 on Isaac clock; Network_est approximate
2026-05-23T10:36:43.3975370Z,1170,1425,0,1779532603340,1779532603331000000,1779532603331000000,1779532603331000000,1779532603337000000,1779532603340000000,1779532603365000000,1779532603397000000,34.0000,6.0000,14.0000,32.0000,66.0000,10.14,T3-T5 on Isaac clock; Network_est approximate
2026-05-23T10:36:43.4304580Z,1171,1426,0,1779532603381,1779532603364000000,1779532603364000000,1779532603364000000,1779532603377000000,1779532603381000000,1779532603397000000,1779532603430000000,33.0000,13.0000,10.0000,33.0000,66.0000,10.02,T3-T5 on Isaac clock; Network_est approximate
2026-05-23T10:36:43.4962730Z,1172,1428,0,1779532603439,1779532603430000000,1779532603430000000,1779532603429000000,1779532603436000000,1779532603439000000,1779532603463000000,1779532603496000000,33.0000,7.0000,13.0000,33.0000,66.0000,9.89,T3-T5 on Isaac clock; Network_est approximate
2026-05-23T10:36:43.5295630Z,1173,1429,0,1779532603470,1779532603463000000,1779532603463000000,1779532603462000000,1779532603469000000,1779532603470000000,1779532603496000000,1779532603529000000,33.0000,7.0000,13.0000,33.0000,66.0000,9.42,T3-T5 on Isaac clock; Network_est approximate
2026-05-23T10:36:43.5703210Z,1174,1430,0,1779532603514,1779532603496000000,1779532603496000000,1779532603495000000,1779532603509000000,1779532603514000000,1779532603529000000,1779532603570000000,33.0000,14.0000,9.5000,41.0000,74.0000,9.03,T3-T5 on Isaac clock; Network_est approximate
2026-05-23T10:36:43.6429420Z,1175,1431,0,1779532603572,1779532603529000000,1779532603529000000,1779532603528000000,1779532603568000000,1779532603572000000,1779532603601000000,1779532603642000000,72.0000,40.0000,16.0000,41.0000,113.0000,9.38,T3-T5 on Isaac clock; Network_est approximate
2026-05-23T10:36:43.6739450Z,1176,1433,0,1779532603603,1779532603601000000,1779532603601000000,1779532603601000000,1779532603601000000,1779532603603000000,1779532603642000000,1779532603673000000,41.0000,0.0000,20.5000,31.0000,72.0000,8.79,T3-T5 on Isaac clock; Network_est approximate
2026-05-23T10:36:43.7064660Z,1177,1433,0,1779532603644,1779532603601000000,1779532603601000000,1779532603601000000,1779532603641000000,1779532603644000000,1779532603673000000,1779532603706000000,72.0000,40.0000,16.0000,33.0000,105.0000,8.77,T3-T5 on Isaac clock; Network_est approximate
2026-05-23T10:36:43.7391400Z,1178,1435,0,1779532603701,1779532603673000000,1779532603673000000,1779532603673000000,1779532603699000000,1779532603701000000,1779532603706000000,1779532603739000000,33.0000,26.0000,3.5000,33.0000,66.0000,9.74,T3-T5 on Isaac clock; Network_est approximate
2026-05-23T10:36:43.7720550Z,1179,1436,0,1779532603732,1779532603706000000,1779532603706000000,1779532603705000000,1779532603732000000,1779532603732000000,1779532603739000000,1779532603772000000,33.0000,27.0000,3.0000,33.0000,66.0000,9.25,T3-T5 on Isaac clock; Network_est approximate
2026-05-23T10:36:43.8380090Z,1180,1438,0,1779532603775,1779532603771000000,1779532603771000000,1779532603771000000,1779532603773000000,1779532603775000000,1779532603805000000,1779532603838000000,34.0000,2.0000,16.0000,33.0000,67.0000,10.08,T3-T5 on Isaac clock; Network_est approximate
2026-05-23T10:36:43.8701750Z,1181,1439,0,1779532603835,1779532603805000000,1779532603805000000,1779532603804000000,1779532603831000000,1779532603835000000,1779532603837000000,1779532603870000000,32.0000,27.0000,2.5000,33.0000,65.0000,11.15,T3-T5 on Isaac clock; Network_est approximate
2026-05-23T10:36:43.9390510Z,1182,1440,0,1779532603866,1779532603837000000,1779532603837000000,1779532603836000000,1779532603864000000,1779532603866000000,1779532603870000000,1779532603939000000,33.0000,28.0000,2.5000,69.0000,102.0000,12.82,T3-T5 on Isaac clock; Network_est approximate
2026-05-23T10:36:43.9427980Z,1183,1441,0,1779532603908,1779532603869000000,1779532603869000000,1779532603869000000,1779532603905000000,1779532603908000000,1779532603938000000,1779532603942000000,69.0000,36.0000,16.5000,4.0000,73.0000,14.41,T3-T5 on Isaac clock; Network_est approximate
2026-05-23T10:36:44.0102150Z,1184,1443,0,1779532603965,1779532603942000000,1779532603942000000,1779532603942000000,1779532603962000000,1779532603965000000,1779532603975000000,1779532604010000000,33.0000,20.0000,6.5000,35.0000,68.0000,14.15,T3-T5 on Isaac clock; Network_est approximate
2026-05-23T10:36:44.0512690Z,1185,1444,0,1779532603997,1779532603975000000,1779532603975000000,1779532603975000000,1779532603995000000,1779532603997000000,1779532604010000000,1779532604051000000,35.0000,20.0000,7.5000,41.0000,76.0000,13.83,T3-T5 on Isaac clock; Network_est approximate
2026-05-23T10:36:44.0828330Z,1186,1445,0,1779532604038,1779532604010000000,1779532604010000000,1779532604009000000,1779532604035000000,1779532604038000000,1779532604051000000,1779532604082000000,41.0000,26.0000,7.5000,31.0000,72.0000,13.56,T3-T5 on Isaac clock; Network_est approximate
2026-05-23T10:36:44.1561190Z,1187,1447,0,1779532604095,1779532604082000000,1779532604082000000,1779532604082000000,1779532604093000000,1779532604095000000,1779532604115000000,1779532604156000000,33.0000,11.0000,11.0000,41.0000,74.0000,13.73,T3-T5 on Isaac clock; Network_est approximate
2026-05-23T10:36:44.1869680Z,1188,1448,0,1779532604133,1779532604115000000,1779532604115000000,1779532604115000000,1779532604127000000,1779532604133000000,1779532604156000000,1779532604186000000,41.0000,12.0000,14.5000,30.0000,71.0000,13.32,T3-T5 on Isaac clock; Network_est approximate
2026-05-23T10:36:44.2197920Z,1189,1449,0,1779532604175,1779532604155000000,1779532604155000000,1779532604155000000,1779532604172000000,1779532604175000000,1779532604186000000,1779532604219000000,31.0000,17.0000,7.0000,33.0000,64.0000,13.06,T3-T5 on Isaac clock; Network_est approximate
2026-05-23T10:36:44.2855240Z,1190,1451,0,1779532604228,1779532604219000000,1779532604219000000,1779532604219000000,1779532604225000000,1779532604228000000,1779532604252000000,1779532604285000000,33.0000,6.0000,13.5000,33.0000,66.0000,13.03,T3-T5 on Isaac clock; Network_est approximate
2026-05-23T10:36:44.3176400Z,1191,1452,0,1779532604259,1779532604252000000,1779532604252000000,1779532604252000000,1779532604259000000,1779532604259000000,1779532604285000000,1779532604317000000,33.0000,7.0000,13.0000,32.0000,65.0000,12.29,T3-T5 on Isaac clock; Network_est approximate
2026-05-23T10:36:44.3505230Z,1192,1453,0,1779532604300,1779532604285000000,1779532604285000000,1779532604285000000,1779532604300000000,1779532604300000000,1779532604317000000,1779532604350000000,32.0000,15.0000,8.5000,33.0000,65.0000,12.03,T3-T5 on Isaac clock; Network_est approximate
2026-05-23T10:36:44.4158640Z,1193,1455,0,1779532604359,1779532604350000000,1779532604350000000,1779532604350000000,1779532604358000000,1779532604359000000,1779532604383000000,1779532604415000000,33.0000,8.0000,12.5000,32.0000,65.0000,11.67,T3-T5 on Isaac clock; Network_est approximate
2026-05-23T10:36:44.4482380Z,1194,1456,0,1779532604394,1779532604383000000,1779532604383000000,1779532604382000000,1779532604391000000,1779532604394000000,1779532604415000000,1779532604448000000,32.0000,9.0000,11.5000,33.0000,65.0000,11.11,T3-T5 on Isaac clock; Network_est approximate
2026-05-23T10:36:44.4812580Z,1195,1457,0,1779532604436,1779532604415000000,1779532604415000000,1779532604415000000,1779532604432000000,1779532604436000000,1779532604448000000,1779532604481000000,33.0000,17.0000,8.0000,33.0000,66.0000,10.98,T3-T5 on Isaac clock; Network_est approximate
2026-05-23T10:36:44.5561010Z,1196,1459,0,1779532604494,1779532604481000000,1779532604481000000,1779532604480000000,1779532604489000000,1779532604494000000,1779532604514000000,1779532604556000000,33.0000,9.0000,12.0000,42.0000,75.0000,11.33,T3-T5 on Isaac clock; Network_est approximate
2026-05-23T10:36:44.5894470Z,1197,1460,0,1779532604525,1779532604514000000,1779532604514000000,1779532604513000000,1779532604523000000,1779532604525000000,1779532604556000000,1779532604589000000,42.0000,10.0000,16.0000,33.0000,75.0000,10.77,T3-T5 on Isaac clock; Network_est approximate
2026-05-23T10:36:44.6321110Z,1198,1461,0,1779532604566,1779532604555000000,1779532604555000000,1779532604555000000,1779532604564000000,1779532604566000000,1779532604589000000,1779532604632000000,34.0000,9.0000,12.5000,43.0000,77.0000,10.20,T3-T5 on Isaac clock; Network_est approximate
2026-05-23T10:36:44.6686920Z,1199,1462,0,1779532604623,1779532604589000000,1779532604589000000,1779532604589000000,1779532604621000000,1779532604623000000,1779532604632000000,1779532604668000000,43.0000,32.0000,5.5000,36.0000,79.0000,10.84,T3-T5 on Isaac clock; Network_est approximate
2026-05-23T10:36:44.7057450Z,1200,1463,0,1779532604659,1779532604631000000,1779532604631000000,1779532604631000000,1779532604656000000,1779532604659000000,1779532604668000000,1779532604705000000,37.0000,25.0000,6.0000,37.0000,74.0000,10.23,T3-T5 on Isaac clock; Network_est approximate
2026-05-23T10:36:44.7420460Z,1201,1464,0,1779532604696,1779532604668000000,1779532604668000000,1779532604668000000,1779532604696000000,1779532604696000000,1779532604705000000,1779532604742000000,37.0000,28.0000,4.5000,37.0000,74.0000,9.63,T3-T5 on Isaac clock; Network_est approximate
2026-05-23T10:36:44.8151430Z,1202,1466,0,1779532604762,1779532604741000000,1779532604741000000,1779532604742000000,1779532604754000000,1779532604762000000,1779532604779000000,1779532604815000000,38.0000,12.0000,13.0000,36.0000,74.0000,9.48,T3-T5 on Isaac clock; Network_est approximate
2026-05-23T10:36:44.8476920Z,1203,1467,0,1779532604790,1779532604779000000,1779532604779000000,1779532604779000000,1779532604789000000,1779532604790000000,1779532604815000000,1779532604847000000,36.0000,10.0000,13.0000,32.0000,68.0000,9.17,T3-T5 on Isaac clock; Network_est approximate
2026-05-23T10:36:44.8805060Z,1204,1468,0,1779532604832,1779532604814000000,1779532604814000000,1779532604814000000,1779532604829000000,1779532604832000000,1779532604847000000,1779532604880000000,33.0000,15.0000,9.0000,33.0000,66.0000,9.17,T3-T5 on Isaac clock; Network_est approximate
2026-05-23T10:36:44.9458500Z,1205,1470,0,1779532604894,1779532604880000000,1779532604880000000,1779532604879000000,1779532604890000000,1779532604894000000,1779532604913000000,1779532604945000000,33.0000,11.0000,11.0000,32.0000,65.0000,8.81,T3-T5 on Isaac clock; Network_est approximate
2026-05-23T10:36:45.0151540Z,1206,1471,0,1779532604924,1779532604913000000,1779532604913000000,1779532604912000000,1779532604923000000,1779532604924000000,1779532604945000000,1779532605015000000,32.0000,11.0000,10.5000,70.0000,102.0000,10.70,T3-T5 on Isaac clock; Network_est approximate
2026-05-23T10:36:45.0185370Z,1207,1472,0,1779532604965,1779532604945000000,1779532604945000000,1779532604945000000,1779532604963000000,1779532604965000000,1779532605014000000,1779532605018000000,69.0000,18.0000,25.5000,4.0000,73.0000,12.37,T3-T5 on Isaac clock; Network_est approximate
2026-05-23T10:36:45.0940190Z,1208,1474,0,1779532605023,1779532605018000000,1779532605018000000,1779532605017000000,1779532605022000000,1779532605023000000,1779532605052000000,1779532605094000000,34.0000,5.0000,14.5000,42.0000,76.0000,12.68,T3-T5 on Isaac clock; Network_est approximate
2026-05-23T10:36:45.1636270Z,1209,1475,0,1779532605059,1779532605052000000,1779532605052000000,1779532605052000000,1779532605056000000,1779532605059000000,1779532605093000000,1779532605163000000,41.0000,4.0000,18.5000,70.0000,111.0000,13.98,T3-T5 on Isaac clock; Network_est approximate
2026-05-23T10:36:45.1679080Z,1211,1476,0,1779532605156,1779532605093000000,1779532605093000000,1779532605093000000,1779532605155000000,1779532605156000000,1779532605163000000,1779532605167000000,70.0000,62.0000,4.0000,4.0000,74.0000,18.89,T3-T5 on Isaac clock; Network_est approximate
2026-05-23T10:36:45.2326530Z,1212,1478,0,1779532605194,1779532605167000000,1779532605167000000,1779532605167000000,1779532605189000000,1779532605194000000,1779532605199000000,1779532605232000000,32.0000,22.0000,5.0000,33.0000,65.0000,19.38,T3-T5 on Isaac clock; Network_est approximate
2026-05-23T10:36:45.2649070Z,1213,1479,0,1779532605231,1779532605199000000,1779532605199000000,1779532605198000000,1779532605230000000,1779532605231000000,1779532605232000000,1779532605264000000,33.0000,32.0000,0.5000,32.0000,65.0000,18.46,T3-T5 on Isaac clock; Network_est approximate
2026-05-23T10:36:45.3303210Z,1214,1481,0,1779532605289,1779532605264000000,1779532605264000000,1779532605264000000,1779532605288000000,1779532605289000000,1779532605297000000,1779532605330000000,33.0000,24.0000,4.5000,33.0000,66.0000,17.77,T3-T5 on Isaac clock; Network_est approximate
2026-05-23T10:36:45.3632560Z,1215,1482,0,1779532605326,1779532605297000000,1779532605297000000,1779532605297000000,1779532605322000000,1779532605326000000,1779532605330000000,1779532605363000000,33.0000,25.0000,4.0000,33.0000,66.0000,16.91,T3-T5 on Isaac clock; Network_est approximate
2026-05-23T10:36:45.4280150Z,1216,1483,0,1779532605368,1779532605330000000,1779532605330000000,1779532605329000000,1779532605362000000,1779532605368000000,1779532605395000000,1779532605428000000,65.0000,33.0000,16.0000,33.0000,98.0000,17.27,T3-T5 on Isaac clock; Network_est approximate
2026-05-23T10:36:45.4609420Z,1217,1485,0,1779532605425,1779532605395000000,1779532605395000000,1779532605394000000,1779532605422000000,1779532605425000000,1779532605427000000,1779532605460000000,32.0000,28.0000,2.0000,33.0000,65.0000,17.71,T3-T5 on Isaac clock; Network_est approximate
2026-05-23T10:36:45.4941730Z,1218,1486,0,1779532605456,1779532605427000000,1779532605427000000,1779532605427000000,1779532605455000000,1779532605456000000,1779532605460000000,1779532605494000000,33.0000,28.0000,2.5000,34.0000,67.0000,16.77,T3-T5 on Isaac clock; Network_est approximate
2026-05-23T10:36:45.5591680Z,1219,1488,0,1779532605497,1779532605493000000,1779532605494000000,1779532605494000000,1779532605495000000,1779532605497000000,1779532605526000000,1779532605559000000,32.0000,1.0000,15.5000,33.0000,66.0000,17.21,T3-T5 on Isaac clock; Network_est approximate
2026-05-23T10:36:45.5993150Z,1220,1489,0,1779532605554,1779532605525000000,1779532605525000000,1779532605525000000,1779532605552000000,1779532605554000000,1779532605559000000,1779532605599000000,34.0000,27.0000,3.5000,40.0000,74.0000,17.18,T3-T5 on Isaac clock; Network_est approximate
2026-05-23T10:36:45.6309970Z,1221,1490,0,1779532605590,1779532605558000000,1779532605558000000,1779532605558000000,1779532605586000000,1779532605590000000,1779532605599000000,1779532605630000000,41.0000,28.0000,6.5000,31.0000,72.0000,16.37,T3-T5 on Isaac clock; Network_est approximate
2026-05-23T10:36:45.6706600Z,1222,1491,0,1779532605626,1779532605599000000,1779532605599000000,1779532605598000000,1779532605626000000,1779532605626000000,1779532605630000000,1779532605670000000,31.0000,28.0000,1.5000,40.0000,71.0000,15.58,T3-T5 on Isaac clock; Network_est approximate
2026-05-23T10:36:45.7344840Z,1223,1493,0,1779532605685,1779532605670000000,1779532605670000000,1779532605670000000,1779532605684000000,1779532605685000000,1779532605701000000,1779532605734000000,31.0000,14.0000,8.5000,33.0000,64.0000,14.91,T3-T5 on Isaac clock; Network_est approximate
2026-05-23T10:36:45.7673230Z,1224,1494,0,1779532605721,1779532605701000000,1779532605701000000,1779532605701000000,1779532605718000000,1779532605721000000,1779532605734000000,1779532605767000000,33.0000,17.0000,8.0000,33.0000,66.0000,14.17,T3-T5 on Isaac clock; Network_est approximate
2026-05-23T10:36:45.7997520Z,1225,1495,0,1779532605763,1779532605734000000,1779532605734000000,1779532605733000000,1779532605760000000,1779532605763000000,1779532605767000000,1779532605799000000,33.0000,27.0000,3.0000,32.0000,65.0000,13.88,T3-T5 on Isaac clock; Network_est approximate
2026-05-23T10:36:45.8653180Z,1226,1497,0,1779532605819,1779532605799000000,1779532605799000000,1779532605799000000,1779532605818000000,1779532605819000000,1779532605832000000,1779532605865000000,33.0000,19.0000,7.0000,33.0000,66.0000,13.61,T3-T5 on Isaac clock; Network_est approximate
2026-05-23T10:36:45.8978050Z,1227,1498,0,1779532605856,1779532605832000000,1779532605832000000,1779532605832000000,1779532605853000000,1779532605856000000,1779532605865000000,1779532605897000000,33.0000,21.0000,6.0000,32.0000,65.0000,13.04,T3-T5 on Isaac clock; Network_est approximate
2026-05-23T10:36:45.9633430Z,1228,1499,0,1779532605897,1779532605865000000,1779532605865000000,1779532605864000000,1779532605894000000,1779532605897000000,1779532605930000000,1779532605963000000,65.0000,30.0000,17.5000,33.0000,98.0000,13.75,T3-T5 on Isaac clock; Network_est approximate
2026-05-23T10:36:45.9960980Z,1229,1501,0,1779532605954,1779532605929000000,1779532605929000000,1779532605929000000,1779532605952000000,1779532605954000000,1779532605963000000,1779532605996000000,34.0000,23.0000,5.5000,33.0000,67.0000,14.43,T3-T5 on Isaac clock; Network_est approximate
2026-05-23T10:36:46.0281530Z,1230,1502,0,1779532605990,1779532605963000000,1779532605963000000,1779532605962000000,1779532605986000000,1779532605990000000,1779532605996000000,1779532606028000000,33.0000,24.0000,4.5000,32.0000,65.0000,13.74,T3-T5 on Isaac clock; Network_est approximate
2026-05-23T10:36:46.1095960Z,1232,1504,0,1779532606084,1779532606027000000,1779532606027000000,1779532606027000000,1779532606083000000,1779532606084000000,1779532606105000000,1779532606109000000,78.0000,56.0000,11.0000,4.0000,82.0000,13.67,T3-T5 on Isaac clock; Network_est approximate
2026-05-23T10:36:46.1837890Z,1233,1506,0,1779532606120,1779532606109000000,1779532606109000000,1779532606108000000,1779532606116000000,1779532606120000000,1779532606143000000,1779532606183000000,34.0000,8.0000,13.0000,40.0000,74.0000,15.20,T3-T5 on Isaac clock; Network_est approximate
2026-05-23T10:36:46.2148370Z,1234,1507,0,1779532606161,1779532606143000000,1779532606143000000,1779532606143000000,1779532606157000000,1779532606161000000,1779532606183000000,1779532606214000000,40.0000,14.0000,13.0000,31.0000,71.0000,14.87,T3-T5 on Isaac clock; Network_est approximate
2026-05-23T10:36:46.2805560Z,1235,1509,0,1779532606218,1779532606214000000,1779532606214000000,1779532606214000000,1779532606215000000,1779532606218000000,1779532606247000000,1779532606280000000,33.0000,1.0000,16.0000,33.0000,66.0000,14.48,T3-T5 on Isaac clock; Network_est approximate
2026-05-23T10:36:46.3133740Z,1236,1510,0,1779532606249,1779532606247000000,1779532606247000000,1779532606247000000,1779532606248000000,1779532606249000000,1779532606280000000,1779532606313000000,33.0000,1.0000,16.0000,33.0000,66.0000,13.69,T3-T5 on Isaac clock; Network_est approximate
2026-05-23T10:36:46.3457470Z,1237,1511,0,1779532606291,1779532606280000000,1779532606280000000,1779532606280000000,1779532606287000000,1779532606291000000,1779532606313000000,1779532606345000000,33.0000,7.0000,13.0000,32.0000,65.0000,13.43,T3-T5 on Isaac clock; Network_est approximate
2026-05-23T10:36:46.4109950Z,1238,1512,0,1779532606348,1779532606313000000,1779532606313000000,1779532606313000000,1779532606345000000,1779532606348000000,1779532606378000000,1779532606410000000,65.0000,32.0000,16.5000,32.0000,97.0000,13.11,T3-T5 on Isaac clock; Network_est approximate
2026-05-23T10:36:46.4440850Z,1239,1514,0,1779532606385,1779532606378000000,1779532606378000000,1779532606377000000,1779532606380000000,1779532606385000000,1779532606410000000,1779532606444000000,32.0000,3.0000,14.5000,34.0000,66.0000,12.54,T3-T5 on Isaac clock; Network_est approximate
2026-05-23T10:36:46.4771490Z,1240,1515,0,1779532606421,1779532606410000000,1779532606410000000,1779532606410000000,1779532606420000000,1779532606421000000,1779532606444000000,1779532606477000000,34.0000,10.0000,12.0000,33.0000,67.0000,11.93,T3-T5 on Isaac clock; Network_est approximate
2026-05-23T10:36:46.5420850Z,1241,1517,0,1779532606478,1779532606476000000,1779532606476000000,1779532606476000000,1779532606478000000,1779532606478000000,1779532606509000000,1779532606542000000,33.0000,2.0000,15.5000,33.0000,66.0000,11.67,T3-T5 on Isaac clock; Network_est approximate
2026-05-23T10:36:46.5758600Z,1242,1518,0,1779532606516,1779532606509000000,1779532606509000000,1779532606508000000,1779532606512000000,1779532606516000000,1779532606541000000,1779532606575000000,32.0000,4.0000,14.0000,34.0000,66.0000,11.20,T3-T5 on Isaac clock; Network_est approximate
2026-05-23T10:36:46.6236910Z,1243,1519,0,1779532606558,1779532606541000000,1779532606541000000,1779532606541000000,1779532606553000000,1779532606558000000,1779532606575000000,1779532606623000000,34.0000,12.0000,11.0000,48.0000,82.0000,10.87,T3-T5 on Isaac clock; Network_est approximate
2026-05-23T10:36:46.6550750Z,1244,1520,0,1779532606615,1779532606575000000,1779532606575000000,1779532606575000000,1779532606612000000,1779532606615000000,1779532606623000000,1779532606655000000,48.0000,37.0000,5.5000,32.0000,80.0000,11.79,T3-T5 on Isaac clock; Network_est approximate
2026-05-23T10:36:46.6947920Z,1245,1521,0,1779532606647,1779532606623000000,1779532606623000000,1779532606623000000,1779532606646000000,1779532606647000000,1779532606655000000,1779532606694000000,32.0000,23.0000,4.5000,39.0000,71.0000,11.53,T3-T5 on Isaac clock; Network_est approximate
2026-05-23T10:36:46.7260890Z,1246,1522,0,1779532606689,1779532606654000000,1779532606654000000,1779532606654000000,1779532606686000000,1779532606689000000,1779532606694000000,1779532606726000000,40.0000,32.0000,4.0000,32.0000,72.0000,11.48,T3-T5 on Isaac clock; Network_est approximate
2026-05-23T10:36:46.7917880Z,1247,1524,0,1779532606748,1779532606725000000,1779532606725000000,1779532606726000000,1779532606744000000,1779532606748000000,1779532606758000000,1779532606791000000,33.0000,18.0000,7.5000,33.0000,66.0000,11.18,T3-T5 on Isaac clock; Network_est approximate
2026-05-23T10:36:46.8245170Z,1248,1525,0,1779532606779,1779532606758000000,1779532606758000000,1779532606758000000,1779532606777000000,1779532606779000000,1779532606791000000,1779532606824000000,33.0000,19.0000,7.0000,33.0000,66.0000,10.59,T3-T5 on Isaac clock; Network_est approximate
2026-05-23T10:36:46.8570700Z,1249,1526,0,1779532606820,1779532606791000000,1779532606791000000,1779532606791000000,1779532606818000000,1779532606820000000,1779532606824000000,1779532606857000000,33.0000,27.0000,3.0000,33.0000,66.0000,10.45,T3-T5 on Isaac clock; Network_est approximate
2026-05-23T10:36:46.9224820Z,1250,1528,0,1779532606877,1779532606856000000,1779532606856000000,1779532606856000000,1779532606875000000,1779532606877000000,1779532606889000000,1779532606922000000,33.0000,19.0000,7.0000,33.0000,66.0000,10.32,T3-T5 on Isaac clock; Network_est approximate
2026-05-23T10:36:46.9550040Z,1251,1529,0,1779532606913,1779532606889000000,1779532606889000000,1779532606888000000,1779532606909000000,1779532606913000000,1779532606922000000,1779532606955000000,33.0000,21.0000,6.0000,33.0000,66.0000,9.90,T3-T5 on Isaac clock; Network_est approximate
2026-05-23T10:36:47.0204080Z,1252,1530,0,1779532606954,1779532606922000000,1779532606922000000,1779532606921000000,1779532606950000000,1779532606954000000,1779532606988000000,1779532607020000000,66.0000,29.0000,18.5000,32.0000,98.0000,10.81,T3-T5 on Isaac clock; Network_est approximate
2026-05-23T10:36:47.0532880Z,1253,1532,0,1779532607010,1779532606988000000,1779532606988000000,1779532606988000000,1779532607008000000,1779532607010000000,1779532607020000000,1779532607053000000,32.0000,20.0000,6.0000,33.0000,65.0000,11.59,T3-T5 on Isaac clock; Network_est approximate
2026-05-23T10:36:47.0868130Z,1254,1533,0,1779532607042,1779532607020000000,1779532607020000000,1779532607019000000,1779532607041000000,1779532607042000000,1779532607053000000,1779532607086000000,33.0000,22.0000,5.5000,33.0000,66.0000,10.94,T3-T5 on Isaac clock; Network_est approximate
2026-05-23T10:36:47.1266570Z,1255,1534,0,1779532607084,1779532607052000000,1779532607052000000,1779532607052000000,1779532607082000000,1779532607084000000,1779532607086000000,1779532607126000000,34.0000,30.0000,2.0000,40.0000,74.0000,10.34,T3-T5 on Isaac clock; Network_est approximate
2026-05-23T10:36:47.1970190Z,1257,1536,0,1779532607177,1779532607126000000,1779532607126000000,1779532607126000000,1779532607175000000,1779532607177000000,1779532607193000000,1779532607197000000,67.0000,49.0000,9.0000,4.0000,71.0000,11.12,T3-T5 on Isaac clock; Network_est approximate
2026-05-23T10:36:47.2644310Z,1258,1538,0,1779532607221,1779532607196000000,1779532607196000000,1779532607196000000,1779532607216000000,1779532607221000000,1779532607230000000,1779532607264000000,34.0000,20.0000,7.0000,34.0000,68.0000,11.89,T3-T5 on Isaac clock; Network_est approximate
2026-05-23T10:36:47.3303890Z,1259,1540,0,1779532607279,1779532607264000000,1779532607264000000,1779532607263000000,1779532607274000000,1779532607279000000,1779532607297000000,1779532607330000000,33.0000,11.0000,11.0000,33.0000,66.0000,11.64,T3-T5 on Isaac clock; Network_est approximate
2026-05-23T10:36:47.3630910Z,1260,1541,0,1779532607310,1779532607297000000,1779532607297000000,1779532607297000000,1779532607309000000,1779532607310000000,1779532607330000000,1779532607363000000,33.0000,12.0000,10.5000,33.0000,66.0000,11.03,T3-T5 on Isaac clock; Network_est approximate
2026-05-23T10:36:47.3953290Z,1261,1542,0,1779532607352,1779532607330000000,1779532607330000000,1779532607329000000,1779532607349000000,1779532607352000000,1779532607363000000,1779532607395000000,33.0000,20.0000,6.5000,32.0000,65.0000,10.95,T3-T5 on Isaac clock; Network_est approximate
2026-05-23T10:36:47.4607490Z,1262,1544,0,1779532607410,1779532607395000000,1779532607395000000,1779532607395000000,1779532607407000000,1779532607410000000,1779532607427000000,1779532607460000000,32.0000,12.0000,10.0000,33.0000,65.0000,10.73,T3-T5 on Isaac clock; Network_est approximate
2026-05-23T10:36:47.4937080Z,1263,1545,0,1779532607442,1779532607427000000,1779532607427000000,1779532607427000000,1779532607441000000,1779532607442000000,1779532607460000000,1779532607493000000,33.0000,14.0000,9.5000,33.0000,66.0000,10.12,T3-T5 on Isaac clock; Network_est approximate
2026-05-23T10:36:47.5261850Z,1264,1546,0,1779532607484,1779532607460000000,1779532607460000000,1779532607460000000,1779532607481000000,1779532607484000000,1779532607493000000,1779532607526000000,33.0000,21.0000,6.0000,33.0000,66.0000,10.08,T3-T5 on Isaac clock; Network_est approximate
2026-05-23T10:36:47.5927750Z,1265,1548,0,1779532607543,1779532607525000000,1779532607526000000,1779532607525000000,1779532607540000000,1779532607543000000,1779532607559000000,1779532607592000000,33.0000,15.0000,9.0000,33.0000,67.0000,9.92,T3-T5 on Isaac clock; Network_est approximate
2026-05-23T10:36:47.6345040Z,1266,1549,0,1779532607575,1779532607558000000,1779532607558000000,1779532607558000000,1779532607573000000,1779532607575000000,1779532607592000000,1779532607634000000,34.0000,15.0000,9.5000,42.0000,76.0000,9.91,T3-T5 on Isaac clock; Network_est approximate
2026-05-23T10:36:47.6651510Z,1267,1550,0,1779532607617,1779532607592000000,1779532607592000000,1779532607592000000,1779532607613000000,1779532607617000000,1779532607634000000,1779532607665000000,42.0000,21.0000,10.5000,31.0000,73.0000,10.01,T3-T5 on Isaac clock; Network_est approximate
2026-05-23T10:36:47.7394210Z,1268,1552,0,1779532607675,1779532607664000000,1779532607664000000,1779532607664000000,1779532607671000000,1779532607675000000,1779532607698000000,1779532607739000000,34.0000,7.0000,13.5000,41.0000,75.0000,10.40,T3-T5 on Isaac clock; Network_est approximate
2026-05-23T10:36:47.7704660Z,1269,1553,0,1779532607706,1779532607698000000,1779532607698000000,1779532607698000000,1779532607705000000,1779532607706000000,1779532607739000000,1779532607770000000,41.0000,7.0000,17.0000,31.0000,72.0000,9.75,T3-T5 on Isaac clock; Network_est approximate
2026-05-23T10:36:47.8034560Z,1270,1554,0,1779532607748,1779532607739000000,1779532607739000000,1779532607739000000,1779532607744000000,1779532607748000000,1779532607770000000,1779532607803000000,31.0000,5.0000,13.0000,33.0000,64.0000,9.70,T3-T5 on Isaac clock; Network_est approximate
2026-05-23T10:36:47.8690290Z,1271,1555,0,1779532607808,1779532607770000000,1779532607770000000,1779532607769000000,1779532607802000000,1779532607808000000,1779532607836000000,1779532607869000000,66.0000,33.0000,16.5000,33.0000,99.0000,9.44,T3-T5 on Isaac clock; Network_est approximate
2026-05-23T10:36:47.9020030Z,1272,1556,0,1779532607839,1779532607803000000,1779532607803000000,1779532607802000000,1779532607835000000,1779532607839000000,1779532607868000000,1779532607902000000,65.0000,33.0000,16.0000,34.0000,99.0000,8.96,T3-T5 on Isaac clock; Network_est approximate
2026-05-23T10:36:47.9348880Z,1273,1558,0,1779532607879,1779532607868000000,1779532607868000000,1779532607868000000,1779532607875000000,1779532607879000000,1779532607901000000,1779532607934000000,33.0000,7.0000,13.0000,33.0000,66.0000,8.84,T3-T5 on Isaac clock; Network_est approximate
2026-05-23T10:36:47.9672360Z,1274,1559,0,1779532607933,1779532607901000000,1779532607901000000,1779532607901000000,1779532607932000000,1779532607933000000,1779532607934000000,1779532607967000000,33.0000,31.0000,1.0000,33.0000,66.0000,9.63,T3-T5 on Isaac clock; Network_est approximate
2026-05-23T10:36:48.0319070Z,1275,1561,0,1779532607971,1779532607966000000,1779532607967000000,1779532607966000000,1779532607967000000,1779532607971000000,1779532607999000000,1779532608031000000,32.0000,1.0000,15.5000,32.0000,65.0000,10.70,T3-T5 on Isaac clock; Network_est approximate
2026-05-23T10:36:48.0648460Z,1276,1562,0,1779532608012,1779532607999000000,1779532607999000000,1779532607998000000,1779532608009000000,1779532608012000000,1779532608031000000,1779532608064000000,32.0000,11.0000,10.5000,33.0000,65.0000,10.53,T3-T5 on Isaac clock; Network_est approximate
2026-05-23T10:36:48.1409100Z,1277,1564,0,1779532608067,1779532608064000000,1779532608064000000,1779532608064000000,1779532608066000000,1779532608067000000,1779532608098000000,1779532608140000000,34.0000,2.0000,16.0000,42.0000,76.0000,11.18,T3-T5 on Isaac clock; Network_est approximate
2026-05-23T10:36:48.1729340Z,1278,1565,0,1779532608103,1779532608097000000,1779532608097000000,1779532608097000000,1779532608099000000,1779532608103000000,1779532608140000000,1779532608172000000,43.0000,2.0000,20.5000,32.0000,75.0000,10.79,T3-T5 on Isaac clock; Network_est approximate
2026-05-23T10:36:48.2054260Z,1279,1566,0,1779532608145,1779532608140000000,1779532608140000000,1779532608140000000,1779532608141000000,1779532608145000000,1779532608172000000,1779532608205000000,32.0000,1.0000,15.5000,33.0000,65.0000,10.64,T3-T5 on Isaac clock; Network_est approximate
2026-05-23T10:36:48.2820570Z,1280,1567,0,1779532608203,1779532608171000000,1779532608171000000,1779532608171000000,1779532608199000000,1779532608203000000,1779532608205000000,1779532608282000000,34.0000,28.0000,3.0000,77.0000,111.0000,11.14,T3-T5 on Isaac clock; Network_est approximate
2026-05-23T10:36:48.2858180Z,1282,1568,0,1779532608275,1779532608205000000,1779532608205000000,1779532608204000000,1779532608271000000,1779532608275000000,1779532608282000000,1779532608285000000,77.0000,67.0000,5.0000,3.0000,80.0000,14.70,T3-T5 on Isaac clock; Network_est approximate
2026-05-23T10:36:48.3857740Z,1283,1571,0,1779532608334,1779532608319000000,1779532608319000000,1779532608318000000,1779532608329000000,1779532608334000000,1779532608352000000,1779532608385000000,33.0000,11.0000,11.0000,33.0000,66.0000,16.34,T3-T5 on Isaac clock; Network_est approximate
2026-05-23T10:36:48.4182830Z,1284,1572,0,1779532608365,1779532608352000000,1779532608352000000,1779532608352000000,1779532608363000000,1779532608365000000,1779532608385000000,1779532608418000000,33.0000,11.0000,11.0000,33.0000,66.0000,15.41,T3-T5 on Isaac clock; Network_est approximate
2026-05-23T10:36:48.4510470Z,1285,1573,0,1779532608407,1779532608385000000,1779532608385000000,1779532608385000000,1779532608403000000,1779532608407000000,1779532608418000000,1779532608451000000,33.0000,18.0000,7.5000,33.0000,66.0000,15.04,T3-T5 on Isaac clock; Network_est approximate
2026-05-23T10:36:48.5164300Z,1286,1575,0,1779532608464,1779532608450000000,1779532608450000000,1779532608450000000,1779532608461000000,1779532608464000000,1779532608484000000,1779532608516000000,34.0000,11.0000,11.5000,32.0000,66.0000,14.63,T3-T5 on Isaac clock; Network_est approximate
2026-05-23T10:36:48.5493530Z,1287,1576,0,1779532608496,1779532608483000000,1779532608483000000,1779532608483000000,1779532608494000000,1779532608496000000,1779532608516000000,1779532608549000000,33.0000,11.0000,11.0000,33.0000,66.0000,13.77,T3-T5 on Isaac clock; Network_est approximate
2026-05-23T10:36:48.5818460Z,1288,1577,0,1779532608537,1779532608516000000,1779532608516000000,1779532608515000000,1779532608535000000,1779532608537000000,1779532608549000000,1779532608581000000,33.0000,20.0000,6.5000,32.0000,65.0000,13.44,T3-T5 on Isaac clock; Network_est approximate
2026-05-23T10:36:48.6563340Z,1289,1579,0,1779532608597,1779532608581000000,1779532608581000000,1779532608581000000,1779532608594000000,1779532608597000000,1779532608615000000,1779532608656000000,34.0000,13.0000,10.5000,41.0000,75.0000,13.50,T3-T5 on Isaac clock; Network_est approximate
2026-05-23T10:36:48.6879900Z,1290,1580,0,1779532608628,1779532608614000000,1779532608614000000,1779532608614000000,1779532608627000000,1779532608628000000,1779532608656000000,1779532608687000000,42.0000,13.0000,14.5000,31.0000,73.0000,12.70,T3-T5 on Isaac clock; Network_est approximate
2026-05-23T10:36:48.7278100Z,1291,1581,0,1779532608670,1779532608656000000,1779532608656000000,1779532608655000000,1779532608666000000,1779532608670000000,1779532608687000000,1779532608727000000,31.0000,11.0000,10.0000,40.0000,71.0000,12.04,T3-T5 on Isaac clock; Network_est approximate
2026-05-23T10:36:48.7918640Z,1292,1582,0,1779532608727,1779532608687000000,1779532608687000000,1779532608687000000,1779532608724000000,1779532608727000000,1779532608758000000,1779532608791000000,71.0000,37.0000,17.0000,33.0000,104.0000,11.72,T3-T5 on Isaac clock; Network_est approximate
2026-05-23T10:36:48.8247770Z,1293,1583,0,1779532608758,1779532608727000000,1779532608727000000,1779532608727000000,1779532608757000000,1779532608758000000,1779532608791000000,1779532608824000000,64.0000,30.0000,17.0000,33.0000,97.0000,11.11,T3-T5 on Isaac clock; Network_est approximate
2026-05-23T10:36:48.8571580Z,1294,1585,0,1779532608800,1779532608791000000,1779532608791000000,1779532608791000000,1779532608798000000,1779532608800000000,1779532608824000000,1779532608857000000,33.0000,7.0000,13.0000,33.0000,66.0000,11.02,T3-T5 on Isaac clock; Network_est approximate
2026-05-23T10:36:48.9228710Z,1295,1587,0,1779532608858,1779532608856000000,1779532608856000000,1779532608856000000,1779532608857000000,1779532608858000000,1779532608889000000,1779532608922000000,33.0000,1.0000,16.0000,33.0000,66.0000,10.81,T3-T5 on Isaac clock; Network_est approximate
2026-05-23T10:36:48.9550720Z,1296,1588,0,1779532608895,1779532608889000000,1779532608889000000,1779532608889000000,1779532608890000000,1779532608895000000,1779532608922000000,1779532608955000000,33.0000,1.0000,16.0000,33.0000,66.0000,10.43,T3-T5 on Isaac clock; Network_est approximate
2026-05-23T10:36:48.9876660Z,1297,1589,0,1779532608932,1779532608922000000,1779532608922000000,1779532608922000000,1779532608930000000,1779532608932000000,1779532608955000000,1779532608987000000,33.0000,8.0000,12.5000,32.0000,65.0000,10.05,T3-T5 on Isaac clock; Network_est approximate
2026-05-23T10:36:49.0532900Z,1298,1591,0,1779532608991,1779532608987000000,1779532608987000000,1779532608987000000,1779532608989000000,1779532608991000000,1779532609020000000,1779532609053000000,33.0000,2.0000,15.5000,33.0000,66.0000,9.84,T3-T5 on Isaac clock; Network_est approximate
2026-05-23T10:36:49.0855320Z,1299,1592,0,1779532609023,1779532609020000000,1779532609020000000,1779532609020000000,1779532609022000000,1779532609023000000,1779532609053000000,1779532609085000000,33.0000,2.0000,15.5000,32.0000,65.0000,9.24,T3-T5 on Isaac clock; Network_est approximate
2026-05-23T10:36:49.1184710Z,1300,1593,0,1779532609065,1779532609053000000,1779532609053000000,1779532609052000000,1779532609063000000,1779532609065000000,1779532609085000000,1779532609118000000,32.0000,11.0000,10.5000,33.0000,65.0000,9.23,T3-T5 on Isaac clock; Network_est approximate
2026-05-23T10:36:49.1945120Z,1302,1595,0,1779532609158,1779532609118000000,1779532609118000000,1779532609117000000,1779532609155000000,1779532609158000000,1779532609190000000,1779532609194000000,72.0000,38.0000,17.0000,4.0000,76.0000,9.72,T3-T5 on Isaac clock; Network_est approximate
2026-05-23T10:36:49.2668860Z,1303,1597,0,1779532609200,1779532609194000000,1779532609194000000,1779532609193000000,1779532609195000000,1779532609200000000,1779532609227000000,1779532609266000000,33.0000,2.0000,15.5000,39.0000,72.0000,11.03,T3-T5 on Isaac clock; Network_est approximate
2026-05-23T10:36:49.2978990Z,1304,1598,0,1779532609257,1779532609226000000,1779532609226000000,1779532609226000000,1779532609253000000,1779532609257000000,1779532609266000000,1779532609297000000,40.0000,27.0000,6.5000,31.0000,71.0000,11.96,T3-T5 on Isaac clock; Network_est approximate
2026-05-23T10:36:49.3670490Z,1305,1599,0,1779532609288,1779532609266000000,1779532609266000000,1779532609266000000,1779532609287000000,1779532609288000000,1779532609297000000,1779532609367000000,31.0000,21.0000,5.0000,70.0000,101.0000,13.59,T3-T5 on Isaac clock; Network_est approximate
2026-05-23T10:36:49.3703710Z,1306,1600,0,1779532609329,1779532609297000000,1779532609297000000,1779532609297000000,1779532609327000000,1779532609329000000,1779532609366000000,1779532609370000000,69.0000,30.0000,19.5000,4.0000,73.0000,15.09,T3-T5 on Isaac clock; Network_est approximate
2026-05-23T10:36:49.4369480Z,1307,1602,0,1779532609385,1779532609370000000,1779532609370000000,1779532609369000000,1779532609384000000,1779532609385000000,1779532609404000000,1779532609436000000,34.0000,15.0000,9.5000,32.0000,66.0000,14.80,T3-T5 on Isaac clock; Network_est approximate
2026-05-23T10:36:49.4700000Z,1308,1603,0,1779532609422,1779532609403000000,1779532609403000000,1779532609404000000,1779532609418000000,1779532609422000000,1779532609436000000,1779532609470000000,33.0000,14.0000,9.5000,34.0000,67.0000,14.12,T3-T5 on Isaac clock; Network_est approximate
2026-05-23T10:36:49.5031940Z,1309,1604,0,1779532609458,1779532609436000000,1779532609436000000,1779532609436000000,1779532609458000000,1779532609458000000,1779532609469000000,1779532609503000000,33.0000,22.0000,5.5000,34.0000,67.0000,13.41,T3-T5 on Isaac clock; Network_est approximate
2026-05-23T10:36:49.5681970Z,1310,1606,0,1779532609516,1779532609502000000,1779532609503000000,1779532609502000000,1779532609516000000,1779532609516000000,1779532609535000000,1779532609568000000,32.0000,14.0000,9.0000,33.0000,66.0000,13.00,T3-T5 on Isaac clock; Network_est approximate
2026-05-23T10:36:49.6008400Z,1311,1607,0,1779532609552,1779532609535000000,1779532609535000000,1779532609535000000,1779532609549000000,1779532609552000000,1779532609568000000,1779532609600000000,33.0000,14.0000,9.5000,32.0000,65.0000,12.40,T3-T5 on Isaac clock; Network_est approximate
2026-05-23T10:36:49.6340190Z,1312,1608,0,1779532609594,1779532609567000000,1779532609567000000,1779532609567000000,1779532609589000000,1779532609594000000,1779532609600000000,1779532609634000000,33.0000,22.0000,5.5000,34.0000,67.0000,12.18,T3-T5 on Isaac clock; Network_est approximate
2026-05-23T10:36:49.7073690Z,1313,1610,0,1779532609648,1779532609633000000,1779532609633000000,1779532609633000000,1779532609648000000,1779532609648000000,1779532609666000000,1779532609707000000,33.0000,15.0000,9.0000,41.0000,74.0000,12.62,T3-T5 on Isaac clock; Network_est approximate
2026-05-23T10:36:49.7768570Z,1314,1611,0,1779532609685,1779532609666000000,1779532609666000000,1779532609666000000,1779532609683000000,1779532609685000000,1779532609707000000,1779532609776000000,41.0000,17.0000,12.0000,69.0000,110.0000,13.86,T3-T5 on Isaac clock; Network_est approximate
2026-05-23T10:36:49.7802320Z,1315,1612,0,1779532609727,1779532609707000000,1779532609707000000,1779532609706000000,1779532609723000000,1779532609727000000,1779532609776000000,1779532609780000000,69.0000,17.0000,26.0000,4.0000,73.0000,15.41,T3-T5 on Isaac clock; Network_est approximate
2026-05-23T10:36:49.8454860Z,1316,1614,0,1779532609784,1779532609780000000,1779532609780000000,1779532609779000000,1779532609781000000,1779532609784000000,1779532609812000000,1779532609845000000,32.0000,2.0000,15.0000,33.0000,65.0000,14.96,T3-T5 on Isaac clock; Network_est approximate
2026-05-23T10:36:49.8778510Z,1317,1615,0,1779532609816,1779532609812000000,1779532609812000000,1779532609812000000,1779532609814000000,1779532609816000000,1779532609845000000,1779532609877000000,33.0000,2.0000,15.5000,32.0000,65.0000,14.05,T3-T5 on Isaac clock; Network_est approximate
2026-05-23T10:36:49.9103720Z,1318,1616,0,1779532609858,1779532609845000000,1779532609845000000,1779532609844000000,1779532609854000000,1779532609858000000,1779532609877000000,1779532609910000000,32.0000,10.0000,11.0000,33.0000,65.0000,13.76,T3-T5 on Isaac clock; Network_est approximate
2026-05-23T10:36:49.9758130Z,1319,1618,0,1779532609915,1779532609910000000,1779532609910000000,1779532609909000000,1779532609914000000,1779532609915000000,1779532609943000000,1779532609975000000,33.0000,5.0000,14.0000,32.0000,65.0000,13.42,T3-T5 on Isaac clock; Network_est approximate
2026-05-23T10:36:50.0082960Z,1320,1619,0,1779532609951,1779532609943000000,1779532609943000000,1779532609943000000,1779532609947000000,1779532609951000000,1779532609975000000,1779532610008000000,32.0000,4.0000,14.0000,33.0000,65.0000,12.80,T3-T5 on Isaac clock; Network_est approximate
2026-05-23T10:36:50.0406880Z,1321,1620,0,1779532609988,1779532609975000000,1779532609975000000,1779532609975000000,1779532609987000000,1779532609988000000,1779532610008000000,1779532610040000000,33.0000,12.0000,10.5000,32.0000,65.0000,12.29,T3-T5 on Isaac clock; Network_est approximate
2026-05-23T10:36:50.1063880Z,1322,1622,0,1779532610046,1779532610040000000,1779532610040000000,1779532610040000000,1779532610045000000,1779532610046000000,1779532610073000000,1779532610106000000,33.0000,5.0000,14.0000,33.0000,66.0000,12.00,T3-T5 on Isaac clock; Network_est approximate
2026-05-23T10:36:50.1392840Z,1323,1623,0,1779532610083,1779532610073000000,1779532610073000000,1779532610073000000,1779532610078000000,1779532610083000000,1779532610106000000,1779532610139000000,33.0000,5.0000,14.0000,33.0000,66.0000,11.51,T3-T5 on Isaac clock; Network_est approximate
2026-05-23T10:36:50.1726670Z,1324,1624,0,1779532610120,1779532610106000000,1779532610106000000,1779532610105000000,1779532610118000000,1779532610120000000,1779532610139000000,1779532610172000000,33.0000,13.0000,10.0000,33.0000,66.0000,11.01,T3-T5 on Isaac clock; Network_est approximate
2026-05-23T10:36:50.2441000Z,1325,1626,0,1779532610177,1779532610172000000,1779532610172000000,1779532610172000000,1779532610177000000,1779532610177000000,1779532610212000000,1779532610244000000,40.0000,5.0000,17.5000,32.0000,72.0000,11.22,T3-T5 on Isaac clock; Network_est approximate
2026-05-23T10:36:50.2836760Z,1326,1626,0,1779532610214,1779532610172000000,1779532610172000000,1779532610172000000,1779532610210000000,1779532610214000000,1779532610244000000,1779532610283000000,72.0000,38.0000,17.0000,39.0000,111.0000,10.68,T3-T5 on Isaac clock; Network_est approximate
2026-05-23T10:36:50.3152180Z,1327,1628,0,1779532610254,1779532610243000000,1779532610243000000,1779532610243000000,1779532610250000000,1779532610254000000,1779532610283000000,1779532610315000000,40.0000,7.0000,16.5000,32.0000,72.0000,10.56,T3-T5 on Isaac clock; Network_est approximate
2026-05-23T10:36:50.3476630Z,1328,1629,0,1779532610311,1779532610283000000,1779532610283000000,1779532610283000000,1779532610308000000,1779532610311000000,1779532610315000000,1779532610347000000,32.0000,25.0000,3.5000,32.0000,64.0000,11.41,T3-T5 on Isaac clock; Network_est approximate
2026-05-23T10:36:50.4163200Z,1329,1630,0,1779532610342,1779532610314000000,1779532610314000000,1779532610314000000,1779532610341000000,1779532610342000000,1779532610347000000,1779532610416000000,33.0000,27.0000,3.0000,69.0000,102.0000,13.06,T3-T5 on Isaac clock; Network_est approximate
2026-05-23T10:36:50.4195740Z,1330,1631,0,1779532610384,1779532610347000000,1779532610347000000,1779532610347000000,1779532610381000000,1779532610384000000,1779532610416000000,1779532610419000000,69.0000,34.0000,17.5000,3.0000,72.0000,14.66,T3-T5 on Isaac clock; Network_est approximate
2026-05-23T10:36:50.4862090Z,1331,1633,0,1779532610446,1779532610419000000,1779532610419000000,1779532610419000000,1779532610445000000,1779532610446000000,1779532610453000000,1779532610486000000,34.0000,26.0000,4.0000,33.0000,67.0000,14.03,T3-T5 on Isaac clock; Network_est approximate
2026-05-23T10:36:50.5194690Z,1332,1634,0,1779532610482,1779532610453000000,1779532610453000000,1779532610452000000,1779532610479000000,1779532610482000000,1779532610486000000,1779532610519000000,33.0000,27.0000,3.0000,33.0000,66.0000,13.32,T3-T5 on Isaac clock; Network_est approximate
2026-05-23T10:36:50.5851110Z,1333,1636,0,1779532610524,1779532610519000000,1779532610519000000,1779532610519000000,1779532610519000000,1779532610524000000,1779532610551000000,1779532610585000000,32.0000,0.0000,16.0000,34.0000,66.0000,13.97,T3-T5 on Isaac clock; Network_est approximate
2026-05-23T10:36:50.6175120Z,1334,1637,0,1779532610581,1779532610551000000,1779532610551000000,1779532610551000000,1779532610578000000,1779532610581000000,1779532610585000000,1779532610617000000,34.0000,27.0000,3.5000,32.0000,66.0000,14.63,T3-T5 on Isaac clock; Network_est approximate
2026-05-23T10:36:50.6504870Z,1335,1638,0,1779532610613,1779532610584000000,1779532610584000000,1779532610584000000,1779532610611000000,1779532610613000000,1779532610617000000,1779532610650000000,33.0000,27.0000,3.0000,33.0000,66.0000,13.78,T3-T5 on Isaac clock; Network_est approximate
2026-05-23T10:36:50.7238520Z,1336,1640,0,1779532610655,1779532610650000000,1779532610650000000,1779532610649000000,1779532610651000000,1779532610655000000,1779532610683000000,1779532610723000000,33.0000,2.0000,15.5000,40.0000,73.0000,14.87,T3-T5 on Isaac clock; Network_est approximate
2026-05-23T10:36:50.7940680Z,1337,1641,0,1779532610712,1779532610683000000,1779532610683000000,1779532610683000000,1779532610709000000,1779532610712000000,1779532610723000000,1779532610794000000,40.0000,26.0000,7.0000,71.0000,111.0000,14.78,T3-T5 on Isaac clock; Network_est approximate
2026-05-23T10:36:50.7973760Z,1339,1642,0,1779532610785,1779532610723000000,1779532610723000000,1779532610723000000,1779532610783000000,1779532610785000000,1779532610794000000,1779532610797000000,71.0000,60.0000,5.5000,3.0000,74.0000,18.21,T3-T5 on Isaac clock; Network_est approximate
2026-05-23T10:36:50.8950610Z,1340,1645,0,1779532610844,1779532610829000000,1779532610829000000,1779532610828000000,1779532610841000000,1779532610844000000,1779532610862000000,1779532610895000000,33.0000,13.0000,10.0000,33.0000,66.0000,19.48,T3-T5 on Isaac clock; Network_est approximate
2026-05-23T10:36:50.9274630Z,1341,1646,0,1779532610875,1779532610862000000,1779532610862000000,1779532610862000000,1779532610875000000,1779532610875000000,1779532610895000000,1779532610927000000,33.0000,13.0000,10.0000,32.0000,65.0000,18.35,T3-T5 on Isaac clock; Network_est approximate
2026-05-23T10:36:50.9603550Z,1342,1647,0,1779532610919,1779532610894000000,1779532610894000000,1779532610894000000,1779532610915000000,1779532610919000000,1779532610927000000,1779532610960000000,33.0000,21.0000,6.0000,33.0000,66.0000,17.90,T3-T5 on Isaac clock; Network_est approximate
2026-05-23T10:36:51.0254470Z,1343,1649,0,1779532610976,1779532610960000000,1779532610960000000,1779532610960000000,1779532610973000000,1779532610976000000,1779532610993000000,1779532611025000000,33.0000,13.0000,10.0000,32.0000,65.0000,17.28,T3-T5 on Isaac clock; Network_est approximate
2026-05-23T10:36:51.0582260Z,1344,1650,0,1779532611008,1779532610992000000,1779532610992000000,1779532610993000000,1779532611007000000,1779532611008000000,1779532611025000000,1779532611058000000,33.0000,14.0000,9.5000,33.0000,66.0000,16.25,T3-T5 on Isaac clock; Network_est approximate
2026-05-23T10:36:51.0907030Z,1345,1651,0,1779532611050,1779532611025000000,1779532611025000000,1779532611024000000,1779532611047000000,1779532611050000000,1779532611058000000,1779532611090000000,33.0000,23.0000,5.0000,32.0000,65.0000,15.83,T3-T5 on Isaac clock; Network_est approximate
2026-05-23T10:36:51.1565920Z,1346,1653,0,1779532611107,1779532611090000000,1779532611090000000,1779532611090000000,1779532611105000000,1779532611107000000,1779532611123000000,1779532611156000000,33.0000,15.0000,9.0000,33.0000,66.0000,15.40,T3-T5 on Isaac clock; Network_est approximate
2026-05-23T10:36:51.1891760Z,1347,1654,0,1779532611139,1779532611123000000,1779532611123000000,1779532611123000000,1779532611138000000,1779532611139000000,1779532611156000000,1779532611189000000,33.0000,15.0000,9.0000,33.0000,66.0000,14.47,T3-T5 on Isaac clock; Network_est approximate
2026-05-23T10:36:51.2300870Z,1348,1655,0,1779532611180,1779532611156000000,1779532611156000000,1779532611156000000,1779532611179000000,1779532611180000000,1779532611189000000,1779532611230000000,33.0000,23.0000,5.0000,41.0000,74.0000,13.57,T3-T5 on Isaac clock; Network_est approximate
2026-05-23T10:36:51.3027050Z,1349,1657,0,1779532611237,1779532611229000000,1779532611229000000,1779532611229000000,1779532611237000000,1779532611237000000,1779532611261000000,1779532611302000000,32.0000,8.0000,12.0000,41.0000,73.0000,13.69,T3-T5 on Isaac clock; Network_est approximate
2026-05-23T10:36:51.3341100Z,1350,1658,0,1779532611273,1779532611261000000,1779532611261000000,1779532611261000000,1779532611271000000,1779532611273000000,1779532611302000000,1779532611334000000,41.0000,10.0000,15.5000,32.0000,73.0000,13.13,T3-T5 on Isaac clock; Network_est approximate
2026-05-23T10:36:51.3665310Z,1351,1659,0,1779532611315,1779532611302000000,1779532611302000000,1779532611302000000,1779532611311000000,1779532611315000000,1779532611334000000,1779532611366000000,32.0000,9.0000,11.5000,32.0000,64.0000,12.90,T3-T5 on Isaac clock; Network_est approximate
2026-05-23T10:36:51.4318030Z,1352,1661,0,1779532611373,1779532611366000000,1779532611366000000,1779532611365000000,1779532611370000000,1779532611373000000,1779532611399000000,1779532611431000000,33.0000,5.0000,14.0000,32.0000,65.0000,12.56,T3-T5 on Isaac clock; Network_est approximate
2026-05-23T10:36:51.5015850Z,1353,1662,0,1779532611404,1779532611398000000,1779532611398000000,1779532611398000000,1779532611403000000,1779532611404000000,1779532611431000000,1779532611501000000,33.0000,5.0000,14.0000,70.0000,103.0000,14.20,T3-T5 on Isaac clock; Network_est approximate
2026-05-23T10:36:51.5049890Z,1354,1663,0,1779532611446,1779532611431000000,1779532611431000000,1779532611431000000,1779532611444000000,1779532611446000000,1779532611501000000,1779532611504000000,70.0000,13.0000,28.5000,3.0000,73.0000,15.72,T3-T5 on Isaac clock; Network_est approximate
2026-05-23T10:36:51.5382500Z,1355,1664,0,1779532611503,1779532611501000000,1779532611501000000,1779532611501000000,1779532611502000000,1779532611503000000,1779532611504000000,1779532611538000000,3.0000,1.0000,1.0000,34.0000,37.0000,16.22,T3-T5 on Isaac clock; Network_est approximate
2026-05-23T10:36:51.6050480Z,1356,1665,0,1779532611540,1779532611504000000,1779532611504000000,1779532611504000000,1779532611536000000,1779532611540000000,1779532611571000000,1779532611605000000,67.0000,32.0000,17.5000,34.0000,101.0000,17.07,T3-T5 on Isaac clock; Network_est approximate
2026-05-23T10:36:51.6374440Z,1357,1667,0,1779532611577,1779532611571000000,1779532611571000000,1779532611570000000,1779532611576000000,1779532611577000000,1779532611605000000,1779532611637000000,34.0000,6.0000,14.0000,32.0000,66.0000,16.29,T3-T5 on Isaac clock; Network_est approximate
2026-05-23T10:36:51.6706030Z,1358,1668,0,1779532611635,1779532611604000000,1779532611604000000,1779532611604000000,1779532611634000000,1779532611635000000,1779532611637000000,1779532611670000000,33.0000,30.0000,1.5000,33.0000,66.0000,16.82,T3-T5 on Isaac clock; Network_est approximate
2026-05-23T10:36:51.7441590Z,1359,1669,0,1779532611672,1779532611637000000,1779532611637000000,1779532611636000000,1779532611668000000,1779532611672000000,1779532611703000000,1779532611744000000,66.0000,32.0000,17.0000,41.0000,107.0000,18.06,T3-T5 on Isaac clock; Network_est approximate
2026-05-23T10:36:51.7756220Z,1360,1671,0,1779532611714,1779532611703000000,1779532611703000000,1779532611703000000,1779532611710000000,1779532611714000000,1779532611744000000,1779532611775000000,41.0000,7.0000,17.0000,31.0000,72.0000,17.60,T3-T5 on Isaac clock; Network_est approximate
2026-05-23T10:36:51.8094620Z,1361,1672,0,1779532611771,1779532611743000000,1779532611743000000,1779532611743000000,1779532611768000000,1779532611771000000,1779532611775000000,1779532611809000000,32.0000,25.0000,3.5000,34.0000,66.0000,17.94,T3-T5 on Isaac clock; Network_est approximate
2026-05-23T10:36:51.8501760Z,1362,1673,0,1779532611803,1779532611775000000,1779532611775000000,1779532611775000000,1779532611802000000,1779532611803000000,1779532611809000000,1779532611850000000,34.0000,27.0000,3.5000,41.0000,75.0000,17.36,T3-T5 on Isaac clock; Network_est approximate
2026-05-23T10:36:51.8809170Z,1363,1674,0,1779532611845,1779532611809000000,1779532611809000000,1779532611808000000,1779532611843000000,1779532611845000000,1779532611850000000,1779532611880000000,41.0000,35.0000,3.0000,30.0000,71.0000,16.98,T3-T5 on Isaac clock; Network_est approximate
2026-05-23T10:36:51.9464820Z,1364,1676,0,1779532611902,1779532611880000000,1779532611880000000,1779532611880000000,1779532611901000000,1779532611902000000,1779532611913000000,1779532611946000000,33.0000,21.0000,6.0000,33.0000,66.0000,16.46,T3-T5 on Isaac clock; Network_est approximate
2026-05-23T10:36:51.9793940Z,1365,1677,0,1779532611939,1779532611913000000,1779532611913000000,1779532611913000000,1779532611934000000,1779532611939000000,1779532611946000000,1779532611979000000,33.0000,21.0000,6.0000,33.0000,66.0000,15.68,T3-T5 on Isaac clock; Network_est approximate
2026-05-23T10:36:52.0119740Z,1366,1678,0,1779532611975,1779532611946000000,1779532611946000000,1779532611945000000,1779532611974000000,1779532611975000000,1779532611979000000,1779532612011000000,33.0000,29.0000,2.0000,32.0000,65.0000,14.92,T3-T5 on Isaac clock; Network_est approximate
2026-05-23T10:36:52.0770760Z,1367,1680,0,1779532612032,1779532612011000000,1779532612011000000,1779532612011000000,1779532612031000000,1779532612032000000,1779532612044000000,1779532612077000000,33.0000,20.0000,6.5000,33.0000,66.0000,14.49,T3-T5 on Isaac clock; Network_est approximate
2026-05-23T10:36:52.1100760Z,1368,1681,0,1779532612068,1779532612044000000,1779532612044000000,1779532612044000000,1779532612064000000,1779532612068000000,1779532612077000000,1779532612110000000,33.0000,20.0000,6.5000,33.0000,66.0000,13.78,T3-T5 on Isaac clock; Network_est approximate
2026-05-23T10:36:52.1756260Z,1369,1682,0,1779532612110,1779532612076000000,1779532612076000000,1779532612076000000,1779532612108000000,1779532612110000000,1779532612142000000,1779532612175000000,66.0000,32.0000,17.0000,33.0000,99.0000,14.39,T3-T5 on Isaac clock; Network_est approximate
2026-05-23T10:36:52.2083890Z,1370,1684,0,1779532612171,1779532612142000000,1779532612142000000,1779532612142000000,1779532612167000000,1779532612171000000,1779532612175000000,1779532612208000000,33.0000,25.0000,4.0000,33.0000,66.0000,15.25,T3-T5 on Isaac clock; Network_est approximate
2026-05-23T10:36:52.2496470Z,1371,1685,0,1779532612202,1779532612175000000,1779532612175000000,1779532612175000000,1779532612201000000,1779532612202000000,1779532612208000000,1779532612249000000,33.0000,26.0000,3.5000,41.0000,74.0000,14.94,T3-T5 on Isaac clock; Network_est approximate
2026-05-23T10:36:52.2809480Z,1372,1686,0,1779532612243,1779532612208000000,1779532612208000000,1779532612207000000,1779532612241000000,1779532612243000000,1779532612249000000,1779532612280000000,41.0000,34.0000,3.5000,31.0000,72.0000,14.62,T3-T5 on Isaac clock; Network_est approximate
2026-05-23T10:36:52.3549700Z,1373,1688,0,1779532612301,1779532612280000000,1779532612280000000,1779532612280000000,1779532612300000000,1779532612301000000,1779532612314000000,1779532612354000000,34.0000,20.0000,7.0000,40.0000,74.0000,14.71,T3-T5 on Isaac clock; Network_est approximate
2026-05-23T10:36:52.3860620Z,1374,1689,0,1779532612342,1779532612314000000,1779532612314000000,1779532612313000000,1779532612338000000,1779532612342000000,1779532612354000000,1779532612386000000,40.0000,25.0000,7.5000,32.0000,72.0000,14.41,T3-T5 on Isaac clock; Network_est approximate
2026-05-23T10:36:52.4185540Z,1375,1690,0,1779532612378,1779532612354000000,1779532612354000000,1779532612354000000,1779532612378000000,1779532612378000000,1779532612385000000,1779532612418000000,31.0000,24.0000,3.5000,33.0000,64.0000,13.73,T3-T5 on Isaac clock; Network_est approximate
2026-05-23T10:36:52.4847950Z,1376,1692,0,1779532612440,1779532612418000000,1779532612418000000,1779532612417000000,1779532612437000000,1779532612440000000,1779532612451000000,1779532612484000000,33.0000,20.0000,6.5000,33.0000,66.0000,13.11,T3-T5 on Isaac clock; Network_est approximate
2026-05-23T10:36:52.5168940Z,1377,1693,0,1779532612471,1779532612451000000,1779532612451000000,1779532612450000000,1779532612470000000,1779532612471000000,1779532612484000000,1779532612516000000,33.0000,20.0000,6.5000,32.0000,65.0000,12.39,T3-T5 on Isaac clock; Network_est approximate
2026-05-23T10:36:52.5494240Z,1378,1694,0,1779532612513,1779532612484000000,1779532612484000000,1779532612483000000,1779532612509000000,1779532612513000000,1779532612516000000,1779532612549000000,32.0000,26.0000,3.0000,33.0000,65.0000,12.20,T3-T5 on Isaac clock; Network_est approximate
2026-05-23T10:36:52.6150640Z,1379,1696,0,1779532612572,1779532612549000000,1779532612549000000,1779532612549000000,1779532612568000000,1779532612572000000,1779532612581000000,1779532612615000000,32.0000,19.0000,6.5000,34.0000,66.0000,11.86,T3-T5 on Isaac clock; Network_est approximate
2026-05-23T10:36:52.6474020Z,1380,1697,0,1779532612603,1779532612581000000,1779532612581000000,1779532612581000000,1779532612601000000,1779532612603000000,1779532612615000000,1779532612647000000,34.0000,20.0000,7.0000,32.0000,66.0000,11.20,T3-T5 on Isaac clock; Network_est approximate
2026-05-23T10:36:52.6801090Z,1381,1698,0,1779532612645,1779532612614000000,1779532612614000000,1779532612614000000,1779532612641000000,1779532612645000000,1779532612647000000,1779532612680000000,33.0000,27.0000,3.0000,33.0000,66.0000,11.08,T3-T5 on Isaac clock; Network_est approximate
2026-05-23T10:36:52.7902400Z,1382,1700,0,1779532612702,1779532612679000000,1779532612679000000,1779532612679000000,1779532612699000000,1779532612702000000,1779532612713000000,1779532612790000000,34.0000,20.0000,7.0000,77.0000,111.0000,13.70,T3-T5 on Isaac clock; Network_est approximate
2026-05-23T10:36:52.7939640Z,1384,1701,0,1779532612774,1779532612713000000,1779532612713000000,1779532612712000000,1779532612774000000,1779532612774000000,1779532612790000000,1779532612793000000,77.0000,62.0000,7.5000,3.0000,80.0000,17.11,T3-T5 on Isaac clock; Network_est approximate
2026-05-23T10:36:52.8998950Z,1385,1704,0,1779532612834,1779532612827000000,1779532612827000000,1779532612829000000,1779532612832000000,1779532612834000000,1779532612868000000,1779532612899000000,41.0000,3.0000,19.0000,31.0000,72.0000,18.91,T3-T5 on Isaac clock; Network_est approximate
2026-05-23T10:36:52.9331170Z,1386,1704,0,1779532612871,1779532612827000000,1779532612827000000,1779532612829000000,1779532612866000000,1779532612871000000,1779532612899000000,1779532612933000000,72.0000,37.0000,17.5000,34.0000,106.0000,17.97,T3-T5 on Isaac clock; Network_est approximate
2026-05-23T10:36:52.9662110Z,1387,1706,0,1779532612909,1779532612899000000,1779532612899000000,1779532612899000000,1779532612906000000,1779532612909000000,1779532612933000000,1779532612966000000,34.0000,7.0000,13.5000,33.0000,67.0000,17.16,T3-T5 on Isaac clock; Network_est approximate
2026-05-23T10:36:53.0312960Z,1388,1707,0,1779532612968,1779532612932000000,1779532612932000000,1779532612932000000,1779532612964000000,1779532612968000000,1779532612998000000,1779532613031000000,66.0000,32.0000,17.0000,33.0000,99.0000,16.48,T3-T5 on Isaac clock; Network_est approximate
2026-05-23T10:36:53.0637510Z,1389,1709,0,1779532613002,1779532612997000000,1779532612997000000,1779532612997000000,1779532612999000000,1779532613002000000,1779532613031000000,1779532613063000000,34.0000,2.0000,16.0000,32.0000,66.0000,15.54,T3-T5 on Isaac clock; Network_est approximate
2026-05-23T10:36:53.0961340Z,1390,1710,0,1779532613038,1779532613031000000,1779532613031000000,1779532613030000000,1779532613038000000,1779532613038000000,1779532613063000000,1779532613096000000,32.0000,8.0000,12.0000,33.0000,65.0000,14.80,T3-T5 on Isaac clock; Network_est approximate
2026-05-23T10:36:53.1621690Z,1391,1712,0,1779532613102,1779532613095000000,1779532613095000000,1779532613095000000,1779532613098000000,1779532613102000000,1779532613128000000,1779532613162000000,33.0000,3.0000,15.0000,34.0000,67.0000,14.00,T3-T5 on Isaac clock; Network_est approximate
2026-05-23T10:36:53.1942230Z,1392,1713,0,1779532613133,1779532613128000000,1779532613128000000,1779532613128000000,1779532613132000000,1779532613133000000,1779532613162000000,1779532613194000000,34.0000,4.0000,15.0000,32.0000,66.0000,13.20,T3-T5 on Isaac clock; Network_est approximate
2026-05-23T10:36:53.2272570Z,1393,1714,0,1779532613175,1779532613161000000,1779532613161000000,1779532613161000000,1779532613172000000,1779532613175000000,1779532613194000000,1779532613227000000,33.0000,11.0000,11.0000,33.0000,66.0000,12.93,T3-T5 on Isaac clock; Network_est approximate
2026-05-23T10:36:53.3014270Z,1394,1716,0,1779532613232,1779532613226000000,1779532613227000000,1779532613226000000,1779532613231000000,1779532613232000000,1779532613260000000,1779532613301000000,33.0000,5.0000,14.0000,41.0000,75.0000,13.20,T3-T5 on Isaac clock; Network_est approximate
2026-05-23T10:36:53.3332420Z,1395,1717,0,1779532613269,1779532613260000000,1779532613260000000,1779532613259000000,1779532613268000000,1779532613269000000,1779532613301000000,1779532613333000000,41.0000,9.0000,16.0000,32.0000,73.0000,12.70,T3-T5 on Isaac clock; Network_est approximate
2026-05-23T10:36:53.3728920Z,1396,1718,0,1779532613310,1779532613301000000,1779532613301000000,1779532613300000000,1779532613306000000,1779532613310000000,1779532613333000000,1779532613372000000,32.0000,6.0000,13.0000,39.0000,71.0000,11.99,T3-T5 on Isaac clock; Network_est approximate
2026-05-23T10:36:53.4041380Z,1397,1719,0,1779532613368,1779532613332000000,1779532613333000000,1779532613333000000,1779532613364000000,1779532613368000000,1779532613372000000,1779532613404000000,39.0000,31.0000,4.0000,32.0000,72.0000,12.91,T3-T5 on Isaac clock; Network_est approximate
2026-05-23T10:36:53.4366180Z,1398,1720,0,1779532613399,1779532613372000000,1779532613372000000,1779532613372000000,1779532613397000000,1779532613399000000,1779532613404000000,1779532613436000000,32.0000,25.0000,3.5000,32.0000,64.0000,12.20,T3-T5 on Isaac clock; Network_est approximate
2026-05-23T10:36:53.5033060Z,1399,1722,0,1779532613441,1779532613436000000,1779532613436000000,1779532613435000000,1779532613437000000,1779532613441000000,1779532613469000000,1779532613503000000,33.0000,2.0000,15.5000,34.0000,67.0000,12.97,T3-T5 on Isaac clock; Network_est approximate
2026-05-23T10:36:53.5434200Z,1400,1723,0,1779532613497,1779532613469000000,1779532613469000000,1779532613468000000,1779532613495000000,1779532613497000000,1779532613503000000,1779532613543000000,34.0000,27.0000,3.5000,40.0000,74.0000,13.15,T3-T5 on Isaac clock; Network_est approximate
2026-05-23T10:36:53.5748360Z,1401,1724,0,1779532613533,1779532613503000000,1779532613503000000,1779532613502000000,1779532613529000000,1779532613533000000,1779532613543000000,1779532613574000000,40.0000,27.0000,6.5000,31.0000,71.0000,12.64,T3-T5 on Isaac clock; Network_est approximate
2026-05-23T10:36:53.6069800Z,1402,1725,0,1779532613570,1779532613543000000,1779532613543000000,1779532613542000000,1779532613568000000,1779532613570000000,1779532613574000000,1779532613606000000,31.0000,26.0000,2.5000,32.0000,63.0000,12.13,T3-T5 on Isaac clock; Network_est approximate
2026-05-23T10:36:53.6725280Z,1403,1727,0,1779532613627,1779532613606000000,1779532613606000000,1779532613606000000,1779532613626000000,1779532613627000000,1779532613639000000,1779532613672000000,33.0000,20.0000,6.5000,33.0000,66.0000,11.90,T3-T5 on Isaac clock; Network_est approximate
2026-05-23T10:36:53.7049170Z,1404,1728,0,1779532613664,1779532613639000000,1779532613639000000,1779532613638000000,1779532613659000000,1779532613664000000,1779532613672000000,1779532613704000000,33.0000,21.0000,6.0000,32.0000,65.0000,11.44,T3-T5 on Isaac clock; Network_est approximate
2026-05-23T10:36:53.7713050Z,1405,1729,0,1779532613705,1779532613672000000,1779532613672000000,1779532613671000000,1779532613700000000,1779532613705000000,1779532613737000000,1779532613771000000,65.0000,29.0000,18.0000,34.0000,99.0000,12.32,T3-T5 on Isaac clock; Network_est approximate
2026-05-23T10:36:53.8117320Z,1406,1731,0,1779532613762,1779532613737000000,1779532613737000000,1779532613737000000,1779532613758000000,1779532613762000000,1779532613771000000,1779532613811000000,34.0000,21.0000,6.5000,40.0000,74.0000,12.58,T3-T5 on Isaac clock; Network_est approximate
2026-05-23T10:36:53.8871510Z,1407,1732,0,1779532613793,1779532613771000000,1779532613771000000,1779532613770000000,1779532613792000000,1779532613793000000,1779532613811000000,1779532613887000000,40.0000,22.0000,9.0000,76.0000,116.0000,14.57,T3-T5 on Isaac clock; Network_est approximate
2026-05-23T10:36:53.9000480Z,1408,1733,0,1779532613834,1779532613811000000,1779532613811000000,1779532613811000000,1779532613833000000,1779532613834000000,1779532613887000000,1779532613900000000,76.0000,22.0000,27.0000,13.0000,89.0000,15.42,T3-T5 on Isaac clock; Network_est approximate
2026-05-23T10:36:53.9315730Z,1409,1734,0,1779532613895,1779532613886000000,1779532613886000000,1779532613886000000,1779532613891000000,1779532613895000000,1779532613899000000,1779532613931000000,13.0000,5.0000,4.0000,32.0000,45.0000,16.29,T3-T5 on Isaac clock; Network_est approximate
2026-05-23T10:36:53.9981480Z,1410,1735,0,1779532613934,1779532613899000000,1779532613899000000,1779532613899000000,1779532613928000000,1779532613934000000,1779532613964000000,1779532613998000000,65.0000,29.0000,18.0000,34.0000,99.0000,16.99,T3-T5 on Isaac clock; Network_est approximate
2026-05-23T10:36:54.0305710Z,1411,1737,0,1779532613970,1779532613964000000,1779532613964000000,1779532613964000000,1779532613967000000,1779532613970000000,1779532613998000000,1779532614030000000,34.0000,3.0000,15.5000,32.0000,66.0000,16.16,T3-T5 on Isaac clock; Network_est approximate
2026-05-23T10:36:54.0635590Z,1412,1738,0,1779532614027,1779532613997000000,1779532613997000000,1779532613997000000,1779532614025000000,1779532614027000000,1779532614030000000,1779532614063000000,33.0000,28.0000,2.5000,33.0000,66.0000,16.64,T3-T5 on Isaac clock; Network_est approximate
2026-05-23T10:36:54.0958060Z,1413,1739,0,1779532614058,1779532614030000000,1779532614030000000,1779532614029000000,1779532614058000000,1779532614058000000,1779532614063000000,1779532614095000000,33.0000,29.0000,2.0000,32.0000,65.0000,15.69,T3-T5 on Isaac clock; Network_est approximate
2026-05-23T10:36:54.1611400Z,1414,1741,0,1779532614100,1779532614095000000,1779532614095000000,1779532614095000000,1779532614098000000,1779532614100000000,1779532614128000000,1779532614161000000,33.0000,3.0000,15.0000,33.0000,66.0000,16.16,T3-T5 on Isaac clock; Network_est approximate
2026-05-23T10:36:54.2266760Z,1415,1742,0,1779532614162,1779532614128000000,1779532614128000000,1779532614127000000,1779532614157000000,1779532614162000000,1779532614194000000,1779532614226000000,66.0000,30.0000,18.0000,32.0000,98.0000,15.37,T3-T5 on Isaac clock; Network_est approximate
2026-05-23T10:36:54.2596870Z,1416,1743,0,1779532614193,1779532614160000000,1779532614160000000,1779532614160000000,1779532614191000000,1779532614193000000,1779532614226000000,1779532614259000000,66.0000,31.0000,17.5000,33.0000,99.0000,14.54,T3-T5 on Isaac clock; Network_est approximate
2026-05-23T10:36:54.3011980Z,1417,1745,0,1779532614235,1779532614226000000,1779532614226000000,1779532614226000000,1779532614233000000,1779532614235000000,1779532614259000000,1779532614301000000,33.0000,7.0000,13.0000,42.0000,75.0000,13.65,T3-T5 on Isaac clock; Network_est approximate
2026-05-23T10:36:54.3320060Z,1418,1746,0,1779532614292,1779532614259000000,1779532614259000000,1779532614259000000,1779532614292000000,1779532614292000000,1779532614301000000,1779532614332000000,42.0000,33.0000,4.5000,31.0000,73.0000,14.44,T3-T5 on Isaac clock; Network_est approximate
2026-05-23T10:36:54.3731080Z,1419,1747,0,1779532614328,1779532614301000000,1779532614301000000,1779532614300000000,1779532614325000000,1779532614328000000,1779532614331000000,1779532614373000000,30.0000,25.0000,2.5000,42.0000,72.0000,13.86,T3-T5 on Isaac clock; Network_est approximate
2026-05-23T10:36:54.4043060Z,1420,1748,0,1779532614370,1779532614331000000,1779532614331000000,1779532614331000000,1779532614366000000,1779532614370000000,1779532614373000000,1779532614404000000,42.0000,35.0000,3.5000,31.0000,73.0000,13.67,T3-T5 on Isaac clock; Network_est approximate
2026-05-23T10:36:54.4691440Z,1421,1750,0,1779532614428,1779532614404000000,1779532614404000000,1779532614403000000,1779532614425000000,1779532614428000000,1779532614437000000,1779532614469000000,33.0000,22.0000,5.5000,32.0000,65.0000,13.25,T3-T5 on Isaac clock; Network_est approximate
2026-05-23T10:36:54.5020920Z,1422,1751,0,1779532614459,1779532614436000000,1779532614436000000,1779532614436000000,1779532614458000000,1779532614459000000,1779532614469000000,1779532614502000000,33.0000,22.0000,5.5000,33.0000,66.0000,12.54,T3-T5 on Isaac clock; Network_est approximate
2026-05-23T10:36:54.5679910Z,1423,1752,0,1779532614501,1779532614468000000,1779532614469000000,1779532614468000000,1779532614498000000,1779532614501000000,1779532614534000000,1779532614567000000,65.0000,30.0000,17.5000,33.0000,99.0000,13.22,T3-T5 on Isaac clock; Network_est approximate
2026-05-23T10:36:54.6046160Z,1424,1754,0,1779532614557,1779532614534000000,1779532614534000000,1779532614534000000,1779532614556000000,1779532614557000000,1779532614567000000,1779532614604000000,33.0000,22.0000,5.5000,37.0000,70.0000,13.60,T3-T5 on Isaac clock; Network_est approximate
2026-05-23T10:36:54.6404870Z,1425,1755,0,1779532614593,1779532614567000000,1779532614567000000,1779532614567000000,1779532614589000000,1779532614593000000,1779532614604000000,1779532614640000000,37.0000,22.0000,7.5000,36.0000,73.0000,12.75,T3-T5 on Isaac clock; Network_est approximate
2026-05-23T10:36:54.6774790Z,1426,1756,0,1779532614634,1779532614604000000,1779532614604000000,1779532614603000000,1779532614629000000,1779532614634000000,1779532614640000000,1779532614677000000,36.0000,26.0000,5.0000,37.0000,73.0000,12.23,T3-T5 on Isaac clock; Network_est approximate
2026-05-23T10:36:54.7499140Z,1427,1758,0,1779532614691,1779532614676000000,1779532614676000000,1779532614676000000,1779532614687000000,1779532614691000000,1779532614713000000,1779532614749000000,37.0000,11.0000,13.0000,36.0000,73.0000,12.45,T3-T5 on Isaac clock; Network_est approximate
2026-05-23T10:36:54.7871550Z,1428,1759,0,1779532614722,1779532614712000000,1779532614712000000,1779532614712000000,1779532614721000000,1779532614722000000,1779532614749000000,1779532614787000000,37.0000,9.0000,14.0000,38.0000,75.0000,12.07,T3-T5 on Isaac clock; Network_est approximate
2026-05-23T10:36:54.8287130Z,1429,1760,0,1779532614765,1779532614749000000,1779532614749000000,1779532614749000000,1779532614761000000,1779532614765000000,1779532614787000000,1779532614828000000,38.0000,12.0000,13.0000,41.0000,79.0000,11.41,T3-T5 on Isaac clock; Network_est approximate
2026-05-23T10:36:54.8997240Z,1430,1761,0,1779532614821,1779532614786000000,1779532614786000000,1779532614786000000,1779532614819000000,1779532614821000000,1779532614828000000,1779532614899000000,42.0000,33.0000,4.5000,71.0000,113.0000,11.64,T3-T5 on Isaac clock; Network_est approximate
2026-05-23T10:36:54.9390050Z,1431,1762,0,1779532614858,1779532614828000000,1779532614828000000,1779532614828000000,1779532614857000000,1779532614858000000,1779532614899000000,1779532614939000000,71.0000,29.0000,21.0000,40.0000,111.0000,11.05,T3-T5 on Isaac clock; Network_est approximate
2026-05-23T10:36:54.9424860Z,1432,1762,0,1779532614900,1779532614828000000,1779532614828000000,1779532614828000000,1779532614899000000,1779532614900000000,1779532614938000000,1779532614942000000,110.0000,71.0000,19.5000,4.0000,114.0000,12.77,T3-T5 on Isaac clock; Network_est approximate
2026-05-23T10:36:55.0086840Z,1433,1765,0,1779532614962,1779532614942000000,1779532614942000000,1779532614941000000,1779532614958000000,1779532614962000000,1779532614975000000,1779532615008000000,33.0000,17.0000,8.0000,33.0000,66.0000,12.23,T3-T5 on Isaac clock; Network_est approximate
2026-05-23T10:36:55.0419420Z,1434,1766,0,1779532614993,1779532614975000000,1779532614975000000,1779532614975000000,1779532614992000000,1779532614993000000,1779532615008000000,1779532615041000000,33.0000,17.0000,8.0000,33.0000,66.0000,11.60,T3-T5 on Isaac clock; Network_est approximate
2026-05-23T10:36:55.0748820Z,1435,1767,0,1779532615034,1779532615008000000,1779532615008000000,1779532615008000000,1779532615031000000,1779532615034000000,1779532615041000000,1779532615074000000,33.0000,23.0000,5.0000,33.0000,66.0000,11.37,T3-T5 on Isaac clock; Network_est approximate
2026-05-23T10:36:55.1399420Z,1436,1769,0,1779532615089,1779532615074000000,1779532615074000000,1779532615074000000,1779532615089000000,1779532615089000000,1779532615107000000,1779532615139000000,33.0000,15.0000,9.0000,32.0000,65.0000,11.29,T3-T5 on Isaac clock; Network_est approximate
2026-05-23T10:36:55.1727670Z,1437,1770,0,1779532615126,1779532615107000000,1779532615107000000,1779532615107000000,1779532615122000000,1779532615126000000,1779532615139000000,1779532615172000000,32.0000,15.0000,8.5000,33.0000,65.0000,10.84,T3-T5 on Isaac clock; Network_est approximate
2026-05-23T10:36:55.2050940Z,1438,1771,0,1779532615163,1779532615139000000,1779532615139000000,1779532615139000000,1779532615163000000,1779532615163000000,1779532615172000000,1779532615205000000,33.0000,24.0000,4.5000,33.0000,66.0000,10.45,T3-T5 on Isaac clock; Network_est approximate
2026-05-23T10:36:55.2712120Z,1439,1773,0,1779532615226,1779532615204000000,1779532615204000000,1779532615204000000,1779532615221000000,1779532615226000000,1779532615237000000,1779532615271000000,33.0000,17.0000,8.0000,34.0000,67.0000,9.99,T3-T5 on Isaac clock; Network_est approximate
2026-05-23T10:36:55.3116600Z,1440,1774,0,1779532615257,1779532615237000000,1779532615237000000,1779532615237000000,1779532615256000000,1779532615257000000,1779532615271000000,1779532615311000000,34.0000,19.0000,7.5000,40.0000,74.0000,9.96,T3-T5 on Isaac clock; Network_est approximate
2026-05-23T10:36:55.3819130Z,1441,1775,0,1779532615298,1779532615270000000,1779532615271000000,1779532615270000000,1779532615297000000,1779532615298000000,1779532615311000000,1779532615381000000,40.0000,27.0000,6.5000,70.0000,111.0000,11.17,T3-T5 on Isaac clock; Network_est approximate
2026-05-23T10:36:55.3856710Z,1442,1776,0,1779532615356,1779532615311000000,1779532615311000000,1779532615311000000,1779532615356000000,1779532615356000000,1779532615381000000,1779532615385000000,70.0000,45.0000,12.5000,4.0000,74.0000,13.85,T3-T5 on Isaac clock; Network_est approximate
2026-05-23T10:36:55.4505780Z,1443,1778,0,1779532615393,1779532615385000000,1779532615385000000,1779532615385000000,1779532615389000000,1779532615393000000,1779532615417000000,1779532615450000000,32.0000,4.0000,14.0000,33.0000,65.0000,14.73,T3-T5 on Isaac clock; Network_est approximate
2026-05-23T10:36:55.4833160Z,1444,1779,0,1779532615430,1779532615417000000,1779532615417000000,1779532615417000000,1779532615429000000,1779532615430000000,1779532615450000000,1779532615483000000,33.0000,12.0000,10.5000,33.0000,66.0000,14.07,T3-T5 on Isaac clock; Network_est approximate
2026-05-23T10:36:55.5485260Z,1445,1781,0,1779532615488,1779532615483000000,1779532615483000000,1779532615482000000,1779532615487000000,1779532615488000000,1779532615515000000,1779532615548000000,32.0000,5.0000,13.5000,33.0000,65.0000,13.65,T3-T5 on Isaac clock; Network_est approximate
2026-05-23T10:36:55.5813590Z,1446,1782,0,1779532615524,1779532615515000000,1779532615515000000,1779532615515000000,1779532615521000000,1779532615524000000,1779532615548000000,1779532615581000000,33.0000,6.0000,13.5000,33.0000,66.0000,12.99,T3-T5 on Isaac clock; Network_est approximate
2026-05-23T10:36:55.6142460Z,1447,1783,0,1779532615566,1779532615548000000,1779532615548000000,1779532615548000000,1779532615561000000,1779532615566000000,1779532615581000000,1779532615614000000,33.0000,13.0000,10.0000,33.0000,66.0000,12.75,T3-T5 on Isaac clock; Network_est approximate
2026-05-23T10:36:55.6796240Z,1448,1785,0,1779532615623,1779532615613000000,1779532615613000000,1779532615613000000,1779532615620000000,1779532615623000000,1779532615646000000,1779532615679000000,33.0000,7.0000,13.0000,33.0000,66.0000,12.48,T3-T5 on Isaac clock; Network_est approximate
2026-05-23T10:36:55.7128680Z,1449,1786,0,1779532615655,1779532615646000000,1779532615646000000,1779532615646000000,1779532615654000000,1779532615655000000,1779532615679000000,1779532615712000000,33.0000,8.0000,12.5000,33.0000,66.0000,11.78,T3-T5 on Isaac clock; Network_est approximate
2026-05-23T10:36:55.7455030Z,1450,1787,0,1779532615697,1779532615679000000,1779532615679000000,1779532615679000000,1779532615695000000,1779532615697000000,1779532615712000000,1779532615745000000,33.0000,16.0000,8.5000,33.0000,66.0000,11.65,T3-T5 on Isaac clock; Network_est approximate
2026-05-23T10:36:55.8109970Z,1451,1789,0,1779532615754,1779532615744000000,1779532615744000000,1779532615744000000,1779532615753000000,1779532615754000000,1779532615777000000,1779532615810000000,33.0000,9.0000,12.0000,33.0000,66.0000,11.48,T3-T5 on Isaac clock; Network_est approximate
2026-05-23T10:36:55.8522760Z,1452,1790,0,1779532615790,1779532615777000000,1779532615777000000,1779532615777000000,1779532615786000000,1779532615790000000,1779532615810000000,1779532615852000000,33.0000,9.0000,12.0000,42.0000,75.0000,11.09,T3-T5 on Isaac clock; Network_est approximate
2026-05-23T10:36:55.8840220Z,1453,1791,0,1779532615827,1779532615810000000,1779532615810000000,1779532615810000000,1779532615827000000,1779532615827000000,1779532615852000000,1779532615884000000,42.0000,17.0000,12.5000,32.0000,74.0000,10.73,T3-T5 on Isaac clock; Network_est approximate
2026-05-23T10:36:55.9553090Z,1454,1793,0,1779532615891,1779532615883000000,1779532615883000000,1779532615883000000,1779532615886000000,1779532615891000000,1779532615924000000,1779532615955000000,41.0000,3.0000,19.0000,31.0000,72.0000,10.52,T3-T5 on Isaac clock; Network_est approximate
2026-05-23T10:36:56.0244700Z,1455,1793,0,1779532615921,1779532615883000000,1779532615883000000,1779532615883000000,1779532615920000000,1779532615921000000,1779532615955000000,1779532616024000000,72.0000,37.0000,17.5000,69.0000,141.0000,12.30,T3-T5 on Isaac clock; Network_est approximate
2026-05-23T10:36:56.0279330Z,1456,1795,0,1779532615963,1779532615955000000,1779532615955000000,1779532615954000000,1779532615961000000,1779532615963000000,1779532616024000000,1779532616027000000,69.0000,7.0000,31.0000,3.0000,72.0000,13.93,T3-T5 on Isaac clock; Network_est approximate
2026-05-23T10:36:56.0619560Z,1457,1795,0,1779532616026,1779532615955000000,1779532615955000000,1779532615954000000,1779532616021000000,1779532616026000000,1779532616027000000,1779532616061000000,72.0000,67.0000,2.5000,34.0000,106.0000,14.87,T3-T5 on Isaac clock; Network_est approximate
2026-05-23T10:36:56.0950620Z,1458,1797,0,1779532616057,1779532616027000000,1779532616027000000,1779532616027000000,1779532616054000000,1779532616057000000,1779532616061000000,1779532616095000000,34.0000,27.0000,3.5000,34.0000,68.0000,14.08,T3-T5 on Isaac clock; Network_est approximate
2026-05-23T10:36:56.1609170Z,1459,1798,0,1779532616100,1779532616061000000,1779532616061000000,1779532616061000000,1779532616094000000,1779532616100000000,1779532616127000000,1779532616160000000,66.0000,33.0000,16.5000,33.0000,99.0000,14.63,T3-T5 on Isaac clock; Network_est approximate
2026-05-23T10:36:56.1936360Z,1460,1800,0,1779532616158,1779532616127000000,1779532616127000000,1779532616127000000,1779532616153000000,1779532616158000000,1779532616160000000,1779532616193000000,33.0000,26.0000,3.5000,33.0000,66.0000,15.29,T3-T5 on Isaac clock; Network_est approximate
2026-05-23T10:36:56.2264450Z,1461,1801,0,1779532616189,1779532616160000000,1779532616160000000,1779532616160000000,1779532616187000000,1779532616189000000,1779532616193000000,1779532616226000000,33.0000,27.0000,3.0000,33.0000,66.0000,14.45,T3-T5 on Isaac clock; Network_est approximate
2026-05-23T10:36:56.2922970Z,1462,1803,0,1779532616231,1779532616226000000,1779532616226000000,1779532616226000000,1779532616227000000,1779532616231000000,1779532616258000000,1779532616292000000,32.0000,1.0000,15.5000,34.0000,66.0000,15.03,T3-T5 on Isaac clock; Network_est approximate
2026-05-23T10:36:56.3650100Z,1463,1804,0,1779532616288,1779532616258000000,1779532616258000000,1779532616258000000,1779532616286000000,1779532616288000000,1779532616292000000,1779532616365000000,34.0000,28.0000,3.0000,73.0000,107.0000,15.08,T3-T5 on Isaac clock; Network_est approximate
2026-05-23T10:36:56.3684510Z,1465,1805,0,1779532616360,1779532616292000000,1779532616292000000,1779532616291000000,1779532616359000000,1779532616360000000,1779532616364000000,1779532616368000000,72.0000,68.0000,2.0000,4.0000,76.0000,18.42,T3-T5 on Isaac clock; Network_est approximate
2026-05-23T10:36:56.4734430Z,1466,1808,0,1779532616422,1779532616401000000,1779532616401000000,1779532616401000000,1779532616418000000,1779532616422000000,1779532616441000000,1779532616473000000,40.0000,17.0000,11.5000,32.0000,72.0000,19.95,T3-T5 on Isaac clock; Network_est approximate
2026-05-23T10:36:56.5059380Z,1467,1809,0,1779532616453,1779532616441000000,1779532616441000000,1779532616441000000,1779532616452000000,1779532616453000000,1779532616473000000,1779532616505000000,32.0000,11.0000,10.5000,32.0000,64.0000,18.80,T3-T5 on Isaac clock; Network_est approximate
2026-05-23T10:36:56.5386800Z,1468,1810,0,1779532616495,1779532616473000000,1779532616473000000,1779532616472000000,1779532616493000000,1779532616495000000,1779532616505000000,1779532616538000000,32.0000,21.0000,5.5000,33.0000,65.0000,18.20,T3-T5 on Isaac clock; Network_est approximate
2026-05-23T10:36:56.6044100Z,1469,1812,0,1779532616556,1779532616538000000,1779532616538000000,1779532616538000000,1779532616551000000,1779532616556000000,1779532616571000000,1779532616604000000,33.0000,13.0000,10.0000,33.0000,66.0000,17.36,T3-T5 on Isaac clock; Network_est approximate
2026-05-23T10:36:56.6371220Z,1470,1813,0,1779532616587,1779532616571000000,1779532616571000000,1779532616572000000,1779532616585000000,1779532616587000000,1779532616604000000,1779532616637000000,33.0000,13.0000,10.0000,33.0000,66.0000,16.38,T3-T5 on Isaac clock; Network_est approximate
2026-05-23T10:36:56.6695600Z,1471,1814,0,1779532616630,1779532616604000000,1779532616604000000,1779532616603000000,1779532616625000000,1779532616630000000,1779532616637000000,1779532616669000000,33.0000,22.0000,5.5000,32.0000,65.0000,16.01,T3-T5 on Isaac clock; Network_est approximate
2026-05-23T10:36:56.7349450Z,1472,1816,0,1779532616686,1779532616669000000,1779532616669000000,1779532616669000000,1779532616683000000,1779532616686000000,1779532616702000000,1779532616734000000,33.0000,14.0000,9.5000,32.0000,65.0000,15.59,T3-T5 on Isaac clock; Network_est approximate
2026-05-23T10:36:56.7675690Z,1473,1817,0,1779532616722,1779532616702000000,1779532616702000000,1779532616701000000,1779532616717000000,1779532616722000000,1779532616734000000,1779532616767000000,32.0000,16.0000,8.0000,33.0000,65.0000,14.83,T3-T5 on Isaac clock; Network_est approximate
2026-05-23T10:36:56.8011420Z,1474,1818,0,1779532616758,1779532616734000000,1779532616734000000,1779532616734000000,1779532616757000000,1779532616758000000,1779532616767000000,1779532616801000000,33.0000,23.0000,5.0000,34.0000,67.0000,14.06,T3-T5 on Isaac clock; Network_est approximate
2026-05-23T10:36:56.8773200Z,1476,1820,0,1779532616850,1779532616800000000,1779532616800000000,1779532616800000000,1779532616849000000,1779532616850000000,1779532616873000000,1779532616877000000,73.0000,49.0000,12.0000,4.0000,77.0000,14.16,T3-T5 on Isaac clock; Network_est approximate
2026-05-23T10:36:56.9500150Z,1477,1822,0,1779532616892,1779532616877000000,1779532616877000000,1779532616876000000,1779532616890000000,1779532616892000000,1779532616909000000,1779532616950000000,32.0000,14.0000,9.0000,41.0000,73.0000,15.19,T3-T5 on Isaac clock; Network_est approximate
2026-05-23T10:36:57.0138780Z,1478,1823,0,1779532616949,1779532616909000000,1779532616909000000,1779532616909000000,1779532616949000000,1779532616949000000,1779532616980000000,1779532617013000000,71.0000,40.0000,15.5000,33.0000,104.0000,14.67,T3-T5 on Isaac clock; Network_est approximate
2026-05-23T10:36:57.0830780Z,1479,1825,0,1779532616987,1779532616980000000,1779532616980000000,1779532616980000000,1779532616982000000,1779532616987000000,1779532617013000000,1779532617083000000,33.0000,2.0000,15.5000,70.0000,103.0000,15.70,T3-T5 on Isaac clock; Network_est approximate
2026-05-23T10:36:57.0860840Z,1481,1826,0,1779532617080,1779532617013000000,1779532617013000000,1779532617013000000,1779532617080000000,1779532617080000000,1779532617083000000,1779532617086000000,70.0000,67.0000,1.5000,3.0000,73.0000,20.34,T3-T5 on Isaac clock; Network_est approximate
2026-05-23T10:36:57.1527820Z,1482,1828,0,1779532617117,1779532617085000000,1779532617085000000,1779532617085000000,1779532617113000000,1779532617117000000,1779532617119000000,1779532617152000000,34.0000,28.0000,3.0000,33.0000,67.0000,20.93,T3-T5 on Isaac clock; Network_est approximate
2026-05-23T10:36:57.2187240Z,1483,1830,0,1779532617154,1779532617152000000,1779532617152000000,1779532617152000000,1779532617153000000,1779532617154000000,1779532617186000000,1779532617218000000,34.0000,1.0000,16.5000,32.0000,66.0000,21.43,T3-T5 on Isaac clock; Network_est approximate
2026-05-23T10:36:57.2512730Z,1484,1831,0,1779532617212,1779532617186000000,1779532617186000000,1779532617185000000,1779532617212000000,1779532617212000000,1779532617218000000,1779532617251000000,32.0000,27.0000,2.5000,33.0000,65.0000,21.68,T3-T5 on Isaac clock; Network_est approximate
2026-05-23T10:36:57.2847010Z,1485,1832,0,1779532617248,1779532617218000000,1779532617218000000,1779532617218000000,1779532617245000000,1779532617248000000,1779532617251000000,1779532617284000000,33.0000,27.0000,3.0000,33.0000,66.0000,20.48,T3-T5 on Isaac clock; Network_est approximate
2026-05-23T10:36:57.3600830Z,1486,1834,0,1779532617286,1779532617284000000,1779532617284000000,1779532617284000000,1779532617286000000,1779532617286000000,1779532617317000000,1779532617360000000,33.0000,2.0000,15.5000,43.0000,76.0000,21.52,T3-T5 on Isaac clock; Network_est approximate
2026-05-23T10:36:57.3910850Z,1487,1835,0,1779532617344,1779532617317000000,1779532617317000000,1779532617316000000,1779532617344000000,1779532617344000000,1779532617359000000,1779532617391000000,42.0000,28.0000,7.0000,32.0000,74.0000,21.86,T3-T5 on Isaac clock; Network_est approximate
2026-05-23T10:36:57.4313330Z,1488,1836,0,1779532617381,1779532617359000000,1779532617359000000,1779532617359000000,1779532617377000000,1779532617381000000,1779532617391000000,1779532617431000000,32.0000,18.0000,7.0000,40.0000,72.0000,20.69,T3-T5 on Isaac clock; Network_est approximate
2026-05-23T10:36:57.4623530Z,1489,1837,0,1779532617422,1779532617390000000,1779532617390000000,1779532617390000000,1779532617418000000,1779532617422000000,1779532617431000000,1779532617462000000,41.0000,28.0000,6.5000,31.0000,72.0000,20.02,T3-T5 on Isaac clock; Network_est approximate
2026-05-23T10:36:57.5277920Z,1490,1839,0,1779532617480,1779532617462000000,1779532617462000000,1779532617461000000,1779532617477000000,1779532617480000000,1779532617494000000,1779532617527000000,32.0000,16.0000,8.0000,33.0000,65.0000,19.22,T3-T5 on Isaac clock; Network_est approximate
2026-05-23T10:36:57.5601930Z,1491,1840,0,1779532617512,1779532617494000000,1779532617494000000,1779532617494000000,1779532617511000000,1779532617512000000,1779532617527000000,1779532617560000000,33.0000,17.0000,8.0000,33.0000,66.0000,18.06,T3-T5 on Isaac clock; Network_est approximate
2026-05-23T10:36:57.5933570Z,1492,1841,0,1779532617553,1779532617527000000,1779532617527000000,1779532617527000000,1779532617551000000,1779532617553000000,1779532617560000000,1779532617593000000,33.0000,24.0000,4.5000,33.0000,66.0000,17.42,T3-T5 on Isaac clock; Network_est approximate
2026-05-23T10:36:57.6584500Z,1493,1843,0,1779532617611,1779532617593000000,1779532617593000000,1779532617592000000,1779532617609000000,1779532617611000000,1779532617625000000,1779532617658000000,32.0000,17.0000,7.5000,33.0000,65.0000,16.77,T3-T5 on Isaac clock; Network_est approximate
2026-05-23T10:36:57.6912480Z,1494,1844,0,1779532617642,1779532617625000000,1779532617625000000,1779532617624000000,1779532617642000000,1779532617642000000,1779532617658000000,1779532617691000000,33.0000,18.0000,7.5000,33.0000,66.0000,15.84,T3-T5 on Isaac clock; Network_est approximate
2026-05-23T10:36:57.7239060Z,1495,1845,0,1779532617685,1779532617658000000,1779532617658000000,1779532617657000000,1779532617683000000,1779532617685000000,1779532617691000000,1779532617723000000,33.0000,26.0000,3.5000,32.0000,65.0000,15.49,T3-T5 on Isaac clock; Network_est approximate
2026-05-23T10:36:57.7890830Z,1496,1847,0,1779532617742,1779532617723000000,1779532617723000000,1779532617723000000,1779532617740000000,1779532617742000000,1779532617756000000,1779532617789000000,33.0000,17.0000,8.0000,33.0000,66.0000,15.04,T3-T5 on Isaac clock; Network_est approximate
2026-05-23T10:36:57.8222600Z,1497,1848,0,1779532617778,1779532617756000000,1779532617756000000,1779532617756000000,1779532617774000000,1779532617778000000,1779532617789000000,1779532617822000000,33.0000,18.0000,7.5000,33.0000,66.0000,14.28,T3-T5 on Isaac clock; Network_est approximate
2026-05-23T10:36:57.8563670Z,1498,1849,0,1779532617820,1779532617788000000,1779532617788000000,1779532617788000000,1779532617815000000,1779532617820000000,1779532617822000000,1779532617856000000,34.0000,27.0000,3.5000,34.0000,68.0000,13.88,T3-T5 on Isaac clock; Network_est approximate
2026-05-23T10:36:57.9677020Z,1499,1851,0,1779532617875,1779532617856000000,1779532617856000000,1779532617855000000,1779532617874000000,1779532617875000000,1779532617897000000,1779532617967000000,41.0000,19.0000,11.0000,70.0000,111.0000,16.52,T3-T5 on Isaac clock; Network_est approximate
2026-05-23T10:36:57.9716880Z,1501,1852,0,1779532617953,1779532617897000000,1779532617897000000,1779532617897000000,1779532617948000000,1779532617953000000,1779532617967000000,1779532617971000000,70.0000,51.0000,9.5000,4.0000,74.0000,20.14,T3-T5 on Isaac clock; Network_est approximate
2026-05-23T10:36:58.0691090Z,1502,1855,0,1779532618007,1779532618003000000,1779532618003000000,1779532618003000000,1779532618006000000,1779532618007000000,1779532618036000000,1779532618069000000,33.0000,3.0000,15.0000,33.0000,66.0000,21.62,T3-T5 on Isaac clock; Network_est approximate
2026-05-23T10:36:58.1013760Z,1503,1856,0,1779532618043,1779532618036000000,1779532618036000000,1779532618036000000,1779532618040000000,1779532618043000000,1779532618069000000,1779532618101000000,33.0000,4.0000,14.5000,32.0000,65.0000,20.50,T3-T5 on Isaac clock; Network_est approximate
2026-05-23T10:36:58.1702250Z,1504,1857,0,1779532618084,1779532618068000000,1779532618068000000,1779532618068000000,1779532618080000000,1779532618084000000,1779532618101000000,1779532618170000000,33.0000,12.0000,10.5000,69.0000,102.0000,20.96,T3-T5 on Isaac clock; Network_est approximate
2026-05-23T10:36:58.1735040Z,1505,1858,0,1779532618141,1779532618101000000,1779532618101000000,1779532618100000000,1779532618138000000,1779532618141000000,1779532618170000000,1779532618173000000,69.0000,38.0000,15.5000,3.0000,72.0000,23.01,T3-T5 on Isaac clock; Network_est approximate
2026-05-23T10:36:58.2401560Z,1506,1859,0,1779532618173,1779532618170000000,1779532618170000000,1779532618170000000,1779532618171000000,1779532618173000000,1779532618206000000,1779532618240000000,36.0000,1.0000,17.5000,34.0000,70.0000,23.73,T3-T5 on Isaac clock; Network_est approximate
2026-05-23T10:36:58.2733690Z,1507,1861,0,1779532618214,1779532618206000000,1779532618206000000,1779532618206000000,1779532618213000000,1779532618214000000,1779532618240000000,1779532618273000000,34.0000,7.0000,13.5000,33.0000,67.0000,22.73,T3-T5 on Isaac clock; Network_est approximate
2026-05-23T10:36:58.3392150Z,1508,1862,0,1779532618271,1779532618239000000,1779532618239000000,1779532618240000000,1779532618271000000,1779532618271000000,1779532618305000000,1779532618339000000,66.0000,31.0000,17.5000,34.0000,100.0000,21.85,T3-T5 on Isaac clock; Network_est approximate
2026-05-23T10:36:58.3724060Z,1509,1864,0,1779532618308,1779532618305000000,1779532618305000000,1779532618305000000,1779532618306000000,1779532618308000000,1779532618339000000,1779532618372000000,34.0000,1.0000,16.5000,33.0000,67.0000,20.70,T3-T5 on Isaac clock; Network_est approximate
2026-05-23T10:36:58.4133180Z,1510,1865,0,1779532618350,1779532618338000000,1779532618338000000,1779532618338000000,1779532618347000000,1779532618350000000,1779532618372000000,1779532618413000000,34.0000,9.0000,12.5000,41.0000,75.0000,19.48,T3-T5 on Isaac clock; Network_est approximate
2026-05-23T10:36:58.4442800Z,1511,1866,0,1779532618406,1779532618372000000,1779532618372000000,1779532618371000000,1779532618405000000,1779532618406000000,1779532618413000000,1779532618444000000,41.0000,34.0000,3.5000,31.0000,72.0000,19.82,T3-T5 on Isaac clock; Network_est approximate
2026-05-23T10:36:58.5163770Z,1513,1868,0,1779532618479,1779532618444000000,1779532618444000000,1779532618443000000,1779532618479000000,1779532618479000000,1779532618484000000,1779532618516000000,40.0000,36.0000,2.0000,32.0000,72.0000,18.64,T3-T5 on Isaac clock; Network_est approximate
2026-05-23T10:36:58.5810080Z,1514,1870,0,1779532618537,1779532618516000000,1779532618516000000,1779532618515000000,1779532618537000000,1779532618537000000,1779532618548000000,1779532618581000000,32.0000,22.0000,5.0000,33.0000,65.0000,17.89,T3-T5 on Isaac clock; Network_est approximate
2026-05-23T10:36:58.6145950Z,1515,1871,0,1779532618574,1779532618548000000,1779532618548000000,1779532618547000000,1779532618570000000,1779532618574000000,1779532618580000000,1779532618614000000,32.0000,23.0000,4.5000,34.0000,66.0000,16.98,T3-T5 on Isaac clock; Network_est approximate
2026-05-23T10:36:58.6790590Z,1516,1872,0,1779532618616,1779532618580000000,1779532618580000000,1779532618580000000,1779532618611000000,1779532618616000000,1779532618647000000,1779532618679000000,67.0000,31.0000,18.0000,32.0000,99.0000,17.32,T3-T5 on Isaac clock; Network_est approximate
2026-05-23T10:36:58.7121420Z,1517,1874,0,1779532618673,1779532618646000000,1779532618646000000,1779532618646000000,1779532618670000000,1779532618673000000,1779532618679000000,1779532618712000000,33.0000,24.0000,4.5000,33.0000,66.0000,17.73,T3-T5 on Isaac clock; Network_est approximate
2026-05-23T10:36:58.7445710Z,1518,1875,0,1779532618709,1779532618678000000,1779532618678000000,1779532618678000000,1779532618704000000,1779532618709000000,1779532618712000000,1779532618744000000,34.0000,26.0000,4.0000,32.0000,66.0000,16.85,T3-T5 on Isaac clock; Network_est approximate
2026-05-23T10:36:58.8092780Z,1519,1877,0,1779532618747,1779532618744000000,1779532618744000000,1779532618744000000,1779532618746000000,1779532618747000000,1779532618776000000,1779532618809000000,32.0000,2.0000,15.0000,33.0000,65.0000,17.46,T3-T5 on Isaac clock; Network_est approximate
2026-05-23T10:36:58.8756140Z,1520,1878,0,1779532618811,1779532618776000000,1779532618776000000,1779532618776000000,1779532618806000000,1779532618811000000,1779532618842000000,1779532618875000000,66.0000,30.0000,18.0000,33.0000,99.0000,16.51,T3-T5 on Isaac clock; Network_est approximate
2026-05-23T10:36:58.9163480Z,1521,1879,0,1779532618843,1779532618809000000,1779532618809000000,1779532618808000000,1779532618841000000,1779532618843000000,1779532618875000000,1779532618916000000,66.0000,33.0000,16.5000,41.0000,107.0000,16.03,T3-T5 on Isaac clock; Network_est approximate
2026-05-23T10:36:58.9470260Z,1522,1881,0,1779532618884,1779532618875000000,1779532618875000000,1779532618875000000,1779532618881000000,1779532618884000000,1779532618916000000,1779532618947000000,41.0000,6.0000,17.5000,31.0000,72.0000,15.67,T3-T5 on Isaac clock; Network_est approximate
2026-05-23T10:36:58.9888140Z,1523,1882,0,1779532618943,1779532618916000000,1779532618916000000,1779532618915000000,1779532618940000000,1779532618943000000,1779532618946000000,1779532618988000000,30.0000,25.0000,2.5000,42.0000,72.0000,15.78,T3-T5 on Isaac clock; Network_est approximate
2026-05-23T10:36:59.0197170Z,1524,1883,0,1779532618974,1779532618946000000,1779532618946000000,1779532618946000000,1779532618973000000,1779532618974000000,1779532618988000000,1779532619019000000,42.0000,27.0000,7.5000,31.0000,73.0000,14.80,T3-T5 on Isaac clock; Network_est approximate
2026-05-23T10:36:59.0525800Z,1525,1884,0,1779532619015,1779532618988000000,1779532618988000000,1779532618988000000,1779532619013000000,1779532619015000000,1779532619019000000,1779532619052000000,31.0000,25.0000,3.0000,33.0000,64.0000,14.40,T3-T5 on Isaac clock; Network_est approximate
2026-05-23T10:36:59.1173980Z,1526,1886,0,1779532619072,1779532619051000000,1779532619051000000,1779532619051000000,1779532619071000000,1779532619072000000,1779532619084000000,1779532619117000000,33.0000,20.0000,6.5000,33.0000,66.0000,14.01,T3-T5 on Isaac clock; Network_est approximate
2026-05-23T10:36:59.1502650Z,1527,1887,0,1779532619104,1779532619084000000,1779532619084000000,1779532619084000000,1779532619104000000,1779532619104000000,1779532619117000000,1779532619150000000,33.0000,20.0000,6.5000,33.0000,66.0000,13.20,T3-T5 on Isaac clock; Network_est approximate
2026-05-23T10:36:59.2188090Z,1528,1888,0,1779532619146,1779532619117000000,1779532619117000000,1779532619116000000,1779532619145000000,1779532619146000000,1779532619150000000,1779532619218000000,33.0000,29.0000,2.0000,68.0000,101.0000,14.02,T3-T5 on Isaac clock; Network_est approximate
2026-05-23T10:36:59.2225360Z,1529,1889,0,1779532619208,1779532619150000000,1779532619150000000,1779532619149000000,1779532619204000000,1779532619208000000,1779532619218000000,1779532619222000000,68.0000,55.0000,6.5000,4.0000,72.0000,16.78,T3-T5 on Isaac clock; Network_est approximate
2026-05-23T10:36:59.2890840Z,1530,1891,0,1779532619240,1779532619222000000,1779532619222000000,1779532619221000000,1779532619238000000,1779532619240000000,1779532619256000000,1779532619289000000,34.0000,17.0000,8.5000,33.0000,67.0000,17.88,T3-T5 on Isaac clock; Network_est approximate
2026-05-23T10:36:59.3221310Z,1531,1892,0,1779532619283,1779532619256000000,1779532619256000000,1779532619255000000,1779532619279000000,1779532619283000000,1779532619289000000,1779532619322000000,33.0000,24.0000,4.5000,33.0000,66.0000,17.38,T3-T5 on Isaac clock; Network_est approximate
2026-05-23T10:36:59.4266360Z,1532,1894,0,1779532619340,1779532619321000000,1779532619321000000,1779532619321000000,1779532619337000000,1779532619340000000,1779532619355000000,1779532619426000000,34.0000,16.0000,9.0000,71.0000,105.0000,19.27,T3-T5 on Isaac clock; Network_est approximate
2026-05-23T10:36:59.4318490Z,1534,1895,0,1779532619412,1779532619355000000,1779532619355000000,1779532619355000000,1779532619410000000,1779532619412000000,1779532619426000000,1779532619431000000,71.0000,55.0000,8.0000,5.0000,76.0000,22.24,T3-T5 on Isaac clock; Network_est approximate
2026-05-23T10:36:59.5374880Z,1536,1898,0,1779532619502,1779532619464000000,1779532619464000000,1779532619464000000,1779532619501000000,1779532619502000000,1779532619505000000,1779532619537000000,41.0000,37.0000,2.0000,32.0000,73.0000,21.82,T3-T5 on Isaac clock; Network_est approximate
2026-05-23T10:36:59.6019030Z,1537,1900,0,1779532619545,1779532619537000000,1779532619537000000,1779532619536000000,1779532619542000000,1779532619545000000,1779532619569000000,1779532619601000000,32.0000,6.0000,13.0000,32.0000,64.0000,21.80,T3-T5 on Isaac clock; Network_est approximate
2026-05-23T10:36:59.6671200Z,1538,1901,0,1779532619602,1779532619569000000,1779532619569000000,1779532619568000000,1779532619601000000,1779532619602000000,1779532619634000000,1779532619667000000,65.0000,33.0000,16.0000,33.0000,98.0000,20.95,T3-T5 on Isaac clock; Network_est approximate
2026-05-23T10:36:59.6994920Z,1539,1903,0,1779532619635,1779532619634000000,1779532619634000000,1779532619634000000,1779532619635000000,1779532619635000000,1779532619667000000,1779532619699000000,33.0000,1.0000,16.0000,32.0000,65.0000,19.68,T3-T5 on Isaac clock; Network_est approximate
2026-05-23T10:36:59.7322630Z,1540,1904,0,1779532619676,1779532619666000000,1779532619666000000,1779532619666000000,1779532619675000000,1779532619676000000,1779532619699000000,1779532619732000000,33.0000,9.0000,12.0000,33.0000,66.0000,18.97,T3-T5 on Isaac clock; Network_est approximate
2026-05-23T10:36:59.7980820Z,1541,1906,0,1779532619734,1779532619732000000,1779532619732000000,1779532619731000000,1779532619734000000,1779532619734000000,1779532619765000000,1779532619798000000,33.0000,3.0000,15.0000,33.0000,66.0000,18.26,T3-T5 on Isaac clock; Network_est approximate
2026-05-23T10:36:59.8301200Z,1542,1907,0,1779532619771,1779532619764000000,1779532619765000000,1779532619764000000,1779532619768000000,1779532619771000000,1779532619797000000,1779532619830000000,32.0000,4.0000,14.0000,33.0000,66.0000,17.42,T3-T5 on Isaac clock; Network_est approximate
2026-05-23T10:36:59.8635880Z,1543,1908,0,1779532619812,1779532619797000000,1779532619797000000,1779532619797000000,1779532619809000000,1779532619812000000,1779532619830000000,1779532619863000000,33.0000,12.0000,10.5000,33.0000,66.0000,16.80,T3-T5 on Isaac clock; Network_est approximate
2026-05-23T10:36:59.9384110Z,1545,1910,0,1779532619906,1779532619863000000,1779532619863000000,1779532619863000000,1779532619902000000,1779532619906000000,1779532619934000000,1779532619938000000,71.0000,39.0000,16.0000,4.0000,75.0000,16.94,T3-T5 on Isaac clock; Network_est approximate
2026-05-23T10:37:00.0035410Z,1546,1912,0,1779532619944,1779532619938000000,1779532619938000000,1779532619937000000,1779532619943000000,1779532619944000000,1779532619970000000,1779532620003000000,32.0000,6.0000,13.0000,33.0000,65.0000,17.58,T3-T5 on Isaac clock; Network_est approximate
2026-05-23T10:37:00.0701190Z,1547,1913,0,1779532620002,1779532619970000000,1779532619970000000,1779532619970000000,1779532620001000000,1779532620002000000,1779532620037000000,1779532620070000000,67.0000,31.0000,18.0000,33.0000,100.0000,16.99,T3-T5 on Isaac clock; Network_est approximate
2026-05-23T10:37:00.1031970Z,1548,1914,0,1779532620038,1779532620003000000,1779532620003000000,1779532620002000000,1779532620036000000,1779532620038000000,1779532620069000000,1779532620103000000,66.0000,34.0000,16.0000,34.0000,100.0000,16.11,T3-T5 on Isaac clock; Network_est approximate
2026-05-23T10:37:00.1357690Z,1549,1916,0,1779532620075,1779532620069000000,1779532620069000000,1779532620069000000,1779532620075000000,1779532620075000000,1779532620103000000,1779532620135000000,34.0000,6.0000,14.0000,32.0000,66.0000,15.39,T3-T5 on Isaac clock; Network_est approximate
2026-05-23T10:37:00.2008610Z,1550,1917,0,1779532620137,1779532620102000000,1779532620102000000,1779532620102000000,1779532620133000000,1779532620137000000,1779532620168000000,1779532620200000000,66.0000,31.0000,17.5000,32.0000,98.0000,14.65,T3-T5 on Isaac clock; Network_est approximate
2026-05-23T10:37:00.2345470Z,1551,1918,0,1779532620168,1779532620135000000,1779532620135000000,1779532620134000000,1779532620167000000,1779532620168000000,1779532620200000000,1779532620234000000,65.0000,33.0000,16.0000,34.0000,99.0000,13.89,T3-T5 on Isaac clock; Network_est approximate
2026-05-23T10:37:00.3023010Z,1552,1920,0,1779532620209,1779532620200000000,1779532620200000000,1779532620200000000,1779532620206000000,1779532620209000000,1779532620234000000,1779532620302000000,34.0000,6.0000,14.0000,68.0000,102.0000,14.70,T3-T5 on Isaac clock; Network_est approximate
2026-05-23T10:37:00.3061910Z,1553,1921,0,1779532620270,1779532620234000000,1779532620234000000,1779532620233000000,1779532620265000000,1779532620270000000,1779532620302000000,1779532620306000000,68.0000,32.0000,18.0000,4.0000,72.0000,17.35,T3-T5 on Isaac clock; Network_est approximate
2026-05-23T10:37:00.3397370Z,1554,1921,0,1779532620301,1779532620234000000,1779532620234000000,1779532620233000000,1779532620299000000,1779532620301000000,1779532620306000000,1779532620339000000,72.0000,66.0000,3.0000,33.0000,105.0000,16.43,T3-T5 on Isaac clock; Network_est approximate
2026-05-23T10:37:00.4460370Z,1555,1924,0,1779532620343,1779532620339000000,1779532620339000000,1779532620339000000,1779532620340000000,1779532620343000000,1779532620373000000,1779532620446000000,34.0000,1.0000,16.5000,73.0000,107.0000,19.42,T3-T5 on Isaac clock; Network_est approximate
2026-05-23T10:37:00.4496200Z,1557,1925,0,1779532620435,1779532620373000000,1779532620373000000,1779532620373000000,1779532620434000000,1779532620435000000,1779532620445000000,1779532620449000000,72.0000,61.0000,5.5000,4.0000,76.0000,23.72,T3-T5 on Isaac clock; Network_est approximate
2026-05-23T10:37:00.5234720Z,1558,1927,0,1779532620477,1779532620449000000,1779532620449000000,1779532620448000000,1779532620475000000,1779532620477000000,1779532620482000000,1779532620523000000,33.0000,27.0000,3.0000,41.0000,74.0000,24.23,T3-T5 on Isaac clock; Network_est approximate
2026-05-23T10:37:00.5869960Z,1559,1929,0,1779532620534,1779532620523000000,1779532620523000000,1779532620527000000,1779532620532000000,1779532620534000000,1779532620554000000,1779532620586000000,31.0000,5.0000,13.0000,32.0000,63.0000,23.12,T3-T5 on Isaac clock; Network_est approximate
2026-05-23T10:37:00.6197860Z,1560,1930,0,1779532620570,1779532620553000000,1779532620553000000,1779532620553000000,1779532620568000000,1779532620570000000,1779532620586000000,1779532620619000000,33.0000,15.0000,9.0000,33.0000,66.0000,21.87,T3-T5 on Isaac clock; Network_est approximate
2026-05-23T10:37:00.6528480Z,1561,1931,0,1779532620612,1779532620586000000,1779532620586000000,1779532620586000000,1779532620608000000,1779532620612000000,1779532620619000000,1779532620652000000,33.0000,22.0000,5.5000,33.0000,66.0000,21.06,T3-T5 on Isaac clock; Network_est approximate
2026-05-23T10:37:00.7179490Z,1562,1933,0,1779532620668,1779532620652000000,1779532620652000000,1779532620652000000,1779532620665000000,1779532620668000000,1779532620685000000,1779532620717000000,33.0000,13.0000,10.0000,32.0000,65.0000,20.30,T3-T5 on Isaac clock; Network_est approximate
2026-05-23T10:37:00.7506510Z,1563,1934,0,1779532620705,1779532620684000000,1779532620684000000,1779532620684000000,1779532620700000000,1779532620705000000,1779532620717000000,1779532620750000000,33.0000,16.0000,8.5000,33.0000,66.0000,19.29,T3-T5 on Isaac clock; Network_est approximate
2026-05-23T10:37:00.7837190Z,1564,1935,0,1779532620742,1779532620717000000,1779532620717000000,1779532620717000000,1779532620741000000,1779532620742000000,1779532620750000000,1779532620783000000,33.0000,24.0000,4.5000,33.0000,66.0000,18.33,T3-T5 on Isaac clock; Network_est approximate
2026-05-23T10:37:00.8488430Z,1565,1937,0,1779532620803,1779532620783000000,1779532620783000000,1779532620783000000,1779532620799000000,1779532620803000000,1779532620815000000,1779532620848000000,32.0000,16.0000,8.0000,33.0000,65.0000,17.44,T3-T5 on Isaac clock; Network_est approximate
2026-05-23T10:37:00.8832340Z,1566,1938,0,1779532620835,1779532620815000000,1779532620815000000,1779532620815000000,1779532620833000000,1779532620835000000,1779532620848000000,1779532620883000000,33.0000,18.0000,7.5000,35.0000,68.0000,16.49,T3-T5 on Isaac clock; Network_est approximate
2026-05-23T10:37:00.9541190Z,1567,1939,0,1779532620877,1779532620848000000,1779532620848000000,1779532620848000000,1779532620874000000,1779532620877000000,1779532620883000000,1779532620954000000,35.0000,26.0000,4.5000,71.0000,106.0000,17.27,T3-T5 on Isaac clock; Network_est approximate
2026-05-23T10:37:00.9582130Z,1568,1940,0,1779532620934,1779532620882000000,1779532620882000000,1779532620882000000,1779532620934000000,1779532620934000000,1779532620954000000,1779532620958000000,72.0000,52.0000,10.0000,4.0000,76.0000,19.49,T3-T5 on Isaac clock; Network_est approximate
2026-05-23T10:37:01.0312750Z,1569,1942,0,1779532620971,1779532620958000000,1779532620958000000,1779532620957000000,1779532620967000000,1779532620971000000,1779532620990000000,1779532621031000000,32.0000,10.0000,11.0000,41.0000,73.0000,20.52,T3-T5 on Isaac clock; Network_est approximate
2026-05-23T10:37:01.0623590Z,1570,1943,0,1779532621008,1779532620990000000,1779532620990000000,1779532620992000000,1779532621007000000,1779532621008000000,1779532621031000000,1779532621062000000,41.0000,15.0000,13.0000,31.0000,72.0000,19.61,T3-T5 on Isaac clock; Network_est approximate
2026-05-23T10:37:01.1274640Z,1571,1945,0,1779532621065,1779532621062000000,1779532621062000000,1779532621061000000,1779532621065000000,1779532621065000000,1779532621095000000,1779532621127000000,33.0000,4.0000,14.5000,32.0000,65.0000,18.89,T3-T5 on Isaac clock; Network_est approximate
2026-05-23T10:37:01.1604890Z,1572,1946,0,1779532621102,1779532621095000000,1779532621095000000,1779532621094000000,1779532621099000000,1779532621102000000,1779532621127000000,1779532621160000000,32.0000,5.0000,13.5000,33.0000,65.0000,17.96,T3-T5 on Isaac clock; Network_est approximate
2026-05-23T10:37:01.1932590Z,1573,1947,0,1779532621143,1779532621127000000,1779532621127000000,1779532621126000000,1779532621140000000,1779532621143000000,1779532621160000000,1779532621193000000,33.0000,14.0000,9.5000,33.0000,66.0000,17.35,T3-T5 on Isaac clock; Network_est approximate
2026-05-23T10:37:01.2581940Z,1574,1949,0,1779532621199,1779532621192000000,1779532621192000000,1779532621192000000,1779532621198000000,1779532621199000000,1779532621225000000,1779532621258000000,33.0000,6.0000,13.5000,33.0000,66.0000,16.83,T3-T5 on Isaac clock; Network_est approximate
2026-05-23T10:37:01.2909470Z,1575,1950,0,1779532621236,1779532621225000000,1779532621225000000,1779532621227000000,1779532621231000000,1779532621236000000,1779532621258000000,1779532621290000000,33.0000,4.0000,14.5000,32.0000,65.0000,16.05,T3-T5 on Isaac clock; Network_est approximate
2026-05-23T10:37:01.3238080Z,1576,1951,0,1779532621273,1779532621257000000,1779532621257000000,1779532621257000000,1779532621271000000,1779532621273000000,1779532621290000000,1779532621323000000,33.0000,14.0000,9.5000,33.0000,66.0000,15.30,T3-T5 on Isaac clock; Network_est approximate
2026-05-23T10:37:01.3968440Z,1578,1953,0,1779532621366,1779532621323000000,1779532621323000000,1779532621323000000,1779532621363000000,1779532621366000000,1779532621392000000,1779532621396000000,69.0000,40.0000,14.5000,4.0000,73.0000,15.59,T3-T5 on Isaac clock; Network_est approximate
2026-05-23T10:37:01.4729030Z,1579,1955,0,1779532621408,1779532621396000000,1779532621396000000,1779532621396000000,1779532621403000000,1779532621408000000,1779532621430000000,1779532621472000000,34.0000,7.0000,13.5000,42.0000,76.0000,16.74,T3-T5 on Isaac clock; Network_est approximate
2026-05-23T10:37:01.5424300Z,1580,1956,0,1779532621466,1779532621430000000,1779532621430000000,1779532621431000000,1779532621461000000,1779532621466000000,1779532621472000000,1779532621542000000,42.0000,30.0000,6.0000,70.0000,112.0000,16.41,T3-T5 on Isaac clock; Network_est approximate
2026-05-23T10:37:01.5464110Z,1582,1957,0,1779532621538,1779532621472000000,1779532621472000000,1779532621472000000,1779532621534000000,1779532621538000000,1779532621542000000,1779532621546000000,70.0000,62.0000,4.0000,4.0000,74.0000,19.63,T3-T5 on Isaac clock; Network_est approximate
2026-05-23T10:37:01.6437730Z,1583,1960,0,1779532621596,1779532621578000000,1779532621578000000,1779532621577000000,1779532621593000000,1779532621596000000,1779532621610000000,1779532621643000000,32.0000,16.0000,8.0000,33.0000,65.0000,20.86,T3-T5 on Isaac clock; Network_est approximate
2026-05-23T10:37:01.6765020Z,1584,1961,0,1779532621627,1779532621610000000,1779532621610000000,1779532621610000000,1779532621626000000,1779532621627000000,1779532621643000000,1779532621676000000,33.0000,16.0000,8.5000,33.0000,66.0000,19.66,T3-T5 on Isaac clock; Network_est approximate
2026-05-23T10:37:01.7091640Z,1585,1962,0,1779532621668,1779532621643000000,1779532621643000000,1779532621643000000,1779532621667000000,1779532621668000000,1779532621676000000,1779532621709000000,33.0000,24.0000,4.5000,33.0000,66.0000,18.94,T3-T5 on Isaac clock; Network_est approximate
2026-05-23T10:37:01.7746280Z,1586,1964,0,1779532621727,1779532621708000000,1779532621709000000,1779532621708000000,1779532621727000000,1779532621727000000,1779532621741000000,1779532621774000000,32.0000,19.0000,6.5000,33.0000,66.0000,18.16,T3-T5 on Isaac clock; Network_est approximate
2026-05-23T10:37:01.8076600Z,1587,1965,0,1779532621764,1779532621741000000,1779532621741000000,1779532621741000000,1779532621761000000,1779532621764000000,1779532621774000000,1779532621807000000,33.0000,20.0000,6.5000,33.0000,66.0000,17.29,T3-T5 on Isaac clock; Network_est approximate
2026-05-23T10:37:01.8397030Z,1588,1966,0,1779532621806,1779532621774000000,1779532621774000000,1779532621774000000,1779532621802000000,1779532621806000000,1779532621807000000,1779532621839000000,33.0000,28.0000,2.5000,32.0000,65.0000,16.82,T3-T5 on Isaac clock; Network_est approximate
2026-05-23T10:37:01.9053200Z,1589,1968,0,1779532621864,1779532621839000000,1779532621839000000,1779532621839000000,1779532621860000000,1779532621864000000,1779532621872000000,1779532621905000000,33.0000,21.0000,6.0000,33.0000,66.0000,16.24,T3-T5 on Isaac clock; Network_est approximate
2026-05-23T10:37:01.9389170Z,1590,1969,0,1779532621895,1779532621872000000,1779532621872000000,1779532621872000000,1779532621893000000,1779532621895000000,1779532621905000000,1779532621938000000,33.0000,21.0000,6.0000,33.0000,66.0000,15.38,T3-T5 on Isaac clock; Network_est approximate
2026-05-23T10:37:02.0114150Z,1591,1970,0,1779532621937,1779532621905000000,1779532621905000000,1779532621904000000,1779532621934000000,1779532621937000000,1779532621979000000,1779532622011000000,74.0000,30.0000,22.0000,32.0000,106.0000,16.33,T3-T5 on Isaac clock; Network_est approximate
2026-05-23T10:37:02.0516870Z,1592,1972,0,1779532621995,1779532621979000000,1779532621979000000,1779532621979000000,1779532621991000000,1779532621995000000,1779532622011000000,1779532622051000000,32.0000,12.0000,10.0000,40.0000,72.0000,16.42,T3-T5 on Isaac clock; Network_est approximate
2026-05-23T10:37:02.0829850Z,1593,1973,0,1779532622026,1779532622011000000,1779532622011000000,1779532622011000000,1779532622024000000,1779532622026000000,1779532622051000000,1779532622082000000,40.0000,13.0000,13.5000,31.0000,71.0000,15.41,T3-T5 on Isaac clock; Network_est approximate
2026-05-23T10:37:02.1153920Z,1594,1974,0,1779532622067,1779532622051000000,1779532622051000000,1779532622051000000,1779532622065000000,1779532622067000000,1779532622082000000,1779532622115000000,31.0000,14.0000,8.5000,33.0000,64.0000,14.98,T3-T5 on Isaac clock; Network_est approximate
2026-05-23T10:37:02.1804240Z,1595,1976,0,1779532622125,1779532622115000000,1779532622115000000,1779532622118000000,1779532622123000000,1779532622125000000,1779532622148000000,1779532622180000000,33.0000,5.0000,14.0000,32.0000,65.0000,14.48,T3-T5 on Isaac clock; Network_est approximate
2026-05-23T10:37:02.2134170Z,1596,1977,0,1779532622161,1779532622147000000,1779532622147000000,1779532622150000000,1779532622156000000,1779532622161000000,1779532622180000000,1779532622213000000,33.0000,6.0000,13.5000,33.0000,66.0000,13.76,T3-T5 on Isaac clock; Network_est approximate
2026-05-23T10:37:02.2461620Z,1597,1978,0,1779532622198,1779532622180000000,1779532622180000000,1779532622179000000,1779532622197000000,1779532622198000000,1779532622213000000,1779532622246000000,33.0000,18.0000,7.5000,33.0000,66.0000,13.19,T3-T5 on Isaac clock; Network_est approximate
2026-05-23T10:37:02.3113390Z,1598,1980,0,1779532622256,1779532622245000000,1779532622245000000,1779532622245000000,1779532622255000000,1779532622256000000,1779532622278000000,1779532622311000000,33.0000,10.0000,11.5000,33.0000,66.0000,12.80,T3-T5 on Isaac clock; Network_est approximate
2026-05-23T10:37:02.3437280Z,1599,1981,0,1779532622292,1779532622277000000,1779532622277000000,1779532622277000000,1779532622288000000,1779532622292000000,1779532622311000000,1779532622343000000,34.0000,11.0000,11.5000,32.0000,66.0000,12.20,T3-T5 on Isaac clock; Network_est approximate
2026-05-23T10:37:02.3761480Z,1600,1982,0,1779532622329,1779532622310000000,1779532622310000000,1779532622310000000,1779532622328000000,1779532622329000000,1779532622343000000,1779532622376000000,33.0000,18.0000,7.5000,33.0000,66.0000,11.72,T3-T5 on Isaac clock; Network_est approximate
2026-05-23T10:37:02.4850260Z,1601,1984,0,1779532622386,1779532622375000000,1779532622375000000,1779532622380000000,1779532622386000000,1779532622386000000,1779532622408000000,1779532622485000000,33.0000,6.0000,13.5000,77.0000,110.0000,14.23,T3-T5 on Isaac clock; Network_est approximate
2026-05-23T10:37:02.4884970Z,1603,1985,0,1779532622464,1779532622408000000,1779532622408000000,1779532622408000000,1779532622459000000,1779532622464000000,1779532622484000000,1779532622488000000,76.0000,51.0000,12.5000,4.0000,80.0000,17.99,T3-T5 on Isaac clock; Network_est approximate
2026-05-23T10:37:02.5941820Z,1605,1988,0,1779532622559,1779532622522000000,1779532622522000000,1779532622522000000,1779532622556000000,1779532622559000000,1779532622563000000,1779532622594000000,41.0000,34.0000,3.5000,31.0000,72.0000,17.53,T3-T5 on Isaac clock; Network_est approximate
2026-05-23T10:37:02.6601800Z,1606,1990,0,1779532622600,1779532622594000000,1779532622594000000,1779532622594000000,1779532622596000000,1779532622600000000,1779532622626000000,1779532622660000000,32.0000,2.0000,15.0000,34.0000,66.0000,17.99,T3-T5 on Isaac clock; Network_est approximate
2026-05-23T10:37:02.6927550Z,1607,1991,0,1779532622657,1779532622626000000,1779532622626000000,1779532622626000000,1779532622657000000,1779532622657000000,1779532622660000000,1779532622692000000,34.0000,31.0000,1.5000,32.0000,66.0000,18.39,T3-T5 on Isaac clock; Network_est approximate
2026-05-23T10:37:02.7578080Z,1608,1992,0,1779532622694,1779532622659000000,1779532622659000000,1779532622660000000,1779532622690000000,1779532622694000000,1779532622725000000,1779532622757000000,66.0000,30.0000,18.0000,32.0000,98.0000,18.99,T3-T5 on Isaac clock; Network_est approximate
2026-05-23T10:37:02.7902320Z,1609,1994,0,1779532622730,1779532622724000000,1779532622724000000,1779532622724000000,1779532622730000000,1779532622730000000,1779532622757000000,1779532622790000000,33.0000,6.0000,13.5000,33.0000,66.0000,18.03,T3-T5 on Isaac clock; Network_est approximate
2026-05-23T10:37:02.8555430Z,1610,1995,0,1779532622793,1779532622757000000,1779532622757000000,1779532622757000000,1779532622789000000,1779532622793000000,1779532622822000000,1779532622855000000,65.0000,32.0000,16.5000,33.0000,98.0000,17.05,T3-T5 on Isaac clock; Network_est approximate
2026-05-23T10:37:02.8883990Z,1611,1996,0,1779532622824,1779532622789000000,1779532622790000000,1779532622789000000,1779532622822000000,1779532622824000000,1779532622855000000,1779532622888000000,65.0000,33.0000,16.0000,33.0000,99.0000,16.10,T3-T5 on Isaac clock; Network_est approximate
2026-05-23T10:37:02.9210340Z,1612,1998,0,1779532622866,1779532622855000000,1779532622855000000,1779532622855000000,1779532622862000000,1779532622866000000,1779532622888000000,1779532622921000000,33.0000,7.0000,13.0000,33.0000,66.0000,15.68,T3-T5 on Isaac clock; Network_est approximate
2026-05-23T10:37:03.0259830Z,1613,2000,0,1779532622922,1779532622920000000,1779532622920000000,1779532622920000000,1779532622921000000,1779532622922000000,1779532622954000000,1779532623025000000,34.0000,1.0000,16.5000,71.0000,105.0000,17.75,T3-T5 on Isaac clock; Network_est approximate
2026-05-23T10:37:03.0293690Z,1615,2001,0,1779532623000,1779532622953000000,1779532622953000000,1779532622953000000,1779532622997000000,1779532623000000000,1779532623025000000,1779532623029000000,72.0000,44.0000,14.0000,4.0000,76.0000,21.30,T3-T5 on Isaac clock; Network_est approximate
2026-05-23T10:37:03.1032100Z,1616,2003,0,1779532623059,1779532623029000000,1779532623029000000,1779532623029000000,1779532623054000000,1779532623059000000,1779532623062000000,1779532623103000000,33.0000,25.0000,4.0000,41.0000,74.0000,20.89,T3-T5 on Isaac clock; Network_est approximate
2026-05-23T10:37:03.1342660Z,1617,2004,0,1779532623090,1779532623062000000,1779532623062000000,1779532623063000000,1779532623088000000,1779532623090000000,1779532623103000000,1779532623134000000,41.0000,25.0000,8.0000,31.0000,72.0000,19.59,T3-T5 on Isaac clock; Network_est approximate
2026-05-23T10:37:03.1669960Z,1618,2005,0,1779532623132,1779532623102000000,1779532623103000000,1779532623102000000,1779532623128000000,1779532623132000000,1779532623134000000,1779532623166000000,31.0000,26.0000,2.5000,32.0000,64.0000,18.94,T3-T5 on Isaac clock; Network_est approximate
2026-05-23T10:37:03.2322070Z,1619,2007,0,1779532623189,1779532623166000000,1779532623166000000,1779532623166000000,1779532623185000000,1779532623189000000,1779532623199000000,1779532623232000000,33.0000,19.0000,7.0000,33.0000,66.0000,18.28,T3-T5 on Isaac clock; Network_est approximate
2026-05-23T10:37:03.2645880Z,1620,2008,0,1779532623225,1779532623199000000,1779532623199000000,1779532623199000000,1779532623222000000,1779532623225000000,1779532623232000000,1779532623264000000,33.0000,23.0000,5.0000,32.0000,65.0000,17.36,T3-T5 on Isaac clock; Network_est approximate
2026-05-23T10:37:03.3299120Z,1621,2009,0,1779532623267,1779532623232000000,1779532623232000000,1779532623231000000,1779532623262000000,1779532623267000000,1779532623297000000,1779532623329000000,65.0000,31.0000,17.0000,32.0000,97.0000,17.72,T3-T5 on Isaac clock; Network_est approximate
2026-05-23T10:37:03.3634460Z,1622,2011,0,1779532623324,1779532623296000000,1779532623296000000,1779532623296000000,1779532623320000000,1779532623324000000,1779532623329000000,1779532623363000000,33.0000,24.0000,4.5000,34.0000,67.0000,18.08,T3-T5 on Isaac clock; Network_est approximate
2026-05-23T10:37:03.3958740Z,1623,2012,0,1779532623356,1779532623329000000,1779532623329000000,1779532623329000000,1779532623354000000,1779532623356000000,1779532623363000000,1779532623395000000,34.0000,25.0000,4.5000,32.0000,66.0000,16.96,T3-T5 on Isaac clock; Network_est approximate
2026-05-23T10:37:03.4610760Z,1624,2013,0,1779532623398,1779532623363000000,1779532623363000000,1779532623362000000,1779532623393000000,1779532623398000000,1779532623427000000,1779532623461000000,64.0000,31.0000,16.5000,34.0000,98.0000,17.37,T3-T5 on Isaac clock; Network_est approximate
2026-05-23T10:37:03.5330990Z,1625,2015,0,1779532623455,1779532623427000000,1779532623427000000,1779532623427000000,1779532623452000000,1779532623455000000,1779532623461000000,1779532623533000000,34.0000,25.0000,4.5000,72.0000,106.0000,17.23,T3-T5 on Isaac clock; Network_est approximate
2026-05-23T10:37:03.5781650Z,1627,2016,0,1779532623529,1779532623460000000,1779532623460000000,1779532623460000000,1779532623527000000,1779532623529000000,1779532623533000000,1779532623578000000,73.0000,67.0000,3.0000,45.0000,118.0000,17.96,T3-T5 on Isaac clock; Network_est approximate
2026-05-23T10:37:03.6486750Z,1628,2019,0,1779532623587,1779532623581000000,1779532623581000000,1779532623581000000,1779532623584000000,1779532623587000000,1779532623615000000,1779532623648000000,34.0000,3.0000,15.5000,33.0000,67.0000,17.62,T3-T5 on Isaac clock; Network_est approximate
2026-05-23T10:37:03.6815140Z,1629,2020,0,1779532623619,1779532623615000000,1779532623615000000,1779532623615000000,1779532623617000000,1779532623619000000,1779532623648000000,1779532623681000000,33.0000,2.0000,15.5000,33.0000,66.0000,16.57,T3-T5 on Isaac clock; Network_est approximate
2026-05-23T10:37:03.7143340Z,1630,2021,0,1779532623661,1779532623648000000,1779532623648000000,1779532623648000000,1779532623657000000,1779532623661000000,1779532623681000000,1779532623714000000,33.0000,9.0000,12.0000,33.0000,66.0000,16.11,T3-T5 on Isaac clock; Network_est approximate
2026-05-23T10:37:03.7796030Z,1631,2023,0,1779532623720,1779532623714000000,1779532623714000000,1779532623713000000,1779532623716000000,1779532623720000000,1779532623746000000,1779532623779000000,32.0000,3.0000,14.5000,33.0000,65.0000,15.48,T3-T5 on Isaac clock; Network_est approximate
2026-05-23T10:37:03.8120780Z,1632,2024,0,1779532623751,1779532623746000000,1779532623746000000,1779532623746000000,1779532623749000000,1779532623751000000,1779532623779000000,1779532623812000000,33.0000,3.0000,15.0000,33.0000,66.0000,14.61,T3-T5 on Isaac clock; Network_est approximate
2026-05-23T10:37:03.8447940Z,1633,2025,0,1779532623793,1779532623779000000,1779532623779000000,1779532623779000000,1779532623791000000,1779532623793000000,1779532623812000000,1779532623844000000,33.0000,12.0000,10.5000,32.0000,65.0000,14.28,T3-T5 on Isaac clock; Network_est approximate
2026-05-23T10:37:03.9101920Z,1634,2027,0,1779532623851,1779532623844000000,1779532623844000000,1779532623844000000,1779532623851000000,1779532623851000000,1779532623877000000,1779532623910000000,33.0000,7.0000,13.0000,33.0000,66.0000,13.85,T3-T5 on Isaac clock; Network_est approximate
2026-05-23T10:37:03.9430200Z,1635,2028,0,1779532623887,1779532623877000000,1779532623877000000,1779532623877000000,1779532623885000000,1779532623887000000,1779532623910000000,1779532623943000000,33.0000,8.0000,12.5000,33.0000,66.0000,13.19,T3-T5 on Isaac clock; Network_est approximate
2026-05-23T10:37:03.9759870Z,1636,2029,0,1779532623929,1779532623910000000,1779532623910000000,1779532623909000000,1779532623925000000,1779532623929000000,1779532623942000000,1779532623975000000,32.0000,16.0000,8.0000,33.0000,65.0000,12.93,T3-T5 on Isaac clock; Network_est approximate
2026-05-23T10:37:04.0511260Z,1638,2031,0,1779532624024,1779532623975000000,1779532623975000000,1779532623975000000,1779532624016000000,1779532624024000000,1779532624047000000,1779532624051000000,72.0000,41.0000,15.5000,4.0000,76.0000,13.36,T3-T5 on Isaac clock; Network_est approximate
2026-05-23T10:37:04.1239280Z,1639,2033,0,1779532624056,1779532624050000000,1779532624050000000,1779532624050000000,1779532624056000000,1779532624056000000,1779532624083000000,1779532624123000000,33.0000,6.0000,13.5000,40.0000,73.0000,15.07,T3-T5 on Isaac clock; Network_est approximate
2026-05-23T10:37:04.1549420Z,1640,2034,0,1779532624119,1779532624083000000,1779532624083000000,1779532624083000000,1779532624114000000,1779532624119000000,1779532624123000000,1779532624154000000,40.0000,31.0000,4.5000,31.0000,71.0000,16.12,T3-T5 on Isaac clock; Network_est approximate
2026-05-23T10:37:04.1875570Z,1641,2035,0,1779532624149,1779532624123000000,1779532624123000000,1779532624123000000,1779532624147000000,1779532624149000000,1779532624154000000,1779532624187000000,31.0000,24.0000,3.5000,33.0000,64.0000,15.28,T3-T5 on Isaac clock; Network_est approximate
2026-05-23T10:37:04.2534230Z,1642,2037,0,1779532624192,1779532624187000000,1779532624187000000,1779532624186000000,1779532624187000000,1779532624192000000,1779532624220000000,1779532624253000000,33.0000,1.0000,16.0000,33.0000,66.0000,15.75,T3-T5 on Isaac clock; Network_est approximate
2026-05-23T10:37:04.2857760Z,1643,2038,0,1779532624249,1779532624219000000,1779532624219000000,1779532624219000000,1779532624245000000,1779532624249000000,1779532624253000000,1779532624285000000,34.0000,26.0000,4.0000,32.0000,66.0000,16.31,T3-T5 on Isaac clock; Network_est approximate
2026-05-23T10:37:04.3187280Z,1644,2039,0,1779532624281,1779532624253000000,1779532624253000000,1779532624252000000,1779532624278000000,1779532624281000000,1779532624285000000,1779532624318000000,32.0000,26.0000,3.0000,33.0000,65.0000,15.35,T3-T5 on Isaac clock; Network_est approximate
2026-05-23T10:37:04.3846610Z,1645,2041,0,1779532624322,1779532624318000000,1779532624318000000,1779532624318000000,1779532624320000000,1779532624322000000,1779532624350000000,1779532624384000000,32.0000,2.0000,15.0000,34.0000,66.0000,15.95,T3-T5 on Isaac clock; Network_est approximate
2026-05-23T10:37:04.4172400Z,1646,2042,0,1779532624379,1779532624350000000,1779532624350000000,1779532624350000000,1779532624378000000,1779532624379000000,1779532624384000000,1779532624417000000,34.0000,28.0000,3.0000,33.0000,67.0000,16.49,T3-T5 on Isaac clock; Network_est approximate
2026-05-23T10:37:04.4496690Z,1647,2043,0,1779532624414,1779532624384000000,1779532624384000000,1779532624384000000,1779532624412000000,1779532624414000000,1779532624417000000,1779532624449000000,33.0000,28.0000,2.5000,32.0000,65.0000,15.61,T3-T5 on Isaac clock; Network_est approximate
2026-05-23T10:37:04.5545470Z,1648,2045,0,1779532624457,1779532624449000000,1779532624449000000,1779532624449000000,1779532624452000000,1779532624457000000,1779532624482000000,1779532624554000000,33.0000,3.0000,15.0000,72.0000,105.0000,18.51,T3-T5 on Isaac clock; Network_est approximate
2026-05-23T10:37:04.5579510Z,1650,2046,0,1779532624545,1779532624482000000,1779532624482000000,1779532624481000000,1779532624544000000,1779532624545000000,1779532624554000000,1779532624557000000,72.0000,63.0000,4.5000,3.0000,75.0000,22.64,T3-T5 on Isaac clock; Network_est approximate
2026-05-23T10:37:04.6355560Z,1651,2048,0,1779532624587,1779532624557000000,1779532624557000000,1779532624557000000,1779532624584000000,1779532624587000000,1779532624593000000,1779532624635000000,36.0000,27.0000,4.5000,42.0000,78.0000,23.44,T3-T5 on Isaac clock; Network_est approximate
2026-05-23T10:37:04.7169230Z,1653,2050,0,1779532624679,1779532624635000000,1779532624635000000,1779532624634000000,1779532624675000000,1779532624679000000,1779532624710000000,1779532624716000000,75.0000,41.0000,17.0000,6.0000,81.0000,22.66,T3-T5 on Isaac clock; Network_est approximate
2026-05-23T10:37:04.7915590Z,1654,2051,0,1779532624717,1779532624710000000,1779532624710000000,1779532624710000000,1779532624716000000,1779532624717000000,1779532624755000000,1779532624791000000,45.0000,6.0000,19.5000,36.0000,81.0000,23.55,T3-T5 on Isaac clock; Network_est approximate
2026-05-23T10:37:04.8279150Z,1655,2053,0,1779532624779,1779532624755000000,1779532624755000000,1779532624755000000,1779532624775000000,1779532624779000000,1779532624791000000,1779532624827000000,36.0000,20.0000,8.0000,36.0000,72.0000,23.68,T3-T5 on Isaac clock; Network_est approximate
2026-05-23T10:37:04.8604930Z,1656,2054,0,1779532624811,1779532624791000000,1779532624791000000,1779532624791000000,1779532624808000000,1779532624811000000,1779532624827000000,1779532624860000000,36.0000,17.0000,9.5000,33.0000,69.0000,22.23,T3-T5 on Isaac clock; Network_est approximate
2026-05-23T10:37:04.8934580Z,1657,2055,0,1779532624854,1779532624827000000,1779532624827000000,1779532624827000000,1779532624849000000,1779532624854000000,1779532624860000000,1779532624893000000,33.0000,22.0000,5.5000,33.0000,66.0000,21.47,T3-T5 on Isaac clock; Network_est approximate
2026-05-23T10:37:04.9587360Z,1658,2057,0,1779532624911,1779532624893000000,1779532624893000000,1779532624892000000,1779532624908000000,1779532624911000000,1779532624925000000,1779532624958000000,32.0000,16.0000,8.0000,33.0000,65.0000,20.65,T3-T5 on Isaac clock; Network_est approximate
2026-05-23T10:37:04.9920970Z,1659,2058,0,1779532624948,1779532624925000000,1779532624925000000,1779532624925000000,1779532624943000000,1779532624948000000,1779532624958000000,1779532624992000000,33.0000,18.0000,7.5000,34.0000,67.0000,19.59,T3-T5 on Isaac clock; Network_est approximate
2026-05-23T10:37:05.0253770Z,1660,2059,0,1779532624984,1779532624958000000,1779532624958000000,1779532624958000000,1779532624982000000,1779532624984000000,1779532624992000000,1779532625025000000,34.0000,24.0000,5.0000,33.0000,67.0000,18.53,T3-T5 on Isaac clock; Network_est approximate
2026-05-23T10:37:05.1364130Z,1661,2061,0,1779532625042,1779532625025000000,1779532625025000000,1779532625024000000,1779532625040000000,1779532625042000000,1779532625066000000,1779532625136000000,41.0000,16.0000,12.5000,70.0000,111.0000,20.68,T3-T5 on Isaac clock; Network_est approximate
2026-05-23T10:37:05.1397390Z,1663,2062,0,1779532625115,1779532625065000000,1779532625065000000,1779532625065000000,1779532625114000000,1779532625115000000,1779532625136000000,1779532625139000000,71.0000,49.0000,11.0000,3.0000,74.0000,23.74,T3-T5 on Isaac clock; Network_est approximate
2026-05-23T10:37:05.2375130Z,1664,2065,0,1779532625175,1779532625171000000,1779532625171000000,1779532625171000000,1779532625171000000,1779532625175000000,1779532625205000000,1779532625237000000,34.0000,0.0000,17.0000,32.0000,66.0000,24.62,T3-T5 on Isaac clock; Network_est approximate
2026-05-23T10:37:05.2705230Z,1665,2065,0,1779532625206,1779532625171000000,1779532625171000000,1779532625171000000,1779532625204000000,1779532625206000000,1779532625237000000,1779532625270000000,66.0000,33.0000,16.5000,33.0000,99.0000,23.21,T3-T5 on Isaac clock; Network_est approximate
2026-05-23T10:37:05.3040750Z,1666,2067,0,1779532625247,1779532625237000000,1779532625237000000,1779532625236000000,1779532625245000000,1779532625247000000,1779532625270000000,1779532625304000000,33.0000,9.0000,12.0000,34.0000,67.0000,22.23,T3-T5 on Isaac clock; Network_est approximate
2026-05-23T10:37:05.3688710Z,1667,2068,0,1779532625304,1779532625270000000,1779532625270000000,1779532625270000000,1779532625302000000,1779532625304000000,1779532625336000000,1779532625368000000,66.0000,32.0000,17.0000,32.0000,98.0000,21.33,T3-T5 on Isaac clock; Network_est approximate
2026-05-23T10:37:05.4017830Z,1668,2070,0,1779532625338,1779532625335000000,1779532625335000000,1779532625335000000,1779532625337000000,1779532625338000000,1779532625368000000,1779532625401000000,33.0000,2.0000,15.5000,33.0000,66.0000,20.07,T3-T5 on Isaac clock; Network_est approximate
2026-05-23T10:37:05.4346850Z,1669,2071,0,1779532625380,1779532625368000000,1779532625368000000,1779532625368000000,1779532625377000000,1779532625380000000,1779532625401000000,1779532625434000000,33.0000,9.0000,12.0000,33.0000,66.0000,19.38,T3-T5 on Isaac clock; Network_est approximate
2026-05-23T10:37:05.5002360Z,1670,2073,0,1779532625439,1779532625434000000,1779532625434000000,1779532625434000000,1779532625435000000,1779532625439000000,1779532625466000000,1779532625500000000,32.0000,1.0000,15.5000,34.0000,66.0000,18.57,T3-T5 on Isaac clock; Network_est approximate
2026-05-23T10:37:05.5335280Z,1671,2074,0,1779532625470,1779532625466000000,1779532625466000000,1779532625466000000,1779532625467000000,1779532625470000000,1779532625500000000,1779532625533000000,34.0000,1.0000,16.5000,33.0000,67.0000,17.56,T3-T5 on Isaac clock; Network_est approximate
2026-05-23T10:37:05.5742190Z,1672,2075,0,1779532625512,1779532625499000000,1779532625499000000,1779532625499000000,1779532625507000000,1779532625512000000,1779532625533000000,1779532625574000000,34.0000,8.0000,13.0000,41.0000,75.0000,16.56,T3-T5 on Isaac clock; Network_est approximate
2026-05-23T10:37:05.6050380Z,1673,2076,0,1779532625569,1779532625533000000,1779532625533000000,1779532625533000000,1779532625565000000,1779532625569000000,1779532625574000000,1779532625605000000,41.0000,32.0000,4.5000,31.0000,72.0000,17.14,T3-T5 on Isaac clock; Network_est approximate
2026-05-23T10:37:05.6452100Z,1674,2077,0,1779532625601,1779532625573000000,1779532625573000000,1779532625573000000,1779532625599000000,1779532625601000000,1779532625604000000,1779532625645000000,31.0000,26.0000,2.5000,41.0000,72.0000,16.58,T3-T5 on Isaac clock; Network_est approximate
2026-05-23T10:37:05.6761950Z,1675,2078,0,1779532625642,1779532625604000000,1779532625604000000,1779532625604000000,1779532625638000000,1779532625642000000,1779532625645000000,1779532625676000000,41.0000,34.0000,3.5000,31.0000,72.0000,16.16,T3-T5 on Isaac clock; Network_est approximate
2026-05-23T10:37:05.7789670Z,1676,2080,0,1779532625700,1779532625676000000,1779532625676000000,1779532625675000000,1779532625696000000,1779532625700000000,1779532625708000000,1779532625778000000,32.0000,21.0000,5.5000,70.0000,102.0000,17.94,T3-T5 on Isaac clock; Network_est approximate
2026-05-23T10:37:05.7821590Z,1678,2081,0,1779532625771,1779532625708000000,1779532625708000000,1779532625708000000,1779532625769000000,1779532625771000000,1779532625778000000,1779532625782000000,70.0000,61.0000,4.5000,4.0000,74.0000,21.05,T3-T5 on Isaac clock; Network_est approximate
2026-05-23T10:37:05.8822580Z,1679,2084,0,1779532625830,1779532625815000000,1779532625815000000,1779532625814000000,1779532625828000000,1779532625830000000,1779532625848000000,1779532625882000000,33.0000,14.0000,9.5000,34.0000,67.0000,22.30,T3-T5 on Isaac clock; Network_est approximate
2026-05-23T10:37:05.9149380Z,1680,2085,0,1779532625862,1779532625848000000,1779532625848000000,1779532625848000000,1779532625862000000,1779532625862000000,1779532625882000000,1779532625914000000,34.0000,14.0000,10.0000,32.0000,66.0000,20.95,T3-T5 on Isaac clock; Network_est approximate
2026-05-23T10:37:05.9474610Z,1681,2086,0,1779532625904,1779532625882000000,1779532625882000000,1779532625881000000,1779532625902000000,1779532625904000000,1779532625914000000,1779532625947000000,32.0000,21.0000,5.5000,33.0000,65.0000,20.23,T3-T5 on Isaac clock; Network_est approximate
2026-05-23T10:37:06.0135070Z,1682,2088,0,1779532625963,1779532625947000000,1779532625947000000,1779532625946000000,1779532625959000000,1779532625963000000,1779532625980000000,1779532626013000000,33.0000,13.0000,10.0000,33.0000,66.0000,19.41,T3-T5 on Isaac clock; Network_est approximate
2026-05-23T10:37:06.0464520Z,1683,2089,0,1779532625995,1779532625980000000,1779532625980000000,1779532625979000000,1779532625992000000,1779532625995000000,1779532626013000000,1779532626046000000,33.0000,13.0000,10.0000,33.0000,66.0000,18.25,T3-T5 on Isaac clock; Network_est approximate
2026-05-23T10:37:06.0869680Z,1684,2090,0,1779532626036,1779532626013000000,1779532626013000000,1779532626013000000,1779532626032000000,1779532626036000000,1779532626046000000,1779532626086000000,33.0000,19.0000,7.0000,40.0000,73.0000,17.15,T3-T5 on Isaac clock; Network_est approximate
2026-05-23T10:37:06.1615660Z,1686,2092,0,1779532626131,1779532626086000000,1779532626086000000,1779532626086000000,1779532626126000000,1779532626131000000,1779532626157000000,1779532626161000000,71.0000,40.0000,15.5000,4.0000,75.0000,17.35,T3-T5 on Isaac clock; Network_est approximate
2026-05-23T10:37:06.2266390Z,1687,2094,0,1779532626168,1779532626161000000,1779532626161000000,1779532626161000000,1779532626165000000,1779532626168000000,1779532626194000000,1779532626226000000,33.0000,4.0000,14.5000,32.0000,65.0000,18.02,T3-T5 on Isaac clock; Network_est approximate
2026-05-23T10:37:06.2922160Z,1688,2095,0,1779532626226,1779532626193000000,1779532626194000000,1779532626193000000,1779532626223000000,1779532626226000000,1779532626259000000,1779532626292000000,65.0000,30.0000,17.5000,33.0000,99.0000,17.36,T3-T5 on Isaac clock; Network_est approximate
2026-05-23T10:37:06.3246180Z,1689,2096,0,1779532626263,1779532626226000000,1779532626226000000,1779532626225000000,1779532626257000000,1779532626263000000,1779532626292000000,1779532626324000000,66.0000,32.0000,17.0000,32.0000,98.0000,16.56,T3-T5 on Isaac clock; Network_est approximate
2026-05-23T10:37:06.3572370Z,1690,2098,0,1779532626300,1779532626291000000,1779532626291000000,1779532626291000000,1779532626298000000,1779532626300000000,1779532626324000000,1779532626357000000,33.0000,7.0000,13.0000,33.0000,66.0000,15.81,T3-T5 on Isaac clock; Network_est approximate
2026-05-23T10:37:06.4222260Z,1691,2100,0,1779532626357,1779532626356000000,1779532626356000000,1779532626356000000,1779532626357000000,1779532626357000000,1779532626389000000,1779532626422000000,33.0000,1.0000,16.0000,33.0000,66.0000,15.33,T3-T5 on Isaac clock; Network_est approximate
2026-05-23T10:37:06.4553970Z,1692,2101,0,1779532626399,1779532626389000000,1779532626389000000,1779532626388000000,1779532626394000000,1779532626399000000,1779532626422000000,1779532626455000000,33.0000,6.0000,13.5000,33.0000,66.0000,14.92,T3-T5 on Isaac clock; Network_est approximate
2026-05-23T10:37:06.4878910Z,1693,2102,0,1779532626440,1779532626422000000,1779532626422000000,1779532626421000000,1779532626435000000,1779532626440000000,1779532626455000000,1779532626487000000,33.0000,14.0000,9.5000,32.0000,65.0000,14.52,T3-T5 on Isaac clock; Network_est approximate
2026-05-23T10:37:06.5547850Z,1694,2104,0,1779532626497,1779532626487000000,1779532626487000000,1779532626487000000,1779532626492000000,1779532626497000000,1779532626520000000,1779532626554000000,33.0000,5.0000,14.0000,34.0000,67.0000,14.22,T3-T5 on Isaac clock; Network_est approximate
2026-05-23T10:37:06.5956900Z,1695,2105,0,1779532626528,1779532626520000000,1779532626520000000,1779532626520000000,1779532626526000000,1779532626528000000,1779532626554000000,1779532626595000000,34.0000,6.0000,14.0000,41.0000,75.0000,13.96,T3-T5 on Isaac clock; Network_est approximate
2026-05-23T10:37:06.6267350Z,1696,2106,0,1779532626569,1779532626554000000,1779532626554000000,1779532626554000000,1779532626566000000,1779532626569000000,1779532626595000000,1779532626626000000,41.0000,12.0000,14.5000,31.0000,72.0000,13.71,T3-T5 on Isaac clock; Network_est approximate
2026-05-23T10:37:06.6680430Z,1697,2107,0,1779532626625,1779532626595000000,1779532626595000000,1779532626594000000,1779532626624000000,1779532626625000000,1779532626626000000,1779532626668000000,31.0000,30.0000,0.5000,42.0000,73.0000,13.79,T3-T5 on Isaac clock; Network_est approximate
2026-05-23T10:37:06.6989650Z,1698,2108,0,1779532626661,1779532626626000000,1779532626626000000,1779532626626000000,1779532626657000000,1779532626661000000,1779532626667000000,1779532626698000000,41.0000,31.0000,5.0000,31.0000,72.0000,13.22,T3-T5 on Isaac clock; Network_est approximate
2026-05-23T10:37:06.7640450Z,1699,2109,0,1779532626702,1779532626667000000,1779532626667000000,1779532626666000000,1779532626698000000,1779532626702000000,1779532626731000000,1779532626764000000,64.0000,32.0000,16.0000,33.0000,97.0000,13.90,T3-T5 on Isaac clock; Network_est approximate
2026-05-23T10:37:06.7965350Z,1700,2111,0,1779532626760,1779532626730000000,1779532626730000000,1779532626730000000,1779532626757000000,1779532626760000000,1779532626764000000,1779532626796000000,34.0000,27.0000,3.5000,32.0000,66.0000,14.63,T3-T5 on Isaac clock; Network_est approximate
2026-05-23T10:37:06.8652400Z,1701,2112,0,1779532626791,1779532626763000000,1779532626763000000,1779532626763000000,1779532626791000000,1779532626791000000,1779532626796000000,1779532626865000000,33.0000,28.0000,2.5000,69.0000,102.0000,16.07,T3-T5 on Isaac clock; Network_est approximate
2026-05-23T10:37:06.8685200Z,1702,2113,0,1779532626833,1779532626796000000,1779532626796000000,1779532626796000000,1779532626831000000,1779532626833000000,1779532626865000000,1779532626868000000,69.0000,35.0000,17.0000,3.0000,72.0000,17.48,T3-T5 on Isaac clock; Network_est approximate
2026-05-23T10:37:06.9355350Z,1703,2115,0,1779532626890,1779532626868000000,1779532626868000000,1779532626868000000,1779532626889000000,1779532626890000000,1779532626901000000,1779532626935000000,33.0000,21.0000,6.0000,34.0000,67.0000,17.00,T3-T5 on Isaac clock; Network_est approximate
2026-05-23T10:37:06.9681290Z,1704,2116,0,1779532626927,1779532626901000000,1779532626901000000,1779532626901000000,1779532626922000000,1779532626927000000,1779532626935000000,1779532626968000000,34.0000,21.0000,6.5000,33.0000,67.0000,16.21,T3-T5 on Isaac clock; Network_est approximate
2026-05-23T10:37:07.0009800Z,1705,2117,0,1779532626965,1779532626935000000,1779532626935000000,1779532626934000000,1779532626962000000,1779532626965000000,1779532626968000000,1779532627000000000,33.0000,28.0000,2.5000,32.0000,65.0000,15.52,T3-T5 on Isaac clock; Network_est approximate
2026-05-23T10:37:07.0670550Z,1706,2119,0,1779532627022,1779532627000000000,1779532627000000000,1779532627000000000,1779532627020000000,1779532627022000000,1779532627034000000,1779532627067000000,34.0000,20.0000,7.0000,33.0000,67.0000,15.12,T3-T5 on Isaac clock; Network_est approximate
2026-05-23T10:37:07.1087830Z,1707,2120,0,1779532627058,1779532627033000000,1779532627034000000,1779532627033000000,1779532627053000000,1779532627058000000,1779532627066000000,1779532627108000000,32.0000,20.0000,6.0000,42.0000,75.0000,14.53,T3-T5 on Isaac clock; Network_est approximate
2026-05-23T10:37:07.1396560Z,1708,2121,0,1779532627094,1779532627066000000,1779532627066000000,1779532627066000000,1779532627094000000,1779532627094000000,1779532627108000000,1779532627139000000,42.0000,28.0000,7.0000,31.0000,73.0000,13.94,T3-T5 on Isaac clock; Network_est approximate
2026-05-23T10:37:07.2112970Z,1709,2123,0,1779532627156,1779532627139000000,1779532627139000000,1779532627140000000,1779532627152000000,1779532627156000000,1779532627179000000,1779532627211000000,40.0000,12.0000,14.0000,32.0000,72.0000,13.67,T3-T5 on Isaac clock; Network_est approximate
2026-05-23T10:37:07.2443740Z,1710,2124,0,1779532627188,1779532627179000000,1779532627179000000,1779532627179000000,1779532627185000000,1779532627188000000,1779532627211000000,1779532627244000000,32.0000,6.0000,13.0000,33.0000,65.0000,12.88,T3-T5 on Isaac clock; Network_est approximate
2026-05-23T10:37:07.2765180Z,1711,2125,0,1779532627229,1779532627211000000,1779532627211000000,1779532627210000000,1779532627225000000,1779532627229000000,1779532627244000000,1779532627276000000,33.0000,15.0000,9.0000,32.0000,65.0000,12.63,T3-T5 on Isaac clock; Network_est approximate
2026-05-23T10:37:07.3425310Z,1712,2127,0,1779532627286,1779532627276000000,1779532627276000000,1779532627275000000,1779532627283000000,1779532627286000000,1779532627308000000,1779532627342000000,32.0000,8.0000,12.0000,34.0000,66.0000,12.39,T3-T5 on Isaac clock; Network_est approximate
2026-05-23T10:37:07.3750080Z,1713,2128,0,1779532627317,1779532627308000000,1779532627308000000,1779532627308000000,1779532627316000000,1779532627317000000,1779532627342000000,1779532627375000000,34.0000,8.0000,13.0000,33.0000,67.0000,11.72,T3-T5 on Isaac clock; Network_est approximate
2026-05-23T10:37:07.4068160Z,1714,2129,0,1779532627359,1779532627342000000,1779532627342000000,1779532627341000000,1779532627356000000,1779532627359000000,1779532627374000000,1779532627406000000,32.0000,15.0000,8.5000,32.0000,64.0000,11.62,T3-T5 on Isaac clock; Network_est approximate
2026-05-23T10:37:07.4727660Z,1715,2131,0,1779532627419,1779532627406000000,1779532627406000000,1779532627406000000,1779532627415000000,1779532627419000000,1779532627439000000,1779532627472000000,33.0000,9.0000,12.0000,33.0000,66.0000,11.26,T3-T5 on Isaac clock; Network_est approximate
2026-05-23T10:37:07.5047760Z,1716,2132,0,1779532627451,1779532627439000000,1779532627439000000,1779532627439000000,1779532627447000000,1779532627451000000,1779532627472000000,1779532627504000000,33.0000,8.0000,12.5000,32.0000,65.0000,10.56,T3-T5 on Isaac clock; Network_est approximate
2026-05-23T10:37:07.5377000Z,1717,2133,0,1779532627493,1779532627472000000,1779532627472000000,1779532627472000000,1779532627488000000,1779532627493000000,1779532627504000000,1779532627537000000,32.0000,16.0000,8.0000,33.0000,65.0000,10.47,T3-T5 on Isaac clock; Network_est approximate
2026-05-23T10:37:07.6112350Z,1718,2135,0,1779532627550,1779532627537000000,1779532627537000000,1779532627537000000,1779532627546000000,1779532627550000000,1779532627570000000,1779532627611000000,33.0000,9.0000,12.0000,41.0000,74.0000,10.85,T3-T5 on Isaac clock; Network_est approximate
2026-05-23T10:37:07.6428450Z,1719,2136,0,1779532627586,1779532627570000000,1779532627570000000,1779532627570000000,1779532627583000000,1779532627586000000,1779532627611000000,1779532627642000000,41.0000,13.0000,14.0000,31.0000,72.0000,10.45,T3-T5 on Isaac clock; Network_est approximate
2026-05-23T10:37:07.6835970Z,1720,2137,0,1779532627623,1779532627610000000,1779532627611000000,1779532627610000000,1779532627623000000,1779532627623000000,1779532627642000000,1779532627683000000,31.0000,13.0000,9.0000,41.0000,73.0000,10.03,T3-T5 on Isaac clock; Network_est approximate
2026-05-23T10:37:07.7475300Z,1721,2138,0,1779532627686,1779532627642000000,1779532627642000000,1779532627642000000,1779532627681000000,1779532627686000000,1779532627714000000,1779532627747000000,72.0000,39.0000,16.5000,33.0000,105.0000,9.44,T3-T5 on Isaac clock; Network_est approximate
2026-05-23T10:37:07.7796600Z,1722,2140,0,1779532627718,1779532627714000000,1779532627714000000,1779532627714000000,1779532627714000000,1779532627718000000,1779532627747000000,1779532627779000000,33.0000,0.0000,16.5000,32.0000,65.0000,8.89,T3-T5 on Isaac clock; Network_est approximate
2026-05-23T10:37:07.8125440Z,1723,2141,0,1779532627754,1779532627746000000,1779532627746000000,1779532627746000000,1779532627754000000,1779532627754000000,1779532627779000000,1779532627812000000,33.0000,8.0000,12.5000,33.0000,66.0000,8.52,T3-T5 on Isaac clock; Network_est approximate
2026-05-23T10:37:07.9148360Z,1724,2143,0,1779532627817,1779532627812000000,1779532627812000000,1779532627812000000,1779532627814000000,1779532627817000000,1779532627845000000,1779532627914000000,33.0000,2.0000,15.5000,69.0000,102.0000,10.44,T3-T5 on Isaac clock; Network_est approximate
2026-05-23T10:37:07.9179770Z,1726,2144,0,1779532627890,1779532627845000000,1779532627845000000,1779532627844000000,1779532627887000000,1779532627890000000,1779532627914000000,1779532627917000000,69.0000,43.0000,13.0000,3.0000,72.0000,14.15,T3-T5 on Isaac clock; Network_est approximate
2026-05-23T10:37:07.9850900Z,1727,2146,0,1779532627947,1779532627917000000,1779532627917000000,1779532627917000000,1779532627945000000,1779532627947000000,1779532627951000000,1779532627985000000,34.0000,28.0000,3.0000,34.0000,68.0000,13.90,T3-T5 on Isaac clock; Network_est approximate
2026-05-23T10:37:08.0177910Z,1728,2147,0,1779532627979,1779532627951000000,1779532627951000000,1779532627951000000,1779532627978000000,1779532627979000000,1779532627985000000,1779532628017000000,34.0000,27.0000,3.5000,32.0000,66.0000,13.06,T3-T5 on Isaac clock; Network_est approximate
2026-05-23T10:37:08.1233780Z,1729,2149,0,1779532628022,1779532628017000000,1779532628017000000,1779532628017000000,1779532628019000000,1779532628022000000,1779532628050000000,1779532628123000000,33.0000,2.0000,15.5000,73.0000,106.0000,16.16,T3-T5 on Isaac clock; Network_est approximate
2026-05-23T10:37:08.1271140Z,1731,2150,0,1779532628115,1779532628050000000,1779532628050000000,1779532628050000000,1779532628113000000,1779532628115000000,1779532628123000000,1779532628127000000,73.0000,63.0000,5.0000,4.0000,77.0000,20.73,T3-T5 on Isaac clock; Network_est approximate
2026-05-23T10:37:08.2329160Z,1732,2152,0,1779532628158,1779532628126000000,1779532628126000000,1779532628126000000,1779532628154000000,1779532628158000000,1779532628201000000,1779532628232000000,75.0000,28.0000,23.5000,31.0000,106.0000,23.35,T3-T5 on Isaac clock; Network_est approximate
2026-05-23T10:37:08.2655250Z,1733,2154,0,1779532628212,1779532628201000000,1779532628201000000,1779532628202000000,1779532628211000000,1779532628212000000,1779532628232000000,1779532628265000000,31.0000,9.0000,11.0000,33.0000,64.0000,23.25,T3-T5 on Isaac clock; Network_est approximate
2026-05-23T10:37:08.2981450Z,1734,2155,0,1779532628248,1779532628232000000,1779532628232000000,1779532628232000000,1779532628244000000,1779532628248000000,1779532628265000000,1779532628298000000,33.0000,12.0000,10.5000,33.0000,66.0000,22.01,T3-T5 on Isaac clock; Network_est approximate
2026-05-23T10:37:08.3308090Z,1735,2156,0,1779532628285,1779532628265000000,1779532628265000000,1779532628264000000,1779532628284000000,1779532628285000000,1779532628297000000,1779532628330000000,32.0000,20.0000,6.0000,33.0000,65.0000,20.88,T3-T5 on Isaac clock; Network_est approximate
2026-05-23T10:37:08.3960490Z,1736,2158,0,1779532628342,1779532628330000000,1779532628330000000,1779532628330000000,1779532628342000000,1779532628342000000,1779532628363000000,1779532628396000000,33.0000,12.0000,10.5000,33.0000,66.0000,20.09,T3-T5 on Isaac clock; Network_est approximate
2026-05-23T10:37:08.4286130Z,1737,2159,0,1779532628379,1779532628363000000,1779532628363000000,1779532628362000000,1779532628375000000,1779532628379000000,1779532628396000000,1779532628428000000,33.0000,13.0000,10.0000,32.0000,65.0000,19.11,T3-T5 on Isaac clock; Network_est approximate
2026-05-23T10:37:08.4615150Z,1738,2160,0,1779532628415,1779532628395000000,1779532628395000000,1779532628395000000,1779532628415000000,1779532628415000000,1779532628428000000,1779532628461000000,33.0000,20.0000,6.5000,33.0000,66.0000,18.12,T3-T5 on Isaac clock; Network_est approximate
2026-05-23T10:37:08.5267760Z,1739,2162,0,1779532628478,1779532628461000000,1779532628461000000,1779532628460000000,1779532628473000000,1779532628478000000,1779532628494000000,1779532628526000000,33.0000,13.0000,10.0000,32.0000,65.0000,17.13,T3-T5 on Isaac clock; Network_est approximate
2026-05-23T10:37:08.5596120Z,1740,2163,0,1779532628508,1779532628493000000,1779532628493000000,1779532628493000000,1779532628507000000,1779532628508000000,1779532628526000000,1779532628559000000,33.0000,14.0000,9.5000,33.0000,66.0000,16.24,T3-T5 on Isaac clock; Network_est approximate
2026-05-23T10:37:08.5940480Z,1741,2164,0,1779532628551,1779532628526000000,1779532628526000000,1779532628526000000,1779532628547000000,1779532628551000000,1779532628559000000,1779532628594000000,33.0000,21.0000,6.0000,35.0000,68.0000,15.76,T3-T5 on Isaac clock; Network_est approximate
2026-05-23T10:37:08.6672140Z,1742,2166,0,1779532628610,1779532628593000000,1779532628593000000,1779532628593000000,1779532628606000000,1779532628610000000,1779532628626000000,1779532628667000000,33.0000,13.0000,10.0000,41.0000,74.0000,15.67,T3-T5 on Isaac clock; Network_est approximate
2026-05-23T10:37:08.7367210Z,1743,2167,0,1779532628641,1779532628626000000,1779532628626000000,1779532628626000000,1779532628639000000,1779532628641000000,1779532628667000000,1779532628736000000,41.0000,13.0000,14.0000,69.0000,110.0000,17.09,T3-T5 on Isaac clock; Network_est approximate
2026-05-23T10:37:08.7401550Z,1744,2168,0,1779532628683,1779532628667000000,1779532628667000000,1779532628666000000,1779532628679000000,1779532628683000000,1779532628736000000,1779532628740000000,69.0000,13.0000,28.0000,4.0000,73.0000,18.43,T3-T5 on Isaac clock; Network_est approximate
2026-05-23T10:37:08.8053270Z,1746,2170,0,1779532628770,1779532628739000000,1779532628739000000,1779532628739000000,1779532628769000000,1779532628770000000,1779532628772000000,1779532628805000000,33.0000,30.0000,1.5000,33.0000,66.0000,18.65,T3-T5 on Isaac clock; Network_est approximate
2026-05-23T10:37:08.8769840Z,1747,2172,0,1779532628812,1779532628805000000,1779532628805000000,1779532628804000000,1779532628810000000,1779532628812000000,1779532628837000000,1779532628876000000,32.0000,6.0000,13.0000,39.0000,71.0000,19.33,T3-T5 on Isaac clock; Network_est approximate
2026-05-23T10:37:08.9360950Z,1748,2173,0,1779532628869,1779532628837000000,1779532628837000000,1779532628837000000,1779532628868000000,1779532628869000000,1779532628903000000,1779532628936000000,66.0000,31.0000,17.5000,33.0000,99.0000,18.27,T3-T5 on Isaac clock; Network_est approximate
2026-05-23T10:37:09.0046700Z,1749,2174,0,1779532628906,1779532628876000000,1779532628876000000,1779532628876000000,1779532628901000000,1779532628906000000,1779532628936000000,1779532629004000000,60.0000,25.0000,17.5000,68.0000,128.0000,19.10,T3-T5 on Isaac clock; Network_est approximate
2026-05-23T10:37:09.0078470Z,1750,2176,0,1779532628947,1779532628935000000,1779532628935000000,1779532628935000000,1779532628942000000,1779532628947000000,1779532629004000000,1779532629007000000,69.0000,7.0000,31.0000,3.0000,72.0000,20.27,T3-T5 on Isaac clock; Network_est approximate
2026-05-23T10:37:09.0415640Z,1751,2176,0,1779532629003,1779532628935000000,1779532628935000000,1779532628935000000,1779532629000000000,1779532629003000000,1779532629007000000,1779532629041000000,72.0000,65.0000,3.5000,34.0000,106.0000,20.39,T3-T5 on Isaac clock; Network_est approximate
2026-05-23T10:37:09.0753220Z,1752,2178,0,1779532629034,1779532629007000000,1779532629007000000,1779532629007000000,1779532629033000000,1779532629034000000,1779532629041000000,1779532629075000000,34.0000,26.0000,4.0000,34.0000,68.0000,19.28,T3-T5 on Isaac clock; Network_est approximate
2026-05-23T10:37:09.1494840Z,1753,2179,0,1779532629076,1779532629041000000,1779532629041000000,1779532629041000000,1779532629073000000,1779532629076000000,1779532629109000000,1779532629149000000,68.0000,32.0000,18.0000,40.0000,108.0000,20.09,T3-T5 on Isaac clock; Network_est approximate
2026-05-23T10:37:09.1805580Z,1754,2181,0,1779532629134,1779532629109000000,1779532629109000000,1779532629108000000,1779532629132000000,1779532629134000000,1779532629149000000,1779532629180000000,40.0000,24.0000,8.0000,31.0000,71.0000,20.52,T3-T5 on Isaac clock; Network_est approximate
2026-05-23T10:37:09.2140850Z,1755,2182,0,1779532629166,1779532629149000000,1779532629149000000,1779532629148000000,1779532629164000000,1779532629166000000,1779532629180000000,1779532629214000000,31.0000,16.0000,7.5000,34.0000,65.0000,19.34,T3-T5 on Isaac clock; Network_est approximate
2026-05-23T10:37:09.2541600Z,1756,2183,0,1779532629207,1779532629180000000,1779532629180000000,1779532629179000000,1779532629206000000,1779532629207000000,1779532629214000000,1779532629254000000,34.0000,27.0000,3.5000,40.0000,74.0000,18.18,T3-T5 on Isaac clock; Network_est approximate
2026-05-23T10:37:09.3181480Z,1757,2185,0,1779532629266,1779532629254000000,1779532629254000000,1779532629253000000,1779532629264000000,1779532629266000000,1779532629285000000,1779532629318000000,31.0000,11.0000,10.0000,33.0000,64.0000,17.35,T3-T5 on Isaac clock; Network_est approximate
2026-05-23T10:37:09.3510440Z,1758,2186,0,1779532629298,1779532629285000000,1779532629285000000,1779532629284000000,1779532629297000000,1779532629298000000,1779532629318000000,1779532629351000000,33.0000,13.0000,10.0000,33.0000,66.0000,16.32,T3-T5 on Isaac clock; Network_est approximate
2026-05-23T10:37:09.3840310Z,1759,2187,0,1779532629339,1779532629317000000,1779532629317000000,1779532629317000000,1779532629337000000,1779532629339000000,1779532629350000000,1779532629384000000,33.0000,20.0000,6.5000,34.0000,67.0000,15.80,T3-T5 on Isaac clock; Network_est approximate
2026-05-23T10:37:09.4493370Z,1760,2189,0,1779532629396,1779532629383000000,1779532629383000000,1779532629383000000,1779532629394000000,1779532629396000000,1779532629416000000,1779532629449000000,33.0000,11.0000,11.0000,33.0000,66.0000,15.34,T3-T5 on Isaac clock; Network_est approximate
2026-05-23T10:37:09.4816890Z,1761,2190,0,1779532629433,1779532629416000000,1779532629416000000,1779532629415000000,1779532629430000000,1779532629433000000,1779532629449000000,1779532629481000000,33.0000,15.0000,9.0000,32.0000,65.0000,14.67,T3-T5 on Isaac clock; Network_est approximate
2026-05-23T10:37:09.5151680Z,1762,2191,0,1779532629471,1779532629449000000,1779532629449000000,1779532629448000000,1779532629470000000,1779532629471000000,1779532629481000000,1779532629515000000,32.0000,22.0000,5.0000,34.0000,66.0000,14.03,T3-T5 on Isaac clock; Network_est approximate
2026-05-23T10:37:09.5800100Z,1763,2193,0,1779532629533,1779532629515000000,1779532629515000000,1779532629514000000,1779532629529000000,1779532629533000000,1779532629547000000,1779532629580000000,32.0000,15.0000,8.5000,33.0000,65.0000,13.33,T3-T5 on Isaac clock; Network_est approximate
2026-05-23T10:37:09.6131800Z,1764,2194,0,1779532629565,1779532629547000000,1779532629547000000,1779532629547000000,1779532629563000000,1779532629565000000,1779532629579000000,1779532629613000000,32.0000,16.0000,8.0000,34.0000,66.0000,12.57,T3-T5 on Isaac clock; Network_est approximate
2026-05-23T10:37:09.6856530Z,1765,2195,0,1779532629606,1779532629579000000,1779532629579000000,1779532629579000000,1779532629604000000,1779532629606000000,1779532629613000000,1779532629685000000,34.0000,25.0000,4.5000,72.0000,106.0000,13.75,T3-T5 on Isaac clock; Network_est approximate
2026-05-23T10:37:09.6890010Z,1766,2196,0,1779532629664,1779532629613000000,1779532629613000000,1779532629612000000,1779532629663000000,1779532629664000000,1779532629685000000,1779532629689000000,72.0000,51.0000,10.5000,4.0000,76.0000,16.30,T3-T5 on Isaac clock; Network_est approximate
2026-05-23T10:37:09.7618800Z,1767,2198,0,1779532629696,1779532629688000000,1779532629688000000,1779532629688000000,1779532629696000000,1779532629696000000,1779532629721000000,1779532629761000000,33.0000,8.0000,12.5000,40.0000,73.0000,17.84,T3-T5 on Isaac clock; Network_est approximate
2026-05-23T10:37:09.7935950Z,1768,2199,0,1779532629738,1779532629721000000,1779532629721000000,1779532629720000000,1779532629737000000,1779532629738000000,1779532629761000000,1779532629793000000,40.0000,17.0000,11.5000,32.0000,72.0000,17.37,T3-T5 on Isaac clock; Network_est approximate
2026-05-23T10:37:09.8587440Z,1769,2201,0,1779532629802,1779532629793000000,1779532629793000000,1779532629792000000,1779532629800000000,1779532629802000000,1779532629825000000,1779532629858000000,32.0000,8.0000,12.0000,33.0000,65.0000,16.36,T3-T5 on Isaac clock; Network_est approximate
2026-05-23T10:37:09.8916960Z,1770,2202,0,1779532629838,1779532629825000000,1779532629825000000,1779532629825000000,1779532629834000000,1779532629838000000,1779532629858000000,1779532629891000000,33.0000,9.0000,12.0000,33.0000,66.0000,15.53,T3-T5 on Isaac clock; Network_est approximate
2026-05-23T10:37:09.9250210Z,1771,2203,0,1779532629876,1779532629858000000,1779532629858000000,1779532629858000000,1779532629875000000,1779532629876000000,1779532629891000000,1779532629925000000,33.0000,17.0000,8.0000,34.0000,67.0000,14.88,T3-T5 on Isaac clock; Network_est approximate
2026-05-23T10:37:09.9892870Z,1772,2205,0,1779532629938,1779532629924000000,1779532629924000000,1779532629923000000,1779532629934000000,1779532629938000000,1779532629956000000,1779532629989000000,32.0000,11.0000,10.5000,33.0000,65.0000,14.12,T3-T5 on Isaac clock; Network_est approximate
2026-05-23T10:37:10.0221330Z,1773,2206,0,1779532629970,1779532629956000000,1779532629956000000,1779532629956000000,1779532629967000000,1779532629970000000,1779532629989000000,1779532630022000000,33.0000,11.0000,11.0000,33.0000,66.0000,13.29,T3-T5 on Isaac clock; Network_est approximate
2026-05-23T10:37:10.0903630Z,1774,2207,0,1779532630011,1779532629989000000,1779532629989000000,1779532629988000000,1779532630008000000,1779532630011000000,1779532630022000000,1779532630090000000,33.0000,20.0000,6.5000,68.0000,101.0000,14.17,T3-T5 on Isaac clock; Network_est approximate
2026-05-23T10:37:10.0936180Z,1775,2208,0,1779532630070,1779532630021000000,1779532630022000000,1779532630021000000,1779532630066000000,1779532630070000000,1779532630090000000,1779532630093000000,68.0000,45.0000,11.5000,3.0000,72.0000,16.76,T3-T5 on Isaac clock; Network_est approximate
2026-05-23T10:37:10.1693030Z,1777,2210,0,1779532630143,1779532630093000000,1779532630093000000,1779532630092000000,1779532630139000000,1779532630143000000,1779532630165000000,1779532630169000000,72.0000,47.0000,12.5000,4.0000,76.0000,15.88,T3-T5 on Isaac clock; Network_est approximate
2026-05-23T10:37:10.2426720Z,1778,2212,0,1779532630198,1779532630169000000,1779532630169000000,1779532630168000000,1779532630198000000,1779532630198000000,1779532630202000000,1779532630242000000,33.0000,30.0000,1.5000,40.0000,73.0000,16.03,T3-T5 on Isaac clock; Network_est approximate
2026-05-23T10:37:10.2742170Z,1779,2213,0,1779532630234,1779532630202000000,1779532630202000000,1779532630202000000,1779532630231000000,1779532630234000000,1779532630242000000,1779532630274000000,40.0000,29.0000,5.5000,32.0000,72.0000,15.31,T3-T5 on Isaac clock; Network_est approximate
2026-05-23T10:37:10.3392970Z,1780,2214,0,1779532630276,1779532630242000000,1779532630242000000,1779532630242000000,1779532630272000000,1779532630276000000,1779532630306000000,1779532630339000000,64.0000,30.0000,17.0000,33.0000,97.0000,15.79,T3-T5 on Isaac clock; Network_est approximate
2026-05-23T10:37:10.3717670Z,1781,2216,0,1779532630334,1779532630306000000,1779532630306000000,1779532630305000000,1779532630330000000,1779532630334000000,1779532630339000000,1779532630371000000,33.0000,25.0000,4.0000,32.0000,65.0000,16.39,T3-T5 on Isaac clock; Network_est approximate
2026-05-23T10:37:10.4043800Z,1782,2217,0,1779532630366,1779532630338000000,1779532630339000000,1779532630338000000,1779532630363000000,1779532630366000000,1779532630371000000,1779532630404000000,32.0000,25.0000,3.5000,33.0000,66.0000,15.41,T3-T5 on Isaac clock; Network_est approximate
2026-05-23T10:37:10.4704410Z,1783,2218,0,1779532630408,1779532630371000000,1779532630371000000,1779532630371000000,1779532630403000000,1779532630408000000,1779532630436000000,1779532630470000000,65.0000,32.0000,16.5000,34.0000,99.0000,15.95,T3-T5 on Isaac clock; Network_est approximate
2026-05-23T10:37:10.5030710Z,1784,2220,0,1779532630462,1779532630436000000,1779532630436000000,1779532630436000000,1779532630461000000,1779532630462000000,1779532630470000000,1779532630503000000,34.0000,25.0000,4.5000,33.0000,67.0000,16.30,T3-T5 on Isaac clock; Network_est approximate
2026-05-23T10:37:10.5356890Z,1785,2221,0,1779532630500,1779532630470000000,1779532630470000000,1779532630469000000,1779532630495000000,1779532630500000000,1779532630502000000,1779532630535000000,32.0000,26.0000,3.0000,33.0000,65.0000,15.61,T3-T5 on Isaac clock; Network_est approximate
2026-05-23T10:37:10.6007750Z,1786,2223,0,1779532630537,1779532630535000000,1779532630535000000,1779532630535000000,1779532630535000000,1779532630537000000,1779532630568000000,1779532630600000000,33.0000,0.0000,16.5000,32.0000,65.0000,16.40,T3-T5 on Isaac clock; Network_est approximate
2026-05-23T10:37:10.6340910Z,1787,2224,0,1779532630595,1779532630568000000,1779532630568000000,1779532630567000000,1779532630593000000,1779532630595000000,1779532630600000000,1779532630634000000,32.0000,26.0000,3.0000,34.0000,66.0000,16.91,T3-T5 on Isaac clock; Network_est approximate
2026-05-23T10:37:10.6671640Z,1788,2225,0,1779532630631,1779532630600000000,1779532630600000000,1779532630600000000,1779532630628000000,1779532630631000000,1779532630634000000,1779532630667000000,34.0000,28.0000,3.0000,33.0000,67.0000,16.04,T3-T5 on Isaac clock; Network_est approximate
2026-05-23T10:37:10.7778490Z,1789,2227,0,1779532630669,1779532630666000000,1779532630666000000,1779532630666000000,1779532630667000000,1779532630669000000,1779532630708000000,1779532630777000000,42.0000,1.0000,20.5000,69.0000,111.0000,19.58,T3-T5 on Isaac clock; Network_est approximate
2026-05-23T10:37:10.7809380Z,1791,2228,0,1779532630759,1779532630707000000,1779532630707000000,1779532630707000000,1779532630759000000,1779532630759000000,1779532630777000000,1779532630780000000,70.0000,52.0000,9.0000,3.0000,73.0000,23.78,T3-T5 on Isaac clock; Network_est approximate
2026-05-23T10:37:10.8459380Z,1792,2230,0,1779532630802,1779532630780000000,1779532630780000000,1779532630780000000,1779532630800000000,1779532630802000000,1779532630813000000,1779532630845000000,33.0000,20.0000,6.5000,32.0000,65.0000,23.67,T3-T5 on Isaac clock; Network_est approximate
2026-05-23T10:37:10.9113130Z,1793,2232,0,1779532630859,1779532630845000000,1779532630845000000,1779532630845000000,1779532630858000000,1779532630859000000,1779532630879000000,1779532630911000000,34.0000,13.0000,10.5000,32.0000,66.0000,22.71,T3-T5 on Isaac clock; Network_est approximate
2026-05-23T10:37:10.9446040Z,1794,2233,0,1779532630896,1779532630878000000,1779532630878000000,1779532630878000000,1779532630892000000,1779532630896000000,1779532630911000000,1779532630944000000,33.0000,14.0000,9.5000,33.0000,66.0000,21.53,T3-T5 on Isaac clock; Network_est approximate
2026-05-23T10:37:10.9767150Z,1795,2234,0,1779532630932,1779532630911000000,1779532630911000000,1779532630910000000,1779532630932000000,1779532630932000000,1779532630944000000,1779532630976000000,33.0000,22.0000,5.5000,32.0000,65.0000,20.43,T3-T5 on Isaac clock; Network_est approximate
2026-05-23T10:37:11.0418500Z,1796,2236,0,1779532630994,1779532630976000000,1779532630976000000,1779532630976000000,1779532630990000000,1779532630994000000,1779532631009000000,1779532631041000000,33.0000,14.0000,9.5000,32.0000,65.0000,19.36,T3-T5 on Isaac clock; Network_est approximate
2026-05-23T10:37:11.0746130Z,1797,2237,0,1779532631025,1779532631009000000,1779532631009000000,1779532631010000000,1779532631024000000,1779532631025000000,1779532631041000000,1779532631074000000,32.0000,14.0000,9.0000,33.0000,65.0000,18.26,T3-T5 on Isaac clock; Network_est approximate
2026-05-23T10:37:11.1071430Z,1798,2238,0,1779532631068,1779532631041000000,1779532631041000000,1779532631041000000,1779532631065000000,1779532631068000000,1779532631074000000,1779532631107000000,33.0000,24.0000,4.5000,33.0000,66.0000,17.77,T3-T5 on Isaac clock; Network_est approximate
2026-05-23T10:37:11.2173650Z,1799,2240,0,1779532631125,1779532631106000000,1779532631106000000,1779532631106000000,1779532631124000000,1779532631125000000,1779532631139000000,1779532631217000000,33.0000,18.0000,7.5000,78.0000,111.0000,19.98,T3-T5 on Isaac clock; Network_est approximate
2026-05-23T10:37:11.2207550Z,1801,2241,0,1779532631202,1779532631139000000,1779532631139000000,1779532631139000000,1779532631200000000,1779532631202000000,1779532631217000000,1779532631220000000,78.0000,61.0000,8.5000,3.0000,81.0000,23.33,T3-T5 on Isaac clock; Network_est approximate
2026-05-23T10:37:11.3261200Z,1802,2244,0,1779532631257,1779532631255000000,1779532631255000000,1779532631254000000,1779532631257000000,1779532631257000000,1779532631294000000,1779532631326000000,39.0000,3.0000,18.0000,32.0000,71.0000,25.01,T3-T5 on Isaac clock; Network_est approximate
2026-05-23T10:37:11.3593530Z,1803,2244,0,1779532631294,1779532631255000000,1779532631255000000,1779532631254000000,1779532631290000000,1779532631294000000,1779532631326000000,1779532631359000000,71.0000,36.0000,17.5000,33.0000,104.0000,23.68,T3-T5 on Isaac clock; Network_est approximate
2026-05-23T10:37:11.3920490Z,1804,2246,0,1779532631336,1779532631325000000,1779532631325000000,1779532631325000000,1779532631331000000,1779532631336000000,1779532631359000000,1779532631392000000,34.0000,6.0000,14.0000,33.0000,67.0000,22.78,T3-T5 on Isaac clock; Network_est approximate
2026-05-23T10:37:11.4574680Z,1805,2247,0,1779532631393,1779532631359000000,1779532631359000000,1779532631358000000,1779532631390000000,1779532631393000000,1779532631424000000,1779532631457000000,65.0000,32.0000,16.5000,33.0000,98.0000,21.89,T3-T5 on Isaac clock; Network_est approximate
2026-05-23T10:37:11.4900880Z,1806,2248,0,1779532631424,1779532631391000000,1779532631391000000,1779532631391000000,1779532631423000000,1779532631424000000,1779532631457000000,1779532631490000000,66.0000,32.0000,17.0000,33.0000,99.0000,20.62,T3-T5 on Isaac clock; Network_est approximate
2026-05-23T10:37:11.5227910Z,1807,2250,0,1779532631466,1779532631457000000,1779532631457000000,1779532631456000000,1779532631464000000,1779532631466000000,1779532631490000000,1779532631522000000,33.0000,8.0000,12.5000,32.0000,65.0000,19.91,T3-T5 on Isaac clock; Network_est approximate
2026-05-23T10:37:11.5880820Z,1808,2252,0,1779532631523,1779532631522000000,1779532631522000000,1779532631522000000,1779532631523000000,1779532631523000000,1779532631555000000,1779532631588000000,33.0000,1.0000,16.0000,33.0000,66.0000,19.18,T3-T5 on Isaac clock; Network_est approximate
2026-05-23T10:37:11.6205980Z,1809,2253,0,1779532631560,1779532631555000000,1779532631555000000,1779532631555000000,1779532631556000000,1779532631560000000,1779532631588000000,1779532631620000000,33.0000,1.0000,16.0000,32.0000,65.0000,18.26,T3-T5 on Isaac clock; Network_est approximate
2026-05-23T10:37:11.6540140Z,1810,2254,0,1779532631597,1779532631587000000,1779532631587000000,1779532631587000000,1779532631596000000,1779532631597000000,1779532631620000000,1779532631654000000,33.0000,9.0000,12.0000,34.0000,67.0000,17.35,T3-T5 on Isaac clock; Network_est approximate
2026-05-23T10:37:11.7272810Z,1811,2256,0,1779532631660,1779532631653000000,1779532631653000000,1779532631653000000,1779532631655000000,1779532631660000000,1779532631686000000,1779532631727000000,33.0000,2.0000,15.5000,41.0000,74.0000,16.90,T3-T5 on Isaac clock; Network_est approximate
2026-05-23T10:37:11.7585150Z,1812,2257,0,1779532631691,1779532631686000000,1779532631686000000,1779532631686000000,1779532631690000000,1779532631691000000,1779532631727000000,1779532631758000000,41.0000,4.0000,18.5000,31.0000,72.0000,15.86,T3-T5 on Isaac clock; Network_est approximate
2026-05-23T10:37:11.7987230Z,1813,2258,0,1779532631733,1779532631727000000,1779532631727000000,1779532631726000000,1779532631729000000,1779532631733000000,1779532631758000000,1779532631798000000,31.0000,3.0000,14.0000,40.0000,71.0000,14.98,T3-T5 on Isaac clock; Network_est approximate
2026-05-23T10:37:11.8297450Z,1814,2259,0,1779532631790,1779532631758000000,1779532631758000000,1779532631758000000,1779532631788000000,1779532631790000000,1779532631798000000,1779532631829000000,40.0000,30.0000,5.0000,31.0000,71.0000,15.67,T3-T5 on Isaac clock; Network_est approximate
2026-05-23T10:37:11.8626700Z,1815,2260,0,1779532631821,1779532631798000000,1779532631798000000,1779532631798000000,1779532631821000000,1779532631821000000,1779532631829000000,1779532631862000000,31.0000,23.0000,4.0000,33.0000,64.0000,14.81,T3-T5 on Isaac clock; Network_est approximate
2026-05-23T10:37:11.9275900Z,1816,2261,0,1779532631866,1779532631829000000,1779532631829000000,1779532631829000000,1779532631861000000,1779532631866000000,1779532631895000000,1779532631927000000,66.0000,32.0000,17.0000,32.0000,98.0000,15.13,T3-T5 on Isaac clock; Network_est approximate
2026-05-23T10:37:11.9603890Z,1817,2263,0,1779532631923,1779532631894000000,1779532631894000000,1779532631894000000,1779532631919000000,1779532631923000000,1779532631927000000,1779532631960000000,33.0000,25.0000,4.0000,33.0000,66.0000,15.70,T3-T5 on Isaac clock; Network_est approximate
2026-05-23T10:37:11.9933910Z,1818,2264,0,1779532631954,1779532631927000000,1779532631927000000,1779532631926000000,1779532631954000000,1779532631954000000,1779532631960000000,1779532631993000000,33.0000,28.0000,2.5000,33.0000,66.0000,14.84,T3-T5 on Isaac clock; Network_est approximate
2026-05-23T10:37:12.0582620Z,1819,2266,0,1779532632002,1779532631993000000,1779532631993000000,1779532631992000000,1779532631999000000,1779532632002000000,1779532632025000000,1779532632058000000,32.0000,7.0000,12.5000,33.0000,65.0000,14.96,T3-T5 on Isaac clock; Network_est approximate
2026-05-23T10:37:12.1239430Z,1820,2267,0,1779532632060,1779532632025000000,1779532632025000000,1779532632025000000,1779532632056000000,1779532632060000000,1779532632091000000,1779532632123000000,66.0000,31.0000,17.5000,32.0000,98.0000,14.51,T3-T5 on Isaac clock; Network_est approximate
2026-05-23T10:37:12.1566270Z,1821,2269,0,1779532632097,1779532632090000000,1779532632090000000,1779532632090000000,1779532632093000000,1779532632097000000,1779532632123000000,1779532632156000000,33.0000,3.0000,15.0000,33.0000,66.0000,13.88,T3-T5 on Isaac clock; Network_est approximate
2026-05-23T10:37:12.1900110Z,1822,2270,0,1779532632134,1779532632123000000,1779532632123000000,1779532632123000000,1779532632133000000,1779532632134000000,1779532632156000000,1779532632190000000,33.0000,10.0000,11.5000,34.0000,67.0000,13.23,T3-T5 on Isaac clock; Network_est approximate
2026-05-23T10:37:12.3064850Z,1823,2272,0,1779532632192,1779532632189000000,1779532632189000000,1779532632189000000,1779532632192000000,1779532632192000000,1779532632230000000,1779532632306000000,41.0000,3.0000,19.0000,76.0000,117.0000,16.06,T3-T5 on Isaac clock; Network_est approximate
2026-05-23T10:37:12.3104490Z,1825,2273,0,1779532632270,1779532632230000000,1779532632230000000,1779532632230000000,1779532632269000000,1779532632270000000,1779532632306000000,1779532632310000000,76.0000,39.0000,18.5000,4.0000,80.0000,19.68,T3-T5 on Isaac clock; Network_est approximate
2026-05-23T10:37:12.3769460Z,1826,2275,0,1779532632332,1779532632310000000,1779532632310000000,1779532632309000000,1779532632328000000,1779532632332000000,1779532632344000000,1779532632376000000,34.0000,19.0000,7.5000,32.0000,66.0000,18.73,T3-T5 on Isaac clock; Network_est approximate
2026-05-23T10:37:12.4100650Z,1827,2276,0,1779532632364,1779532632343000000,1779532632343000000,1779532632343000000,1779532632363000000,1779532632364000000,1779532632376000000,1779532632410000000,33.0000,20.0000,6.5000,34.0000,67.0000,17.63,T3-T5 on Isaac clock; Network_est approximate
2026-05-23T10:37:12.4430910Z,1828,2277,0,1779532632405,1779532632376000000,1779532632376000000,1779532632376000000,1779532632403000000,1779532632405000000,1779532632410000000,1779532632443000000,34.0000,27.0000,3.5000,33.0000,67.0000,17.02,T3-T5 on Isaac clock; Network_est approximate
2026-05-23T10:37:12.5082980Z,1829,2279,0,1779532632464,1779532632442000000,1779532632442000000,1779532632443000000,1779532632461000000,1779532632464000000,1779532632475000000,1779532632508000000,33.0000,18.0000,7.5000,33.0000,66.0000,16.34,T3-T5 on Isaac clock; Network_est approximate
2026-05-23T10:37:12.5406260Z,1830,2280,0,1779532632495,1779532632475000000,1779532632475000000,1779532632474000000,1779532632494000000,1779532632495000000,1779532632508000000,1779532632540000000,33.0000,20.0000,6.5000,32.0000,65.0000,15.40,T3-T5 on Isaac clock; Network_est approximate
2026-05-23T10:37:12.5739420Z,1831,2281,0,1779532632537,1779532632508000000,1779532632508000000,1779532632507000000,1779532632534000000,1779532632537000000,1779532632540000000,1779532632573000000,32.0000,27.0000,2.5000,33.0000,65.0000,14.98,T3-T5 on Isaac clock; Network_est approximate
2026-05-23T10:37:12.6387410Z,1832,2283,0,1779532632596,1779532632573000000,1779532632573000000,1779532632573000000,1779532632592000000,1779532632596000000,1779532632606000000,1779532632638000000,33.0000,19.0000,7.0000,32.0000,65.0000,14.41,T3-T5 on Isaac clock; Network_est approximate
2026-05-23T10:37:12.6716930Z,1833,2284,0,1779532632626,1779532632605000000,1779532632605000000,1779532632605000000,1779532632626000000,1779532632626000000,1779532632638000000,1779532632671000000,33.0000,21.0000,6.0000,33.0000,66.0000,13.69,T3-T5 on Isaac clock; Network_est approximate
2026-05-23T10:37:12.7056310Z,1834,2285,0,1779532632667,1779532632638000000,1779532632638000000,1779532632638000000,1779532632667000000,1779532632667000000,1779532632671000000,1779532632705000000,33.0000,29.0000,2.0000,34.0000,67.0000,13.28,T3-T5 on Isaac clock; Network_est approximate
2026-05-23T10:37:12.7782400Z,1835,2287,0,1779532632729,1779532632705000000,1779532632705000000,1779532632705000000,1779532632726000000,1779532632729000000,1779532632746000000,1779532632778000000,41.0000,21.0000,10.0000,32.0000,73.0000,13.11,T3-T5 on Isaac clock; Network_est approximate
2026-05-23T10:37:12.8433920Z,1836,2288,0,1779532632778,1779532632746000000,1779532632746000000,1779532632746000000,1779532632774000000,1779532632778000000,1779532632810000000,1779532632843000000,64.0000,28.0000,18.0000,33.0000,97.0000,13.30,T3-T5 on Isaac clock; Network_est approximate
2026-05-23T10:37:12.8762470Z,1837,2290,0,1779532632820,1779532632810000000,1779532632810000000,1779532632809000000,1779532632815000000,1779532632820000000,1779532632843000000,1779532632876000000,33.0000,6.0000,13.5000,33.0000,66.0000,13.04,T3-T5 on Isaac clock; Network_est approximate
2026-05-23T10:37:12.9416760Z,1838,2291,0,1779532632877,1779532632843000000,1779532632843000000,1779532632842000000,1779532632874000000,1779532632877000000,1779532632908000000,1779532632941000000,65.0000,32.0000,16.5000,33.0000,98.0000,12.75,T3-T5 on Isaac clock; Network_est approximate
2026-05-23T10:37:12.9744960Z,1839,2292,0,1779532632908,1779532632876000000,1779532632876000000,1779532632875000000,1779532632908000000,1779532632908000000,1779532632941000000,1779532632974000000,65.0000,33.0000,16.0000,33.0000,98.0000,12.07,T3-T5 on Isaac clock; Network_est approximate
2026-05-23T10:37:13.0072480Z,1840,2294,0,1779532632950,1779532632941000000,1779532632941000000,1779532632941000000,1779532632948000000,1779532632950000000,1779532632974000000,1779532633007000000,33.0000,7.0000,13.0000,33.0000,66.0000,11.90,T3-T5 on Isaac clock; Network_est approximate
2026-05-23T10:37:13.0729910Z,1841,2296,0,1779532633008,1779532633006000000,1779532633007000000,1779532633007000000,1779532633007000000,1779532633008000000,1779532633040000000,1779532633072000000,33.0000,0.0000,16.5000,32.0000,66.0000,11.64,T3-T5 on Isaac clock; Network_est approximate
2026-05-23T10:37:13.1051040Z,1842,2297,0,1779532633045,1779532633039000000,1779532633040000000,1779532633039000000,1779532633042000000,1779532633045000000,1779532633072000000,1779532633105000000,32.0000,3.0000,14.5000,33.0000,66.0000,11.22,T3-T5 on Isaac clock; Network_est approximate
2026-05-23T10:37:13.1381770Z,1843,2298,0,1779532633082,1779532633072000000,1779532633072000000,1779532633072000000,1779532633081000000,1779532633082000000,1779532633105000000,1779532633138000000,33.0000,9.0000,12.0000,33.0000,66.0000,10.76,T3-T5 on Isaac clock; Network_est approximate
2026-05-23T10:37:13.2050660Z,1844,2300,0,1779532633145,1779532633137000000,1779532633137000000,1779532633138000000,1779532633141000000,1779532633145000000,1779532633172000000,1779532633205000000,35.0000,3.0000,16.0000,33.0000,68.0000,10.32,T3-T5 on Isaac clock; Network_est approximate
2026-05-23T10:37:13.2458140Z,1845,2301,0,1779532633176,1779532633171000000,1779532633171000000,1779532633171000000,1779532633173000000,1779532633176000000,1779532633204000000,1779532633245000000,33.0000,2.0000,15.5000,41.0000,74.0000,10.30,T3-T5 on Isaac clock; Network_est approximate
2026-05-23T10:37:13.2771320Z,1846,2302,0,1779532633217,1779532633204000000,1779532633204000000,1779532633204000000,1779532633214000000,1779532633217000000,1779532633245000000,1779532633277000000,41.0000,10.0000,15.5000,32.0000,73.0000,10.28,T3-T5 on Isaac clock; Network_est approximate
2026-05-23T10:37:13.3167430Z,1847,2303,0,1779532633275,1779532633245000000,1779532633245000000,1779532633245000000,1779532633274000000,1779532633275000000,1779532633276000000,1779532633316000000,31.0000,29.0000,1.0000,40.0000,71.0000,10.77,T3-T5 on Isaac clock; Network_est approximate
2026-05-23T10:37:13.3848580Z,1848,2304,0,1779532633311,1779532633276000000,1779532633276000000,1779532633276000000,1779532633307000000,1779532633311000000,1779532633316000000,1779532633384000000,40.0000,31.0000,4.5000,68.0000,108.0000,12.10,T3-T5 on Isaac clock; Network_est approximate
2026-05-23T10:37:13.3880950Z,1849,2305,0,1779532633348,1779532633316000000,1779532633316000000,1779532633316000000,1779532633347000000,1779532633348000000,1779532633384000000,1779532633388000000,68.0000,31.0000,18.5000,4.0000,72.0000,13.46,T3-T5 on Isaac clock; Network_est approximate
2026-05-23T10:37:13.4551000Z,1850,2307,0,1779532633405,1779532633387000000,1779532633387000000,1779532633387000000,1779532633405000000,1779532633405000000,1779532633421000000,1779532633455000000,34.0000,18.0000,8.0000,34.0000,68.0000,13.25,T3-T5 on Isaac clock; Network_est approximate
2026-05-23T10:37:13.4888730Z,1851,2308,0,1779532633442,1779532633421000000,1779532633421000000,1779532633421000000,1779532633440000000,1779532633442000000,1779532633455000000,1779532633488000000,34.0000,19.0000,7.5000,33.0000,67.0000,12.63,T3-T5 on Isaac clock; Network_est approximate
2026-05-23T10:37:13.5210210Z,1852,2309,0,1779532633484,1779532633454000000,1779532633454000000,1779532633454000000,1779532633479000000,1779532633484000000,1779532633488000000,1779532633521000000,34.0000,25.0000,4.5000,33.0000,67.0000,12.45,T3-T5 on Isaac clock; Network_est approximate
2026-05-23T10:37:13.5865310Z,1853,2311,0,1779532633539,1779532633520000000,1779532633520000000,1779532633520000000,1779532633537000000,1779532633539000000,1779532633553000000,1779532633586000000,33.0000,17.0000,8.0000,33.0000,66.0000,12.33,T3-T5 on Isaac clock; Network_est approximate
2026-05-23T10:37:13.6190770Z,1854,2312,0,1779532633572,1779532633553000000,1779532633553000000,1779532633553000000,1779532633571000000,1779532633572000000,1779532633586000000,1779532633619000000,33.0000,18.0000,7.5000,33.0000,66.0000,11.59,T3-T5 on Isaac clock; Network_est approximate
2026-05-23T10:37:13.6513280Z,1855,2313,0,1779532633614,1779532633586000000,1779532633586000000,1779532633585000000,1779532633613000000,1779532633614000000,1779532633619000000,1779532633651000000,33.0000,28.0000,2.5000,32.0000,65.0000,11.46,T3-T5 on Isaac clock; Network_est approximate
2026-05-23T10:37:13.7183460Z,1856,2315,0,1779532633677,1779532633651000000,1779532633651000000,1779532633650000000,1779532633673000000,1779532633677000000,1779532633685000000,1779532633718000000,34.0000,23.0000,5.5000,33.0000,67.0000,10.99,T3-T5 on Isaac clock; Network_est approximate
2026-05-23T10:37:13.7600370Z,1857,2316,0,1779532633714,1779532633684000000,1779532633685000000,1779532633684000000,1779532633709000000,1779532633714000000,1779532633718000000,1779532633760000000,33.0000,25.0000,4.0000,42.0000,76.0000,10.60,T3-T5 on Isaac clock; Network_est approximate
2026-05-23T10:37:13.7910930Z,1858,2317,0,1779532633750,1779532633718000000,1779532633718000000,1779532633717000000,1779532633750000000,1779532633750000000,1779532633759000000,1779532633791000000,41.0000,33.0000,4.0000,32.0000,73.0000,10.25,T3-T5 on Isaac clock; Network_est approximate
2026-05-23T10:37:13.8633650Z,1859,2319,0,1779532633808,1779532633790000000,1779532633790000000,1779532633790000000,1779532633808000000,1779532633808000000,1779532633831000000,1779532633863000000,41.0000,18.0000,11.5000,32.0000,73.0000,10.51,T3-T5 on Isaac clock; Network_est approximate
2026-05-23T10:37:13.8957830Z,1860,2320,0,1779532633844,1779532633831000000,1779532633831000000,1779532633831000000,1779532633842000000,1779532633844000000,1779532633863000000,1779532633895000000,32.0000,11.0000,10.5000,32.0000,64.0000,10.09,T3-T5 on Isaac clock; Network_est approximate
2026-05-23T10:37:13.9282710Z,1861,2321,0,1779532633886,1779532633863000000,1779532633863000000,1779532633862000000,1779532633882000000,1779532633886000000,1779532633895000000,1779532633928000000,32.0000,20.0000,6.0000,33.0000,65.0000,10.04,T3-T5 on Isaac clock; Network_est approximate
2026-05-23T10:37:13.9940900Z,1862,2323,0,1779532633943,1779532633928000000,1779532633928000000,1779532633927000000,1779532633941000000,1779532633943000000,1779532633960000000,1779532633994000000,32.0000,14.0000,9.0000,34.0000,66.0000,9.95,T3-T5 on Isaac clock; Network_est approximate
2026-05-23T10:37:14.0265720Z,1863,2324,0,1779532633979,1779532633960000000,1779532633960000000,1779532633961000000,1779532633975000000,1779532633979000000,1779532633994000000,1779532634026000000,34.0000,14.0000,10.0000,32.0000,66.0000,9.55,T3-T5 on Isaac clock; Network_est approximate
2026-05-23T10:37:14.0590560Z,1864,2325,0,1779532634015,1779532633993000000,1779532633993000000,1779532633993000000,1779532634015000000,1779532634015000000,1779532634026000000,1779532634059000000,33.0000,22.0000,5.5000,33.0000,66.0000,9.16,T3-T5 on Isaac clock; Network_est approximate
2026-05-23T10:37:14.1252970Z,1865,2327,0,1779532634078,1779532634058000000,1779532634058000000,1779532634059000000,1779532634075000000,1779532634078000000,1779532634091000000,1779532634125000000,33.0000,16.0000,8.5000,34.0000,67.0000,8.79,T3-T5 on Isaac clock; Network_est approximate
2026-05-23T10:37:14.1573280Z,1866,2328,0,1779532634109,1779532634091000000,1779532634091000000,1779532634091000000,1779532634109000000,1779532634109000000,1779532634125000000,1779532634157000000,34.0000,18.0000,8.0000,32.0000,66.0000,8.30,T3-T5 on Isaac clock; Network_est approximate
2026-05-23T10:37:14.2236400Z,1867,2329,0,1779532634156,1779532634125000000,1779532634125000000,1779532634124000000,1779532634152000000,1779532634156000000,1779532634190000000,1779532634223000000,65.0000,28.0000,18.5000,33.0000,98.0000,8.98,T3-T5 on Isaac clock; Network_est approximate
2026-05-23T10:37:14.2675500Z,1868,2331,0,1779532634215,1779532634190000000,1779532634190000000,1779532634189000000,1779532634210000000,1779532634215000000,1779532634223000000,1779532634267000000,33.0000,21.0000,6.0000,44.0000,77.0000,9.38,T3-T5 on Isaac clock; Network_est approximate
2026-05-23T10:37:14.2972690Z,1869,2332,0,1779532634247,1779532634223000000,1779532634223000000,1779532634222000000,1779532634244000000,1779532634247000000,1779532634267000000,1779532634297000000,44.0000,22.0000,11.0000,30.0000,74.0000,8.90,T3-T5 on Isaac clock; Network_est approximate
2026-05-23T10:37:14.3378650Z,1870,2333,0,1779532634293,1779532634266000000,1779532634266000000,1779532634266000000,1779532634289000000,1779532634293000000,1779532634297000000,1779532634337000000,31.0000,23.0000,4.0000,40.0000,71.0000,8.68,T3-T5 on Isaac clock; Network_est approximate
2026-05-23T10:37:14.4017880Z,1871,2335,0,1779532634346,1779532634337000000,1779532634337000000,1779532634337000000,1779532634342000000,1779532634346000000,1779532634369000000,1779532634401000000,32.0000,5.0000,13.5000,32.0000,64.0000,8.82,T3-T5 on Isaac clock; Network_est approximate
2026-05-23T10:37:14.4709470Z,1872,2336,0,1779532634377,1779532634368000000,1779532634368000000,1779532634368000000,1779532634375000000,1779532634377000000,1779532634401000000,1779532634470000000,33.0000,7.0000,13.0000,69.0000,102.0000,10.65,T3-T5 on Isaac clock; Network_est approximate
2026-05-23T10:37:14.4747390Z,1873,2337,0,1779532634418,1779532634401000000,1779532634401000000,1779532634402000000,1779532634415000000,1779532634418000000,1779532634470000000,1779532634474000000,69.0000,13.0000,28.0000,4.0000,73.0000,12.31,T3-T5 on Isaac clock; Network_est approximate
2026-05-23T10:37:14.5412610Z,1875,2339,0,1779532634506,1779532634474000000,1779532634474000000,1779532634474000000,1779532634505000000,1779532634506000000,1779532634507000000,1779532634541000000,33.0000,31.0000,1.0000,34.0000,67.0000,12.88,T3-T5 on Isaac clock; Network_est approximate
2026-05-23T10:37:14.6110720Z,1876,2341,0,1779532634550,1779532634541000000,1779532634541000000,1779532634541000000,1779532634545000000,1779532634550000000,1779532634575000000,1779532634611000000,34.0000,4.0000,15.0000,36.0000,70.0000,13.68,T3-T5 on Isaac clock; Network_est approximate
2026-05-23T10:37:14.6474410Z,1877,2342,0,1779532634608,1779532634574000000,1779532634575000000,1779532634574000000,1779532634604000000,1779532634608000000,1779532634610000000,1779532634647000000,35.0000,30.0000,2.5000,37.0000,73.0000,14.18,T3-T5 on Isaac clock; Network_est approximate
2026-05-23T10:37:14.6851510Z,1878,2343,0,1779532634639,1779532634610000000,1779532634610000000,1779532634610000000,1779532634637000000,1779532634639000000,1779532634647000000,1779532634685000000,37.0000,27.0000,5.0000,38.0000,75.0000,13.72,T3-T5 on Isaac clock; Network_est approximate
2026-05-23T10:37:14.7217430Z,1879,2344,0,1779532634681,1779532634647000000,1779532634647000000,1779532634646000000,1779532634677000000,1779532634681000000,1779532634685000000,1779532634721000000,38.0000,31.0000,3.5000,36.0000,74.0000,13.20,T3-T5 on Isaac clock; Network_est approximate
2026-05-23T10:37:14.8001090Z,1880,2346,0,1779532634740,1779532634721000000,1779532634721000000,1779532634721000000,1779532634735000000,1779532634740000000,1779532634758000000,1779532634800000000,37.0000,14.0000,11.5000,42.0000,79.0000,13.58,T3-T5 on Isaac clock; Network_est approximate
2026-05-23T10:37:14.8345700Z,1881,2347,0,1779532634772,1779532634758000000,1779532634758000000,1779532634758000000,1779532634769000000,1779532634772000000,1779532634800000000,1779532634834000000,42.0000,11.0000,15.5000,34.0000,76.0000,12.90,T3-T5 on Isaac clock; Network_est approximate
2026-05-23T10:37:14.8746300Z,1882,2348,0,1779532634809,1779532634799000000,1779532634799000000,1779532634799000000,1779532634808000000,1779532634809000000,1779532634834000000,1779532634874000000,35.0000,9.0000,13.0000,40.0000,75.0000,12.28,T3-T5 on Isaac clock; Network_est approximate
2026-05-23T10:37:14.9057340Z,1883,2349,0,1779532634870,1779532634834000000,1779532634834000000,1779532634834000000,1779532634866000000,1779532634870000000,1779532634874000000,1779532634905000000,40.0000,32.0000,4.0000,31.0000,71.0000,13.38,T3-T5 on Isaac clock; Network_est approximate
2026-05-23T10:37:14.9383440Z,1884,2350,0,1779532634902,1779532634874000000,1779532634874000000,1779532634874000000,1779532634900000000,1779532634902000000,1779532634905000000,1779532634938000000,31.0000,26.0000,2.5000,33.0000,64.0000,12.58,T3-T5 on Isaac clock; Network_est approximate
2026-05-23T10:37:15.0039410Z,1885,2352,0,1779532634944,1779532634938000000,1779532634938000000,1779532634938000000,1779532634941000000,1779532634944000000,1779532634971000000,1779532635003000000,33.0000,3.0000,15.0000,32.0000,65.0000,13.27,T3-T5 on Isaac clock; Network_est approximate
2026-05-23T10:37:15.0362310Z,1886,2353,0,1779532635002,1779532634971000000,1779532634971000000,1779532634970000000,1779532634998000000,1779532635002000000,1779532635003000000,1779532635036000000,32.0000,28.0000,2.0000,33.0000,65.0000,14.04,T3-T5 on Isaac clock; Network_est approximate
2026-05-23T10:37:15.0689490Z,1887,2354,0,1779532635033,1779532635003000000,1779532635003000000,1779532635003000000,1779532635032000000,1779532635033000000,1779532635036000000,1779532635068000000,33.0000,29.0000,2.0000,32.0000,65.0000,13.27,T3-T5 on Isaac clock; Network_est approximate
2026-05-23T10:37:15.1342770Z,1888,2356,0,1779532635075,1779532635068000000,1779532635068000000,1779532635068000000,1779532635075000000,1779532635075000000,1779532635101000000,1779532635134000000,33.0000,7.0000,13.0000,33.0000,66.0000,13.90,T3-T5 on Isaac clock; Network_est approximate
2026-05-23T10:37:15.1994220Z,1889,2358,0,1779532635140,1779532635134000000,1779532635134000000,1779532635133000000,1779532635135000000,1779532635140000000,1779532635166000000,1779532635199000000,32.0000,2.0000,15.0000,33.0000,65.0000,13.04,T3-T5 on Isaac clock; Network_est approximate
2026-05-23T10:37:15.2322960Z,1890,2359,0,1779532635171,1779532635166000000,1779532635166000000,1779532635166000000,1779532635169000000,1779532635171000000,1779532635199000000,1779532635232000000,33.0000,3.0000,15.0000,33.0000,66.0000,12.34,T3-T5 on Isaac clock; Network_est approximate
2026-05-23T10:37:15.2657320Z,1891,2360,0,1779532635219,1779532635199000000,1779532635199000000,1779532635199000000,1779532635214000000,1779532635219000000,1779532635232000000,1779532635265000000,33.0000,15.0000,9.0000,33.0000,66.0000,12.48,T3-T5 on Isaac clock; Network_est approximate
2026-05-23T10:37:15.3370430Z,1892,2362,0,1779532635277,1779532635265000000,1779532635265000000,1779532635265000000,1779532635272000000,1779532635277000000,1779532635306000000,1779532635337000000,41.0000,7.0000,17.0000,31.0000,72.0000,12.52,T3-T5 on Isaac clock; Network_est approximate
2026-05-23T10:37:15.3773960Z,1893,2363,0,1779532635308,1779532635305000000,1779532635305000000,1779532635306000000,1779532635306000000,1779532635308000000,1779532635336000000,1779532635377000000,31.0000,0.0000,15.5000,41.0000,72.0000,12.30,T3-T5 on Isaac clock; Network_est approximate
2026-05-23T10:37:15.4079430Z,1894,2364,0,1779532635350,1779532635336000000,1779532635336000000,1779532635336000000,1779532635346000000,1779532635350000000,1779532635377000000,1779532635407000000,41.0000,10.0000,15.5000,30.0000,71.0000,12.22,T3-T5 on Isaac clock; Network_est approximate
2026-05-23T10:37:15.4737470Z,1895,2365,0,1779532635412,1779532635376000000,1779532635376000000,1779532635376000000,1779532635407000000,1779532635412000000,1779532635440000000,1779532635473000000,64.0000,31.0000,16.5000,33.0000,97.0000,11.69,T3-T5 on Isaac clock; Network_est approximate
2026-05-23T10:37:15.5425490Z,1896,2367,0,1779532635443,1779532635440000000,1779532635440000000,1779532635440000000,1779532635441000000,1779532635443000000,1779532635473000000,1779532635542000000,33.0000,1.0000,16.0000,69.0000,102.0000,13.33,T3-T5 on Isaac clock; Network_est approximate
2026-05-23T10:37:15.5462500Z,1897,2368,0,1779532635484,1779532635473000000,1779532635473000000,1779532635473000000,1779532635481000000,1779532635484000000,1779532635542000000,1779532635546000000,69.0000,8.0000,30.5000,4.0000,73.0000,14.82,T3-T5 on Isaac clock; Network_est approximate
2026-05-23T10:37:15.5792530Z,1898,2368,0,1779532635541,1779532635473000000,1779532635473000000,1779532635473000000,1779532635539000000,1779532635541000000,1779532635546000000,1779532635579000000,73.0000,66.0000,3.5000,33.0000,106.0000,15.39,T3-T5 on Isaac clock; Network_est approximate
2026-05-23T10:37:15.6126450Z,1899,2370,0,1779532635577,1779532635546000000,1779532635546000000,1779532635545000000,1779532635573000000,1779532635577000000,1779532635579000000,1779532635612000000,33.0000,28.0000,2.5000,33.0000,66.0000,14.59,T3-T5 on Isaac clock; Network_est approximate
2026-05-23T10:37:15.6781420Z,1900,2372,0,1779532635618,1779532635612000000,1779532635612000000,1779532635612000000,1779532635613000000,1779532635618000000,1779532635645000000,1779532635678000000,33.0000,1.0000,16.0000,33.0000,66.0000,15.21,T3-T5 on Isaac clock; Network_est approximate
2026-05-23T10:37:15.7441110Z,1902,2374,0,1779532635708,1779532635678000000,1779532635678000000,1779532635677000000,1779532635705000000,1779532635708000000,1779532635710000000,1779532635744000000,32.0000,28.0000,2.0000,34.0000,66.0000,15.76,T3-T5 on Isaac clock; Network_est approximate
2026-05-23T10:37:15.8190740Z,1904,2376,0,1779532635808,1779532635743000000,1779532635743000000,1779532635743000000,1779532635803000000,1779532635808000000,1779532635815000000,1779532635819000000,72.0000,60.0000,6.0000,4.0000,76.0000,16.34,T3-T5 on Isaac clock; Network_est approximate
2026-05-23T10:37:15.8922980Z,1905,2378,0,1779532635840,1779532635818000000,1779532635818000000,1779532635818000000,1779532635838000000,1779532635840000000,1779532635851000000,1779532635892000000,33.0000,20.0000,6.5000,41.0000,74.0000,17.89,T3-T5 on Isaac clock; Network_est approximate
2026-05-23T10:37:15.9234520Z,1906,2379,0,1779532635881,1779532635851000000,1779532635851000000,1779532635850000000,1779532635878000000,1779532635881000000,1779532635892000000,1779532635923000000,41.0000,28.0000,6.5000,31.0000,72.0000,17.39,T3-T5 on Isaac clock; Network_est approximate
2026-05-23T10:37:15.9886220Z,1907,2381,0,1779532635938,1779532635923000000,1779532635923000000,1779532635923000000,1779532635937000000,1779532635938000000,1779532635955000000,1779532635988000000,32.0000,14.0000,9.0000,33.0000,65.0000,16.81,T3-T5 on Isaac clock; Network_est approximate
2026-05-23T10:37:16.0213690Z,1908,2382,0,1779532635974,1779532635955000000,1779532635955000000,1779532635956000000,1779532635970000000,1779532635974000000,1779532635988000000,1779532636021000000,33.0000,14.0000,9.5000,33.0000,66.0000,15.96,T3-T5 on Isaac clock; Network_est approximate
2026-05-23T10:37:16.0542780Z,1909,2383,0,1779532636010,1779532635988000000,1779532635988000000,1779532635988000000,1779532636010000000,1779532636010000000,1779532636021000000,1779532636054000000,33.0000,22.0000,5.5000,33.0000,66.0000,15.16,T3-T5 on Isaac clock; Network_est approximate
2026-05-23T10:37:16.1193030Z,1910,2385,0,1779532636073,1779532636054000000,1779532636054000000,1779532636053000000,1779532636068000000,1779532636073000000,1779532636086000000,1779532636119000000,32.0000,15.0000,8.5000,33.0000,65.0000,14.33,T3-T5 on Isaac clock; Network_est approximate
2026-05-23T10:37:16.1523520Z,1911,2386,0,1779532636104,1779532636086000000,1779532636086000000,1779532636086000000,1779532636103000000,1779532636104000000,1779532636119000000,1779532636152000000,33.0000,17.0000,8.0000,33.0000,66.0000,13.55,T3-T5 on Isaac clock; Network_est approximate
2026-05-23T10:37:16.1845190Z,1912,2387,0,1779532636146,1779532636119000000,1779532636119000000,1779532636118000000,1779532636142000000,1779532636146000000,1779532636152000000,1779532636184000000,33.0000,24.0000,4.5000,32.0000,65.0000,13.31,T3-T5 on Isaac clock; Network_est approximate
2026-05-23T10:37:16.2505160Z,1913,2389,0,1779532636200,1779532636184000000,1779532636184000000,1779532636183000000,1779532636200000000,1779532636200000000,1779532636217000000,1779532636250000000,33.0000,17.0000,8.0000,33.0000,66.0000,13.21,T3-T5 on Isaac clock; Network_est approximate
2026-05-23T10:37:16.3224110Z,1914,2390,0,1779532636238,1779532636217000000,1779532636217000000,1779532636216000000,1779532636234000000,1779532636238000000,1779532636250000000,1779532636322000000,33.0000,18.0000,7.5000,72.0000,105.0000,14.51,T3-T5 on Isaac clock; Network_est approximate
2026-05-23T10:37:16.3330120Z,1915,2391,0,1779532636279,1779532636250000000,1779532636250000000,1779532636249000000,1779532636274000000,1779532636279000000,1779532636322000000,1779532636333000000,72.0000,25.0000,23.5000,11.0000,83.0000,15.50,T3-T5 on Isaac clock; Network_est approximate
2026-05-23T10:37:16.4002680Z,1916,2393,0,1779532636336,1779532636332000000,1779532636332000000,1779532636332000000,1779532636333000000,1779532636336000000,1779532636359000000,1779532636400000000,27.0000,1.0000,13.0000,41.0000,68.0000,15.15,T3-T5 on Isaac clock; Network_est approximate
2026-05-23T10:37:16.4311540Z,1917,2394,0,1779532636368,1779532636359000000,1779532636359000000,1779532636358000000,1779532636366000000,1779532636368000000,1779532636400000000,1779532636431000000,41.0000,8.0000,16.5000,31.0000,72.0000,14.27,T3-T5 on Isaac clock; Network_est approximate
2026-05-23T10:37:16.4645200Z,1918,2395,0,1779532636409,1779532636399000000,1779532636399000000,1779532636399000000,1779532636406000000,1779532636409000000,1779532636431000000,1779532636464000000,32.0000,7.0000,12.5000,33.0000,65.0000,13.87,T3-T5 on Isaac clock; Network_est approximate
2026-05-23T10:37:16.5292980Z,1919,2397,0,1779532636468,1779532636463000000,1779532636463000000,1779532636463000000,1779532636465000000,1779532636468000000,1779532636496000000,1779532636529000000,33.0000,2.0000,15.5000,33.0000,66.0000,13.39,T3-T5 on Isaac clock; Network_est approximate
2026-05-23T10:37:16.5977710Z,1920,2398,0,1779532636504,1779532636496000000,1779532636496000000,1779532636496000000,1779532636499000000,1779532636504000000,1779532636529000000,1779532636597000000,33.0000,3.0000,15.0000,68.0000,101.0000,14.58,T3-T5 on Isaac clock; Network_est approximate
2026-05-23T10:37:16.6011880Z,1921,2399,0,1779532636541,1779532636529000000,1779532636529000000,1779532636528000000,1779532636538000000,1779532636541000000,1779532636597000000,1779532636601000000,68.0000,10.0000,29.0000,4.0000,72.0000,15.77,T3-T5 on Isaac clock; Network_est approximate
2026-05-23T10:37:16.6349900Z,1922,2399,0,1779532636598,1779532636529000000,1779532636529000000,1779532636528000000,1779532636596000000,1779532636598000000,1779532636601000000,1779532636634000000,72.0000,68.0000,2.0000,33.0000,105.0000,16.23,T3-T5 on Isaac clock; Network_est approximate
2026-05-23T10:37:16.6678170Z,1923,2401,0,1779532636631,1779532636601000000,1779532636601000000,1779532636600000000,1779532636630000000,1779532636631000000,1779532636634000000,1779532636667000000,33.0000,30.0000,1.5000,33.0000,66.0000,15.23,T3-T5 on Isaac clock; Network_est approximate
2026-05-23T10:37:16.7345770Z,1924,2403,0,1779532636672,1779532636667000000,1779532636667000000,1779532636667000000,1779532636670000000,1779532636672000000,1779532636700000000,1779532636734000000,33.0000,3.0000,15.0000,34.0000,67.0000,15.88,T3-T5 on Isaac clock; Network_est approximate
2026-05-23T10:37:16.7995960Z,1925,2404,0,1779532636735,1779532636700000000,1779532636700000000,1779532636700000000,1779532636730000000,1779532636735000000,1779532636766000000,1779532636799000000,66.0000,30.0000,18.0000,33.0000,99.0000,15.02,T3-T5 on Isaac clock; Network_est approximate
2026-05-23T10:37:16.8403650Z,1926,2405,0,1779532636766,1779532636734000000,1779532636734000000,1779532636733000000,1779532636764000000,1779532636766000000,1779532636799000000,1779532636840000000,65.0000,31.0000,17.0000,41.0000,106.0000,14.69,T3-T5 on Isaac clock; Network_est approximate
2026-05-23T10:37:16.9108800Z,1927,2407,0,1779532636807,1779532636799000000,1779532636799000000,1779532636799000000,1779532636803000000,1779532636807000000,1779532636840000000,1779532636910000000,41.0000,4.0000,18.5000,70.0000,111.0000,15.61,T3-T5 on Isaac clock; Network_est approximate
2026-05-23T10:37:16.9144780Z,1929,2408,0,1779532636896,1779532636840000000,1779532636840000000,1779532636840000000,1779532636895000000,1779532636896000000,1779532636910000000,1779532636914000000,70.0000,55.0000,7.5000,4.0000,74.0000,19.97,T3-T5 on Isaac clock; Network_est approximate
2026-05-23T10:37:16.9810310Z,1930,2410,0,1779532636939,1779532636914000000,1779532636914000000,1779532636913000000,1779532636936000000,1779532636939000000,1779532636946000000,1779532636981000000,32.0000,23.0000,4.5000,35.0000,67.0000,20.19,T3-T5 on Isaac clock; Network_est approximate
2026-05-23T10:37:17.0451780Z,1931,2412,0,1779532636996,1779532636980000000,1779532636980000000,1779532636980000000,1779532636994000000,1779532636996000000,1779532637012000000,1779532637045000000,32.0000,14.0000,9.0000,33.0000,65.0000,19.37,T3-T5 on Isaac clock; Network_est approximate
2026-05-23T10:37:17.0774730Z,1932,2413,0,1779532637032,1779532637011000000,1779532637012000000,1779532637011000000,1779532637027000000,1779532637032000000,1779532637045000000,1779532637077000000,33.0000,16.0000,8.5000,32.0000,66.0000,18.39,T3-T5 on Isaac clock; Network_est approximate
2026-05-23T10:37:17.1102000Z,1933,2414,0,1779532637068,1779532637044000000,1779532637044000000,1779532637044000000,1779532637067000000,1779532637068000000,1779532637077000000,1779532637110000000,33.0000,23.0000,5.0000,33.0000,66.0000,17.45,T3-T5 on Isaac clock; Network_est approximate
2026-05-23T10:37:17.1755000Z,1934,2416,0,1779532637126,1779532637110000000,1779532637110000000,1779532637110000000,1779532637125000000,1779532637126000000,1779532637142000000,1779532637175000000,32.0000,15.0000,8.5000,33.0000,65.0000,16.81,T3-T5 on Isaac clock; Network_est approximate
2026-05-23T10:37:17.2081320Z,1935,2417,0,1779532637162,1779532637142000000,1779532637142000000,1779532637142000000,1779532637158000000,1779532637162000000,1779532637175000000,1779532637208000000,33.0000,16.0000,8.5000,33.0000,66.0000,15.98,T3-T5 on Isaac clock; Network_est approximate
2026-05-23T10:37:17.2409320Z,1936,2418,0,1779532637200,1779532637175000000,1779532637175000000,1779532637174000000,1779532637198000000,1779532637200000000,1779532637207000000,1779532637240000000,32.0000,24.0000,4.0000,33.0000,65.0000,15.30,T3-T5 on Isaac clock; Network_est approximate
2026-05-23T10:37:17.3070350Z,1937,2420,0,1779532637258,1779532637240000000,1779532637240000000,1779532637240000000,1779532637256000000,1779532637258000000,1779532637273000000,1779532637307000000,33.0000,16.0000,8.5000,34.0000,67.0000,14.85,T3-T5 on Isaac clock; Network_est approximate
2026-05-23T10:37:17.3488370Z,1938,2421,0,1779532637294,1779532637273000000,1779532637273000000,1779532637274000000,1779532637290000000,1779532637294000000,1779532637306000000,1779532637348000000,33.0000,16.0000,8.5000,42.0000,75.0000,14.29,T3-T5 on Isaac clock; Network_est approximate
2026-05-23T10:37:17.3802550Z,1939,2422,0,1779532637331,1779532637306000000,1779532637306000000,1779532637306000000,1779532637330000000,1779532637331000000,1779532637348000000,1779532637380000000,42.0000,24.0000,9.0000,32.0000,74.0000,13.74,T3-T5 on Isaac clock; Network_est approximate
2026-05-23T10:37:17.4537740Z,1940,2424,0,1779532637389,1779532637380000000,1779532637380000000,1779532637379000000,1779532637388000000,1779532637389000000,1779532637413000000,1779532637453000000,33.0000,9.0000,12.0000,40.0000,73.0000,13.86,T3-T5 on Isaac clock; Network_est approximate
2026-05-23T10:37:17.4850060Z,1941,2425,0,1779532637424,1779532637413000000,1779532637413000000,1779532637413000000,1779532637421000000,1779532637424000000,1779532637453000000,1779532637485000000,40.0000,8.0000,16.0000,32.0000,72.0000,13.23,T3-T5 on Isaac clock; Network_est approximate
2026-05-23T10:37:17.5180510Z,1942,2426,0,1779532637466,1779532637453000000,1779532637453000000,1779532637453000000,1779532637462000000,1779532637466000000,1779532637484000000,1779532637518000000,31.0000,9.0000,11.0000,34.0000,65.0000,12.96,T3-T5 on Isaac clock; Network_est approximate
2026-05-23T10:37:17.5842330Z,1943,2428,0,1779532637524,1779532637517000000,1779532637517000000,1779532637517000000,1779532637521000000,1779532637524000000,1779532637551000000,1779532637584000000,34.0000,4.0000,15.0000,33.0000,67.0000,12.67,T3-T5 on Isaac clock; Network_est approximate
2026-05-23T10:37:17.6521270Z,1944,2429,0,1779532637555,1779532637550000000,1779532637550000000,1779532637550000000,1779532637554000000,1779532637555000000,1779532637584000000,1779532637652000000,34.0000,4.0000,15.0000,68.0000,102.0000,14.19,T3-T5 on Isaac clock; Network_est approximate
2026-05-23T10:37:17.6558590Z,1945,2430,0,1779532637597,1779532637584000000,1779532637584000000,1779532637583000000,1779532637594000000,1779532637597000000,1779532637652000000,1779532637655000000,68.0000,11.0000,28.5000,3.0000,71.0000,15.69,T3-T5 on Isaac clock; Network_est approximate
2026-05-23T10:37:17.7227700Z,1946,2431,0,1779532637657,1779532637651000000,1779532637651000000,1779532637651000000,1779532637652000000,1779532637657000000,1779532637689000000,1779532637722000000,38.0000,1.0000,18.5000,33.0000,71.0000,15.14,T3-T5 on Isaac clock; Network_est approximate
2026-05-23T10:37:17.7559630Z,1947,2432,0,1779532637688,1779532637655000000,1779532637655000000,1779532637657000000,1779532637687000000,1779532637688000000,1779532637722000000,1779532637755000000,67.0000,30.0000,18.5000,33.0000,100.0000,14.33,T3-T5 on Isaac clock; Network_est approximate
2026-05-23T10:37:17.7884480Z,1948,2434,0,1779532637730,1779532637722000000,1779532637722000000,1779532637722000000,1779532637727000000,1779532637730000000,1779532637755000000,1779532637788000000,33.0000,5.0000,14.0000,33.0000,66.0000,14.02,T3-T5 on Isaac clock; Network_est approximate
2026-05-23T10:37:17.8651770Z,1950,2436,0,1779532637821,1779532637788000000,1779532637788000000,1779532637787000000,1779532637819000000,1779532637821000000,1779532637861000000,1779532637865000000,73.0000,32.0000,20.5000,4.0000,77.0000,14.04,T3-T5 on Isaac clock; Network_est approximate
2026-05-23T10:37:17.8970710Z,1951,2436,0,1779532637863,1779532637788000000,1779532637788000000,1779532637787000000,1779532637859000000,1779532637863000000,1779532637865000000,1779532637897000000,77.0000,72.0000,2.5000,32.0000,109.0000,13.79,T3-T5 on Isaac clock; Network_est approximate
2026-05-23T10:37:17.9693050Z,1952,2439,0,1779532637920,1779532637896000000,1779532637896000000,1779532637896000000,1779532637918000000,1779532637920000000,1779532637938000000,1779532637969000000,42.0000,22.0000,10.0000,31.0000,73.0000,13.88,T3-T5 on Isaac clock; Network_est approximate
2026-05-23T10:37:18.0018440Z,1953,2440,0,1779532637951,1779532637938000000,1779532637938000000,1779532637938000000,1779532637951000000,1779532637951000000,1779532637969000000,1779532638001000000,31.0000,13.0000,9.0000,32.0000,63.0000,13.11,T3-T5 on Isaac clock; Network_est approximate
2026-05-23T10:37:18.0351530Z,1954,2441,0,1779532637993,1779532637969000000,1779532637969000000,1779532637968000000,1779532637991000000,1779532637993000000,1779532638001000000,1779532638035000000,32.0000,23.0000,4.5000,34.0000,66.0000,12.83,T3-T5 on Isaac clock; Network_est approximate
2026-05-23T10:37:18.1004410Z,1955,2443,0,1779532638058,1779532638034000000,1779532638034000000,1779532638034000000,1779532638050000000,1779532638058000000,1779532638067000000,1779532638100000000,33.0000,16.0000,8.5000,33.0000,66.0000,12.05,T3-T5 on Isaac clock; Network_est approximate
2026-05-23T10:37:18.1332220Z,1956,2444,0,1779532638084,1779532638067000000,1779532638067000000,1779532638066000000,1779532638084000000,1779532638084000000,1779532638100000000,1779532638133000000,33.0000,18.0000,7.5000,33.0000,66.0000,11.72,T3-T5 on Isaac clock; Network_est approximate
2026-05-23T10:37:18.1653570Z,1957,2445,0,1779532638125,1779532638100000000,1779532638100000000,1779532638100000000,1779532638125000000,1779532638125000000,1779532638133000000,1779532638165000000,33.0000,25.0000,4.0000,32.0000,65.0000,11.54,T3-T5 on Isaac clock; Network_est approximate
2026-05-23T10:37:18.2310530Z,1958,2447,0,1779532638183,1779532638165000000,1779532638165000000,1779532638165000000,1779532638183000000,1779532638183000000,1779532638198000000,1779532638231000000,33.0000,18.0000,7.5000,33.0000,66.0000,11.29,T3-T5 on Isaac clock; Network_est approximate
2026-05-23T10:37:18.2633510Z,1959,2448,0,1779532638220,1779532638198000000,1779532638198000000,1779532638197000000,1779532638217000000,1779532638220000000,1779532638230000000,1779532638263000000,32.0000,20.0000,6.0000,33.0000,65.0000,10.88,T3-T5 on Isaac clock; Network_est approximate
2026-05-23T10:37:18.2963950Z,1960,2449,0,1779532638260,1779532638230000000,1779532638230000000,1779532638230000000,1779532638258000000,1779532638260000000,1779532638263000000,1779532638296000000,33.0000,28.0000,2.5000,33.0000,66.0000,10.64,T3-T5 on Isaac clock; Network_est approximate
2026-05-23T10:37:18.3727960Z,1962,2451,0,1779532638354,1779532638296000000,1779532638296000000,1779532638295000000,1779532638352000000,1779532638354000000,1779532638368000000,1779532638372000000,72.0000,57.0000,7.5000,4.0000,76.0000,11.07,T3-T5 on Isaac clock; Network_est approximate
2026-05-23T10:37:18.4456020Z,1963,2453,0,1779532638395,1779532638372000000,1779532638372000000,1779532638372000000,1779532638393000000,1779532638395000000,1779532638405000000,1779532638445000000,33.0000,21.0000,6.0000,40.0000,73.0000,12.37,T3-T5 on Isaac clock; Network_est approximate
2026-05-23T10:37:18.5094410Z,1964,2455,0,1779532638453,1779532638445000000,1779532638445000000,1779532638445000000,1779532638451000000,1779532638453000000,1779532638476000000,1779532638509000000,31.0000,6.0000,12.5000,33.0000,64.0000,11.96,T3-T5 on Isaac clock; Network_est approximate
2026-05-23T10:37:18.5422270Z,1965,2456,0,1779532638489,1779532638476000000,1779532638476000000,1779532638475000000,1779532638484000000,1779532638489000000,1779532638509000000,1779532638542000000,33.0000,9.0000,12.0000,33.0000,66.0000,11.41,T3-T5 on Isaac clock; Network_est approximate
2026-05-23T10:37:18.5753460Z,1966,2457,0,1779532638525,1779532638509000000,1779532638509000000,1779532638508000000,1779532638524000000,1779532638525000000,1779532638542000000,1779532638575000000,33.0000,16.0000,8.5000,33.0000,66.0000,10.88,T3-T5 on Isaac clock; Network_est approximate
2026-05-23T10:37:18.6403010Z,1967,2459,0,1779532638583,1779532638575000000,1779532638575000000,1779532638574000000,1779532638582000000,1779532638583000000,1779532638607000000,1779532638640000000,32.0000,8.0000,12.0000,33.0000,65.0000,10.62,T3-T5 on Isaac clock; Network_est approximate
2026-05-23T10:37:18.6730500Z,1968,2460,0,1779532638619,1779532638606000000,1779532638606000000,1779532638606000000,1779532638615000000,1779532638619000000,1779532638640000000,1779532638673000000,34.0000,9.0000,12.5000,33.0000,67.0000,10.13,T3-T5 on Isaac clock; Network_est approximate
2026-05-23T10:37:18.7410120Z,1969,2461,0,1779532638656,1779532638639000000,1779532638639000000,1779532638639000000,1779532638655000000,1779532638656000000,1779532638672000000,1779532638741000000,33.0000,16.0000,8.5000,69.0000,102.0000,11.44,T3-T5 on Isaac clock; Network_est approximate
2026-05-23T10:37:18.7448550Z,1970,2462,0,1779532638718,1779532638672000000,1779532638672000000,1779532638672000000,1779532638714000000,1779532638718000000,1779532638740000000,1779532638744000000,68.0000,42.0000,13.0000,4.0000,72.0000,14.35,T3-T5 on Isaac clock; Network_est approximate
2026-05-23T10:37:18.8118720Z,1971,2464,0,1779532638749,1779532638744000000,1779532638744000000,1779532638744000000,1779532638747000000,1779532638749000000,1779532638778000000,1779532638811000000,34.0000,3.0000,15.5000,33.0000,67.0000,15.70,T3-T5 on Isaac clock; Network_est approximate
2026-05-23T10:37:18.8843810Z,1972,2465,0,1779532638791,1779532638778000000,1779532638778000000,1779532638777000000,1779532638788000000,1779532638791000000,1779532638811000000,1779532638884000000,33.0000,11.0000,11.0000,73.0000,106.0000,16.62,T3-T5 on Isaac clock; Network_est approximate
2026-05-23T10:37:18.8878680Z,1973,2466,0,1779532638847,1779532638811000000,1779532638811000000,1779532638811000000,1779532638846000000,1779532638847000000,1779532638884000000,1779532638887000000,73.0000,35.0000,19.0000,3.0000,76.0000,18.86,T3-T5 on Isaac clock; Network_est approximate
2026-05-23T10:37:18.9207500Z,1974,2466,0,1779532638883,1779532638811000000,1779532638811000000,1779532638811000000,1779532638880000000,1779532638883000000,1779532638887000000,1779532638920000000,76.0000,69.0000,3.5000,33.0000,109.0000,17.88,T3-T5 on Isaac clock; Network_est approximate
2026-05-23T10:37:18.9922890Z,1975,2469,0,1779532638925,1779532638920000000,1779532638920000000,1779532638920000000,1779532638921000000,1779532638925000000,1779532638960000000,1779532638992000000,40.0000,1.0000,19.5000,32.0000,72.0000,18.59,T3-T5 on Isaac clock; Network_est approximate
2026-05-23T10:37:19.0253690Z,1976,2470,0,1779532638982,1779532638960000000,1779532638960000000,1779532638960000000,1779532638979000000,1779532638982000000,1779532638992000000,1779532639025000000,32.0000,19.0000,6.5000,33.0000,65.0000,18.92,T3-T5 on Isaac clock; Network_est approximate
2026-05-23T10:37:19.0571660Z,1977,2471,0,1779532639018,1779532638991000000,1779532638991000000,1779532638991000000,1779532639014000000,1779532639018000000,1779532639025000000,1779532639057000000,34.0000,23.0000,5.5000,32.0000,66.0000,18.00,T3-T5 on Isaac clock; Network_est approximate
2026-05-23T10:37:19.1225620Z,1978,2472,0,1779532639059,1779532639025000000,1779532639025000000,1779532639024000000,1779532639056000000,1779532639059000000,1779532639090000000,1779532639122000000,65.0000,32.0000,16.5000,32.0000,97.0000,18.40,T3-T5 on Isaac clock; Network_est approximate
2026-05-23T10:37:19.1554920Z,1979,2474,0,1779532639117,1779532639089000000,1779532639089000000,1779532639089000000,1779532639114000000,1779532639117000000,1779532639122000000,1779532639155000000,33.0000,25.0000,4.0000,33.0000,66.0000,18.82,T3-T5 on Isaac clock; Network_est approximate
2026-05-23T10:37:19.1877810Z,1980,2475,0,1779532639149,1779532639122000000,1779532639122000000,1779532639121000000,1779532639148000000,1779532639149000000,1779532639155000000,1779532639187000000,33.0000,27.0000,3.0000,32.0000,65.0000,17.66,T3-T5 on Isaac clock; Network_est approximate
2026-05-23T10:37:19.2534440Z,1981,2477,0,1779532639191,1779532639187000000,1779532639187000000,1779532639187000000,1779532639189000000,1779532639191000000,1779532639220000000,1779532639253000000,33.0000,2.0000,15.5000,33.0000,66.0000,18.04,T3-T5 on Isaac clock; Network_est approximate
2026-05-23T10:37:19.2857030Z,1982,2478,0,1779532639250,1779532639220000000,1779532639220000000,1779532639220000000,1779532639248000000,1779532639250000000,1779532639253000000,1779532639285000000,33.0000,28.0000,2.5000,32.0000,65.0000,18.58,T3-T5 on Isaac clock; Network_est approximate
2026-05-23T10:37:19.3907450Z,1983,2479,0,1779532639287,1779532639253000000,1779532639253000000,1779532639252000000,1779532639281000000,1779532639287000000,1779532639318000000,1779532639390000000,65.0000,29.0000,18.0000,72.0000,137.0000,21.66,T3-T5 on Isaac clock; Network_est approximate
2026-05-23T10:37:19.3951850Z,1985,2481,0,1779532639380,1779532639318000000,1779532639318000000,1779532639318000000,1779532639380000000,1779532639380000000,1779532639390000000,1779532639395000000,72.0000,62.0000,5.0000,5.0000,77.0000,25.83,T3-T5 on Isaac clock; Network_est approximate
2026-05-23T10:37:19.4678350Z,1986,2483,0,1779532639417,1779532639394000000,1779532639395000000,1779532639394000000,1779532639413000000,1779532639417000000,1779532639427000000,1779532639467000000,32.0000,19.0000,6.5000,40.0000,73.0000,26.44,T3-T5 on Isaac clock; Network_est approximate
2026-05-23T10:37:19.4986830Z,1987,2484,0,1779532639453,1779532639426000000,1779532639426000000,1779532639426000000,1779532639453000000,1779532639453000000,1779532639467000000,1779532639498000000,41.0000,27.0000,7.0000,31.0000,72.0000,25.11,T3-T5 on Isaac clock; Network_est approximate
2026-05-23T10:37:19.5644420Z,1988,2486,0,1779532639517,1779532639498000000,1779532639498000000,1779532639498000000,1779532639513000000,1779532639517000000,1779532639531000000,1779532639564000000,33.0000,15.0000,9.0000,33.0000,66.0000,23.65,T3-T5 on Isaac clock; Network_est approximate
2026-05-23T10:37:19.5971320Z,1989,2487,0,1779532639554,1779532639531000000,1779532639531000000,1779532639530000000,1779532639549000000,1779532639554000000,1779532639564000000,1779532639597000000,33.0000,19.0000,7.0000,33.0000,66.0000,22.44,T3-T5 on Isaac clock; Network_est approximate
2026-05-23T10:37:19.6295100Z,1990,2488,0,1779532639591,1779532639564000000,1779532639564000000,1779532639564000000,1779532639588000000,1779532639591000000,1779532639597000000,1779532639629000000,33.0000,24.0000,4.5000,32.0000,65.0000,21.32,T3-T5 on Isaac clock; Network_est approximate
2026-05-23T10:37:19.6952470Z,1991,2490,0,1779532639648,1779532639629000000,1779532639629000000,1779532639629000000,1779532639646000000,1779532639648000000,1779532639662000000,1779532639695000000,33.0000,17.0000,8.0000,33.0000,66.0000,20.52,T3-T5 on Isaac clock; Network_est approximate
2026-05-23T10:37:19.7282570Z,1992,2491,0,1779532639684,1779532639662000000,1779532639662000000,1779532639662000000,1779532639680000000,1779532639684000000,1779532639695000000,1779532639728000000,33.0000,18.0000,7.5000,33.0000,66.0000,19.44,T3-T5 on Isaac clock; Network_est approximate
2026-05-23T10:37:19.7605040Z,1993,2492,0,1779532639722,1779532639694000000,1779532639694000000,1779532639694000000,1779532639721000000,1779532639722000000,1779532639728000000,1779532639760000000,34.0000,27.0000,3.5000,32.0000,66.0000,18.55,T3-T5 on Isaac clock; Network_est approximate
2026-05-23T10:37:19.8341010Z,1995,2494,0,1779532639815,1779532639760000000,1779532639760000000,1779532639759000000,1779532639813000000,1779532639815000000,1779532639830000000,1779532639834000000,70.0000,54.0000,8.0000,4.0000,74.0000,18.60,T3-T5 on Isaac clock; Network_est approximate
2026-05-23T10:37:19.9087470Z,1996,2496,0,1779532639853,1779532639833000000,1779532639833000000,1779532639833000000,1779532639853000000,1779532639853000000,1779532639867000000,1779532639908000000,34.0000,20.0000,7.0000,41.0000,75.0000,19.72,T3-T5 on Isaac clock; Network_est approximate
2026-05-23T10:37:19.9843540Z,1998,2498,0,1779532639952,1779532639908000000,1779532639908000000,1779532639908000000,1779532639950000000,1779532639952000000,1779532639979000000,1779532639984000000,71.0000,42.0000,14.5000,5.0000,76.0000,19.96,T3-T5 on Isaac clock; Network_est approximate
2026-05-23T10:37:20.0484880Z,1999,2500,0,1779532639991,1779532639984000000,1779532639984000000,1779532639983000000,1779532639989000000,1779532639991000000,1779532640016000000,1779532640048000000,32.0000,6.0000,13.0000,32.0000,64.0000,20.28,T3-T5 on Isaac clock; Network_est approximate
2026-05-23T10:37:20.1141880Z,2000,2502,0,1779532640053,1779532640048000000,1779532640048000000,1779532640047000000,1779532640048000000,1779532640053000000,1779532640081000000,1779532640114000000,33.0000,1.0000,16.0000,33.0000,66.0000,19.24,T3-T5 on Isaac clock; Network_est approximate
2026-05-23T10:37:20.1465660Z,2001,2503,0,1779532640084,1779532640081000000,1779532640081000000,1779532640081000000,1779532640082000000,1779532640084000000,1779532640114000000,1779532640146000000,33.0000,1.0000,16.0000,32.0000,65.0000,18.13,T3-T5 on Isaac clock; Network_est approximate
2026-05-23T10:37:20.1793000Z,2002,2504,0,1779532640126,1779532640113000000,1779532640113000000,1779532640113000000,1779532640121000000,1779532640126000000,1779532640146000000,1779532640179000000,33.0000,8.0000,12.5000,33.0000,66.0000,17.57,T3-T5 on Isaac clock; Network_est approximate
2026-05-23T10:37:20.2447240Z,2003,2506,0,1779532640185,1779532640179000000,1779532640179000000,1779532640178000000,1779532640180000000,1779532640185000000,1779532640211000000,1779532640244000000,32.0000,2.0000,15.0000,33.0000,65.0000,16.87,T3-T5 on Isaac clock; Network_est approximate
2026-05-23T10:37:20.2768100Z,2004,2507,0,1779532640216,1779532640211000000,1779532640211000000,1779532640211000000,1779532640215000000,1779532640216000000,1779532640244000000,1779532640276000000,33.0000,4.0000,14.5000,32.0000,65.0000,15.88,T3-T5 on Isaac clock; Network_est approximate
2026-05-23T10:37:20.3096210Z,2005,2508,0,1779532640258,1779532640244000000,1779532640244000000,1779532640244000000,1779532640255000000,1779532640258000000,1779532640276000000,1779532640309000000,32.0000,11.0000,10.5000,33.0000,65.0000,15.46,T3-T5 on Isaac clock; Network_est approximate
2026-05-23T10:37:20.3756580Z,2006,2510,0,1779532640317,1779532640309000000,1779532640309000000,1779532640309000000,1779532640313000000,1779532640317000000,1779532640343000000,1779532640375000000,34.0000,4.0000,15.0000,32.0000,66.0000,14.94,T3-T5 on Isaac clock; Network_est approximate
2026-05-23T10:37:20.4167320Z,2007,2511,0,1779532640349,1779532640342000000,1779532640342000000,1779532640342000000,1779532640346000000,1779532640349000000,1779532640375000000,1779532640416000000,33.0000,4.0000,14.5000,41.0000,74.0000,14.57,T3-T5 on Isaac clock; Network_est approximate
2026-05-23T10:37:20.4480100Z,2008,2512,0,1779532640390,1779532640375000000,1779532640375000000,1779532640375000000,1779532640386000000,1779532640390000000,1779532640416000000,1779532640448000000,41.0000,11.0000,15.0000,32.0000,73.0000,14.26,T3-T5 on Isaac clock; Network_est approximate
2026-05-23T10:37:20.5197720Z,2010,2514,0,1779532640485,1779532640447000000,1779532640447000000,1779532640447000000,1779532640481000000,1779532640485000000,1779532640488000000,1779532640519000000,41.0000,34.0000,3.5000,31.0000,72.0000,14.82,T3-T5 on Isaac clock; Network_est approximate
2026-05-23T10:37:20.5854490Z,2011,2516,0,1779532640521,1779532640519000000,1779532640519000000,1779532640519000000,1779532640521000000,1779532640521000000,1779532640552000000,1779532640585000000,33.0000,2.0000,15.5000,33.0000,66.0000,15.74,T3-T5 on Isaac clock; Network_est approximate
2026-05-23T10:37:20.6181180Z,2012,2517,0,1779532640580,1779532640552000000,1779532640552000000,1779532640552000000,1779532640579000000,1779532640580000000,1779532640585000000,1779532640618000000,33.0000,27.0000,3.0000,33.0000,66.0000,16.41,T3-T5 on Isaac clock; Network_est approximate
2026-05-23T10:37:20.6509930Z,2013,2518,0,1779532640616,1779532640585000000,1779532640585000000,1779532640584000000,1779532640612000000,1779532640616000000,1779532640617000000,1779532640650000000,32.0000,28.0000,2.0000,33.0000,65.0000,15.57,T3-T5 on Isaac clock; Network_est approximate
2026-05-23T10:37:20.7164210Z,2014,2520,0,1779532640653,1779532640650000000,1779532640650000000,1779532640650000000,1779532640652000000,1779532640653000000,1779532640683000000,1779532640716000000,33.0000,2.0000,15.5000,33.0000,66.0000,16.38,T3-T5 on Isaac clock; Network_est approximate
2026-05-23T10:37:20.7487140Z,2015,2521,0,1779532640711,1779532640683000000,1779532640683000000,1779532640683000000,1779532640710000000,1779532640711000000,1779532640716000000,1779532640748000000,33.0000,27.0000,3.0000,32.0000,65.0000,16.97,T3-T5 on Isaac clock; Network_est approximate
2026-05-23T10:37:20.8143820Z,2016,2522,0,1779532640747,1779532640716000000,1779532640716000000,1779532640715000000,1779532640744000000,1779532640747000000,1779532640781000000,1779532640814000000,65.0000,29.0000,18.0000,33.0000,98.0000,17.74,T3-T5 on Isaac clock; Network_est approximate
2026-05-23T10:37:20.8470610Z,2017,2524,0,1779532640789,1779532640781000000,1779532640781000000,1779532640780000000,1779532640785000000,1779532640789000000,1779532640814000000,1779532640847000000,33.0000,5.0000,14.0000,33.0000,66.0000,17.23,T3-T5 on Isaac clock; Network_est approximate
2026-05-23T10:37:20.9262270Z,2019,2526,0,1779532640879,1779532640846000000,1779532640846000000,1779532640846000000,1779532640876000000,1779532640879000000,1779532640922000000,1779532640926000000,76.0000,30.0000,23.0000,4.0000,80.0000,16.78,T3-T5 on Isaac clock; Network_est approximate
2026-05-23T10:37:20.9605260Z,2020,2526,0,1779532640922,1779532640846000000,1779532640846000000,1779532640846000000,1779532640918000000,1779532640922000000,1779532640926000000,1779532640960000000,80.0000,72.0000,4.0000,34.0000,114.0000,16.28,T3-T5 on Isaac clock; Network_est approximate
2026-05-23T10:37:21.0322500Z,2021,2529,0,1779532640979,1779532640960000000,1779532640960000000,1779532640960000000,1779532640978000000,1779532640979000000,1779532641000000000,1779532641032000000,40.0000,18.0000,11.0000,32.0000,72.0000,16.17,T3-T5 on Isaac clock; Network_est approximate
2026-05-23T10:37:21.0649690Z,2022,2530,0,1779532641017,1779532641000000000,1779532641000000000,1779532641000000000,1779532641011000000,1779532641017000000,1779532641032000000,1779532641064000000,32.0000,11.0000,10.5000,32.0000,64.0000,15.50,T3-T5 on Isaac clock; Network_est approximate
2026-05-23T10:37:21.0973410Z,2023,2531,0,1779532641053,1779532641032000000,1779532641032000000,1779532641031000000,1779532641052000000,1779532641053000000,1779532641064000000,1779532641097000000,32.0000,21.0000,5.5000,33.0000,65.0000,14.75,T3-T5 on Isaac clock; Network_est approximate
2026-05-23T10:37:21.1632990Z,2024,2533,0,1779532641111,1779532641097000000,1779532641097000000,1779532641096000000,1779532641110000000,1779532641111000000,1779532641130000000,1779532641163000000,33.0000,14.0000,9.5000,33.0000,66.0000,14.33,T3-T5 on Isaac clock; Network_est approximate
2026-05-23T10:37:21.1960360Z,2025,2534,0,1779532641147,1779532641130000000,1779532641130000000,1779532641129000000,1779532641144000000,1779532641147000000,1779532641163000000,1779532641196000000,33.0000,15.0000,9.0000,33.0000,66.0000,13.64,T3-T5 on Isaac clock; Network_est approximate
2026-05-23T10:37:21.2282950Z,2026,2535,0,1779532641189,1779532641163000000,1779532641163000000,1779532641162000000,1779532641185000000,1779532641189000000,1779532641195000000,1779532641228000000,32.0000,23.0000,4.5000,33.0000,65.0000,13.39,T3-T5 on Isaac clock; Network_est approximate
2026-05-23T10:37:21.2938320Z,2027,2537,0,1779532641247,1779532641228000000,1779532641228000000,1779532641227000000,1779532641244000000,1779532641247000000,1779532641260000000,1779532641293000000,32.0000,17.0000,7.5000,33.0000,65.0000,13.02,T3-T5 on Isaac clock; Network_est approximate
2026-05-23T10:37:21.3262370Z,2028,2538,0,1779532641278,1779532641260000000,1779532641260000000,1779532641260000000,1779532641277000000,1779532641278000000,1779532641293000000,1779532641326000000,33.0000,17.0000,8.0000,33.0000,66.0000,12.29,T3-T5 on Isaac clock; Network_est approximate
2026-05-23T10:37:21.3593800Z,2029,2539,0,1779532641320,1779532641293000000,1779532641293000000,1779532641293000000,1779532641317000000,1779532641320000000,1779532641326000000,1779532641359000000,33.0000,24.0000,4.5000,33.0000,66.0000,12.08,T3-T5 on Isaac clock; Network_est approximate
2026-05-23T10:37:21.4327480Z,2030,2541,0,1779532641377,1779532641359000000,1779532641359000000,1779532641358000000,1779532641375000000,1779532641377000000,1779532641392000000,1779532641432000000,33.0000,17.0000,8.0000,40.0000,73.0000,12.35,T3-T5 on Isaac clock; Network_est approximate
2026-05-23T10:37:21.4639060Z,2031,2542,0,1779532641410,1779532641392000000,1779532641392000000,1779532641391000000,1779532641408000000,1779532641410000000,1779532641432000000,1779532641463000000,40.0000,17.0000,11.5000,31.0000,71.0000,11.69,T3-T5 on Isaac clock; Network_est approximate
2026-05-23T10:37:21.4972070Z,2032,2543,0,1779532641451,1779532641432000000,1779532641432000000,1779532641432000000,1779532641449000000,1779532641451000000,1779532641463000000,1779532641497000000,31.0000,17.0000,7.0000,34.0000,65.0000,11.44,T3-T5 on Isaac clock; Network_est approximate
2026-05-23T10:37:21.5680940Z,2033,2545,0,1779532641508,1779532641496000000,1779532641497000000,1779532641496000000,1779532641507000000,1779532641508000000,1779532641537000000,1779532641568000000,40.0000,11.0000,14.5000,31.0000,72.0000,11.59,T3-T5 on Isaac clock; Network_est approximate
2026-05-23T10:37:21.6008520Z,2034,2546,0,1779532641543,1779532641536000000,1779532641536000000,1779532641536000000,1779532641540000000,1779532641543000000,1779532641568000000,1779532641600000000,32.0000,4.0000,14.0000,32.0000,64.0000,11.01,T3-T5 on Isaac clock; Network_est approximate
2026-05-23T10:37:21.6340220Z,2035,2547,0,1779532641585,1779532641567000000,1779532641567000000,1779532641567000000,1779532641580000000,1779532641585000000,1779532641600000000,1779532641634000000,33.0000,13.0000,10.0000,34.0000,67.0000,10.87,T3-T5 on Isaac clock; Network_est approximate
2026-05-23T10:37:21.6993460Z,2036,2549,0,1779532641643,1779532641633000000,1779532641633000000,1779532641633000000,1779532641639000000,1779532641643000000,1779532641666000000,1779532641699000000,33.0000,6.0000,13.5000,33.0000,66.0000,10.65,T3-T5 on Isaac clock; Network_est approximate
2026-05-23T10:37:21.7321240Z,2037,2550,0,1779532641675,1779532641666000000,1779532641666000000,1779532641666000000,1779532641672000000,1779532641675000000,1779532641699000000,1779532641732000000,33.0000,6.0000,13.5000,33.0000,66.0000,10.02,T3-T5 on Isaac clock; Network_est approximate
2026-05-23T10:37:21.7645790Z,2038,2551,0,1779532641718,1779532641699000000,1779532641699000000,1779532641699000000,1779532641713000000,1779532641718000000,1779532641731000000,1779532641764000000,32.0000,14.0000,9.0000,33.0000,65.0000,10.04,T3-T5 on Isaac clock; Network_est approximate
2026-05-23T10:37:21.8305080Z,2039,2553,0,1779532641771,1779532641764000000,1779532641764000000,1779532641764000000,1779532641771000000,1779532641771000000,1779532641798000000,1779532641830000000,34.0000,7.0000,13.5000,32.0000,66.0000,10.21,T3-T5 on Isaac clock; Network_est approximate
2026-05-23T10:37:21.8632740Z,2040,2554,0,1779532641808,1779532641798000000,1779532641798000000,1779532641797000000,1779532641805000000,1779532641808000000,1779532641830000000,1779532641863000000,32.0000,8.0000,12.0000,33.0000,65.0000,9.83,T3-T5 on Isaac clock; Network_est approximate
2026-05-23T10:37:21.8965220Z,2041,2555,0,1779532641850,1779532641830000000,1779532641830000000,1779532641829000000,1779532641846000000,1779532641850000000,1779532641863000000,1779532641896000000,33.0000,17.0000,8.0000,33.0000,66.0000,9.78,T3-T5 on Isaac clock; Network_est approximate
2026-05-23T10:37:22.0135710Z,2043,2557,0,1779532641940,1779532641895000000,1779532641895000000,1779532641895000000,1779532641938000000,1779532641940000000,1779532641968000000,1779532642013000000,73.0000,43.0000,15.0000,45.0000,118.0000,10.89,T3-T5 on Isaac clock; Network_est approximate
2026-05-23T10:37:22.0168730Z,2044,2558,0,1779532641982,1779532641967000000,1779532641968000000,1779532641967000000,1779532641981000000,1779532641982000000,1779532642013000000,1779532642016000000,45.0000,14.0000,15.5000,3.0000,49.0000,12.62,T3-T5 on Isaac clock; Network_est approximate
2026-05-23T10:37:22.0839980Z,2045,2560,0,1779532642040,1779532642016000000,1779532642016000000,1779532642016000000,1779532642038000000,1779532642040000000,1779532642050000000,1779532642083000000,34.0000,22.0000,6.0000,33.0000,67.0000,12.40,T3-T5 on Isaac clock; Network_est approximate
2026-05-23T10:37:22.1168800Z,2046,2561,0,1779532642071,1779532642050000000,1779532642050000000,1779532642049000000,1779532642071000000,1779532642071000000,1779532642083000000,1779532642116000000,33.0000,22.0000,5.5000,33.0000,66.0000,11.75,T3-T5 on Isaac clock; Network_est approximate
2026-05-23T10:37:22.1495140Z,2047,2562,0,1779532642113,1779532642083000000,1779532642083000000,1779532642083000000,1779532642111000000,1779532642113000000,1779532642116000000,1779532642149000000,33.0000,28.0000,2.5000,33.0000,66.0000,11.59,T3-T5 on Isaac clock; Network_est approximate
2026-05-23T10:37:22.2148290Z,2048,2564,0,1779532642173,1779532642149000000,1779532642149000000,1779532642149000000,1779532642170000000,1779532642173000000,1779532642182000000,1779532642214000000,33.0000,21.0000,6.0000,32.0000,65.0000,11.20,T3-T5 on Isaac clock; Network_est approximate
2026-05-23T10:37:22.2474190Z,2049,2565,0,1779532642204,1779532642181000000,1779532642181000000,1779532642181000000,1779532642203000000,1779532642204000000,1779532642214000000,1779532642247000000,33.0000,22.0000,5.5000,33.0000,66.0000,10.60,T3-T5 on Isaac clock; Network_est approximate
2026-05-23T10:37:22.3132430Z,2050,2566,0,1779532642246,1779532642214000000,1779532642214000000,1779532642214000000,1779532642243000000,1779532642246000000,1779532642279000000,1779532642313000000,65.0000,29.0000,18.0000,34.0000,99.0000,11.42,T3-T5 on Isaac clock; Network_est approximate
2026-05-23T10:37:22.3455370Z,2051,2568,0,1779532642308,1779532642279000000,1779532642279000000,1779532642279000000,1779532642303000000,1779532642308000000,1779532642313000000,1779532642345000000,34.0000,24.0000,5.0000,32.0000,66.0000,12.57,T3-T5 on Isaac clock; Network_est approximate
2026-05-23T10:37:22.3782750Z,2052,2569,0,1779532642339,1779532642313000000,1779532642313000000,1779532642312000000,1779532642336000000,1779532642339000000,1779532642345000000,1779532642378000000,32.0000,24.0000,4.0000,33.0000,65.0000,11.89,T3-T5 on Isaac clock; Network_est approximate
2026-05-23T10:37:22.4836520Z,2053,2571,0,1779532642382,1779532642378000000,1779532642378000000,1779532642378000000,1779532642380000000,1779532642382000000,1779532642411000000,1779532642483000000,33.0000,2.0000,15.5000,72.0000,105.0000,15.05,T3-T5 on Isaac clock; Network_est approximate
2026-05-23T10:37:22.4870890Z,2055,2572,0,1779532642474,1779532642411000000,1779532642411000000,1779532642410000000,1779532642473000000,1779532642474000000,1779532642483000000,1779532642487000000,72.0000,63.0000,4.5000,4.0000,76.0000,19.64,T3-T5 on Isaac clock; Network_est approximate
2026-05-23T10:37:22.5599550Z,2056,2574,0,1779532642515,1779532642486000000,1779532642486000000,1779532642486000000,1779532642515000000,1779532642515000000,1779532642520000000,1779532642559000000,34.0000,29.0000,2.5000,39.0000,73.0000,20.40,T3-T5 on Isaac clock; Network_est approximate
2026-05-23T10:37:22.6244240Z,2057,2576,0,1779532642578,1779532642559000000,1779532642559000000,1779532642559000000,1779532642574000000,1779532642578000000,1779532642591000000,1779532642624000000,32.0000,15.0000,8.5000,33.0000,65.0000,19.22,T3-T5 on Isaac clock; Network_est approximate
2026-05-23T10:37:22.6568500Z,2058,2577,0,1779532642610,1779532642591000000,1779532642591000000,1779532642590000000,1779532642609000000,1779532642610000000,1779532642624000000,1779532642656000000,33.0000,19.0000,7.0000,32.0000,65.0000,18.04,T3-T5 on Isaac clock; Network_est approximate
2026-05-23T10:37:22.6895570Z,2059,2578,0,1779532642652,1779532642624000000,1779532642624000000,1779532642624000000,1779532642651000000,1779532642652000000,1779532642656000000,1779532642689000000,32.0000,27.0000,2.5000,33.0000,65.0000,17.49,T3-T5 on Isaac clock; Network_est approximate
2026-05-23T10:37:22.7549160Z,2060,2580,0,1779532642715,1779532642689000000,1779532642689000000,1779532642689000000,1779532642709000000,1779532642715000000,1779532642722000000,1779532642754000000,33.0000,20.0000,6.5000,32.0000,65.0000,16.54,T3-T5 on Isaac clock; Network_est approximate
2026-05-23T10:37:22.7878180Z,2061,2581,0,1779532642742,1779532642721000000,1779532642721000000,1779532642721000000,1779532642742000000,1779532642742000000,1779532642754000000,1779532642787000000,33.0000,21.0000,6.0000,33.0000,66.0000,15.88,T3-T5 on Isaac clock; Network_est approximate
2026-05-23T10:37:22.8204940Z,2062,2582,0,1779532642784,1779532642754000000,1779532642754000000,1779532642754000000,1779532642783000000,1779532642784000000,1779532642787000000,1779532642820000000,33.0000,29.0000,2.0000,33.0000,66.0000,15.47,T3-T5 on Isaac clock; Network_est approximate
2026-05-23T10:37:22.8857050Z,2063,2584,0,1779532642845,1779532642820000000,1779532642820000000,1779532642820000000,1779532642841000000,1779532642845000000,1779532642853000000,1779532642885000000,33.0000,21.0000,6.0000,32.0000,65.0000,14.76,T3-T5 on Isaac clock; Network_est approximate
2026-05-23T10:37:22.9184290Z,2064,2585,0,1779532642877,1779532642852000000,1779532642852000000,1779532642852000000,1779532642876000000,1779532642877000000,1779532642885000000,1779532642918000000,33.0000,24.0000,4.5000,33.0000,66.0000,13.88,T3-T5 on Isaac clock; Network_est approximate
2026-05-23T10:37:22.9953210Z,2066,2587,0,1779532642976,1779532642918000000,1779532642918000000,1779532642917000000,1779532642975000000,1779532642976000000,1779532642991000000,1779532642995000000,73.0000,58.0000,7.5000,4.0000,77.0000,14.42,T3-T5 on Isaac clock; Network_est approximate
2026-05-23T10:37:23.0681530Z,2067,2589,0,1779532643009,1779532642994000000,1779532642994000000,1779532642994000000,1779532643008000000,1779532643009000000,1779532643027000000,1779532643068000000,33.0000,14.0000,9.5000,41.0000,74.0000,16.03,T3-T5 on Isaac clock; Network_est approximate
2026-05-23T10:37:23.1352010Z,2068,2590,0,1779532643050,1779532643027000000,1779532643027000000,1779532643027000000,1779532643049000000,1779532643050000000,1779532643068000000,1779532643135000000,41.0000,22.0000,9.5000,67.0000,108.0000,16.66,T3-T5 on Isaac clock; Network_est approximate
2026-05-23T10:37:23.1384150Z,2069,2591,0,1779532643107,1779532643067000000,1779532643067000000,1779532643067000000,1779532643107000000,1779532643107000000,1779532643135000000,1779532643138000000,68.0000,40.0000,14.0000,3.0000,71.0000,18.98,T3-T5 on Isaac clock; Network_est approximate
2026-05-23T10:37:23.2056230Z,2070,2593,0,1779532643144,1779532643138000000,1779532643138000000,1779532643137000000,1779532643141000000,1779532643144000000,1779532643172000000,1779532643205000000,34.0000,4.0000,15.0000,33.0000,67.0000,19.68,T3-T5 on Isaac clock; Network_est approximate
2026-05-23T10:37:23.2385950Z,2071,2594,0,1779532643186,1779532643171000000,1779532643171000000,1779532643171000000,1779532643182000000,1779532643186000000,1779532643205000000,1779532643238000000,34.0000,11.0000,11.5000,33.0000,67.0000,19.01,T3-T5 on Isaac clock; Network_est approximate
2026-05-23T10:37:23.3041340Z,2072,2596,0,1779532643245,1779532643238000000,1779532643238000000,1779532643238000000,1779532643240000000,1779532643245000000,1779532643270000000,1779532643304000000,32.0000,2.0000,15.0000,34.0000,66.0000,18.23,T3-T5 on Isaac clock; Network_est approximate
2026-05-23T10:37:23.3366490Z,2073,2597,0,1779532643276,1779532643270000000,1779532643270000000,1779532643270000000,1779532643274000000,1779532643276000000,1779532643304000000,1779532643336000000,34.0000,4.0000,15.0000,32.0000,66.0000,17.19,T3-T5 on Isaac clock; Network_est approximate
2026-05-23T10:37:23.3690980Z,2074,2598,0,1779532643318,1779532643303000000,1779532643303000000,1779532643303000000,1779532643316000000,1779532643318000000,1779532643336000000,1779532643369000000,33.0000,13.0000,10.0000,33.0000,66.0000,16.71,T3-T5 on Isaac clock; Network_est approximate
2026-05-23T10:37:23.4352770Z,2075,2600,0,1779532643377,1779532643368000000,1779532643368000000,1779532643368000000,1779532643374000000,1779532643377000000,1779532643401000000,1779532643435000000,33.0000,6.0000,13.5000,34.0000,67.0000,16.11,T3-T5 on Isaac clock; Network_est approximate
2026-05-23T10:37:23.4685120Z,2076,2601,0,1779532643409,1779532643401000000,1779532643401000000,1779532643401000000,1779532643407000000,1779532643409000000,1779532643435000000,1779532643468000000,34.0000,6.0000,14.0000,33.0000,67.0000,15.18,T3-T5 on Isaac clock; Network_est approximate
2026-05-23T10:37:23.5105850Z,2077,2602,0,1779532643452,1779532643435000000,1779532643435000000,1779532643434000000,1779532643448000000,1779532643452000000,1779532643468000000,1779532643510000000,33.0000,14.0000,9.5000,42.0000,75.0000,14.29,T3-T5 on Isaac clock; Network_est approximate
2026-05-23T10:37:23.5802370Z,2078,2603,0,1779532643509,1779532643468000000,1779532643468000000,1779532643468000000,1779532643506000000,1779532643509000000,1779532643510000000,1779532643580000000,42.0000,38.0000,2.0000,70.0000,112.0000,14.19,T3-T5 on Isaac clock; Network_est approximate
2026-05-23T10:37:23.5835940Z,2079,2604,0,1779532643541,1779532643510000000,1779532643510000000,1779532643509000000,1779532643539000000,1779532643541000000,1779532643580000000,1779532643583000000,70.0000,30.0000,20.0000,3.0000,73.0000,15.09,T3-T5 on Isaac clock; Network_est approximate
2026-05-23T10:37:23.6483620Z,2080,2605,0,1779532643583,1779532643580000000,1779532643580000000,1779532643579000000,1779532643580000000,1779532643583000000,1779532643615000000,1779532643648000000,35.0000,1.0000,17.0000,33.0000,68.0000,15.57,T3-T5 on Isaac clock; Network_est approximate
2026-05-23T10:37:23.6806540Z,2081,2607,0,1779532643640,1779532643615000000,1779532643615000000,1779532643615000000,1779532643638000000,1779532643640000000,1779532643648000000,1779532643680000000,33.0000,23.0000,5.0000,32.0000,65.0000,16.13,T3-T5 on Isaac clock; Network_est approximate
2026-05-23T10:37:23.7136260Z,2082,2608,0,1779532643671,1779532643648000000,1779532643648000000,1779532643647000000,1779532643671000000,1779532643671000000,1779532643680000000,1779532643713000000,32.0000,24.0000,4.0000,33.0000,65.0000,15.24,T3-T5 on Isaac clock; Network_est approximate
2026-05-23T10:37:23.7857580Z,2083,2609,0,1779532643713,1779532643680000000,1779532643680000000,1779532643680000000,1779532643711000000,1779532643713000000,1779532643746000000,1779532643785000000,66.0000,31.0000,17.5000,39.0000,105.0000,16.16,T3-T5 on Isaac clock; Network_est approximate
2026-05-23T10:37:23.8124040Z,2084,2611,0,1779532643770,1779532643746000000,1779532643746000000,1779532643746000000,1779532643769000000,1779532643770000000,1779532643785000000,1779532643812000000,39.0000,23.0000,8.0000,27.0000,66.0000,17.04,T3-T5 on Isaac clock; Network_est approximate
2026-05-23T10:37:23.8442350Z,2085,2612,0,1779532643809,1779532643785000000,1779532643785000000,1779532643785000000,1779532643803000000,1779532643809000000,1779532643812000000,1779532643844000000,27.0000,18.0000,4.5000,32.0000,59.0000,16.41,T3-T5 on Isaac clock; Network_est approximate
2026-05-23T10:37:23.9094130Z,2086,2614,0,1779532643851,1779532643844000000,1779532643844000000,1779532643843000000,1779532643846000000,1779532643851000000,1779532643876000000,1779532643909000000,32.0000,3.0000,14.5000,33.0000,65.0000,16.84,T3-T5 on Isaac clock; Network_est approximate
2026-05-23T10:37:23.9758330Z,2088,2616,0,1779532643939,1779532643909000000,1779532643909000000,1779532643908000000,1779532643938000000,1779532643939000000,1779532643942000000,1779532643975000000,33.0000,30.0000,1.5000,33.0000,66.0000,17.13,T3-T5 on Isaac clock; Network_est approximate
2026-05-23T10:37:24.0473840Z,2089,2618,0,1779532643980,1779532643975000000,1779532643975000000,1779532643975000000,1779532643979000000,1779532643980000000,1779532644016000000,1779532644047000000,41.0000,4.0000,18.5000,31.0000,72.0000,17.96,T3-T5 on Isaac clock; Network_est approximate
2026-05-23T10:37:24.0879330Z,2090,2619,0,1779532644037,1779532644015000000,1779532644015000000,1779532644015000000,1779532644037000000,1779532644037000000,1779532644047000000,1779532644087000000,32.0000,22.0000,5.0000,40.0000,72.0000,17.89,T3-T5 on Isaac clock; Network_est approximate
2026-05-23T10:37:24.1187560Z,2091,2620,0,1779532644074,1779532644047000000,1779532644047000000,1779532644046000000,1779532644070000000,1779532644074000000,1779532644087000000,1779532644118000000,40.0000,24.0000,8.0000,31.0000,71.0000,17.13,T3-T5 on Isaac clock; Network_est approximate
2026-05-23T10:37:24.1509820Z,2092,2621,0,1779532644111,1779532644087000000,1779532644087000000,1779532644086000000,1779532644110000000,1779532644111000000,1779532644118000000,1779532644150000000,31.0000,24.0000,3.5000,32.0000,63.0000,16.36,T3-T5 on Isaac clock; Network_est approximate
2026-05-23T10:37:24.2230470Z,2094,2623,0,1779532644205,1779532644150000000,1779532644150000000,1779532644150000000,1779532644201000000,1779532644205000000,1779532644219000000,1779532644223000000,69.0000,51.0000,9.0000,4.0000,73.0000,16.71,T3-T5 on Isaac clock; Network_est approximate
2026-05-23T10:37:24.2893830Z,2095,2625,0,1779532644243,1779532644222000000,1779532644222000000,1779532644222000000,1779532644241000000,1779532644243000000,1779532644256000000,1779532644289000000,34.0000,19.0000,7.5000,33.0000,67.0000,17.43,T3-T5 on Isaac clock; Network_est approximate
2026-05-23T10:37:24.3551260Z,2096,2627,0,1779532644300,1779532644289000000,1779532644289000000,1779532644288000000,1779532644299000000,1779532644300000000,1779532644322000000,1779532644355000000,33.0000,11.0000,11.0000,33.0000,66.0000,16.89,T3-T5 on Isaac clock; Network_est approximate
2026-05-23T10:37:24.3878800Z,2097,2628,0,1779532644337,1779532644322000000,1779532644322000000,1779532644322000000,1779532644332000000,1779532644337000000,1779532644355000000,1779532644387000000,33.0000,10.0000,11.5000,32.0000,65.0000,16.10,T3-T5 on Isaac clock; Network_est approximate
2026-05-23T10:37:24.4205140Z,2098,2629,0,1779532644374,1779532644354000000,1779532644355000000,1779532644354000000,1779532644372000000,1779532644374000000,1779532644387000000,1779532644420000000,32.0000,18.0000,7.0000,33.0000,66.0000,15.37,T3-T5 on Isaac clock; Network_est approximate
2026-05-23T10:37:24.4954350Z,2100,2631,0,1779532644468,1779532644420000000,1779532644420000000,1779532644419000000,1779532644464000000,1779532644468000000,1779532644491000000,1779532644495000000,71.0000,45.0000,13.0000,4.0000,75.0000,15.60,T3-T5 on Isaac clock; Network_est approximate
2026-05-23T10:37:24.5687600Z,2101,2633,0,1779532644507,1779532644495000000,1779532644495000000,1779532644494000000,1779532644504000000,1779532644507000000,1779532644528000000,1779532644568000000,33.0000,10.0000,11.5000,40.0000,73.0000,16.76,T3-T5 on Isaac clock; Network_est approximate
2026-05-23T10:37:24.6041520Z,2102,2634,0,1779532644563,1779532644527000000,1779532644527000000,1779532644527000000,1779532644562000000,1779532644563000000,1779532644568000000,1779532644604000000,41.0000,35.0000,3.0000,36.0000,77.0000,17.00,T3-T5 on Isaac clock; Network_est approximate
2026-05-23T10:37:24.6402760Z,2103,2635,0,1779532644599,1779532644568000000,1779532644568000000,1779532644568000000,1779532644596000000,1779532644599000000,1779532644604000000,1779532644640000000,36.0000,28.0000,4.0000,36.0000,72.0000,15.95,T3-T5 on Isaac clock; Network_est approximate
2026-05-23T10:37:24.7130310Z,2104,2636,0,1779532644642,1779532644603000000,1779532644603000000,1779532644603000000,1779532644636000000,1779532644642000000,1779532644676000000,1779532644713000000,73.0000,33.0000,20.0000,37.0000,110.0000,16.81,T3-T5 on Isaac clock; Network_est approximate
2026-05-23T10:37:24.7492470Z,2105,2638,0,1779532644699,1779532644676000000,1779532644676000000,1779532644676000000,1779532644695000000,1779532644699000000,1779532644712000000,1779532644749000000,36.0000,19.0000,8.5000,37.0000,73.0000,17.07,T3-T5 on Isaac clock; Network_est approximate
2026-05-23T10:37:24.7875580Z,2106,2639,0,1779532644731,1779532644712000000,1779532644712000000,1779532644712000000,1779532644728000000,1779532644731000000,1779532644749000000,1779532644787000000,37.0000,16.0000,10.5000,38.0000,75.0000,16.40,T3-T5 on Isaac clock; Network_est approximate
2026-05-23T10:37:24.8205770Z,2107,2640,0,1779532644772,1779532644748000000,1779532644748000000,1779532644748000000,1779532644768000000,1779532644772000000,1779532644787000000,1779532644820000000,39.0000,20.0000,9.5000,33.0000,72.0000,15.87,T3-T5 on Isaac clock; Network_est approximate
2026-05-23T10:37:24.8859000Z,2108,2642,0,1779532644831,1779532644820000000,1779532644820000000,1779532644820000000,1779532644827000000,1779532644831000000,1779532644853000000,1779532644885000000,33.0000,7.0000,13.0000,32.0000,65.0000,15.27,T3-T5 on Isaac clock; Network_est approximate
2026-05-23T10:37:24.9184600Z,2109,2643,0,1779532644862,1779532644853000000,1779532644853000000,1779532644852000000,1779532644860000000,1779532644862000000,1779532644885000000,1779532644918000000,32.0000,8.0000,12.0000,33.0000,65.0000,14.42,T3-T5 on Isaac clock; Network_est approximate
2026-05-23T10:37:24.9512460Z,2110,2644,0,1779532644903,1779532644885000000,1779532644885000000,1779532644885000000,1779532644901000000,1779532644903000000,1779532644918000000,1779532644951000000,33.0000,16.0000,8.5000,33.0000,66.0000,14.03,T3-T5 on Isaac clock; Network_est approximate
2026-05-23T10:37:25.0255830Z,2111,2646,0,1779532644962,1779532644950000000,1779532644951000000,1779532644950000000,1779532644959000000,1779532644962000000,1779532644984000000,1779532645025000000,33.0000,9.0000,12.0000,41.0000,75.0000,14.11,T3-T5 on Isaac clock; Network_est approximate
2026-05-23T10:37:25.0566350Z,2112,2647,0,1779532644994,1779532644984000000,1779532644984000000,1779532644983000000,1779532644992000000,1779532644994000000,1779532645025000000,1779532645056000000,41.0000,9.0000,16.0000,31.0000,72.0000,13.29,T3-T5 on Isaac clock; Network_est approximate
2026-05-23T10:37:25.0976670Z,2113,2648,0,1779532645035,1779532645025000000,1779532645025000000,1779532645025000000,1779532645032000000,1779532645035000000,1779532645056000000,1779532645097000000,31.0000,7.0000,12.0000,41.0000,72.0000,12.46,T3-T5 on Isaac clock; Network_est approximate
2026-05-23T10:37:25.1296580Z,2114,2649,0,1779532645091,1779532645056000000,1779532645056000000,1779532645056000000,1779532645090000000,1779532645091000000,1779532645097000000,1779532645129000000,41.0000,34.0000,3.5000,32.0000,73.0000,13.19,T3-T5 on Isaac clock; Network_est approximate
2026-05-23T10:37:25.1617320Z,2115,2650,0,1779532645128,1779532645097000000,1779532645097000000,1779532645096000000,1779532645123000000,1779532645128000000,1779532645129000000,1779532645161000000,32.0000,27.0000,2.5000,32.0000,64.0000,12.69,T3-T5 on Isaac clock; Network_est approximate
2026-05-23T10:37:25.2266430Z,2116,2652,0,1779532645165,1779532645161000000,1779532645161000000,1779532645160000000,1779532645164000000,1779532645165000000,1779532645194000000,1779532645226000000,33.0000,4.0000,14.5000,32.0000,65.0000,13.67,T3-T5 on Isaac clock; Network_est approximate
2026-05-23T10:37:25.2993270Z,2118,2654,0,1779532645258,1779532645226000000,1779532645226000000,1779532645226000000,1779532645255000000,1779532645258000000,1779532645295000000,1779532645299000000,69.0000,29.0000,20.0000,4.0000,73.0000,14.07,T3-T5 on Isaac clock; Network_est approximate
2026-05-23T10:37:25.3658330Z,2119,2655,0,1779532645299,1779532645295000000,1779532645295000000,1779532645295000000,1779532645295000000,1779532645299000000,1779532645333000000,1779532645365000000,38.0000,0.0000,19.0000,32.0000,70.0000,14.78,T3-T5 on Isaac clock; Network_est approximate
2026-05-23T10:37:25.3990190Z,2120,2657,0,1779532645356,1779532645332000000,1779532645332000000,1779532645332000000,1779532645353000000,1779532645356000000,1779532645365000000,1779532645399000000,33.0000,21.0000,6.0000,34.0000,67.0000,15.35,T3-T5 on Isaac clock; Network_est approximate
2026-05-23T10:37:25.4316940Z,2121,2658,0,1779532645387,1779532645365000000,1779532645365000000,1779532645365000000,1779532645386000000,1779532645387000000,1779532645398000000,1779532645431000000,33.0000,21.0000,6.0000,33.0000,66.0000,14.49,T3-T5 on Isaac clock; Network_est approximate
2026-05-23T10:37:25.4650500Z,2122,2659,0,1779532645429,1779532645398000000,1779532645398000000,1779532645398000000,1779532645426000000,1779532645429000000,1779532645431000000,1779532645465000000,33.0000,28.0000,2.5000,34.0000,67.0000,14.13,T3-T5 on Isaac clock; Network_est approximate
2026-05-23T10:37:25.5378330Z,2123,2661,0,1779532645488,1779532645464000000,1779532645464000000,1779532645464000000,1779532645483000000,1779532645488000000,1779532645497000000,1779532645537000000,33.0000,19.0000,7.0000,40.0000,73.0000,14.12,T3-T5 on Isaac clock; Network_est approximate
2026-05-23T10:37:25.5691530Z,2124,2662,0,1779532645520,1779532645496000000,1779532645497000000,1779532645497000000,1779532645516000000,1779532645520000000,1779532645537000000,1779532645569000000,40.0000,19.0000,10.5000,32.0000,73.0000,13.29,T3-T5 on Isaac clock; Network_est approximate
2026-05-23T10:37:25.6015780Z,2125,2663,0,1779532645556,1779532645537000000,1779532645537000000,1779532645537000000,1779532645556000000,1779532645556000000,1779532645569000000,1779532645601000000,32.0000,19.0000,6.5000,32.0000,64.0000,12.68,T3-T5 on Isaac clock; Network_est approximate
2026-05-23T10:37:25.6669410Z,2126,2665,0,1779532645615,1779532645601000000,1779532645601000000,1779532645600000000,1779532645614000000,1779532645615000000,1779532645634000000,1779532645666000000,33.0000,14.0000,9.5000,32.0000,65.0000,12.28,T3-T5 on Isaac clock; Network_est approximate
2026-05-23T10:37:25.6992760Z,2127,2666,0,1779532645650,1779532645634000000,1779532645634000000,1779532645634000000,1779532645650000000,1779532645650000000,1779532645666000000,1779532645699000000,32.0000,16.0000,8.0000,33.0000,65.0000,11.68,T3-T5 on Isaac clock; Network_est approximate
2026-05-23T10:37:25.7318070Z,2128,2667,0,1779532645691,1779532645666000000,1779532645666000000,1779532645666000000,1779532645691000000,1779532645691000000,1779532645699000000,1779532645731000000,33.0000,25.0000,4.0000,32.0000,65.0000,11.48,T3-T5 on Isaac clock; Network_est approximate
2026-05-23T10:37:25.7976910Z,2129,2669,0,1779532645750,1779532645731000000,1779532645731000000,1779532645731000000,1779532645749000000,1779532645750000000,1779532645764000000,1779532645797000000,33.0000,18.0000,7.5000,33.0000,66.0000,11.19,T3-T5 on Isaac clock; Network_est approximate
2026-05-23T10:37:25.8298730Z,2130,2670,0,1779532645787,1779532645764000000,1779532645764000000,1779532645764000000,1779532645783000000,1779532645787000000,1779532645797000000,1779532645829000000,33.0000,19.0000,7.0000,32.0000,65.0000,10.80,T3-T5 on Isaac clock; Network_est approximate
2026-05-23T10:37:25.8630480Z,2131,2671,0,1779532645824,1779532645797000000,1779532645797000000,1779532645797000000,1779532645823000000,1779532645824000000,1779532645829000000,1779532645863000000,32.0000,26.0000,3.0000,34.0000,66.0000,10.36,T3-T5 on Isaac clock; Network_est approximate
2026-05-23T10:37:25.9291140Z,2132,2673,0,1779532645886,1779532645862000000,1779532645862000000,1779532645862000000,1779532645882000000,1779532645886000000,1779532645895000000,1779532645929000000,33.0000,20.0000,6.5000,34.0000,67.0000,9.97,T3-T5 on Isaac clock; Network_est approximate
2026-05-23T10:37:25.9617520Z,2133,2674,0,1779532645917,1779532645895000000,1779532645895000000,1779532645895000000,1779532645916000000,1779532645917000000,1779532645929000000,1779532645961000000,34.0000,21.0000,6.5000,32.0000,66.0000,9.44,T3-T5 on Isaac clock; Network_est approximate
2026-05-23T10:37:25.9946590Z,2134,2675,0,1779532645959,1779532645928000000,1779532645928000000,1779532645928000000,1779532645956000000,1779532645959000000,1779532645961000000,1779532645994000000,33.0000,28.0000,2.5000,33.0000,66.0000,9.41,T3-T5 on Isaac clock; Network_est approximate
2026-05-23T10:37:26.0701740Z,2135,2677,0,1779532646017,1779532645994000000,1779532645994000000,1779532645994000000,1779532646014000000,1779532646017000000,1779532646027000000,1779532646070000000,33.0000,20.0000,6.5000,43.0000,76.0000,9.90,T3-T5 on Isaac clock; Network_est approximate
2026-05-23T10:37:26.1020750Z,2136,2678,0,1779532646048,1779532646027000000,1779532646027000000,1779532646027000000,1779532646047000000,1779532646048000000,1779532646069000000,1779532646102000000,42.0000,20.0000,11.0000,33.0000,75.0000,9.34,T3-T5 on Isaac clock; Network_est approximate
2026-05-23T10:37:26.1426570Z,2137,2679,0,1779532646090,1779532646069000000,1779532646069000000,1779532646069000000,1779532646087000000,1779532646090000000,1779532646101000000,1779532646142000000,32.0000,18.0000,7.0000,41.0000,73.0000,8.84,T3-T5 on Isaac clock; Network_est approximate
2026-05-23T10:37:26.2064190Z,2138,2681,0,1779532646148,1779532646142000000,1779532646142000000,1779532646142000000,1779532646145000000,1779532646148000000,1779532646174000000,1779532646206000000,32.0000,3.0000,14.5000,32.0000,64.0000,8.64,T3-T5 on Isaac clock; Network_est approximate
2026-05-23T10:37:26.2399290Z,2139,2682,0,1779532646180,1779532646173000000,1779532646173000000,1779532646173000000,1779532646178000000,1779532646180000000,1779532646206000000,1779532646239000000,33.0000,5.0000,14.0000,33.0000,66.0000,8.18,T3-T5 on Isaac clock; Network_est approximate
2026-05-23T10:37:26.2725550Z,2140,2683,0,1779532646222,1779532646206000000,1779532646206000000,1779532646206000000,1779532646218000000,1779532646222000000,1779532646239000000,1779532646272000000,33.0000,12.0000,10.5000,33.0000,66.0000,8.23,T3-T5 on Isaac clock; Network_est approximate
2026-05-23T10:37:26.3434520Z,2142,2685,0,1779532646311,1779532646272000000,1779532646272000000,1779532646272000000,1779532646308000000,1779532646311000000,1779532646340000000,1779532646343000000,68.0000,36.0000,16.0000,3.0000,71.0000,8.85,T3-T5 on Isaac clock; Network_est approximate
2026-05-23T10:37:26.4102260Z,2143,2687,0,1779532646353,1779532646343000000,1779532646343000000,1779532646343000000,1779532646349000000,1779532646353000000,1779532646376000000,1779532646410000000,33.0000,6.0000,13.5000,34.0000,67.0000,9.84,T3-T5 on Isaac clock; Network_est approximate
2026-05-23T10:37:26.4764470Z,2145,2689,0,1779532646442,1779532646410000000,1779532646410000000,1779532646409000000,1779532646440000000,1779532646442000000,1779532646443000000,1779532646476000000,33.0000,31.0000,1.0000,33.0000,66.0000,10.65,T3-T5 on Isaac clock; Network_est approximate
2026-05-23T10:37:26.5501770Z,2146,2691,0,1779532646484,1779532646476000000,1779532646476000000,1779532646476000000,1779532646481000000,1779532646484000000,1779532646509000000,1779532646550000000,33.0000,5.0000,14.0000,41.0000,74.0000,11.97,T3-T5 on Isaac clock; Network_est approximate
2026-05-23T10:37:26.5816990Z,2147,2692,0,1779532646542,1779532646509000000,1779532646509000000,1779532646509000000,1779532646539000000,1779532646542000000,1779532646550000000,1779532646581000000,41.0000,30.0000,5.5000,31.0000,72.0000,12.88,T3-T5 on Isaac clock; Network_est approximate
2026-05-23T10:37:26.6152460Z,2148,2693,0,1779532646573,1779532646550000000,1779532646550000000,1779532646549000000,1779532646572000000,1779532646573000000,1779532646581000000,1779532646615000000,31.0000,23.0000,4.0000,34.0000,65.0000,12.24,T3-T5 on Isaac clock; Network_est approximate
2026-05-23T10:37:26.6863430Z,2149,2694,0,1779532646615,1779532646581000000,1779532646581000000,1779532646581000000,1779532646613000000,1779532646615000000,1779532646655000000,1779532646686000000,74.0000,32.0000,21.0000,31.0000,105.0000,13.28,T3-T5 on Isaac clock; Network_est approximate
2026-05-23T10:37:26.7189440Z,2150,2696,0,1779532646672,1779532646655000000,1779532646655000000,1779532646654000000,1779532646671000000,1779532646672000000,1779532646686000000,1779532646718000000,31.0000,17.0000,7.0000,32.0000,63.0000,13.98,T3-T5 on Isaac clock; Network_est approximate
2026-05-23T10:37:26.7515420Z,2151,2697,0,1779532646708,1779532646686000000,1779532646686000000,1779532646685000000,1779532646704000000,1779532646708000000,1779532646718000000,1779532646751000000,32.0000,19.0000,6.5000,33.0000,65.0000,13.32,T3-T5 on Isaac clock; Network_est approximate
2026-05-23T10:37:26.7850770Z,2152,2698,0,1779532646748,1779532646718000000,1779532646718000000,1779532646718000000,1779532646745000000,1779532646748000000,1779532646751000000,1779532646785000000,33.0000,27.0000,3.0000,34.0000,67.0000,12.90,T3-T5 on Isaac clock; Network_est approximate
2026-05-23T10:37:26.8501450Z,2153,2700,0,1779532646808,1779532646784000000,1779532646784000000,1779532646784000000,1779532646803000000,1779532646808000000,1779532646816000000,1779532646850000000,32.0000,19.0000,6.5000,34.0000,66.0000,12.42,T3-T5 on Isaac clock; Network_est approximate
2026-05-23T10:37:26.8830550Z,2154,2701,0,1779532646840,1779532646816000000,1779532646816000000,1779532646816000000,1779532646837000000,1779532646840000000,1779532646850000000,1779532646883000000,34.0000,21.0000,6.5000,33.0000,67.0000,11.69,T3-T5 on Isaac clock; Network_est approximate
2026-05-23T10:37:26.9476890Z,2155,2702,0,1779532646881,1779532646849000000,1779532646849000000,1779532646849000000,1779532646878000000,1779532646881000000,1779532646915000000,1779532646947000000,66.0000,29.0000,18.5000,32.0000,98.0000,12.44,T3-T5 on Isaac clock; Network_est approximate
2026-05-23T10:37:26.9802580Z,2156,2704,0,1779532646938,1779532646914000000,1779532646914000000,1779532646914000000,1779532646937000000,1779532646938000000,1779532646947000000,1779532646980000000,33.0000,23.0000,5.0000,33.0000,66.0000,13.19,T3-T5 on Isaac clock; Network_est approximate
2026-05-23T10:37:27.0138400Z,2157,2705,0,1779532646975,1779532646947000000,1779532646947000000,1779532646947000000,1779532646970000000,1779532646975000000,1779532646980000000,1779532647013000000,33.0000,23.0000,5.0000,33.0000,66.0000,12.58,T3-T5 on Isaac clock; Network_est approximate
2026-05-23T10:37:27.0859620Z,2158,2706,0,1779532647011,1779532646980000000,1779532646980000000,1779532646979000000,1779532647011000000,1779532647011000000,1779532647013000000,1779532647085000000,33.0000,32.0000,0.5000,72.0000,105.0000,14.05,T3-T5 on Isaac clock; Network_est approximate
2026-05-23T10:37:27.0895600Z,2159,2707,0,1779532647070,1779532647013000000,1779532647013000000,1779532647013000000,1779532647069000000,1779532647070000000,1779532647085000000,1779532647089000000,72.0000,56.0000,8.0000,4.0000,76.0000,16.63,T3-T5 on Isaac clock; Network_est approximate
2026-05-23T10:37:27.1634360Z,2160,2709,0,1779532647107,1779532647089000000,1779532647089000000,1779532647089000000,1779532647104000000,1779532647107000000,1779532647122000000,1779532647163000000,33.0000,15.0000,9.0000,41.0000,74.0000,17.89,T3-T5 on Isaac clock; Network_est approximate
2026-05-23T10:37:27.1942650Z,2161,2710,0,1779532647148,1779532647122000000,1779532647122000000,1779532647122000000,1779532647145000000,1779532647148000000,1779532647163000000,1779532647194000000,41.0000,23.0000,9.0000,31.0000,72.0000,17.40,T3-T5 on Isaac clock; Network_est approximate
2026-05-23T10:37:27.2595340Z,2162,2712,0,1779532647205,1779532647194000000,1779532647194000000,1779532647193000000,1779532647202000000,1779532647205000000,1779532647226000000,1779532647259000000,32.0000,9.0000,11.5000,33.0000,65.0000,16.82,T3-T5 on Isaac clock; Network_est approximate
2026-05-23T10:37:27.2925660Z,2163,2713,0,1779532647236,1779532647226000000,1779532647226000000,1779532647226000000,1779532647236000000,1779532647236000000,1779532647259000000,1779532647292000000,33.0000,10.0000,11.5000,33.0000,66.0000,15.90,T3-T5 on Isaac clock; Network_est approximate
2026-05-23T10:37:27.3257070Z,2164,2714,0,1779532647278,1779532647259000000,1779532647259000000,1779532647258000000,1779532647275000000,1779532647278000000,1779532647292000000,1779532647325000000,33.0000,17.0000,8.0000,33.0000,66.0000,15.47,T3-T5 on Isaac clock; Network_est approximate
2026-05-23T10:37:27.3905690Z,2165,2716,0,1779532647335,1779532647325000000,1779532647325000000,1779532647325000000,1779532647334000000,1779532647335000000,1779532647357000000,1779532647390000000,32.0000,9.0000,11.5000,33.0000,65.0000,15.03,T3-T5 on Isaac clock; Network_est approximate
2026-05-23T10:37:27.4268760Z,2166,2717,0,1779532647372,1779532647357000000,1779532647357000000,1779532647357000000,1779532647368000000,1779532647372000000,1779532647390000000,1779532647426000000,33.0000,11.0000,11.0000,36.0000,69.0000,14.13,T3-T5 on Isaac clock; Network_est approximate
2026-05-23T10:37:27.4583910Z,2167,2718,0,1779532647409,1779532647390000000,1779532647390000000,1779532647390000000,1779532647409000000,1779532647409000000,1779532647426000000,1779532647458000000,36.0000,19.0000,8.5000,32.0000,68.0000,13.59,T3-T5 on Isaac clock; Network_est approximate
2026-05-23T10:37:27.5252180Z,2168,2720,0,1779532647472,1779532647458000000,1779532647458000000,1779532647457000000,1779532647467000000,1779532647472000000,1779532647491000000,1779532647525000000,33.0000,10.0000,11.5000,34.0000,67.0000,12.97,T3-T5 on Isaac clock; Network_est approximate
2026-05-23T10:37:27.5981720Z,2169,2721,0,1779532647503,1779532647491000000,1779532647491000000,1779532647491000000,1779532647501000000,1779532647503000000,1779532647525000000,1779532647598000000,34.0000,10.0000,12.0000,73.0000,107.0000,14.78,T3-T5 on Isaac clock; Network_est approximate
2026-05-23T10:37:27.6442890Z,2170,2722,0,1779532647546,1779532647524000000,1779532647524000000,1779532647524000000,1779532647541000000,1779532647546000000,1779532647598000000,1779532647644000000,74.0000,17.0000,28.5000,46.0000,120.0000,14.06,T3-T5 on Isaac clock; Network_est approximate
2026-05-23T10:37:27.6479810Z,2172,2723,0,1779532647634,1779532647597000000,1779532647597000000,1779532647597000000,1779532647633000000,1779532647634000000,1779532647644000000,1779532647647000000,47.0000,36.0000,5.5000,3.0000,50.0000,18.45,T3-T5 on Isaac clock; Network_est approximate
2026-05-23T10:37:27.7157140Z,2173,2725,0,1779532647678,1779532647647000000,1779532647647000000,1779532647647000000,1779532647673000000,1779532647678000000,1779532647681000000,1779532647715000000,34.0000,26.0000,4.0000,34.0000,68.0000,18.78,T3-T5 on Isaac clock; Network_est approximate
2026-05-23T10:37:27.7859330Z,2174,2727,0,1779532647735,1779532647715000000,1779532647715000000,1779532647715000000,1779532647731000000,1779532647735000000,1779532647750000000,1779532647785000000,35.0000,16.0000,9.5000,35.0000,70.0000,18.43,T3-T5 on Isaac clock; Network_est approximate
2026-05-23T10:37:27.8207640Z,2175,2728,0,1779532647766,1779532647750000000,1779532647750000000,1779532647749000000,1779532647765000000,1779532647766000000,1779532647785000000,1779532647820000000,35.0000,16.0000,9.5000,35.0000,70.0000,17.52,T3-T5 on Isaac clock; Network_est approximate
2026-05-23T10:37:27.8560570Z,2176,2729,0,1779532647808,1779532647785000000,1779532647785000000,1779532647785000000,1779532647806000000,1779532647808000000,1779532647820000000,1779532647856000000,35.0000,21.0000,7.0000,36.0000,71.0000,16.84,T3-T5 on Isaac clock; Network_est approximate
2026-05-23T10:37:27.9270350Z,2177,2731,0,1779532647868,1779532647855000000,1779532647855000000,1779532647858000000,1779532647863000000,1779532647868000000,1779532647891000000,1779532647927000000,36.0000,5.0000,15.5000,36.0000,72.0000,16.47,T3-T5 on Isaac clock; Network_est approximate
2026-05-23T10:37:27.9619240Z,2178,2732,0,1779532647900,1779532647891000000,1779532647891000000,1779532647890000000,1779532647897000000,1779532647900000000,1779532647926000000,1779532647961000000,35.0000,7.0000,14.0000,35.0000,70.0000,15.62,T3-T5 on Isaac clock; Network_est approximate
2026-05-23T10:37:27.9968620Z,2179,2733,0,1779532647942,1779532647926000000,1779532647926000000,1779532647926000000,1779532647938000000,1779532647942000000,1779532647961000000,1779532647996000000,35.0000,12.0000,11.5000,35.0000,70.0000,15.08,T3-T5 on Isaac clock; Network_est approximate
2026-05-23T10:37:28.0754730Z,2181,2735,0,1779532648030,1779532647996000000,1779532647996000000,1779532647996000000,1779532648029000000,1779532648030000000,1779532648032000000,1779532648075000000,36.0000,33.0000,1.5000,43.0000,79.0000,14.73,T3-T5 on Isaac clock; Network_est approximate
2026-05-23T10:37:28.1145350Z,2182,2736,0,1779532648073,1779532648032000000,1779532648032000000,1779532648031000000,1779532648069000000,1779532648073000000,1779532648075000000,1779532648114000000,43.0000,38.0000,2.5000,39.0000,82.0000,14.05,T3-T5 on Isaac clock; Network_est approximate
2026-05-23T10:37:28.1810560Z,2183,2738,0,1779532648131,1779532648114000000,1779532648114000000,1779532648114000000,1779532648127000000,1779532648131000000,1779532648148000000,1779532648181000000,34.0000,13.0000,10.5000,33.0000,67.0000,13.70,T3-T5 on Isaac clock; Network_est approximate
2026-05-23T10:37:28.2164100Z,2184,2739,0,1779532648163,1779532648148000000,1779532648148000000,1779532648147000000,1779532648161000000,1779532648163000000,1779532648181000000,1779532648216000000,33.0000,14.0000,9.5000,35.0000,68.0000,13.06,T3-T5 on Isaac clock; Network_est approximate
2026-05-23T10:37:28.2494220Z,2185,2740,0,1779532648205,1779532648180000000,1779532648180000000,1779532648180000000,1779532648201000000,1779532648205000000,1779532648216000000,1779532648249000000,36.0000,21.0000,7.5000,33.0000,69.0000,12.81,T3-T5 on Isaac clock; Network_est approximate
2026-05-23T10:37:28.3151780Z,2186,2742,0,1779532648262,1779532648249000000,1779532648249000000,1779532648248000000,1779532648260000000,1779532648262000000,1779532648281000000,1779532648315000000,32.0000,12.0000,10.0000,34.0000,66.0000,12.54,T3-T5 on Isaac clock; Network_est approximate
2026-05-23T10:37:28.3473930Z,2187,2743,0,1779532648298,1779532648281000000,1779532648281000000,1779532648281000000,1779532648294000000,1779532648298000000,1779532648315000000,1779532648347000000,34.0000,13.0000,10.5000,32.0000,66.0000,11.99,T3-T5 on Isaac clock; Network_est approximate
2026-05-23T10:37:28.3802890Z,2188,2744,0,1779532648335,1779532648314000000,1779532648314000000,1779532648314000000,1779532648335000000,1779532648335000000,1779532648347000000,1779532648380000000,33.0000,21.0000,6.0000,33.0000,66.0000,11.49,T3-T5 on Isaac clock; Network_est approximate
2026-05-23T10:37:28.4495970Z,2189,2746,0,1779532648398,1779532648379000000,1779532648380000000,1779532648379000000,1779532648393000000,1779532648398000000,1779532648418000000,1779532648449000000,38.0000,14.0000,12.0000,31.0000,70.0000,11.17,T3-T5 on Isaac clock; Network_est approximate
2026-05-23T10:37:28.5206490Z,2190,2747,0,1779532648429,1779532648418000000,1779532648418000000,1779532648417000000,1779532648427000000,1779532648429000000,1779532648449000000,1779532648520000000,31.0000,10.0000,10.5000,71.0000,102.0000,12.97,T3-T5 on Isaac clock; Network_est approximate
2026-05-23T10:37:28.5639200Z,2191,2748,0,1779532648470,1779532648449000000,1779532648449000000,1779532648448000000,1779532648466000000,1779532648470000000,1779532648520000000,1779532648563000000,71.0000,18.0000,26.5000,43.0000,114.0000,12.31,T3-T5 on Isaac clock; Network_est approximate
