utc_iso,unix_ms,seq,cmd_seq_echo,t0_echo,t1_echo,t3_recv,tq_dequeue,t4_physics,t5_send,t6_unity
2026-05-23T10:08:03.5047130Z,1779530883504,1,-1,0,0,0,0,1779530883461,1779530883463,1779530883471
2026-05-23T10:08:03.5852920Z,1779530883585,2,-1,0,0,0,0,1779530883495,1779530883499,1779530883505
2026-05-23T10:08:03.5922010Z,1779530883592,3,-1,0,0,0,0,1779530883536,1779530883536,1779530883585
2026-05-23T10:08:03.6615010Z,1779530883661,4,-1,0,0,0,0,1779530883597,1779530883600,1779530883625
2026-05-23T10:08:03.6930740Z,1779530883693,5,-1,0,0,0,0,1779530883632,1779530883636,1779530883661
2026-05-23T10:08:03.7264570Z,1779530883726,6,-1,0,0,0,0,1779530883675,1779530883677,1779530883693
2026-05-23T10:08:03.7995720Z,1779530883799,8,-1,0,0,0,0,1779530883772,1779530883772,1779530883796
2026-05-23T10:08:03.8664940Z,1779530883866,9,-1,0,0,0,0,1779530883813,1779530883814,1779530883832
2026-05-23T10:08:03.9323990Z,1779530883932,10,-1,0,0,0,0,1779530883873,1779530883876,1779530883899
2026-05-23T10:08:03.9650780Z,1779530883965,11,-1,0,0,0,0,1779530883907,1779530883912,1779530883932
2026-05-23T10:08:03.9978760Z,1779530883997,12,-1,0,0,0,0,1779530883948,1779530883954,1779530883965
2026-05-23T10:08:04.0701760Z,1779530884070,13,-1,0,0,0,0,1779530884009,1779530884011,1779530884033
2026-05-23T10:08:04.1067960Z,1779530884106,14,-1,0,0,0,0,1779530884045,1779530884047,1779530884070
2026-05-23T10:08:04.1476670Z,1779530884147,15,-1,0,0,0,0,1779530884087,1779530884089,1779530884106
2026-05-23T10:08:04.1841680Z,1779530884184,16,-1,0,0,0,0,1779530884147,1779530884147,1779530884147
2026-05-23T10:08:04.2246090Z,1779530884224,17,-1,0,0,0,0,1779530884182,1779530884184,1779530884184
2026-05-23T10:08:04.2602380Z,1779530884260,18,-1,0,0,0,0,1779530884223,1779530884225,1779530884224
2026-05-23T10:08:04.3264100Z,1779530884326,19,-1,0,0,0,0,1779530884284,1779530884287,1779530884294
2026-05-23T10:08:04.3592160Z,1779530884359,20,-1,0,0,0,0,1779530884319,1779530884324,1779530884326
2026-05-23T10:08:04.3920440Z,1779530884392,21,-1,0,0,0,0,1779530884359,1779530884361,1779530884359
2026-05-23T10:08:04.4581880Z,1779530884458,22,-1,0,0,0,0,1779530884420,1779530884423,1779530884424
2026-05-23T10:08:04.4909830Z,1779530884490,23,-1,0,0,0,0,1779530884453,1779530884455,1779530884460
2026-05-23T10:08:04.5322490Z,1779530884532,24,-1,0,0,0,0,1779530884494,1779530884496,1779530884496
2026-05-23T10:08:04.6495500Z,1779530884649,25,-1,0,0,0,0,1779530884555,1779530884558,1779530884566
2026-05-23T10:08:04.6529620Z,1779530884652,27,-1,0,0,0,0,1779530884630,1779530884632,1779530884649
2026-05-23T10:08:04.7526620Z,1779530884752,28,-1,0,0,0,0,1779530884691,1779530884693,1779530884719
2026-05-23T10:08:04.7853520Z,1779530884785,29,-1,0,0,0,0,1779530884725,1779530884729,1779530884752
2026-05-23T10:08:04.8176730Z,1779530884817,30,-1,0,0,0,0,1779530884765,1779530884770,1779530884785
2026-05-23T10:08:04.8828950Z,1779530884882,31,-1,0,0,0,0,1779530884827,1779530884828,1779530884850
2026-05-23T10:08:04.9158000Z,1779530884915,32,-1,0,0,0,0,1779530884862,1779530884864,1779530884882
2026-05-23T10:08:04.9488000Z,1779530884948,33,-1,0,0,0,0,1779530884903,1779530884905,1779530884915
2026-05-23T10:08:05.0138700Z,1779530885013,34,-1,0,0,0,0,1779530884964,1779530884965,1779530884980
2026-05-23T10:08:05.0460030Z,1779530885046,35,-1,0,0,0,0,1779530884999,1779530885003,1779530885013
2026-05-23T10:08:05.0792240Z,1779530885079,36,-1,0,0,0,0,1779530885040,1779530885044,1779530885046
2026-05-23T10:08:05.1537340Z,1779530885153,37,-1,0,0,0,0,1779530885101,1779530885101,1779530885112
2026-05-23T10:08:05.1863210Z,1779530885186,38,-1,0,0,0,0,1779530885137,1779530885138,1779530885153
2026-05-23T10:08:05.2205070Z,1779530885220,39,-1,0,0,0,0,1779530885178,1779530885179,1779530885186
2026-05-23T10:08:05.2920780Z,1779530885292,40,-1,0,0,0,0,1779530885239,1779530885242,1779530885261
2026-05-23T10:08:05.3252000Z,1779530885325,41,-1,0,0,0,0,1779530885273,1779530885273,1779530885292
2026-05-23T10:08:05.3576260Z,1779530885357,42,-1,0,0,0,0,1779530885314,1779530885314,1779530885325
2026-05-23T10:08:05.4228560Z,1779530885422,43,-1,0,0,0,0,1779530885375,1779530885381,1779530885390
2026-05-23T10:08:05.4561500Z,1779530885456,44,-1,0,0,0,0,1779530885409,1779530885412,1779530885422
2026-05-23T10:08:05.4882190Z,1779530885488,45,-1,0,0,0,0,1779530885454,1779530885458,1779530885456
2026-05-23T10:08:05.5544630Z,1779530885554,46,-1,0,0,0,0,1779530885514,1779530885516,1779530885521
2026-05-23T10:08:05.5864440Z,1779530885586,47,-1,0,0,0,0,1779530885548,1779530885552,1779530885554
2026-05-23T10:08:05.6602730Z,1779530885660,48,-1,0,0,0,0,1779530885591,1779530885593,1779530885619
2026-05-23T10:08:05.7355430Z,1779530885735,49,-1,0,0,0,0,1779530885653,1779530885655,1779530885660
2026-05-23T10:08:05.7396880Z,1779530885739,51,-1,0,0,0,0,1779530885728,1779530885732,1779530885735
2026-05-23T10:08:05.8386670Z,1779530885838,52,-1,0,0,0,0,1779530885789,1779530885791,1779530885805
2026-05-23T10:08:05.8714870Z,1779530885871,53,-1,0,0,0,0,1779530885823,1779530885823,1779530885838
2026-05-23T10:08:05.9043020Z,1779530885904,54,-1,0,0,0,0,1779530885864,1779530885869,1779530885871
2026-05-23T10:08:05.9692260Z,1779530885969,55,-1,0,0,0,0,1779530885924,1779530885926,1779530885936
2026-05-23T10:08:06.0016380Z,1779530886001,56,-1,0,0,0,0,1779530885958,1779530885960,1779530885969
2026-05-23T10:08:06.0345860Z,1779530886034,57,-1,0,0,0,0,1779530885999,1779530886001,1779530886001
2026-05-23T10:08:06.0998630Z,1779530886099,58,-1,0,0,0,0,1779530886060,1779530886063,1779530886066
2026-05-23T10:08:06.1331840Z,1779530886133,59,-1,0,0,0,0,1779530886094,1779530886094,1779530886099
2026-05-23T10:08:06.2054010Z,1779530886205,60,-1,0,0,0,0,1779530886135,1779530886140,1779530886173
2026-05-23T10:08:06.2455840Z,1779530886245,61,-1,0,0,0,0,1779530886197,1779530886199,1779530886205
2026-05-23T10:08:06.3098410Z,1779530886309,62,-1,0,0,0,0,1779530886232,1779530886235,1779530886245
2026-05-23T10:08:06.3133440Z,1779530886313,63,-1,0,0,0,0,1779530886274,1779530886277,1779530886309
2026-05-23T10:08:06.3780390Z,1779530886378,64,-1,0,0,0,0,1779530886336,1779530886339,1779530886345
2026-05-23T10:08:06.4463180Z,1779530886446,65,-1,0,0,0,0,1779530886369,1779530886372,1779530886378
2026-05-23T10:08:06.4494730Z,1779530886449,66,-1,0,0,0,0,1779530886411,1779530886414,1779530886446
2026-05-23T10:08:06.5142040Z,1779530886514,67,2,1779530886449,1779530886449,1779530886453,1779530886471,1779530886471,1779530886472,1779530886481
2026-05-23T10:08:06.5471900Z,1779530886547,68,3,1779530886481,1779530886481,1779530886485,1779530886505,1779530886505,1779530886509,1779530886514
2026-05-23T10:08:06.5793060Z,1779530886579,69,4,1779530886514,1779530886514,1779530886518,1779530886546,1779530886546,1779530886546,1779530886547
2026-05-23T10:08:06.6457530Z,1779530886645,70,6,1779530886579,1779530886579,1779530886583,1779530886607,1779530886607,1779530886610,1779530886613
2026-05-23T10:08:06.6869300Z,1779530886686,71,7,1779530886613,1779530886613,1779530886617,1779530886640,1779530886640,1779530886642,1779530886646
2026-05-23T10:08:06.7569330Z,1779530886756,72,8,1779530886645,1779530886645,1779530886649,1779530886683,1779530886684,1779530886685,1779530886687
2026-05-23T10:08:06.7960250Z,1779530886796,73,9,1779530886686,1779530886687,1779530886691,1779530886745,1779530886745,1779530886748,1779530886757
2026-05-23T10:08:06.8009970Z,1779530886800,74,10,1779530886756,1779530886757,1779530886761,1779530886779,1779530886779,1779530886781,1779530886796
2026-05-23T10:08:06.8673850Z,1779530886867,75,12,1779530886801,1779530886801,1779530886805,1779530886820,1779530886820,1779530886823,1779530886834
2026-05-23T10:08:06.9334240Z,1779530886933,76,14,1779530886867,1779530886867,1779530886871,1779530886881,1779530886881,1779530886883,1779530886900
2026-05-23T10:08:06.9658460Z,1779530886965,77,15,1779530886900,1779530886900,1779530886904,1779530886915,1779530886916,1779530886920,1779530886933
2026-05-23T10:08:06.9983520Z,1779530886998,78,16,1779530886933,1779530886933,1779530886937,1779530886956,1779530886956,1779530886956,1779530886966
2026-05-23T10:08:07.0638060Z,1779530887063,79,18,1779530886998,1779530886998,1779530887002,1779530887018,1779530887018,1779530887019,1779530887031
2026-05-23T10:08:07.0965290Z,1779530887096,80,19,1779530887030,1779530887030,1779530887034,1779530887055,1779530887055,1779530887056,1779530887064
2026-05-23T10:08:07.1293090Z,1779530887129,81,20,1779530887063,1779530887063,1779530887068,1779530887094,1779530887094,1779530887098,1779530887096
2026-05-23T10:08:07.2032640Z,1779530887203,82,22,1779530887129,1779530887129,1779530887133,1779530887155,1779530887155,1779530887155,1779530887163
2026-05-23T10:08:07.2352630Z,1779530887235,83,23,1779530887163,1779530887163,1779530887167,1779530887189,1779530887190,1779530887191,1779530887203
2026-05-23T10:08:07.2757560Z,1779530887275,84,24,1779530887203,1779530887203,1779530887207,1779530887231,1779530887231,1779530887233,1779530887236
2026-05-23T10:08:07.3393040Z,1779530887339,85,26,1779530887275,1779530887275,1779530887280,1779530887292,1779530887292,1779530887296,1779530887306
2026-05-23T10:08:07.3720490Z,1779530887372,86,27,1779530887306,1779530887306,1779530887311,1779530887328,1779530887328,1779530887333,1779530887340
2026-05-23T10:08:07.4049570Z,1779530887404,87,28,1779530887339,1779530887340,1779530887344,1779530887369,1779530887370,1779530887370,1779530887372
2026-05-23T10:08:07.4703700Z,1779530887470,88,30,1779530887405,1779530887405,1779530887409,1779530887432,1779530887432,1779530887436,1779530887437
2026-05-23T10:08:07.5042150Z,1779530887504,89,31,1779530887437,1779530887437,1779530887441,1779530887466,1779530887466,1779530887467,1779530887470
2026-05-23T10:08:07.5759660Z,1779530887575,90,32,1779530887470,1779530887470,1779530887474,1779530887507,1779530887507,1779530887510,1779530887544
2026-05-23T10:08:07.6081830Z,1779530887608,91,34,1779530887544,1779530887544,1779530887549,1779530887568,1779530887568,1779530887569,1779530887577
2026-05-23T10:08:07.6413750Z,1779530887641,92,35,1779530887576,1779530887576,1779530887580,1779530887603,1779530887603,1779530887605,1779530887608
2026-05-23T10:08:07.7149550Z,1779530887714,93,36,1779530887608,1779530887608,1779530887612,1779530887644,1779530887644,1779530887647,1779530887683
2026-05-23T10:08:07.7561350Z,1779530887756,94,38,1779530887682,1779530887682,1779530887689,1779530887705,1779530887706,1779530887706,1779530887715
2026-05-23T10:08:07.7871430Z,1779530887787,95,39,1779530887715,1779530887715,1779530887719,1779530887740,1779530887740,1779530887743,1779530887756
2026-05-23T10:08:07.8196790Z,1779530887819,96,40,1779530887756,1779530887756,1779530887760,1779530887781,1779530887781,1779530887785,1779530887788
2026-05-23T10:08:07.8941680Z,1779530887894,98,42,1779530887819,1779530887819,1779530887824,1779530887842,1779530887878,1779530887881,1779530887890
2026-05-23T10:08:07.9607300Z,1779530887960,99,44,1779530887894,1779530887894,1779530887898,1779530887919,1779530887919,1779530887924,1779530887927
2026-05-23T10:08:08.0265400Z,1779530888026,100,46,1779530887960,1779530887960,1779530887964,1779530887980,1779530887980,1779530887981,1779530887994
2026-05-23T10:08:08.0593690Z,1779530888059,101,47,1779530887994,1779530887994,1779530887998,1779530888015,1779530888015,1779530888018,1779530888026
2026-05-23T10:08:08.0920220Z,1779530888092,102,48,1779530888026,1779530888026,1779530888030,1779530888057,1779530888057,1779530888059,1779530888059
2026-05-23T10:08:08.1581460Z,1779530888158,103,50,1779530888092,1779530888092,1779530888096,1779530888118,1779530888118,1779530888121,1779530888125
2026-05-23T10:08:08.1989290Z,1779530888198,104,51,1779530888125,1779530888125,1779530888129,1779530888151,1779530888151,1779530888153,1779530888158
2026-05-23T10:08:08.2694190Z,1779530888269,105,52,1779530888158,1779530888158,1779530888162,1779530888192,1779530888192,1779530888194,1779530888199
2026-05-23T10:08:08.2733620Z,1779530888273,106,53,1779530888198,1779530888199,1779530888203,1779530888253,1779530888253,1779530888257,1779530888269
2026-05-23T10:08:08.3384190Z,1779530888338,107,55,1779530888273,1779530888273,1779530888277,1779530888288,1779530888288,1779530888294,1779530888306
2026-05-23T10:08:08.3714330Z,1779530888371,108,56,1779530888306,1779530888306,1779530888310,1779530888330,1779530888330,1779530888331,1779530888338
2026-05-23T10:08:08.4361670Z,1779530888436,109,58,1779530888371,1779530888371,1779530888375,1779530888393,1779530888393,1779530888396,1779530888404
2026-05-23T10:08:08.4689090Z,1779530888468,110,59,1779530888403,1779530888403,1779530888408,1779530888428,1779530888428,1779530888433,1779530888436
2026-05-23T10:08:08.5015460Z,1779530888501,111,60,1779530888436,1779530888436,1779530888440,1779530888469,1779530888469,1779530888470,1779530888469
2026-05-23T10:08:08.5672210Z,1779530888567,112,62,1779530888501,1779530888501,1779530888505,1779530888531,1779530888531,1779530888534,1779530888534
2026-05-23T10:08:08.6003240Z,1779530888600,113,63,1779530888534,1779530888534,1779530888538,1779530888565,1779530888565,1779530888567,1779530888567
2026-05-23T10:08:08.6657970Z,1779530888665,114,65,1779530888600,1779530888600,1779530888604,1779530888607,1779530888607,1779530888609,1779530888632
2026-05-23T10:08:08.7394810Z,1779530888739,115,66,1779530888632,1779530888632,1779530888636,1779530888668,1779530888668,1779530888672,1779530888699
2026-05-23T10:08:08.7714590Z,1779530888771,116,67,1779530888665,1779530888665,1779530888670,1779530888702,1779530888702,1779530888703,1779530888739
2026-05-23T10:08:08.8120730Z,1779530888812,117,68,1779530888698,1779530888698,1779530888703,1779530888743,1779530888743,1779530888745,1779530888771
2026-05-23T10:08:08.8435850Z,1779530888843,118,70,1779530888771,1779530888771,1779530888775,1779530888804,1779530888804,1779530888806,1779530888812
2026-05-23T10:08:08.8760560Z,1779530888876,119,71,1779530888812,1779530888812,1779530888816,1779530888838,1779530888838,1779530888842,1779530888843
2026-05-23T10:08:08.9783890Z,1779530888978,120,72,1779530888843,1779530888843,1779530888847,1779530888879,1779530888880,1779530888885,1779530888908
2026-05-23T10:08:08.9821140Z,1779530888982,122,74,1779530888908,1779530888908,1779530888912,1779530888940,1779530888975,1779530888977,1779530888978
2026-05-23T10:08:09.0821110Z,1779530889082,123,76,1779530888982,1779530888982,1779530888986,1779530889016,1779530889016,1779530889020,1779530889049
2026-05-23T10:08:09.1148650Z,1779530889114,124,78,1779530889048,1779530889049,1779530889053,1779530889077,1779530889077,1779530889079,1779530889082
2026-05-23T10:08:09.1472500Z,1779530889147,125,79,1779530889082,1779530889082,1779530889086,1779530889113,1779530889113,1779530889116,1779530889115
2026-05-23T10:08:09.2525090Z,1779530889252,126,81,1779530889147,1779530889148,1779530889152,1779530889159,1779530889159,1779530889162,1779530889181
2026-05-23T10:08:09.2568960Z,1779530889256,127,82,1779530889180,1779530889180,1779530889185,1779530889229,1779530889229,1779530889230,1779530889252
2026-05-23T10:08:09.3303470Z,1779530889330,128,84,1779530889256,1779530889256,1779530889261,1779530889268,1779530889268,1779530889272,1779530889290
2026-05-23T10:08:09.3613720Z,1779530889361,129,85,1779530889290,1779530889290,1779530889294,1779530889312,1779530889312,1779530889315,1779530889332
2026-05-23T10:08:09.4264570Z,1779530889426,130,87,1779530889361,1779530889361,1779530889365,1779530889378,1779530889378,1779530889378,1779530889394
2026-05-23T10:08:09.4593580Z,1779530889459,131,88,1779530889394,1779530889394,1779530889398,1779530889414,1779530889414,1779530889415,1779530889426
2026-05-23T10:08:09.4927890Z,1779530889492,132,89,1779530889426,1779530889426,1779530889430,1779530889458,1779530889458,1779530889459,1779530889459
2026-05-23T10:08:09.5575010Z,1779530889557,133,91,1779530889492,1779530889492,1779530889497,1779530889518,1779530889518,1779530889523,1779530889525
2026-05-23T10:08:09.5907600Z,1779530889590,134,92,1779530889525,1779530889525,1779530889529,1779530889553,1779530889553,1779530889554,1779530889557
2026-05-23T10:08:09.6563310Z,1779530889656,135,94,1779530889590,1779530889590,1779530889595,1779530889597,1779530889598,1779530889602,1779530889623
2026-05-23T10:08:09.7620470Z,1779530889762,136,96,1779530889656,1779530889656,1779530889660,1779530889663,1779530889663,1779530889668,1779530889688
2026-05-23T10:08:09.7665840Z,1779530889766,138,97,1779530889688,1779530889688,1779530889693,1779530889699,1779530889743,1779530889745,1779530889762
2026-05-23T10:08:09.8698900Z,1779530889869,139,100,1779530889799,1779530889799,1779530889803,1779530889804,1779530889804,1779530889807,1779530889839
2026-05-23T10:08:09.9025800Z,1779530889902,140,100,1779530889799,1779530889799,1779530889803,1779530889804,1779530889840,1779530889844,1779530889870
2026-05-23T10:08:09.9360960Z,1779530889936,141,102,1779530889869,1779530889869,1779530889874,1779530889881,1779530889881,1779530889886,1779530889903
2026-05-23T10:08:10.0005180Z,1779530890000,142,104,1779530889936,1779530889936,1779530889940,1779530889943,1779530889943,1779530889945,1779530889968
2026-05-23T10:08:10.0329760Z,1779530890032,143,105,1779530889967,1779530889967,1779530889972,1779530889978,1779530889978,1779530889982,1779530890000
2026-05-23T10:08:10.0660170Z,1779530890066,144,106,1779530890000,1779530890000,1779530890004,1779530890019,1779530890019,1779530890024,1779530890033
2026-05-23T10:08:10.1311880Z,1779530890131,145,108,1779530890066,1779530890066,1779530890070,1779530890080,1779530890080,1779530890081,1779530890098
2026-05-23T10:08:10.1644350Z,1779530890164,146,109,1779530890098,1779530890098,1779530890102,1779530890118,1779530890119,1779530890123,1779530890131
2026-05-23T10:08:10.1966760Z,1779530890196,147,110,1779530890131,1779530890131,1779530890135,1779530890160,1779530890160,1779530890165,1779530890164
2026-05-23T10:08:10.2787410Z,1779530890278,149,112,1779530890196,1779530890196,1779530890201,1779530890222,1779530890258,1779530890260,1779530890275
2026-05-23T10:08:10.3548480Z,1779530890354,150,114,1779530890278,1779530890278,1779530890282,1779530890299,1779530890300,1779530890304,1779530890313
2026-05-23T10:08:10.4184190Z,1779530890418,151,116,1779530890354,1779530890354,1779530890359,1779530890362,1779530890362,1779530890367,1779530890385
2026-05-23T10:08:10.4511340Z,1779530890451,152,117,1779530890385,1779530890385,1779530890389,1779530890397,1779530890397,1779530890398,1779530890418
2026-05-23T10:08:10.4843190Z,1779530890484,153,118,1779530890418,1779530890418,1779530890422,1779530890437,1779530890437,1779530890440,1779530890451
2026-05-23T10:08:10.5637430Z,1779530890563,155,120,1779530890484,1779530890484,1779530890488,1779530890499,1779530890534,1779530890538,1779530890556
2026-05-23T10:08:10.6286940Z,1779530890628,156,122,1779530890563,1779530890563,1779530890568,1779530890575,1779530890575,1779530890576,1779530890596
2026-05-23T10:08:10.6941840Z,1779530890694,157,124,1779530890628,1779530890628,1779530890633,1779530890637,1779530890637,1779530890639,1779530890661
2026-05-23T10:08:10.7272290Z,1779530890727,158,125,1779530890661,1779530890661,1779530890665,1779530890672,1779530890673,1779530890676,1779530890694
2026-05-23T10:08:10.7691720Z,1779530890769,159,126,1779530890694,1779530890694,1779530890698,1779530890713,1779530890713,1779530890718,1779530890727
2026-05-23T10:08:10.8411670Z,1779530890841,160,128,1779530890769,1779530890769,1779530890773,1779530890775,1779530890775,1779530890778,1779530890801
2026-05-23T10:08:10.8728840Z,1779530890872,161,129,1779530890800,1779530890800,1779530890805,1779530890811,1779530890811,1779530890815,1779530890841
2026-05-23T10:08:10.9054040Z,1779530890905,162,130,1779530890841,1779530890841,1779530890845,1779530890853,1779530890853,1779530890857,1779530890874
2026-05-23T10:08:10.9700320Z,1779530890970,163,132,1779530890905,1779530890905,1779530890909,1779530890918,1779530890918,1779530890921,1779530890937
2026-05-23T10:08:11.0031870Z,1779530891003,164,133,1779530890937,1779530890937,1779530890941,1779530890954,1779530890954,1779530890958,1779530890971
2026-05-23T10:08:11.0359190Z,1779530891035,165,134,1779530890970,1779530890970,1779530890974,1779530890995,1779530890995,1779530891000,1779530891003
2026-05-23T10:08:11.1364680Z,1779530891136,166,136,1779530891036,1779530891036,1779530891040,1779530891057,1779530891057,1779530891061,1779530891068
2026-05-23T10:08:11.1419370Z,1779530891141,168,137,1779530891067,1779530891067,1779530891071,1779530891091,1779530891134,1779530891136,1779530891136
2026-05-23T10:08:11.2820360Z,1779530891282,169,140,1779530891176,1779530891176,1779530891180,1779530891196,1779530891196,1779530891199,1779530891209
2026-05-23T10:08:11.2861480Z,1779530891286,171,141,1779530891209,1779530891209,1779530891213,1779530891231,1779530891272,1779530891277,1779530891282
2026-05-23T10:08:11.3902590Z,1779530891390,172,144,1779530891318,1779530891318,1779530891322,1779530891333,1779530891333,1779530891335,1779530891359
2026-05-23T10:08:11.4228300Z,1779530891422,173,145,1779530891359,1779530891359,1779530891363,1779530891368,1779530891368,1779530891371,1779530891390
2026-05-23T10:08:11.4558850Z,1779530891455,174,146,1779530891390,1779530891390,1779530891394,1779530891409,1779530891409,1779530891413,1779530891423
2026-05-23T10:08:11.5211730Z,1779530891521,175,148,1779530891455,1779530891455,1779530891460,1779530891471,1779530891471,1779530891477,1779530891488
2026-05-23T10:08:11.5541510Z,1779530891554,176,149,1779530891488,1779530891488,1779530891492,1779530891506,1779530891506,1779530891508,1779530891521
2026-05-23T10:08:11.5863550Z,1779530891586,177,150,1779530891521,1779530891521,1779530891525,1779530891548,1779530891548,1779530891551,1779530891554
2026-05-23T10:08:11.6517090Z,1779530891651,178,152,1779530891586,1779530891586,1779530891590,1779530891610,1779530891610,1779530891614,1779530891619
2026-05-23T10:08:11.6844770Z,1779530891684,179,153,1779530891619,1779530891619,1779530891623,1779530891645,1779530891645,1779530891646,1779530891651
2026-05-23T10:08:11.7893120Z,1779530891789,180,154,1779530891651,1779530891651,1779530891655,1779530891687,1779530891687,1779530891688,1779530891717
2026-05-23T10:08:11.7935450Z,1779530891793,182,156,1779530891716,1779530891716,1779530891721,1779530891751,1779530891787,1779530891790,1779530891789
2026-05-23T10:08:11.8997510Z,1779530891899,183,158,1779530891793,1779530891793,1779530891797,1779530891828,1779530891828,1779530891832,1779530891868
2026-05-23T10:08:11.9326830Z,1779530891932,184,160,1779530891868,1779530891868,1779530891872,1779530891889,1779530891889,1779530891893,1779530891899
2026-05-23T10:08:11.9655530Z,1779530891965,185,161,1779530891899,1779530891899,1779530891904,1779530891924,1779530891924,1779530891926,1779530891932
2026-05-23T10:08:12.0309600Z,1779530892030,186,162,1779530891932,1779530891932,1779530891936,1779530891966,1779530891966,1779530891970,1779530891998
2026-05-23T10:08:12.0641610Z,1779530892064,187,164,1779530891998,1779530891998,1779530892002,1779530892027,1779530892027,1779530892028,1779530892031
2026-05-23T10:08:12.0963890Z,1779530892096,188,165,1779530892031,1779530892031,1779530892035,1779530892062,1779530892062,1779530892065,1779530892064
2026-05-23T10:08:12.1620570Z,1779530892162,189,167,1779530892096,1779530892096,1779530892100,1779530892103,1779530892103,1779530892107,1779530892129
2026-05-23T10:08:12.2356730Z,1779530892235,191,169,1779530892162,1779530892162,1779530892166,1779530892204,1779530892205,1779530892206,1779530892231
2026-05-23T10:08:12.3108580Z,1779530892310,192,171,1779530892235,1779530892235,1779530892239,1779530892246,1779530892247,1779530892249,1779530892268
2026-05-23T10:08:12.3812040Z,1779530892381,193,172,1779530892268,1779530892268,1779530892272,1779530892308,1779530892308,1779530892313,1779530892311
2026-05-23T10:08:12.3849430Z,1779530892384,194,173,1779530892311,1779530892311,1779530892315,1779530892343,1779530892343,1779530892344,1779530892381
2026-05-23T10:08:12.4168360Z,1779530892416,195,173,1779530892311,1779530892311,1779530892315,1779530892343,1779530892384,1779530892388,1779530892385
2026-05-23T10:08:12.4824670Z,1779530892482,196,176,1779530892416,1779530892416,1779530892421,1779530892446,1779530892446,1779530892446,1779530892450
2026-05-23T10:08:12.5152280Z,1779530892515,197,177,1779530892449,1779530892449,1779530892453,1779530892481,1779530892481,1779530892482,1779530892482
2026-05-23T10:08:12.5809240Z,1779530892580,198,179,1779530892515,1779530892515,1779530892519,1779530892523,1779530892523,1779530892526,1779530892548
2026-05-23T10:08:12.6462850Z,1779530892646,199,180,1779530892548,1779530892548,1779530892552,1779530892584,1779530892584,1779530892585,1779530892613
2026-05-23T10:08:12.6788900Z,1779530892678,200,182,1779530892613,1779530892613,1779530892617,1779530892620,1779530892620,1779530892621,1779530892646
2026-05-23T10:08:12.7117680Z,1779530892711,201,183,1779530892646,1779530892646,1779530892650,1779530892661,1779530892662,1779530892663,1779530892679
2026-05-23T10:08:12.7779770Z,1779530892777,202,185,1779530892711,1779530892712,1779530892716,1779530892724,1779530892724,1779530892727,1779530892745
2026-05-23T10:08:12.8193320Z,1779530892819,203,186,1779530892745,1779530892745,1779530892749,1779530892760,1779530892760,1779530892764,1779530892778
2026-05-23T10:08:12.8500630Z,1779530892850,204,187,1779530892778,1779530892778,1779530892782,1779530892804,1779530892804,1779530892805,1779530892820
2026-05-23T10:08:12.9224220Z,1779530892922,205,189,1779530892850,1779530892850,1779530892854,1779530892864,1779530892864,1779530892869,1779530892891
2026-05-23T10:08:12.9551640Z,1779530892955,206,190,1779530892891,1779530892891,1779530892895,1779530892899,1779530892899,1779530892902,1779530892922
2026-05-23T10:08:12.9874400Z,1779530892987,207,191,1779530892922,1779530892922,1779530892926,1779530892941,1779530892942,1779530892944,1779530892955
2026-05-23T10:08:13.0528150Z,1779530893052,208,193,1779530892987,1779530892987,1779530892991,1779530893003,1779530893003,1779530893006,1779530893020
2026-05-23T10:08:13.0857480Z,1779530893085,209,194,1779530893020,1779530893020,1779530893024,1779530893038,1779530893038,1779530893038,1779530893053
2026-05-23T10:08:13.1180750Z,1779530893118,210,195,1779530893052,1779530893052,1779530893057,1779530893079,1779530893079,1779530893082,1779530893085
2026-05-23T10:08:13.1841420Z,1779530893184,211,197,1779530893118,1779530893118,1779530893122,1779530893141,1779530893141,1779530893144,1779530893151
2026-05-23T10:08:13.2159950Z,1779530893215,212,198,1779530893150,1779530893150,1779530893154,1779530893176,1779530893176,1779530893181,1779530893184
2026-05-23T10:08:13.3264600Z,1779530893326,213,199,1779530893184,1779530893184,1779530893188,1779530893219,1779530893220,1779530893224,1779530893249
2026-05-23T10:08:13.3301320Z,1779530893330,215,201,1779530893249,1779530893249,1779530893253,1779530893281,1779530893318,1779530893318,1779530893326
2026-05-23T10:08:13.3970660Z,1779530893397,216,203,1779530893330,1779530893330,1779530893334,1779530893359,1779530893359,1779530893360,1779530893364
2026-05-23T10:08:13.4627160Z,1779530893462,217,205,1779530893397,1779530893397,1779530893401,1779530893421,1779530893421,1779530893425,1779530893431
2026-05-23T10:08:13.4959040Z,1779530893495,218,206,1779530893430,1779530893430,1779530893434,1779530893455,1779530893455,1779530893457,1779530893463
2026-05-23T10:08:13.5282120Z,1779530893528,219,207,1779530893462,1779530893462,1779530893466,1779530893497,1779530893497,1779530893499,1779530893496
2026-05-23T10:08:13.5931970Z,1779530893593,220,209,1779530893528,1779530893528,1779530893532,1779530893559,1779530893559,1779530893562,1779530893560
2026-05-23T10:08:13.6587810Z,1779530893658,221,210,1779530893560,1779530893560,1779530893564,1779530893594,1779530893594,1779530893598,1779530893626
2026-05-23T10:08:13.6915130Z,1779530893691,222,212,1779530893626,1779530893626,1779530893630,1779530893636,1779530893636,1779530893639,1779530893659
2026-05-23T10:08:13.7567560Z,1779530893756,223,214,1779530893691,1779530893691,1779530893695,1779530893698,1779530893698,1779530893698,1779530893724
2026-05-23T10:08:13.7900640Z,1779530893790,224,215,1779530893724,1779530893724,1779530893728,1779530893735,1779530893735,1779530893740,1779530893757
2026-05-23T10:08:13.8310550Z,1779530893831,225,216,1779530893756,1779530893756,1779530893760,1779530893776,1779530893776,1779530893781,1779530893790
2026-05-23T10:08:13.8955320Z,1779530893895,226,218,1779530893831,1779530893831,1779530893835,1779530893838,1779530893838,1779530893839,1779530893862
2026-05-23T10:08:13.9357950Z,1779530893935,227,219,1779530893862,1779530893862,1779530893866,1779530893873,1779530893873,1779530893875,1779530893895
2026-05-23T10:08:13.9667420Z,1779530893966,228,220,1779530893895,1779530893895,1779530893899,1779530893914,1779530893914,1779530893917,1779530893936
2026-05-23T10:08:14.0365010Z,1779530894036,229,222,1779530893966,1779530893966,1779530893970,1779530893976,1779530893976,1779530893980,1779530894000
2026-05-23T10:08:14.0725380Z,1779530894072,230,223,1779530894000,1779530894000,1779530894003,1779530894011,1779530894011,1779530894016,1779530894036
2026-05-23T10:08:14.1091680Z,1779530894109,231,224,1779530894036,1779530894036,1779530894040,1779530894052,1779530894052,1779530894052,1779530894072
2026-05-23T10:08:14.1815570Z,1779530894181,232,225,1779530894072,1779530894072,1779530894076,1779530894114,1779530894114,1779530894116,1779530894145
2026-05-23T10:08:14.2205110Z,1779530894220,233,227,1779530894145,1779530894145,1779530894149,1779530894150,1779530894150,1779530894152,1779530894181
2026-05-23T10:08:14.2554670Z,1779530894255,234,228,1779530894181,1779530894181,1779530894185,1779530894190,1779530894191,1779530894194,1779530894221
2026-05-23T10:08:14.2879010Z,1779530894287,235,229,1779530894220,1779530894220,1779530894224,1779530894252,1779530894252,1779530894256,1779530894255
2026-05-23T10:08:14.3213920Z,1779530894321,236,230,1779530894255,1779530894255,1779530894259,1779530894288,1779530894288,1779530894289,1779530894288
2026-05-23T10:08:14.4062280Z,1779530894406,238,232,1779530894321,1779530894321,1779530894325,1779530894329,1779530894393,1779530894393,1779530894402
2026-05-23T10:08:14.4729350Z,1779530894472,239,234,1779530894406,1779530894406,1779530894410,1779530894428,1779530894428,1779530894431,1779530894439
2026-05-23T10:08:14.5064590Z,1779530894506,240,235,1779530894439,1779530894439,1779530894443,1779530894470,1779530894470,1779530894473,1779530894473
2026-05-23T10:08:14.5715080Z,1779530894571,241,237,1779530894506,1779530894506,1779530894510,1779530894533,1779530894534,1779530894536,1779530894539
2026-05-23T10:08:14.6044200Z,1779530894604,242,238,1779530894538,1779530894538,1779530894542,1779530894569,1779530894569,1779530894572,1779530894571
2026-05-23T10:08:14.6693700Z,1779530894669,243,240,1779530894604,1779530894604,1779530894608,1779530894610,1779530894610,1779530894614,1779530894636
2026-05-23T10:08:14.7348270Z,1779530894734,244,241,1779530894636,1779530894636,1779530894640,1779530894672,1779530894672,1779530894676,1779530894702
2026-05-23T10:08:14.7671480Z,1779530894767,245,243,1779530894701,1779530894701,1779530894707,1779530894707,1779530894707,1779530894713,1779530894735
2026-05-23T10:08:14.8002060Z,1779530894800,246,244,1779530894734,1779530894734,1779530894739,1779530894747,1779530894747,1779530894750,1779530894767
2026-05-23T10:08:14.8740970Z,1779530894874,247,246,1779530894800,1779530894800,1779530894804,1779530894809,1779530894809,1779530894816,1779530894833
2026-05-23T10:08:14.9054110Z,1779530894905,248,247,1779530894833,1779530894833,1779530894837,1779530894845,1779530894845,1779530894847,1779530894874
2026-05-23T10:08:14.9453780Z,1779530894945,249,248,1779530894874,1779530894874,1779530894878,1779530894886,1779530894887,1779530894889,1779530894905
2026-05-23T10:08:15.0091150Z,1779530895009,250,249,1779530894905,1779530894905,1779530894909,1779530894948,1779530894948,1779530894952,1779530894978
2026-05-23T10:08:15.0417550Z,1779530895041,251,251,1779530894978,1779530894978,1779530894982,1779530894984,1779530894985,1779530894990,1779530895009
2026-05-23T10:08:15.0752780Z,1779530895075,252,252,1779530895009,1779530895009,1779530895013,1779530895028,1779530895028,1779530895031,1779530895042
2026-05-23T10:08:15.1398940Z,1779530895139,253,254,1779530895075,1779530895075,1779530895079,1779530895089,1779530895090,1779530895093,1779530895107
2026-05-23T10:08:15.1726020Z,1779530895172,254,255,1779530895107,1779530895107,1779530895111,1779530895125,1779530895125,1779530895130,1779530895140
2026-05-23T10:08:15.2056160Z,1779530895205,255,256,1779530895139,1779530895140,1779530895143,1779530895166,1779530895166,1779530895166,1779530895173
2026-05-23T10:08:15.2708530Z,1779530895270,256,258,1779530895205,1779530895205,1779530895209,1779530895227,1779530895227,1779530895231,1779530895238
2026-05-23T10:08:15.3038760Z,1779530895303,257,259,1779530895238,1779530895238,1779530895242,1779530895262,1779530895262,1779530895263,1779530895271
2026-05-23T10:08:15.3371120Z,1779530895337,258,260,1779530895270,1779530895270,1779530895274,1779530895305,1779530895305,1779530895305,1779530895304
2026-05-23T10:08:15.4096170Z,1779530895409,259,262,1779530895337,1779530895337,1779530895341,1779530895364,1779530895364,1779530895367,1779530895378
2026-05-23T10:08:15.4853860Z,1779530895485,260,263,1779530895378,1779530895378,1779530895382,1779530895403,1779530895403,1779530895404,1779530895409
2026-05-23T10:08:15.4893110Z,1779530895489,261,264,1779530895409,1779530895409,1779530895413,1779530895443,1779530895443,1779530895446,1779530895485
2026-05-23T10:08:15.5566410Z,1779530895556,262,266,1779530895489,1779530895489,1779530895493,1779530895504,1779530895505,1779530895508,1779530895523
2026-05-23T10:08:15.5893580Z,1779530895589,263,267,1779530895522,1779530895523,1779530895527,1779530895539,1779530895539,1779530895541,1779530895556
2026-05-23T10:08:15.6218380Z,1779530895621,264,268,1779530895556,1779530895556,1779530895560,1779530895580,1779530895580,1779530895583,1779530895589
2026-05-23T10:08:15.6873750Z,1779530895687,265,270,1779530895621,1779530895621,1779530895626,1779530895642,1779530895642,1779530895646,1779530895654
2026-05-23T10:08:15.7211340Z,1779530895721,266,271,1779530895654,1779530895654,1779530895658,1779530895676,1779530895677,1779530895678,1779530895687
2026-05-23T10:08:15.7529860Z,1779530895752,267,272,1779530895687,1779530895687,1779530895691,1779530895719,1779530895719,1779530895720,1779530895721
2026-05-23T10:08:15.8184410Z,1779530895818,268,274,1779530895753,1779530895753,1779530895757,1779530895781,1779530895781,1779530895782,1779530895785
2026-05-23T10:08:15.8906730Z,1779530895890,269,275,1779530895785,1779530895785,1779530895789,1779530895816,1779530895817,1779530895819,1779530895818
2026-05-23T10:08:15.8958020Z,1779530895895,270,276,1779530895818,1779530895818,1779530895822,1779530895858,1779530895858,1779530895860,1779530895891
2026-05-23T10:08:15.9694710Z,1779530895969,271,278,1779530895895,1779530895895,1779530895899,1779530895919,1779530895919,1779530895922,1779530895928
2026-05-23T10:08:16.0007950Z,1779530896000,272,279,1779530895928,1779530895928,1779530895932,1779530895953,1779530895953,1779530895956,1779530895969
2026-05-23T10:08:16.0338570Z,1779530896033,273,280,1779530895969,1779530895969,1779530895973,1779530895995,1779530895996,1779530895997,1779530896001
2026-05-23T10:08:16.0993950Z,1779530896099,274,282,1779530896033,1779530896033,1779530896038,1779530896058,1779530896059,1779530896062,1779530896066
2026-05-23T10:08:16.1319320Z,1779530896131,275,283,1779530896066,1779530896066,1779530896070,1779530896094,1779530896094,1779530896098,1779530896099
2026-05-23T10:08:16.1972590Z,1779530896197,276,285,1779530896131,1779530896132,1779530896136,1779530896136,1779530896136,1779530896140,1779530896165
2026-05-23T10:08:16.2626960Z,1779530896262,277,286,1779530896165,1779530896165,1779530896169,1779530896198,1779530896198,1779530896202,1779530896230
2026-05-23T10:08:16.2956920Z,1779530896295,278,287,1779530896197,1779530896197,1779530896201,1779530896233,1779530896233,1779530896239,1779530896262
2026-05-23T10:08:16.3282460Z,1779530896328,279,289,1779530896262,1779530896262,1779530896267,1779530896274,1779530896274,1779530896276,1779530896296
2026-05-23T10:08:16.4043280Z,1779530896404,281,291,1779530896328,1779530896328,1779530896332,1779530896337,1779530896371,1779530896375,1779530896400
2026-05-23T10:08:16.4780830Z,1779530896478,282,293,1779530896404,1779530896404,1779530896408,1779530896412,1779530896412,1779530896413,1779530896437
2026-05-23T10:08:16.5091220Z,1779530896509,283,294,1779530896436,1779530896436,1779530896441,1779530896473,1779530896473,1779530896475,1779530896478
2026-05-23T10:08:16.6119180Z,1779530896611,284,295,1779530896478,1779530896478,1779530896482,1779530896509,1779530896509,1779530896512,1779530896542
2026-05-23T10:08:16.6163250Z,1779530896616,285,297,1779530896542,1779530896542,1779530896546,1779530896551,1779530896552,1779530896554,1779530896612
2026-05-23T10:08:16.6498620Z,1779530896649,286,297,1779530896542,1779530896542,1779530896546,1779530896551,1779530896613,1779530896617,1779530896616
2026-05-23T10:08:16.6829610Z,1779530896682,287,299,1779530896616,1779530896616,1779530896620,1779530896648,1779530896648,1779530896648,1779530896650
2026-05-23T10:08:16.7487830Z,1779530896748,288,301,1779530896683,1779530896683,1779530896687,1779530896689,1779530896689,1779530896690,1779530896717
2026-05-23T10:08:16.8145050Z,1779530896814,289,302,1779530896717,1779530896717,1779530896720,1779530896751,1779530896751,1779530896752,1779530896781
2026-05-23T10:08:16.8472370Z,1779530896847,290,304,1779530896781,1779530896781,1779530896785,1779530896786,1779530896787,1779530896789,1779530896814
2026-05-23T10:08:16.8802680Z,1779530896880,291,305,1779530896814,1779530896814,1779530896818,1779530896828,1779530896828,1779530896831,1779530896847
2026-05-23T10:08:16.9913380Z,1779530896991,292,307,1779530896880,1779530896880,1779530896884,1779530896890,1779530896891,1779530896894,1779530896921
2026-05-23T10:08:16.9959630Z,1779530896995,294,308,1779530896920,1779530896920,1779530896925,1779530896926,1779530896967,1779530896971,1779530896991
2026-05-23T10:08:17.0939940Z,1779530897093,295,310,1779530896996,1779530896996,1779530896999,1779530897028,1779530897028,1779530897034,1779530897061
2026-05-23T10:08:17.1264250Z,1779530897126,296,311,1779530897028,1779530897028,1779530897032,1779530897064,1779530897064,1779530897065,1779530897094
2026-05-23T10:08:17.1593480Z,1779530897159,297,313,1779530897094,1779530897094,1779530897098,1779530897104,1779530897104,1779530897107,1779530897126
2026-05-23T10:08:17.2247370Z,1779530897224,298,315,1779530897159,1779530897159,1779530897163,1779530897166,1779530897166,1779530897170,1779530897192
2026-05-23T10:08:17.2572380Z,1779530897257,299,316,1779530897192,1779530897192,1779530897196,1779530897200,1779530897201,1779530897202,1779530897224
2026-05-23T10:08:17.2901620Z,1779530897290,300,317,1779530897224,1779530897224,1779530897229,1779530897242,1779530897243,1779530897244,1779530897257
2026-05-23T10:08:17.3565600Z,1779530897356,301,319,1779530897290,1779530897290,1779530897294,1779530897304,1779530897304,1779530897308,1779530897323
2026-05-23T10:08:17.3886630Z,1779530897388,302,320,1779530897323,1779530897323,1779530897327,1779530897339,1779530897339,1779530897344,1779530897357
2026-05-23T10:08:17.4293070Z,1779530897429,303,321,1779530897356,1779530897356,1779530897360,1779530897380,1779530897380,1779530897381,1779530897388
2026-05-23T10:08:17.5021680Z,1779530897502,304,323,1779530897429,1779530897429,1779530897433,1779530897442,1779530897443,1779530897444,1779530897461
2026-05-23T10:08:17.5333860Z,1779530897533,305,324,1779530897460,1779530897460,1779530897464,1779530897478,1779530897479,1779530897480,1779530897502
2026-05-23T10:08:17.5659750Z,1779530897565,306,325,1779530897502,1779530897502,1779530897506,1779530897519,1779530897520,1779530897521,1779530897534
2026-05-23T10:08:17.6310090Z,1779530897631,307,327,1779530897566,1779530897566,1779530897570,1779530897582,1779530897582,1779530897585,1779530897598
2026-05-23T10:08:17.6997470Z,1779530897699,308,328,1779530897598,1779530897598,1779530897603,1779530897617,1779530897617,1779530897621,1779530897631
2026-05-23T10:08:17.7037110Z,1779530897703,309,329,1779530897631,1779530897631,1779530897635,1779530897658,1779530897658,1779530897663,1779530897699
2026-05-23T10:08:17.7697300Z,1779530897769,310,331,1779530897703,1779530897703,1779530897707,1779530897719,1779530897719,1779530897721,1779530897736
2026-05-23T10:08:17.8031160Z,1779530897803,311,332,1779530897736,1779530897736,1779530897740,1779530897754,1779530897754,1779530897757,1779530897769
2026-05-23T10:08:17.8357240Z,1779530897835,312,333,1779530897769,1779530897769,1779530897773,1779530897796,1779530897796,1779530897799,1779530897803
2026-05-23T10:08:17.9011420Z,1779530897901,313,335,1779530897835,1779530897835,1779530897839,1779530897858,1779530897858,1779530897862,1779530897868
2026-05-23T10:08:17.9422740Z,1779530897942,314,336,1779530897868,1779530897868,1779530897872,1779530897892,1779530897892,1779530897894,1779530897901
2026-05-23T10:08:17.9738770Z,1779530897973,315,337,1779530897901,1779530897901,1779530897905,1779530897934,1779530897934,1779530897938,1779530897942
2026-05-23T10:08:18.0475010Z,1779530898047,316,339,1779530897973,1779530897973,1779530897978,1779530897995,1779530897995,1779530897996,1779530898007
2026-05-23T10:08:18.0788520Z,1779530898078,317,340,1779530898007,1779530898007,1779530898011,1779530898033,1779530898034,1779530898037,1779530898047
2026-05-23T10:08:18.1113910Z,1779530898111,318,341,1779530898047,1779530898047,1779530898051,1779530898074,1779530898074,1779530898074,1779530898079
2026-05-23T10:08:18.1766470Z,1779530898176,319,343,1779530898111,1779530898111,1779530898115,1779530898135,1779530898135,1779530898137,1779530898144
2026-05-23T10:08:18.2093190Z,1779530898209,320,344,1779530898144,1779530898144,1779530898148,1779530898169,1779530898170,1779530898173,1779530898176
2026-05-23T10:08:18.2746470Z,1779530898274,321,345,1779530898176,1779530898176,1779530898180,1779530898210,1779530898210,1779530898216,1779530898241
2026-05-23T10:08:18.3071080Z,1779530898307,322,347,1779530898241,1779530898241,1779530898245,1779530898271,1779530898271,1779530898275,1779530898274
2026-05-23T10:08:18.3397810Z,1779530898339,323,348,1779530898274,1779530898274,1779530898278,1779530898306,1779530898306,1779530898309,1779530898307
2026-05-23T10:08:18.4055730Z,1779530898405,324,350,1779530898339,1779530898340,1779530898344,1779530898347,1779530898347,1779530898352,1779530898372
2026-05-23T10:08:18.4786620Z,1779530898478,326,352,1779530898405,1779530898405,1779530898409,1779530898409,1779530898445,1779530898446,1779530898450
2026-05-23T10:08:18.5531060Z,1779530898553,327,354,1779530898478,1779530898478,1779530898482,1779530898488,1779530898488,1779530898489,1779530898512
2026-05-23T10:08:18.5842930Z,1779530898584,328,355,1779530898512,1779530898512,1779530898516,1779530898550,1779530898550,1779530898551,1779530898553
2026-05-23T10:08:18.6489940Z,1779530898648,329,356,1779530898553,1779530898553,1779530898557,1779530898585,1779530898585,1779530898588,1779530898617
2026-05-23T10:08:18.6818130Z,1779530898681,330,358,1779530898616,1779530898616,1779530898620,1779530898626,1779530898626,1779530898630,1779530898649
2026-05-23T10:08:18.7539290Z,1779530898753,332,360,1779530898681,1779530898681,1779530898686,1779530898688,1779530898724,1779530898725,1779530898750
2026-05-23T10:08:18.8204360Z,1779530898820,333,362,1779530898753,1779530898754,1779530898757,1779530898766,1779530898766,1779530898768,1779530898787
2026-05-23T10:08:18.8864470Z,1779530898886,334,364,1779530898820,1779530898820,1779530898824,1779530898829,1779530898829,1779530898831,1779530898853
2026-05-23T10:08:18.9596760Z,1779530898959,335,365,1779530898853,1779530898853,1779530898857,1779530898864,1779530898864,1779530898868,1779530898886
2026-05-23T10:08:18.9634620Z,1779530898963,336,366,1779530898886,1779530898886,1779530898890,1779530898906,1779530898907,1779530898910,1779530898959
2026-05-23T10:08:19.0367350Z,1779530899036,337,368,1779530898963,1779530898963,1779530898967,1779530898969,1779530898969,1779530898972,1779530898996
2026-05-23T10:08:19.0678820Z,1779530899067,338,369,1779530898996,1779530898996,1779530899000,1779530899003,1779530899003,1779530899005,1779530899037
2026-05-23T10:08:19.1006790Z,1779530899100,339,370,1779530899036,1779530899036,1779530899040,1779530899044,1779530899044,1779530899047,1779530899068
2026-05-23T10:08:19.1659690Z,1779530899165,340,372,1779530899100,1779530899100,1779530899104,1779530899106,1779530899106,1779530899109,1779530899134
2026-05-23T10:08:19.1990570Z,1779530899199,341,373,1779530899133,1779530899133,1779530899137,1779530899140,1779530899140,1779530899141,1779530899166
2026-05-23T10:08:19.2311820Z,1779530899231,342,374,1779530899166,1779530899166,1779530899170,1779530899182,1779530899182,1779530899182,1779530899199
2026-05-23T10:08:19.2965910Z,1779530899296,343,376,1779530899231,1779530899231,1779530899235,1779530899244,1779530899244,1779530899245,1779530899263
2026-05-23T10:08:19.3292620Z,1779530899329,344,377,1779530899263,1779530899263,1779530899267,1779530899278,1779530899279,1779530899282,1779530899296
2026-05-23T10:08:19.3623030Z,1779530899362,345,378,1779530899296,1779530899296,1779530899300,1779530899320,1779530899320,1779530899324,1779530899329
2026-05-23T10:08:19.4662990Z,1779530899466,346,380,1779530899362,1779530899362,1779530899369,1779530899383,1779530899383,1779530899384,1779530899395
2026-05-23T10:08:19.4705380Z,1779530899470,348,381,1779530899394,1779530899394,1779530899398,1779530899418,1779530899461,1779530899466,1779530899467
2026-05-23T10:08:19.5747910Z,1779530899574,349,384,1779530899503,1779530899503,1779530899507,1779530899522,1779530899522,1779530899523,1779530899543
2026-05-23T10:08:19.6072770Z,1779530899607,350,385,1779530899543,1779530899543,1779530899547,1779530899556,1779530899557,1779530899559,1779530899575
2026-05-23T10:08:19.6398320Z,1779530899639,351,386,1779530899574,1779530899574,1779530899578,1779530899597,1779530899597,1779530899601,1779530899607
2026-05-23T10:08:19.7054490Z,1779530899705,352,388,1779530899639,1779530899639,1779530899644,1779530899659,1779530899659,1779530899662,1779530899672
2026-05-23T10:08:19.7377760Z,1779530899737,353,389,1779530899672,1779530899672,1779530899676,1779530899693,1779530899693,1779530899694,1779530899706
2026-05-23T10:08:19.7704340Z,1779530899770,354,390,1779530899705,1779530899705,1779530899709,1779530899734,1779530899734,1779530899736,1779530899738
2026-05-23T10:08:19.8430740Z,1779530899843,356,392,1779530899770,1779530899770,1779530899774,1779530899796,1779530899831,1779530899834,1779530899839
2026-05-23T10:08:19.9098090Z,1779530899909,357,394,1779530899843,1779530899843,1779530899847,1779530899872,1779530899872,1779530899873,1779530899876
2026-05-23T10:08:19.9858380Z,1779530899985,359,396,1779530899909,1779530899909,1779530899913,1779530899932,1779530899967,1779530899971,1779530899982
2026-05-23T10:08:20.0582030Z,1779530900058,360,398,1779530899985,1779530899985,1779530899989,1779530900008,1779530900008,1779530900009,1779530900018
2026-05-23T10:08:20.1219020Z,1779530900121,361,400,1779530900058,1779530900058,1779530900062,1779530900074,1779530900074,1779530900078,1779530900089
2026-05-23T10:08:20.1549780Z,1779530900154,362,401,1779530900089,1779530900089,1779530900093,1779530900110,1779530900111,1779530900114,1779530900122
2026-05-23T10:08:20.1876440Z,1779530900187,363,402,1779530900121,1779530900121,1779530900125,1779530900152,1779530900152,1779530900157,1779530900155
2026-05-23T10:08:20.2529640Z,1779530900252,364,404,1779530900187,1779530900187,1779530900191,1779530900215,1779530900215,1779530900215,1779530900220
2026-05-23T10:08:20.2856620Z,1779530900285,365,405,1779530900220,1779530900220,1779530900224,1779530900249,1779530900249,1779530900253,1779530900253
2026-05-23T10:08:20.3510550Z,1779530900351,366,407,1779530900285,1779530900285,1779530900289,1779530900292,1779530900292,1779530900295,1779530900318
2026-05-23T10:08:20.4166190Z,1779530900416,367,408,1779530900318,1779530900318,1779530900322,1779530900354,1779530900354,1779530900360,1779530900384
2026-05-23T10:08:20.4893540Z,1779530900489,368,410,1779530900383,1779530900383,1779530900388,1779530900390,1779530900390,1779530900391,1779530900416
2026-05-23T10:08:20.4932940Z,1779530900493,369,411,1779530900416,1779530900416,1779530900420,1779530900433,1779530900433,1779530900433,1779530900489
2026-05-23T10:08:20.5679200Z,1779530900567,370,412,1779530900489,1779530900489,1779530900493,1779530900496,1779530900496,1779530900501,1779530900526
2026-05-23T10:08:20.5997500Z,1779530900599,371,414,1779530900526,1779530900526,1779530900530,1779530900534,1779530900534,1779530900537,1779530900574
2026-05-23T10:08:20.6322470Z,1779530900632,372,415,1779530900567,1779530900568,1779530900572,1779530900575,1779530900576,1779530900579,1779530900600
2026-05-23T10:08:20.6974980Z,1779530900697,373,417,1779530900632,1779530900632,1779530900636,1779530900638,1779530900638,1779530900639,1779530900665
2026-05-23T10:08:20.7301120Z,1779530900730,374,418,1779530900665,1779530900665,1779530900669,1779530900674,1779530900674,1779530900677,1779530900697
2026-05-23T10:08:20.7630030Z,1779530900763,375,419,1779530900697,1779530900697,1779530900701,1779530900717,1779530900717,1779530900719,1779530900730
2026-05-23T10:08:20.8283750Z,1779530900828,376,421,1779530900763,1779530900763,1779530900767,1779530900778,1779530900778,1779530900782,1779530900797
2026-05-23T10:08:20.8612490Z,1779530900861,377,422,1779530900795,1779530900795,1779530900800,1779530900812,1779530900812,1779530900814,1779530900828
2026-05-23T10:08:20.9306300Z,1779530900930,378,423,1779530900828,1779530900828,1779530900832,1779530900853,1779530900854,1779530900856,1779530900861
2026-05-23T10:08:20.9346920Z,1779530900934,379,424,1779530900861,1779530900861,1779530900865,1779530900916,1779530900916,1779530900918,1779530900930
2026-05-23T10:08:21.0097880Z,1779530901009,380,426,1779530900934,1779530900934,1779530900938,1779530900950,1779530900951,1779530900955,1779530900968
2026-05-23T10:08:21.0804220Z,1779530901080,381,427,1779530900968,1779530900968,1779530900972,1779530900992,1779530900992,1779530900996,1779530901010
2026-05-23T10:08:21.0841610Z,1779530901084,382,428,1779530901009,1779530901009,1779530901013,1779530901052,1779530901052,1779530901053,1779530901080
2026-05-23T10:08:21.1488660Z,1779530901148,383,429,1779530901080,1779530901080,1779530901085,1779530901086,1779530901087,1779530901089,1779530901116
2026-05-23T10:08:21.1814660Z,1779530901181,384,431,1779530901116,1779530901116,1779530901120,1779530901127,1779530901128,1779530901130,1779530901149
2026-05-23T10:08:21.2469200Z,1779530901246,385,433,1779530901181,1779530901181,1779530901185,1779530901188,1779530901189,1779530901192,1779530901214
2026-05-23T10:08:21.2794960Z,1779530901279,386,434,1779530901214,1779530901214,1779530901218,1779530901222,1779530901223,1779530901225,1779530901247
2026-05-23T10:08:21.3122490Z,1779530901312,387,435,1779530901246,1779530901247,1779530901251,1779530901262,1779530901262,1779530901267,1779530901279
2026-05-23T10:08:21.3781710Z,1779530901378,388,437,1779530901312,1779530901312,1779530901317,1779530901324,1779530901324,1779530901329,1779530901345
2026-05-23T10:08:21.4106240Z,1779530901410,389,438,1779530901345,1779530901345,1779530901349,1779530901362,1779530901362,1779530901367,1779530901378
2026-05-23T10:08:21.4439110Z,1779530901443,390,439,1779530901378,1779530901378,1779530901382,1779530901403,1779530901403,1779530901404,1779530901410
2026-05-23T10:08:21.5095830Z,1779530901509,391,441,1779530901444,1779530901444,1779530901448,1779530901466,1779530901466,1779530901468,1779530901476
2026-05-23T10:08:21.5510720Z,1779530901551,392,442,1779530901476,1779530901476,1779530901480,1779530901500,1779530901500,1779530901505,1779530901509
2026-05-23T10:08:21.5828610Z,1779530901582,393,443,1779530901509,1779530901509,1779530901513,1779530901541,1779530901541,1779530901542,1779530901551
2026-05-23T10:08:21.6556850Z,1779530901655,394,445,1779530901582,1779530901582,1779530901587,1779530901603,1779530901603,1779530901607,1779530901624
2026-05-23T10:08:21.6881120Z,1779530901688,395,446,1779530901624,1779530901624,1779530901628,1779530901638,1779530901638,1779530901643,1779530901655
2026-05-23T10:08:21.7211210Z,1779530901721,396,447,1779530901655,1779530901655,1779530901659,1779530901679,1779530901679,1779530901683,1779530901688
2026-05-23T10:08:21.7861750Z,1779530901786,397,449,1779530901721,1779530901721,1779530901725,1779530901741,1779530901741,1779530901745,1779530901753
2026-05-23T10:08:21.8190130Z,1779530901819,398,450,1779530901753,1779530901753,1779530901757,1779530901775,1779530901775,1779530901781,1779530901786
2026-05-23T10:08:21.8513590Z,1779530901851,399,451,1779530901786,1779530901786,1779530901790,1779530901817,1779530901817,1779530901817,1779530901820
2026-05-23T10:08:21.9164470Z,1779530901916,400,453,1779530901851,1779530901851,1779530901855,1779530901880,1779530901880,1779530901880,1779530901884
2026-05-23T10:08:21.9489230Z,1779530901948,401,454,1779530901884,1779530901884,1779530901888,1779530901915,1779530901915,1779530901916,1779530901916
2026-05-23T10:08:22.0286390Z,1779530902028,403,456,1779530901948,1779530901949,1779530901952,1779530901957,1779530902019,1779530902022,1779530902025
2026-05-23T10:08:22.0964850Z,1779530902096,404,458,1779530902028,1779530902028,1779530902032,1779530902053,1779530902054,1779530902058,1779530902062
2026-05-23T10:08:22.1367180Z,1779530902136,405,459,1779530902062,1779530902062,1779530902066,1779530902094,1779530902094,1779530902094,1779530902096
2026-05-23T10:08:22.2004310Z,1779530902200,406,461,1779530902136,1779530902136,1779530902140,1779530902156,1779530902156,1779530902157,1779530902168
2026-05-23T10:08:22.2330930Z,1779530902233,407,462,1779530902168,1779530902168,1779530902172,1779530902190,1779530902190,1779530902193,1779530902200
2026-05-23T10:08:22.2660300Z,1779530902266,408,463,1779530902200,1779530902200,1779530902204,1779530902231,1779530902231,1779530902234,1779530902233
2026-05-23T10:08:22.3310550Z,1779530902331,409,465,1779530902266,1779530902266,1779530902270,1779530902293,1779530902293,1779530902298,1779530902298
2026-05-23T10:08:22.3641260Z,1779530902364,410,466,1779530902298,1779530902298,1779530902302,1779530902328,1779530902328,1779530902329,1779530902331
2026-05-23T10:08:22.4293990Z,1779530902429,411,468,1779530902364,1779530902364,1779530902368,1779530902369,1779530902369,1779530902374,1779530902396
2026-05-23T10:08:22.4949040Z,1779530902494,412,469,1779530902396,1779530902396,1779530902403,1779530902431,1779530902431,1779530902436,1779530902461
2026-05-23T10:08:22.5667830Z,1779530902566,413,471,1779530902461,1779530902461,1779530902467,1779530902468,1779530902468,1779530902472,1779530902495
2026-05-23T10:08:22.5704870Z,1779530902570,414,472,1779530902494,1779530902494,1779530902498,1779530902507,1779530902507,1779530902509,1779530902567
2026-05-23T10:08:22.6040890Z,1779530902604,415,472,1779530902494,1779530902494,1779530902498,1779530902507,1779530902569,1779530902571,1779530902570
2026-05-23T10:08:22.6749710Z,1779530902674,416,474,1779530902570,1779530902570,1779530902574,1779530902604,1779530902604,1779530902607,1779530902644
2026-05-23T10:08:22.7077550Z,1779530902707,417,475,1779530902604,1779530902604,1779530902608,1779530902646,1779530902646,1779530902649,1779530902675
2026-05-23T10:08:22.7740650Z,1779530902774,418,477,1779530902675,1779530902675,1779530902679,1779530902708,1779530902708,1779530902713,1779530902741
2026-05-23T10:08:22.8058900Z,1779530902805,419,478,1779530902707,1779530902707,1779530902711,1779530902742,1779530902742,1779530902744,1779530902774
2026-05-23T10:08:22.8386040Z,1779530902838,420,480,1779530902774,1779530902774,1779530902778,1779530902784,1779530902784,1779530902787,1779530902806
2026-05-23T10:08:22.9042430Z,1779530902904,421,482,1779530902838,1779530902838,1779530902842,1779530902845,1779530902845,1779530902850,1779530902871
2026-05-23T10:08:22.9365920Z,1779530902936,422,483,1779530902871,1779530902871,1779530902875,1779530902880,1779530902880,1779530902882,1779530902904
2026-05-23T10:08:22.9692600Z,1779530902969,423,484,1779530902904,1779530902904,1779530902908,1779530902921,1779530902921,1779530902924,1779530902937
2026-05-23T10:08:23.0737490Z,1779530903073,424,486,1779530902969,1779530902969,1779530902973,1779530902984,1779530902984,1779530902987,1779530903002
2026-05-23T10:08:23.1211970Z,1779530903121,426,487,1779530903002,1779530903002,1779530903006,1779530903019,1779530903060,1779530903065,1779530903074
2026-05-23T10:08:23.1253720Z,1779530903125,427,488,1779530903073,1779530903073,1779530903077,1779530903122,1779530903122,1779530903123,1779530903121
2026-05-23T10:08:23.1923730Z,1779530903192,428,490,1779530903125,1779530903125,1779530903129,1779530903158,1779530903158,1779530903160,1779530903160
2026-05-23T10:08:23.2584790Z,1779530903258,429,492,1779530903192,1779530903192,1779530903196,1779530903198,1779530903198,1779530903203,1779530903226
2026-05-23T10:08:23.3244120Z,1779530903324,430,493,1779530903225,1779530903225,1779530903229,1779530903260,1779530903260,1779530903262,1779530903291
2026-05-23T10:08:23.3565800Z,1779530903356,431,494,1779530903258,1779530903258,1779530903262,1779530903294,1779530903294,1779530903298,1779530903324
2026-05-23T10:08:23.3899350Z,1779530903389,432,496,1779530903324,1779530903324,1779530903328,1779530903335,1779530903335,1779530903335,1779530903356
2026-05-23T10:08:23.4554150Z,1779530903455,433,498,1779530903389,1779530903390,1779530903394,1779530903396,1779530903396,1779530903397,1779530903422
2026-05-23T10:08:23.4884110Z,1779530903488,434,499,1779530903422,1779530903422,1779530903426,1779530903430,1779530903430,1779530903434,1779530903455
2026-05-23T10:08:23.5305160Z,1779530903530,435,500,1779530903455,1779530903455,1779530903459,1779530903472,1779530903472,1779530903477,1779530903488
2026-05-23T10:08:23.6032970Z,1779530903603,436,501,1779530903488,1779530903488,1779530903492,1779530903534,1779530903534,1779530903534,1779530903562
2026-05-23T10:08:23.6730450Z,1779530903673,437,503,1779530903562,1779530903562,1779530903566,1779530903569,1779530903569,1779530903572,1779530903603
2026-05-23T10:08:23.6775720Z,1779530903677,438,504,1779530903603,1779530903603,1779530903607,1779530903611,1779530903611,1779530903613,1779530903673
2026-05-23T10:08:23.7094290Z,1779530903709,439,504,1779530903603,1779530903603,1779530903607,1779530903611,1779530903673,1779530903676,1779530903677
2026-05-23T10:08:23.7749840Z,1779530903774,440,506,1779530903677,1779530903677,1779530903681,1779530903708,1779530903708,1779530903713,1779530903742
2026-05-23T10:08:23.8072080Z,1779530903807,441,508,1779530903742,1779530903742,1779530903746,1779530903749,1779530903749,1779530903750,1779530903775
2026-05-23T10:08:23.8723900Z,1779530903872,442,509,1779530903775,1779530903775,1779530903779,1779530903811,1779530903811,1779530903813,1779530903840
2026-05-23T10:08:23.9052820Z,1779530903905,443,511,1779530903839,1779530903839,1779530903843,1779530903845,1779530903845,1779530903850,1779530903872
2026-05-23T10:08:23.9378510Z,1779530903937,444,512,1779530903872,1779530903872,1779530903876,1779530903887,1779530903887,1779530903892,1779530903905
2026-05-23T10:08:24.0041360Z,1779530904004,445,514,1779530903937,1779530903937,1779530903941,1779530903948,1779530903948,1779530903950,1779530903970
2026-05-23T10:08:24.0396240Z,1779530904039,446,515,1779530903970,1779530903970,1779530903974,1779530903985,1779530903986,1779530903988,1779530904004
2026-05-23T10:08:24.0752780Z,1779530904075,447,516,1779530904004,1779530904004,1779530904008,1779530904025,1779530904025,1779530904029,1779530904040
2026-05-23T10:08:24.1531760Z,1779530904153,448,518,1779530904075,1779530904075,1779530904079,1779530904088,1779530904088,1779530904091,1779530904116
2026-05-23T10:08:24.1944850Z,1779530904194,449,519,1779530904116,1779530904116,1779530904120,1779530904122,1779530904122,1779530904122,1779530904153
2026-05-23T10:08:24.2705000Z,1779530904270,450,520,1779530904153,1779530904153,1779530904157,1779530904163,1779530904164,1779530904168,1779530904195
2026-05-23T10:08:24.2766280Z,1779530904276,452,521,1779530904194,1779530904194,1779530904198,1779530904225,1779530904260,1779530904262,1779530904270
2026-05-23T10:08:24.3433600Z,1779530904343,453,523,1779530904276,1779530904276,1779530904280,1779530904300,1779530904300,1779530904300,1779530904310
2026-05-23T10:08:24.4085300Z,1779530904408,454,525,1779530904343,1779530904343,1779530904347,1779530904361,1779530904361,1779530904363,1779530904376
2026-05-23T10:08:24.4412280Z,1779530904441,455,526,1779530904376,1779530904376,1779530904380,1779530904396,1779530904396,1779530904400,1779530904408
2026-05-23T10:08:24.4740460Z,1779530904474,456,527,1779530904408,1779530904408,1779530904412,1779530904439,1779530904440,1779530904442,1779530904441
2026-05-23T10:08:24.5398410Z,1779530904539,457,529,1779530904474,1779530904474,1779530904478,1779530904502,1779530904502,1779530904504,1779530904507
2026-05-23T10:08:24.5732840Z,1779530904573,458,530,1779530904507,1779530904507,1779530904511,1779530904537,1779530904537,1779530904541,1779530904540
2026-05-23T10:08:24.6464620Z,1779530904646,459,532,1779530904573,1779530904573,1779530904577,1779530904578,1779530904578,1779530904582,1779530904615
2026-05-23T10:08:24.6875330Z,1779530904687,460,533,1779530904615,1779530904615,1779530904619,1779530904639,1779530904639,1779530904644,1779530904646
2026-05-23T10:08:24.7187150Z,1779530904718,461,534,1779530904646,1779530904646,1779530904650,1779530904674,1779530904674,1779530904676,1779530904687
2026-05-23T10:08:24.7512280Z,1779530904751,462,535,1779530904687,1779530904687,1779530904691,1779530904715,1779530904715,1779530904718,1779530904718
2026-05-23T10:08:24.8164050Z,1779530904816,463,537,1779530904751,1779530904751,1779530904755,1779530904776,1779530904776,1779530904780,1779530904784
2026-05-23T10:08:24.8494590Z,1779530904849,464,538,1779530904784,1779530904784,1779530904788,1779530904811,1779530904811,1779530904813,1779530904817
2026-05-23T10:08:24.9152410Z,1779530904915,465,539,1779530904816,1779530904816,1779530904820,1779530904853,1779530904853,1779530904855,1779530904882
2026-05-23T10:08:24.9474070Z,1779530904947,466,541,1779530904882,1779530904882,1779530904886,1779530904916,1779530904916,1779530904917,1779530904915
2026-05-23T10:08:25.0131040Z,1779530905013,467,543,1779530904947,1779530904947,1779530904951,1779530904952,1779530904952,1779530904954,1779530904980
2026-05-23T10:08:25.0464600Z,1779530905046,468,544,1779530904980,1779530904980,1779530904984,1779530904994,1779530904994,1779530904995,1779530905013
2026-05-23T10:08:25.1211480Z,1779530905121,469,546,1779530905046,1779530905046,1779530905050,1779530905055,1779530905055,1779530905058,1779530905079
2026-05-23T10:08:25.1521980Z,1779530905152,470,547,1779530905079,1779530905079,1779530905083,1779530905090,1779530905090,1779530905094,1779530905121
2026-05-23T10:08:25.1944220Z,1779530905194,471,548,1779530905121,1779530905121,1779530905125,1779530905131,1779530905131,1779530905131,1779530905152
2026-05-23T10:08:25.2254270Z,1779530905225,472,549,1779530905152,1779530905152,1779530905156,1779530905192,1779530905193,1779530905194,1779530905194
2026-05-23T10:08:25.3269930Z,1779530905326,473,550,1779530905194,1779530905194,1779530905198,1779530905227,1779530905227,1779530905230,1779530905258
2026-05-23T10:08:25.3310730Z,1779530905331,474,552,1779530905257,1779530905257,1779530905261,1779530905269,1779530905269,1779530905272,1779530905327
2026-05-23T10:08:25.3648790Z,1779530905364,475,553,1779530905327,1779530905327,1779530905331,1779530905331,1779530905331,1779530905334,1779530905331
2026-05-23T10:08:25.4314950Z,1779530905431,476,554,1779530905331,1779530905331,1779530905334,1779530905365,1779530905366,1779530905370,1779530905398
2026-05-23T10:08:25.4642140Z,1779530905464,477,556,1779530905398,1779530905398,1779530905402,1779530905406,1779530905407,1779530905407,1779530905431
2026-05-23T10:08:25.5384310Z,1779530905538,478,558,1779530905464,1779530905464,1779530905468,1779530905468,1779530905468,1779530905469,1779530905497
2026-05-23T10:08:25.5697730Z,1779530905569,479,559,1779530905497,1779530905497,1779530905501,1779530905503,1779530905503,1779530905505,1779530905538
2026-05-23T10:08:25.6115840Z,1779530905611,480,560,1779530905538,1779530905538,1779530905542,1779530905544,1779530905544,1779530905547,1779530905570
2026-05-23T10:08:25.6822370Z,1779530905682,481,561,1779530905569,1779530905569,1779530905573,1779530905606,1779530905606,1779530905610,1779530905613
2026-05-23T10:08:25.6863600Z,1779530905686,483,562,1779530905611,1779530905611,1779530905616,1779530905642,1779530905683,1779530905684,1779530905682
2026-05-23T10:08:25.7845010Z,1779530905784,484,565,1779530905718,1779530905718,1779530905722,1779530905745,1779530905745,1779530905747,1779530905751
2026-05-23T10:08:25.8165620Z,1779530905816,485,566,1779530905751,1779530905751,1779530905754,1779530905780,1779530905780,1779530905784,1779530905784
2026-05-23T10:08:25.8817720Z,1779530905881,486,568,1779530905816,1779530905816,1779530905820,1779530905822,1779530905822,1779530905826,1779530905849
2026-05-23T10:08:25.9471290Z,1779530905947,487,569,1779530905849,1779530905849,1779530905853,1779530905884,1779530905884,1779530905885,1779530905915
2026-05-23T10:08:25.9800630Z,1779530905980,488,571,1779530905914,1779530905915,1779530905919,1779530905919,1779530905919,1779530905922,1779530905947
2026-05-23T10:08:26.0129800Z,1779530906012,489,572,1779530905947,1779530905947,1779530905951,1779530905960,1779530905960,1779530905963,1779530905980
2026-05-23T10:08:26.0783140Z,1779530906078,490,574,1779530906013,1779530906013,1779530906016,1779530906022,1779530906022,1779530906023,1779530906045
2026-05-23T10:08:26.1116230Z,1779530906111,491,575,1779530906045,1779530906045,1779530906049,1779530906057,1779530906057,1779530906059,1779530906078
2026-05-23T10:08:26.1534150Z,1779530906153,492,576,1779530906078,1779530906078,1779530906083,1779530906100,1779530906101,1779530906101,1779530906111
2026-05-23T10:08:26.2170120Z,1779530906217,493,578,1779530906153,1779530906153,1779530906157,1779530906163,1779530906164,1779530906165,1779530906185
2026-05-23T10:08:26.2500160Z,1779530906250,494,579,1779530906184,1779530906184,1779530906188,1779530906198,1779530906198,1779530906202,1779530906217
2026-05-23T10:08:26.2825470Z,1779530906282,495,580,1779530906217,1779530906217,1779530906220,1779530906241,1779530906241,1779530906243,1779530906250
2026-05-23T10:08:26.3846520Z,1779530906384,496,582,1779530906282,1779530906282,1779530906286,1779530906303,1779530906303,1779530906307,1779530906315
2026-05-23T10:08:26.3883600Z,1779530906388,498,583,1779530906315,1779530906315,1779530906319,1779530906337,1779530906380,1779530906380,1779530906384
2026-05-23T10:08:26.4882180Z,1779530906488,499,586,1779530906421,1779530906421,1779530906425,1779530906442,1779530906442,1779530906445,1779530906455
2026-05-23T10:08:26.5206640Z,1779530906520,500,587,1779530906455,1779530906455,1779530906459,1779530906476,1779530906476,1779530906477,1779530906488
2026-05-23T10:08:26.5534650Z,1779530906553,501,588,1779530906488,1779530906488,1779530906492,1779530906519,1779530906519,1779530906520,1779530906520
2026-05-23T10:08:26.6590160Z,1779530906659,502,590,1779530906553,1779530906553,1779530906557,1779530906582,1779530906582,1779530906583,1779530906588
2026-05-23T10:08:26.6633350Z,1779530906663,504,591,1779530906586,1779530906587,1779530906591,1779530906616,1779530906657,1779530906660,1779530906659
2026-05-23T10:08:26.7682480Z,1779530906768,505,594,1779530906696,1779530906696,1779530906700,1779530906719,1779530906719,1779530906723,1779530906737
2026-05-23T10:08:26.8011880Z,1779530906801,506,595,1779530906737,1779530906737,1779530906741,1779530906753,1779530906754,1779530906755,1779530906769
2026-05-23T10:08:26.8335850Z,1779530906833,507,596,1779530906768,1779530906768,1779530906772,1779530906795,1779530906795,1779530906797,1779530906801
2026-05-23T10:08:26.8990350Z,1779530906899,508,598,1779530906833,1779530906833,1779530906839,1779530906856,1779530906856,1779530906861,1779530906866
2026-05-23T10:08:26.9317260Z,1779530906931,509,599,1779530906866,1779530906866,1779530906870,1779530906890,1779530906890,1779530906892,1779530906899
2026-05-23T10:08:26.9973250Z,1779530906997,510,600,1779530906899,1779530906899,1779530906902,1779530906932,1779530906932,1779530906935,1779530906964
2026-05-23T10:08:27.0295630Z,1779530907029,511,602,1779530906964,1779530906964,1779530906968,1779530906994,1779530906995,1779530906998,1779530906997
2026-05-23T10:08:27.0957310Z,1779530907095,512,603,1779530906997,1779530906997,1779530907001,1779530907029,1779530907029,1779530907034,1779530907062
2026-05-23T10:08:27.1670680Z,1779530907167,513,605,1779530907062,1779530907062,1779530907066,1779530907071,1779530907071,1779530907075,1779530907096
2026-05-23T10:08:27.1707840Z,1779530907170,514,606,1779530907095,1779530907096,1779530907099,1779530907133,1779530907133,1779530907138,1779530907167
2026-05-23T10:08:27.2436960Z,1779530907243,515,607,1779530907167,1779530907167,1779530907171,1779530907172,1779530907172,1779530907175,1779530907203
2026-05-23T10:08:27.2749700Z,1779530907274,516,609,1779530907203,1779530907203,1779530907207,1779530907215,1779530907215,1779530907217,1779530907244
2026-05-23T10:08:27.3400160Z,1779530907340,517,610,1779530907243,1779530907243,1779530907247,1779530907278,1779530907278,1779530907282,1779530907307
2026-05-23T10:08:27.3723630Z,1779530907372,518,612,1779530907307,1779530907307,1779530907311,1779530907313,1779530907313,1779530907318,1779530907340
2026-05-23T10:08:27.4419920Z,1779530907441,519,613,1779530907340,1779530907340,1779530907344,1779530907354,1779530907354,1779530907355,1779530907372
2026-05-23T10:08:27.4482180Z,1779530907448,520,614,1779530907372,1779530907372,1779530907376,1779530907415,1779530907415,1779530907417,1779530907443
2026-05-23T10:08:27.5145090Z,1779530907514,521,615,1779530907442,1779530907442,1779530907446,1779530907449,1779530907449,1779530907455,1779530907481
2026-05-23T10:08:27.5478310Z,1779530907547,522,617,1779530907481,1779530907481,1779530907485,1779530907492,1779530907492,1779530907496,1779530907514
2026-05-23T10:08:27.6146100Z,1779530907614,523,619,1779530907547,1779530907547,1779530907551,1779530907554,1779530907554,1779530907555,1779530907581
2026-05-23T10:08:27.6462330Z,1779530907646,524,620,1779530907579,1779530907579,1779530907584,1779530907588,1779530907589,1779530907592,1779530907614
2026-05-23T10:08:27.6876200Z,1779530907687,525,621,1779530907614,1779530907614,1779530907618,1779530907630,1779530907630,1779530907634,1779530907646
2026-05-23T10:08:27.7620150Z,1779530907762,527,623,1779530907687,1779530907687,1779530907691,1779530907691,1779530907726,1779530907729,1779530907758
2026-05-23T10:08:27.8275070Z,1779530907827,528,625,1779530907762,1779530907762,1779530907766,1779530907767,1779530907767,1779530907771,1779530907802
2026-05-23T10:08:27.8924350Z,1779530907892,529,626,1779530907802,1779530907802,1779530907806,1779530907829,1779530907829,1779530907833,1779530907859
2026-05-23T10:08:27.9249110Z,1779530907924,530,628,1779530907859,1779530907859,1779530907863,1779530907864,1779530907864,1779530907865,1779530907892
2026-05-23T10:08:27.9575570Z,1779530907957,531,629,1779530907892,1779530907892,1779530907896,1779530907905,1779530907905,1779530907907,1779530907925
2026-05-23T10:08:28.0229920Z,1779530908022,532,631,1779530907957,1779530907957,1779530907961,1779530907966,1779530907966,1779530907969,1779530907991
2026-05-23T10:08:28.0560330Z,1779530908056,533,632,1779530907990,1779530907990,1779530907994,1779530907999,1779530907999,1779530908001,1779530908023
2026-05-23T10:08:28.0885010Z,1779530908088,534,633,1779530908023,1779530908023,1779530908027,1779530908040,1779530908041,1779530908043,1779530908056
2026-05-23T10:08:28.1548730Z,1779530908154,535,635,1779530908088,1779530908088,1779530908092,1779530908104,1779530908104,1779530908105,1779530908121
2026-05-23T10:08:28.1963870Z,1779530908196,536,636,1779530908121,1779530908121,1779530908125,1779530908138,1779530908138,1779530908141,1779530908155
2026-05-23T10:08:28.2283650Z,1779530908228,537,637,1779530908154,1779530908154,1779530908158,1779530908179,1779530908180,1779530908183,1779530908196
2026-05-23T10:08:28.3000320Z,1779530908300,538,639,1779530908228,1779530908228,1779530908232,1779530908241,1779530908241,1779530908245,1779530908269
2026-05-23T10:08:28.3322880Z,1779530908332,539,640,1779530908268,1779530908268,1779530908272,1779530908276,1779530908276,1779530908277,1779530908300
2026-05-23T10:08:28.3655500Z,1779530908365,540,641,1779530908300,1779530908300,1779530908304,1779530908319,1779530908319,1779530908319,1779530908332
2026-05-23T10:08:28.4308140Z,1779530908430,541,643,1779530908365,1779530908365,1779530908369,1779530908380,1779530908381,1779530908384,1779530908398
2026-05-23T10:08:28.4995700Z,1779530908499,542,644,1779530908397,1779530908398,1779530908401,1779530908414,1779530908414,1779530908415,1779530908431
2026-05-23T10:08:28.5032140Z,1779530908503,543,645,1779530908430,1779530908430,1779530908435,1779530908455,1779530908455,1779530908457,1779530908499
2026-05-23T10:08:28.5699950Z,1779530908569,544,647,1779530908503,1779530908503,1779530908506,1779530908516,1779530908516,1779530908520,1779530908537
2026-05-23T10:08:28.6030280Z,1779530908603,545,648,1779530908537,1779530908537,1779530908541,1779530908550,1779530908550,1779530908551,1779530908570
2026-05-23T10:08:28.6362240Z,1779530908636,546,649,1779530908570,1779530908570,1779530908574,1779530908593,1779530908593,1779530908594,1779530908603
2026-05-23T10:08:28.7082680Z,1779530908708,547,651,1779530908636,1779530908636,1779530908640,1779530908655,1779530908655,1779530908657,1779530908677
2026-05-23T10:08:28.7491190Z,1779530908749,548,652,1779530908676,1779530908676,1779530908680,1779530908690,1779530908690,1779530908694,1779530908708
2026-05-23T10:08:28.7802920Z,1779530908780,549,653,1779530908708,1779530908708,1779530908712,1779530908732,1779530908732,1779530908735,1779530908749
2026-05-23T10:08:28.8461350Z,1779530908846,550,655,1779530908780,1779530908780,1779530908784,1779530908793,1779530908793,1779530908799,1779530908813
2026-05-23T10:08:28.8783690Z,1779530908878,551,656,1779530908813,1779530908813,1779530908816,1779530908827,1779530908828,1779530908830,1779530908846
2026-05-23T10:08:28.9114580Z,1779530908911,552,657,1779530908846,1779530908846,1779530908850,1779530908868,1779530908868,1779530908873,1779530908878
2026-05-23T10:08:28.9770280Z,1779530908977,553,659,1779530908911,1779530908911,1779530908915,1779530908930,1779530908930,1779530908930,1779530908944
2026-05-23T10:08:29.0094940Z,1779530909009,554,660,1779530908944,1779530908944,1779530908948,1779530908964,1779530908965,1779530908968,1779530908977
2026-05-23T10:08:29.0427690Z,1779530909042,555,661,1779530908977,1779530908977,1779530908981,1779530909006,1779530909006,1779530909009,1779530909009
2026-05-23T10:08:29.1079990Z,1779530909107,556,663,1779530909042,1779530909042,1779530909046,1779530909069,1779530909069,1779530909072,1779530909075
2026-05-23T10:08:29.1409140Z,1779530909140,557,664,1779530909075,1779530909075,1779530909079,1779530909105,1779530909106,1779530909109,1779530909108
2026-05-23T10:08:29.2195880Z,1779530909219,559,666,1779530909140,1779530909141,1779530909144,1779530909147,1779530909209,1779530909212,1779530909213
2026-05-23T10:08:29.2935710Z,1779530909293,560,668,1779530909219,1779530909219,1779530909223,1779530909247,1779530909247,1779530909250,1779530909252
2026-05-23T10:08:29.3247730Z,1779530909324,561,669,1779530909252,1779530909252,1779530909255,1779530909287,1779530909287,1779530909287,1779530909293
2026-05-23T10:08:29.3899880Z,1779530909389,562,671,1779530909324,1779530909326,1779530909330,1779530909349,1779530909349,1779530909351,1779530909357
2026-05-23T10:08:29.4229540Z,1779530909422,563,672,1779530909357,1779530909357,1779530909360,1779530909383,1779530909384,1779530909387,1779530909390
2026-05-23T10:08:29.4883290Z,1779530909488,564,673,1779530909390,1779530909390,1779530909393,1779530909426,1779530909426,1779530909429,1779530909456
2026-05-23T10:08:29.5208380Z,1779530909520,565,675,1779530909455,1779530909455,1779530909459,1779530909487,1779530909487,1779530909491,1779530909489
2026-05-23T10:08:29.5901420Z,1779530909590,566,676,1779530909488,1779530909488,1779530909492,1779530909522,1779530909522,1779530909523,1779530909521
2026-05-23T10:08:29.5943790Z,1779530909594,567,677,1779530909520,1779530909520,1779530909524,1779530909564,1779530909564,1779530909569,1779530909590
2026-05-23T10:08:29.6616140Z,1779530909661,568,679,1779530909594,1779530909594,1779530909598,1779530909626,1779530909626,1779530909627,1779530909628
2026-05-23T10:08:29.7391830Z,1779530909739,570,681,1779530909661,1779530909661,1779530909665,1779530909703,1779530909703,1779530909706,1779530909735
2026-05-23T10:08:29.8150430Z,1779530909815,571,683,1779530909739,1779530909739,1779530909743,1779530909763,1779530909763,1779530909764,1779530909771
2026-05-23T10:08:29.8464390Z,1779530909846,572,684,1779530909771,1779530909771,1779530909775,1779530909798,1779530909798,1779530909801,1779530909815
2026-05-23T10:08:29.8788760Z,1779530909878,573,685,1779530909815,1779530909815,1779530909819,1779530909839,1779530909839,1779530909842,1779530909846
2026-05-23T10:08:29.9458450Z,1779530909945,574,687,1779530909878,1779530909878,1779530909882,1779530909901,1779530909901,1779530909904,1779530909911
2026-05-23T10:08:29.9773130Z,1779530909977,575,688,1779530909911,1779530909911,1779530909915,1779530909935,1779530909935,1779530909937,1779530909946
2026-05-23T10:08:30.0101640Z,1779530910010,576,689,1779530909945,1779530909945,1779530909949,1779530909976,1779530909976,1779530909979,1779530909977
2026-05-23T10:08:30.0757570Z,1779530910075,577,691,1779530910010,1779530910010,1779530910014,1779530910038,1779530910038,1779530910041,1779530910042
2026-05-23T10:08:30.1078740Z,1779530910107,578,692,1779530910042,1779530910042,1779530910046,1779530910073,1779530910073,1779530910078,1779530910075
2026-05-23T10:08:30.1734770Z,1779530910173,579,694,1779530910107,1779530910107,1779530910112,1779530910115,1779530910116,1779530910116,1779530910140
2026-05-23T10:08:30.2501250Z,1779530910250,581,696,1779530910173,1779530910173,1779530910177,1779530910178,1779530910213,1779530910216,1779530910246
2026-05-23T10:08:30.3247460Z,1779530910324,582,698,1779530910250,1779530910250,1779530910254,1779530910255,1779530910255,1779530910259,1779530910283
2026-05-23T10:08:30.3553820Z,1779530910355,583,699,1779530910283,1779530910283,1779530910287,1779530910318,1779530910318,1779530910320,1779530910326
2026-05-23T10:08:30.3882130Z,1779530910388,584,700,1779530910324,1779530910326,1779530910330,1779530910353,1779530910353,1779530910356,1779530910355
2026-05-23T10:08:30.4531260Z,1779530910453,585,702,1779530910388,1779530910388,1779530910392,1779530910395,1779530910395,1779530910399,1779530910420
2026-05-23T10:08:30.5182520Z,1779530910518,586,704,1779530910453,1779530910453,1779530910457,1779530910460,1779530910460,1779530910462,1779530910486
2026-05-23T10:08:30.5512940Z,1779530910551,587,705,1779530910485,1779530910485,1779530910489,1779530910494,1779530910495,1779530910497,1779530910518
2026-05-23T10:08:30.5844850Z,1779530910584,588,706,1779530910518,1779530910518,1779530910522,1779530910536,1779530910536,1779530910539,1779530910551
2026-05-23T10:08:30.6858780Z,1779530910685,589,708,1779530910584,1779530910584,1779530910588,1779530910599,1779530910599,1779530910601,1779530910616
2026-05-23T10:08:30.6897550Z,1779530910689,591,709,1779530910616,1779530910616,1779530910620,1779530910635,1779530910676,1779530910679,1779530910686
2026-05-23T10:08:30.8344390Z,1779530910834,592,712,1779530910729,1779530910729,1779530910733,1779530910739,1779530910739,1779530910743,1779530910762
2026-05-23T10:08:30.8381750Z,1779530910838,594,713,1779530910762,1779530910762,1779530910766,1779530910774,1779530910815,1779530910815,1779530910834
2026-05-23T10:08:30.9354070Z,1779530910935,595,716,1779530910869,1779530910870,1779530910874,1779530910876,1779530910876,1779530910880,1779530910903
2026-05-23T10:08:30.9681710Z,1779530910968,596,717,1779530910903,1779530910903,1779530910907,1779530910910,1779530910910,1779530910912,1779530910935
2026-05-23T10:08:31.0007230Z,1779530911000,597,718,1779530910935,1779530910935,1779530910939,1779530910951,1779530910952,1779530910953,1779530910968
2026-05-23T10:08:31.0664390Z,1779530911066,598,720,1779530911000,1779530911000,1779530911004,1779530911013,1779530911013,1779530911013,1779530911034
2026-05-23T10:08:31.0989750Z,1779530911098,599,721,1779530911034,1779530911034,1779530911037,1779530911047,1779530911048,1779530911050,1779530911066
2026-05-23T10:08:31.1315060Z,1779530911131,600,722,1779530911066,1779530911066,1779530911070,1779530911090,1779530911090,1779530911091,1779530911099
2026-05-23T10:08:31.1970090Z,1779530911197,601,724,1779530911131,1779530911131,1779530911136,1779530911151,1779530911152,1779530911154,1779530911164
2026-05-23T10:08:31.2300150Z,1779530911230,602,725,1779530911164,1779530911164,1779530911168,1779530911188,1779530911189,1779530911190,1779530911197
2026-05-23T10:08:31.2704840Z,1779530911270,603,726,1779530911197,1779530911197,1779530911200,1779530911228,1779530911228,1779530911232,1779530911230
2026-05-23T10:08:31.3416610Z,1779530911341,604,728,1779530911270,1779530911270,1779530911274,1779530911290,1779530911290,1779530911295,1779530911301
2026-05-23T10:08:31.3729090Z,1779530911372,605,729,1779530911301,1779530911301,1779530911305,1779530911324,1779530911324,1779530911326,1779530911341
2026-05-23T10:08:31.4054870Z,1779530911405,606,730,1779530911341,1779530911341,1779530911345,1779530911366,1779530911366,1779530911367,1779530911373
2026-05-23T10:08:31.4708150Z,1779530911470,607,732,1779530911405,1779530911405,1779530911409,1779530911427,1779530911428,1779530911429,1779530911438
2026-05-23T10:08:31.5039650Z,1779530911503,608,733,1779530911438,1779530911438,1779530911441,1779530911463,1779530911463,1779530911466,1779530911470
2026-05-23T10:08:31.5683580Z,1779530911568,609,734,1779530911470,1779530911470,1779530911474,1779530911504,1779530911505,1779530911509,1779530911536
2026-05-23T10:08:31.6010020Z,1779530911601,610,736,1779530911536,1779530911536,1779530911539,1779530911568,1779530911568,1779530911571,1779530911568
2026-05-23T10:08:31.6661280Z,1779530911666,611,737,1779530911568,1779530911568,1779530911571,1779530911604,1779530911605,1779530911608,1779530911634
2026-05-23T10:08:31.6993090Z,1779530911699,612,739,1779530911633,1779530911634,1779530911637,1779530911647,1779530911647,1779530911650,1779530911666
2026-05-23T10:08:31.7805030Z,1779530911780,614,741,1779530911699,1779530911699,1779530911703,1779530911710,1779530911747,1779530911750,1779530911777
2026-05-23T10:08:31.8549940Z,1779530911854,615,743,1779530911780,1779530911780,1779530911784,1779530911787,1779530911788,1779530911792,1779530911814
2026-05-23T10:08:31.8865290Z,1779530911886,616,744,1779530911814,1779530911814,1779530911818,1779530911849,1779530911849,1779530911850,1779530911855
2026-05-23T10:08:31.9191620Z,1779530911919,617,745,1779530911855,1779530911855,1779530911858,1779530911885,1779530911885,1779530911888,1779530911886
2026-05-23T10:08:31.9852680Z,1779530911985,618,747,1779530911919,1779530911919,1779530911923,1779530911927,1779530911927,1779530911929,1779530911952
2026-05-23T10:08:32.0501360Z,1779530912050,619,748,1779530911951,1779530911951,1779530911955,1779530911988,1779530911988,1779530911992,1779530912017
2026-05-23T10:08:32.0824100Z,1779530912082,620,750,1779530912017,1779530912017,1779530912021,1779530912024,1779530912024,1779530912028,1779530912050
2026-05-23T10:08:32.1153780Z,1779530912115,621,751,1779530912050,1779530912050,1779530912054,1779530912065,1779530912065,1779530912065,1779530912082
2026-05-23T10:08:32.1803730Z,1779530912180,622,753,1779530912115,1779530912115,1779530912119,1779530912126,1779530912126,1779530912128,1779530912148
2026-05-23T10:08:32.2132110Z,1779530912213,623,754,1779530912147,1779530912147,1779530912151,1779530912162,1779530912162,1779530912166,1779530912180
2026-05-23T10:08:32.2468040Z,1779530912246,624,755,1779530912180,1779530912180,1779530912184,1779530912206,1779530912206,1779530912209,1779530912213
2026-05-23T10:08:32.3185670Z,1779530912318,625,757,1779530912246,1779530912246,1779530912250,1779530912267,1779530912267,1779530912271,1779530912287
2026-05-23T10:08:32.3588880Z,1779530912358,626,758,1779530912287,1779530912287,1779530912293,1779530912301,1779530912301,1779530912303,1779530912318
2026-05-23T10:08:32.3899710Z,1779530912389,627,759,1779530912318,1779530912318,1779530912322,1779530912342,1779530912342,1779530912346,1779530912359
2026-05-23T10:08:32.4555230Z,1779530912455,628,761,1779530912390,1779530912390,1779530912393,1779530912403,1779530912404,1779530912404,1779530912422
2026-05-23T10:08:32.4877070Z,1779530912487,629,762,1779530912422,1779530912422,1779530912426,1779530912438,1779530912438,1779530912442,1779530912455
2026-05-23T10:08:32.5206930Z,1779530912520,630,763,1779530912455,1779530912455,1779530912459,1779530912480,1779530912481,1779530912484,1779530912487
2026-05-23T10:08:32.5863890Z,1779530912586,631,765,1779530912520,1779530912520,1779530912524,1779530912541,1779530912542,1779530912543,1779530912553
2026-05-23T10:08:32.6187330Z,1779530912618,632,766,1779530912553,1779530912553,1779530912557,1779530912576,1779530912576,1779530912579,1779530912586
2026-05-23T10:08:32.6513520Z,1779530912651,633,767,1779530912586,1779530912586,1779530912590,1779530912617,1779530912617,1779530912620,1779530912619
2026-05-23T10:08:32.7166550Z,1779530912716,634,769,1779530912651,1779530912651,1779530912655,1779530912679,1779530912680,1779530912683,1779530912684
2026-05-23T10:08:32.7905660Z,1779530912790,635,770,1779530912684,1779530912684,1779530912687,1779530912715,1779530912715,1779530912720,1779530912750
2026-05-23T10:08:32.8657730Z,1779530912865,636,772,1779530912749,1779530912749,1779530912753,1779530912755,1779530912756,1779530912757,1779530912790
2026-05-23T10:08:32.8697460Z,1779530912869,638,773,1779530912790,1779530912790,1779530912794,1779530912816,1779530912851,1779530912851,1779530912866
2026-05-23T10:08:32.9365240Z,1779530912936,639,775,1779530912869,1779530912869,1779530912873,1779530912892,1779530912892,1779530912894,1779530912903
2026-05-23T10:08:33.0021080Z,1779530913002,640,777,1779530912936,1779530912936,1779530912940,1779530912954,1779530912954,1779530912957,1779530912969
2026-05-23T10:08:33.0353090Z,1779530913035,641,778,1779530912969,1779530912969,1779530912973,1779530912988,1779530912988,1779530912994,1779530913002
2026-05-23T10:08:33.0675130Z,1779530913067,642,779,1779530913002,1779530913002,1779530913006,1779530913029,1779530913029,1779530913031,1779530913035
2026-05-23T10:08:33.1329870Z,1779530913132,643,781,1779530913067,1779530913067,1779530913074,1779530913090,1779530913090,1779530913094,1779530913100
2026-05-23T10:08:33.1660340Z,1779530913166,644,782,1779530913100,1779530913100,1779530913104,1779530913125,1779530913126,1779530913126,1779530913133
2026-05-23T10:08:33.1986070Z,1779530913198,645,783,1779530913133,1779530913133,1779530913136,1779530913167,1779530913167,1779530913168,1779530913166
2026-05-23T10:08:33.2651500Z,1779530913265,646,785,1779530913198,1779530913198,1779530913202,1779530913228,1779530913228,1779530913231,1779530913231
2026-05-23T10:08:33.3372460Z,1779530913337,648,787,1779530913265,1779530913265,1779530913269,1779530913304,1779530913304,1779530913305,1779530913305
2026-05-23T10:08:33.4089220Z,1779530913408,649,789,1779530913337,1779530913337,1779530913341,1779530913364,1779530913364,1779530913368,1779530913377
2026-05-23T10:08:33.4414000Z,1779530913441,650,790,1779530913377,1779530913377,1779530913381,1779530913399,1779530913399,1779530913400,1779530913409
2026-05-23T10:08:33.4749980Z,1779530913474,651,791,1779530913408,1779530913409,1779530913412,1779530913441,1779530913442,1779530913443,1779530913441
2026-05-23T10:08:33.5401450Z,1779530913540,652,793,1779530913475,1779530913475,1779530913478,1779530913503,1779530913503,1779530913508,1779530913507
2026-05-23T10:08:33.5726810Z,1779530913572,653,794,1779530913507,1779530913507,1779530913511,1779530913538,1779530913538,1779530913539,1779530913540
2026-05-23T10:08:33.6380950Z,1779530913638,654,796,1779530913572,1779530913572,1779530913576,1779530913580,1779530913580,1779530913581,1779530913605
2026-05-23T10:08:33.7035810Z,1779530913703,655,798,1779530913638,1779530913638,1779530913642,1779530913642,1779530913643,1779530913644,1779530913671
2026-05-23T10:08:33.7373190Z,1779530913737,656,799,1779530913670,1779530913671,1779530913676,1779530913677,1779530913677,1779530913682,1779530913703
2026-05-23T10:08:33.7694720Z,1779530913769,657,800,1779530913703,1779530913703,1779530913707,1779530913718,1779530913718,1779530913719,1779530913737
2026-05-23T10:08:33.8416660Z,1779530913841,658,802,1779530913769,1779530913769,1779530913773,1779530913779,1779530913780,1779530913785,1779530913811
2026-05-23T10:08:33.8829580Z,1779530913882,659,802,1779530913769,1779530913769,1779530913773,1779530913779,1779530913813,1779530913819,1779530913842
2026-05-23T10:08:33.9497790Z,1779530913949,660,804,1779530913841,1779530913841,1779530913845,1779530913855,1779530913855,1779530913855,1779530913883
2026-05-23T10:08:33.9527680Z,1779530913952,661,805,1779530913883,1779530913883,1779530913886,1779530913916,1779530913916,1779530913918,1779530913949
2026-05-23T10:08:33.9876480Z,1779530913987,662,805,1779530913883,1779530913883,1779530913886,1779530913916,1779530913951,1779530913954,1779530913952
2026-05-23T10:08:34.0613470Z,1779530914061,663,808,1779530913987,1779530913987,1779530913991,1779530913992,1779530913992,1779530913996,1779530914025
2026-05-23T10:08:34.0974590Z,1779530914097,664,809,1779530914024,1779530914024,1779530914028,1779530914054,1779530914054,1779530914059,1779530914061
2026-05-23T10:08:34.1361020Z,1779530914136,665,810,1779530914061,1779530914061,1779530914065,1779530914089,1779530914089,1779530914092,1779530914097
2026-05-23T10:08:34.1721810Z,1779530914172,666,811,1779530914097,1779530914097,1779530914101,1779530914130,1779530914131,1779530914133,1779530914136
2026-05-23T10:08:34.2446200Z,1779530914244,667,813,1779530914172,1779530914172,1779530914176,1779530914192,1779530914192,1779530914197,1779530914208
2026-05-23T10:08:34.3162390Z,1779530914316,668,814,1779530914208,1779530914208,1779530914212,1779530914228,1779530914228,1779530914229,1779530914244
2026-05-23T10:08:34.3198980Z,1779530914319,669,815,1779530914244,1779530914244,1779530914248,1779530914270,1779530914270,1779530914271,1779530914316
2026-05-23T10:08:34.3930010Z,1779530914393,670,817,1779530914319,1779530914319,1779530914325,1779530914332,1779530914332,1779530914335,1779530914353
2026-05-23T10:08:34.4243810Z,1779530914424,671,818,1779530914352,1779530914352,1779530914356,1779530914367,1779530914367,1779530914372,1779530914393
2026-05-23T10:08:34.4570930Z,1779530914457,672,819,1779530914393,1779530914393,1779530914396,1779530914407,1779530914408,1779530914408,1779530914424
2026-05-23T10:08:34.5226940Z,1779530914522,673,821,1779530914457,1779530914457,1779530914460,1779530914469,1779530914469,1779530914471,1779530914490
2026-05-23T10:08:34.5553280Z,1779530914555,674,822,1779530914489,1779530914489,1779530914493,1779530914503,1779530914504,1779530914508,1779530914522
2026-05-23T10:08:34.5877010Z,1779530914587,675,823,1779530914522,1779530914522,1779530914526,1779530914544,1779530914544,1779530914549,1779530914555
2026-05-23T10:08:34.6535180Z,1779530914653,676,825,1779530914587,1779530914587,1779530914591,1779530914605,1779530914606,1779530914607,1779530914620
2026-05-23T10:08:34.6862740Z,1779530914686,677,826,1779530914620,1779530914620,1779530914624,1779530914640,1779530914640,1779530914643,1779530914653
2026-05-23T10:08:34.7186140Z,1779530914718,678,827,1779530914653,1779530914653,1779530914657,1779530914680,1779530914681,1779530914686,1779530914686
2026-05-23T10:08:34.7848400Z,1779530914784,679,829,1779530914718,1779530914718,1779530914722,1779530914747,1779530914747,1779530914750,1779530914751
2026-05-23T10:08:34.8581850Z,1779530914858,680,830,1779530914751,1779530914751,1779530914755,1779530914783,1779530914784,1779530914787,1779530914818
2026-05-23T10:08:34.9279230Z,1779530914927,681,832,1779530914817,1779530914817,1779530914821,1779530914824,1779530914824,1779530914824,1779530914858
2026-05-23T10:08:34.9315490Z,1779530914931,683,833,1779530914858,1779530914858,1779530914862,1779530914886,1779530914921,1779530914924,1779530914928
2026-05-23T10:08:35.0444590Z,1779530915044,685,836,1779530914963,1779530914963,1779530914967,1779530915024,1779530915024,1779530915029,1779530915033
2026-05-23T10:08:35.1101810Z,1779530915110,686,838,1779530915044,1779530915044,1779530915048,1779530915058,1779530915058,1779530915062,1779530915077
2026-05-23T10:08:35.1434690Z,1779530915143,687,839,1779530915077,1779530915077,1779530915081,1779530915100,1779530915100,1779530915104,1779530915110
2026-05-23T10:08:35.2085750Z,1779530915208,688,841,1779530915143,1779530915143,1779530915149,1779530915162,1779530915162,1779530915164,1779530915176
2026-05-23T10:08:35.2411540Z,1779530915241,689,842,1779530915176,1779530915176,1779530915180,1779530915196,1779530915196,1779530915200,1779530915208
2026-05-23T10:08:35.2745520Z,1779530915274,690,843,1779530915208,1779530915208,1779530915212,1779530915239,1779530915239,1779530915242,1779530915241
2026-05-23T10:08:35.3482640Z,1779530915348,691,845,1779530915274,1779530915274,1779530915278,1779530915302,1779530915302,1779530915306,1779530915307
2026-05-23T10:08:35.3797920Z,1779530915379,692,846,1779530915307,1779530915307,1779530915311,1779530915338,1779530915339,1779530915339,1779530915348
2026-05-23T10:08:35.4128830Z,1779530915412,693,847,1779530915348,1779530915348,1779530915352,1779530915379,1779530915380,1779530915381,1779530915380
2026-05-23T10:08:35.4845390Z,1779530915484,694,849,1779530915412,1779530915412,1779530915416,1779530915442,1779530915442,1779530915444,1779530915452
2026-05-23T10:08:35.5165360Z,1779530915516,695,850,1779530915452,1779530915452,1779530915456,1779530915476,1779530915477,1779530915481,1779530915484
2026-05-23T10:08:35.5821810Z,1779530915582,696,851,1779530915484,1779530915484,1779530915488,1779530915519,1779530915520,1779530915524,1779530915549
2026-05-23T10:08:35.6148400Z,1779530915614,697,853,1779530915549,1779530915549,1779530915553,1779530915580,1779530915580,1779530915581,1779530915582
2026-05-23T10:08:35.6471900Z,1779530915647,698,854,1779530915582,1779530915582,1779530915586,1779530915615,1779530915615,1779530915617,1779530915615
2026-05-23T10:08:35.7126300Z,1779530915712,699,856,1779530915647,1779530915647,1779530915651,1779530915657,1779530915657,1779530915659,1779530915679
2026-05-23T10:08:35.7776320Z,1779530915777,700,858,1779530915712,1779530915712,1779530915716,1779530915720,1779530915721,1779530915721,1779530915745
2026-05-23T10:08:35.8105820Z,1779530915810,701,859,1779530915745,1779530915745,1779530915749,1779530915756,1779530915756,1779530915758,1779530915777
2026-05-23T10:08:35.8441200Z,1779530915844,702,860,1779530915777,1779530915777,1779530915781,1779530915798,1779530915799,1779530915800,1779530915810
2026-05-23T10:08:35.9157140Z,1779530915915,703,862,1779530915844,1779530915844,1779530915848,1779530915862,1779530915862,1779530915864,1779530915885
2026-05-23T10:08:35.9573320Z,1779530915957,704,863,1779530915884,1779530915884,1779530915888,1779530915896,1779530915896,1779530915901,1779530915915
2026-05-23T10:08:35.9885610Z,1779530915988,705,864,1779530915915,1779530915915,1779530915919,1779530915937,1779530915937,1779530915938,1779530915957
2026-05-23T10:08:36.0539500Z,1779530916053,706,866,1779530915988,1779530915988,1779530915992,1779530915998,1779530915998,1779530916001,1779530916021
2026-05-23T10:08:36.0861830Z,1779530916086,707,867,1779530916020,1779530916020,1779530916024,1779530916031,1779530916032,1779530916032,1779530916054
2026-05-23T10:08:36.1192050Z,1779530916119,708,868,1779530916054,1779530916054,1779530916057,1779530916072,1779530916072,1779530916074,1779530916086
2026-05-23T10:08:36.1843680Z,1779530916184,709,870,1779530916119,1779530916119,1779530916123,1779530916134,1779530916134,1779530916136,1779530916151
2026-05-23T10:08:36.2167740Z,1779530916216,710,871,1779530916151,1779530916151,1779530916155,1779530916169,1779530916169,1779530916173,1779530916184
2026-05-23T10:08:36.2493710Z,1779530916249,711,872,1779530916184,1779530916184,1779530916188,1779530916210,1779530916210,1779530916214,1779530916216
2026-05-23T10:08:36.3221200Z,1779530916322,713,874,1779530916249,1779530916249,1779530916254,1779530916273,1779530916308,1779530916310,1779530916318
2026-05-23T10:08:36.3978030Z,1779530916397,714,876,1779530916322,1779530916322,1779530916325,1779530916349,1779530916349,1779530916352,1779530916394
2026-05-23T10:08:36.4704500Z,1779530916470,715,878,1779530916397,1779530916397,1779530916401,1779530916410,1779530916410,1779530916410,1779530916430
2026-05-23T10:08:36.5017310Z,1779530916501,716,879,1779530916430,1779530916430,1779530916434,1779530916444,1779530916444,1779530916448,1779530916470
2026-05-23T10:08:36.5353480Z,1779530916535,717,880,1779530916470,1779530916470,1779530916474,1779530916486,1779530916486,1779530916490,1779530916502
2026-05-23T10:08:36.6002830Z,1779530916600,718,882,1779530916535,1779530916535,1779530916539,1779530916547,1779530916548,1779530916552,1779530916567
2026-05-23T10:08:36.6326860Z,1779530916632,719,883,1779530916567,1779530916567,1779530916571,1779530916581,1779530916581,1779530916583,1779530916600
2026-05-23T10:08:36.6654730Z,1779530916665,720,884,1779530916600,1779530916600,1779530916604,1779530916622,1779530916622,1779530916624,1779530916632
2026-05-23T10:08:36.7308000Z,1779530916730,721,886,1779530916665,1779530916665,1779530916669,1779530916683,1779530916683,1779530916686,1779530916698
2026-05-23T10:08:36.7630150Z,1779530916763,722,887,1779530916697,1779530916697,1779530916701,1779530916718,1779530916718,1779530916718,1779530916731
2026-05-23T10:08:36.7960680Z,1779530916796,723,888,1779530916730,1779530916730,1779530916734,1779530916760,1779530916760,1779530916760,1779530916763
2026-05-23T10:08:36.9008580Z,1779530916900,724,890,1779530916796,1779530916796,1779530916800,1779530916821,1779530916821,1779530916823,1779530916828
2026-05-23T10:08:36.9044980Z,1779530916904,726,891,1779530916828,1779530916828,1779530916832,1779530916857,1779530916899,1779530916901,1779530916901
2026-05-23T10:08:37.0081780Z,1779530917008,727,894,1779530916937,1779530916937,1779530916940,1779530916960,1779530916960,1779530916965,1779530916977
2026-05-23T10:08:37.0409220Z,1779530917040,728,895,1779530916977,1779530916977,1779530916980,1779530916994,1779530916994,1779530916996,1779530917008
2026-05-23T10:08:37.0734980Z,1779530917073,729,896,1779530917008,1779530917008,1779530917012,1779530917035,1779530917035,1779530917038,1779530917041
2026-05-23T10:08:37.1387630Z,1779530917138,730,898,1779530917073,1779530917073,1779530917077,1779530917097,1779530917097,1779530917101,1779530917107
2026-05-23T10:08:37.1715410Z,1779530917171,731,899,1779530917106,1779530917106,1779530917110,1779530917131,1779530917131,1779530917133,1779530917138
2026-05-23T10:08:37.2045660Z,1779530917204,732,900,1779530917138,1779530917138,1779530917142,1779530917172,1779530917172,1779530917174,1779530917171
2026-05-23T10:08:37.2697100Z,1779530917269,733,902,1779530917204,1779530917204,1779530917208,1779530917235,1779530917235,1779530917237,1779530917237
2026-05-23T10:08:37.3356740Z,1779530917335,734,903,1779530917237,1779530917237,1779530917241,1779530917270,1779530917270,1779530917274,1779530917302
2026-05-23T10:08:37.4130870Z,1779530917413,735,905,1779530917302,1779530917302,1779530917306,1779530917311,1779530917311,1779530917311,1779530917335
2026-05-23T10:08:37.4168640Z,1779530917416,737,906,1779530917335,1779530917335,1779530917340,1779530917375,1779530917408,1779530917410,1779530917413
2026-05-23T10:08:37.5223040Z,1779530917522,738,908,1779530917416,1779530917416,1779530917420,1779530917452,1779530917452,1779530917453,1779530917491
2026-05-23T10:08:37.5556480Z,1779530917555,739,910,1779530917491,1779530917491,1779530917495,1779530917511,1779530917511,1779530917516,1779530917522
2026-05-23T10:08:37.5884400Z,1779530917588,740,911,1779530917522,1779530917522,1779530917526,1779530917546,1779530917546,1779530917548,1779530917555
2026-05-23T10:08:37.6207840Z,1779530917620,741,912,1779530917555,1779530917555,1779530917559,1779530917587,1779530917587,1779530917590,1779530917588
2026-05-23T10:08:37.6863340Z,1779530917686,742,914,1779530917620,1779530917620,1779530917624,1779530917648,1779530917649,1779530917653,1779530917654
2026-05-23T10:08:37.7191180Z,1779530917719,743,915,1779530917654,1779530917654,1779530917658,1779530917683,1779530917683,1779530917684,1779530917686
2026-05-23T10:08:37.7848960Z,1779530917784,744,917,1779530917719,1779530917719,1779530917722,1779530917725,1779530917725,1779530917727,1779530917752
2026-05-23T10:08:37.8501970Z,1779530917850,745,918,1779530917752,1779530917752,1779530917756,1779530917787,1779530917787,1779530917792,1779530917817
2026-05-23T10:08:37.8840460Z,1779530917884,746,920,1779530917817,1779530917817,1779530917821,1779530917822,1779530917822,1779530917824,1779530917850
2026-05-23T10:08:37.9248350Z,1779530917924,747,921,1779530917850,1779530917850,1779530917854,1779530917862,1779530917862,1779530917865,1779530917884
2026-05-23T10:08:37.9560310Z,1779530917956,748,922,1779530917884,1779530917884,1779530917887,1779530917923,1779530917923,1779530917927,1779530917925
2026-05-23T10:08:38.0276760Z,1779530918027,749,923,1779530917924,1779530917924,1779530917928,1779530917960,1779530917960,1779530917963,1779530917996
2026-05-23T10:08:38.0602130Z,1779530918060,750,925,1779530917996,1779530917996,1779530918000,1779530918000,1779530918000,1779530918006,1779530918027
2026-05-23T10:08:38.1259700Z,1779530918125,751,926,1779530918027,1779530918027,1779530918031,1779530918061,1779530918061,1779530918065,1779530918093
2026-05-23T10:08:38.1589010Z,1779530918158,752,927,1779530918060,1779530918060,1779530918064,1779530918096,1779530918096,1779530918101,1779530918126
2026-05-23T10:08:38.1914310Z,1779530918191,753,929,1779530918126,1779530918126,1779530918129,1779530918136,1779530918136,1779530918137,1779530918159
2026-05-23T10:08:38.2933390Z,1779530918293,754,931,1779530918191,1779530918191,1779530918195,1779530918199,1779530918199,1779530918204,1779530918224
2026-05-23T10:08:38.2968420Z,1779530918296,756,932,1779530918224,1779530918224,1779530918228,1779530918234,1779530918275,1779530918277,1779530918293
2026-05-23T10:08:38.4362820Z,1779530918436,757,935,1779530918329,1779530918329,1779530918333,1779530918337,1779530918338,1779530918341,1779530918363
2026-05-23T10:08:38.4398160Z,1779530918439,759,936,1779530918363,1779530918363,1779530918367,1779530918372,1779530918414,1779530918418,1779530918436
2026-05-23T10:08:38.5444310Z,1779530918544,761,939,1779530918472,1779530918472,1779530918476,1779530918510,1779530918510,1779530918511,1779530918513
2026-05-23T10:08:38.6100510Z,1779530918610,762,941,1779530918544,1779530918544,1779530918548,1779530918552,1779530918552,1779530918553,1779530918577
2026-05-23T10:08:38.6753140Z,1779530918675,763,942,1779530918577,1779530918577,1779530918580,1779530918613,1779530918614,1779530918616,1779530918643
2026-05-23T10:08:38.7076780Z,1779530918707,764,944,1779530918642,1779530918642,1779530918646,1779530918648,1779530918648,1779530918653,1779530918675
2026-05-23T10:08:38.7402180Z,1779530918740,765,945,1779530918675,1779530918675,1779530918679,1779530918691,1779530918691,1779530918694,1779530918707
2026-05-23T10:08:38.8061190Z,1779530918806,766,947,1779530918740,1779530918740,1779530918744,1779530918752,1779530918752,1779530918753,1779530918773
2026-05-23T10:08:38.8383920Z,1779530918838,767,948,1779530918773,1779530918773,1779530918776,1779530918786,1779530918786,1779530918789,1779530918806
2026-05-23T10:08:38.8714460Z,1779530918871,768,949,1779530918806,1779530918806,1779530918809,1779530918828,1779530918828,1779530918828,1779530918838
2026-05-23T10:08:38.9468950Z,1779530918946,770,951,1779530918871,1779530918871,1779530918875,1779530918890,1779530918926,1779530918927,1779530918943
2026-05-23T10:08:39.0114890Z,1779530919011,771,953,1779530918946,1779530918946,1779530918950,1779530918967,1779530918967,1779530918970,1779530918978
2026-05-23T10:08:39.0771530Z,1779530919077,772,955,1779530919011,1779530919011,1779530919015,1779530919034,1779530919034,1779530919037,1779530919044
2026-05-23T10:08:39.1092150Z,1779530919109,773,956,1779530919044,1779530919044,1779530919048,1779530919068,1779530919068,1779530919068,1779530919077
2026-05-23T10:08:39.1746730Z,1779530919174,774,957,1779530919077,1779530919077,1779530919080,1779530919110,1779530919110,1779530919116,1779530919142
2026-05-23T10:08:39.2071880Z,1779530919207,775,959,1779530919142,1779530919142,1779530919145,1779530919172,1779530919173,1779530919177,1779530919174
2026-05-23T10:08:39.2399780Z,1779530919239,776,960,1779530919174,1779530919174,1779530919178,1779530919207,1779530919207,1779530919208,1779530919207
2026-05-23T10:08:39.3056930Z,1779530919305,777,962,1779530919240,1779530919240,1779530919243,1779530919249,1779530919249,1779530919251,1779530919273
2026-05-23T10:08:39.3777300Z,1779530919377,779,964,1779530919305,1779530919305,1779530919309,1779530919312,1779530919347,1779530919348,1779530919374
2026-05-23T10:08:39.4513300Z,1779530919451,780,966,1779530919377,1779530919377,1779530919381,1779530919388,1779530919388,1779530919391,1779530919411
2026-05-23T10:08:39.4843370Z,1779530919484,781,967,1779530919411,1779530919411,1779530919415,1779530919451,1779530919451,1779530919453,1779530919451
2026-05-23T10:08:39.5584610Z,1779530919558,782,968,1779530919451,1779530919451,1779530919455,1779530919486,1779530919486,1779530919489,1779530919518
2026-05-23T10:08:39.5897980Z,1779530919589,783,970,1779530919518,1779530919518,1779530919522,1779530919527,1779530919527,1779530919531,1779530919558
2026-05-23T10:08:39.6556340Z,1779530919655,785,972,1779530919589,1779530919589,1779530919593,1779530919623,1779530919624,1779530919625,1779530919622
2026-05-23T10:08:39.7202490Z,1779530919720,786,974,1779530919655,1779530919655,1779530919659,1779530919664,1779530919664,1779530919668,1779530919687
2026-05-23T10:08:39.7860510Z,1779530919786,787,976,1779530919720,1779530919720,1779530919724,1779530919725,1779530919726,1779530919727,1779530919753
2026-05-23T10:08:39.8183780Z,1779530919818,788,977,1779530919753,1779530919753,1779530919757,1779530919759,1779530919759,1779530919764,1779530919786
2026-05-23T10:08:39.8514280Z,1779530919851,789,978,1779530919786,1779530919786,1779530919789,1779530919801,1779530919801,1779530919806,1779530919818
2026-05-23T10:08:39.9173650Z,1779530919917,790,980,1779530919851,1779530919851,1779530919855,1779530919863,1779530919863,1779530919863,1779530919884
2026-05-23T10:08:39.9582660Z,1779530919958,791,981,1779530919884,1779530919884,1779530919888,1779530919896,1779530919897,1779530919899,1779530919917
2026-05-23T10:08:39.9895470Z,1779530919989,792,982,1779530919917,1779530919917,1779530919921,1779530919937,1779530919938,1779530919941,1779530919958
2026-05-23T10:08:40.0614210Z,1779530920061,793,984,1779530919989,1779530919989,1779530919993,1779530919999,1779530919999,1779530920003,1779530920030
2026-05-23T10:08:40.0935180Z,1779530920093,794,985,1779530920029,1779530920029,1779530920033,1779530920035,1779530920035,1779530920036,1779530920061
2026-05-23T10:08:40.1266440Z,1779530920126,795,986,1779530920061,1779530920061,1779530920065,1779530920076,1779530920076,1779530920077,1779530920093
2026-05-23T10:08:40.1916270Z,1779530920191,796,988,1779530920126,1779530920126,1779530920130,1779530920138,1779530920139,1779530920140,1779530920159
2026-05-23T10:08:40.2244070Z,1779530920224,797,989,1779530920159,1779530920159,1779530920162,1779530920173,1779530920173,1779530920177,1779530920191
2026-05-23T10:08:40.2570540Z,1779530920257,798,990,1779530920191,1779530920191,1779530920195,1779530920215,1779530920215,1779530920219,1779530920224
2026-05-23T10:08:40.3221150Z,1779530920322,799,992,1779530920257,1779530920257,1779530920261,1779530920276,1779530920276,1779530920277,1779530920289
2026-05-23T10:08:40.3549330Z,1779530920354,800,993,1779530920289,1779530920289,1779530920293,1779530920311,1779530920311,1779530920314,1779530920322
2026-05-23T10:08:40.3873890Z,1779530920387,801,994,1779530920322,1779530920322,1779530920325,1779530920354,1779530920354,1779530920355,1779530920355
2026-05-23T10:08:40.4677440Z,1779530920467,803,996,1779530920387,1779530920387,1779530920391,1779530920415,1779530920452,1779530920455,1779530920464
2026-05-23T10:08:40.5417090Z,1779530920541,804,998,1779530920467,1779530920467,1779530920471,1779530920492,1779530920492,1779530920498,1779530920501
2026-05-23T10:08:40.6064060Z,1779530920606,805,1000,1779530920541,1779530920541,1779530920545,1779530920556,1779530920556,1779530920557,1779530920573
2026-05-23T10:08:40.6388760Z,1779530920638,806,1001,1779530920573,1779530920573,1779530920576,1779530920593,1779530920593,1779530920595,1779530920606
2026-05-23T10:08:40.6714480Z,1779530920671,807,1002,1779530920606,1779530920606,1779530920610,1779530920635,1779530920635,1779530920636,1779530920639
2026-05-23T10:08:40.7365270Z,1779530920736,808,1004,1779530920671,1779530920671,1779530920676,1779530920696,1779530920696,1779530920699,1779530920704
2026-05-23T10:08:40.7692830Z,1779530920769,809,1005,1779530920704,1779530920704,1779530920708,1779530920731,1779530920731,1779530920731,1779530920736
2026-05-23T10:08:40.8347370Z,1779530920834,810,1006,1779530920736,1779530920736,1779530920740,1779530920772,1779530920772,1779530920774,1779530920801
2026-05-23T10:08:40.8999400Z,1779530920899,811,1008,1779530920801,1779530920801,1779530920805,1779530920834,1779530920834,1779530920838,1779530920867
2026-05-23T10:08:40.9328100Z,1779530920932,812,1009,1779530920834,1779530920834,1779530920838,1779530920869,1779530920870,1779530920875,1779530920900
2026-05-23T10:08:40.9740110Z,1779530920974,813,1011,1779530920899,1779530920900,1779530920903,1779530920911,1779530920911,1779530920912,1779530920933
2026-05-23T10:08:41.0051890Z,1779530921005,814,1012,1779530920932,1779530920932,1779530920936,1779530920973,1779530920973,1779530920975,1779530920974
2026-05-23T10:08:41.0768680Z,1779530921076,815,1013,1779530920974,1779530920974,1779530920977,1779530921008,1779530921008,1779530921012,1779530921045
2026-05-23T10:08:41.1089930Z,1779530921108,816,1015,1779530921045,1779530921045,1779530921049,1779530921051,1779530921051,1779530921053,1779530921077
2026-05-23T10:08:41.1746290Z,1779530921174,817,1017,1779530921109,1779530921109,1779530921113,1779530921113,1779530921114,1779530921118,1779530921141
2026-05-23T10:08:41.2073020Z,1779530921207,818,1018,1779530921141,1779530921141,1779530921145,1779530921148,1779530921148,1779530921149,1779530921174
2026-05-23T10:08:41.2395850Z,1779530921239,819,1019,1779530921174,1779530921174,1779530921178,1779530921189,1779530921189,1779530921191,1779530921207
2026-05-23T10:08:41.3054660Z,1779530921305,820,1021,1779530921239,1779530921239,1779530921243,1779530921251,1779530921251,1779530921254,1779530921272
2026-05-23T10:08:41.3379850Z,1779530921337,821,1022,1779530921272,1779530921272,1779530921276,1779530921286,1779530921286,1779530921286,1779530921305
2026-05-23T10:08:41.3704550Z,1779530921370,822,1023,1779530921305,1779530921305,1779530921309,1779530921327,1779530921327,1779530921327,1779530921338
2026-05-23T10:08:41.4366530Z,1779530921436,823,1025,1779530921370,1779530921370,1779530921374,1779530921390,1779530921390,1779530921394,1779530921403
2026-05-23T10:08:41.5083250Z,1779530921508,824,1026,1779530921403,1779530921403,1779530921406,1779530921426,1779530921426,1779530921432,1779530921437
2026-05-23T10:08:41.5539000Z,1779530921553,825,1027,1779530921436,1779530921436,1779530921440,1779530921465,1779530921466,1779530921468,1779530921508
2026-05-23T10:08:41.5580510Z,1779530921558,826,1028,1779530921508,1779530921508,1779530921512,1779530921528,1779530921528,1779530921532,1779530921554
2026-05-23T10:08:41.6253430Z,1779530921625,827,1030,1779530921558,1779530921558,1779530921561,1779530921562,1779530921562,1779530921564,1779530921592
2026-05-23T10:08:41.6578570Z,1779530921657,828,1031,1779530921591,1779530921592,1779530921595,1779530921603,1779530921603,1779530921606,1779530921625
2026-05-23T10:08:41.7232370Z,1779530921723,829,1033,1779530921657,1779530921657,1779530921661,1779530921666,1779530921666,1779530921669,1779530921690
2026-05-23T10:08:41.7560880Z,1779530921756,830,1034,1779530921690,1779530921690,1779530921693,1779530921700,1779530921700,1779530921701,1779530921723
2026-05-23T10:08:41.7890660Z,1779530921789,831,1035,1779530921723,1779530921723,1779530921726,1779530921741,1779530921741,1779530921742,1779530921756
2026-05-23T10:08:41.8544490Z,1779530921854,832,1037,1779530921789,1779530921789,1779530921792,1779530921802,1779530921802,1779530921805,1779530921821
2026-05-23T10:08:41.8867970Z,1779530921886,833,1038,1779530921821,1779530921821,1779530921825,1779530921838,1779530921838,1779530921841,1779530921854
2026-05-23T10:08:41.9195670Z,1779530921919,834,1039,1779530921854,1779530921854,1779530921858,1779530921879,1779530921879,1779530921882,1779530921887
2026-05-23T10:08:41.9939570Z,1779530921993,835,1041,1779530921919,1779530921919,1779530921923,1779530921941,1779530921942,1779530921945,1779530921953
2026-05-23T10:08:42.0253600Z,1779530922025,836,1042,1779530921952,1779530921952,1779530921956,1779530921977,1779530921977,1779530921977,1779530921994
2026-05-23T10:08:42.0651730Z,1779530922065,837,1043,1779530921994,1779530921994,1779530921997,1779530922018,1779530922018,1779530922020,1779530922025
2026-05-23T10:08:42.1289970Z,1779530922128,838,1045,1779530922065,1779530922065,1779530922068,1779530922079,1779530922079,1779530922083,1779530922096
2026-05-23T10:08:42.1617960Z,1779530922161,839,1046,1779530922096,1779530922096,1779530922100,1779530922113,1779530922113,1779530922115,1779530922129
2026-05-23T10:08:42.1948870Z,1779530922194,840,1047,1779530922129,1779530922129,1779530922132,1779530922155,1779530922155,1779530922159,1779530922162
2026-05-23T10:08:42.2600820Z,1779530922260,841,1049,1779530922194,1779530922194,1779530922199,1779530922216,1779530922216,1779530922217,1779530922227
2026-05-23T10:08:42.2928340Z,1779530922292,842,1050,1779530922227,1779530922227,1779530922231,1779530922251,1779530922252,1779530922254,1779530922260
2026-05-23T10:08:42.3255190Z,1779530922325,843,1051,1779530922260,1779530922260,1779530922263,1779530922292,1779530922292,1779530922295,1779530922293
2026-05-23T10:08:42.3905820Z,1779530922390,844,1053,1779530922325,1779530922325,1779530922329,1779530922353,1779530922354,1779530922358,1779530922358
2026-05-23T10:08:42.4234610Z,1779530922423,845,1054,1779530922358,1779530922358,1779530922362,1779530922388,1779530922388,1779530922389,1779530922390
2026-05-23T10:08:42.5285980Z,1779530922528,846,1056,1779530922423,1779530922423,1779530922427,1779530922430,1779530922430,1779530922433,1779530922457
2026-05-23T10:08:42.5323740Z,1779530922532,848,1057,1779530922456,1779530922456,1779530922460,1779530922492,1779530922527,1779530922531,1779530922529
2026-05-23T10:08:42.6737910Z,1779530922673,849,1059,1779530922532,1779530922532,1779530922536,1779530922569,1779530922569,1779530922573,1779530922606
2026-05-23T10:08:42.6775320Z,1779530922677,851,1061,1779530922606,1779530922606,1779530922609,1779530922631,1779530922666,1779530922668,1779530922673
2026-05-23T10:08:42.7445210Z,1779530922744,852,1063,1779530922677,1779530922677,1779530922681,1779530922708,1779530922708,1779530922711,1779530922711
2026-05-23T10:08:42.8101160Z,1779530922810,853,1065,1779530922744,1779530922744,1779530922748,1779530922770,1779530922770,1779530922774,1779530922777
2026-05-23T10:08:42.8429180Z,1779530922842,854,1066,1779530922777,1779530922777,1779530922780,1779530922804,1779530922805,1779530922806,1779530922810
2026-05-23T10:08:42.9084690Z,1779530922908,855,1067,1779530922810,1779530922810,1779530922813,1779530922846,1779530922846,1779530922848,1779530922875
2026-05-23T10:08:42.9410850Z,1779530922941,856,1069,1779530922875,1779530922875,1779530922879,1779530922907,1779530922908,1779530922911,1779530922908
2026-05-23T10:08:43.0074270Z,1779530923007,857,1070,1779530922908,1779530922908,1779530922912,1779530922942,1779530922942,1779530922947,1779530922974
2026-05-23T10:08:43.0485670Z,1779530923048,858,1072,1779530922974,1779530922974,1779530922978,1779530922988,1779530922989,1779530922991,1779530923007
2026-05-23T10:08:43.1236000Z,1779530923123,860,1074,1779530923048,1779530923048,1779530923052,1779530923085,1779530923085,1779530923086,1779530923118
2026-05-23T10:08:43.1882960Z,1779530923188,861,1075,1779530923118,1779530923118,1779530923121,1779530923127,1779530923127,1779530923129,1779530923155
2026-05-23T10:08:43.2533550Z,1779530923253,862,1077,1779530923155,1779530923155,1779530923159,1779530923189,1779530923189,1779530923193,1779530923220
2026-05-23T10:08:43.2863460Z,1779530923286,863,1078,1779530923188,1779530923188,1779530923192,1779530923223,1779530923224,1779530923225,1779530923253
2026-05-23T10:08:43.3189510Z,1779530923318,864,1080,1779530923253,1779530923253,1779530923257,1779530923264,1779530923264,1779530923266,1779530923286
2026-05-23T10:08:43.3842650Z,1779530923384,865,1082,1779530923319,1779530923319,1779530923322,1779530923326,1779530923326,1779530923328,1779530923351
2026-05-23T10:08:43.4165050Z,1779530923416,866,1083,1779530923351,1779530923351,1779530923355,1779530923361,1779530923361,1779530923368,1779530923384
2026-05-23T10:08:43.4493710Z,1779530923449,867,1084,1779530923384,1779530923384,1779530923388,1779530923403,1779530923403,1779530923405,1779530923416
2026-05-23T10:08:43.5158850Z,1779530923515,868,1086,1779530923449,1779530923449,1779530923455,1779530923465,1779530923465,1779530923467,1779530923482
2026-05-23T10:08:43.5564830Z,1779530923556,869,1087,1779530923482,1779530923482,1779530923486,1779530923499,1779530923499,1779530923499,1779530923516
2026-05-23T10:08:43.5874770Z,1779530923587,870,1088,1779530923515,1779530923515,1779530923519,1779530923540,1779530923540,1779530923541,1779530923556
2026-05-23T10:08:43.6598860Z,1779530923659,871,1090,1779530923587,1779530923587,1779530923591,1779530923601,1779530923602,1779530923603,1779530923628
2026-05-23T10:08:43.6925360Z,1779530923692,872,1091,1779530923627,1779530923627,1779530923631,1779530923636,1779530923636,1779530923639,1779530923660
2026-05-23T10:08:43.7617080Z,1779530923761,873,1092,1779530923659,1779530923659,1779530923664,1779530923678,1779530923678,1779530923681,1779530923692
2026-05-23T10:08:43.7651340Z,1779530923765,874,1093,1779530923692,1779530923692,1779530923696,1779530923739,1779530923739,1779530923744,1779530923761
2026-05-23T10:08:43.8314430Z,1779530923831,875,1095,1779530923765,1779530923765,1779530923768,1779530923773,1779530923774,1779530923776,1779530923798
2026-05-23T10:08:43.8652260Z,1779530923865,876,1096,1779530923798,1779530923798,1779530923802,1779530923814,1779530923814,1779530923817,1779530923831
2026-05-23T10:08:43.9300190Z,1779530923930,877,1098,1779530923865,1779530923865,1779530923868,1779530923876,1779530923876,1779530923879,1779530923897
2026-05-23T10:08:43.9628080Z,1779530923962,878,1099,1779530923897,1779530923897,1779530923901,1779530923912,1779530923913,1779530923916,1779530923930
2026-05-23T10:08:43.9967860Z,1779530923996,879,1100,1779530923930,1779530923930,1779530923933,1779530923954,1779530923954,1779530923957,1779530923963
2026-05-23T10:08:44.0738500Z,1779530924073,880,1102,1779530923996,1779530923996,1779530924000,1779530924016,1779530924016,1779530924021,1779530924033
2026-05-23T10:08:44.1489710Z,1779530924148,881,1103,1779530924033,1779530924033,1779530924037,1779530924052,1779530924052,1779530924057,1779530924074
2026-05-23T10:08:44.1529690Z,1779530924152,882,1104,1779530924073,1779530924073,1779530924077,1779530924092,1779530924093,1779530924094,1779530924149
2026-05-23T10:08:44.2256080Z,1779530924225,884,1106,1779530924153,1779530924153,1779530924156,1779530924188,1779530924188,1779530924192,1779530924189
2026-05-23T10:08:44.2935230Z,1779530924293,885,1107,1779530924189,1779530924189,1779530924193,1779530924229,1779530924229,1779530924234,1779530924260
2026-05-23T10:08:44.3261840Z,1779530924326,886,1109,1779530924260,1779530924260,1779530924264,1779530924290,1779530924290,1779530924291,1779530924293
2026-05-23T10:08:44.3583490Z,1779530924358,887,1110,1779530924293,1779530924293,1779530924297,1779530924325,1779530924325,1779530924328,1779530924326
2026-05-23T10:08:44.4236440Z,1779530924423,888,1112,1779530924358,1779530924358,1779530924362,1779530924366,1779530924367,1779530924370,1779530924390
2026-05-23T10:08:44.4895400Z,1779530924489,889,1114,1779530924423,1779530924423,1779530924428,1779530924428,1779530924428,1779530924430,1779530924457
2026-05-23T10:08:44.5301060Z,1779530924530,890,1115,1779530924457,1779530924457,1779530924460,1779530924467,1779530924467,1779530924472,1779530924489
2026-05-23T10:08:44.6001080Z,1779530924600,891,1116,1779530924489,1779530924489,1779530924493,1779530924511,1779530924511,1779530924514,1779530924530
2026-05-23T10:08:44.6040010Z,1779530924604,892,1117,1779530924530,1779530924530,1779530924533,1779530924573,1779530924573,1779530924576,1779530924600
2026-05-23T10:08:44.6765900Z,1779530924676,893,1119,1779530924604,1779530924604,1779530924607,1779530924610,1779530924611,1779530924612,1779530924636
2026-05-23T10:08:44.7078010Z,1779530924707,894,1120,1779530924636,1779530924636,1779530924640,1779530924650,1779530924651,1779530924654,1779530924676
2026-05-23T10:08:44.7730630Z,1779530924773,895,1122,1779530924707,1779530924707,1779530924711,1779530924712,1779530924712,1779530924717,1779530924740
2026-05-23T10:08:44.8061490Z,1779530924806,896,1123,1779530924740,1779530924740,1779530924743,1779530924746,1779530924746,1779530924748,1779530924773
2026-05-23T10:08:44.8737760Z,1779530924873,897,1124,1779530924773,1779530924773,1779530924776,1779530924787,1779530924787,1779530924788,1779530924806
2026-05-23T10:08:44.8771360Z,1779530924877,898,1125,1779530924806,1779530924806,1779530924809,1779530924848,1779530924848,1779530924850,1779530924873
2026-05-23T10:08:44.9439290Z,1779530924943,899,1127,1779530924877,1779530924877,1779530924880,1779530924883,1779530924883,1779530924886,1779530924910
2026-05-23T10:08:44.9773390Z,1779530924977,900,1128,1779530924910,1779530924910,1779530924914,1779530924925,1779530924925,1779530924928,1779530924944
2026-05-23T10:08:45.0822600Z,1779530925082,901,1130,1779530924977,1779530924977,1779530924981,1779530924987,1779530924987,1779530924991,1779530925009
2026-05-23T10:08:45.0859820Z,1779530925085,903,1131,1779530925009,1779530925009,1779530925013,1779530925022,1779530925065,1779530925068,1779530925082
2026-05-23T10:08:45.1896450Z,1779530925189,904,1134,1779530925118,1779530925118,1779530925121,1779530925126,1779530925126,1779530925127,1779530925158
2026-05-23T10:08:45.2224980Z,1779530925222,905,1134,1779530925118,1779530925118,1779530925121,1779530925126,1779530925161,1779530925163,1779530925189
2026-05-23T10:08:45.2553600Z,1779530925255,906,1136,1779530925189,1779530925189,1779530925193,1779530925202,1779530925202,1779530925206,1779530925222
2026-05-23T10:08:45.3204270Z,1779530925320,907,1138,1779530925255,1779530925255,1779530925259,1779530925264,1779530925264,1779530925269,1779530925288
2026-05-23T10:08:45.3529430Z,1779530925352,908,1139,1779530925287,1779530925287,1779530925291,1779530925298,1779530925299,1779530925301,1779530925320
2026-05-23T10:08:45.3860530Z,1779530925386,909,1140,1779530925320,1779530925320,1779530925324,1779530925340,1779530925341,1779530925342,1779530925353
2026-05-23T10:08:45.4510580Z,1779530925451,910,1142,1779530925386,1779530925386,1779530925389,1779530925408,1779530925408,1779530925413,1779530925418
2026-05-23T10:08:45.4838560Z,1779530925483,911,1143,1779530925418,1779530925418,1779530925422,1779530925443,1779530925443,1779530925444,1779530925451
2026-05-23T10:08:45.5580820Z,1779530925558,912,1144,1779530925451,1779530925451,1779530925454,1779530925485,1779530925486,1779530925487,1779530925517
2026-05-23T10:08:45.5895680Z,1779530925589,913,1146,1779530925517,1779530925517,1779530925521,1779530925548,1779530925548,1779530925550,1779530925558
2026-05-23T10:08:45.6296740Z,1779530925629,914,1147,1779530925558,1779530925558,1779530925561,1779530925582,1779530925582,1779530925586,1779530925589
2026-05-23T10:08:45.6995870Z,1779530925699,915,1148,1779530925589,1779530925589,1779530925593,1779530925623,1779530925623,1779530925628,1779530925629
2026-05-23T10:08:45.7032980Z,1779530925703,916,1149,1779530925629,1779530925629,1779530925633,1779530925685,1779530925685,1779530925689,1779530925699
2026-05-23T10:08:45.7682570Z,1779530925768,917,1151,1779530925703,1779530925703,1779530925706,1779530925719,1779530925719,1779530925722,1779530925735
2026-05-23T10:08:45.8007040Z,1779530925800,918,1152,1779530925735,1779530925735,1779530925738,1779530925760,1779530925760,1779530925763,1779530925768
2026-05-23T10:08:45.8665710Z,1779530925866,919,1154,1779530925800,1779530925800,1779530925804,1779530925822,1779530925822,1779530925826,1779530925833
2026-05-23T10:08:45.8992550Z,1779530925899,920,1155,1779530925833,1779530925833,1779530925837,1779530925856,1779530925856,1779530925858,1779530925866
2026-05-23T10:08:45.9684360Z,1779530925968,921,1156,1779530925866,1779530925866,1779530925870,1779530925898,1779530925898,1779530925901,1779530925899
2026-05-23T10:08:45.9720320Z,1779530925972,922,1157,1779530925899,1779530925899,1779530925903,1779530925960,1779530925960,1779530925964,1779530925968
2026-05-23T10:08:46.0391570Z,1779530926039,923,1159,1779530925972,1779530925972,1779530925975,1779530925995,1779530925995,1779530925996,1779530926006
2026-05-23T10:08:46.0736110Z,1779530926073,924,1160,1779530926006,1779530926006,1779530926009,1779530926037,1779530926038,1779530926038,1779530926039
2026-05-23T10:08:46.1455830Z,1779530926145,925,1162,1779530926073,1779530926073,1779530926077,1779530926098,1779530926098,1779530926103,1779530926115
2026-05-23T10:08:46.1863280Z,1779530926186,926,1163,1779530926114,1779530926115,1779530926118,1779530926132,1779530926132,1779530926134,1779530926145
2026-05-23T10:08:46.2178690Z,1779530926217,927,1164,1779530926145,1779530926145,1779530926149,1779530926173,1779530926173,1779530926176,1779530926186
2026-05-23T10:08:46.2832360Z,1779530926283,928,1166,1779530926217,1779530926217,1779530926221,1779530926235,1779530926235,1779530926238,1779530926250
2026-05-23T10:08:46.3161600Z,1779530926316,929,1167,1779530926250,1779530926250,1779530926254,1779530926269,1779530926269,1779530926269,1779530926283
2026-05-23T10:08:46.3486440Z,1779530926348,930,1168,1779530926283,1779530926283,1779530926287,1779530926310,1779530926310,1779530926310,1779530926316
2026-05-23T10:08:46.4145910Z,1779530926414,931,1170,1779530926348,1779530926348,1779530926352,1779530926372,1779530926372,1779530926373,1779530926381
2026-05-23T10:08:46.4469490Z,1779530926446,932,1171,1779530926381,1779530926381,1779530926385,1779530926407,1779530926407,1779530926409,1779530926414
2026-05-23T10:08:46.5129490Z,1779530926512,933,1172,1779530926414,1779530926414,1779530926418,1779530926448,1779530926448,1779530926452,1779530926480
2026-05-23T10:08:46.5458110Z,1779530926545,934,1174,1779530926479,1779530926479,1779530926483,1779530926510,1779530926510,1779530926514,1779530926513
2026-05-23T10:08:46.5787600Z,1779530926578,935,1175,1779530926513,1779530926513,1779530926516,1779530926544,1779530926545,1779530926545,1779530926546
2026-05-23T10:08:46.6510870Z,1779530926651,936,1177,1779530926578,1779530926578,1779530926582,1779530926586,1779530926587,1779530926587,1779530926619
2026-05-23T10:08:46.6914280Z,1779530926691,937,1178,1779530926619,1779530926619,1779530926623,1779530926649,1779530926649,1779530926651,1779530926651
2026-05-23T10:08:46.7225520Z,1779530926722,938,1179,1779530926651,1779530926651,1779530926654,1779530926683,1779530926683,1779530926687,1779530926691
2026-05-23T10:08:46.7879520Z,1779530926787,939,1180,1779530926691,1779530926691,1779530926695,1779530926724,1779530926725,1779530926730,1779530926755
2026-05-23T10:08:46.8205560Z,1779530926820,940,1182,1779530926755,1779530926755,1779530926759,1779530926785,1779530926786,1779530926789,1779530926788
2026-05-23T10:08:46.8533710Z,1779530926853,941,1183,1779530926788,1779530926788,1779530926791,1779530926820,1779530926820,1779530926820,1779530926820
2026-05-23T10:08:46.9191450Z,1779530926919,942,1185,1779530926853,1779530926853,1779530926857,1779530926862,1779530926862,1779530926867,1779530926887
2026-05-23T10:08:46.9850430Z,1779530926985,943,1187,1779530926919,1779530926919,1779530926923,1779530926924,1779530926924,1779530926925,1779530926951
2026-05-23T10:08:47.0539390Z,1779530927053,944,1188,1779530926951,1779530926951,1779530926955,1779530926958,1779530926958,1779530926961,1779530926985
2026-05-23T10:08:47.0575980Z,1779530927057,945,1189,1779530926985,1779530926985,1779530926988,1779530926999,1779530926999,1779530927002,1779530927054
2026-05-23T10:08:47.1349010Z,1779530927134,947,1191,1779530927057,1779530927057,1779530927061,1779530927062,1779530927098,1779530927102,1779530927131
2026-05-23T10:08:47.2077460Z,1779530927207,948,1193,1779530927134,1779530927134,1779530927138,1779530927139,1779530927139,1779530927143,1779530927167
2026-05-23T10:08:47.2389890Z,1779530927238,949,1194,1779530927167,1779530927167,1779530927171,1779530927200,1779530927200,1779530927200,1779530927207
2026-05-23T10:08:47.2717610Z,1779530927271,950,1195,1779530927207,1779530927207,1779530927211,1779530927235,1779530927236,1779530927238,1779530927239
2026-05-23T10:08:47.3374760Z,1779530927337,951,1197,1779530927271,1779530927271,1779530927275,1779530927277,1779530927277,1779530927280,1779530927305
2026-05-23T10:08:47.4025270Z,1779530927402,952,1198,1779530927304,1779530927305,1779530927308,1779530927338,1779530927338,1779530927343,1779530927370
2026-05-23T10:08:47.4354600Z,1779530927435,953,1199,1779530927337,1779530927337,1779530927341,1779530927373,1779530927373,1779530927373,1779530927402
2026-05-23T10:08:47.4679570Z,1779530927467,954,1201,1779530927402,1779530927402,1779530927406,1779530927414,1779530927414,1779530927416,1779530927435
2026-05-23T10:08:47.5334730Z,1779530927533,955,1203,1779530927468,1779530927468,1779530927471,1779530927476,1779530927476,1779530927480,1779530927500
2026-05-23T10:08:47.5667560Z,1779530927566,956,1204,1779530927500,1779530927500,1779530927504,1779530927510,1779530927510,1779530927511,1779530927533
2026-05-23T10:08:47.6383830Z,1779530927638,957,1205,1779530927533,1779530927533,1779530927538,1779530927553,1779530927553,1779530927558,1779530927567
2026-05-23T10:08:47.6418800Z,1779530927641,958,1206,1779530927566,1779530927566,1779530927570,1779530927614,1779530927614,1779530927617,1779530927638
2026-05-23T10:08:47.7458550Z,1779530927745,959,1208,1779530927641,1779530927641,1779530927645,1779530927648,1779530927649,1779530927653,1779530927674
2026-05-23T10:08:47.7493970Z,1779530927749,960,1209,1779530927674,1779530927674,1779530927678,1779530927690,1779530927690,1779530927695,1779530927746
2026-05-23T10:08:47.8147290Z,1779530927814,961,1210,1779530927745,1779530927745,1779530927750,1779530927752,1779530927752,1779530927752,1779530927781
2026-05-23T10:08:47.8469630Z,1779530927846,962,1212,1779530927781,1779530927781,1779530927785,1779530927787,1779530927787,1779530927793,1779530927814
2026-05-23T10:08:47.8794530Z,1779530927879,963,1213,1779530927814,1779530927814,1779530927818,1779530927828,1779530927829,1779530927829,1779530927847
2026-05-23T10:08:47.9452010Z,1779530927945,964,1215,1779530927879,1779530927879,1779530927883,1779530927890,1779530927890,1779530927891,1779530927912
2026-05-23T10:08:47.9775810Z,1779530927977,965,1216,1779530927912,1779530927912,1779530927915,1779530927926,1779530927926,1779530927928,1779530927945
2026-05-23T10:08:48.0101440Z,1779530928010,966,1217,1779530927945,1779530927945,1779530927948,1779530927966,1779530927966,1779530927970,1779530927978
2026-05-23T10:08:48.0761050Z,1779530928076,967,1219,1779530928010,1779530928010,1779530928013,1779530928028,1779530928028,1779530928033,1779530928042
2026-05-23T10:08:48.1522560Z,1779530928152,968,1220,1779530928042,1779530928042,1779530928046,1779530928062,1779530928063,1779530928064,1779530928076
2026-05-23T10:08:48.1561050Z,1779530928156,969,1221,1779530928076,1779530928076,1779530928079,1779530928103,1779530928103,1779530928106,1779530928152
2026-05-23T10:08:48.2316400Z,1779530928231,971,1223,1779530928156,1779530928156,1779530928159,1779530928165,1779530928200,1779530928204,1779530928228
2026-05-23T10:08:48.2971500Z,1779530928297,972,1225,1779530928231,1779530928231,1779530928235,1779530928243,1779530928243,1779530928247,1779530928264
2026-05-23T10:08:48.3619900Z,1779530928361,973,1227,1779530928297,1779530928297,1779530928302,1779530928306,1779530928306,1779530928309,1779530928329
2026-05-23T10:08:48.3948340Z,1779530928394,974,1228,1779530928329,1779530928329,1779530928333,1779530928341,1779530928341,1779530928342,1779530928362
2026-05-23T10:08:48.4277030Z,1779530928427,975,1229,1779530928362,1779530928362,1779530928365,1779530928382,1779530928382,1779530928384,1779530928395
2026-05-23T10:08:48.4926980Z,1779530928492,976,1231,1779530928427,1779530928427,1779530928431,1779530928443,1779530928443,1779530928447,1779530928460
2026-05-23T10:08:48.5253590Z,1779530928525,977,1232,1779530928459,1779530928459,1779530928464,1779530928477,1779530928477,1779530928478,1779530928492
2026-05-23T10:08:48.5577250Z,1779530928557,978,1233,1779530928492,1779530928492,1779530928496,1779530928519,1779530928519,1779530928520,1779530928525
2026-05-23T10:08:48.6232650Z,1779530928623,979,1235,1779530928557,1779530928557,1779530928561,1779530928580,1779530928580,1779530928582,1779530928590
2026-05-23T10:08:48.6647490Z,1779530928664,980,1236,1779530928590,1779530928590,1779530928594,1779530928615,1779530928615,1779530928618,1779530928623
2026-05-23T10:08:48.6949830Z,1779530928694,981,1237,1779530928623,1779530928623,1779530928626,1779530928656,1779530928656,1779530928659,1779530928664
2026-05-23T10:08:48.7667450Z,1779530928766,982,1239,1779530928695,1779530928695,1779530928698,1779530928718,1779530928718,1779530928721,1779530928735
2026-05-23T10:08:48.7991780Z,1779530928799,983,1240,1779530928735,1779530928735,1779530928739,1779530928754,1779530928754,1779530928757,1779530928766
2026-05-23T10:08:48.8317580Z,1779530928831,984,1241,1779530928766,1779530928766,1779530928770,1779530928795,1779530928796,1779530928799,1779530928799
2026-05-23T10:08:48.8972330Z,1779530928897,985,1243,1779530928831,1779530928831,1779530928835,1779530928858,1779530928858,1779530928862,1779530928864
2026-05-23T10:08:48.9294060Z,1779530928929,986,1244,1779530928864,1779530928864,1779530928868,1779530928893,1779530928893,1779530928898,1779530928897
2026-05-23T10:08:48.9950080Z,1779530928995,987,1246,1779530928929,1779530928929,1779530928933,1779530928935,1779530928935,1779530928935,1779530928962
2026-05-23T10:08:49.0601320Z,1779530929060,988,1247,1779530928962,1779530928962,1779530928965,1779530928996,1779530928996,1779530928999,1779530929027
2026-05-23T10:08:49.0927040Z,1779530929092,989,1249,1779530929027,1779530929027,1779530929031,1779530929031,1779530929031,1779530929037,1779530929060
2026-05-23T10:08:49.1260080Z,1779530929126,990,1250,1779530929060,1779530929060,1779530929063,1779530929072,1779530929072,1779530929073,1779530929092
2026-05-23T10:08:49.2428000Z,1779530929242,992,1252,1779530929126,1779530929126,1779530929129,1779530929135,1779530929174,1779530929178,1779530929198
2026-05-23T10:08:49.2466710Z,1779530929246,993,1253,1779530929198,1779530929198,1779530929202,1779530929214,1779530929215,1779530929216,1779530929243
2026-05-23T10:08:49.3130960Z,1779530929313,994,1255,1779530929246,1779530929246,1779530929250,1779530929276,1779530929276,1779530929278,1779530929279
2026-05-23T10:08:49.3460500Z,1779530929346,995,1256,1779530929279,1779530929279,1779530929283,1779530929310,1779530929310,1779530929314,1779530929313
2026-05-23T10:08:49.4111480Z,1779530929411,996,1258,1779530929346,1779530929346,1779530929349,1779530929351,1779530929351,1779530929352,1779530929378
2026-05-23T10:08:49.4768340Z,1779530929476,997,1259,1779530929378,1779530929378,1779530929381,1779530929412,1779530929412,1779530929414,1779530929443
2026-05-23T10:08:49.5187550Z,1779530929518,998,1261,1779530929443,1779530929443,1779530929447,1779530929448,1779530929448,1779530929452,1779530929477
2026-05-23T10:08:49.5496060Z,1779530929549,999,1262,1779530929476,1779530929476,1779530929480,1779530929489,1779530929489,1779530929489,1779530929519
2026-05-23T10:08:49.6223250Z,1779530929622,1000,1263,1779530929518,1779530929518,1779530929522,1779530929552,1779530929552,1779530929558,1779530929582
2026-05-23T10:08:49.6882670Z,1779530929688,1001,1265,1779530929582,1779530929582,1779530929587,1779530929587,1779530929588,1779530929589,1779530929622
2026-05-23T10:08:49.6926340Z,1779530929692,1002,1266,1779530929622,1779530929622,1779530929626,1779530929629,1779530929629,1779530929631,1779530929688
2026-05-23T10:08:49.7256060Z,1779530929725,1003,1266,1779530929622,1779530929622,1779530929626,1779530929629,1779530929690,1779530929695,1779530929693
2026-05-23T10:08:49.7662330Z,1779530929766,1004,1268,1779530929692,1779530929692,1779530929696,1779530929724,1779530929724,1779530929725,1779530929725
2026-05-23T10:08:49.7971320Z,1779530929797,1005,1269,1779530929725,1779530929725,1779530929729,1779530929765,1779530929765,1779530929767,1779530929766
2026-05-23T10:08:49.8623460Z,1779530929862,1006,1271,1779530929797,1779530929797,1779530929800,1779530929826,1779530929826,1779530929830,1779530929830
2026-05-23T10:08:49.9275920Z,1779530929927,1007,1272,1779530929829,1779530929829,1779530929833,1779530929861,1779530929861,1779530929866,1779530929895
2026-05-23T10:08:49.9602630Z,1779530929960,1008,1274,1779530929895,1779530929895,1779530929899,1779530929902,1779530929902,1779530929902,1779530929927
2026-05-23T10:08:50.0262110Z,1779530930026,1009,1276,1779530929960,1779530929960,1779530929964,1779530929964,1779530929965,1779530929969,1779530929993
2026-05-23T10:08:50.0583560Z,1779530930058,1010,1277,1779530929993,1779530929993,1779530929997,1779530929999,1779530929999,1779530930001,1779530930026
2026-05-23T10:08:50.0908790Z,1779530930090,1011,1278,1779530930026,1779530930026,1779530930029,1779530930040,1779530930040,1779530930043,1779530930058
2026-05-23T10:08:50.1953850Z,1779530930195,1012,1280,1779530930090,1779530930091,1779530930096,1779530930102,1779530930102,1779530930106,1779530930124
2026-05-23T10:08:50.1995540Z,1779530930199,1014,1281,1779530930124,1779530930124,1779530930127,1779530930137,1779530930179,1779530930180,1779530930196
2026-05-23T10:08:50.3398100Z,1779530930339,1015,1284,1779530930231,1779530930231,1779530930235,1779530930240,1779530930240,1779530930245,1779530930272
2026-05-23T10:08:50.3436330Z,1779530930343,1017,1285,1779530930272,1779530930272,1779530930276,1779530930316,1779530930316,1779530930317,1779530930340
2026-05-23T10:08:50.4433120Z,1779530930443,1018,1288,1779530930377,1779530930377,1779530930380,1779530930381,1779530930382,1779530930385,1779530930410
2026-05-23T10:08:50.4763300Z,1779530930476,1019,1289,1779530930410,1779530930410,1779530930413,1779530930415,1779530930416,1779530930417,1779530930443
2026-05-23T10:08:50.5089050Z,1779530930508,1020,1290,1779530930443,1779530930443,1779530930447,1779530930457,1779530930457,1779530930460,1779530930476
2026-05-23T10:08:50.5745510Z,1779530930574,1021,1292,1779530930508,1779530930509,1779530930512,1779530930519,1779530930519,1779530930522,1779530930541
2026-05-23T10:08:50.6068550Z,1779530930606,1022,1293,1779530930541,1779530930541,1779530930545,1779530930553,1779530930554,1779530930554,1779530930574
2026-05-23T10:08:50.6399040Z,1779530930639,1023,1294,1779530930574,1779530930574,1779530930578,1779530930596,1779530930596,1779530930601,1779530930607
2026-05-23T10:08:50.7151020Z,1779530930715,1024,1296,1779530930639,1779530930640,1779530930643,1779530930658,1779530930658,1779530930659,1779530930673
2026-05-23T10:08:50.7846960Z,1779530930784,1025,1297,1779530930673,1779530930673,1779530930676,1779530930693,1779530930693,1779530930696,1779530930715
2026-05-23T10:08:50.7886250Z,1779530930788,1026,1298,1779530930715,1779530930715,1779530930718,1779530930734,1779530930734,1779530930737,1779530930784
2026-05-23T10:08:50.8533810Z,1779530930853,1027,1300,1779530930788,1779530930788,1779530930792,1779530930796,1779530930796,1779530930800,1779530930820
2026-05-23T10:08:50.8863220Z,1779530930886,1028,1301,1779530930820,1779530930820,1779530930824,1779530930830,1779530930831,1779530930832,1779530930853
2026-05-23T10:08:50.9188590Z,1779530930918,1029,1302,1779530930853,1779530930853,1779530930857,1779530930877,1779530930877,1779530930880,1779530930886
2026-05-23T10:08:50.9846510Z,1779530930984,1030,1304,1779530930918,1779530930918,1779530930922,1779530930937,1779530930937,1779530930939,1779530930951
2026-05-23T10:08:51.0168820Z,1779530931016,1031,1305,1779530930951,1779530930951,1779530930955,1779530930972,1779530930972,1779530930975,1779530930984
2026-05-23T10:08:51.0498330Z,1779530931049,1032,1306,1779530930984,1779530930984,1779530930988,1779530931013,1779530931014,1779530931016,1779530931017
2026-05-23T10:08:51.1155650Z,1779530931115,1033,1308,1779530931049,1779530931049,1779530931053,1779530931075,1779530931075,1779530931079,1779530931082
2026-05-23T10:08:51.1480630Z,1779530931148,1034,1309,1779530931082,1779530931082,1779530931085,1779530931110,1779530931110,1779530931115,1779530931115
2026-05-23T10:08:51.2231600Z,1779530931223,1035,1311,1779530931148,1779530931148,1779530931151,1779530931152,1779530931152,1779530931157,1779530931181
2026-05-23T10:08:51.2539540Z,1779530931253,1036,1312,1779530931181,1779530931181,1779530931184,1779530931214,1779530931214,1779530931218,1779530931223
2026-05-23T10:08:51.2964860Z,1779530931296,1037,1313,1779530931223,1779530931223,1779530931226,1779530931250,1779530931250,1779530931255,1779530931254
2026-05-23T10:08:51.3278950Z,1779530931327,1038,1314,1779530931254,1779530931254,1779530931257,1779530931291,1779530931291,1779530931296,1779530931297
2026-05-23T10:08:51.4289490Z,1779530931428,1039,1316,1779530931327,1779530931327,1779530931331,1779530931354,1779530931354,1779530931355,1779530931360
2026-05-23T10:08:51.4320210Z,1779530931432,1040,1317,1779530931360,1779530931360,1779530931364,1779530931389,1779530931389,1779530931391,1779530931429
2026-05-23T10:08:51.4658480Z,1779530931465,1041,1317,1779530931360,1779530931360,1779530931364,1779530931389,1779530931429,1779530931432,1779530931432
2026-05-23T10:08:51.5320930Z,1779530931532,1042,1320,1779530931465,1779530931465,1779530931469,1779530931490,1779530931490,1779530931491,1779530931498
2026-05-23T10:08:51.5652240Z,1779530931565,1043,1321,1779530931498,1779530931498,1779530931502,1779530931525,1779530931525,1779530931530,1779530931532
2026-05-23T10:08:51.6301650Z,1779530931630,1044,1322,1779530931532,1779530931532,1779530931535,1779530931567,1779530931567,1779530931572,1779530931597
2026-05-23T10:08:51.6961070Z,1779530931696,1045,1324,1779530931597,1779530931597,1779530931601,1779530931630,1779530931630,1779530931635,1779530931663
2026-05-23T10:08:51.7366170Z,1779530931736,1046,1325,1779530931630,1779530931630,1779530931633,1779530931664,1779530931665,1779530931666,1779530931696
2026-05-23T10:08:51.7683490Z,1779530931768,1047,1327,1779530931696,1779530931696,1779530931700,1779530931706,1779530931706,1779530931707,1779530931736
2026-05-23T10:08:51.8007680Z,1779530931800,1048,1328,1779530931736,1779530931736,1779530931740,1779530931767,1779530931767,1779530931770,1779530931768
2026-05-23T10:08:51.8660080Z,1779530931866,1049,1329,1779530931768,1779530931768,1779530931772,1779530931803,1779530931803,1779530931807,1779530931833
2026-05-23T10:08:51.8988120Z,1779530931898,1050,1331,1779530931833,1779530931833,1779530931836,1779530931843,1779530931843,1779530931844,1779530931866
2026-05-23T10:08:51.9637420Z,1779530931963,1051,1333,1779530931898,1779530931898,1779530931902,1779530931904,1779530931904,1779530931906,1779530931931
2026-05-23T10:08:51.9963810Z,1779530931996,1052,1334,1779530931931,1779530931931,1779530931935,1779530931939,1779530931939,1779530931942,1779530931963
2026-05-23T10:08:52.0288570Z,1779530932028,1053,1335,1779530931963,1779530931963,1779530931967,1779530931980,1779530931980,1779530931984,1779530931996
2026-05-23T10:08:52.0944590Z,1779530932094,1054,1337,1779530932028,1779530932028,1779530932032,1779530932041,1779530932041,1779530932041,1779530932061
2026-05-23T10:08:52.1268360Z,1779530932126,1055,1338,1779530932061,1779530932061,1779530932065,1779530932075,1779530932075,1779530932079,1779530932094
2026-05-23T10:08:52.1596560Z,1779530932159,1056,1339,1779530932094,1779530932094,1779530932098,1779530932116,1779530932116,1779530932121,1779530932127
2026-05-23T10:08:52.2262100Z,1779530932226,1057,1341,1779530932159,1779530932159,1779530932163,1779530932178,1779530932178,1779530932180,1779530932192
2026-05-23T10:08:52.2663760Z,1779530932266,1058,1342,1779530932192,1779530932192,1779530932196,1779530932214,1779530932215,1779530932216,1779530932226
2026-05-23T10:08:52.2979250Z,1779530932297,1059,1343,1779530932226,1779530932226,1779530932229,1779530932256,1779530932256,1779530932257,1779530932266
2026-05-23T10:08:52.3699780Z,1779530932369,1060,1345,1779530932297,1779530932298,1779530932301,1779530932317,1779530932317,1779530932319,1779530932338
2026-05-23T10:08:52.4023710Z,1779530932402,1061,1346,1779530932338,1779530932338,1779530932342,1779530932352,1779530932352,1779530932357,1779530932370
2026-05-23T10:08:52.4352060Z,1779530932435,1062,1347,1779530932370,1779530932370,1779530932373,1779530932393,1779530932393,1779530932393,1779530932402
2026-05-23T10:08:52.5072820Z,1779530932507,1064,1349,1779530932435,1779530932435,1779530932438,1779530932455,1779530932490,1779530932494,1779530932504
2026-05-23T10:08:52.5743030Z,1779530932574,1065,1351,1779530932507,1779530932507,1779530932510,1779530932531,1779530932531,1779530932531,1779530932541
2026-05-23T10:08:52.6400190Z,1779530932640,1066,1353,1779530932574,1779530932574,1779530932578,1779530932593,1779530932593,1779530932594,1779530932607
2026-05-23T10:08:52.6728570Z,1779530932672,1067,1354,1779530932607,1779530932607,1779530932610,1779530932628,1779530932629,1779530932631,1779530932640
2026-05-23T10:08:52.7061120Z,1779530932706,1068,1355,1779530932640,1779530932640,1779530932643,1779530932670,1779530932670,1779530932672,1779530932673
2026-05-23T10:08:52.7809810Z,1779530932780,1070,1357,1779530932706,1779530932706,1779530932709,1779530932733,1779530932768,1779530932771,1779530932777
2026-05-23T10:08:52.8531940Z,1779530932853,1071,1359,1779530932781,1779530932781,1779530932784,1779530932810,1779530932810,1779530932813,1779530932813
2026-05-23T10:08:52.9169210Z,1779530932916,1072,1361,1779530932853,1779530932853,1779530932856,1779530932871,1779530932871,1779530932872,1779530932884
2026-05-23T10:08:52.9497140Z,1779530932949,1073,1362,1779530932884,1779530932884,1779530932887,1779530932906,1779530932906,1779530932909,1779530932917
2026-05-23T10:08:52.9823940Z,1779530932982,1074,1363,1779530932916,1779530932917,1779530932920,1779530932947,1779530932948,1779530932951,1779530932949
2026-05-23T10:08:53.0479330Z,1779530933047,1075,1365,1779530932982,1779530932982,1779530932986,1779530933009,1779530933009,1779530933012,1779530933015
2026-05-23T10:08:53.0805580Z,1779530933080,1076,1366,1779530933015,1779530933015,1779530933019,1779530933044,1779530933044,1779530933045,1779530933048
2026-05-23T10:08:53.1457070Z,1779530933145,1077,1368,1779530933080,1779530933080,1779530933084,1779530933086,1779530933086,1779530933087,1779530933113
2026-05-23T10:08:53.2110300Z,1779530933211,1078,1369,1779530933113,1779530933113,1779530933116,1779530933149,1779530933149,1779530933155,1779530933178
2026-05-23T10:08:53.2829330Z,1779530933282,1079,1371,1779530933178,1779530933178,1779530933181,1779530933184,1779530933184,1779530933186,1779530933211
2026-05-23T10:08:53.2866680Z,1779530933286,1080,1372,1779530933211,1779530933211,1779530933214,1779530933225,1779530933225,1779530933228,1779530933283
2026-05-23T10:08:53.3593180Z,1779530933359,1081,1373,1779530933282,1779530933283,1779530933286,1779530933287,1779530933287,1779530933291,1779530933319
2026-05-23T10:08:53.3902130Z,1779530933390,1082,1374,1779530933286,1779530933286,1779530933291,1779530933321,1779530933321,1779530933321,1779530933359
2026-05-23T10:08:53.4228170Z,1779530933422,1083,1376,1779530933359,1779530933359,1779530933363,1779530933363,1779530933363,1779530933363,1779530933390
2026-05-23T10:08:53.4883390Z,1779530933488,1084,1377,1779530933390,1779530933390,1779530933393,1779530933425,1779530933425,1779530933425,1779530933456
2026-05-23T10:08:53.5569820Z,1779530933556,1085,1379,1779530933455,1779530933455,1779530933459,1779530933461,1779530933461,1779530933463,1779530933488
2026-05-23T10:08:53.5602590Z,1779530933560,1086,1380,1779530933488,1779530933488,1779530933491,1779530933502,1779530933502,1779530933505,1779530933557
2026-05-23T10:08:53.6270880Z,1779530933627,1087,1382,1779530933560,1779530933560,1779530933563,1779530933564,1779530933564,1779530933568,1779530933594
2026-05-23T10:08:53.6600680Z,1779530933660,1088,1383,1779530933594,1779530933594,1779530933597,1779530933599,1779530933599,1779530933604,1779530933627
2026-05-23T10:08:53.6925790Z,1779530933692,1089,1384,1779530933627,1779530933627,1779530933630,1779530933639,1779530933639,1779530933640,1779530933660
2026-05-23T10:08:53.7585880Z,1779530933758,1090,1386,1779530933692,1779530933692,1779530933696,1779530933701,1779530933701,1779530933706,1779530933726
2026-05-23T10:08:53.7995900Z,1779530933799,1091,1387,1779530933726,1779530933726,1779530933729,1779530933735,1779530933735,1779530933739,1779530933758
2026-05-23T10:08:53.8698270Z,1779530933869,1092,1388,1779530933758,1779530933758,1779530933763,1779530933776,1779530933776,1779530933780,1779530933799
2026-05-23T10:08:53.8734570Z,1779530933873,1093,1389,1779530933799,1779530933799,1779530933804,1779530933837,1779530933837,1779530933842,1779530933870
2026-05-23T10:08:53.9054440Z,1779530933905,1094,1389,1779530933799,1779530933799,1779530933804,1779530933837,1779530933872,1779530933873,1779530933873
2026-05-23T10:08:53.9707830Z,1779530933970,1095,1392,1779530933905,1779530933905,1779530933908,1779530933913,1779530933913,1779530933916,1779530933938
2026-05-23T10:08:54.0411160Z,1779530934041,1096,1394,1779530933970,1779530933970,1779530933975,1779530933975,1779530933975,1779530933980,1779530934004
2026-05-23T10:08:54.0777430Z,1779530934077,1097,1395,1779530934004,1779530934004,1779530934008,1779530934010,1779530934010,1779530934012,1779530934041
2026-05-23T10:08:54.1137680Z,1779530934113,1098,1396,1779530934041,1779530934041,1779530934044,1779530934051,1779530934051,1779530934054,1779530934078
2026-05-23T10:08:54.1525030Z,1779530934152,1099,1397,1779530934077,1779530934077,1779530934081,1779530934112,1779530934112,1779530934116,1779530934114
2026-05-23T10:08:54.1887910Z,1779530934188,1100,1398,1779530934113,1779530934113,1779530934117,1779530934147,1779530934147,1779530934151,1779530934152
2026-05-23T10:08:54.2985450Z,1779530934298,1101,1399,1779530934152,1779530934152,1779530934156,1779530934189,1779530934189,1779530934193,1779530934225
2026-05-23T10:08:54.3021000Z,1779530934302,1103,1401,1779530934225,1779530934225,1779530934228,1779530934252,1779530934288,1779530934292,1779530934298
2026-05-23T10:08:54.3750720Z,1779530934375,1104,1403,1779530934302,1779530934302,1779530934305,1779530934329,1779530934329,1779530934329,1779530934335
2026-05-23T10:08:54.4389330Z,1779530934438,1105,1405,1779530934375,1779530934375,1779530934378,1779530934391,1779530934391,1779530934393,1779530934406
2026-05-23T10:08:54.4717780Z,1779530934471,1106,1406,1779530934406,1779530934406,1779530934409,1779530934425,1779530934425,1779530934428,1779530934439
2026-05-23T10:08:54.5439170Z,1779530934543,1107,1407,1779530934438,1779530934439,1779530934442,1779530934467,1779530934468,1779530934470,1779530934472
2026-05-23T10:08:54.5480010Z,1779530934548,1108,1408,1779530934471,1779530934471,1779530934475,1779530934530,1779530934530,1779530934535,1779530934544
2026-05-23T10:08:54.6123800Z,1779530934612,1109,1410,1779530934548,1779530934548,1779530934551,1779530934564,1779530934564,1779530934567,1779530934579
2026-05-23T10:08:54.6450000Z,1779530934645,1110,1411,1779530934579,1779530934579,1779530934583,1779530934606,1779530934607,1779530934609,1779530934612
2026-05-23T10:08:54.7101460Z,1779530934710,1111,1413,1779530934645,1779530934645,1779530934648,1779530934669,1779530934669,1779530934672,1779530934677
2026-05-23T10:08:54.7433840Z,1779530934743,1112,1414,1779530934677,1779530934677,1779530934681,1779530934705,1779530934705,1779530934708,1779530934710
2026-05-23T10:08:54.8240800Z,1779530934824,1114,1416,1779530934743,1779530934743,1779530934747,1779530934748,1779530934809,1779530934814,1779530934820
2026-05-23T10:08:54.9000840Z,1779530934900,1116,1418,1779530934824,1779530934824,1779530934827,1779530934843,1779530934884,1779530934884,1779530934897
2026-05-23T10:08:54.9983350Z,1779530934998,1117,1421,1779530934932,1779530934932,1779530934935,1779530934946,1779530934946,1779530934948,1779530934966
2026-05-23T10:08:55.0310790Z,1779530935031,1118,1422,1779530934965,1779530934965,1779530934969,1779530934980,1779530934980,1779530934985,1779530934998
2026-05-23T10:08:55.0639420Z,1779530935063,1119,1423,1779530934998,1779530934998,1779530935001,1779530935020,1779530935020,1779530935022,1779530935031
2026-05-23T10:08:55.1293230Z,1779530935129,1120,1425,1779530935063,1779530935064,1779530935067,1779530935082,1779530935082,1779530935085,1779530935097
2026-05-23T10:08:55.1619210Z,1779530935161,1121,1426,1779530935096,1779530935096,1779530935100,1779530935117,1779530935117,1779530935121,1779530935129
2026-05-23T10:08:55.1950610Z,1779530935195,1122,1427,1779530935129,1779530935129,1779530935133,1779530935158,1779530935158,1779530935162,1779530935162
2026-05-23T10:08:55.2605590Z,1779530935260,1123,1429,1779530935195,1779530935195,1779530935198,1779530935221,1779530935222,1779530935222,1779530935227
2026-05-23T10:08:55.2943040Z,1779530935294,1124,1430,1779530935227,1779530935227,1779530935231,1779530935255,1779530935256,1779530935259,1779530935260
2026-05-23T10:08:55.3658750Z,1779530935365,1125,1431,1779530935260,1779530935260,1779530935264,1779530935297,1779530935297,1779530935301,1779530935334
2026-05-23T10:08:55.4066010Z,1779530935406,1126,1433,1779530935334,1779530935334,1779530935338,1779530935359,1779530935359,1779530935364,1779530935366
2026-05-23T10:08:55.4380700Z,1779530935438,1127,1434,1779530935365,1779530935365,1779530935369,1779530935393,1779530935398,1779530935399,1779530935406
2026-05-23T10:08:55.4704200Z,1779530935470,1128,1435,1779530935406,1779530935406,1779530935410,1779530935434,1779530935434,1779530935437,1779530935438
2026-05-23T10:08:55.5363730Z,1779530935536,1129,1437,1779530935470,1779530935470,1779530935474,1779530935497,1779530935497,1779530935501,1779530935503
2026-05-23T10:08:55.5687250Z,1779530935568,1130,1438,1779530935503,1779530935503,1779530935506,1779530935534,1779530935534,1779530935539,1779530935536
2026-05-23T10:08:55.6345470Z,1779530935634,1131,1440,1779530935568,1779530935568,1779530935572,1779530935575,1779530935576,1779530935576,1779530935601
2026-05-23T10:08:55.6995870Z,1779530935699,1132,1441,1779530935601,1779530935601,1779530935604,1779530935637,1779530935637,1779530935639,1779530935666
2026-05-23T10:08:55.7321490Z,1779530935732,1133,1443,1779530935666,1779530935666,1779530935670,1779530935673,1779530935673,1779530935676,1779530935699
2026-05-23T10:08:55.7653450Z,1779530935765,1134,1444,1779530935699,1779530935699,1779530935703,1779530935717,1779530935717,1779530935717,1779530935732
2026-05-23T10:08:55.8397280Z,1779530935839,1135,1446,1779530935765,1779530935765,1779530935769,1779530935779,1779530935779,1779530935780,1779530935798
2026-05-23T10:08:55.9156360Z,1779530935915,1136,1447,1779530935798,1779530935798,1779530935802,1779530935815,1779530935816,1779530935817,1779530935839
2026-05-23T10:08:55.9194450Z,1779530935919,1137,1448,1779530935839,1779530935839,1779530935843,1779530935857,1779530935857,1779530935859,1779530935915
2026-05-23T10:08:55.9526730Z,1779530935952,1138,1449,1779530935915,1779530935915,1779530935919,1779530935920,1779530935920,1779530935922,1779530935919
2026-05-23T10:08:56.0191210Z,1779530936019,1139,1450,1779530935919,1779530935919,1779530935922,1779530935956,1779530935956,1779530935958,1779530935986
2026-05-23T10:08:56.0519290Z,1779530936051,1140,1452,1779530935986,1779530935986,1779530935989,1779530935997,1779530935997,1779530936000,1779530936019
2026-05-23T10:08:56.1170460Z,1779530936117,1141,1454,1779530936051,1779530936052,1779530936055,1779530936060,1779530936060,1779530936063,1779530936085
2026-05-23T10:08:56.1496730Z,1779530936149,1142,1455,1779530936084,1779530936084,1779530936088,1779530936096,1779530936096,1779530936100,1779530936117
2026-05-23T10:08:56.1830680Z,1779530936183,1143,1456,1779530936117,1779530936117,1779530936120,1779530936138,1779530936138,1779530936141,1779530936149
2026-05-23T10:08:56.2480440Z,1779530936248,1144,1458,1779530936183,1779530936183,1779530936186,1779530936200,1779530936200,1779530936204,1779530936216
2026-05-23T10:08:56.2808600Z,1779530936280,1145,1459,1779530936215,1779530936216,1779530936219,1779530936237,1779530936238,1779530936240,1779530936248
2026-05-23T10:08:56.3217000Z,1779530936321,1146,1460,1779530936248,1779530936248,1779530936251,1779530936280,1779530936280,1779530936282,1779530936281
2026-05-23T10:08:56.3865590Z,1779530936386,1147,1462,1779530936321,1779530936321,1779530936325,1779530936342,1779530936343,1779530936344,1779530936353
2026-05-23T10:08:56.4267480Z,1779530936426,1148,1463,1779530936353,1779530936353,1779530936357,1779530936378,1779530936378,1779530936381,1779530936386
2026-05-23T10:08:56.4579140Z,1779530936457,1149,1464,1779530936386,1779530936386,1779530936390,1779530936422,1779530936422,1779530936423,1779530936427
2026-05-23T10:08:56.5232590Z,1779530936523,1150,1466,1779530936458,1779530936458,1779530936461,1779530936485,1779530936485,1779530936490,1779530936490
2026-05-23T10:08:56.5888980Z,1779530936588,1151,1467,1779530936490,1779530936490,1779530936494,1779530936525,1779530936525,1779530936529,1779530936556
2026-05-23T10:08:56.6213120Z,1779530936621,1152,1469,1779530936556,1779530936556,1779530936559,1779530936568,1779530936569,1779530936571,1779530936589
2026-05-23T10:08:56.6867160Z,1779530936686,1153,1471,1779530936621,1779530936621,1779530936624,1779530936632,1779530936632,1779530936636,1779530936654
2026-05-23T10:08:56.7193590Z,1779530936719,1154,1472,1779530936654,1779530936654,1779530936657,1779530936670,1779530936670,1779530936673,1779530936687
2026-05-23T10:08:56.7521500Z,1779530936752,1155,1473,1779530936686,1779530936686,1779530936690,1779530936714,1779530936714,1779530936719,1779530936720
2026-05-23T10:08:56.8574940Z,1779530936857,1156,1475,1779530936752,1779530936752,1779530936756,1779530936777,1779530936777,1779530936781,1779530936785
2026-05-23T10:08:56.8694250Z,1779530936869,1158,1476,1779530936785,1779530936785,1779530936788,1779530936812,1779530936855,1779530936859,1779530936857
2026-05-23T10:08:57.0029010Z,1779530937002,1159,1479,1779530936903,1779530936903,1779530936908,1779530936919,1779530936919,1779530936919,1779530936935
2026-05-23T10:08:57.0065570Z,1779530937006,1161,1480,1779530936935,1779530936935,1779530936938,1779530936956,1779530936999,1779530937002,1779530937003
2026-05-23T10:08:57.1067980Z,1779530937106,1162,1483,1779530937040,1779530937040,1779530937043,1779530937062,1779530937062,1779530937065,1779530937073
2026-05-23T10:08:57.1394630Z,1779530937139,1163,1484,1779530937073,1779530937073,1779530937076,1779530937099,1779530937099,1779530937102,1779530937107
2026-05-23T10:08:57.2052090Z,1779530937205,1164,1485,1779530937106,1779530937106,1779530937110,1779530937140,1779530937141,1779530937145,1779530937172
2026-05-23T10:08:57.2374040Z,1779530937237,1165,1487,1779530937172,1779530937172,1779530937175,1779530937204,1779530937204,1779530937206,1779530937205
2026-05-23T10:08:57.3031030Z,1779530937303,1166,1488,1779530937205,1779530937205,1779530937208,1779530937239,1779530937239,1779530937243,1779530937270
2026-05-23T10:08:57.3364490Z,1779530937336,1167,1490,1779530937270,1779530937270,1779530937273,1779530937281,1779530937281,1779530937285,1779530937303
2026-05-23T10:08:57.4467070Z,1779530937446,1168,1492,1779530937336,1779530937336,1779530937340,1779530937344,1779530937344,1779530937348,1779530937376
2026-05-23T10:08:57.4499690Z,1779530937449,1170,1493,1779530937376,1779530937376,1779530937380,1779530937382,1779530937426,1779530937427,1779530937446
2026-05-23T10:08:57.5475120Z,1779530937547,1171,1496,1779530937481,1779530937482,1779530937485,1779530937488,1779530937489,1779530937489,1779530937515
2026-05-23T10:08:57.5800660Z,1779530937580,1172,1497,1779530937515,1779530937515,1779530937519,1779530937524,1779530937524,1779530937526,1779530937547
2026-05-23T10:08:57.6126840Z,1779530937612,1173,1498,1779530937547,1779530937547,1779530937551,1779530937566,1779530937567,1779530937567,1779530937580
2026-05-23T10:08:57.6780060Z,1779530937678,1174,1500,1779530937612,1779530937612,1779530937616,1779530937629,1779530937629,1779530937634,1779530937646
2026-05-23T10:08:57.7104610Z,1779530937710,1175,1501,1779530937646,1779530937646,1779530937649,1779530937665,1779530937665,1779530937670,1779530937678
2026-05-23T10:08:57.7430760Z,1779530937743,1176,1502,1779530937678,1779530937678,1779530937681,1779530937707,1779530937707,1779530937710,1779530937710
2026-05-23T10:08:57.8087970Z,1779530937808,1177,1504,1779530937743,1779530937743,1779530937746,1779530937770,1779530937770,1779530937773,1779530937776
2026-05-23T10:08:57.8418610Z,1779530937841,1178,1505,1779530937776,1779530937776,1779530937780,1779530937808,1779530937808,1779530937809,1779530937809
2026-05-23T10:08:57.9146250Z,1779530937914,1179,1507,1779530937841,1779530937841,1779530937845,1779530937850,1779530937850,1779530937851,1779530937882
2026-05-23T10:08:57.9545370Z,1779530937954,1180,1508,1779530937882,1779530937882,1779530937886,1779530937912,1779530937913,1779530937915,1779530937914
2026-05-23T10:08:57.9857200Z,1779530937985,1181,1509,1779530937914,1779530937914,1779530937918,1779530937948,1779530937948,1779530937951,1779530937954
2026-05-23T10:08:58.0874600Z,1779530938087,1182,1511,1779530937985,1779530937985,1779530937989,1779530937990,1779530937990,1779530937993,1779530938018
2026-05-23T10:08:58.0906070Z,1779530938090,1184,1512,1779530938018,1779530938018,1779530938021,1779530938052,1779530938087,1779530938090,1779530938087
2026-05-23T10:08:58.1907740Z,1779530938190,1185,1515,1779530938124,1779530938124,1779530938128,1779530938129,1779530938129,1779530938131,1779530938157
2026-05-23T10:08:58.2235060Z,1779530938223,1186,1516,1779530938157,1779530938157,1779530938160,1779530938191,1779530938191,1779530938193,1779530938191
2026-05-23T10:08:58.2887230Z,1779530938288,1187,1517,1779530938190,1779530938190,1779530938194,1779530938227,1779530938227,1779530938229,1779530938256
2026-05-23T10:08:58.3216600Z,1779530938321,1188,1519,1779530938256,1779530938256,1779530938259,1779530938268,1779530938268,1779530938272,1779530938288
2026-05-23T10:08:58.3958290Z,1779530938395,1189,1521,1779530938321,1779530938321,1779530938325,1779530938332,1779530938332,1779530938337,1779530938355
2026-05-23T10:08:58.4656130Z,1779530938465,1190,1522,1779530938355,1779530938355,1779530938359,1779530938368,1779530938368,1779530938373,1779530938396
2026-05-23T10:08:58.4689650Z,1779530938468,1191,1523,1779530938395,1779530938395,1779530938399,1779530938410,1779530938410,1779530938415,1779530938465
2026-05-23T10:08:58.5339460Z,1779530938533,1192,1525,1779530938469,1779530938469,1779530938472,1779530938473,1779530938473,1779530938478,1779530938501
2026-05-23T10:08:58.5668730Z,1779530938566,1193,1526,1779530938501,1779530938501,1779530938504,1779530938509,1779530938509,1779530938513,1779530938534
2026-05-23T10:08:58.5992490Z,1779530938599,1194,1527,1779530938534,1779530938534,1779530938537,1779530938551,1779530938551,1779530938555,1779530938567
2026-05-23T10:08:58.6651450Z,1779530938665,1195,1529,1779530938599,1779530938599,1779530938602,1779530938614,1779530938614,1779530938618,1779530938632
2026-05-23T10:08:58.6973950Z,1779530938697,1196,1530,1779530938632,1779530938632,1779530938635,1779530938649,1779530938650,1779530938654,1779530938665
2026-05-23T10:08:58.7299190Z,1779530938729,1197,1531,1779530938665,1779530938665,1779530938668,1779530938692,1779530938692,1779530938696,1779530938697
2026-05-23T10:08:58.7955280Z,1779530938795,1198,1533,1779530938729,1779530938730,1779530938733,1779530938754,1779530938754,1779530938758,1779530938762
2026-05-23T10:08:58.8279690Z,1779530938827,1199,1534,1779530938762,1779530938762,1779530938766,1779530938791,1779530938791,1779530938797,1779530938795
2026-05-23T10:08:58.9020150Z,1779530938902,1200,1536,1779530938828,1779530938828,1779530938831,1779530938834,1779530938834,1779530938838,1779530938861
2026-05-23T10:08:58.9334430Z,1779530938933,1201,1537,1779530938861,1779530938861,1779530938864,1779530938897,1779530938897,1779530938900,1779530938902
2026-05-23T10:08:59.0062920Z,1779530939006,1202,1538,1779530938902,1779530938902,1779530938905,1779530938932,1779530938932,1779530938938,1779530938975
2026-05-23T10:08:59.0390960Z,1779530939039,1203,1539,1779530938933,1779530938933,1779530938937,1779530938974,1779530938974,1779530938978,1779530939006
2026-05-23T10:08:59.1051220Z,1779530939105,1205,1542,1779530939039,1779530939039,1779530939042,1779530939071,1779530939071,1779530939073,1779530939072
2026-05-23T10:08:59.1778860Z,1779530939177,1206,1544,1779530939105,1779530939105,1779530939108,1779530939114,1779530939114,1779530939114,1779530939174
2026-05-23T10:08:59.2447090Z,1779530939244,1208,1546,1779530939177,1779530939177,1779530939181,1779530939212,1779530939212,1779530939213,1779530939211
2026-05-23T10:08:59.3104590Z,1779530939310,1209,1548,1779530939244,1779530939244,1779530939248,1779530939254,1779530939254,1779530939257,1779530939278
2026-05-23T10:08:59.3767420Z,1779530939376,1210,1550,1779530939310,1779530939310,1779530939314,1779530939317,1779530939318,1779530939321,1779530939343
2026-05-23T10:08:59.4184400Z,1779530939418,1211,1551,1779530939343,1779530939343,1779530939347,1779530939352,1779530939352,1779530939357,1779530939377
2026-05-23T10:08:59.4497270Z,1779530939449,1212,1552,1779530939376,1779530939376,1779530939381,1779530939394,1779530939394,1779530939399,1779530939418
2026-05-23T10:08:59.5218740Z,1779530939521,1213,1554,1779530939449,1779530939449,1779530939453,1779530939456,1779530939457,1779530939462,1779530939490
2026-05-23T10:08:59.5546780Z,1779530939554,1214,1555,1779530939490,1779530939490,1779530939495,1779530939496,1779530939496,1779530939498,1779530939522
2026-05-23T10:08:59.5870990Z,1779530939587,1215,1556,1779530939521,1779530939521,1779530939525,1779530939536,1779530939537,1779530939539,1779530939554
2026-05-23T10:08:59.6531340Z,1779530939653,1216,1558,1779530939587,1779530939587,1779530939593,1779530939600,1779530939600,1779530939603,1779530939620
2026-05-23T10:08:59.6854120Z,1779530939685,1217,1559,1779530939619,1779530939619,1779530939623,1779530939638,1779530939638,1779530939640,1779530939653
2026-05-23T10:08:59.7183890Z,1779530939718,1218,1560,1779530939653,1779530939653,1779530939656,1779530939679,1779530939679,1779530939682,1779530939685
2026-05-23T10:08:59.7833530Z,1779530939783,1219,1562,1779530939718,1779530939718,1779530939721,1779530939743,1779530939743,1779530939744,1779530939751
2026-05-23T10:08:59.8162370Z,1779530939816,1220,1563,1779530939750,1779530939751,1779530939754,1779530939779,1779530939779,1779530939781,1779530939783
2026-05-23T10:08:59.8819150Z,1779530939881,1221,1565,1779530939816,1779530939816,1779530939819,1779530939821,1779530939821,1779530939823,1779530939849
2026-05-23T10:08:59.9549460Z,1779530939954,1223,1567,1779530939881,1779530939882,1779530939885,1779530939919,1779530939919,1779530939922,1779530939923
2026-05-23T10:09:00.0270150Z,1779530940027,1224,1569,1779530939955,1779530939955,1779530939958,1779530939961,1779530939961,1779530939963,1779530939995
2026-05-23T10:09:00.0599290Z,1779530940059,1225,1570,1779530939995,1779530939995,1779530939998,1779530940023,1779530940023,1779530940025,1779530940027
2026-05-23T10:09:00.0925300Z,1779530940092,1226,1571,1779530940027,1779530940027,1779530940030,1779530940058,1779530940058,1779530940061,1779530940060
2026-05-23T10:09:00.1580050Z,1779530940158,1227,1573,1779530940092,1779530940092,1779530940096,1779530940101,1779530940101,1779530940102,1779530940125
2026-05-23T10:09:00.2307530Z,1779530940230,1229,1575,1779530940158,1779530940158,1779530940161,1779530940163,1779530940198,1779530940201,1779530940227
2026-05-23T10:09:00.2978820Z,1779530940297,1230,1577,1779530940230,1779530940230,1779530940234,1779530940241,1779530940241,1779530940244,1779530940264
2026-05-23T10:09:00.3638630Z,1779530940363,1231,1579,1779530940297,1779530940297,1779530940301,1779530940305,1779530940305,1779530940306,1779530940330
2026-05-23T10:09:00.4361310Z,1779530940436,1232,1580,1779530940330,1779530940330,1779530940333,1779530940340,1779530940340,1779530940344,1779530940364
2026-05-23T10:09:00.4397580Z,1779530940439,1233,1581,1779530940363,1779530940364,1779530940367,1779530940383,1779530940383,1779530940385,1779530940436
2026-05-23T10:09:00.5440980Z,1779530940544,1234,1583,1779530940439,1779530940439,1779530940443,1779530940446,1779530940446,1779530940449,1779530940472
2026-05-23T10:09:00.5481490Z,1779530940548,1236,1584,1779530940472,1779530940472,1779530940475,1779530940481,1779530940523,1779530940527,1779530940544
2026-05-23T10:09:00.6452310Z,1779530940645,1237,1587,1779530940580,1779530940580,1779530940583,1779530940586,1779530940586,1779530940588,1779530940612
2026-05-23T10:09:00.6777830Z,1779530940677,1238,1588,1779530940612,1779530940612,1779530940615,1779530940622,1779530940622,1779530940625,1779530940645
2026-05-23T10:09:00.7106020Z,1779530940710,1239,1589,1779530940645,1779530940645,1779530940648,1779530940664,1779530940664,1779530940666,1779530940678
2026-05-23T10:09:00.7760400Z,1779530940776,1240,1591,1779530940710,1779530940710,1779530940714,1779530940730,1779530940730,1779530940734,1779530940743
2026-05-23T10:09:00.8081390Z,1779530940808,1241,1592,1779530940743,1779530940743,1779530940746,1779530940765,1779530940766,1779530940766,1779530940776
2026-05-23T10:09:00.8408620Z,1779530940840,1242,1593,1779530940776,1779530940776,1779530940779,1779530940808,1779530940808,1779530940809,1779530940808
2026-05-23T10:09:00.9076380Z,1779530940907,1243,1595,1779530940840,1779530940840,1779530940844,1779530940871,1779530940871,1779530940871,1779530940874
2026-05-23T10:09:00.9482820Z,1779530940948,1244,1596,1779530940873,1779530940873,1779530940877,1779530940907,1779530940908,1779530940908,1779530940907
2026-05-23T10:09:01.0124220Z,1779530941012,1245,1597,1779530940907,1779530940907,1779530940911,1779530940950,1779530940950,1779530940955,1779530940979
2026-05-23T10:09:01.0836040Z,1779530941083,1247,1600,1779530941012,1779530941012,1779530941016,1779530941048,1779530941048,1779530941054,1779530941052
2026-05-23T10:09:01.1493000Z,1779530941149,1248,1602,1779530941083,1779530941083,1779530941087,1779530941091,1779530941091,1779530941091,1779530941116
2026-05-23T10:09:01.2148020Z,1779530941214,1249,1604,1779530941149,1779530941149,1779530941152,1779530941155,1779530941155,1779530941157,1779530941181
2026-05-23T10:09:01.2827020Z,1779530941282,1250,1605,1779530941181,1779530941181,1779530941185,1779530941192,1779530941192,1779530941194,1779530941214
2026-05-23T10:09:01.2860770Z,1779530941286,1251,1606,1779530941214,1779530941214,1779530941218,1779530941234,1779530941234,1779530941235,1779530941282
2026-05-23T10:09:01.3524050Z,1779530941352,1252,1608,1779530941286,1779530941286,1779530941289,1779530941298,1779530941298,1779530941302,1779530941319
2026-05-23T10:09:01.3856570Z,1779530941385,1253,1609,1779530941319,1779530941319,1779530941323,1779530941334,1779530941334,1779530941334,1779530941352
2026-05-23T10:09:01.4187510Z,1779530941418,1254,1610,1779530941352,1779530941352,1779530941355,1779530941376,1779530941376,1779530941380,1779530941385
2026-05-23T10:09:01.4909210Z,1779530941490,1255,1612,1779530941418,1779530941418,1779530941422,1779530941438,1779530941438,1779530941443,1779530941460
2026-05-23T10:09:01.5315440Z,1779530941531,1256,1613,1779530941460,1779530941460,1779530941463,1779530941479,1779530941479,1779530941480,1779530941491
2026-05-23T10:09:01.5629110Z,1779530941562,1257,1614,1779530941490,1779530941491,1779530941494,1779530941519,1779530941519,1779530941521,1779530941531
2026-05-23T10:09:01.6279770Z,1779530941627,1258,1616,1779530941562,1779530941563,1779530941566,1779530941581,1779530941582,1779530941585,1779530941595
2026-05-23T10:09:01.6604220Z,1779530941660,1259,1617,1779530941595,1779530941595,1779530941598,1779530941617,1779530941617,1779530941621,1779530941628
2026-05-23T10:09:01.7260130Z,1779530941726,1260,1618,1779530941628,1779530941628,1779530941631,1779530941659,1779530941660,1779530941663,1779530941693
2026-05-23T10:09:01.7582600Z,1779530941758,1261,1620,1779530941692,1779530941692,1779530941696,1779530941722,1779530941722,1779530941726,1779530941726
2026-05-23T10:09:01.7911550Z,1779530941791,1262,1621,1779530941726,1779530941726,1779530941729,1779530941757,1779530941757,1779530941758,1779530941758
2026-05-23T10:09:01.8563410Z,1779530941856,1263,1623,1779530941791,1779530941791,1779530941794,1779530941800,1779530941800,1779530941801,1779530941823
2026-05-23T10:09:01.9219770Z,1779530941921,1264,1625,1779530941856,1779530941856,1779530941859,1779530941863,1779530941863,1779530941864,1779530941889
2026-05-23T10:09:01.9631910Z,1779530941963,1265,1626,1779530941888,1779530941888,1779530941892,1779530941899,1779530941899,1779530941900,1779530941922
2026-05-23T10:09:01.9948390Z,1779530941994,1266,1627,1779530941922,1779530941922,1779530941925,1779530941942,1779530941942,1779530941943,1779530941963
2026-05-23T10:09:02.0657010Z,1779530942065,1267,1629,1779530941994,1779530941994,1779530941998,1779530942005,1779530942005,1779530942010,1779530942034
2026-05-23T10:09:02.0982130Z,1779530942098,1268,1630,1779530942034,1779530942034,1779530942038,1779530942041,1779530942041,1779530942042,1779530942065
2026-05-23T10:09:02.1312640Z,1779530942131,1269,1631,1779530942065,1779530942065,1779530942069,1779530942083,1779530942083,1779530942085,1779530942098
2026-05-23T10:09:02.1967770Z,1779530942196,1270,1633,1779530942131,1779530942131,1779530942134,1779530942145,1779530942146,1779530942147,1779530942164
2026-05-23T10:09:02.2291810Z,1779530942229,1271,1634,1779530942163,1779530942163,1779530942167,1779530942181,1779530942181,1779530942183,1779530942197
2026-05-23T10:09:02.2617000Z,1779530942261,1272,1635,1779530942196,1779530942196,1779530942200,1779530942225,1779530942225,1779530942230,1779530942229
2026-05-23T10:09:02.3633160Z,1779530942363,1273,1637,1779530942261,1779530942261,1779530942265,1779530942288,1779530942288,1779530942292,1779530942294
2026-05-23T10:09:02.3665980Z,1779530942366,1274,1638,1779530942294,1779530942294,1779530942298,1779530942328,1779530942328,1779530942329,1779530942363
2026-05-23T10:09:02.4332680Z,1779530942433,1275,1640,1779530942366,1779530942366,1779530942370,1779530942372,1779530942372,1779530942375,1779530942400
2026-05-23T10:09:02.5095820Z,1779530942509,1277,1642,1779530942433,1779530942433,1779530942436,1779530942472,1779530942472,1779530942474,1779530942506
2026-05-23T10:09:02.5826790Z,1779530942582,1278,1644,1779530942509,1779530942509,1779530942513,1779530942515,1779530942515,1779530942517,1779530942542
2026-05-23T10:09:02.6138490Z,1779530942613,1279,1645,1779530942542,1779530942542,1779530942545,1779530942577,1779530942577,1779530942580,1779530942582
2026-05-23T10:09:02.6792150Z,1779530942679,1280,1646,1779530942582,1779530942582,1779530942586,1779530942613,1779530942613,1779530942619,1779530942646
2026-05-23T10:09:02.7115960Z,1779530942711,1281,1648,1779530942646,1779530942646,1779530942650,1779530942655,1779530942656,1779530942660,1779530942679
2026-05-23T10:09:02.7769230Z,1779530942776,1282,1650,1779530942711,1779530942711,1779530942715,1779530942718,1779530942718,1779530942721,1779530942744
2026-05-23T10:09:02.8096880Z,1779530942809,1283,1651,1779530942744,1779530942744,1779530942748,1779530942754,1779530942754,1779530942757,1779530942777
2026-05-23T10:09:02.8425260Z,1779530942842,1284,1652,1779530942776,1779530942777,1779530942780,1779530942797,1779530942798,1779530942799,1779530942809
2026-05-23T10:09:02.9075020Z,1779530942907,1285,1654,1779530942842,1779530942842,1779530942846,1779530942862,1779530942862,1779530942863,1779530942875
2026-05-23T10:09:02.9408010Z,1779530942940,1286,1655,1779530942875,1779530942875,1779530942878,1779530942900,1779530942900,1779530942904,1779530942907
2026-05-23T10:09:03.0165590Z,1779530943016,1287,1657,1779530942940,1779530942940,1779530942944,1779530942945,1779530942945,1779530942945,1779530942985
2026-05-23T10:09:03.0564590Z,1779530943056,1288,1658,1779530942985,1779530942985,1779530942988,1779530943008,1779530943008,1779530943012,1779530943016
2026-05-23T10:09:03.0876240Z,1779530943087,1289,1659,1779530943016,1779530943016,1779530943020,1779530943044,1779530943045,1779530943045,1779530943056
2026-05-23T10:09:03.1529540Z,1779530943152,1290,1660,1779530943056,1779530943056,1779530943060,1779530943089,1779530943089,1779530943093,1779530943120
2026-05-23T10:09:03.2185380Z,1779530943218,1291,1662,1779530943120,1779530943120,1779530943124,1779530943151,1779530943151,1779530943156,1779530943186
2026-05-23T10:09:03.2512870Z,1779530943251,1292,1663,1779530943153,1779530943153,1779530943156,1779530943187,1779530943187,1779530943189,1779530943218
2026-05-23T10:09:03.2838120Z,1779530943283,1293,1665,1779530943218,1779530943218,1779530943222,1779530943230,1779530943230,1779530943231,1779530943252
2026-05-23T10:09:03.3497400Z,1779530943349,1294,1667,1779530943283,1779530943283,1779530943287,1779530943292,1779530943292,1779530943294,1779530943316
2026-05-23T10:09:03.3821330Z,1779530943382,1295,1668,1779530943316,1779530943316,1779530943320,1779530943327,1779530943327,1779530943331,1779530943350
2026-05-23T10:09:03.4522010Z,1779530943452,1296,1669,1779530943349,1779530943349,1779530943353,1779530943369,1779530943370,1779530943373,1779530943382
2026-05-23T10:09:03.4559730Z,1779530943455,1297,1670,1779530943382,1779530943382,1779530943385,1779530943434,1779530943434,1779530943436,1779530943452
2026-05-23T10:09:03.5301580Z,1779530943530,1298,1672,1779530943456,1779530943456,1779530943459,1779530943469,1779530943470,1779530943473,1779530943489
2026-05-23T10:09:03.6016370Z,1779530943601,1299,1673,1779530943489,1779530943489,1779530943492,1779530943511,1779530943512,1779530943515,1779530943530
2026-05-23T10:09:03.6054390Z,1779530943605,1300,1674,1779530943530,1779530943530,1779530943533,1779530943574,1779530943574,1779530943574,1779530943601
2026-05-23T10:09:03.6711200Z,1779530943671,1301,1676,1779530943605,1779530943605,1779530943608,1779530943609,1779530943609,1779530943611,1779530943637
2026-05-23T10:09:03.7036360Z,1779530943703,1302,1677,1779530943637,1779530943637,1779530943640,1779530943651,1779530943651,1779530943653,1779530943671
2026-05-23T10:09:03.7688320Z,1779530943768,1303,1679,1779530943703,1779530943703,1779530943707,1779530943713,1779530943713,1779530943713,1779530943736
2026-05-23T10:09:03.8014030Z,1779530943801,1304,1680,1779530943736,1779530943736,1779530943739,1779530943750,1779530943751,1779530943755,1779530943769
2026-05-23T10:09:03.8346220Z,1779530943834,1305,1681,1779530943768,1779530943768,1779530943772,1779530943792,1779530943792,1779530943792,1779530943801
2026-05-23T10:09:03.8997550Z,1779530943899,1306,1683,1779530943834,1779530943834,1779530943838,1779530943854,1779530943854,1779530943859,1779530943867
2026-05-23T10:09:03.9326450Z,1779530943932,1307,1684,1779530943867,1779530943867,1779530943870,1779530943890,1779530943890,1779530943891,1779530943899
2026-05-23T10:09:04.0089660Z,1779530944008,1308,1686,1779530943932,1779530943932,1779530943936,1779530943937,1779530943937,1779530943940,1779530943965
2026-05-23T10:09:04.0850800Z,1779530944085,1309,1687,1779530943965,1779530943965,1779530943969,1779530943998,1779530943998,1779530944003,1779530944009
2026-05-23T10:09:04.0892290Z,1779530944089,1311,1688,1779530944009,1779530944009,1779530944012,1779530944035,1779530944077,1779530944081,1779530944085
2026-05-23T10:09:04.2066720Z,1779530944206,1312,1691,1779530944125,1779530944125,1779530944129,1779530944140,1779530944140,1779530944145,1779530944162
2026-05-23T10:09:04.2367210Z,1779530944236,1313,1692,1779530944161,1779530944161,1779530944165,1779530944178,1779530944179,1779530944182,1779530944207
2026-05-23T10:09:04.2699450Z,1779530944269,1314,1693,1779530944206,1779530944206,1779530944210,1779530944220,1779530944220,1779530944224,1779530944236
2026-05-23T10:09:04.3355430Z,1779530944335,1315,1695,1779530944269,1779530944270,1779530944273,1779530944283,1779530944283,1779530944284,1779530944302
2026-05-23T10:09:04.3680080Z,1779530944368,1316,1696,1779530944302,1779530944302,1779530944306,1779530944318,1779530944319,1779530944320,1779530944336
2026-05-23T10:09:04.4009100Z,1779530944400,1317,1697,1779530944335,1779530944335,1779530944338,1779530944360,1779530944361,1779530944361,1779530944368
2026-05-23T10:09:04.4665770Z,1779530944466,1318,1699,1779530944400,1779530944401,1779530944404,1779530944423,1779530944423,1779530944424,1779530944433
2026-05-23T10:09:04.5436990Z,1779530944543,1319,1700,1779530944433,1779530944433,1779530944436,1779530944458,1779530944459,1779530944462,1779530944466
2026-05-23T10:09:04.5474640Z,1779530944547,1320,1701,1779530944466,1779530944466,1779530944470,1779530944500,1779530944500,1779530944504,1779530944543
2026-05-23T10:09:04.6142530Z,1779530944614,1321,1703,1779530944547,1779530944547,1779530944552,1779530944562,1779530944563,1779530944564,1779530944581
2026-05-23T10:09:04.6476260Z,1779530944647,1322,1704,1779530944580,1779530944580,1779530944584,1779530944598,1779530944599,1779530944601,1779530944614
2026-05-23T10:09:04.6802160Z,1779530944680,1323,1705,1779530944614,1779530944614,1779530944617,1779530944640,1779530944640,1779530944642,1779530944647
2026-05-23T10:09:04.7459560Z,1779530944745,1324,1707,1779530944680,1779530944680,1779530944683,1779530944703,1779530944703,1779530944706,1779530944713
2026-05-23T10:09:04.7781560Z,1779530944778,1325,1708,1779530944713,1779530944713,1779530944716,1779530944738,1779530944738,1779530944742,1779530944746
2026-05-23T10:09:04.8436990Z,1779530944843,1326,1709,1779530944746,1779530944746,1779530944749,1779530944781,1779530944781,1779530944783,1779530944810
2026-05-23T10:09:04.8763420Z,1779530944876,1327,1711,1779530944810,1779530944810,1779530944814,1779530944842,1779530944843,1779530944846,1779530944843
2026-05-23T10:09:04.9411760Z,1779530944941,1328,1712,1779530944843,1779530944843,1779530944847,1779530944878,1779530944878,1779530944883,1779530944908
2026-05-23T10:09:04.9740010Z,1779530944974,1329,1714,1779530944908,1779530944908,1779530944912,1779530944921,1779530944922,1779530944925,1779530944941
2026-05-23T10:09:05.0483260Z,1779530945048,1330,1716,1779530944974,1779530944974,1779530944977,1779530944984,1779530944984,1779530944988,1779530945008
2026-05-23T10:09:05.0794320Z,1779530945079,1331,1717,1779530945007,1779530945007,1779530945011,1779530945019,1779530945019,1779530945021,1779530945048
2026-05-23T10:09:05.1129820Z,1779530945112,1332,1718,1779530945048,1779530945048,1779530945051,1779530945062,1779530945062,1779530945063,1779530945079
2026-05-23T10:09:05.1843700Z,1779530945184,1333,1720,1779530945113,1779530945113,1779530945116,1779530945124,1779530945125,1779530945129,1779530945153
2026-05-23T10:09:05.2167580Z,1779530945216,1334,1721,1779530945153,1779530945153,1779530945156,1779530945160,1779530945160,1779530945160,1779530945184
2026-05-23T10:09:05.2497320Z,1779530945249,1335,1722,1779530945184,1779530945184,1779530945188,1779530945202,1779530945202,1779530945202,1779530945217
2026-05-23T10:09:05.3154740Z,1779530945315,1336,1724,1779530945249,1779530945249,1779530945253,1779530945265,1779530945265,1779530945269,1779530945282
2026-05-23T10:09:05.3477270Z,1779530945347,1337,1725,1779530945282,1779530945282,1779530945286,1779530945300,1779530945300,1779530945301,1779530945315
2026-05-23T10:09:05.3804090Z,1779530945380,1338,1726,1779530945315,1779530945315,1779530945318,1779530945342,1779530945342,1779530945343,1779530945348
2026-05-23T10:09:05.4459500Z,1779530945445,1339,1728,1779530945380,1779530945380,1779530945383,1779530945405,1779530945405,1779530945406,1779530945414
2026-05-23T10:09:05.4782460Z,1779530945478,1340,1729,1779530945413,1779530945413,1779530945416,1779530945442,1779530945442,1779530945443,1779530945446
2026-05-23T10:09:05.5537440Z,1779530945553,1341,1731,1779530945478,1779530945478,1779530945481,1779530945483,1779530945484,1779530945488,1779530945511
2026-05-23T10:09:05.6282590Z,1779530945628,1342,1732,1779530945511,1779530945511,1779530945514,1779530945547,1779530945547,1779530945550,1779530945553
2026-05-23T10:09:05.6319380Z,1779530945631,1344,1733,1779530945553,1779530945553,1779530945557,1779530945582,1779530945624,1779530945627,1779530945628
2026-05-23T10:09:05.7315140Z,1779530945731,1345,1736,1779530945665,1779530945665,1779530945668,1779530945687,1779530945687,1779530945691,1779530945698
2026-05-23T10:09:05.7645940Z,1779530945764,1346,1737,1779530945698,1779530945698,1779530945701,1779530945722,1779530945722,1779530945722,1779530945731
2026-05-23T10:09:05.7973910Z,1779530945797,1347,1738,1779530945731,1779530945731,1779530945734,1779530945764,1779530945764,1779530945764,1779530945764
2026-05-23T10:09:05.8623330Z,1779530945862,1348,1740,1779530945797,1779530945797,1779530945800,1779530945827,1779530945827,1779530945831,1779530945829
2026-05-23T10:09:05.9271870Z,1779530945927,1349,1741,1779530945829,1779530945829,1779530945832,1779530945863,1779530945864,1779530945868,1779530945895
2026-05-23T10:09:05.9599120Z,1779530945959,1350,1743,1779530945894,1779530945894,1779530945898,1779530945906,1779530945906,1779530945909,1779530945927
2026-05-23T10:09:06.0255920Z,1779530946025,1351,1745,1779530945959,1779530945960,1779530945963,1779530945968,1779530945968,1779530945971,1779530945993
2026-05-23T10:09:06.0663980Z,1779530946066,1352,1746,1779530945992,1779530945992,1779530945996,1779530946005,1779530946005,1779530946008,1779530946025
2026-05-23T10:09:06.0975830Z,1779530946097,1353,1747,1779530946025,1779530946025,1779530946029,1779530946046,1779530946046,1779530946050,1779530946066
2026-05-23T10:09:06.1693740Z,1779530946169,1354,1749,1779530946097,1779530946097,1779530946101,1779530946109,1779530946109,1779530946113,1779530946138
2026-05-23T10:09:06.2018330Z,1779530946201,1355,1750,1779530946137,1779530946137,1779530946141,1779530946148,1779530946148,1779530946149,1779530946169
2026-05-23T10:09:06.2348950Z,1779530946234,1356,1751,1779530946169,1779530946169,1779530946172,1779530946191,1779530946191,1779530946191,1779530946202
2026-05-23T10:09:06.2999850Z,1779530946299,1357,1753,1779530946234,1779530946234,1779530946240,1779530946254,1779530946254,1779530946255,1779530946267
2026-05-23T10:09:06.3318100Z,1779530946331,1358,1754,1779530946267,1779530946267,1779530946270,1779530946291,1779530946291,1779530946292,1779530946300
2026-05-23T10:09:06.3971050Z,1779530946397,1359,1755,1779530946300,1779530946300,1779530946303,1779530946333,1779530946333,1779530946334,1779530946364
2026-05-23T10:09:06.4302890Z,1779530946430,1360,1757,1779530946364,1779530946364,1779530946368,1779530946397,1779530946397,1779530946397,1779530946397
2026-05-23T10:09:06.4952160Z,1779530946495,1361,1759,1779530946430,1779530946430,1779530946434,1779530946435,1779530946436,1779530946439,1779530946462
2026-05-23T10:09:06.5282500Z,1779530946528,1362,1760,1779530946462,1779530946462,1779530946466,1779530946479,1779530946479,1779530946481,1779530946495
2026-05-23T10:09:06.6007730Z,1779530946600,1363,1762,1779530946528,1779530946528,1779530946531,1779530946542,1779530946542,1779530946544,1779530946569
2026-05-23T10:09:06.6408140Z,1779530946640,1364,1763,1779530946569,1779530946569,1779530946573,1779530946578,1779530946578,1779530946581,1779530946600
2026-05-23T10:09:06.7079820Z,1779530946707,1365,1764,1779530946600,1779530946600,1779530946604,1779530946621,1779530946621,1779530946623,1779530946640
2026-05-23T10:09:06.7110380Z,1779530946711,1366,1765,1779530946640,1779530946640,1779530946644,1779530946685,1779530946686,1779530946686,1779530946708
2026-05-23T10:09:06.7778060Z,1779530946777,1367,1767,1779530946711,1779530946711,1779530946714,1779530946724,1779530946724,1779530946724,1779530946745
2026-05-23T10:09:06.8112570Z,1779530946811,1368,1768,1779530946744,1779530946744,1779530946748,1779530946767,1779530946768,1779530946771,1779530946777
2026-05-23T10:09:06.8768090Z,1779530946876,1369,1770,1779530946811,1779530946811,1779530946814,1779530946829,1779530946830,1779530946833,1779530946844
2026-05-23T10:09:06.9094410Z,1779530946909,1370,1771,1779530946843,1779530946843,1779530946847,1779530946866,1779530946866,1779530946870,1779530946877
2026-05-23T10:09:06.9421610Z,1779530946942,1371,1772,1779530946876,1779530946876,1779530946880,1779530946908,1779530946908,1779530946912,1779530946909
2026-05-23T10:09:07.0075020Z,1779530947007,1372,1774,1779530946942,1779530946942,1779530946945,1779530946973,1779530946973,1779530946976,1779530946974
2026-05-23T10:09:07.1123680Z,1779530947112,1373,1775,1779530946974,1779530946974,1779530946978,1779530947010,1779530947010,1779530947015,1779530947040
2026-05-23T10:09:07.1162490Z,1779530947116,1374,1777,1779530947040,1779530947040,1779530947043,1779530947053,1779530947053,1779530947057,1779530947112
2026-05-23T10:09:07.1484950Z,1779530947148,1375,1777,1779530947040,1779530947040,1779530947043,1779530947053,1779530947115,1779530947115,1779530947116
2026-05-23T10:09:07.2199070Z,1779530947219,1376,1780,1779530947148,1779530947148,1779530947152,1779530947153,1779530947153,1779530947158,1779530947188
2026-05-23T10:09:07.2524700Z,1779530947252,1377,1781,1779530947188,1779530947188,1779530947192,1779530947194,1779530947194,1779530947195,1779530947220
2026-05-23T10:09:07.3181640Z,1779530947318,1378,1783,1779530947252,1779530947252,1779530947255,1779530947257,1779530947257,1779530947261,1779530947285
2026-05-23T10:09:07.3506680Z,1779530947350,1379,1784,1779530947285,1779530947285,1779530947288,1779530947292,1779530947292,1779530947297,1779530947318
2026-05-23T10:09:07.3833550Z,1779530947383,1380,1785,1779530947318,1779530947318,1779530947321,1779530947335,1779530947335,1779530947339,1779530947350
2026-05-23T10:09:07.4489930Z,1779530947448,1381,1787,1779530947383,1779530947383,1779530947386,1779530947397,1779530947397,1779530947402,1779530947416
2026-05-23T10:09:07.4818900Z,1779530947481,1382,1788,1779530947416,1779530947416,1779530947419,1779530947433,1779530947433,1779530947435,1779530947449
2026-05-23T10:09:07.5155690Z,1779530947515,1383,1789,1779530947449,1779530947449,1779530947452,1779530947477,1779530947477,1779530947481,1779530947482
2026-05-23T10:09:07.5877480Z,1779530947587,1384,1791,1779530947515,1779530947515,1779530947519,1779530947539,1779530947539,1779530947544,1779530947556
2026-05-23T10:09:07.6280910Z,1779530947628,1385,1792,1779530947555,1779530947555,1779530947559,1779530947576,1779530947576,1779530947578,1779530947588
2026-05-23T10:09:07.6982500Z,1779530947698,1386,1793,1779530947587,1779530947587,1779530947591,1779530947617,1779530947617,1779530947620,1779530947628
2026-05-23T10:09:07.7020370Z,1779530947702,1387,1794,1779530947628,1779530947628,1779530947631,1779530947680,1779530947680,1779530947685,1779530947698
2026-05-23T10:09:07.7669860Z,1779530947766,1388,1796,1779530947702,1779530947702,1779530947705,1779530947715,1779530947715,1779530947717,1779530947734
2026-05-23T10:09:07.8353230Z,1779530947835,1389,1797,1779530947733,1779530947733,1779530947737,1779530947759,1779530947760,1779530947765,1779530947767
2026-05-23T10:09:07.8383030Z,1779530947838,1390,1798,1779530947767,1779530947767,1779530947770,1779530947821,1779530947821,1779530947826,1779530947835
2026-05-23T10:09:07.9054130Z,1779530947905,1391,1800,1779530947838,1779530947838,1779530947841,1779530947857,1779530947857,1779530947858,1779530947872
2026-05-23T10:09:07.9386420Z,1779530947938,1392,1801,1779530947872,1779530947872,1779530947875,1779530947899,1779530947899,1779530947904,1779530947905
2026-05-23T10:09:08.0043320Z,1779530948004,1393,1803,1779530947938,1779530947938,1779530947942,1779530947962,1779530947962,1779530947967,1779530947971
2026-05-23T10:09:08.0367390Z,1779530948036,1394,1804,1779530947971,1779530947971,1779530947975,1779530947997,1779530947997,1779530947998,1779530948004
2026-05-23T10:09:08.1102100Z,1779530948110,1395,1806,1779530948036,1779530948036,1779530948040,1779530948041,1779530948041,1779530948042,1779530948069
2026-05-23T10:09:08.1427530Z,1779530948142,1396,1807,1779530948069,1779530948069,1779530948073,1779530948103,1779530948103,1779530948105,1779530948110
2026-05-23T10:09:08.1830670Z,1779530948183,1397,1808,1779530948110,1779530948110,1779530948113,1779530948138,1779530948138,1779530948142,1779530948143
2026-05-23T10:09:08.2147870Z,1779530948214,1398,1809,1779530948142,1779530948142,1779530948146,1779530948180,1779530948181,1779530948182,1779530948183
2026-05-23T10:09:08.2795080Z,1779530948279,1399,1811,1779530948214,1779530948214,1779530948218,1779530948243,1779530948243,1779530948245,1779530948247
2026-05-23T10:09:08.3462210Z,1779530948346,1400,1812,1779530948246,1779530948246,1779530948250,1779530948280,1779530948280,1779530948282,1779530948312
2026-05-23T10:09:08.3777650Z,1779530948377,1401,1814,1779530948312,1779530948312,1779530948315,1779530948322,1779530948322,1779530948323,1779530948346
2026-05-23T10:09:08.4432120Z,1779530948443,1402,1816,1779530948377,1779530948377,1779530948381,1779530948385,1779530948385,1779530948386,1779530948410
2026-05-23T10:09:08.4765160Z,1779530948476,1403,1817,1779530948410,1779530948410,1779530948413,1779530948420,1779530948420,1779530948423,1779530948443
2026-05-23T10:09:08.5087810Z,1779530948508,1404,1818,1779530948443,1779530948443,1779530948446,1779530948462,1779530948462,1779530948464,1779530948476
2026-05-23T10:09:08.5746460Z,1779530948574,1405,1820,1779530948508,1779530948508,1779530948512,1779530948526,1779530948526,1779530948527,1779530948541
2026-05-23T10:09:08.6470890Z,1779530948647,1406,1821,1779530948541,1779530948541,1779530948545,1779530948561,1779530948562,1779530948565,1779530948574
2026-05-23T10:09:08.6508590Z,1779530948650,1407,1822,1779530948574,1779530948574,1779530948578,1779530948604,1779530948604,1779530948606,1779530948647
2026-05-23T10:09:08.7242840Z,1779530948724,1408,1824,1779530948650,1779530948650,1779530948654,1779530948670,1779530948670,1779530948674,1779530948683
2026-05-23T10:09:08.7554230Z,1779530948755,1409,1825,1779530948683,1779530948683,1779530948686,1779530948706,1779530948706,1779530948710,1779530948724
2026-05-23T10:09:08.7877520Z,1779530948787,1410,1826,1779530948724,1779530948724,1779530948727,1779530948747,1779530948747,1779530948752,1779530948755
2026-05-23T10:09:08.8534380Z,1779530948853,1411,1828,1779530948787,1779530948787,1779530948794,1779530948810,1779530948810,1779530948815,1779530948820
2026-05-23T10:09:08.9222420Z,1779530948922,1412,1829,1779530948820,1779530948820,1779530948824,1779530948845,1779530948845,1779530948846,1779530948853
2026-05-23T10:09:08.9258180Z,1779530948925,1413,1830,1779530948853,1779530948853,1779530948856,1779530948888,1779530948889,1779530948889,1779530948922
2026-05-23T10:09:08.9922750Z,1779530948992,1414,1832,1779530948925,1779530948925,1779530948929,1779530948951,1779530948951,1779530948951,1779530948959
2026-05-23T10:09:09.0257190Z,1779530949025,1415,1833,1779530948959,1779530948959,1779530948962,1779530948986,1779530948986,1779530948988,1779530948992
2026-05-23T10:09:09.0913050Z,1779530949091,1416,1835,1779530949025,1779530949025,1779530949029,1779530949031,1779530949031,1779530949032,1779530949058
2026-05-23T10:09:09.1647520Z,1779530949164,1417,1836,1779530949058,1779530949058,1779530949061,1779530949094,1779530949094,1779530949096,1779530949124
2026-05-23T10:09:09.2345920Z,1779530949234,1418,1838,1779530949124,1779530949124,1779530949127,1779530949130,1779530949130,1779530949133,1779530949164
2026-05-23T10:09:09.2383520Z,1779530949238,1420,1839,1779530949164,1779530949164,1779530949168,1779530949173,1779530949236,1779530949236,1779530949234
2026-05-23T10:09:09.3360200Z,1779530949336,1421,1841,1779530949238,1779530949238,1779530949241,1779530949272,1779530949272,1779530949278,1779530949303
2026-05-23T10:09:09.3683330Z,1779530949368,1422,1843,1779530949303,1779530949303,1779530949306,1779530949314,1779530949314,1779530949315,1779530949336
2026-05-23T10:09:09.4334510Z,1779530949433,1423,1845,1779530949368,1779530949368,1779530949371,1779530949376,1779530949376,1779530949380,1779530949400
2026-05-23T10:09:09.4664130Z,1779530949466,1424,1846,1779530949400,1779530949400,1779530949404,1779530949412,1779530949412,1779530949416,1779530949433
2026-05-23T10:09:09.4996780Z,1779530949499,1425,1847,1779530949433,1779530949433,1779530949437,1779530949454,1779530949454,1779530949458,1779530949466
2026-05-23T10:09:09.5707090Z,1779530949570,1426,1849,1779530949499,1779530949499,1779530949503,1779530949517,1779530949517,1779530949521,1779530949540
2026-05-23T10:09:09.6037400Z,1779530949603,1427,1850,1779530949539,1779530949539,1779530949543,1779530949554,1779530949555,1779530949558,1779530949570
2026-05-23T10:09:09.6376240Z,1779530949637,1428,1851,1779530949570,1779530949570,1779530949574,1779530949598,1779530949598,1779530949601,1779530949603
2026-05-23T10:09:09.7100990Z,1779530949710,1429,1853,1779530949637,1779530949637,1779530949641,1779530949661,1779530949661,1779530949665,1779530949678
2026-05-23T10:09:09.7495550Z,1779530949749,1430,1854,1779530949677,1779530949677,1779530949681,1779530949698,1779530949698,1779530949702,1779530949710
2026-05-23T10:09:09.7809000Z,1779530949780,1431,1855,1779530949710,1779530949710,1779530949713,1779530949740,1779530949740,1779530949743,1779530949749
2026-05-23T10:09:09.8465890Z,1779530949846,1432,1857,1779530949780,1779530949780,1779530949784,1779530949803,1779530949803,1779530949805,1779530949813
2026-05-23T10:09:09.8787700Z,1779530949878,1433,1858,1779530949813,1779530949813,1779530949816,1779530949838,1779530949839,1779530949841,1779530949846
2026-05-23T10:09:09.9806490Z,1779530949980,1434,1859,1779530949846,1779530949846,1779530949849,1779530949881,1779530949881,1779530949884,1779530949911
2026-05-23T10:09:09.9840920Z,1779530949984,1436,1861,1779530949911,1779530949911,1779530949915,1779530949945,1779530949981,1779530949982,1779530949980
2026-05-23T10:09:10.0835320Z,1779530950083,1437,1864,1779530950017,1779530950017,1779530950020,1779530950024,1779530950024,1779530950025,1779530950050
2026-05-23T10:09:10.1579090Z,1779530950157,1438,1866,1779530950083,1779530950083,1779530950086,1779530950089,1779530950090,1779530950093,1779530950116
2026-05-23T10:09:10.1892740Z,1779530950189,1439,1867,1779530950116,1779530950116,1779530950120,1779530950125,1779530950125,1779530950126,1779530950158
2026-05-23T10:09:10.2291910Z,1779530950229,1440,1868,1779530950157,1779530950158,1779530950161,1779530950167,1779530950167,1779530950169,1779530950189
2026-05-23T10:09:10.2934340Z,1779530950293,1441,1869,1779530950189,1779530950189,1779530950192,1779530950229,1779530950229,1779530950232,1779530950260
2026-05-23T10:09:10.3261170Z,1779530950326,1442,1871,1779530950260,1779530950260,1779530950264,1779530950265,1779530950265,1779530950269,1779530950293
2026-05-23T10:09:10.3585050Z,1779530950358,1443,1872,1779530950293,1779530950293,1779530950296,1779530950306,1779530950306,1779530950306,1779530950326
2026-05-23T10:09:10.4234440Z,1779530950423,1444,1874,1779530950358,1779530950358,1779530950361,1779530950368,1779530950368,1779530950372,1779530950391
2026-05-23T10:09:10.4565100Z,1779530950456,1445,1875,1779530950391,1779530950391,1779530950394,1779530950403,1779530950403,1779530950404,1779530950423
2026-05-23T10:09:10.4889480Z,1779530950488,1446,1876,1779530950423,1779530950423,1779530950427,1779530950445,1779530950446,1779530950450,1779530950456
2026-05-23T10:09:10.5545310Z,1779530950554,1447,1878,1779530950489,1779530950489,1779530950492,1779530950508,1779530950508,1779530950509,1779530950521
2026-05-23T10:09:10.5869650Z,1779530950586,1448,1879,1779530950521,1779530950521,1779530950524,1779530950543,1779530950544,1779530950546,1779530950554
2026-05-23T10:09:10.6195360Z,1779530950619,1449,1880,1779530950554,1779530950554,1779530950557,1779530950586,1779530950586,1779530950587,1779530950587
2026-05-23T10:09:10.6960380Z,1779530950696,1451,1882,1779530950619,1779530950619,1779530950624,1779530950652,1779530950688,1779530950688,1779530950692
2026-05-23T10:09:10.8005200Z,1779530950800,1452,1884,1779530950696,1779530950696,1779530950699,1779530950731,1779530950732,1779530950732,1779530950769
2026-05-23T10:09:10.8331660Z,1779530950833,1453,1886,1779530950769,1779530950769,1779530950772,1779530950794,1779530950794,1779530950799,1779530950800
2026-05-23T10:09:10.8661950Z,1779530950866,1454,1887,1779530950800,1779530950800,1779530950803,1779530950831,1779530950831,1779530950835,1779530950833
2026-05-23T10:09:10.9314680Z,1779530950931,1455,1889,1779530950866,1779530950866,1779530950869,1779530950873,1779530950873,1779530950877,1779530950898
2026-05-23T10:09:10.9968660Z,1779530950996,1456,1891,1779530950931,1779530950931,1779530950935,1779530950936,1779530950936,1779530950936,1779530950964
2026-05-23T10:09:11.0663530Z,1779530951066,1457,1892,1779530950963,1779530950964,1779530950967,1779530950972,1779530950972,1779530950974,1779530950997
2026-05-23T10:09:11.0694940Z,1779530951069,1458,1893,1779530950996,1779530950996,1779530951000,1779530951014,1779530951014,1779530951015,1779530951066
2026-05-23T10:09:11.1368920Z,1779530951136,1459,1895,1779530951069,1779530951069,1779530951072,1779530951076,1779530951077,1779530951077,1779530951103
2026-05-23T10:09:11.2089230Z,1779530951208,1460,1896,1779530951102,1779530951102,1779530951106,1779530951113,1779530951113,1779530951113,1779530951137
2026-05-23T10:09:11.2125120Z,1779530951212,1461,1897,1779530951136,1779530951136,1779530951140,1779530951156,1779530951156,1779530951161,1779530951209
2026-05-23T10:09:11.2850100Z,1779530951285,1462,1899,1779530951212,1779530951212,1779530951215,1779530951220,1779530951220,1779530951224,1779530951245
2026-05-23T10:09:11.3161940Z,1779530951316,1463,1900,1779530951245,1779530951245,1779530951249,1779530951256,1779530951256,1779530951260,1779530951285
2026-05-23T10:09:11.3488580Z,1779530951348,1464,1901,1779530951285,1779530951285,1779530951288,1779530951297,1779530951298,1779530951302,1779530951316
2026-05-23T10:09:11.4146330Z,1779530951414,1465,1903,1779530951348,1779530951348,1779530951352,1779530951361,1779530951361,1779530951364,1779530951381
2026-05-23T10:09:11.4471530Z,1779530951447,1466,1904,1779530951381,1779530951381,1779530951384,1779530951396,1779530951396,1779530951401,1779530951414
2026-05-23T10:09:11.4796410Z,1779530951479,1467,1905,1779530951414,1779530951414,1779530951418,1779530951439,1779530951439,1779530951444,1779530951447
2026-05-23T10:09:11.5504660Z,1779530951550,1468,1907,1779530951479,1779530951479,1779530951483,1779530951501,1779530951502,1779530951507,1779530951519
2026-05-23T10:09:11.5831150Z,1779530951583,1469,1908,1779530951519,1779530951519,1779530951522,1779530951539,1779530951541,1779530951544,1779530951550
2026-05-23T10:09:11.6490510Z,1779530951649,1470,1909,1779530951550,1779530951550,1779530951553,1779530951581,1779530951583,1779530951586,1779530951616
2026-05-23T10:09:11.6825260Z,1779530951682,1471,1911,1779530951615,1779530951615,1779530951619,1779530951645,1779530951645,1779530951649,1779530951649
2026-05-23T10:09:11.7939900Z,1779530951793,1472,1912,1779530951649,1779530951649,1779530951652,1779530951682,1779530951682,1779530951686,1779530951723
2026-05-23T10:09:11.7976710Z,1779530951797,1474,1914,1779530951723,1779530951723,1779530951727,1779530951787,1779530951787,1779530951789,1779530951794
2026-05-23T10:09:11.8623340Z,1779530951862,1475,1916,1779530951797,1779530951797,1779530951800,1779530951823,1779530951823,1779530951827,1779530951829
2026-05-23T10:09:11.9275560Z,1779530951927,1476,1918,1779530951862,1779530951862,1779530951865,1779530951866,1779530951866,1779530951869,1779530951895
2026-05-23T10:09:11.9934730Z,1779530951993,1477,1919,1779530951895,1779530951895,1779530951898,1779530951928,1779530951928,1779530951932,1779530951960
2026-05-23T10:09:12.0263990Z,1779530952026,1478,1921,1779530951960,1779530951960,1779530951964,1779530951966,1779530951966,1779530951968,1779530951993
2026-05-23T10:09:12.0592110Z,1779530952059,1479,1922,1779530951993,1779530951993,1779530951996,1779530952008,1779530952008,1779530952010,1779530952026
2026-05-23T10:09:12.1310770Z,1779530952131,1481,1924,1779530952059,1779530952059,1779530952062,1779530952072,1779530952109,1779530952109,1779530952128
2026-05-23T10:09:12.1995050Z,1779530952199,1482,1926,1779530952131,1779530952131,1779530952134,1779530952153,1779530952153,1779530952156,1779530952165
2026-05-23T10:09:12.2736800Z,1779530952273,1483,1928,1779530952199,1779530952199,1779530952203,1779530952216,1779530952217,1779530952219,1779530952242
2026-05-23T10:09:12.3146110Z,1779530952314,1484,1929,1779530952242,1779530952242,1779530952245,1779530952255,1779530952255,1779530952255,1779530952273
2026-05-23T10:09:12.3455900Z,1779530952345,1485,1930,1779530952273,1779530952273,1779530952277,1779530952296,1779530952296,1779530952297,1779530952314
2026-05-23T10:09:12.4109230Z,1779530952410,1486,1932,1779530952345,1779530952345,1779530952349,1779530952359,1779530952359,1779530952363,1779530952378
2026-05-23T10:09:12.4436320Z,1779530952443,1487,1933,1779530952378,1779530952378,1779530952381,1779530952395,1779530952395,1779530952400,1779530952411
2026-05-23T10:09:12.4769240Z,1779530952476,1488,1934,1779530952410,1779530952411,1779530952414,1779530952437,1779530952437,1779530952442,1779530952443
2026-05-23T10:09:12.5419270Z,1779530952541,1489,1936,1779530952476,1779530952477,1779530952481,1779530952499,1779530952499,1779530952505,1779530952509
2026-05-23T10:09:12.5748720Z,1779530952574,1490,1937,1779530952509,1779530952509,1779530952512,1779530952535,1779530952536,1779530952537,1779530952542
2026-05-23T10:09:12.6401730Z,1779530952640,1491,1939,1779530952574,1779530952574,1779530952578,1779530952578,1779530952579,1779530952579,1779530952607
2026-05-23T10:09:12.6729970Z,1779530952672,1492,1940,1779530952607,1779530952607,1779530952610,1779530952640,1779530952640,1779530952642,1779530952640
2026-05-23T10:09:12.7477780Z,1779530952747,1493,1941,1779530952640,1779530952640,1779530952643,1779530952676,1779530952676,1779530952679,1779530952707
2026-05-23T10:09:12.7789240Z,1779530952778,1494,1943,1779530952706,1779530952706,1779530952710,1779530952718,1779530952718,1779530952720,1779530952748
2026-05-23T10:09:12.8512480Z,1779530952851,1496,1945,1779530952778,1779530952779,1779530952782,1779530952816,1779530952816,1779530952820,1779530952820
2026-05-23T10:09:12.9166540Z,1779530952916,1497,1947,1779530952851,1779530952851,1779530952855,1779530952858,1779530952859,1779530952862,1779530952883
2026-05-23T10:09:12.9821980Z,1779530952982,1498,1949,1779530952916,1779530952916,1779530952920,1779530952922,1779530952922,1779530952925,1779530952949
2026-05-23T10:09:13.0147380Z,1779530953014,1499,1950,1779530952949,1779530952949,1779530952952,1779530952959,1779530952960,1779530952962,1779530952982
2026-05-23T10:09:13.0472920Z,1779530953047,1500,1951,1779530952982,1779530952982,1779530952986,1779530953000,1779530953001,1779530953003,1779530953015
2026-05-23T10:09:13.1125800Z,1779530953112,1501,1953,1779530953047,1779530953047,1779530953050,1779530953063,1779530953063,1779530953067,1779530953080
2026-05-23T10:09:13.1455000Z,1779530953145,1502,1954,1779530953080,1779530953080,1779530953084,1779530953099,1779530953099,1779530953104,1779530953112
2026-05-23T10:09:13.2216670Z,1779530953221,1503,1955,1779530953112,1779530953112,1779530953116,1779530953141,1779530953141,1779530953145,1779530953145
2026-05-23T10:09:13.2253370Z,1779530953225,1504,1956,1779530953145,1779530953145,1779530953148,1779530953204,1779530953204,1779530953207,1779530953221
2026-05-23T10:09:13.2924890Z,1779530953292,1505,1958,1779530953225,1779530953225,1779530953228,1779530953241,1779530953241,1779530953244,1779530953259
2026-05-23T10:09:13.3334780Z,1779530953333,1506,1959,1779530953259,1779530953259,1779530953262,1779530953282,1779530953283,1779530953285,1779530953293
2026-05-23T10:09:13.3970750Z,1779530953397,1507,1961,1779530953333,1779530953333,1779530953336,1779530953345,1779530953345,1779530953348,1779530953364
2026-05-23T10:09:13.4296790Z,1779530953429,1508,1962,1779530953364,1779530953364,1779530953367,1779530953380,1779530953380,1779530953380,1779530953397
2026-05-23T10:09:13.4623070Z,1779530953462,1509,1963,1779530953397,1779530953397,1779530953400,1779530953423,1779530953424,1779530953427,1779530953429
2026-05-23T10:09:13.5275430Z,1779530953527,1510,1965,1779530953462,1779530953462,1779530953465,1779530953488,1779530953488,1779530953491,1779530953495
2026-05-23T10:09:13.5605040Z,1779530953560,1511,1966,1779530953495,1779530953495,1779530953498,1779530953523,1779530953523,1779530953527,1779530953527
2026-05-23T10:09:13.6260150Z,1779530953626,1512,1968,1779530953560,1779530953560,1779530953563,1779530953565,1779530953566,1779530953570,1779530953593
2026-05-23T10:09:13.6919220Z,1779530953691,1513,1970,1779530953626,1779530953626,1779530953629,1779530953630,1779530953630,1779530953631,1779530953658
2026-05-23T10:09:13.7644720Z,1779530953764,1514,1971,1779530953658,1779530953658,1779530953662,1779530953670,1779530953670,1779530953674,1779530953692
2026-05-23T10:09:13.7685500Z,1779530953768,1515,1972,1779530953691,1779530953692,1779530953695,1779530953711,1779530953711,1779530953716,1779530953764
2026-05-23T10:09:13.8415830Z,1779530953841,1516,1974,1779530953768,1779530953768,1779530953772,1779530953773,1779530953774,1779530953776,1779530953801
2026-05-23T10:09:13.8727060Z,1779530953872,1517,1975,1779530953800,1779530953800,1779530953804,1779530953809,1779530953809,1779530953813,1779530953841
2026-05-23T10:09:13.9054870Z,1779530953905,1518,1976,1779530953841,1779530953841,1779530953845,1779530953853,1779530953853,1779530953854,1779530953873
2026-05-23T10:09:13.9706950Z,1779530953970,1519,1978,1779530953905,1779530953905,1779530953908,1779530953916,1779530953916,1779530953919,1779530953937
2026-05-23T10:09:14.0040780Z,1779530954004,1520,1979,1779530953937,1779530953937,1779530953941,1779530953952,1779530953952,1779530953955,1779530953970
2026-05-23T10:09:14.0407410Z,1779530954040,1521,1980,1779530953970,1779530953970,1779530953974,1779530953994,1779530953994,1779530953997,1779530954004
2026-05-23T10:09:14.1133910Z,1779530954113,1522,1982,1779530954040,1779530954040,1779530954044,1779530954057,1779530954057,1779530954060,1779530954077
2026-05-23T10:09:14.1520730Z,1779530954152,1523,1983,1779530954077,1779530954077,1779530954080,1779530954093,1779530954093,1779530954097,1779530954113
2026-05-23T10:09:14.1884680Z,1779530954188,1524,1984,1779530954113,1779530954113,1779530954116,1779530954136,1779530954136,1779530954140,1779530954152
2026-05-23T10:09:14.3088180Z,1779530954308,1525,1986,1779530954188,1779530954188,1779530954193,1779530954200,1779530954200,1779530954203,1779530954224
2026-05-23T10:09:14.3127200Z,1779530954312,1527,1987,1779530954224,1779530954224,1779530954227,1779530954235,1779530954277,1779530954282,1779530954309
2026-05-23T10:09:14.3794180Z,1779530954379,1528,1989,1779530954312,1779530954312,1779530954316,1779530954339,1779530954339,1779530954344,1779530954346
2026-05-23T10:09:14.4125060Z,1779530954412,1529,1990,1779530954346,1779530954346,1779530954349,1779530954374,1779530954374,1779530954376,1779530954379
2026-05-23T10:09:14.4778100Z,1779530954477,1530,1992,1779530954412,1779530954412,1779530954416,1779530954417,1779530954417,1779530954420,1779530954445
2026-05-23T10:09:14.5524300Z,1779530954552,1531,1993,1779530954445,1779530954445,1779530954448,1779530954479,1779530954479,1779530954483,1779530954511
2026-05-23T10:09:14.5832970Z,1779530954583,1532,1995,1779530954510,1779530954510,1779530954514,1779530954515,1779530954515,1779530954519,1779530954552
2026-05-23T10:09:14.6160770Z,1779530954616,1533,1996,1779530954552,1779530954552,1779530954555,1779530954557,1779530954557,1779530954561,1779530954583
2026-05-23T10:09:14.6815260Z,1779530954681,1534,1998,1779530954616,1779530954616,1779530954619,1779530954620,1779530954620,1779530954625,1779530954649
2026-05-23T10:09:14.7144270Z,1779530954714,1535,1999,1779530954649,1779530954649,1779530954652,1779530954658,1779530954658,1779530954662,1779530954681
2026-05-23T10:09:14.7482510Z,1779530954748,1536,2000,1779530954681,1779530954681,1779530954684,1779530954698,1779530954698,1779530954699,1779530954714
2026-05-23T10:09:14.8193710Z,1779530954819,1537,2002,1779530954748,1779530954748,1779530954751,1779530954761,1779530954761,1779530954764,1779530954788
2026-05-23T10:09:14.8531100Z,1779530954853,1538,2003,1779530954788,1779530954788,1779530954792,1779530954796,1779530954796,1779530954800,1779530954819
2026-05-23T10:09:14.8926420Z,1779530954892,1539,2004,1779530954819,1779530954819,1779530954822,1779530954839,1779530954839,1779530954842,1779530954853
2026-05-23T10:09:14.9565880Z,1779530954956,1540,2006,1779530954892,1779530954892,1779530954896,1779530954902,1779530954903,1779530954906,1779530954924
2026-05-23T10:09:14.9891360Z,1779530954989,1541,2007,1779530954923,1779530954923,1779530954927,1779530954938,1779530954939,1779530954942,1779530954956
2026-05-23T10:09:15.0218890Z,1779530955021,1542,2008,1779530954956,1779530954956,1779530954960,1779530954982,1779530954982,1779530954984,1779530954989
2026-05-23T10:09:15.0872210Z,1779530955087,1543,2010,1779530955021,1779530955021,1779530955026,1779530955045,1779530955045,1779530955047,1779530955054
2026-05-23T10:09:15.1196370Z,1779530955119,1544,2011,1779530955054,1779530955054,1779530955058,1779530955081,1779530955081,1779530955083,1779530955087
2026-05-23T10:09:15.1854150Z,1779530955185,1545,2013,1779530955119,1779530955119,1779530955123,1779530955123,1779530955123,1779530955126,1779530955152
2026-05-23T10:09:15.2509760Z,1779530955250,1546,2014,1779530955152,1779530955152,1779530955155,1779530955186,1779530955186,1779530955192,1779530955218
2026-05-23T10:09:15.2927030Z,1779530955292,1547,2016,1779530955218,1779530955218,1779530955221,1779530955223,1779530955223,1779530955224,1779530955251
2026-05-23T10:09:15.3678370Z,1779530955367,1548,2017,1779530955251,1779530955251,1779530955254,1779530955267,1779530955267,1779530955271,1779530955292
2026-05-23T10:09:15.3718360Z,1779530955371,1550,2018,1779530955292,1779530955292,1779530955296,1779530955329,1779530955365,1779530955369,1779530955368
2026-05-23T10:09:15.4718610Z,1779530955471,1551,2020,1779530955371,1779530955371,1779530955375,1779530955407,1779530955408,1779530955410,1779530955438
2026-05-23T10:09:15.5051820Z,1779530955505,1552,2022,1779530955438,1779530955438,1779530955441,1779530955470,1779530955470,1779530955472,1779530955472
2026-05-23T10:09:15.5763640Z,1779530955576,1553,2023,1779530955471,1779530955471,1779530955475,1779530955505,1779530955505,1779530955509,1779530955545
2026-05-23T10:09:15.6090060Z,1779530955609,1554,2024,1779530955505,1779530955505,1779530955508,1779530955547,1779530955547,1779530955551,1779530955576
2026-05-23T10:09:15.6414940Z,1779530955641,1555,2026,1779530955576,1779530955576,1779530955579,1779530955609,1779530955609,1779530955610,1779530955609
2026-05-23T10:09:15.7067950Z,1779530955706,1556,2028,1779530955641,1779530955641,1779530955644,1779530955645,1779530955646,1779530955648,1779530955674
2026-05-23T10:09:15.7398140Z,1779530955739,1557,2029,1779530955674,1779530955674,1779530955678,1779530955688,1779530955688,1779530955690,1779530955707
2026-05-23T10:09:15.8142130Z,1779530955814,1558,2031,1779530955739,1779530955739,1779530955743,1779530955752,1779530955752,1779530955754,1779530955773
2026-05-23T10:09:15.8456730Z,1779530955845,1559,2032,1779530955773,1779530955773,1779530955776,1779530955788,1779530955788,1779530955791,1779530955814
2026-05-23T10:09:15.8860430Z,1779530955886,1560,2033,1779530955814,1779530955814,1779530955817,1779530955830,1779530955830,1779530955833,1779530955845
2026-05-23T10:09:15.9496640Z,1779530955949,1561,2035,1779530955886,1779530955886,1779530955889,1779530955894,1779530955894,1779530955896,1779530955917
2026-05-23T10:09:15.9822780Z,1779530955982,1562,2036,1779530955917,1779530955917,1779530955920,1779530955930,1779530955930,1779530955933,1779530955949
2026-05-23T10:09:16.0155480Z,1779530956015,1563,2037,1779530955949,1779530955949,1779530955953,1779530955971,1779530955971,1779530955974,1779530955982
2026-05-23T10:09:16.0809570Z,1779530956080,1564,2039,1779530956015,1779530956015,1779530956019,1779530956034,1779530956034,1779530956037,1779530956048
2026-05-23T10:09:16.1135670Z,1779530956113,1565,2040,1779530956048,1779530956048,1779530956051,1779530956069,1779530956069,1779530956074,1779530956081
2026-05-23T10:09:16.1462010Z,1779530956146,1566,2041,1779530956081,1779530956081,1779530956084,1779530956111,1779530956111,1779530956115,1779530956113
2026-05-23T10:09:16.2113520Z,1779530956211,1567,2043,1779530956146,1779530956146,1779530956149,1779530956174,1779530956174,1779530956177,1779530956179
2026-05-23T10:09:16.2775330Z,1779530956277,1568,2044,1779530956178,1779530956178,1779530956182,1779530956210,1779530956211,1779530956214,1779530956245
2026-05-23T10:09:16.3186440Z,1779530956318,1569,2046,1779530956244,1779530956244,1779530956248,1779530956252,1779530956252,1779530956256,1779530956277
2026-05-23T10:09:16.3498050Z,1779530956349,1570,2047,1779530956277,1779530956277,1779530956281,1779530956314,1779530956314,1779530956316,1779530956319
2026-05-23T10:09:16.4303400Z,1779530956430,1572,2049,1779530956349,1779530956349,1779530956353,1779530956391,1779530956391,1779530956394,1779530956426
2026-05-23T10:09:16.4970280Z,1779530956497,1573,2051,1779530956430,1779530956430,1779530956433,1779530956454,1779530956454,1779530956457,1779530956463
2026-05-23T10:09:16.5301890Z,1779530956530,1574,2052,1779530956463,1779530956463,1779530956466,1779530956490,1779530956490,1779530956493,1779530956497
2026-05-23T10:09:16.5957930Z,1779530956595,1575,2053,1779530956497,1779530956497,1779530956500,1779530956532,1779530956532,1779530956535,1779530956563
2026-05-23T10:09:16.6280820Z,1779530956628,1576,2055,1779530956563,1779530956563,1779530956566,1779530956596,1779530956596,1779530956597,1779530956595
2026-05-23T10:09:16.6937310Z,1779530956693,1577,2057,1779530956628,1779530956628,1779530956631,1779530956631,1779530956632,1779530956634,1779530956660
2026-05-23T10:09:16.7263800Z,1779530956726,1578,2058,1779530956660,1779530956660,1779530956663,1779530956674,1779530956674,1779530956676,1779530956693
2026-05-23T10:09:16.8320570Z,1779530956832,1579,2060,1779530956726,1779530956726,1779530956729,1779530956737,1779530956737,1779530956738,1779530956759
2026-05-23T10:09:16.8362450Z,1779530956836,1581,2061,1779530956759,1779530956759,1779530956762,1779530956773,1779530956816,1779530956816,1779530956832
2026-05-23T10:09:16.9411300Z,1779530956941,1582,2064,1779530956868,1779530956868,1779530956871,1779530956878,1779530956878,1779530956879,1779530956910
2026-05-23T10:09:16.9739190Z,1779530956973,1583,2065,1779530956910,1779530956910,1779530956913,1779530956914,1779530956914,1779530956915,1779530956941
2026-05-23T10:09:17.0067680Z,1779530957006,1584,2066,1779530956941,1779530956941,1779530956944,1779530956955,1779530956955,1779530956956,1779530956974
2026-05-23T10:09:17.0716560Z,1779530957071,1585,2068,1779530957006,1779530957006,1779530957010,1779530957018,1779530957018,1779530957018,1779530957039
2026-05-23T10:09:17.1045630Z,1779530957104,1586,2069,1779530957039,1779530957039,1779530957042,1779530957054,1779530957054,1779530957054,1779530957071
2026-05-23T10:09:17.1368700Z,1779530957136,1587,2070,1779530957071,1779530957071,1779530957075,1779530957096,1779530957096,1779530957096,1779530957104
2026-05-23T10:09:17.2023860Z,1779530957202,1588,2072,1779530957136,1779530957136,1779530957142,1779530957159,1779530957159,1779530957159,1779530957169
2026-05-23T10:09:17.2354560Z,1779530957235,1589,2073,1779530957169,1779530957169,1779530957173,1779530957197,1779530957197,1779530957198,1779530957202
2026-05-23T10:09:17.3407110Z,1779530957340,1590,2075,1779530957235,1779530957235,1779530957238,1779530957239,1779530957239,1779530957240,1779530957268
2026-05-23T10:09:17.3449530Z,1779530957344,1592,2076,1779530957268,1779530957268,1779530957272,1779530957302,1779530957339,1779530957340,1779530957341
2026-05-23T10:09:17.4421070Z,1779530957442,1593,2079,1779530957376,1779530957376,1779530957379,1779530957382,1779530957383,1779530957383,1779530957409
2026-05-23T10:09:17.5440410Z,1779530957544,1594,2081,1779530957442,1779530957442,1779530957445,1779530957446,1779530957446,1779530957448,1779530957475
2026-05-23T10:09:17.5475060Z,1779530957547,1596,2082,1779530957475,1779530957475,1779530957478,1779530957483,1779530957526,1779530957527,1779530957544
2026-05-23T10:09:17.6477080Z,1779530957647,1597,2085,1779530957580,1779530957580,1779530957584,1779530957588,1779530957588,1779530957592,1779530957614
2026-05-23T10:09:17.6799550Z,1779530957679,1598,2086,1779530957614,1779530957614,1779530957617,1779530957625,1779530957625,1779530957628,1779530957647
2026-05-23T10:09:17.7125110Z,1779530957712,1599,2087,1779530957647,1779530957647,1779530957651,1779530957666,1779530957667,1779530957670,1779530957680
2026-05-23T10:09:17.7782890Z,1779530957778,1600,2089,1779530957712,1779530957712,1779530957717,1779530957730,1779530957731,1779530957734,1779530957745
2026-05-23T10:09:17.8110840Z,1779530957811,1601,2090,1779530957745,1779530957745,1779530957748,1779530957766,1779530957766,1779530957770,1779530957778
2026-05-23T10:09:17.8516050Z,1779530957851,1602,2091,1779530957778,1779530957778,1779530957781,1779530957809,1779530957810,1779530957812,1779530957811
2026-05-23T10:09:17.9254680Z,1779530957925,1604,2093,1779530957851,1779530957851,1779530957855,1779530957873,1779530957908,1779530957910,1779530957922
2026-05-23T10:09:17.9900440Z,1779530957990,1605,2095,1779530957925,1779530957925,1779530957928,1779530957950,1779530957951,1779530957953,1779530957957
2026-05-23T10:09:18.0556460Z,1779530958055,1606,2097,1779530957990,1779530957990,1779530957994,1779530958013,1779530958013,1779530958016,1779530958022
2026-05-23T10:09:18.0882110Z,1779530958088,1607,2098,1779530958022,1779530958022,1779530958026,1779530958048,1779530958048,1779530958052,1779530958055
2026-05-23T10:09:18.1538020Z,1779530958153,1608,2099,1779530958055,1779530958055,1779530958058,1779530958091,1779530958091,1779530958093,1779530958121
2026-05-23T10:09:18.1866910Z,1779530958186,1609,2101,1779530958121,1779530958121,1779530958124,1779530958153,1779530958153,1779530958155,1779530958154
2026-05-23T10:09:18.2522450Z,1779530958252,1610,2102,1779530958153,1779530958153,1779530958157,1779530958189,1779530958189,1779530958192,1779530958219
2026-05-23T10:09:18.2853600Z,1779530958285,1611,2104,1779530958219,1779530958219,1779530958222,1779530958231,1779530958231,1779530958234,1779530958252
2026-05-23T10:09:18.3585580Z,1779530958358,1612,2106,1779530958285,1779530958285,1779530958288,1779530958294,1779530958294,1779530958296,1779530958318
2026-05-23T10:09:18.3896060Z,1779530958389,1613,2107,1779530958317,1779530958317,1779530958321,1779530958329,1779530958329,1779530958333,1779530958358
2026-05-23T10:09:18.4296740Z,1779530958429,1614,2108,1779530958358,1779530958358,1779530958361,1779530958371,1779530958371,1779530958372,1779530958389
2026-05-23T10:09:18.4935710Z,1779530958493,1615,2110,1779530958429,1779530958429,1779530958433,1779530958434,1779530958434,1779530958436,1779530958461
2026-05-23T10:09:18.5262210Z,1779530958526,1616,2111,1779530958461,1779530958461,1779530958464,1779530958469,1779530958469,1779530958473,1779530958493
2026-05-23T10:09:18.5587220Z,1779530958558,1617,2112,1779530958493,1779530958493,1779530958497,1779530958511,1779530958511,1779530958515,1779530958526
2026-05-23T10:09:18.6306230Z,1779530958630,1619,2114,1779530958558,1779530958558,1779530958562,1779530958576,1779530958612,1779530958613,1779530958627
2026-05-23T10:09:18.6975570Z,1779530958697,1620,2116,1779530958630,1779530958630,1779530958633,1779530958655,1779530958655,1779530958660,1779530958664
2026-05-23T10:09:18.7636250Z,1779530958763,1621,2118,1779530958697,1779530958697,1779530958701,1779530958717,1779530958717,1779530958718,1779530958730
2026-05-23T10:09:18.8032160Z,1779530958803,1622,2119,1779530958730,1779530958730,1779530958734,1779530958753,1779530958753,1779530958754,1779530958763
2026-05-23T10:09:18.8694640Z,1779530958869,1623,2120,1779530958763,1779530958763,1779530958767,1779530958797,1779530958797,1779530958800,1779530958828
2026-05-23T10:09:18.9003560Z,1779530958900,1624,2122,1779530958828,1779530958828,1779530958832,1779530958859,1779530958859,1779530958859,1779530958869
2026-05-23T10:09:18.9410830Z,1779530958941,1625,2123,1779530958869,1779530958869,1779530958872,1779530958897,1779530958897,1779530958902,1779530958900
2026-05-23T10:09:18.9725980Z,1779530958972,1626,2124,1779530958900,1779530958900,1779530958903,1779530958938,1779530958938,1779530958939,1779530958941
2026-05-23T10:09:19.0373220Z,1779530959037,1627,2126,1779530958972,1779530958972,1779530958975,1779530959000,1779530959000,1779530959003,1779530959005
2026-05-23T10:09:19.0700680Z,1779530959070,1628,2127,1779530959005,1779530959005,1779530959008,1779530959035,1779530959035,1779530959038,1779530959037
2026-05-23T10:09:19.1357310Z,1779530959135,1629,2129,1779530959070,1779530959070,1779530959073,1779530959077,1779530959077,1779530959081,1779530959102
2026-05-23T10:09:19.2008880Z,1779530959200,1630,2131,1779530959135,1779530959135,1779530959140,1779530959140,1779530959141,1779530959144,1779530959167
2026-05-23T10:09:19.2332360Z,1779530959233,1631,2132,1779530959167,1779530959167,1779530959171,1779530959176,1779530959176,1779530959176,1779530959201
2026-05-23T10:09:19.2659280Z,1779530959265,1632,2133,1779530959200,1779530959200,1779530959204,1779530959218,1779530959218,1779530959218,1779530959233
2026-05-23T10:09:19.3313680Z,1779530959331,1633,2135,1779530959265,1779530959266,1779530959269,1779530959281,1779530959281,1779530959281,1779530959298
2026-05-23T10:09:19.4034440Z,1779530959403,1634,2136,1779530959298,1779530959298,1779530959301,1779530959318,1779530959318,1779530959319,1779530959331
2026-05-23T10:09:19.4073470Z,1779530959407,1635,2137,1779530959331,1779530959331,1779530959334,1779530959359,1779530959359,1779530959361,1779530959403
2026-05-23T10:09:19.4805020Z,1779530959480,1636,2139,1779530959407,1779530959407,1779530959410,1779530959421,1779530959421,1779530959424,1779530959440
2026-05-23T10:09:19.5114250Z,1779530959511,1637,2140,1779530959440,1779530959440,1779530959443,1779530959457,1779530959457,1779530959461,1779530959480
2026-05-23T10:09:19.5442680Z,1779530959544,1638,2141,1779530959480,1779530959480,1779530959484,1779530959498,1779530959498,1779530959503,1779530959511
2026-05-23T10:09:19.6095740Z,1779530959609,1639,2143,1779530959544,1779530959544,1779530959547,1779530959561,1779530959561,1779530959566,1779530959577
2026-05-23T10:09:19.6780250Z,1779530959678,1640,2144,1779530959577,1779530959577,1779530959580,1779530959597,1779530959597,1779530959598,1779530959609
2026-05-23T10:09:19.6811010Z,1779530959681,1641,2145,1779530959609,1779530959609,1779530959612,1779530959639,1779530959639,1779530959641,1779530959678
2026-05-23T10:09:19.7477630Z,1779530959747,1642,2147,1779530959681,1779530959681,1779530959684,1779530959701,1779530959701,1779530959703,1779530959715
2026-05-23T10:09:19.7810490Z,1779530959781,1643,2148,1779530959714,1779530959714,1779530959718,1779530959737,1779530959737,1779530959741,1779530959747
2026-05-23T10:09:19.8136930Z,1779530959813,1644,2149,1779530959747,1779530959747,1779530959751,1779530959780,1779530959780,1779530959783,1779530959781
2026-05-23T10:09:19.8797960Z,1779530959879,1645,2151,1779530959813,1779530959813,1779530959817,1779530959843,1779530959844,1779530959846,1779530959847
2026-05-23T10:09:19.9904380Z,1779530959990,1646,2152,1779530959846,1779530959847,1779530959850,1779530959879,1779530959879,1779530959883,1779530959920
2026-05-23T10:09:19.9940130Z,1779530959994,1648,2154,1779530959920,1779530959920,1779530959923,1779530959984,1779530959984,1779530959989,1779530959990
2026-05-23T10:09:20.0593250Z,1779530960059,1649,2156,1779530959994,1779530959994,1779530959997,1779530960020,1779530960020,1779530960021,1779530960026
2026-05-23T10:09:20.1241690Z,1779530960124,1650,2157,1779530960025,1779530960025,1779530960029,1779530960062,1779530960062,1779530960064,1779530960091
2026-05-23T10:09:20.1572390Z,1779530960157,1651,2159,1779530960091,1779530960091,1779530960094,1779530960124,1779530960125,1779530960126,1779530960124
2026-05-23T10:09:20.2221680Z,1779530960222,1652,2161,1779530960157,1779530960157,1779530960161,1779530960163,1779530960163,1779530960168,1779530960190
2026-05-23T10:09:20.2556490Z,1779530960255,1653,2162,1779530960189,1779530960189,1779530960193,1779530960205,1779530960206,1779530960210,1779530960222
2026-05-23T10:09:20.3204520Z,1779530960320,1654,2164,1779530960255,1779530960255,1779530960259,1779530960270,1779530960270,1779530960272,1779530960287
2026-05-23T10:09:20.3532900Z,1779530960353,1655,2165,1779530960287,1779530960287,1779530960290,1779530960310,1779530960310,1779530960314,1779530960320
2026-05-23T10:09:20.4280280Z,1779530960428,1656,2166,1779530960320,1779530960320,1779530960323,1779530960352,1779530960352,1779530960356,1779530960387
2026-05-23T10:09:20.4594220Z,1779530960459,1657,2168,1779530960387,1779530960387,1779530960390,1779530960414,1779530960414,1779530960418,1779530960432
2026-05-23T10:09:20.5004560Z,1779530960500,1658,2169,1779530960428,1779530960431,1779530960435,1779530960450,1779530960450,1779530960455,1779530960459
2026-05-23T10:09:20.5316720Z,1779530960531,1659,2170,1779530960459,1779530960459,1779530960462,1779530960492,1779530960493,1779530960496,1779530960500
2026-05-23T10:09:20.5974640Z,1779530960597,1660,2172,1779530960531,1779530960531,1779530960535,1779530960555,1779530960555,1779530960558,1779530960564
2026-05-23T10:09:20.6302490Z,1779530960630,1661,2173,1779530960564,1779530960564,1779530960567,1779530960590,1779530960590,1779530960594,1779530960597
2026-05-23T10:09:20.7325120Z,1779530960732,1662,2174,1779530960597,1779530960597,1779530960600,1779530960633,1779530960633,1779530960638,1779530960663
2026-05-23T10:09:20.7358290Z,1779530960735,1663,2176,1779530960663,1779530960663,1779530960666,1779530960697,1779530960697,1779530960699,1779530960732
2026-05-23T10:09:20.7690640Z,1779530960769,1664,2176,1779530960663,1779530960663,1779530960666,1779530960697,1779530960732,1779530960736,1779530960736
2026-05-23T10:09:20.8357530Z,1779530960835,1665,2179,1779530960769,1779530960769,1779530960772,1779530960774,1779530960774,1779530960778,1779530960802
2026-05-23T10:09:20.9097450Z,1779530960909,1666,2180,1779530960802,1779530960802,1779530960805,1779530960837,1779530960837,1779530960840,1779530960868
2026-05-23T10:09:20.9408840Z,1779530960940,1667,2182,1779530960868,1779530960868,1779530960872,1779530960874,1779530960874,1779530960877,1779530960909
2026-05-23T10:09:20.9821620Z,1779530960982,1668,2183,1779530960909,1779530960909,1779530960913,1779530960918,1779530960918,1779530960918,1779530960941
2026-05-23T10:09:21.0134270Z,1779530961013,1669,2184,1779530960940,1779530960940,1779530960944,1779530960979,1779530960979,1779530960982,1779530960982
2026-05-23T10:09:21.0790370Z,1779530961079,1670,2185,1779530960982,1779530960982,1779530960985,1779530961014,1779530961015,1779530961020,1779530961046
2026-05-23T10:09:21.1114900Z,1779530961111,1671,2187,1779530961046,1779530961046,1779530961049,1779530961056,1779530961057,1779530961061,1779530961079
2026-05-23T10:09:21.1771580Z,1779530961177,1672,2189,1779530961111,1779530961111,1779530961114,1779530961119,1779530961119,1779530961124,1779530961144
2026-05-23T10:09:21.2100100Z,1779530961210,1673,2190,1779530961144,1779530961144,1779530961147,1779530961154,1779530961154,1779530961155,1779530961177
2026-05-23T10:09:21.2425980Z,1779530961242,1674,2191,1779530961177,1779530961177,1779530961180,1779530961197,1779530961197,1779530961202,1779530961210
2026-05-23T10:09:21.3084470Z,1779530961308,1675,2193,1779530961242,1779530961242,1779530961245,1779530961260,1779530961260,1779530961260,1779530961276
2026-05-23T10:09:21.3407360Z,1779530961340,1676,2194,1779530961275,1779530961275,1779530961279,1779530961295,1779530961295,1779530961296,1779530961308
2026-05-23T10:09:21.3737250Z,1779530961373,1677,2195,1779530961308,1779530961308,1779530961311,1779530961338,1779530961338,1779530961340,1779530961340
2026-05-23T10:09:21.4495490Z,1779530961449,1679,2197,1779530961373,1779530961373,1779530961377,1779530961400,1779530961438,1779530961442,1779530961446
2026-05-23T10:09:21.5540500Z,1779530961554,1680,2199,1779530961449,1779530961449,1779530961452,1779530961482,1779530961482,1779530961487,1779530961522
2026-05-23T10:09:21.5868080Z,1779530961586,1681,2201,1779530961522,1779530961522,1779530961527,1779530961544,1779530961544,1779530961548,1779530961554
2026-05-23T10:09:21.6195250Z,1779530961619,1682,2202,1779530961554,1779530961554,1779530961557,1779530961584,1779530961584,1779530961590,1779530961592
2026-05-23T10:09:21.6845320Z,1779530961684,1683,2204,1779530961619,1779530961619,1779530961623,1779530961627,1779530961627,1779530961632,1779530961652
2026-05-23T10:09:21.7493110Z,1779530961749,1684,2206,1779530961684,1779530961684,1779530961688,1779530961688,1779530961689,1779530961689,1779530961717
2026-05-23T10:09:21.8183210Z,1779530961818,1685,2207,1779530961716,1779530961716,1779530961720,1779530961724,1779530961724,1779530961726,1779530961749
2026-05-23T10:09:21.8218930Z,1779530961821,1686,2208,1779530961749,1779530961749,1779530961752,1779530961767,1779530961767,1779530961768,1779530961818
2026-05-23T10:09:21.8888410Z,1779530961888,1687,2210,1779530961821,1779530961821,1779530961825,1779530961830,1779530961830,1779530961831,1779530961855
2026-05-23T10:09:21.9621510Z,1779530961962,1688,2211,1779530961855,1779530961855,1779530961858,1779530961868,1779530961868,1779530961873,1779530961889
2026-05-23T10:09:21.9660410Z,1779530961966,1689,2212,1779530961888,1779530961888,1779530961892,1779530961909,1779530961909,1779530961914,1779530961962
2026-05-23T10:09:22.0389040Z,1779530962038,1690,2214,1779530961966,1779530961966,1779530961969,1779530961973,1779530961973,1779530961974,1779530961999
2026-05-23T10:09:22.0699950Z,1779530962069,1691,2215,1779530961998,1779530961998,1779530962002,1779530962008,1779530962009,1779530962011,1779530962039
2026-05-23T10:09:22.1027670Z,1779530962102,1692,2216,1779530962039,1779530962039,1779530962042,1779530962051,1779530962051,1779530962054,1779530962070
2026-05-23T10:09:22.1681840Z,1779530962168,1693,2218,1779530962102,1779530962102,1779530962106,1779530962113,1779530962114,1779530962117,1779530962135
2026-05-23T10:09:22.2007540Z,1779530962200,1694,2219,1779530962135,1779530962135,1779530962138,1779530962152,1779530962152,1779530962154,1779530962168
2026-05-23T10:09:22.2332110Z,1779530962233,1695,2220,1779530962168,1779530962168,1779530962171,1779530962192,1779530962193,1779530962197,1779530962200
2026-05-23T10:09:22.2989740Z,1779530962298,1696,2222,1779530962233,1779530962233,1779530962237,1779530962255,1779530962255,1779530962256,1779530962266
2026-05-23T10:09:22.3314440Z,1779530962331,1697,2223,1779530962266,1779530962266,1779530962269,1779530962291,1779530962291,1779530962292,1779530962299
2026-05-23T10:09:22.3971450Z,1779530962397,1698,2224,1779530962299,1779530962299,1779530962302,1779530962335,1779530962335,1779530962340,1779530962364
2026-05-23T10:09:22.4745710Z,1779530962474,1700,2227,1779530962397,1779530962397,1779530962403,1779530962433,1779530962433,1779530962434,1779530962469
2026-05-23T10:09:22.5072110Z,1779530962507,1701,2228,1779530962469,1779530962469,1779530962472,1779530962474,1779530962474,1779530962476,1779530962474
2026-05-23T10:09:22.5786080Z,1779530962578,1702,2230,1779530962507,1779530962507,1779530962510,1779530962538,1779530962538,1779530962539,1779530962547
2026-05-23T10:09:22.6112690Z,1779530962611,1703,2231,1779530962547,1779530962547,1779530962550,1779530962573,1779530962573,1779530962576,1779530962578
2026-05-23T10:09:22.6772250Z,1779530962677,1704,2233,1779530962611,1779530962611,1779530962614,1779530962615,1779530962615,1779530962618,1779530962643
2026-05-23T10:09:22.7422740Z,1779530962742,1705,2234,1779530962643,1779530962643,1779530962647,1779530962677,1779530962677,1779530962680,1779530962709
2026-05-23T10:09:22.7752170Z,1779530962775,1706,2236,1779530962709,1779530962709,1779530962713,1779530962713,1779530962713,1779530962716,1779530962742
2026-05-23T10:09:22.8082400Z,1779530962808,1707,2237,1779530962742,1779530962742,1779530962745,1779530962755,1779530962755,1779530962758,1779530962775
2026-05-23T10:09:22.9101640Z,1779530962910,1708,2239,1779530962808,1779530962808,1779530962811,1779530962817,1779530962817,1779530962819,1779530962840
2026-05-23T10:09:22.9140170Z,1779530962914,1710,2240,1779530962840,1779530962840,1779530962843,1779530962853,1779530962896,1779530962897,1779530962910
2026-05-23T10:09:23.0595790Z,1779530963059,1711,2243,1779530962947,1779530962947,1779530962950,1779530962958,1779530962958,1779530962961,1779530962988
2026-05-23T10:09:23.0631810Z,1779530963063,1713,2244,1779530962988,1779530962988,1779530962992,1779530962994,1779530963037,1779530963038,1779530963059
2026-05-23T10:09:23.1611550Z,1779530963161,1714,2247,1779530963095,1779530963095,1779530963098,1779530963099,1779530963100,1779530963101,1779530963128
2026-05-23T10:09:23.1936430Z,1779530963193,1715,2248,1779530963128,1779530963128,1779530963131,1779530963136,1779530963136,1779530963138,1779530963161
2026-05-23T10:09:23.2264990Z,1779530963226,1716,2249,1779530963161,1779530963161,1779530963164,1779530963178,1779530963179,1779530963179,1779530963193
2026-05-23T10:09:23.2913970Z,1779530963291,1717,2251,1779530963226,1779530963226,1779530963229,1779530963243,1779530963243,1779530963244,1779530963259
2026-05-23T10:09:23.3239980Z,1779530963323,1718,2252,1779530963258,1779530963258,1779530963262,1779530963279,1779530963279,1779530963281,1779530963291
2026-05-23T10:09:23.3565450Z,1779530963356,1719,2253,1779530963291,1779530963291,1779530963294,1779530963321,1779530963321,1779530963323,1779530963324
2026-05-23T10:09:23.4219650Z,1779530963421,1720,2255,1779530963356,1779530963356,1779530963359,1779530963385,1779530963385,1779530963386,1779530963389
2026-05-23T10:09:23.4556000Z,1779530963455,1721,2256,1779530963389,1779530963389,1779530963392,1779530963421,1779530963421,1779530963423,1779530963422
2026-05-23T10:09:23.5278380Z,1779530963527,1722,2258,1779530963455,1779530963455,1779530963459,1779530963463,1779530963463,1779530963464,1779530963496
2026-05-23T10:09:23.5681800Z,1779530963568,1723,2259,1779530963496,1779530963496,1779530963499,1779530963525,1779530963525,1779530963527,1779530963528
2026-05-23T10:09:23.5991190Z,1779530963599,1724,2260,1779530963527,1779530963527,1779530963531,1779530963560,1779530963561,1779530963563,1779530963568
2026-05-23T10:09:23.6647090Z,1779530963664,1725,2262,1779530963599,1779530963599,1779530963602,1779530963603,1779530963603,1779530963606,1779530963631
2026-05-23T10:09:23.7299060Z,1779530963729,1726,2263,1779530963631,1779530963631,1779530963634,1779530963665,1779530963665,1779530963669,1779530963697
2026-05-23T10:09:23.7629100Z,1779530963762,1727,2265,1779530963697,1779530963697,1779530963700,1779530963701,1779530963701,1779530963706,1779530963730
2026-05-23T10:09:23.7950670Z,1779530963795,1728,2266,1779530963729,1779530963729,1779530963733,1779530963743,1779530963744,1779530963747,1779530963763
2026-05-23T10:09:23.8604710Z,1779530963860,1729,2268,1779530963795,1779530963795,1779530963798,1779530963807,1779530963807,1779530963809,1779530963828
2026-05-23T10:09:23.8929540Z,1779530963892,1730,2269,1779530963828,1779530963828,1779530963831,1779530963844,1779530963844,1779530963846,1779530963860
2026-05-23T10:09:23.9262790Z,1779530963926,1731,2270,1779530963860,1779530963860,1779530963863,1779530963886,1779530963886,1779530963888,1779530963893
2026-05-23T10:09:24.0082620Z,1779530964008,1733,2272,1779530963926,1779530963926,1779530963929,1779530963950,1779530963988,1779530963993,1779530964004
2026-05-23T10:09:24.0884110Z,1779530964088,1734,2274,1779530964008,1779530964008,1779530964011,1779530964030,1779530964030,1779530964034,1779530964045
2026-05-23T10:09:24.1606170Z,1779530964160,1735,2276,1779530964088,1779530964088,1779530964092,1779530964094,1779530964094,1779530964097,1779530964123
2026-05-23T10:09:24.1993580Z,1779530964199,1736,2277,1779530964123,1779530964123,1779530964126,1779530964134,1779530964134,1779530964139,1779530964160
2026-05-23T10:09:24.2351730Z,1779530964235,1737,2278,1779530964160,1779530964160,1779530964164,1779530964177,1779530964177,1779530964180,1779530964199
2026-05-23T10:09:24.3010220Z,1779530964301,1738,2280,1779530964235,1779530964235,1779530964238,1779530964240,1779530964240,1779530964243,1779530964268
2026-05-23T10:09:24.3337770Z,1779530964333,1739,2281,1779530964268,1779530964268,1779530964271,1779530964275,1779530964275,1779530964280,1779530964301
2026-05-23T10:09:24.3667310Z,1779530964366,1740,2282,1779530964301,1779530964301,1779530964304,1779530964317,1779530964317,1779530964321,1779530964333
2026-05-23T10:09:24.4319540Z,1779530964431,1741,2284,1779530964366,1779530964366,1779530964370,1779530964383,1779530964383,1779530964385,1779530964399
2026-05-23T10:09:24.4651780Z,1779530964465,1742,2285,1779530964398,1779530964398,1779530964402,1779530964419,1779530964419,1779530964424,1779530964432
2026-05-23T10:09:24.5063210Z,1779530964506,1743,2286,1779530964432,1779530964432,1779530964435,1779530964464,1779530964464,1779530964465,1779530964465
2026-05-23T10:09:24.5786740Z,1779530964578,1744,2288,1779530964506,1779530964506,1779530964510,1779530964525,1779530964526,1779530964528,1779530964537
2026-05-23T10:09:24.6095760Z,1779530964609,1745,2289,1779530964537,1779530964537,1779530964540,1779530964562,1779530964562,1779530964565,1779530964578
2026-05-23T10:09:24.6422980Z,1779530964642,1746,2290,1779530964578,1779530964578,1779530964581,1779530964605,1779530964605,1779530964607,1779530964609
2026-05-23T10:09:24.7081180Z,1779530964708,1747,2292,1779530964642,1779530964642,1779530964645,1779530964667,1779530964668,1779530964670,1779530964675
2026-05-23T10:09:24.7404430Z,1779530964740,1748,2293,1779530964675,1779530964675,1779530964678,1779530964702,1779530964702,1779530964706,1779530964708
2026-05-23T10:09:24.8057340Z,1779530964805,1749,2295,1779530964740,1779530964740,1779530964743,1779530964744,1779530964744,1779530964749,1779530964773
2026-05-23T10:09:24.8712170Z,1779530964871,1750,2296,1779530964773,1779530964773,1779530964776,1779530964806,1779530964806,1779530964812,1779530964838
2026-05-23T10:09:24.9037780Z,1779530964903,1751,2298,1779530964838,1779530964838,1779530964841,1779530964842,1779530964842,1779530964844,1779530964871
2026-05-23T10:09:24.9368750Z,1779530964936,1752,2299,1779530964871,1779530964871,1779530964874,1779530964885,1779530964885,1779530964886,1779530964904
2026-05-23T10:09:25.0105210Z,1779530965010,1753,2301,1779530964936,1779530964936,1779530964940,1779530964949,1779530964949,1779530964950,1779530964970
2026-05-23T10:09:25.0858040Z,1779530965085,1754,2302,1779530964969,1779530964969,1779530964972,1779530964987,1779530964987,1779530964988,1779530965010
2026-05-23T10:09:25.0897660Z,1779530965089,1755,2303,1779530965010,1779530965010,1779530965014,1779530965030,1779530965030,1779530965032,1779530965086
2026-05-23T10:09:25.1569930Z,1779530965156,1756,2304,1779530965085,1779530965085,1779530965089,1779530965092,1779530965092,1779530965094,1779530965123
2026-05-23T10:09:25.1899940Z,1779530965189,1757,2306,1779530965123,1779530965123,1779530965127,1779530965127,1779530965128,1779530965130,1779530965157
2026-05-23T10:09:25.2226500Z,1779530965222,1758,2307,1779530965157,1779530965157,1779530965160,1779530965170,1779530965170,1779530965172,1779530965190
2026-05-23T10:09:25.2882560Z,1779530965288,1759,2309,1779530965222,1779530965222,1779530965225,1779530965232,1779530965233,1779530965235,1779530965255
2026-05-23T10:09:25.3208540Z,1779530965320,1760,2310,1779530965255,1779530965255,1779530965259,1779530965269,1779530965269,1779530965271,1779530965288
2026-05-23T10:09:25.3539040Z,1779530965353,1761,2311,1779530965288,1779530965288,1779530965291,1779530965311,1779530965311,1779530965314,1779530965321
2026-05-23T10:09:25.4191660Z,1779530965419,1762,2313,1779530965354,1779530965354,1779530965357,1779530965373,1779530965373,1779530965376,1779530965387
2026-05-23T10:09:25.4521550Z,1779530965452,1763,2314,1779530965386,1779530965386,1779530965390,1779530965412,1779530965412,1779530965413,1779530965419
2026-05-23T10:09:25.5260420Z,1779530965526,1764,2316,1779530965452,1779530965452,1779530965455,1779530965457,1779530965457,1779530965462,1779530965485
2026-05-23T10:09:25.5574550Z,1779530965557,1765,2317,1779530965485,1779530965485,1779530965488,1779530965518,1779530965518,1779530965518,1779530965526
2026-05-23T10:09:25.5984900Z,1779530965598,1766,2318,1779530965526,1779530965526,1779530965529,1779530965554,1779530965554,1779530965555,1779530965557
2026-05-23T10:09:25.6623900Z,1779530965662,1767,2319,1779530965557,1779530965557,1779530965561,1779530965598,1779530965598,1779530965601,1779530965630
2026-05-23T10:09:25.6954700Z,1779530965695,1768,2321,1779530965629,1779530965629,1779530965633,1779530965661,1779530965661,1779530965663,1779530965662
2026-05-23T10:09:25.7607070Z,1779530965760,1769,2322,1779530965662,1779530965662,1779530965665,1779530965696,1779530965696,1779530965699,1779530965727
2026-05-23T10:09:25.7930930Z,1779530965793,1770,2324,1779530965727,1779530965727,1779530965730,1779530965738,1779530965738,1779530965741,1779530965760
2026-05-23T10:09:25.8589880Z,1779530965858,1771,2326,1779530965793,1779530965793,1779530965796,1779530965801,1779530965801,1779530965804,1779530965827
2026-05-23T10:09:25.8917890Z,1779530965891,1772,2327,1779530965826,1779530965826,1779530965830,1779530965836,1779530965836,1779530965840,1779530965859
2026-05-23T10:09:25.9239490Z,1779530965923,1773,2328,1779530965859,1779530965859,1779530965862,1779530965879,1779530965880,1779530965882,1779530965892
2026-05-23T10:09:25.9896020Z,1779530965989,1774,2330,1779530965924,1779530965924,1779530965927,1779530965945,1779530965945,1779530965951,1779530965957
2026-05-23T10:09:26.0620610Z,1779530966062,1775,2331,1779530965956,1779530965956,1779530965960,1779530965980,1779530965981,1779530965982,1779530965990
2026-05-23T10:09:26.0664870Z,1779530966066,1776,2332,1779530965989,1779530965989,1779530965992,1779530966023,1779530966023,1779530966023,1779530966062
2026-05-23T10:09:26.1743350Z,1779530966174,1777,2334,1779530966066,1779530966066,1779530966069,1779530966085,1779530966085,1779530966086,1779530966099
2026-05-23T10:09:26.1780380Z,1779530966178,1779,2335,1779530966099,1779530966099,1779530966102,1779530966120,1779530966162,1779530966164,1779530966174
2026-05-23T10:09:26.2781660Z,1779530966278,1780,2338,1779530966211,1779530966211,1779530966214,1779530966225,1779530966226,1779530966228,1779530966245
2026-05-23T10:09:26.3104210Z,1779530966310,1781,2339,1779530966245,1779530966245,1779530966248,1779530966261,1779530966261,1779530966265,1779530966278
2026-05-23T10:09:26.3428940Z,1779530966342,1782,2340,1779530966278,1779530966278,1779530966281,1779530966303,1779530966303,1779530966306,1779530966310
2026-05-23T10:09:26.4083310Z,1779530966408,1783,2342,1779530966342,1779530966342,1779530966346,1779530966366,1779530966366,1779530966368,1779530966375
2026-05-23T10:09:26.4408650Z,1779530966440,1784,2343,1779530966375,1779530966375,1779530966378,1779530966402,1779530966402,1779530966404,1779530966408
2026-05-23T10:09:26.5073940Z,1779530966507,1785,2345,1779530966440,1779530966440,1779530966444,1779530966446,1779530966446,1779530966447,1779530966473
2026-05-23T10:09:26.5485890Z,1779530966548,1786,2346,1779530966473,1779530966473,1779530966477,1779530966508,1779530966509,1779530966509,1779530966507
2026-05-23T10:09:26.5798060Z,1779530966579,1787,2347,1779530966507,1779530966507,1779530966510,1779530966545,1779530966545,1779530966551,1779530966549
2026-05-23T10:09:26.6918490Z,1779530966691,1788,2349,1779530966579,1779530966579,1779530966583,1779530966587,1779530966587,1779530966592,1779530966621
2026-05-23T10:09:26.6966360Z,1779530966696,1790,2350,1779530966621,1779530966621,1779530966624,1779530966649,1779530966686,1779530966690,1779530966692
2026-05-23T10:09:26.7935500Z,1779530966793,1791,2352,1779530966696,1779530966696,1779530966699,1779530966728,1779530966728,1779530966732,1779530966761
2026-05-23T10:09:26.8262520Z,1779530966826,1792,2354,1779530966760,1779530966760,1779530966764,1779530966792,1779530966792,1779530966794,1779530966793
2026-05-23T10:09:26.8916670Z,1779530966891,1793,2356,1779530966826,1779530966826,1779530966829,1779530966832,1779530966832,1779530966836,1779530966859
2026-05-23T10:09:26.9243550Z,1779530966924,1794,2357,1779530966859,1779530966859,1779530966862,1779530966873,1779530966874,1779530966879,1779530966891
2026-05-23T10:09:26.9895860Z,1779530966989,1795,2359,1779530966924,1779530966924,1779530966927,1779530966936,1779530966936,1779530966941,1779530966957
2026-05-23T10:09:27.0621590Z,1779530967062,1796,2360,1779530966957,1779530966957,1779530966960,1779530966971,1779530966971,1779530966973,1779530966989
2026-05-23T10:09:27.0664390Z,1779530967066,1797,2361,1779530966989,1779530966989,1779530966992,1779530967013,1779530967013,1779530967014,1779530967062
2026-05-23T10:09:27.1390070Z,1779530967139,1798,2363,1779530967066,1779530967066,1779530967069,1779530967076,1779530967076,1779530967076,1779530967098
2026-05-23T10:09:27.1702120Z,1779530967170,1799,2364,1779530967098,1779530967098,1779530967101,1779530967111,1779530967112,1779530967112,1779530967139
2026-05-23T10:09:27.2029420Z,1779530967202,1800,2365,1779530967139,1779530967139,1779530967142,1779530967154,1779530967154,1779530967155,1779530967171
2026-05-23T10:09:27.2758360Z,1779530967275,1802,2367,1779530967202,1779530967203,1779530967207,1779530967216,1779530967252,1779530967254,1779530967272
2026-05-23T10:09:27.3422090Z,1779530967342,1803,2369,1779530967275,1779530967275,1779530967279,1779530967294,1779530967294,1779530967298,1779530967309
2026-05-23T10:09:27.4076880Z,1779530967407,1804,2371,1779530967342,1779530967342,1779530967345,1779530967356,1779530967356,1779530967359,1779530967375
2026-05-23T10:09:27.4405070Z,1779530967440,1805,2372,1779530967375,1779530967375,1779530967378,1779530967391,1779530967392,1779530967396,1779530967407
2026-05-23T10:09:27.4731270Z,1779530967473,1806,2373,1779530967407,1779530967407,1779530967410,1779530967434,1779530967434,1779530967438,1779530967440
2026-05-23T10:09:27.5391040Z,1779530967539,1807,2375,1779530967473,1779530967473,1779530967476,1779530967497,1779530967497,1779530967502,1779530967506
2026-05-23T10:09:27.5805080Z,1779530967580,1808,2376,1779530967506,1779530967506,1779530967509,1779530967533,1779530967533,1779530967534,1779530967539
2026-05-23T10:09:27.6498940Z,1779530967649,1809,2377,1779530967539,1779530967539,1779530967542,1779530967574,1779530967574,1779530967576,1779530967580
2026-05-23T10:09:27.6535240Z,1779530967653,1810,2378,1779530967580,1779530967580,1779530967583,1779530967637,1779530967637,1779530967639,1779530967650
2026-05-23T10:09:27.7184080Z,1779530967718,1811,2380,1779530967653,1779530967653,1779530967656,1779530967672,1779530967672,1779530967676,1779530967685
2026-05-23T10:09:27.7508870Z,1779530967750,1812,2381,1779530967685,1779530967685,1779530967689,1779530967717,1779530967717,1779530967718,1779530967718
2026-05-23T10:09:27.8162510Z,1779530967816,1813,2383,1779530967750,1779530967750,1779530967754,1779530967779,1779530967780,1779530967781,1779530967783
2026-05-23T10:09:27.8487610Z,1779530967848,1814,2384,1779530967783,1779530967783,1779530967786,1779530967816,1779530967817,1779530967817,1779530967816
2026-05-23T10:09:27.9138730Z,1779530967913,1815,2386,1779530967848,1779530967848,1779530967852,1779530967858,1779530967858,1779530967860,1779530967881
2026-05-23T10:09:27.9790820Z,1779530967979,1816,2388,1779530967913,1779530967913,1779530967917,1779530967922,1779530967922,1779530967923,1779530967946
2026-05-23T10:09:28.0121240Z,1779530968012,1817,2389,1779530967946,1779530967946,1779530967949,1779530967958,1779530967958,1779530967960,1779530967979
2026-05-23T10:09:28.0449630Z,1779530968044,1818,2390,1779530967979,1779530967979,1779530967982,1779530968000,1779530968000,1779530968003,1779530968012
2026-05-23T10:09:28.1176440Z,1779530968117,1819,2392,1779530968045,1779530968045,1779530968048,1779530968062,1779530968062,1779530968065,1779530968087
2026-05-23T10:09:28.1582660Z,1779530968158,1820,2393,1779530968086,1779530968086,1779530968090,1779530968098,1779530968098,1779530968102,1779530968117
2026-05-23T10:09:28.1895180Z,1779530968189,1821,2394,1779530968117,1779530968117,1779530968120,1779530968140,1779530968140,1779530968143,1779530968158
2026-05-23T10:09:28.2552250Z,1779530968255,1822,2396,1779530968189,1779530968189,1779530968192,1779530968202,1779530968203,1779530968205,1779530968222
2026-05-23T10:09:28.2875590Z,1779530968287,1823,2397,1779530968221,1779530968221,1779530968225,1779530968238,1779530968238,1779530968241,1779530968255
2026-05-23T10:09:28.3565210Z,1779530968356,1824,2398,1779530968255,1779530968255,1779530968258,1779530968282,1779530968282,1779530968283,1779530968287
2026-05-23T10:09:28.3601130Z,1779530968360,1825,2399,1779530968287,1779530968287,1779530968290,1779530968344,1779530968344,1779530968346,1779530968356
2026-05-23T10:09:28.4274090Z,1779530968427,1826,2401,1779530968360,1779530968360,1779530968363,1779530968379,1779530968380,1779530968383,1779530968394
2026-05-23T10:09:28.4601440Z,1779530968460,1827,2402,1779530968393,1779530968393,1779530968397,1779530968421,1779530968422,1779530968424,1779530968427
2026-05-23T10:09:28.5259290Z,1779530968525,1828,2404,1779530968460,1779530968460,1779530968463,1779530968486,1779530968486,1779530968489,1779530968493
2026-05-23T10:09:28.5588620Z,1779530968558,1829,2405,1779530968492,1779530968492,1779530968496,1779530968522,1779530968523,1779530968525,1779530968526
2026-05-23T10:09:28.6310010Z,1779530968631,1830,2407,1779530968558,1779530968558,1779530968562,1779530968564,1779530968564,1779530968567,1779530968600
2026-05-23T10:09:28.6709960Z,1779530968670,1831,2408,1779530968599,1779530968599,1779530968603,1779530968626,1779530968626,1779530968630,1779530968631
2026-05-23T10:09:28.7025190Z,1779530968702,1832,2409,1779530968631,1779530968631,1779530968634,1779530968661,1779530968661,1779530968666,1779530968671
2026-05-23T10:09:28.7676340Z,1779530968767,1833,2410,1779530968671,1779530968671,1779530968674,1779530968703,1779530968703,1779530968709,1779530968735
2026-05-23T10:09:28.8330840Z,1779530968833,1834,2412,1779530968735,1779530968735,1779530968738,1779530968767,1779530968767,1779530968770,1779530968800
2026-05-23T10:09:28.8657960Z,1779530968865,1835,2413,1779530968767,1779530968767,1779530968770,1779530968802,1779530968802,1779530968808,1779530968833
2026-05-23T10:09:28.8983070Z,1779530968898,1836,2415,1779530968833,1779530968833,1779530968836,1779530968844,1779530968844,1779530968849,1779530968866
2026-05-23T10:09:28.9643280Z,1779530968964,1837,2417,1779530968898,1779530968898,1779530968901,1779530968906,1779530968906,1779530968910,1779530968931
2026-05-23T10:09:28.9970950Z,1779530968997,1838,2418,1779530968931,1779530968931,1779530968934,1779530968945,1779530968945,1779530968947,1779530968964
2026-05-23T10:09:29.0295240Z,1779530969029,1839,2419,1779530968964,1779530968964,1779530968967,1779530968986,1779530968986,1779530968988,1779530968997
2026-05-23T10:09:29.1034440Z,1779530969103,1840,2421,1779530969029,1779530969029,1779530969032,1779530969048,1779530969048,1779530969050,1779530969062
2026-05-23T10:09:29.1356370Z,1779530969135,1841,2422,1779530969062,1779530969062,1779530969065,1779530969087,1779530969088,1779530969092,1779530969103
2026-05-23T10:09:29.1756890Z,1779530969175,1842,2423,1779530969103,1779530969103,1779530969106,1779530969128,1779530969128,1779530969129,1779530969135
2026-05-23T10:09:29.2394110Z,1779530969239,1843,2425,1779530969175,1779530969175,1779530969179,1779530969190,1779530969190,1779530969192,1779530969207
2026-05-23T10:09:29.2720780Z,1779530969272,1844,2426,1779530969207,1779530969207,1779530969210,1779530969226,1779530969226,1779530969228,1779530969239
2026-05-23T10:09:29.3051820Z,1779530969305,1845,2427,1779530969239,1779530969239,1779530969242,1779530969268,1779530969268,1779530969270,1779530969272
2026-05-23T10:09:29.3705150Z,1779530969370,1846,2429,1779530969305,1779530969305,1779530969308,1779530969330,1779530969330,1779530969336,1779530969338
2026-05-23T10:09:29.4028580Z,1779530969402,1847,2430,1779530969337,1779530969337,1779530969340,1779530969366,1779530969366,1779530969367,1779530969370
2026-05-23T10:09:29.4683450Z,1779530969468,1848,2432,1779530969402,1779530969402,1779530969406,1779530969408,1779530969408,1779530969410,1779530969436
2026-05-23T10:09:29.5336820Z,1779530969533,1849,2433,1779530969435,1779530969435,1779530969439,1779530969470,1779530969470,1779530969471,1779530969501
2026-05-23T10:09:29.5670470Z,1779530969567,1850,2435,1779530969500,1779530969501,1779530969505,1779530969507,1779530969507,1779530969508,1779530969533
2026-05-23T10:09:29.6441390Z,1779530969644,1851,2436,1779530969533,1779530969533,1779530969537,1779530969548,1779530969548,1779530969550,1779530969567
2026-05-23T10:09:29.6479770Z,1779530969647,1852,2437,1779530969567,1779530969567,1779530969570,1779530969611,1779530969611,1779530969613,1779530969644
2026-05-23T10:09:29.6819700Z,1779530969681,1853,2437,1779530969567,1779530969567,1779530969570,1779530969611,1779530969646,1779530969649,1779530969648
2026-05-23T10:09:29.7535210Z,1779530969753,1854,2440,1779530969682,1779530969682,1779530969685,1779530969688,1779530969688,1779530969692,1779530969722
2026-05-23T10:09:29.7866290Z,1779530969786,1855,2441,1779530969722,1779530969722,1779530969725,1779530969751,1779530969751,1779530969754,1779530969753
2026-05-23T10:09:29.8520630Z,1779530969852,1856,2442,1779530969753,1779530969753,1779530969756,1779530969788,1779530969788,1779530969791,1779530969819
2026-05-23T10:09:29.8854560Z,1779530969885,1857,2444,1779530969819,1779530969819,1779530969822,1779530969829,1779530969829,1779530969832,1779530969852
2026-05-23T10:09:29.9503220Z,1779530969950,1858,2446,1779530969885,1779530969885,1779530969888,1779530969892,1779530969893,1779530969896,1779530969917
2026-05-23T10:09:29.9828620Z,1779530969982,1859,2447,1779530969917,1779530969917,1779530969920,1779530969928,1779530969928,1779530969932,1779530969950
2026-05-23T10:09:30.0159950Z,1779530970015,1860,2448,1779530969950,1779530969950,1779530969953,1779530969971,1779530969971,1779530969974,1779530969983
2026-05-23T10:09:30.0813680Z,1779530970081,1861,2450,1779530970016,1779530970016,1779530970021,1779530970033,1779530970033,1779530970036,1779530970048
2026-05-23T10:09:30.1152540Z,1779530970115,1862,2451,1779530970048,1779530970048,1779530970051,1779530970069,1779530970069,1779530970073,1779530970081
2026-05-23T10:09:30.1555990Z,1779530970155,1863,2452,1779530970081,1779530970081,1779530970084,1779530970112,1779530970112,1779530970114,1779530970115
2026-05-23T10:09:30.2199090Z,1779530970219,1864,2454,1779530970155,1779530970155,1779530970159,1779530970178,1779530970178,1779530970183,1779530970186
2026-05-23T10:09:30.2520190Z,1779530970252,1865,2455,1779530970186,1779530970186,1779530970189,1779530970216,1779530970216,1779530970219,1779530970220
2026-05-23T10:09:30.3178480Z,1779530970317,1866,2457,1779530970252,1779530970252,1779530970255,1779530970258,1779530970259,1779530970261,1779530970285
2026-05-23T10:09:30.3830310Z,1779530970383,1867,2459,1779530970317,1779530970317,1779530970321,1779530970322,1779530970322,1779530970325,1779530970350
2026-05-23T10:09:30.4159980Z,1779530970415,1868,2460,1779530970350,1779530970350,1779530970354,1779530970358,1779530970358,1779530970362,1779530970383
2026-05-23T10:09:30.4482890Z,1779530970448,1869,2461,1779530970383,1779530970383,1779530970386,1779530970401,1779530970401,1779530970404,1779530970416
2026-05-23T10:09:30.5208170Z,1779530970520,1871,2463,1779530970448,1779530970448,1779530970451,1779530970464,1779530970499,1779530970502,1779530970517
2026-05-23T10:09:30.5883410Z,1779530970588,1872,2465,1779530970520,1779530970520,1779530970523,1779530970542,1779530970542,1779530970545,1779530970555
2026-05-23T10:09:30.6607760Z,1779530970660,1873,2467,1779530970588,1779530970588,1779530970591,1779530970604,1779530970604,1779530970608,1779530970630
2026-05-23T10:09:30.6940680Z,1779530970694,1874,2468,1779530970629,1779530970630,1779530970633,1779530970640,1779530970640,1779530970644,1779530970661
2026-05-23T10:09:30.7341730Z,1779530970734,1875,2469,1779530970660,1779530970660,1779530970664,1779530970682,1779530970682,1779530970687,1779530970694
2026-05-23T10:09:30.7980030Z,1779530970798,1876,2471,1779530970734,1779530970734,1779530970737,1779530970744,1779530970744,1779530970746,1779530970765
2026-05-23T10:09:30.8304570Z,1779530970830,1877,2472,1779530970765,1779530970765,1779530970768,1779530970781,1779530970781,1779530970783,1779530970798
2026-05-23T10:09:30.8631920Z,1779530970863,1878,2473,1779530970798,1779530970798,1779530970801,1779530970824,1779530970824,1779530970825,1779530970830
2026-05-23T10:09:30.9281420Z,1779530970928,1879,2475,1779530970863,1779530970863,1779530970866,1779530970886,1779530970886,1779530970886,1779530970896
2026-05-23T10:09:30.9607520Z,1779530970960,1880,2476,1779530970895,1779530970895,1779530970898,1779530970922,1779530970922,1779530970924,1779530970928
2026-05-23T10:09:31.0261880Z,1779530971026,1881,2478,1779530970960,1779530970960,1779530970964,1779530970964,1779530970965,1779530970969,1779530970994
2026-05-23T10:09:31.0919710Z,1779530971091,1882,2479,1779530970993,1779530970993,1779530970997,1779530971028,1779530971028,1779530971034,1779530971058
2026-05-23T10:09:31.1638620Z,1779530971163,1883,2481,1779530971058,1779530971058,1779530971062,1779530971064,1779530971064,1779530971066,1779530971092
2026-05-23T10:09:31.1680010Z,1779530971168,1884,2482,1779530971092,1779530971092,1779530971095,1779530971107,1779530971107,1779530971107,1779530971164
2026-05-23T10:09:31.2409570Z,1779530971240,1885,2483,1779530971163,1779530971163,1779530971167,1779530971169,1779530971169,1779530971170,1779530971201
2026-05-23T10:09:31.2719830Z,1779530971271,1886,2485,1779530971201,1779530971201,1779530971204,1779530971208,1779530971208,1779530971213,1779530971241
2026-05-23T10:09:31.3050050Z,1779530971305,1887,2486,1779530971241,1779530971241,1779530971244,1779530971250,1779530971250,1779530971255,1779530971272
2026-05-23T10:09:31.3702680Z,1779530971370,1888,2488,1779530971305,1779530971305,1779530971308,1779530971312,1779530971313,1779530971313,1779530971337
2026-05-23T10:09:31.4027050Z,1779530971402,1889,2489,1779530971337,1779530971337,1779530971340,1779530971348,1779530971348,1779530971351,1779530971370
2026-05-23T10:09:31.4355450Z,1779530971435,1890,2490,1779530971370,1779530971370,1779530971373,1779530971391,1779530971391,1779530971393,1779530971402
2026-05-23T10:09:31.5006070Z,1779530971500,1891,2492,1779530971435,1779530971435,1779530971439,1779530971454,1779530971454,1779530971459,1779530971468
2026-05-23T10:09:31.5326190Z,1779530971532,1892,2493,1779530971467,1779530971467,1779530971471,1779530971490,1779530971490,1779530971491,1779530971501
2026-05-23T10:09:31.6020590Z,1779530971602,1893,2494,1779530971500,1779530971500,1779530971504,1779530971532,1779530971532,1779530971534,1779530971532
2026-05-23T10:09:31.6058360Z,1779530971605,1894,2495,1779530971532,1779530971532,1779530971536,1779530971596,1779530971596,1779530971597,1779530971602
2026-05-23T10:09:31.6805440Z,1779530971680,1895,2497,1779530971605,1779530971605,1779530971608,1779530971638,1779530971638,1779530971641,1779530971639
2026-05-23T10:09:31.7495870Z,1779530971749,1896,2498,1779530971639,1779530971639,1779530971642,1779530971679,1779530971679,1779530971682,1779530971680
2026-05-23T10:09:31.7531180Z,1779530971753,1897,2499,1779530971680,1779530971680,1779530971683,1779530971742,1779530971742,1779530971745,1779530971749
2026-05-23T10:09:31.8179250Z,1779530971817,1898,2501,1779530971753,1779530971753,1779530971756,1779530971780,1779530971780,1779530971782,1779530971786
2026-05-23T10:09:31.8832050Z,1779530971883,1899,2503,1779530971818,1779530971818,1779530971821,1779530971824,1779530971824,1779530971825,1779530971850
2026-05-23T10:09:31.9484600Z,1779530971948,1900,2504,1779530971850,1779530971850,1779530971853,1779530971886,1779530971886,1779530971888,1779530971916
2026-05-23T10:09:31.9811500Z,1779530971981,1901,2506,1779530971916,1779530971916,1779530971919,1779530971923,1779530971923,1779530971925,1779530971948
2026-05-23T10:09:32.0136260Z,1779530972013,1902,2507,1779530971948,1779530971948,1779530971951,1779530971965,1779530971966,1779530971968,1779530971981
2026-05-23T10:09:32.0793450Z,1779530972079,1903,2509,1779530972013,1779530972013,1779530972016,1779530972029,1779530972029,1779530972031,1779530972046
2026-05-23T10:09:32.1116950Z,1779530972111,1904,2510,1779530972046,1779530972046,1779530972049,1779530972068,1779530972068,1779530972072,1779530972079
2026-05-23T10:09:32.1862380Z,1779530972186,1905,2511,1779530972079,1779530972079,1779530972082,1779530972110,1779530972110,1779530972114,1779530972145
2026-05-23T10:09:32.2176560Z,1779530972217,1906,2513,1779530972144,1779530972144,1779530972147,1779530972175,1779530972175,1779530972179,1779530972186
2026-05-23T10:09:32.2572540Z,1779530972257,1907,2514,1779530972186,1779530972186,1779530972189,1779530972210,1779530972211,1779530972212,1779530972217
2026-05-23T10:09:32.2885350Z,1779530972288,1908,2515,1779530972217,1779530972217,1779530972220,1779530972252,1779530972252,1779530972254,1779530972257
2026-05-23T10:09:32.3541140Z,1779530972354,1909,2517,1779530972288,1779530972288,1779530972291,1779530972315,1779530972315,1779530972317,1779530972321
2026-05-23T10:09:32.3868750Z,1779530972386,1910,2518,1779530972321,1779530972321,1779530972324,1779530972350,1779530972350,1779530972353,1779530972354
2026-05-23T10:09:32.4522300Z,1779530972452,1911,2520,1779530972387,1779530972387,1779530972390,1779530972392,1779530972392,1779530972395,1779530972419
2026-05-23T10:09:32.5170790Z,1779530972517,1912,2521,1779530972419,1779530972419,1779530972422,1779530972454,1779530972454,1779530972458,1779530972485
2026-05-23T10:09:32.5497520Z,1779530972549,1913,2523,1779530972485,1779530972485,1779530972488,1779530972489,1779530972490,1779530972490,1779530972517
2026-05-23T10:09:32.5823520Z,1779530972582,1914,2524,1779530972517,1779530972517,1779530972520,1779530972531,1779530972531,1779530972531,1779530972550
2026-05-23T10:09:32.6927690Z,1779530972692,1915,2526,1779530972582,1779530972582,1779530972585,1779530972595,1779530972595,1779530972595,1779530972615
2026-05-23T10:09:32.6969940Z,1779530972696,1917,2527,1779530972615,1779530972615,1779530972618,1779530972633,1779530972675,1779530972679,1779530972693
2026-05-23T10:09:32.8030440Z,1779530972803,1918,2530,1779530972730,1779530972730,1779530972733,1779530972737,1779530972738,1779530972742,1779530972771
2026-05-23T10:09:32.8359040Z,1779530972835,1919,2530,1779530972730,1779530972730,1779530972733,1779530972737,1779530972773,1779530972778,1779530972803
2026-05-23T10:09:32.8688440Z,1779530972868,1920,2532,1779530972803,1779530972803,1779530972806,1779530972815,1779530972815,1779530972819,1779530972836
2026-05-23T10:09:32.9339340Z,1779530972933,1921,2534,1779530972868,1779530972868,1779530972871,1779530972878,1779530972878,1779530972882,1779530972901
2026-05-23T10:09:32.9665500Z,1779530972966,1922,2535,1779530972901,1779530972901,1779530972904,1779530972913,1779530972914,1779530972918,1779530972934
2026-05-23T10:09:32.9991750Z,1779530972999,1923,2536,1779530972933,1779530972934,1779530972937,1779530972956,1779530972956,1779530972961,1779530972966
2026-05-23T10:09:33.0651390Z,1779530973065,1924,2538,1779530972999,1779530972999,1779530973002,1779530973020,1779530973020,1779530973024,1779530973031
2026-05-23T10:09:33.0972060Z,1779530973097,1925,2539,1779530973031,1779530973031,1779530973035,1779530973056,1779530973056,1779530973062,1779530973065
2026-05-23T10:09:33.1302950Z,1779530973130,1926,2540,1779530973065,1779530973065,1779530973068,1779530973098,1779530973098,1779530973099,1779530973097
2026-05-23T10:09:33.2046250Z,1779530973204,1927,2542,1779530973130,1779530973130,1779530973133,1779530973161,1779530973161,1779530973161,1779530973163
2026-05-23T10:09:33.2359450Z,1779530973235,1928,2543,1779530973163,1779530973163,1779530973166,1779530973196,1779530973196,1779530973197,1779530973204
2026-05-23T10:09:33.3077980Z,1779530973307,1929,2544,1779530973204,1779530973204,1779530973207,1779530973238,1779530973238,1779530973240,1779530973276
2026-05-23T10:09:33.3404640Z,1779530973340,1930,2546,1779530973276,1779530973276,1779530973279,1779530973301,1779530973301,1779530973302,1779530973308
2026-05-23T10:09:33.3731940Z,1779530973373,1931,2547,1779530973307,1779530973307,1779530973311,1779530973339,1779530973339,1779530973339,1779530973340
2026-05-23T10:09:33.4390330Z,1779530973439,1932,2549,1779530973373,1779530973373,1779530973376,1779530973380,1779530973380,1779530973382,1779530973412
2026-05-23T10:09:33.5042170Z,1779530973504,1933,2551,1779530973439,1779530973439,1779530973442,1779530973443,1779530973443,1779530973445,1779530973471
2026-05-23T10:09:33.5369900Z,1779530973536,1934,2552,1779530973471,1779530973471,1779530973474,1779530973478,1779530973479,1779530973481,1779530973504
2026-05-23T10:09:33.5698580Z,1779530973569,1935,2553,1779530973504,1779530973504,1779530973507,1779530973521,1779530973521,1779530973523,1779530973537
2026-05-23T10:09:33.6354830Z,1779530973635,1936,2555,1779530973569,1779530973569,1779530973573,1779530973584,1779530973584,1779530973586,1779530973602
2026-05-23T10:09:33.6689830Z,1779530973668,1937,2556,1779530973602,1779530973602,1779530973605,1779530973621,1779530973621,1779530973623,1779530973635
2026-05-23T10:09:33.7107590Z,1779530973710,1938,2557,1779530973635,1779530973635,1779530973638,1779530973666,1779530973666,1779530973669,1779530973669
2026-05-23T10:09:33.7923440Z,1779530973792,1940,2559,1779530973710,1779530973710,1779530973714,1779530973728,1779530973766,1779530973768,1779530973787
2026-05-23T10:09:33.8592920Z,1779530973859,1941,2561,1779530973792,1779530973792,1779530973795,1779530973808,1779530973808,1779530973809,1779530973827
2026-05-23T10:09:33.9262910Z,1779530973926,1942,2563,1779530973859,1779530973859,1779530973862,1779530973871,1779530973871,1779530973872,1779530973892
2026-05-23T10:09:33.9588960Z,1779530973958,1943,2564,1779530973892,1779530973892,1779530973895,1779530973910,1779530973910,1779530973914,1779530973926
2026-05-23T10:09:33.9910590Z,1779530973991,1944,2565,1779530973926,1779530973926,1779530973929,1779530973951,1779530973951,1779530973956,1779530973959
2026-05-23T10:09:34.0628970Z,1779530974062,1945,2567,1779530973991,1779530973991,1779530973994,1779530974014,1779530974014,1779530974019,1779530974026
2026-05-23T10:09:34.1014720Z,1779530974101,1946,2568,1779530974026,1779530974026,1779530974029,1779530974053,1779530974053,1779530974056,1779530974063
2026-05-23T10:09:34.1376220Z,1779530974137,1947,2569,1779530974063,1779530974063,1779530974066,1779530974095,1779530974095,1779530974099,1779530974101
2026-05-23T10:09:34.2108070Z,1779530974210,1948,2571,1779530974137,1779530974137,1779530974140,1779530974158,1779530974158,1779530974161,1779530974174
2026-05-23T10:09:34.2526750Z,1779530974252,1949,2572,1779530974174,1779530974174,1779530974177,1779530974193,1779530974193,1779530974198,1779530974211
2026-05-23T10:09:34.3265960Z,1779530974326,1950,2573,1779530974210,1779530974210,1779530974214,1779530974236,1779530974236,1779530974239,1779530974252
2026-05-23T10:09:34.3304770Z,1779530974330,1951,2574,1779530974252,1779530974252,1779530974255,1779530974298,1779530974298,1779530974302,1779530974326
2026-05-23T10:09:34.3959560Z,1779530974395,1952,2576,1779530974330,1779530974330,1779530974334,1779530974335,1779530974335,1779530974339,1779530974362
2026-05-23T10:09:34.4277470Z,1779530974427,1953,2577,1779530974362,1779530974362,1779530974365,1779530974377,1779530974377,1779530974380,1779530974396
2026-05-23T10:09:34.4932200Z,1779530974493,1954,2579,1779530974427,1779530974427,1779530974431,1779530974441,1779530974441,1779530974442,1779530974460
2026-05-23T10:09:34.5261420Z,1779530974526,1955,2580,1779530974460,1779530974460,1779530974463,1779530974477,1779530974477,1779530974480,1779530974493
2026-05-23T10:09:34.5589230Z,1779530974558,1956,2581,1779530974493,1779530974493,1779530974496,1779530974519,1779530974519,1779530974522,1779530974526
2026-05-23T10:09:34.6238630Z,1779530974623,1957,2583,1779530974558,1779530974559,1779530974562,1779530974582,1779530974582,1779530974587,1779530974591
2026-05-23T10:09:34.6571590Z,1779530974657,1958,2584,1779530974591,1779530974591,1779530974594,1779530974618,1779530974619,1779530974622,1779530974624
2026-05-23T10:09:34.7230540Z,1779530974723,1959,2586,1779530974657,1779530974657,1779530974660,1779530974661,1779530974661,1779530974664,1779530974690
2026-05-23T10:09:34.7961740Z,1779530974796,1961,2588,1779530974723,1779530974723,1779530974726,1779530974759,1779530974759,1779530974760,1779530974765
2026-05-23T10:09:34.8758020Z,1779530974875,1963,2590,1779530974796,1779530974796,1779530974799,1779530974803,1779530974865,1779530974866,1779530974872
2026-05-23T10:09:34.9424680Z,1779530974942,1964,2592,1779530974875,1779530974875,1779530974878,1779530974901,1779530974901,1779530974904,1779530974909
2026-05-23T10:09:35.0083920Z,1779530975008,1965,2593,1779530974909,1779530974909,1779530974912,1779530974943,1779530974944,1779530974946,1779530974976
2026-05-23T10:09:35.0412750Z,1779530975041,1966,2595,1779530974976,1779530974976,1779530974979,1779530975006,1779530975006,1779530975009,1779530975008
2026-05-23T10:09:35.1062740Z,1779530975106,1967,2596,1779530975008,1779530975008,1779530975011,1779530975041,1779530975042,1779530975045,1779530975073
2026-05-23T10:09:35.1383760Z,1779530975138,1968,2598,1779530975073,1779530975073,1779530975077,1779530975083,1779530975084,1779530975087,1779530975106
2026-05-23T10:09:35.2042900Z,1779530975204,1969,2600,1779530975138,1779530975138,1779530975141,1779530975147,1779530975147,1779530975150,1779530975171
2026-05-23T10:09:35.2770370Z,1779530975277,1970,2601,1779530975171,1779530975171,1779530975174,1779530975185,1779530975185,1779530975186,1779530975204
2026-05-23T10:09:35.2809820Z,1779530975280,1971,2602,1779530975204,1779530975204,1779530975207,1779530975227,1779530975227,1779530975228,1779530975277
2026-05-23T10:09:35.3539280Z,1779530975353,1972,2604,1779530975281,1779530975281,1779530975284,1779530975289,1779530975289,1779530975290,1779530975313
2026-05-23T10:09:35.3852240Z,1779530975385,1973,2605,1779530975313,1779530975313,1779530975316,1779530975325,1779530975325,1779530975327,1779530975354
2026-05-23T10:09:35.4176980Z,1779530975417,1974,2606,1779530975353,1779530975354,1779530975357,1779530975367,1779530975367,1779530975368,1779530975385
2026-05-23T10:09:35.4831370Z,1779530975483,1975,2608,1779530975418,1779530975418,1779530975421,1779530975428,1779530975429,1779530975431,1779530975450
2026-05-23T10:09:35.5156820Z,1779530975515,1976,2609,1779530975450,1779530975450,1779530975453,1779530975464,1779530975464,1779530975468,1779530975483
2026-05-23T10:09:35.5483180Z,1779530975548,1977,2610,1779530975483,1779530975483,1779530975486,1779530975505,1779530975505,1779530975510,1779530975515
2026-05-23T10:09:35.6135680Z,1779530975613,1978,2612,1779530975548,1779530975548,1779530975551,1779530975567,1779530975567,1779530975568,1779530975581
2026-05-23T10:09:35.6461980Z,1779530975646,1979,2613,1779530975581,1779530975581,1779530975584,1779530975602,1779530975602,1779530975606,1779530975613
2026-05-23T10:09:35.7121590Z,1779530975712,1980,2614,1779530975613,1779530975613,1779530975616,1779530975643,1779530975643,1779530975648,1779530975678
2026-05-23T10:09:35.7838320Z,1779530975783,1981,2616,1779530975678,1779530975678,1779530975682,1779530975706,1779530975707,1779530975712,1779530975712
2026-05-23T10:09:35.7880780Z,1779530975788,1982,2617,1779530975712,1779530975712,1779530975715,1779530975742,1779530975743,1779530975744,1779530975784
2026-05-23T10:09:35.8607670Z,1779530975860,1983,2617,1779530975712,1779530975712,1779530975715,1779530975742,1779530975785,1779530975790,1779530975821
2026-05-23T10:09:35.8919420Z,1779530975891,1984,2620,1779530975820,1779530975820,1779530975824,1779530975847,1779530975848,1779530975852,1779530975861
2026-05-23T10:09:35.9245210Z,1779530975924,1985,2621,1779530975860,1779530975860,1779530975863,1779530975883,1779530975883,1779530975885,1779530975892
2026-05-23T10:09:35.9966430Z,1779530975996,1987,2623,1779530975924,1779530975924,1779530975928,1779530975990,1779530975990,1779530975995,1779530975993
2026-05-23T10:09:36.0629230Z,1779530976062,1988,2625,1779530975996,1779530975996,1779530975999,1779530976026,1779530976026,1779530976027,1779530976029
2026-05-23T10:09:36.1284660Z,1779530976128,1989,2627,1779530976062,1779530976063,1779530976066,1779530976068,1779530976069,1779530976069,1779530976096
2026-05-23T10:09:36.1938140Z,1779530976193,1990,2629,1779530976128,1779530976128,1779530976131,1779530976132,1779530976132,1779530976133,1779530976161
2026-05-23T10:09:36.2270060Z,1779530976227,1991,2630,1779530976161,1779530976161,1779530976164,1779530976169,1779530976169,1779530976170,1779530976194
2026-05-23T10:09:36.2598930Z,1779530976259,1992,2631,1779530976193,1779530976193,1779530976197,1779530976213,1779530976213,1779530976218,1779530976227
2026-05-23T10:09:36.3709070Z,1779530976370,1993,2633,1779530976259,1779530976259,1779530976263,1779530976276,1779530976276,1779530976279,1779530976301
2026-05-23T10:09:36.3753270Z,1779530976375,1995,2634,1779530976301,1779530976301,1779530976304,1779530976312,1779530976354,1779530976357,1779530976371
2026-05-23T10:09:36.4724070Z,1779530976472,1996,2637,1779530976407,1779530976407,1779530976410,1779530976417,1779530976417,1779530976420,1779530976440
2026-05-23T10:09:36.5052550Z,1779530976505,1997,2638,1779530976440,1779530976440,1779530976443,1779530976453,1779530976453,1779530976456,1779530976472
2026-05-23T10:09:36.5377060Z,1779530976537,1998,2639,1779530976472,1779530976472,1779530976475,1779530976496,1779530976497,1779530976499,1779530976505
2026-05-23T10:09:36.6029840Z,1779530976602,1999,2641,1779530976537,1779530976537,1779530976540,1779530976559,1779530976559,1779530976561,1779530976570
2026-05-23T10:09:36.6362310Z,1779530976636,2000,2642,1779530976570,1779530976570,1779530976573,1779530976596,1779530976596,1779530976599,1779530976603
2026-05-23T10:09:36.7013650Z,1779530976701,2001,2643,1779530976603,1779530976603,1779530976606,1779530976638,1779530976638,1779530976641,1779530976668
2026-05-23T10:09:36.7344450Z,1779530976734,2002,2645,1779530976668,1779530976668,1779530976671,1779530976702,1779530976702,1779530976703,1779530976701
2026-05-23T10:09:36.8083240Z,1779530976808,2003,2647,1779530976734,1779530976734,1779530976737,1779530976738,1779530976738,1779530976740,1779530976768
2026-05-23T10:09:36.8396260Z,1779530976839,2004,2648,1779530976768,1779530976768,1779530976771,1779530976781,1779530976781,1779530976784,1779530976808
2026-05-23T10:09:36.9114460Z,1779530976911,2005,2650,1779530976839,1779530976839,1779530976843,1779530976845,1779530976845,1779530976848,1779530976880
2026-05-23T10:09:36.9439830Z,1779530976943,2006,2650,1779530976839,1779530976839,1779530976843,1779530976845,1779530976881,1779530976884,1779530976912
2026-05-23T10:09:36.9765700Z,1779530976976,2007,2652,1779530976911,1779530976911,1779530976914,1779530976922,1779530976923,1779530976926,1779530976944
2026-05-23T10:09:37.0779960Z,1779530977077,2008,2654,1779530976976,1779530976976,1779530976979,1779530976986,1779530976986,1779530976989,1779530977009
2026-05-23T10:09:37.0812270Z,1779530977081,2010,2655,1779530977009,1779530977009,1779530977012,1779530977021,1779530977063,1779530977066,1779530977078
2026-05-23T10:09:37.1811120Z,1779530977181,2011,2658,1779530977114,1779530977114,1779530977118,1779530977125,1779530977126,1779530977126,1779530977148
2026-05-23T10:09:37.2137280Z,1779530977213,2012,2659,1779530977147,1779530977147,1779530977151,1779530977161,1779530977161,1779530977162,1779530977181
2026-05-23T10:09:37.2470640Z,1779530977247,2013,2660,1779530977181,1779530977181,1779530977184,1779530977203,1779530977203,1779530977203,1779530977213
2026-05-23T10:09:37.3211500Z,1779530977321,2014,2662,1779530977247,1779530977247,1779530977253,1779530977266,1779530977266,1779530977269,1779530977280
2026-05-23T10:09:37.3532140Z,1779530977353,2015,2663,1779530977280,1779530977280,1779530977283,1779530977302,1779530977303,1779530977306,1779530977321
2026-05-23T10:09:37.3935870Z,1779530977393,2016,2664,1779530977321,1779530977321,1779530977324,1779530977344,1779530977344,1779530977348,1779530977353
2026-05-23T10:09:37.4580040Z,1779530977458,2017,2666,1779530977393,1779530977393,1779530977396,1779530977406,1779530977406,1779530977411,1779530977425
2026-05-23T10:09:37.4903590Z,1779530977490,2018,2667,1779530977425,1779530977425,1779530977428,1779530977441,1779530977442,1779530977443,1779530977458
2026-05-23T10:09:37.5233480Z,1779530977523,2019,2668,1779530977458,1779530977458,1779530977461,1779530977483,1779530977484,1779530977486,1779530977490
2026-05-23T10:09:37.5887730Z,1779530977588,2020,2670,1779530977523,1779530977523,1779530977526,1779530977546,1779530977546,1779530977546,1779530977556
2026-05-23T10:09:37.6215330Z,1779530977621,2021,2671,1779530977556,1779530977556,1779530977559,1779530977584,1779530977584,1779530977589,1779530977588
2026-05-23T10:09:37.6881180Z,1779530977688,2022,2673,1779530977621,1779530977621,1779530977624,1779530977625,1779530977625,1779530977630,1779530977654
2026-05-23T10:09:37.7529940Z,1779530977752,2023,2674,1779530977654,1779530977654,1779530977657,1779530977689,1779530977690,1779530977691,1779530977720
2026-05-23T10:09:37.7874700Z,1779530977787,2024,2676,1779530977719,1779530977719,1779530977723,1779530977727,1779530977727,1779530977728,1779530977753
2026-05-23T10:09:37.8276370Z,1779530977827,2025,2677,1779530977753,1779530977753,1779530977756,1779530977770,1779530977770,1779530977771,1779530977787
2026-05-23T10:09:37.9001860Z,1779530977900,2026,2679,1779530977827,1779530977827,1779530977830,1779530977835,1779530977835,1779530977840,1779530977859
2026-05-23T10:09:37.9316160Z,1779530977931,2027,2680,1779530977859,1779530977859,1779530977862,1779530977871,1779530977872,1779530977876,1779530977900
2026-05-23T10:09:37.9640590Z,1779530977964,2028,2681,1779530977900,1779530977900,1779530977903,1779530977913,1779530977914,1779530977917,1779530977931
2026-05-23T10:09:38.0295660Z,1779530978029,2029,2683,1779530977964,1779530977964,1779530977967,1779530977978,1779530977978,1779530977981,1779530977997
2026-05-23T10:09:38.0625300Z,1779530978062,2030,2684,1779530977997,1779530977997,1779530978000,1779530978014,1779530978015,1779530978018,1779530978029
2026-05-23T10:09:38.1315530Z,1779530978131,2031,2685,1779530978029,1779530978029,1779530978033,1779530978057,1779530978057,1779530978060,1779530978062
2026-05-23T10:09:38.1349450Z,1779530978134,2032,2686,1779530978062,1779530978062,1779530978065,1779530978120,1779530978120,1779530978121,1779530978131
2026-05-23T10:09:38.2015420Z,1779530978201,2033,2688,1779530978134,1779530978135,1779530978138,1779530978155,1779530978156,1779530978158,1779530978168
2026-05-23T10:09:38.2350250Z,1779530978235,2034,2689,1779530978168,1779530978168,1779530978171,1779530978197,1779530978197,1779530978200,1779530978201
2026-05-23T10:09:38.3403000Z,1779530978340,2035,2691,1779530978235,1779530978235,1779530978238,1779530978260,1779530978260,1779530978262,1779530978268
2026-05-23T10:09:38.3441050Z,1779530978344,2037,2692,1779530978267,1779530978267,1779530978271,1779530978296,1779530978338,1779530978341,1779530978340
2026-05-23T10:09:38.4493370Z,1779530978449,2038,2695,1779530978376,1779530978376,1779530978380,1779530978400,1779530978400,1779530978405,1779530978417
2026-05-23T10:09:38.4815150Z,1779530978481,2039,2696,1779530978417,1779530978417,1779530978421,1779530978436,1779530978437,1779530978443,1779530978449
2026-05-23T10:09:38.5144540Z,1779530978514,2040,2697,1779530978449,1779530978449,1779530978452,1779530978478,1779530978478,1779530978480,1779530978481
2026-05-23T10:09:38.5796520Z,1779530978579,2041,2699,1779530978514,1779530978514,1779530978518,1779530978541,1779530978541,1779530978542,1779530978547
2026-05-23T10:09:38.6120370Z,1779530978612,2042,2700,1779530978547,1779530978547,1779530978550,1779530978576,1779530978576,1779530978580,1779530978579
2026-05-23T10:09:38.6779470Z,1779530978677,2043,2702,1779530978612,1779530978612,1779530978615,1779530978619,1779530978619,1779530978621,1779530978645
2026-05-23T10:09:38.7432240Z,1779530978743,2044,2704,1779530978678,1779530978678,1779530978681,1779530978682,1779530978682,1779530978686,1779530978710
2026-05-23T10:09:38.7761960Z,1779530978776,2045,2705,1779530978710,1779530978710,1779530978713,1779530978717,1779530978717,1779530978719,1779530978743
2026-05-23T10:09:38.8483850Z,1779530978848,2046,2706,1779530978743,1779530978743,1779530978746,1779530978759,1779530978760,1779530978761,1779530978776
2026-05-23T10:09:38.8519770Z,1779530978851,2047,2707,1779530978776,1779530978776,1779530978779,1779530978822,1779530978822,1779530978823,1779530978848
2026-05-23T10:09:38.9264660Z,1779530978926,2048,2709,1779530978852,1779530978852,1779530978854,1779530978858,1779530978858,1779530978861,1779530978885
2026-05-23T10:09:38.9576530Z,1779530978957,2049,2710,1779530978885,1779530978885,1779530978888,1779530978900,1779530978901,1779530978902,1779530978926
2026-05-23T10:09:39.0225510Z,1779530979022,2050,2712,1779530978957,1779530978957,1779530978960,1779530978965,1779530978965,1779530978967,1779530978990
2026-05-23T10:09:39.0557350Z,1779530979055,2051,2713,1779530978990,1779530978990,1779530978993,1779530979002,1779530979002,1779530979003,1779530979022
2026-05-23T10:09:39.0880810Z,1779530979088,2052,2714,1779530979022,1779530979022,1779530979025,1779530979045,1779530979046,1779530979051,1779530979056
2026-05-23T10:09:39.1536350Z,1779530979153,2053,2716,1779530979088,1779530979088,1779530979092,1779530979107,1779530979107,1779530979108,1779530979121
2026-05-23T10:09:39.2226750Z,1779530979222,2054,2717,1779530979120,1779530979120,1779530979123,1779530979143,1779530979143,1779530979144,1779530979153
2026-05-23T10:09:39.2265340Z,1779530979226,2055,2718,1779530979153,1779530979153,1779530979156,1779530979185,1779530979185,1779530979186,1779530979222
2026-05-23T10:09:39.2939100Z,1779530979293,2056,2720,1779530979226,1779530979226,1779530979229,1779530979249,1779530979249,1779530979251,1779530979260
2026-05-23T10:09:39.3355640Z,1779530979335,2057,2721,1779530979259,1779530979260,1779530979263,1779530979285,1779530979285,1779530979287,1779530979294
2026-05-23T10:09:39.3662440Z,1779530979366,2058,2722,1779530979293,1779530979294,1779530979297,1779530979327,1779530979327,1779530979329,1779530979335
2026-05-23T10:09:39.4411310Z,1779530979441,2059,2724,1779530979366,1779530979366,1779530979369,1779530979388,1779530979388,1779530979390,1779530979400
2026-05-23T10:09:39.4716620Z,1779530979471,2060,2725,1779530979399,1779530979399,1779530979402,1779530979424,1779530979424,1779530979427,1779530979441
2026-05-23T10:09:39.5044680Z,1779530979504,2061,2726,1779530979441,1779530979441,1779530979444,1779530979466,1779530979466,1779530979468,1779530979471
2026-05-23T10:09:39.5702690Z,1779530979570,2062,2728,1779530979504,1779530979504,1779530979507,1779530979528,1779530979529,1779530979533,1779530979537
2026-05-23T10:09:39.6028380Z,1779530979602,2063,2729,1779530979537,1779530979537,1779530979540,1779530979566,1779530979567,1779530979569,1779530979570
2026-05-23T10:09:39.6677810Z,1779530979667,2064,2731,1779530979602,1779530979602,1779530979606,1779530979607,1779530979607,1779530979610,1779530979635
2026-05-23T10:09:39.7329500Z,1779530979732,2065,2733,1779530979667,1779530979667,1779530979671,1779530979671,1779530979671,1779530979672,1779530979700
2026-05-23T10:09:39.7656060Z,1779530979765,2066,2734,1779530979700,1779530979700,1779530979703,1779530979711,1779530979711,1779530979714,1779530979733
2026-05-23T10:09:39.7985430Z,1779530979798,2067,2735,1779530979733,1779530979733,1779530979736,1779530979752,1779530979753,1779530979756,1779530979765
2026-05-23T10:09:39.8749110Z,1779530979874,2069,2737,1779530979798,1779530979798,1779530979802,1779530979815,1779530979850,1779530979854,1779530979870
2026-05-23T10:09:39.9476030Z,1779530979947,2070,2739,1779530979874,1779530979875,1779530979878,1779530979892,1779530979892,1779530979896,1779530979907
2026-05-23T10:09:40.0117830Z,1779530980011,2071,2741,1779530979947,1779530979947,1779530979950,1779530979955,1779530979955,1779530979958,1779530979979
2026-05-23T10:09:40.0441590Z,1779530980044,2072,2742,1779530979978,1779530979978,1779530979982,1779530979990,1779530979990,1779530979995,1779530980012
2026-05-23T10:09:40.0770310Z,1779530980077,2073,2743,1779530980011,1779530980011,1779530980014,1779530980032,1779530980032,1779530980037,1779530980044
2026-05-23T10:09:40.1417860Z,1779530980141,2074,2745,1779530980077,1779530980077,1779530980080,1779530980096,1779530980096,1779530980099,1779530980109
2026-05-23T10:09:40.1744250Z,1779530980174,2075,2746,1779530980109,1779530980109,1779530980112,1779530980132,1779530980132,1779530980135,1779530980142
2026-05-23T10:09:40.2397240Z,1779530980239,2076,2747,1779530980141,1779530980141,1779530980144,1779530980174,1779530980174,1779530980178,1779530980207
2026-05-23T10:09:40.3095500Z,1779530980309,2077,2749,1779530980207,1779530980207,1779530980210,1779530980236,1779530980236,1779530980241,1779530980240
2026-05-23T10:09:40.3143690Z,1779530980314,2078,2750,1779530980239,1779530980239,1779530980242,1779530980272,1779530980272,1779530980273,1779530980309
2026-05-23T10:09:40.3474170Z,1779530980347,2079,2751,1779530980309,1779530980309,1779530980313,1779530980314,1779530980314,1779530980315,1779530980314
2026-05-23T10:09:40.4598820Z,1779530980459,2080,2753,1779530980347,1779530980347,1779530980350,1779530980377,1779530980377,1779530980377,1779530980388
2026-05-23T10:09:40.4647000Z,1779530980464,2082,2754,1779530980388,1779530980388,1779530980391,1779530980412,1779530980454,1779530980455,1779530980460
2026-05-23T10:09:40.5619650Z,1779530980561,2083,2757,1779530980496,1779530980496,1779530980499,1779530980516,1779530980516,1779530980519,1779530980529
2026-05-23T10:09:40.5945450Z,1779530980594,2084,2758,1779530980529,1779530980529,1779530980532,1779530980553,1779530980553,1779530980556,1779530980562
2026-05-23T10:09:40.6599260Z,1779530980659,2085,2759,1779530980562,1779530980562,1779530980565,1779530980594,1779530980594,1779530980599,1779530980627
2026-05-23T10:09:40.6924300Z,1779530980692,2086,2761,1779530980627,1779530980627,1779530980630,1779530980657,1779530980657,1779530980659,1779530980660
2026-05-23T10:09:40.7577160Z,1779530980757,2087,2762,1779530980659,1779530980660,1779530980663,1779530980691,1779530980692,1779530980696,1779530980725
2026-05-23T10:09:40.7910450Z,1779530980791,2088,2764,1779530980725,1779530980725,1779530980728,1779530980733,1779530980733,1779530980738,1779530980764
2026-05-23T10:09:40.8963690Z,1779530980896,2089,2766,1779530980791,1779530980791,1779530980794,1779530980798,1779530980798,1779530980799,1779530980823
2026-05-23T10:09:40.9001240Z,1779530980900,2091,2767,1779530980823,1779530980823,1779530980826,1779530980835,1779530980877,1779530980879,1779530980896
2026-05-23T10:09:40.9775870Z,1779530980977,2092,2769,1779530980900,1779530980900,1779530980903,1779530980939,1779530980940,1779530980943,1779530980972
2026-05-23T10:09:41.0429080Z,1779530981042,2093,2770,1779530980972,1779530980972,1779530980976,1779530980976,1779530980977,1779530980980,1779530981009
2026-05-23T10:09:41.0770620Z,1779530981077,2094,2772,1779530981009,1779530981009,1779530981012,1779530981019,1779530981019,1779530981022,1779530981043
2026-05-23T10:09:41.1486610Z,1779530981148,2095,2774,1779530981077,1779530981077,1779530981080,1779530981081,1779530981081,1779530981084,1779530981112
2026-05-23T10:09:41.1828560Z,1779530981182,2096,2775,1779530981112,1779530981112,1779530981115,1779530981117,1779530981118,1779530981120,1779530981148
2026-05-23T10:09:41.2181710Z,1779530981218,2097,2776,1779530981148,1779530981148,1779530981151,1779530981163,1779530981163,1779530981168,1779530981183
2026-05-23T10:09:41.2838130Z,1779530981283,2098,2778,1779530981218,1779530981218,1779530981221,1779530981228,1779530981228,1779530981233,1779530981251
2026-05-23T10:09:41.3170980Z,1779530981317,2099,2779,1779530981250,1779530981250,1779530981253,1779530981264,1779530981264,1779530981265,1779530981284
2026-05-23T10:09:41.3934010Z,1779530981393,2100,2780,1779530981283,1779530981283,1779530981287,1779530981306,1779530981307,1779530981311,1779530981317
2026-05-23T10:09:41.3974910Z,1779530981397,2101,2781,1779530981317,1779530981317,1779530981320,1779530981372,1779530981372,1779530981373,1779530981393
2026-05-23T10:09:41.4725610Z,1779530981472,2102,2783,1779530981397,1779530981397,1779530981400,1779530981408,1779530981408,1779530981410,1779530981430
2026-05-23T10:09:41.5433920Z,1779530981543,2103,2784,1779530981430,1779530981430,1779530981433,1779530981450,1779530981450,1779530981452,1779530981472
2026-05-23T10:09:41.5472410Z,1779530981547,2104,2785,1779530981472,1779530981472,1779530981475,1779530981513,1779530981513,1779530981516,1779530981543
2026-05-23T10:09:41.6129920Z,1779530981612,2105,2787,1779530981547,1779530981547,1779530981551,1779530981553,1779530981553,1779530981558,1779530981579
2026-05-23T10:09:41.6449310Z,1779530981644,2106,2788,1779530981578,1779530981579,1779530981582,1779530981593,1779530981593,1779530981594,1779530981613
2026-05-23T10:09:41.7102990Z,1779530981710,2107,2790,1779530981644,1779530981645,1779530981648,1779530981655,1779530981655,1779530981656,1779530981677
2026-05-23T10:09:41.7822040Z,1779530981782,2108,2791,1779530981677,1779530981677,1779530981680,1779530981692,1779530981692,1779530981693,1779530981710
2026-05-23T10:09:41.7870280Z,1779530981787,2109,2792,1779530981710,1779530981710,1779530981713,1779530981735,1779530981735,1779530981735,1779530981782
2026-05-23T10:09:41.9011620Z,1779530981901,2110,2794,1779530981787,1779530981787,1779530981790,1779530981799,1779530981799,1779530981804,1779530981822
