t3_recv,tq_dequeue,cmd_seq,t0,t1,action_type,action_data
1779559387790,1779559387797,,,,unknown,"{""handshake"": 1}"
1779559390578,1779559390605,1,1779559390567,1779559390567,delta,"0,0.05"
1779559390584,1779559390605,2,1779559390576,1779559390576,delta,"0,0.05"
1779559390618,1779559390638,3,1779559390609,1779559390609,delta,"0,0.05"
1779559390653,1779559390677,4,1779559390644,1779559390644,delta,"0,0.05"
1779559390686,1779559390730,5,1779559390677,1779559390677,delta,"0,0.05"
1779559390720,1779559390730,6,1779559390711,1779559390711,delta,"0,0.05"
1779559390755,1779559390763,7,1779559390746,1779559390746,delta,"0,0.05"
1779559390789,1779559390801,8,1779559390780,1779559390780,delta,"0,0.05"
1779559390823,1779559390854,9,1779559390814,1779559390814,delta,"0,0.05"
1779559390857,1779559390887,10,1779559390849,1779559390849,delta,"0,0.05"
1779559390934,1779559390981,11,1779559390925,1779559390925,delta,"0,0.05"
1779559390939,1779559390981,12,1779559390929,1779559390929,delta,"0,0.05"
1779559390973,1779559390981,13,1779559390964,1779559390964,delta,"0,0.05"
1779559391016,1779559391051,14,1779559391007,1779559391007,delta,"0,0.05"
1779559391048,1779559391051,15,1779559391039,1779559391039,delta,"0,0.05"
1779559391083,1779559391105,16,1779559391074,1779559391074,delta,"0,0.05"
1779559391117,1779559391140,17,1779559391109,1779559391109,delta,"0,0.05"
1779559391153,1779559391179,18,1779559391144,1779559391144,delta,"0,0.05"
1779559391186,1779559391233,19,1779559391177,1779559391177,delta,"0,0.05"
1779559391220,1779559391233,20,1779559391211,1779559391211,delta,"0,0.05"
1779559391254,1779559391266,21,1779559391246,1779559391246,delta,"0,0.05"
1779559391289,1779559391304,22,1779559391280,1779559391280,delta,"0,0.05"
1779559391323,1779559391358,23,1779559391314,1779559391314,delta,"0,0.05"
1779559391358,1779559391358,24,1779559391349,1779559391349,delta,"0,0.05"
1779559391394,1779559391430,25,1779559391384,1779559391384,delta,"0,0.05"
1779559391437,1779559391484,26,1779559391428,1779559391428,delta,"0,0.05"
1779559391471,1779559391484,27,1779559391461,1779559391461,delta,"0,0.05"
1779559391514,1779559391517,28,1779559391505,1779559391505,delta,"0,0.05"
1779559391586,1779559391609,29,1779559391578,1779559391578,delta,"0,0.05"
1779559391591,1779559391609,30,1779559391582,1779559391582,delta,"0,0.05"
1779559391625,1779559391642,31,1779559391616,1779559391616,delta,"0,0.05"
1779559391659,1779559391680,32,1779559391650,1779559391650,delta,"0,0.05"
1779559391694,1779559391734,33,1779559391685,1779559391685,delta,"0,0.05"
1779559391728,1779559391734,34,1779559391719,1779559391719,delta,"0,0.05"
1779559391763,1779559391767,35,1779559391754,1779559391754,delta,"0,0.05"
1779559391797,1779559391805,36,1779559391788,1779559391788,delta,"0,0.05"
1779559391831,1779559391859,37,1779559391822,1779559391822,delta,"0,0.05"
1779559391866,1779559391892,38,1779559391858,1779559391858,delta,"0,0.05"
1779559391901,1779559391930,39,1779559391892,1779559391892,delta,"0,0.05"
1779559391944,1779559391983,40,1779559391935,1779559391935,delta,"0,0.05"
1779559391977,1779559391983,41,1779559391968,1779559391968,delta,"0,0.05"
1779559392020,1779559392054,42,1779559392011,1779559392011,delta,"0,0.05"
1779559392053,1779559392054,43,1779559392044,1779559392044,delta,"0,0.05"
1779559392089,1779559392107,44,1779559392080,1779559392080,delta,"0,0.05"
1779559392128,1779559392140,45,1779559392119,1779559392119,delta,"0,0.05"
1779559392166,1779559392177,46,1779559392157,1779559392157,delta,"0,0.05"
1779559392205,1779559392232,47,1779559392197,1779559392197,delta,"0,0.05"
1779559392244,1779559392265,48,1779559392235,1779559392235,delta,"0,0.05"
1779559392282,1779559392303,49,1779559392273,1779559392273,delta,"0,0.05"
1779559392321,1779559392358,50,1779559392312,1779559392312,delta,"0,0.05"
1779559392356,1779559392358,51,1779559392346,1779559392346,delta,"0,0.05"
1779559392390,1779559392391,52,1779559392381,1779559392381,delta,"0,0.05"
1779559392466,1779559392483,53,1779559392457,1779559392457,delta,"0,0.05"
1779559392470,1779559392483,54,1779559392461,1779559392461,delta,"0,0.05"
1779559392505,1779559392516,55,1779559392496,1779559392496,delta,"0,0.05"
1779559392547,1779559392553,56,1779559392537,1779559392537,delta,"0,0.05"
1779559392579,1779559392607,57,1779559392570,1779559392570,delta,"0,0.05"
1779559392614,1779559392640,58,1779559392605,1779559392605,delta,"0,0.05"
1779559392648,1779559392678,59,1779559392640,1779559392640,delta,"0,0.05"
1779559392683,1779559392731,60,1779559392674,1779559392674,delta,"0,0.05"
1779559392718,1779559392731,61,1779559392709,1779559392709,delta,"0,0.05"
1779559392752,1779559392764,62,1779559392743,1779559392743,delta,"0,0.05"
1779559392786,1779559392803,63,1779559392777,1779559392777,delta,"0,0.05"
1779559392820,1779559392856,64,1779559392811,1779559392811,delta,"0,0.05"
1779559392855,1779559392856,65,1779559392846,1779559392846,delta,"0,0.05"
1779559392889,1779559392927,66,1779559392881,1779559392881,delta,"0,0.05"
1779559392924,1779559392927,67,1779559392915,1779559392915,delta,"0,0.05"
1779559392968,1779559392981,68,1779559392957,1779559392957,delta,"0,0.05"
1779559393000,1779559393015,69,1779559392990,1779559392990,delta,"0,0.05"
1779559393042,1779559393053,70,1779559393033,1779559393033,delta,"0,0.05"
1779559393074,1779559393107,71,1779559393066,1779559393066,delta,"0,0.05"
1779559393109,1779559393140,72,1779559393100,1779559393100,delta,"0,0.05"
1779559393143,1779559393178,73,1779559393135,1779559393135,delta,"0,0.05"
1779559393177,1779559393178,74,1779559393168,1779559393168,delta,"0,0.05"
1779559393212,1779559393232,75,1779559393203,1779559393203,delta,"0,0.05"
1779559393246,1779559393264,76,1779559393237,1779559393237,delta,"0,0.05"
1779559393281,1779559393302,77,1779559393272,1779559393272,delta,"0,0.05"
1779559393315,1779559393356,78,1779559393306,1779559393306,delta,"0,0.05"
1779559393349,1779559393356,79,1779559393340,1779559393340,delta,"0,0.05"
1779559393383,1779559393389,80,1779559393375,1779559393375,delta,"0,0.05"
1779559393428,1779559393483,81,1779559393419,1779559393419,delta,"0,0.05"
1779559393462,1779559393483,82,1779559393453,1779559393453,delta,"0,0.05"
1779559393495,1779559393516,83,1779559393486,1779559393486,delta,"0,0.05"
1779559393537,1779559393554,84,1779559393528,1779559393528,delta,"0,0.05"
1779559393570,1779559393608,85,1779559393561,1779559393561,delta,"0,0.05"
1779559393605,1779559393608,86,1779559393596,1779559393596,delta,"0,0.05"
1779559393639,1779559393641,87,1779559393630,1779559393630,delta,"0,0.05"
1779559393673,1779559393679,88,1779559393664,1779559393664,delta,"0,0.05"
1779559393708,1779559393733,89,1779559393698,1779559393698,delta,"0,0.05"
1779559393742,1779559393766,90,1779559393733,1779559393733,delta,"0,0.05"
1779559393775,1779559393804,91,1779559393767,1779559393767,delta,"0,0.05"
1779559393810,1779559393857,92,1779559393801,1779559393801,delta,"0,0.05"
1779559393845,1779559393857,93,1779559393836,1779559393836,delta,"0,0.05"
1779559393879,1779559393891,94,1779559393870,1779559393870,delta,"0,0.05"
1779559393915,1779559393929,95,1779559393905,1779559393905,delta,"0,0.05"
1779559393949,1779559393983,96,1779559393940,1779559393940,delta,"0,0.05"
1779559393991,1779559394016,97,1779559393982,1779559393982,delta,"0,0.05"
1779559394064,1779559394110,98,1779559394055,1779559394055,delta,"0,0.05"
1779559394067,1779559394110,99,1779559394058,1779559394058,delta,"0,0.05"
1779559394101,1779559394110,100,1779559394092,1779559394092,delta,"0,0.05"
1779559394135,1779559394144,101,1779559394126,1779559394126,delta,"0,0.05"
1779559394169,1779559394181,102,1779559394160,1779559394160,delta,"0,0.05"
1779559394206,1779559394235,103,1779559394196,1779559394196,delta,"0,0.05"
1779559394237,1779559394268,104,1779559394229,1779559394229,delta,"0,0.05"
1779559394272,1779559394305,105,1779559394263,1779559394263,delta,"0,0.05"
1779559394307,1779559394360,106,1779559394297,1779559394297,delta,"0,0.05"
1779559394340,1779559394360,107,1779559394331,1779559394331,delta,"0,0.05"
1779559394374,1779559394393,108,1779559394366,1779559394366,delta,"0,0.05"
1779559394409,1779559394432,109,1779559394400,1779559394400,delta,"0,0.05"
1779559394444,1779559394487,110,1779559394435,1779559394435,delta,"0,0.05"
1779559394479,1779559394487,111,1779559394470,1779559394470,delta,"0,0.05"
1779559394520,1779559394559,112,1779559394512,1779559394512,delta,"0,0.05"
1779559394595,1779559394613,113,1779559394586,1779559394586,delta,"0,0.05"
1779559394598,1779559394613,114,1779559394589,1779559394589,delta,"0,0.05"
1779559394632,1779559394646,115,1779559394623,1779559394623,delta,"0,0.05"
1779559394666,1779559394684,116,1779559394657,1779559394657,delta,"0,0.05"
1779559394700,1779559394738,117,1779559394691,1779559394691,delta,"0,0.05"
1779559394735,1779559394738,118,1779559394726,1779559394726,delta,"0,0.05"
1779559394770,1779559394771,119,1779559394760,1779559394760,delta,"0,0.05"
1779559394803,1779559394809,120,1779559394795,1779559394795,delta,"0,0.05"
1779559394838,1779559394863,121,1779559394828,1779559394828,delta,"0,0.05"
1779559394873,1779559394897,122,1779559394863,1779559394863,delta,"0,0.05"
1779559394906,1779559394936,123,1779559394897,1779559394897,delta,"0,0.05"
1779559394941,1779559394994,124,1779559394932,1779559394932,delta,"0,0.05"
1779559395017,1779559395028,125,1779559395008,1779559395008,delta,"0,0.05"
1779559395020,1779559395028,126,1779559395011,1779559395011,delta,"0,0.05"
1779559395055,1779559395066,127,1779559395046,1779559395046,delta,"0,0.05"
1779559395097,1779559395121,128,1779559395088,1779559395088,delta,"0,0.05"
1779559395130,1779559395154,129,1779559395121,1779559395121,delta,"0,0.05"
1779559395165,1779559395192,130,1779559395155,1779559395155,delta,"0,0.05"
1779559395198,1779559395246,131,1779559395189,1779559395189,delta,"0,0.05"
1779559395232,1779559395246,132,1779559395224,1779559395224,delta,"0,0.05"
1779559395267,1779559395279,133,1779559395258,1779559395258,delta,"0,0.05"
1779559395301,1779559395316,134,1779559395292,1779559395292,delta,"0,0.05"
1779559395336,1779559395369,135,1779559395327,1779559395327,delta,"0,0.05"
1779559395370,1779559395402,136,1779559395361,1779559395361,delta,"0,0.05"
1779559395404,1779559395440,137,1779559395395,1779559395395,delta,"0,0.05"
1779559395439,1779559395440,138,1779559395430,1779559395430,delta,"0,0.05"
1779559395475,1779559395494,139,1779559395465,1779559395465,delta,"0,0.05"
1779559395519,1779559395527,140,1779559395509,1779559395509,delta,"0,0.05"
1779559395552,1779559395565,141,1779559395543,1779559395543,delta,"0,0.05"
1779559395594,1779559395618,142,1779559395585,1779559395585,delta,"0,0.05"
1779559395627,1779559395651,143,1779559395618,1779559395618,delta,"0,0.05"
1779559395661,1779559395689,144,1779559395652,1779559395652,delta,"0,0.05"
1779559395696,1779559395742,145,1779559395687,1779559395687,delta,"0,0.05"
1779559395730,1779559395742,146,1779559395721,1779559395721,delta,"0,0.05"
1779559395765,1779559395775,147,1779559395756,1779559395756,delta,"0,0.05"
1779559395799,1779559395813,148,1779559395790,1779559395790,delta,"0,0.05"
1779559395834,1779559395866,149,1779559395825,1779559395825,delta,"0,0.05"
1779559395867,1779559395899,150,1779559395858,1779559395858,delta,"0,0.05"
1779559395901,1779559395937,151,1779559395893,1779559395893,delta,"0,0.05"
1779559395936,1779559395937,152,1779559395927,1779559395927,delta,"0,0.05"
1779559395972,1779559395990,153,1779559395963,1779559395963,delta,"0,0.05"
1779559396006,1779559396024,154,1779559395997,1779559395997,delta,"0,0.05"
1779559396048,1779559396062,155,1779559396039,1779559396039,delta,"0,0.05"
1779559396081,1779559396117,156,1779559396072,1779559396072,delta,"0,0.05"
1779559396123,1779559396152,157,1779559396114,1779559396114,delta,"0,0.05"
1779559396156,1779559396191,158,1779559396147,1779559396147,delta,"0,0.05"
1779559396191,1779559396191,159,1779559396181,1779559396181,delta,"0,0.05"
1779559396226,1779559396246,160,1779559396217,1779559396217,delta,"0,0.05"
1779559396260,1779559396279,161,1779559396251,1779559396251,delta,"0,0.05"
1779559396294,1779559396316,162,1779559396285,1779559396285,delta,"0,0.05"
1779559396328,1779559396370,163,1779559396319,1779559396319,delta,"0,0.05"
1779559396364,1779559396370,164,1779559396355,1779559396355,delta,"0,0.05"
1779559396398,1779559396403,165,1779559396388,1779559396388,delta,"0,0.05"
1779559396432,1779559396440,166,1779559396423,1779559396423,delta,"0,0.05"
1779559396466,1779559396494,167,1779559396458,1779559396458,delta,"0,0.05"
1779559396501,1779559396526,168,1779559396492,1779559396492,delta,"0,0.05"
1779559396537,1779559396564,169,1779559396528,1779559396528,delta,"0,0.05"
1779559396579,1779559396617,170,1779559396570,1779559396570,delta,"0,0.05"
1779559396611,1779559396617,171,1779559396603,1779559396603,delta,"0,0.05"
1779559396646,1779559396649,172,1779559396637,1779559396637,delta,"0,0.05"
1779559396681,1779559396687,173,1779559396672,1779559396672,delta,"0,0.05"
1779559396714,1779559396740,174,1779559396706,1779559396706,delta,"0,0.05"
1779559396749,1779559396774,175,1779559396740,1779559396740,delta,"0,0.05"
1779559396785,1779559396811,176,1779559396775,1779559396775,delta,"0,0.05"
1779559396818,1779559396865,177,1779559396809,1779559396809,delta,"0,0.05"
1779559396854,1779559396865,178,1779559396844,1779559396844,delta,"0,0.05"
1779559396887,1779559396898,179,1779559396878,1779559396878,delta,"0,0.05"
1779559396921,1779559396938,180,1779559396913,1779559396913,delta,"0,0.05"
1779559396956,1779559396992,181,1779559396947,1779559396947,delta,"0,0.05"
1779559396991,1779559396992,182,1779559396982,1779559396982,delta,"0,0.05"
1779559397026,1779559397063,183,1779559397017,1779559397017,delta,"0,0.05"
1779559397068,1779559397118,184,1779559397059,1779559397059,delta,"0,0.05"
1779559397102,1779559397118,185,1779559397092,1779559397092,delta,"0,0.05"
1779559397145,1779559397151,186,1779559397135,1779559397135,delta,"0,0.05"
1779559397177,1779559397188,187,1779559397168,1779559397168,delta,"0,0.05"
1779559397213,1779559397242,188,1779559397203,1779559397203,delta,"0,0.05"
1779559397247,1779559397276,189,1779559397237,1779559397237,delta,"0,0.05"
1779559397281,1779559397315,190,1779559397272,1779559397272,delta,"0,0.05"
1779559397316,1779559397368,191,1779559397307,1779559397307,delta,"0,0.05"
1779559397349,1779559397368,192,1779559397340,1779559397340,delta,"0,0.05"
1779559397384,1779559397402,193,1779559397375,1779559397375,delta,"0,0.05"
1779559397418,1779559397440,194,1779559397409,1779559397409,delta,"0,0.05"
1779559397453,1779559397494,195,1779559397444,1779559397444,delta,"0,0.05"
1779559397487,1779559397494,196,1779559397478,1779559397478,delta,"0,0.05"
1779559397522,1779559397527,197,1779559397513,1779559397513,delta,"0,0.05"
1779559397558,1779559397565,198,1779559397548,1779559397548,delta,"0,0.05"
1779559397600,1779559397622,199,1779559397591,1779559397591,delta,"0,0.05"
1779559397673,1779559397695,200,1779559397665,1779559397665,delta,"0,0.05"
1779559397677,1779559397695,201,1779559397668,1779559397668,delta,"0,0.05"
1779559397711,1779559397752,202,1779559397701,1779559397701,delta,"0,0.05"
1779559397745,1779559397752,203,1779559397736,1779559397736,delta,"0,0.05"
1779559397779,1779559397785,204,1779559397770,1779559397770,delta,"0,0.05"
1779559397814,1779559397825,205,1779559397805,1779559397805,delta,"0,0.05"
1779559397849,1779559397878,206,1779559397840,1779559397840,delta,"0,0.05"
1779559397882,1779559397911,207,1779559397874,1779559397874,delta,"0,0.05"
1779559397917,1779559397949,208,1779559397907,1779559397907,delta,"0,0.05"
1779559397951,1779559398004,209,1779559397942,1779559397942,delta,"0,0.05"
1779559397985,1779559398004,210,1779559397976,1779559397976,delta,"0,0.05"
1779559398020,1779559398038,211,1779559398011,1779559398011,delta,"0,0.05"
1779559398063,1779559398076,212,1779559398054,1779559398054,delta,"0,0.05"
1779559398097,1779559398130,213,1779559398088,1779559398088,delta,"0,0.05"
1779559398139,1779559398163,214,1779559398129,1779559398129,delta,"0,0.05"
1779559398172,1779559398206,215,1779559398163,1779559398163,delta,"0,0.05"
1779559398207,1779559398263,216,1779559398196,1779559398196,delta,"0,0.05"
1779559398240,1779559398263,217,1779559398231,1779559398231,delta,"0,0.05"
1779559398274,1779559398296,218,1779559398266,1779559398266,delta,"0,0.05"
1779559398309,1779559398334,219,1779559398300,1779559398300,delta,"0,0.05"
1779559398343,1779559398387,220,1779559398334,1779559398334,delta,"0,0.05"
1779559398377,1779559398387,221,1779559398368,1779559398368,delta,"0,0.05"
1779559398412,1779559398419,222,1779559398403,1779559398403,delta,"0,0.05"
1779559398446,1779559398457,223,1779559398437,1779559398437,delta,"0,0.05"
1779559398480,1779559398510,224,1779559398471,1779559398471,delta,"0,0.05"
1779559398515,1779559398544,225,1779559398506,1779559398506,delta,"0,0.05"
1779559398549,1779559398582,226,1779559398540,1779559398540,delta,"0,0.05"
1779559398593,1779559398636,227,1779559398584,1779559398584,delta,"0,0.05"
1779559398625,1779559398636,228,1779559398616,1779559398616,delta,"0,0.05"
1779559398669,1779559398670,229,1779559398659,1779559398659,delta,"0,0.05"
1779559398701,1779559398708,230,1779559398691,1779559398691,delta,"0,0.05"
1779559398735,1779559398761,231,1779559398726,1779559398726,delta,"0,0.05"
1779559398769,1779559398794,232,1779559398760,1779559398760,delta,"0,0.05"
1779559398804,1779559398832,233,1779559398794,1779559398794,delta,"0,0.05"
1779559398837,1779559398884,234,1779559398828,1779559398828,delta,"0,0.05"
1779559398871,1779559398884,235,1779559398862,1779559398862,delta,"0,0.05"
1779559398906,1779559398918,236,1779559398897,1779559398897,delta,"0,0.05"
1779559398940,1779559398957,237,1779559398931,1779559398931,delta,"0,0.05"
1779559398974,1779559399011,238,1779559398965,1779559398965,delta,"0,0.05"
1779559399008,1779559399011,239,1779559398999,1779559398999,delta,"0,0.05"
1779559399043,1779559399043,240,1779559399034,1779559399034,delta,"0,0.05"
1779559399077,1779559399081,241,1779559399069,1779559399069,delta,"0,0.05"
1779559399121,1779559399134,242,1779559399112,1779559399112,delta,"0,0.05"
1779559399155,1779559399167,243,1779559399145,1779559399145,delta,"0,0.05"
1779559399196,1779559399205,244,1779559399187,1779559399187,delta,"0,0.05"
1779559399229,1779559399258,245,1779559399220,1779559399220,delta,"0,0.05"
1779559399263,1779559399291,246,1779559399254,1779559399254,delta,"0,0.05"
1779559399297,1779559399331,247,1779559399288,1779559399288,delta,"0,0.05"
1779559399332,1779559399384,248,1779559399323,1779559399323,delta,"0,0.05"
1779559399365,1779559399384,249,1779559399357,1779559399357,delta,"0,0.05"
1779559399400,1779559399417,250,1779559399391,1779559399391,delta,"0,0.05"
1779559399436,1779559399454,251,1779559399426,1779559399426,delta,"0,0.05"
1779559399469,1779559399509,252,1779559399460,1779559399460,delta,"0,0.05"
1779559399503,1779559399509,253,1779559399494,1779559399494,delta,"0,0.05"
1779559399538,1779559399541,254,1779559399529,1779559399529,delta,"0,0.05"
1779559399573,1779559399580,255,1779559399564,1779559399564,delta,"0,0.05"
1779559399615,1779559399634,256,1779559399606,1779559399606,delta,"0,0.05"
1779559399690,1779559399705,257,1779559399681,1779559399681,delta,"0,0.05"
1779559399693,1779559399705,258,1779559399685,1779559399685,delta,"0,0.05"
1779559399728,1779559399759,259,1779559399718,1779559399718,delta,"0,0.05"
1779559399762,1779559399793,260,1779559399753,1779559399753,delta,"0,0.05"
1779559399796,1779559399831,261,1779559399787,1779559399787,delta,"0,0.05"
1779559399830,1779559399831,262,1779559399821,1779559399821,delta,"0,0.05"
1779559399865,1779559399886,263,1779559399856,1779559399856,delta,"0,0.05"
1779559399899,1779559399921,264,1779559399890,1779559399890,delta,"0,0.05"
1779559399934,1779559399959,265,1779559399925,1779559399925,delta,"0,0.05"
1779559399967,1779559400013,266,1779559399959,1779559399959,delta,"0,0.05"
1779559400002,1779559400013,267,1779559399993,1779559399993,delta,"0,0.05"
1779559400036,1779559400046,268,1779559400027,1779559400027,delta,"0,0.05"
1779559400071,1779559400085,269,1779559400062,1779559400062,delta,"0,0.05"
1779559400107,1779559400138,270,1779559400097,1779559400097,delta,"0,0.05"
1779559400149,1779559400171,271,1779559400140,1779559400140,delta,"0,0.05"
1779559400223,1779559400264,272,1779559400214,1779559400214,delta,"0,0.05"
1779559400227,1779559400264,273,1779559400219,1779559400219,delta,"0,0.05"
1779559400262,1779559400264,274,1779559400253,1779559400253,delta,"0,0.05"
1779559400296,1779559400298,275,1779559400287,1779559400287,delta,"0,0.05"
1779559400331,1779559400336,276,1779559400322,1779559400322,delta,"0,0.05"
1779559400365,1779559400390,277,1779559400356,1779559400356,delta,"0,0.05"
1779559400399,1779559400423,278,1779559400391,1779559400391,delta,"0,0.05"
1779559400434,1779559400461,279,1779559400425,1779559400425,delta,"0,0.05"
1779559400468,1779559400516,280,1779559400459,1779559400459,delta,"0,0.05"
1779559400506,1779559400516,281,1779559400494,1779559400494,delta,"0,0.05"
1779559400536,1779559400550,282,1779559400528,1779559400528,delta,"0,0.05"
1779559400572,1779559400588,283,1779559400563,1779559400563,delta,"0,0.05"
1779559400647,1779559400675,284,1779559400639,1779559400639,delta,"0,0.05"
1779559400652,1779559400675,285,1779559400643,1779559400643,delta,"0,0.05"
1779559400686,1779559400714,286,1779559400677,1779559400677,delta,"0,0.05"
1779559400727,1779559400769,287,1779559400719,1779559400719,delta,"0,0.05"
1779559400761,1779559400769,288,1779559400752,1779559400752,delta,"0,0.05"
1779559400796,1779559400801,289,1779559400787,1779559400787,delta,"0,0.05"
1779559400830,1779559400839,290,1779559400821,1779559400821,delta,"0,0.05"
1779559400865,1779559400893,291,1779559400856,1779559400856,delta,"0,0.05"
1779559400899,1779559400926,292,1779559400890,1779559400890,delta,"0,0.05"
1779559400934,1779559400964,293,1779559400925,1779559400925,delta,"0,0.05"
1779559400967,1779559401019,294,1779559400959,1779559400959,delta,"0,0.05"
1779559401003,1779559401019,295,1779559400993,1779559400993,delta,"0,0.05"
1779559401037,1779559401055,296,1779559401028,1779559401028,delta,"0,0.05"
1779559401071,1779559401093,297,1779559401062,1779559401062,delta,"0,0.05"
1779559401106,1779559401147,298,1779559401097,1779559401097,delta,"0,0.05"
1779559401182,1779559401219,299,1779559401173,1779559401173,delta,"0,0.05"
1779559401186,1779559401219,300,1779559401177,1779559401177,delta,"0,0.05"
1779559401220,1779559401272,301,1779559401211,1779559401211,delta,"0,0.05"
1779559401270,1779559401272,302,1779559401260,1779559401260,delta,"0,0.05"
1779559401296,1779559401305,303,1779559401287,1779559401287,delta,"0,0.05"
1779559401330,1779559401343,304,1779559401321,1779559401321,delta,"0,0.05"
1779559401365,1779559401397,305,1779559401356,1779559401356,delta,"0,0.05"
1779559401398,1779559401431,306,1779559401389,1779559401389,delta,"0,0.05"
1779559401433,1779559401469,307,1779559401424,1779559401424,delta,"0,0.05"
1779559401467,1779559401469,308,1779559401458,1779559401458,delta,"0,0.05"
1779559401501,1779559401523,309,1779559401493,1779559401493,delta,"0,0.05"
1779559401536,1779559401555,310,1779559401527,1779559401527,delta,"0,0.05"
1779559401570,1779559401593,311,1779559401561,1779559401561,delta,"0,0.05"
1779559401605,1779559401648,312,1779559401596,1779559401596,delta,"0,0.05"
1779559401641,1779559401648,313,1779559401632,1779559401632,delta,"0,0.05"
1779559401683,1779559401720,314,1779559401674,1779559401674,delta,"0,0.05"
1779559401716,1779559401720,315,1779559401707,1779559401707,delta,"0,0.05"
1779559401758,1779559401775,316,1779559401749,1779559401749,delta,"0,0.05"
1779559401792,1779559401809,317,1779559401783,1779559401783,delta,"0,0.05"
1779559401825,1779559401847,318,1779559401816,1779559401816,delta,"0,0.05"
1779559401860,1779559401901,319,1779559401851,1779559401851,delta,"0,0.05"
1779559401895,1779559401901,320,1779559401886,1779559401886,delta,"0,0.05"
1779559401929,1779559401934,321,1779559401920,1779559401920,delta,"0,0.05"
1779559401963,1779559401972,322,1779559401955,1779559401955,delta,"0,0.05"
1779559401997,1779559402026,323,1779559401989,1779559401989,delta,"0,0.05"
1779559402033,1779559402060,324,1779559402024,1779559402024,delta,"0,0.05"
1779559402066,1779559402098,325,1779559402057,1779559402057,delta,"0,0.05"
1779559402106,1779559402153,326,1779559402096,1779559402096,delta,"0,0.05"
1779559402144,1779559402153,327,1779559402134,1779559402134,delta,"0,0.05"
1779559402187,1779559402188,328,1779559402177,1779559402177,delta,"0,0.05"
1779559402264,1779559402280,329,1779559402255,1779559402255,delta,"0,0.05"
1779559402268,1779559402281,330,1779559402258,1779559402258,delta,"0,0.05"
1779559402305,1779559402313,331,1779559402296,1779559402296,delta,"0,0.05"
1779559402339,1779559402351,332,1779559402330,1779559402330,delta,"0,0.05"
1779559402373,1779559402406,333,1779559402364,1779559402364,delta,"0,0.05"
1779559402407,1779559402439,334,1779559402398,1779559402398,delta,"0,0.05"
1779559402442,1779559402477,335,1779559402433,1779559402433,delta,"0,0.05"
1779559402476,1779559402477,336,1779559402467,1779559402467,delta,"0,0.05"
1779559402510,1779559402531,337,1779559402502,1779559402502,delta,"0,0.05"
1779559402545,1779559402565,338,1779559402536,1779559402536,delta,"0,0.05"
1779559402579,1779559402604,339,1779559402570,1779559402570,delta,"0,0.05"
1779559402614,1779559402658,340,1779559402605,1779559402605,delta,"0,0.05"
1779559402690,1779559402692,341,1779559402680,1779559402680,delta,"0,0.05"
1779559402693,1779559402731,342,1779559402684,1779559402684,delta,"0,0.05"
1779559402727,1779559402736,343,1779559402718,1779559402718,delta,"0,0.05"
1779559402770,1779559402785,344,1779559402761,1779559402761,delta,"0,0.05"
1779559402803,1779559402818,345,1779559402794,1779559402794,delta,"0,0.05"
1779559402837,1779559402856,346,1779559402828,1779559402828,delta,"0,0.05"
1779559402873,1779559402909,347,1779559402863,1779559402863,delta,"0,0.05"
1779559402906,1779559402909,348,1779559402897,1779559402897,delta,"0,0.05"
1779559402940,1779559402942,349,1779559402931,1779559402931,delta,"0,0.05"
1779559402974,1779559402980,350,1779559402965,1779559402965,delta,"0,0.05"
1779559403008,1779559403034,351,1779559402999,1779559402999,delta,"0,0.05"
1779559403043,1779559403067,352,1779559403034,1779559403034,delta,"0,0.05"
1779559403077,1779559403104,353,1779559403068,1779559403068,delta,"0,0.05"
1779559403111,1779559403158,354,1779559403102,1779559403102,delta,"0,0.05"
1779559403146,1779559403158,355,1779559403137,1779559403137,delta,"0,0.05"
1779559403222,1779559403230,356,1779559403213,1779559403213,delta,"0,0.05"
1779559403226,1779559403230,357,1779559403217,1779559403217,delta,"0,0.05"
1779559403259,1779559403284,358,1779559403250,1779559403250,delta,"0,0.05"
1779559403301,1779559403318,359,1779559403293,1779559403293,delta,"0,0.05"
1779559403335,1779559403356,360,1779559403325,1779559403325,delta,"0,0.05"
1779559403369,1779559403410,361,1779559403360,1779559403360,delta,"0,0.05"
1779559403403,1779559403410,362,1779559403394,1779559403394,delta,"0,0.05"
1779559403438,1779559403443,363,1779559403429,1779559403429,delta,"0,0.05"
1779559403472,1779559403482,364,1779559403463,1779559403463,delta,"0,0.05"
1779559403506,1779559403536,365,1779559403497,1779559403497,delta,"0,0.05"
1779559403541,1779559403569,366,1779559403531,1779559403531,delta,"0,0.05"
1779559403574,1779559403607,367,1779559403565,1779559403565,delta,"0,0.05"
1779559403609,1779559403661,368,1779559403600,1779559403600,delta,"0,0.05"
1779559403643,1779559403661,369,1779559403634,1779559403634,delta,"0,0.05"
1779559403678,1779559403695,370,1779559403669,1779559403669,delta,"0,0.05"
1779559403722,1779559403734,371,1779559403713,1779559403713,delta,"0,0.05"
1779559403763,1779559403787,372,1779559403754,1779559403754,delta,"0,0.05"
1779559403805,1779559403822,373,1779559403796,1779559403796,delta,"0,0.05"
1779559403839,1779559403860,374,1779559403829,1779559403829,delta,"0,0.05"
1779559403872,1779559403913,375,1779559403863,1779559403863,delta,"0,0.05"
1779559403906,1779559403913,376,1779559403897,1779559403897,delta,"0,0.05"
1779559403940,1779559403947,377,1779559403932,1779559403932,delta,"0,0.05"
1779559403975,1779559403985,378,1779559403966,1779559403966,delta,"0,0.05"
1779559404009,1779559404039,379,1779559404000,1779559404000,delta,"0,0.05"
1779559404043,1779559404071,380,1779559404034,1779559404034,delta,"0,0.05"
1779559404078,1779559404109,381,1779559404069,1779559404069,delta,"0,0.05"
1779559404111,1779559404163,382,1779559404103,1779559404103,delta,"0,0.05"
1779559404146,1779559404163,383,1779559404137,1779559404137,delta,"0,0.05"
1779559404181,1779559404196,384,1779559404172,1779559404172,delta,"0,0.05"
1779559404224,1779559404235,385,1779559404215,1779559404215,delta,"0,0.05"
1779559404257,1779559404291,386,1779559404248,1779559404248,delta,"0,0.05"
1779559404299,1779559404324,387,1779559404290,1779559404290,delta,"0,0.05"
1779559404332,1779559404362,388,1779559404323,1779559404323,delta,"0,0.05"
1779559404366,1779559404416,389,1779559404357,1779559404357,delta,"0,0.05"
1779559404400,1779559404416,390,1779559404391,1779559404391,delta,"0,0.05"
1779559404435,1779559404450,391,1779559404426,1779559404426,delta,"0,0.05"
1779559404469,1779559404488,392,1779559404460,1779559404460,delta,"0,0.05"
1779559404503,1779559404542,393,1779559404495,1779559404495,delta,"0,0.05"
1779559404538,1779559404542,394,1779559404529,1779559404529,delta,"0,0.05"
1779559404573,1779559404575,395,1779559404565,1779559404565,delta,"0,0.05"
1779559404607,1779559404613,396,1779559404598,1779559404598,delta,"0,0.05"
1779559404641,1779559404667,397,1779559404632,1779559404632,delta,"0,0.05"
1779559404676,1779559404700,398,1779559404667,1779559404667,delta,"0,0.05"
1779559404711,1779559404738,399,1779559404702,1779559404702,delta,"0,0.05"
1779559404754,1779559404792,400,1779559404745,1779559404745,delta,"0,0.05"
1779559404828,1779559404863,401,1779559404819,1779559404819,delta,"0,0.05"
1779559404831,1779559404863,402,1779559404823,1779559404823,delta,"0,0.05"
1779559404865,1779559404917,403,1779559404856,1779559404856,delta,"0,0.05"
1779559404900,1779559404917,404,1779559404891,1779559404891,delta,"0,0.05"
1779559404934,1779559404951,405,1779559404926,1779559404926,delta,"0,0.05"
1779559404969,1779559404990,406,1779559404960,1779559404960,delta,"0,0.05"
1779559405004,1779559405044,407,1779559404995,1779559404995,delta,"0,0.05"
1779559405037,1779559405044,408,1779559405028,1779559405028,delta,"0,0.05"
1779559405072,1779559405078,409,1779559405063,1779559405063,delta,"0,0.05"
1779559405106,1779559405116,410,1779559405097,1779559405097,delta,"0,0.05"
1779559405141,1779559405170,411,1779559405132,1779559405132,delta,"0,0.05"
1779559405176,1779559405203,412,1779559405167,1779559405167,delta,"0,0.05"
1779559405250,1779559405294,413,1779559405241,1779559405241,delta,"0,0.05"
1779559405254,1779559405294,414,1779559405245,1779559405245,delta,"0,0.05"
1779559405288,1779559405294,415,1779559405279,1779559405279,delta,"0,0.05"
1779559405332,1779559405366,416,1779559405322,1779559405322,delta,"0,0.05"
1779559405364,1779559405366,417,1779559405355,1779559405355,delta,"0,0.05"
1779559405399,1779559405420,418,1779559405390,1779559405390,delta,"0,0.05"
1779559405433,1779559405452,419,1779559405424,1779559405424,delta,"0,0.05"
1779559405468,1779559405491,420,1779559405458,1779559405458,delta,"0,0.05"
1779559405502,1779559405545,421,1779559405493,1779559405493,delta,"0,0.05"
1779559405537,1779559405545,422,1779559405527,1779559405527,delta,"0,0.05"
1779559405570,1779559405579,423,1779559405562,1779559405562,delta,"0,0.05"
1779559405605,1779559405616,424,1779559405596,1779559405596,delta,"0,0.05"
1779559405640,1779559405671,425,1779559405631,1779559405631,delta,"0,0.05"
1779559405674,1779559405704,426,1779559405665,1779559405665,delta,"0,0.05"
1779559405710,1779559405742,427,1779559405700,1779559405700,delta,"0,0.05"
1779559405752,1779559405796,428,1779559405743,1779559405743,delta,"0,0.05"
1779559405785,1779559405796,429,1779559405776,1779559405776,delta,"0,0.05"
1779559405827,1779559405829,430,1779559405818,1779559405818,delta,"0,0.05"
1779559405860,1779559405868,431,1779559405851,1779559405851,delta,"0,0.05"
1779559405895,1779559405922,432,1779559405886,1779559405886,delta,"0,0.05"
1779559405929,1779559405956,433,1779559405920,1779559405920,delta,"0,0.05"
1779559405964,1779559405994,434,1779559405955,1779559405955,delta,"0,0.05"
1779559405998,1779559406047,435,1779559405989,1779559405989,delta,"0,0.05"
1779559406033,1779559406047,436,1779559406023,1779559406023,delta,"0,0.05"
1779559406067,1779559406080,437,1779559406058,1779559406058,delta,"0,0.05"
1779559406101,1779559406118,438,1779559406092,1779559406092,delta,"0,0.05"
1779559406136,1779559406171,439,1779559406127,1779559406127,delta,"0,0.05"
1779559406170,1779559406171,440,1779559406161,1779559406161,delta,"0,0.05"
1779559406205,1779559406242,441,1779559406196,1779559406196,delta,"0,0.05"
1779559406240,1779559406242,442,1779559406230,1779559406230,delta,"0,0.05"
1779559406283,1779559406295,443,1779559406274,1779559406274,delta,"0,0.05"
1779559406317,1779559406328,444,1779559406308,1779559406308,delta,"0,0.05"
1779559406358,1779559406367,445,1779559406349,1779559406349,delta,"0,0.05"
1779559406391,1779559406421,446,1779559406383,1779559406383,delta,"0,0.05"
1779559406425,1779559406454,447,1779559406417,1779559406417,delta,"0,0.05"
1779559406460,1779559406493,448,1779559406451,1779559406451,delta,"0,0.05"
1779559406495,1779559406547,449,1779559406486,1779559406486,delta,"0,0.05"
1779559406529,1779559406547,450,1779559406520,1779559406520,delta,"0,0.05"
1779559406563,1779559406581,451,1779559406554,1779559406554,delta,"0,0.05"
1779559406597,1779559406619,452,1779559406589,1779559406589,delta,"0,0.05"
1779559406632,1779559406673,453,1779559406623,1779559406623,delta,"0,0.05"
1779559406666,1779559406673,454,1779559406657,1779559406657,delta,"0,0.05"
1779559406701,1779559406706,455,1779559406691,1779559406691,delta,"0,0.05"
1779559406735,1779559406744,456,1779559406726,1779559406726,delta,"0,0.05"
1779559406771,1779559406798,457,1779559406761,1779559406761,delta,"0,0.05"
1779559406813,1779559406831,458,1779559406804,1779559406804,delta,"0,0.05"
1779559406846,1779559406869,459,1779559406836,1779559406836,delta,"0,0.05"
1779559406888,1779559406924,460,1779559406879,1779559406879,delta,"0,0.05"
1779559406922,1779559406924,461,1779559406913,1779559406913,delta,"0,0.05"
1779559406956,1779559406957,462,1779559406947,1779559406947,delta,"0,0.05"
1779559406990,1779559406997,463,1779559406981,1779559406981,delta,"0,0.05"
1779559407025,1779559407052,464,1779559407016,1779559407016,delta,"0,0.05"
1779559407059,1779559407086,465,1779559407050,1779559407050,delta,"0,0.05"
1779559407092,1779559407125,466,1779559407084,1779559407084,delta,"0,0.05"
1779559407128,1779559407180,467,1779559407118,1779559407118,delta,"0,0.05"
1779559407162,1779559407180,468,1779559407152,1779559407152,delta,"0,0.05"
1779559407196,1779559407213,469,1779559407187,1779559407187,delta,"0,0.05"
1779559407231,1779559407250,470,1779559407222,1779559407222,delta,"0,0.05"
1779559407266,1779559407303,471,1779559407257,1779559407257,delta,"0,0.05"
1779559407308,1779559407337,472,1779559407299,1779559407299,delta,"0,0.05"
1779559407341,1779559407374,473,1779559407332,1779559407332,delta,"0,0.05"
1779559407376,1779559407428,474,1779559407367,1779559407367,delta,"0,0.05"
1779559407417,1779559407428,475,1779559407408,1779559407408,delta,"0,0.05"
1779559407451,1779559407461,476,1779559407442,1779559407442,delta,"0,0.05"
1779559407485,1779559407500,477,1779559407476,1779559407476,delta,"0,0.05"
1779559407519,1779559407553,478,1779559407510,1779559407510,delta,"0,0.05"
1779559407554,1779559407587,479,1779559407545,1779559407545,delta,"0,0.05"
1779559407588,1779559407625,480,1779559407579,1779559407579,delta,"0,0.05"
1779559407622,1779559407625,481,1779559407613,1779559407613,delta,"0,0.05"
1779559407656,1779559407678,482,1779559407647,1779559407647,delta,"0,0.05"
1779559407691,1779559407711,483,1779559407682,1779559407682,delta,"0,0.05"
1779559407725,1779559407748,484,1779559407716,1779559407716,delta,"0,0.05"
1779559407759,1779559407802,485,1779559407750,1779559407750,delta,"0,0.05"
1779559407795,1779559407802,486,1779559407786,1779559407786,delta,"0,0.05"
1779559407837,1779559407873,487,1779559407828,1779559407828,delta,"0,0.05"
1779559407910,1779559407926,488,1779559407901,1779559407901,delta,"0,0.05"
1779559407913,1779559407926,489,1779559407905,1779559407905,delta,"0,0.05"
1779559407947,1779559407959,490,1779559407938,1779559407938,delta,"0,0.05"
1779559407982,1779559407996,491,1779559407973,1779559407973,delta,"0,0.05"
1779559408015,1779559408051,492,1779559408007,1779559408007,delta,"0,0.05"
1779559408050,1779559408051,493,1779559408041,1779559408041,delta,"0,0.05"
1779559408085,1779559408122,494,1779559408076,1779559408076,delta,"0,0.05"
1779559408118,1779559408122,495,1779559408109,1779559408109,delta,"0,0.05"
1779559408153,1779559408176,496,1779559408144,1779559408144,delta,"0,0.05"
1779559408188,1779559408209,497,1779559408179,1779559408179,delta,"0,0.05"
1779559408221,1779559408248,498,1779559408213,1779559408213,delta,"0,0.05"
1779559408256,1779559408304,499,1779559408247,1779559408247,delta,"0,0.05"
1779559408332,1779559408338,500,1779559408323,1779559408323,delta,"0,0.05"
1779559408335,1779559408338,501,1779559408327,1779559408327,delta,"0,0.05"
1779559408370,1779559408376,502,1779559408360,1779559408360,delta,"0,0.05"
1779559408412,1779559408430,503,1779559408403,1779559408403,delta,"0,0.05"
1779559408445,1779559408463,504,1779559408436,1779559408436,delta,"0,0.05"
1779559408479,1779559408501,505,1779559408470,1779559408470,delta,"0,0.05"
1779559408513,1779559408555,506,1779559408504,1779559408504,delta,"0,0.05"
1779559408547,1779559408555,507,1779559408538,1779559408538,delta,"0,0.05"
1779559408582,1779559408591,508,1779559408573,1779559408573,delta,"0,0.05"
1779559408616,1779559408629,509,1779559408607,1779559408607,delta,"0,0.05"
1779559408651,1779559408683,510,1779559408641,1779559408641,delta,"0,0.05"
1779559408684,1779559408717,511,1779559408676,1779559408676,delta,"0,0.05"
1779559408719,1779559408755,512,1779559408710,1779559408710,delta,"0,0.05"
1779559408754,1779559408755,513,1779559408745,1779559408745,delta,"0,0.05"
1779559408788,1779559408808,514,1779559408779,1779559408779,delta,"0,0.05"
1779559408830,1779559408842,515,1779559408821,1779559408821,delta,"0,0.05"
1779559408863,1779559408880,516,1779559408854,1779559408854,delta,"0,0.05"
1779559408906,1779559408933,517,1779559408897,1779559408897,delta,"0,0.05"
1779559408938,1779559408966,518,1779559408929,1779559408929,delta,"0,0.05"
1779559408973,1779559409004,519,1779559408964,1779559408964,delta,"0,0.05"
1779559409006,1779559409057,520,1779559408998,1779559408998,delta,"0,0.05"
1779559409042,1779559409057,521,1779559409033,1779559409033,delta,"0,0.05"
1779559409075,1779559409090,522,1779559409067,1779559409067,delta,"0,0.05"
1779559409116,1779559409128,523,1779559409107,1779559409107,delta,"0,0.05"
1779559409144,1779559409182,524,1779559409136,1779559409136,delta,"0,0.05"
1779559409178,1779559409182,525,1779559409169,1779559409169,delta,"0,0.05"
1779559409214,1779559409215,526,1779559409205,1779559409205,delta,"0,0.05"
1779559409247,1779559409253,527,1779559409238,1779559409238,delta,"0,0.05"
1779559409282,1779559409307,528,1779559409273,1779559409273,delta,"0,0.05"
1779559409323,1779559409339,529,1779559409315,1779559409315,delta,"0,0.05"
1779559409357,1779559409377,530,1779559409348,1779559409348,delta,"0,0.05"
1779559409391,1779559409431,531,1779559409383,1779559409383,delta,"0,0.05"
1779559409426,1779559409431,532,1779559409417,1779559409417,delta,"0,0.05"
1779559409460,1779559409464,533,1779559409452,1779559409452,delta,"0,0.05"
1779559409496,1779559409501,534,1779559409486,1779559409486,delta,"0,0.05"
1779559409529,1779559409555,535,1779559409520,1779559409520,delta,"0,0.05"
1779559409564,1779559409589,536,1779559409555,1779559409555,delta,"0,0.05"
1779559409598,1779559409628,537,1779559409589,1779559409589,delta,"0,0.05"
1779559409632,1779559409684,538,1779559409624,1779559409624,delta,"0,0.05"
1779559409667,1779559409684,539,1779559409658,1779559409658,delta,"0,0.05"
1779559409701,1779559409716,540,1779559409692,1779559409692,delta,"0,0.05"
1779559409736,1779559409755,541,1779559409727,1779559409727,delta,"0,0.05"
1779559409770,1779559409809,542,1779559409761,1779559409761,delta,"0,0.05"
1779559409806,1779559409809,543,1779559409797,1779559409797,delta,"0,0.05"
1779559409847,1779559409880,544,1779559409838,1779559409838,delta,"0,0.05"
1779559409880,1779559409880,545,1779559409871,1779559409871,delta,"0,0.05"
1779559409915,1779559409934,546,1779559409907,1779559409907,delta,"0,0.05"
1779559409957,1779559409968,547,1779559409948,1779559409948,delta,"0,0.05"
1779559409990,1779559410005,548,1779559409981,1779559409981,delta,"0,0.05"
1779559410025,1779559410059,549,1779559410016,1779559410016,delta,"0,0.05"
1779559410059,1779559410060,550,1779559410050,1779559410050,delta,"0,0.05"
1779559410093,1779559410131,551,1779559410085,1779559410085,delta,"0,0.05"
1779559410128,1779559410132,552,1779559410119,1779559410119,delta,"0,0.05"
1779559410162,1779559410185,553,1779559410153,1779559410153,delta,"0,0.05"
1779559410196,1779559410219,554,1779559410188,1779559410188,delta,"0,0.05"
1779559410231,1779559410257,555,1779559410222,1779559410222,delta,"0,0.05"
1779559410265,1779559410310,556,1779559410257,1779559410257,delta,"0,0.05"
1779559410301,1779559410310,557,1779559410291,1779559410291,delta,"0,0.05"
1779559410336,1779559410343,558,1779559410326,1779559410326,delta,"0,0.05"
1779559410378,1779559410381,559,1779559410369,1779559410369,delta,"0,0.05"
1779559410410,1779559410440,560,1779559410402,1779559410402,delta,"0,0.05"
1779559410454,1779559410473,561,1779559410445,1779559410445,delta,"0,0.05"
1779559410487,1779559410511,562,1779559410478,1779559410478,delta,"0,0.05"
1779559410522,1779559410565,563,1779559410513,1779559410513,delta,"0,0.05"
1779559410556,1779559410565,564,1779559410547,1779559410547,delta,"0,0.05"
1779559410590,1779559410598,565,1779559410581,1779559410581,delta,"0,0.05"
1779559410624,1779559410636,566,1779559410616,1779559410616,delta,"0,0.05"
1779559410659,1779559410690,567,1779559410650,1779559410650,delta,"0,0.05"
1779559410693,1779559410723,568,1779559410684,1779559410684,delta,"0,0.05"
1779559410728,1779559410761,569,1779559410719,1779559410719,delta,"0,0.05"
1779559410763,1779559410816,570,1779559410754,1779559410754,delta,"0,0.05"
1779559410797,1779559410816,571,1779559410788,1779559410788,delta,"0,0.05"
1779559410831,1779559410849,572,1779559410823,1779559410823,delta,"0,0.05"
1779559410867,1779559410888,573,1779559410858,1779559410858,delta,"0,0.05"
1779559410909,1779559410941,574,1779559410900,1779559410900,delta,"0,0.05"
1779559410982,1779559411012,575,1779559410973,1779559410973,delta,"0,0.05"
1779559410985,1779559411012,576,1779559410976,1779559410976,delta,"0,0.05"
1779559411019,1779559411065,577,1779559411010,1779559411010,delta,"0,0.05"
1779559411053,1779559411065,578,1779559411044,1779559411044,delta,"0,0.05"
1779559411087,1779559411098,579,1779559411078,1779559411078,delta,"0,0.05"
1779559411123,1779559411136,580,1779559411113,1779559411113,delta,"0,0.05"
1779559411156,1779559411190,581,1779559411147,1779559411147,delta,"0,0.05"
1779559411190,1779559411223,582,1779559411181,1779559411181,delta,"0,0.05"
1779559411225,1779559411261,583,1779559411216,1779559411216,delta,"0,0.05"
1779559411259,1779559411261,584,1779559411250,1779559411250,delta,"0,0.05"
1779559411294,1779559411315,585,1779559411285,1779559411285,delta,"0,0.05"
1779559411328,1779559411347,586,1779559411319,1779559411319,delta,"0,0.05"
1779559411403,1779559411439,587,1779559411395,1779559411395,delta,"0,0.05"
1779559411407,1779559411439,588,1779559411398,1779559411398,delta,"0,0.05"
1779559411442,1779559411472,589,1779559411433,1779559411433,delta,"0,0.05"
1779559411485,1779559411510,590,1779559411475,1779559411475,delta,"0,0.05"
1779559411518,1779559411564,591,1779559411509,1779559411509,delta,"0,0.05"
1779559411552,1779559411565,592,1779559411543,1779559411543,delta,"0,0.05"
1779559411586,1779559411598,593,1779559411577,1779559411577,delta,"0,0.05"
1779559411620,1779559411637,594,1779559411611,1779559411611,delta,"0,0.05"
1779559411655,1779559411691,595,1779559411645,1779559411645,delta,"0,0.05"
1779559411689,1779559411691,596,1779559411679,1779559411679,delta,"0,0.05"
1779559411723,1779559411724,597,1779559411714,1779559411714,delta,"0,0.05"
1779559411758,1779559411762,598,1779559411749,1779559411749,delta,"0,0.05"
1779559411792,1779559411816,599,1779559411784,1779559411784,delta,"0,0.05"
1779559411826,1779559411849,600,1779559411817,1779559411817,delta,"0,0.05"
1779559411861,1779559411887,601,1779559411852,1779559411852,delta,"0,0.05"
1779559411904,1779559411941,602,1779559411895,1779559411895,delta,"0,0.05"
1779559411937,1779559411941,603,1779559411928,1779559411928,delta,"0,0.05"
1779559411980,1779559412012,604,1779559411971,1779559411971,delta,"0,0.05"
1779559412013,1779559412066,605,1779559412004,1779559412004,delta,"0,0.05"
1779559412047,1779559412066,606,1779559412038,1779559412038,delta,"0,0.05"
1779559412083,1779559412100,607,1779559412073,1779559412073,delta,"0,0.05"
1779559412122,1779559412138,608,1779559412113,1779559412113,delta,"0,0.05"
1779559412160,1779559412192,609,1779559412151,1779559412151,delta,"0,0.05"
1779559412199,1779559412226,610,1779559412190,1779559412190,delta,"0,0.05"
1779559412238,1779559412264,611,1779559412229,1779559412229,delta,"0,0.05"
1779559412282,1779559412319,612,1779559412273,1779559412273,delta,"0,0.05"
1779559412322,1779559412352,613,1779559412313,1779559412313,delta,"0,0.05"
1779559412401,1779559412443,614,1779559412392,1779559412392,delta,"0,0.05"
1779559412405,1779559412443,615,1779559412396,1779559412396,delta,"0,0.05"
1779559412440,1779559412443,616,1779559412432,1779559412432,delta,"0,0.05"
1779559412483,1779559412514,617,1779559412474,1779559412474,delta,"0,0.05"
1779559412517,1779559412569,618,1779559412507,1779559412507,delta,"0,0.05"
1779559412551,1779559412569,619,1779559412541,1779559412541,delta,"0,0.05"
1779559412585,1779559412603,620,1779559412576,1779559412576,delta,"0,0.05"
1779559412619,1779559412644,621,1779559412610,1779559412610,delta,"0,0.05"
1779559412656,1779559412698,622,1779559412646,1779559412646,delta,"0,0.05"
1779559412689,1779559412698,623,1779559412680,1779559412680,delta,"0,0.05"
1779559412725,1779559412732,624,1779559412716,1779559412716,delta,"0,0.05"
1779559412759,1779559412770,625,1779559412751,1779559412751,delta,"0,0.05"
1779559412795,1779559412824,626,1779559412786,1779559412786,delta,"0,0.05"
1779559412829,1779559412856,627,1779559412820,1779559412820,delta,"0,0.05"
1779559412864,1779559412895,628,1779559412855,1779559412855,delta,"0,0.05"
1779559412939,1779559412948,629,1779559412930,1779559412930,delta,"0,0.05"
1779559412943,1779559412948,630,1779559412934,1779559412934,delta,"0,0.05"
1779559412977,1779559412981,631,1779559412968,1779559412968,delta,"0,0.05"
1779559413020,1779559413073,632,1779559413011,1779559413011,delta,"0,0.05"
1779559413053,1779559413073,633,1779559413044,1779559413044,delta,"0,0.05"
1779559413086,1779559413107,634,1779559413078,1779559413078,delta,"0,0.05"
1779559413122,1779559413145,635,1779559413112,1779559413112,delta,"0,0.05"
1779559413156,1779559413199,636,1779559413147,1779559413147,delta,"0,0.05"
1779559413193,1779559413199,637,1779559413184,1779559413184,delta,"0,0.05"
1779559413265,1779559413270,638,1779559413256,1779559413256,delta,"0,0.05"
1779559413304,1779559413325,639,1779559413296,1779559413296,delta,"0,0.05"
1779559413345,1779559413359,640,1779559413336,1779559413336,delta,"0,0.05"
1779559413384,1779559413396,641,1779559413375,1779559413375,delta,"0,0.05"
1779559413433,1779559413450,642,1779559413423,1779559413423,delta,"0,0.05"
1779559413480,1779559413482,643,1779559413470,1779559413470,delta,"0,0.05"
1779559413517,1779559413520,644,1779559413508,1779559413508,delta,"0,0.05"
1779559413556,1779559413573,645,1779559413547,1779559413547,delta,"0,0.05"
1779559413559,1779559413573,646,1779559413550,1779559413550,delta,"0,0.05"
1779559413595,1779559413606,647,1779559413586,1779559413586,delta,"0,0.05"
1779559413630,1779559413644,648,1779559413621,1779559413621,delta,"0,0.05"
1779559413665,1779559413699,649,1779559413656,1779559413656,delta,"0,0.05"
1779559413700,1779559413732,650,1779559413691,1779559413691,delta,"0,0.05"
1779559413735,1779559413770,651,1779559413726,1779559413726,delta,"0,0.05"
1779559413805,1779559413823,652,1779559413796,1779559413796,delta,"0,0.05"
1779559413844,1779559413856,653,1779559413835,1779559413835,delta,"0,0.05"
1779559413884,1779559413894,654,1779559413875,1779559413875,delta,"0,0.05"
1779559413929,1779559413948,655,1779559413921,1779559413921,delta,"0,0.05"
1779559413968,1779559413982,656,1779559413959,1779559413959,delta,"0,0.05"
1779559414013,1779559414020,657,1779559414004,1779559414004,delta,"0,0.05"
1779559414051,1779559414074,658,1779559414042,1779559414042,delta,"0,0.05"
1779559414090,1779559414107,659,1779559414081,1779559414081,delta,"0,0.05"
1779559414093,1779559414107,660,1779559414085,1779559414085,delta,"0,0.05"
1779559414129,1779559414145,661,1779559414121,1779559414121,delta,"0,0.05"
1779559414164,1779559414201,662,1779559414155,1779559414155,delta,"0,0.05"
1779559414199,1779559414201,663,1779559414190,1779559414190,delta,"0,0.05"
1779559414234,1779559414271,664,1779559414225,1779559414225,delta,"0,0.05"
1779559414268,1779559414271,665,1779559414259,1779559414259,delta,"0,0.05"
1779559414302,1779559414325,666,1779559414294,1779559414294,delta,"0,0.05"
1779559414337,1779559414357,667,1779559414328,1779559414328,delta,"0,0.05"
1779559414371,1779559414395,668,1779559414362,1779559414362,delta,"0,0.05"
1779559414406,1779559414449,669,1779559414397,1779559414397,delta,"0,0.05"
1779559414442,1779559414449,670,1779559414432,1779559414432,delta,"0,0.05"
1779559414483,1779559414519,671,1779559414475,1779559414475,delta,"0,0.05"
1779559414517,1779559414519,672,1779559414508,1779559414508,delta,"0,0.05"
1779559414559,1779559414573,673,1779559414550,1779559414550,delta,"0,0.05"
1779559414592,1779559414606,674,1779559414583,1779559414583,delta,"0,0.05"
1779559414626,1779559414645,675,1779559414617,1779559414617,delta,"0,0.05"
1779559414660,1779559414700,676,1779559414652,1779559414652,delta,"0,0.05"
1779559414696,1779559414700,677,1779559414686,1779559414686,delta,"0,0.05"
1779559414730,1779559414733,678,1779559414721,1779559414721,delta,"0,0.05"
1779559414764,1779559414771,679,1779559414755,1779559414755,delta,"0,0.05"
1779559414798,1779559414825,680,1779559414789,1779559414789,delta,"0,0.05"
1779559414833,1779559414858,681,1779559414824,1779559414824,delta,"0,0.05"
1779559414867,1779559414897,682,1779559414858,1779559414858,delta,"0,0.05"
1779559414901,1779559414951,683,1779559414893,1779559414893,delta,"0,0.05"
1779559414976,1779559414985,684,1779559414967,1779559414967,delta,"0,0.05"
1779559414980,1779559414985,685,1779559414971,1779559414971,delta,"0,0.05"
1779559415015,1779559415024,686,1779559415006,1779559415006,delta,"0,0.05"
1779559415057,1779559415078,687,1779559415048,1779559415048,delta,"0,0.05"
1779559415090,1779559415112,688,1779559415081,1779559415081,delta,"0,0.05"
1779559415124,1779559415150,689,1779559415116,1779559415116,delta,"0,0.05"
1779559415159,1779559415205,690,1779559415150,1779559415150,delta,"0,0.05"
1779559415193,1779559415205,691,1779559415184,1779559415184,delta,"0,0.05"
1779559415228,1779559415238,692,1779559415218,1779559415218,delta,"0,0.05"
1779559415262,1779559415275,693,1779559415253,1779559415253,delta,"0,0.05"
1779559415296,1779559415329,694,1779559415287,1779559415287,delta,"0,0.05"
1779559415330,1779559415362,695,1779559415322,1779559415322,delta,"0,0.05"
1779559415365,1779559415400,696,1779559415356,1779559415356,delta,"0,0.05"
1779559415399,1779559415400,697,1779559415390,1779559415390,delta,"0,0.05"
1779559415434,1779559415458,698,1779559415425,1779559415425,delta,"0,0.05"
1779559415509,1779559415529,699,1779559415500,1779559415500,delta,"0,0.05"
1779559415512,1779559415529,700,1779559415504,1779559415504,delta,"0,0.05"
1779559415547,1779559415583,701,1779559415538,1779559415538,delta,"0,0.05"
1779559415589,1779559415615,702,1779559415580,1779559415580,delta,"0,0.05"
1779559415622,1779559415653,703,1779559415613,1779559415613,delta,"0,0.05"
1779559415656,1779559415707,704,1779559415647,1779559415647,delta,"0,0.05"
1779559415690,1779559415707,705,1779559415681,1779559415681,delta,"0,0.05"
1779559415726,1779559415740,706,1779559415716,1779559415716,delta,"0,0.05"
1779559415759,1779559415779,707,1779559415750,1779559415750,delta,"0,0.05"
1779559415794,1779559415835,708,1779559415785,1779559415785,delta,"0,0.05"
1779559415828,1779559415835,709,1779559415819,1779559415819,delta,"0,0.05"
1779559415862,1779559415868,710,1779559415853,1779559415853,delta,"0,0.05"
1779559415896,1779559415907,711,1779559415887,1779559415887,delta,"0,0.05"
1779559415931,1779559415961,712,1779559415922,1779559415922,delta,"0,0.05"
1779559415966,1779559415993,713,1779559415957,1779559415957,delta,"0,0.05"
1779559416008,1779559416031,714,1779559415999,1779559415999,delta,"0,0.05"
1779559416042,1779559416084,715,1779559416033,1779559416033,delta,"0,0.05"
1779559416084,1779559416084,716,1779559416075,1779559416075,delta,"0,0.05"
1779559416117,1779559416117,717,1779559416108,1779559416108,delta,"0,0.05"
1779559416151,1779559416155,718,1779559416142,1779559416142,delta,"0,0.05"
1779559416185,1779559416208,719,1779559416177,1779559416177,delta,"0,0.05"
1779559416219,1779559416242,720,1779559416211,1779559416211,delta,"0,0.05"
1779559416254,1779559416279,721,1779559416245,1779559416245,delta,"0,0.05"
1779559416288,1779559416334,722,1779559416279,1779559416279,delta,"0,0.05"
1779559416323,1779559416335,723,1779559416314,1779559416314,delta,"0,0.05"
1779559416357,1779559416367,724,1779559416348,1779559416348,delta,"0,0.05"
1779559416392,1779559416406,725,1779559416382,1779559416382,delta,"0,0.05"
1779559416461,1779559416494,726,1779559416453,1779559416453,delta,"0,0.05"
1779559416511,1779559416532,727,1779559416501,1779559416501,delta,"0,0.05"
1779559416559,1779559416586,728,1779559416549,1779559416549,delta,"0,0.05"
1779559416597,1779559416618,729,1779559416587,1779559416587,delta,"0,0.05"
1779559416599,1779559416619,730,1779559416590,1779559416590,delta,"0,0.05"
1779559416636,1779559416657,731,1779559416626,1779559416626,delta,"0,0.05"
1779559416669,1779559416710,732,1779559416661,1779559416661,delta,"0,0.05"
1779559416705,1779559416710,733,1779559416696,1779559416696,delta,"0,0.05"
1779559416739,1779559416744,734,1779559416730,1779559416730,delta,"0,0.05"
1779559416773,1779559416782,735,1779559416764,1779559416764,delta,"0,0.05"
1779559416843,1779559416868,736,1779559416834,1779559416834,delta,"0,0.05"
1779559416881,1779559416906,737,1779559416872,1779559416872,delta,"0,0.05"
1779559416885,1779559416906,738,1779559416876,1779559416876,delta,"0,0.05"
1779559416921,1779559416960,739,1779559416912,1779559416912,delta,"0,0.05"
1779559416956,1779559416960,740,1779559416947,1779559416947,delta,"0,0.05"
1779559416991,1779559416993,741,1779559416982,1779559416982,delta,"0,0.05"
1779559417033,1779559417084,742,1779559417025,1779559417025,delta,"0,0.05"
1779559417066,1779559417084,743,1779559417057,1779559417057,delta,"0,0.05"
1779559417109,1779559417117,744,1779559417100,1779559417100,delta,"0,0.05"
1779559417142,1779559417156,745,1779559417133,1779559417133,delta,"0,0.05"
1779559417176,1779559417211,746,1779559417167,1779559417167,delta,"0,0.05"
1779559417210,1779559417211,747,1779559417201,1779559417201,delta,"0,0.05"
1779559417244,1779559417282,748,1779559417236,1779559417236,delta,"0,0.05"
1779559417280,1779559417282,749,1779559417271,1779559417271,delta,"0,0.05"
1779559417314,1779559417336,750,1779559417305,1779559417305,delta,"0,0.05"
1779559417348,1779559417369,751,1779559417339,1779559417339,delta,"0,0.05"
1779559417382,1779559417408,752,1779559417373,1779559417373,delta,"0,0.05"
1779559417416,1779559417462,753,1779559417407,1779559417407,delta,"0,0.05"
1779559417452,1779559417462,754,1779559417441,1779559417441,delta,"0,0.05"
1779559417486,1779559417496,755,1779559417477,1779559417477,delta,"0,0.05"
1779559417520,1779559417533,756,1779559417512,1779559417512,delta,"0,0.05"
1779559417563,1779559417587,757,1779559417554,1779559417554,delta,"0,0.05"
1779559417596,1779559417620,758,1779559417587,1779559417587,delta,"0,0.05"
1779559417638,1779559417658,759,1779559417629,1779559417629,delta,"0,0.05"
1779559417672,1779559417713,760,1779559417663,1779559417663,delta,"0,0.05"
1779559417707,1779559417713,761,1779559417697,1779559417697,delta,"0,0.05"
1779559417740,1779559417746,762,1779559417731,1779559417731,delta,"0,0.05"
1779559417774,1779559417784,763,1779559417766,1779559417766,delta,"0,0.05"
1779559417809,1779559417838,764,1779559417800,1779559417800,delta,"0,0.05"
1779559417879,1779559417910,765,1779559417871,1779559417871,delta,"0,0.05"
1779559417918,1779559417964,766,1779559417910,1779559417910,delta,"0,0.05"
1779559417921,1779559417964,767,1779559417913,1779559417913,delta,"0,0.05"
1779559417958,1779559417964,768,1779559417949,1779559417949,delta,"0,0.05"
1779559418040,1779559418091,769,1779559418030,1779559418030,delta,"0,0.05"
1779559418077,1779559418091,770,1779559418068,1779559418068,delta,"0,0.05"
1779559418126,1779559418163,771,1779559418116,1779559418116,delta,"0,0.05"
1779559418164,1779559418218,772,1779559418155,1779559418155,delta,"0,0.05"
1779559418204,1779559418218,773,1779559418194,1779559418194,delta,"0,0.05"
1779559418206,1779559418218,774,1779559418197,1779559418197,delta,"0,0.05"
1779559418242,1779559418251,775,1779559418233,1779559418233,delta,"0,0.05"
1779559418277,1779559418289,776,1779559418268,1779559418268,delta,"0,0.05"
1779559418311,1779559418342,777,1779559418303,1779559418303,delta,"0,0.05"
1779559418346,1779559418376,778,1779559418337,1779559418337,delta,"0,0.05"
1779559418381,1779559418414,779,1779559418371,1779559418371,delta,"0,0.05"
1779559418414,1779559418414,780,1779559418405,1779559418405,delta,"0,0.05"
1779559418448,1779559418468,781,1779559418440,1779559418440,delta,"0,0.05"
1779559418483,1779559418501,782,1779559418475,1779559418475,delta,"0,0.05"
1779559418517,1779559418539,783,1779559418509,1779559418509,delta,"0,0.05"
1779559418561,1779559418593,784,1779559418551,1779559418551,delta,"0,0.05"
1779559418594,1779559418626,785,1779559418585,1779559418585,delta,"0,0.05"
1779559418630,1779559418664,786,1779559418620,1779559418620,delta,"0,0.05"
1779559418671,1779559418718,787,1779559418662,1779559418662,delta,"0,0.05"
1779559418705,1779559418718,788,1779559418695,1779559418695,delta,"0,0.05"
1779559418739,1779559418751,789,1779559418730,1779559418730,delta,"0,0.05"
1779559418773,1779559418789,790,1779559418764,1779559418764,delta,"0,0.05"
1779559418807,1779559418843,791,1779559418798,1779559418798,delta,"0,0.05"
1779559418843,1779559418843,792,1779559418833,1779559418833,delta,"0,0.05"
1779559418876,1779559418876,793,1779559418867,1779559418867,delta,"0,0.05"
1779559418911,1779559418914,794,1779559418902,1779559418902,delta,"0,0.05"
1779559418945,1779559418968,795,1779559418936,1779559418936,delta,"0,0.05"
1779559418979,1779559419001,796,1779559418970,1779559418970,delta,"0,0.05"
1779559419015,1779559419040,797,1779559419006,1779559419006,delta,"0,0.05"
1779559419049,1779559419095,798,1779559419040,1779559419040,delta,"0,0.05"
1779559419092,1779559419095,799,1779559419084,1779559419084,delta,"0,0.05"
1779559419166,1779559419167,800,1779559419157,1779559419157,delta,"0,0.05"
1779559419169,1779559419221,801,1779559419160,1779559419160,delta,"0,0.05"
1779559419203,1779559419221,802,1779559419194,1779559419194,delta,"0,0.05"
1779559419237,1779559419254,803,1779559419228,1779559419228,delta,"0,0.05"
1779559419272,1779559419292,804,1779559419263,1779559419263,delta,"0,0.05"
1779559419306,1779559419346,805,1779559419297,1779559419297,delta,"0,0.05"
1779559419340,1779559419346,806,1779559419332,1779559419332,delta,"0,0.05"
1779559419375,1779559419378,807,1779559419366,1779559419366,delta,"0,0.05"
1779559419409,1779559419416,808,1779559419400,1779559419400,delta,"0,0.05"
1779559419444,1779559419470,809,1779559419435,1779559419435,delta,"0,0.05"
1779559419478,1779559419503,810,1779559419469,1779559419469,delta,"0,0.05"
1779559419513,1779559419540,811,1779559419504,1779559419504,delta,"0,0.05"
1779559419589,1779559419594,812,1779559419580,1779559419580,delta,"0,0.05"
1779559419595,1779559419629,813,1779559419585,1779559419585,delta,"0,0.05"
1779559419630,1779559419667,814,1779559419619,1779559419619,delta,"0,0.05"
1779559419671,1779559419721,815,1779559419661,1779559419661,delta,"0,0.05"
1779559419703,1779559419721,816,1779559419694,1779559419694,delta,"0,0.05"
1779559419737,1779559419755,817,1779559419728,1779559419728,delta,"0,0.05"
1779559419772,1779559419793,818,1779559419763,1779559419763,delta,"0,0.05"
1779559419807,1779559419848,819,1779559419797,1779559419797,delta,"0,0.05"
1779559419840,1779559419848,820,1779559419831,1779559419831,delta,"0,0.05"
1779559419875,1779559419881,821,1779559419866,1779559419866,delta,"0,0.05"
1779559419910,1779559419921,822,1779559419901,1779559419901,delta,"0,0.05"
1779559419944,1779559419974,823,1779559419934,1779559419934,delta,"0,0.05"
1779559419978,1779559420007,824,1779559419969,1779559419969,delta,"0,0.05"
1779559420012,1779559420045,825,1779559420003,1779559420003,delta,"0,0.05"
1779559420047,1779559420099,826,1779559420039,1779559420039,delta,"0,0.05"
1779559420123,1779559420132,827,1779559420114,1779559420114,delta,"0,0.05"
1779559420135,1779559420171,828,1779559420126,1779559420126,delta,"0,0.05"
1779559420169,1779559420171,829,1779559420160,1779559420160,delta,"0,0.05"
1779559420211,1779559420226,830,1779559420202,1779559420202,delta,"0,0.05"
1779559420244,1779559420259,831,1779559420235,1779559420235,delta,"0,0.05"
1779559420278,1779559420297,832,1779559420269,1779559420269,delta,"0,0.05"
1779559420313,1779559420352,833,1779559420304,1779559420304,delta,"0,0.05"
1779559420347,1779559420352,834,1779559420338,1779559420338,delta,"0,0.05"
1779559420381,1779559420390,835,1779559420372,1779559420372,delta,"0,0.05"
1779559420416,1779559420427,836,1779559420407,1779559420407,delta,"0,0.05"
1779559420450,1779559420486,837,1779559420441,1779559420441,delta,"0,0.05"
1779559420484,1779559420486,838,1779559420475,1779559420475,delta,"0,0.05"
1779559420519,1779559420520,839,1779559420509,1779559420509,delta,"0,0.05"
1779559420553,1779559420558,840,1779559420544,1779559420544,delta,"0,0.05"
1779559420588,1779559420612,841,1779559420579,1779559420579,delta,"0,0.05"
1779559420630,1779559420646,842,1779559420621,1779559420621,delta,"0,0.05"
1779559420663,1779559420684,843,1779559420654,1779559420654,delta,"0,0.05"
1779559420706,1779559420738,844,1779559420697,1779559420697,delta,"0,0.05"
1779559420738,1779559420771,845,1779559420729,1779559420729,delta,"0,0.05"
1779559420772,1779559420810,846,1779559420764,1779559420764,delta,"0,0.05"
1779559420807,1779559420810,847,1779559420798,1779559420798,delta,"0,0.05"
1779559420842,1779559420864,848,1779559420833,1779559420833,delta,"0,0.05"
1779559420876,1779559420897,849,1779559420867,1779559420867,delta,"0,0.05"
1779559420910,1779559420934,850,1779559420901,1779559420901,delta,"0,0.05"
1779559420944,1779559420988,851,1779559420935,1779559420936,delta,"0,0.05"
1779559420979,1779559420988,852,1779559420970,1779559420970,delta,"0,0.05"
1779559421013,1779559421021,853,1779559421004,1779559421004,delta,"0,0.05"
1779559421048,1779559421058,854,1779559421039,1779559421039,delta,"0,0.05"
1779559421083,1779559421111,855,1779559421074,1779559421074,delta,"0,0.05"
1779559421125,1779559421145,856,1779559421116,1779559421116,delta,"0,0.05"
1779559421157,1779559421183,857,1779559421148,1779559421148,delta,"0,0.05"
1779559421200,1779559421237,858,1779559421191,1779559421191,delta,"0,0.05"
1779559421233,1779559421237,859,1779559421224,1779559421224,delta,"0,0.05"
1779559421267,1779559421270,860,1779559421258,1779559421258,delta,"0,0.05"
1779559421301,1779559421307,861,1779559421292,1779559421292,delta,"0,0.05"
1779559421335,1779559421362,862,1779559421326,1779559421326,delta,"0,0.05"
1779559421370,1779559421395,863,1779559421361,1779559421361,delta,"0,0.05"
1779559421405,1779559421433,864,1779559421396,1779559421396,delta,"0,0.05"
1779559421438,1779559421487,865,1779559421429,1779559421429,delta,"0,0.05"
1779559421473,1779559421487,866,1779559421464,1779559421464,delta,"0,0.05"
1779559421506,1779559421520,867,1779559421498,1779559421498,delta,"0,0.05"
1779559421541,1779559421557,868,1779559421532,1779559421532,delta,"0,0.05"
1779559421576,1779559421611,869,1779559421567,1779559421567,delta,"0,0.05"
1779559421611,1779559421643,870,1779559421602,1779559421602,delta,"0,0.05"
1779559421653,1779559421681,871,1779559421645,1779559421645,delta,"0,0.05"
1779559421727,1779559421736,872,1779559421717,1779559421717,delta,"0,0.05"
1779559421730,1779559421736,873,1779559421721,1779559421721,delta,"0,0.05"
1779559421764,1779559421769,874,1779559421755,1779559421755,delta,"0,0.05"
1779559421798,1779559421806,875,1779559421789,1779559421789,delta,"0,0.05"
1779559421833,1779559421861,876,1779559421824,1779559421824,delta,"0,0.05"
1779559421866,1779559421893,877,1779559421858,1779559421858,delta,"0,0.05"
1779559421901,1779559421932,878,1779559421893,1779559421893,delta,"0,0.05"
1779559421936,1779559421985,879,1779559421927,1779559421927,delta,"0,0.05"
1779559421969,1779559421985,880,1779559421960,1779559421960,delta,"0,0.05"
1779559422004,1779559422018,881,1779559421995,1779559421995,delta,"0,0.05"
1779559422038,1779559422056,882,1779559422029,1779559422029,delta,"0,0.05"
1779559422073,1779559422110,883,1779559422064,1779559422064,delta,"0,0.05"
1779559422111,1779559422143,884,1779559422102,1779559422102,delta,"0,0.05"
1779559422155,1779559422180,885,1779559422146,1779559422146,delta,"0,0.05"
1779559422192,1779559422234,886,1779559422183,1779559422183,delta,"0,0.05"
1779559422230,1779559422234,887,1779559422222,1779559422222,delta,"0,0.05"
1779559422270,1779559422305,888,1779559422261,1779559422261,delta,"0,0.05"
1779559422309,1779559422359,889,1779559422299,1779559422299,delta,"0,0.05"
1779559422344,1779559422359,890,1779559422334,1779559422334,delta,"0,0.05"
1779559422378,1779559422393,891,1779559422369,1779559422369,delta,"0,0.05"
1779559422412,1779559422432,892,1779559422403,1779559422403,delta,"0,0.05"
1779559422446,1779559422485,893,1779559422437,1779559422437,delta,"0,0.05"
1779559422480,1779559422485,894,1779559422472,1779559422472,delta,"0,0.05"
1779559422515,1779559422518,895,1779559422506,1779559422506,delta,"0,0.05"
1779559422549,1779559422557,896,1779559422540,1779559422540,delta,"0,0.05"
1779559422585,1779559422610,897,1779559422576,1779559422576,delta,"0,0.05"
1779559422619,1779559422643,898,1779559422610,1779559422610,delta,"0,0.05"
1779559422662,1779559422682,899,1779559422653,1779559422653,delta,"0,0.05"
1779559422695,1779559422736,900,1779559422686,1779559422686,delta,"0,0.05"
1779559422730,1779559422736,901,1779559422721,1779559422721,delta,"0,0.05"
1779559422773,1779559422807,902,1779559422763,1779559422763,delta,"0,0.05"
1779559422805,1779559422807,903,1779559422796,1779559422796,delta,"0,0.05"
1779559422839,1779559422861,904,1779559422830,1779559422830,delta,"0,0.05"
1779559422873,1779559422895,905,1779559422865,1779559422865,delta,"0,0.05"
1779559422908,1779559422934,906,1779559422899,1779559422899,delta,"0,0.05"
1779559422942,1779559422988,907,1779559422934,1779559422934,delta,"0,0.05"
1779559422976,1779559422988,908,1779559422967,1779559422967,delta,"0,0.05"
1779559423011,1779559423021,909,1779559423002,1779559423002,delta,"0,0.05"
1779559423045,1779559423060,910,1779559423036,1779559423036,delta,"0,0.05"
1779559423080,1779559423115,911,1779559423070,1779559423070,delta,"0,0.05"
1779559423115,1779559423115,912,1779559423105,1779559423105,delta,"0,0.05"
1779559423150,1779559423151,913,1779559423141,1779559423141,delta,"0,0.05"
1779559423191,1779559423191,914,1779559423182,1779559423182,delta,"0,0.05"
1779559423224,1779559423244,915,1779559423215,1779559423215,delta,"0,0.05"
1779559423267,1779559423278,916,1779559423258,1779559423258,delta,"0,0.05"
1779559423299,1779559423317,917,1779559423291,1779559423291,delta,"0,0.05"
1779559423335,1779559423371,918,1779559423326,1779559423326,delta,"0,0.05"
1779559423368,1779559423371,919,1779559423360,1779559423360,delta,"0,0.05"
1779559423403,1779559423404,920,1779559423395,1779559423395,delta,"0,0.05"
1779559423438,1779559423442,921,1779559423429,1779559423429,delta,"0,0.05"
1779559423472,1779559423497,922,1779559423463,1779559423463,delta,"0,0.05"
1779559423506,1779559423529,923,1779559423498,1779559423498,delta,"0,0.05"
1779559423541,1779559423568,924,1779559423532,1779559423532,delta,"0,0.05"
1779559423575,1779559423622,925,1779559423567,1779559423567,delta,"0,0.05"
1779559423610,1779559423622,926,1779559423601,1779559423601,delta,"0,0.05"
1779559423685,1779559423693,927,1779559423676,1779559423676,delta,"0,0.05"
1779559423689,1779559423693,928,1779559423679,1779559423679,delta,"0,0.05"
1779559423723,1779559423748,929,1779559423714,1779559423714,delta,"0,0.05"
1779559423766,1779559423784,930,1779559423756,1779559423756,delta,"0,0.05"
1779559423799,1779559423821,931,1779559423790,1779559423790,delta,"0,0.05"
1779559423834,1779559423876,932,1779559423824,1779559423824,delta,"0,0.05"
1779559423867,1779559423876,933,1779559423858,1779559423858,delta,"0,0.05"
1779559423902,1779559423909,934,1779559423893,1779559423893,delta,"0,0.05"
1779559423936,1779559423948,935,1779559423928,1779559423928,delta,"0,0.05"
1779559423971,1779559424002,936,1779559423962,1779559423962,delta,"0,0.05"
1779559424006,1779559424034,937,1779559423997,1779559423997,delta,"0,0.05"
1779559424044,1779559424073,938,1779559424035,1779559424035,delta,"0,0.05"
1779559424079,1779559424127,939,1779559424070,1779559424070,delta,"0,0.05"
1779559424117,1779559424127,940,1779559424107,1779559424107,delta,"0,0.05"
1779559424150,1779559424160,941,1779559424141,1779559424141,delta,"0,0.05"
1779559424192,1779559424198,942,1779559424183,1779559424183,delta,"0,0.05"
1779559424226,1779559424253,943,1779559424217,1779559424217,delta,"0,0.05"
1779559424261,1779559424285,944,1779559424252,1779559424252,delta,"0,0.05"
1779559424303,1779559424324,945,1779559424294,1779559424294,delta,"0,0.05"
1779559424337,1779559424379,946,1779559424327,1779559424327,delta,"0,0.05"
1779559424371,1779559424379,947,1779559424362,1779559424362,delta,"0,0.05"
1779559424407,1779559424412,948,1779559424398,1779559424398,delta,"0,0.05"
1779559424442,1779559424451,949,1779559424434,1779559424434,delta,"0,0.05"
1779559424477,1779559424505,950,1779559424469,1779559424469,delta,"0,0.05"
1779559424512,1779559424539,951,1779559424504,1779559424504,delta,"0,0.05"
1779559424547,1779559424578,952,1779559424538,1779559424538,delta,"0,0.05"
1779559424581,1779559424632,953,1779559424572,1779559424572,delta,"0,0.05"
1779559424616,1779559424632,954,1779559424606,1779559424606,delta,"0,0.05"
1779559424657,1779559424670,955,1779559424648,1779559424648,delta,"0,0.05"
1779559424686,1779559424711,956,1779559424677,1779559424677,delta,"0,0.05"
1779559424728,1779559424765,957,1779559424719,1779559424719,delta,"0,0.05"
1779559424760,1779559424765,958,1779559424751,1779559424751,delta,"0,0.05"
1779559424803,1779559424837,959,1779559424794,1779559424794,delta,"0,0.05"
1779559424836,1779559424837,960,1779559424827,1779559424827,delta,"0,0.05"
1779559424870,1779559424891,961,1779559424861,1779559424861,delta,"0,0.05"
1779559424905,1779559424924,962,1779559424896,1779559424896,delta,"0,0.05"
1779559424939,1779559424963,963,1779559424930,1779559424930,delta,"0,0.05"
1779559424973,1779559425016,964,1779559424964,1779559424964,delta,"0,0.05"
1779559425007,1779559425016,965,1779559424998,1779559424998,delta,"0,0.05"
1779559425042,1779559425050,966,1779559425033,1779559425033,delta,"0,0.05"
1779559425078,1779559425088,967,1779559425067,1779559425067,delta,"0,0.05"
1779559425110,1779559425145,968,1779559425101,1779559425101,delta,"0,0.05"
1779559425145,1779559425145,969,1779559425136,1779559425136,delta,"0,0.05"
1779559425179,1779559425179,970,1779559425170,1779559425170,delta,"0,0.05"
1779559425222,1779559425272,971,1779559425213,1779559425213,delta,"0,0.05"
1779559425295,1779559425304,972,1779559425286,1779559425286,delta,"0,0.05"
1779559425298,1779559425304,973,1779559425290,1779559425290,delta,"0,0.05"
1779559425333,1779559425342,974,1779559425324,1779559425324,delta,"0,0.05"
1779559425367,1779559425396,975,1779559425358,1779559425358,delta,"0,0.05"
1779559425402,1779559425429,976,1779559425392,1779559425392,delta,"0,0.05"
1779559425436,1779559425467,977,1779559425426,1779559425426,delta,"0,0.05"
1779559425469,1779559425526,978,1779559425461,1779559425461,delta,"0,0.05"
1779559425504,1779559425526,979,1779559425495,1779559425495,delta,"0,0.05"
1779559425538,1779559425559,980,1779559425529,1779559425529,delta,"0,0.05"
1779559425573,1779559425598,981,1779559425564,1779559425564,delta,"0,0.05"
1779559425606,1779559425651,982,1779559425597,1779559425597,delta,"0,0.05"
1779559425642,1779559425651,983,1779559425632,1779559425632,delta,"0,0.05"
1779559425676,1779559425684,984,1779559425667,1779559425667,delta,"0,0.05"
1779559425711,1779559425722,985,1779559425702,1779559425702,delta,"0,0.05"
1779559425753,1779559425777,986,1779559425744,1779559425744,delta,"0,0.05"
1779559425786,1779559425810,987,1779559425777,1779559425777,delta,"0,0.05"
1779559425822,1779559425851,988,1779559425813,1779559425813,delta,"0,0.05"
1779559425863,1779559425905,989,1779559425854,1779559425854,delta,"0,0.05"
1779559425896,1779559425905,990,1779559425887,1779559425887,delta,"0,0.05"
1779559425930,1779559425939,991,1779559425921,1779559425921,delta,"0,0.05"
1779559425965,1779559425977,992,1779559425956,1779559425956,delta,"0,0.05"
1779559425998,1779559426031,993,1779559425989,1779559425989,delta,"0,0.05"
1779559426032,1779559426064,994,1779559426024,1779559426024,delta,"0,0.05"
1779559426067,1779559426103,995,1779559426058,1779559426058,delta,"0,0.05"
1779559426101,1779559426103,996,1779559426092,1779559426092,delta,"0,0.05"
1779559426136,1779559426158,997,1779559426126,1779559426126,delta,"0,0.05"
1779559426170,1779559426190,998,1779559426161,1779559426161,delta,"0,0.05"
1779559426246,1779559426282,999,1779559426236,1779559426236,delta,"0,0.05"
1779559426248,1779559426282,1000,1779559426239,1779559426239,delta,"0,0.05"
1779559426282,1779559426315,1001,1779559426273,1779559426273,delta,"0,0.05"
1779559426325,1779559426353,1002,1779559426316,1779559426316,delta,"0,0.05"
1779559426358,1779559426407,1003,1779559426349,1779559426349,delta,"0,0.05"
1779559426392,1779559426408,1004,1779559426383,1779559426383,delta,"0,0.05"
1779559426427,1779559426441,1005,1779559426418,1779559426418,delta,"0,0.05"
1779559426461,1779559426479,1006,1779559426452,1779559426452,delta,"0,0.05"
1779559426495,1779559426534,1007,1779559426486,1779559426486,delta,"0,0.05"
1779559426529,1779559426534,1008,1779559426521,1779559426521,delta,"0,0.05"
1779559426564,1779559426566,1009,1779559426555,1779559426555,delta,"0,0.05"
1779559426599,1779559426604,1010,1779559426589,1779559426589,delta,"0,0.05"
1779559426633,1779559426658,1011,1779559426624,1779559426624,delta,"0,0.05"
1779559426666,1779559426691,1012,1779559426657,1779559426657,delta,"0,0.05"
1779559426701,1779559426728,1013,1779559426692,1779559426692,delta,"0,0.05"
1779559426777,1779559426782,1014,1779559426768,1779559426768,delta,"0,0.05"
1779559426780,1779559426782,1015,1779559426771,1779559426771,delta,"0,0.05"
1779559426814,1779559426815,1016,1779559426806,1779559426806,delta,"0,0.05"
1779559426857,1779559426906,1017,1779559426847,1779559426847,delta,"0,0.05"
1779559426889,1779559426906,1018,1779559426880,1779559426880,delta,"0,0.05"
1779559426923,1779559426939,1019,1779559426915,1779559426915,delta,"0,0.05"
1779559426958,1779559426979,1020,1779559426949,1779559426949,delta,"0,0.05"
1779559426992,1779559427033,1021,1779559426983,1779559426983,delta,"0,0.05"
1779559427028,1779559427033,1022,1779559427017,1779559427017,delta,"0,0.05"
1779559427061,1779559427069,1023,1779559427052,1779559427052,delta,"0,0.05"
1779559427095,1779559427108,1024,1779559427086,1779559427086,delta,"0,0.05"
1779559427129,1779559427161,1025,1779559427120,1779559427120,delta,"0,0.05"
1779559427163,1779559427195,1026,1779559427155,1779559427155,delta,"0,0.05"
1779559427198,1779559427233,1027,1779559427189,1779559427189,delta,"0,0.05"
1779559427241,1779559427287,1028,1779559427232,1779559427232,delta,"0,0.05"
1779559427274,1779559427287,1029,1779559427266,1779559427266,delta,"0,0.05"
1779559427308,1779559427321,1030,1779559427300,1779559427300,delta,"0,0.05"
1779559427351,1779559427359,1031,1779559427343,1779559427343,delta,"0,0.05"
1779559427385,1779559427414,1032,1779559427376,1779559427376,delta,"0,0.05"
1779559427418,1779559427447,1033,1779559427410,1779559427410,delta,"0,0.05"
1779559427453,1779559427485,1034,1779559427444,1779559427444,delta,"0,0.05"
1779559427487,1779559427539,1035,1779559427478,1779559427478,delta,"0,0.05"
1779559427522,1779559427539,1036,1779559427513,1779559427513,delta,"0,0.05"
1779559427555,1779559427573,1037,1779559427547,1779559427547,delta,"0,0.05"
1779559427590,1779559427612,1038,1779559427581,1779559427581,delta,"0,0.05"
1779559427625,1779559427666,1039,1779559427616,1779559427616,delta,"0,0.05"
1779559427660,1779559427666,1040,1779559427650,1779559427650,delta,"0,0.05"
1779559427694,1779559427699,1041,1779559427685,1779559427685,delta,"0,0.05"
1779559427728,1779559427737,1042,1779559427720,1779559427720,delta,"0,0.05"
1779559427764,1779559427791,1043,1779559427755,1779559427755,delta,"0,0.05"
1779559427807,1779559427824,1044,1779559427798,1779559427798,delta,"0,0.05"
1779559427840,1779559427861,1045,1779559427831,1779559427831,delta,"0,0.05"
1779559427883,1779559427916,1046,1779559427874,1779559427874,delta,"0,0.05"
1779559427916,1779559427949,1047,1779559427907,1779559427907,delta,"0,0.05"
1779559427950,1779559427988,1048,1779559427941,1779559427941,delta,"0,0.05"
1779559427985,1779559427988,1049,1779559427976,1779559427976,delta,"0,0.05"
1779559428019,1779559428042,1050,1779559428010,1779559428010,delta,"0,0.05"
1779559428053,1779559428075,1051,1779559428045,1779559428045,delta,"0,0.05"
1779559428087,1779559428113,1052,1779559428078,1779559428078,delta,"0,0.05"
1779559428122,1779559428167,1053,1779559428113,1779559428113,delta,"0,0.05"
1779559428156,1779559428167,1054,1779559428147,1779559428147,delta,"0,0.05"
1779559428191,1779559428200,1055,1779559428181,1779559428181,delta,"0,0.05"
1779559428226,1779559428238,1056,1779559428217,1779559428217,delta,"0,0.05"
1779559428261,1779559428292,1057,1779559428252,1779559428252,delta,"0,0.05"
1779559428304,1779559428325,1058,1779559428295,1779559428295,delta,"0,0.05"
1779559428377,1779559428418,1059,1779559428368,1779559428368,delta,"0,0.05"
1779559428380,1779559428418,1060,1779559428371,1779559428371,delta,"0,0.05"
1779559428415,1779559428418,1061,1779559428405,1779559428405,delta,"0,0.05"
1779559428449,1779559428451,1062,1779559428440,1779559428440,delta,"0,0.05"
1779559428484,1779559428490,1063,1779559428474,1779559428474,delta,"0,0.05"
1779559428518,1779559428544,1064,1779559428509,1779559428509,delta,"0,0.05"
1779559428553,1779559428578,1065,1779559428544,1779559428544,delta,"0,0.05"
1779559428587,1779559428617,1066,1779559428577,1779559428577,delta,"0,0.05"
1779559428620,1779559428670,1067,1779559428611,1779559428611,delta,"0,0.05"
1779559428655,1779559428671,1068,1779559428646,1779559428646,delta,"0,0.05"
1779559428689,1779559428703,1069,1779559428680,1779559428680,delta,"0,0.05"
1779559428724,1779559428741,1070,1779559428715,1779559428715,delta,"0,0.05"
1779559428799,1779559428830,1071,1779559428790,1779559428790,delta,"0,0.05"
1779559428803,1779559428831,1072,1779559428793,1779559428793,delta,"0,0.05"
1779559428837,1779559428868,1073,1779559428828,1779559428828,delta,"0,0.05"
1779559428878,1779559428922,1074,1779559428870,1779559428870,delta,"0,0.05"
1779559428912,1779559428922,1075,1779559428903,1779559428903,delta,"0,0.05"
1779559428946,1779559428957,1076,1779559428937,1779559428937,delta,"0,0.05"
1779559428981,1779559428994,1077,1779559428971,1779559428971,delta,"0,0.05"
1779559429015,1779559429049,1078,1779559429006,1779559429006,delta,"0,0.05"
1779559429049,1779559429049,1079,1779559429040,1779559429040,delta,"0,0.05"
1779559429083,1779559429119,1080,1779559429074,1779559429074,delta,"0,0.05"
1779559429117,1779559429119,1081,1779559429108,1779559429108,delta,"0,0.05"
1779559429151,1779559429173,1082,1779559429143,1779559429143,delta,"0,0.05"
1779559429186,1779559429206,1083,1779559429177,1779559429177,delta,"0,0.05"
1779559429220,1779559429244,1084,1779559429211,1779559429211,delta,"0,0.05"
1779559429254,1779559429298,1085,1779559429246,1779559429246,delta,"0,0.05"
1779559429330,1779559429331,1086,1779559429321,1779559429321,delta,"0,0.05"
1779559429333,1779559429370,1087,1779559429325,1779559429325,delta,"0,0.05"
1779559429367,1779559429370,1088,1779559429358,1779559429358,delta,"0,0.05"
1779559429411,1779559429424,1089,1779559429401,1779559429401,delta,"0,0.05"
1779559429443,1779559429457,1090,1779559429434,1779559429434,delta,"0,0.05"
1779559429477,1779559429495,1091,1779559429468,1779559429468,delta,"0,0.05"
1779559429511,1779559429550,1092,1779559429503,1779559429503,delta,"0,0.05"
1779559429546,1779559429550,1093,1779559429537,1779559429537,delta,"0,0.05"
1779559429581,1779559429583,1094,1779559429571,1779559429571,delta,"0,0.05"
1779559429615,1779559429621,1095,1779559429606,1779559429606,delta,"0,0.05"
1779559429649,1779559429675,1096,1779559429640,1779559429640,delta,"0,0.05"
1779559429683,1779559429708,1097,1779559429674,1779559429674,delta,"0,0.05"
1779559429717,1779559429745,1098,1779559429708,1779559429708,delta,"0,0.05"
1779559429752,1779559429800,1099,1779559429743,1779559429743,delta,"0,0.05"
1779559429790,1779559429800,1100,1779559429777,1779559429777,delta,"0,0.05"
1779559429829,1779559429833,1101,1779559429820,1779559429820,delta,"0,0.05"
1779559429862,1779559429870,1102,1779559429853,1779559429853,delta,"0,0.05"
1779559429904,1779559429924,1103,1779559429895,1779559429895,delta,"0,0.05"
1779559429937,1779559429957,1104,1779559429928,1779559429928,delta,"0,0.05"
1779559429971,1779559429997,1105,1779559429962,1779559429962,delta,"0,0.05"
1779559430006,1779559430050,1106,1779559429997,1779559429997,delta,"0,0.05"
1779559430040,1779559430051,1107,1779559430030,1779559430030,delta,"0,0.05"
1779559430073,1779559430084,1108,1779559430064,1779559430064,delta,"0,0.05"
1779559430107,1779559430122,1109,1779559430099,1779559430099,delta,"0,0.05"
1779559430142,1779559430175,1110,1779559430133,1779559430133,delta,"0,0.05"
1779559430175,1779559430208,1111,1779559430167,1779559430167,delta,"0,0.05"
1779559430210,1779559430246,1112,1779559430201,1779559430201,delta,"0,0.05"
1779559430245,1779559430246,1113,1779559430236,1779559430236,delta,"0,0.05"
1779559430280,1779559430299,1114,1779559430270,1779559430270,delta,"0,0.05"
1779559430314,1779559430333,1115,1779559430305,1779559430305,delta,"0,0.05"
1779559430358,1779559430372,1116,1779559430348,1779559430348,delta,"0,0.05"
1779559430389,1779559430427,1117,1779559430381,1779559430381,delta,"0,0.05"
1779559430433,1779559430460,1118,1779559430424,1779559430424,delta,"0,0.05"
1779559430465,1779559430497,1119,1779559430456,1779559430456,delta,"0,0.05"
1779559430500,1779559430551,1120,1779559430490,1779559430490,delta,"0,0.05"
1779559430534,1779559430552,1121,1779559430525,1779559430525,delta,"0,0.05"
1779559430568,1779559430587,1122,1779559430559,1779559430559,delta,"0,0.05"
1779559430603,1779559430625,1123,1779559430593,1779559430593,delta,"0,0.05"
1779559430636,1779559430678,1124,1779559430627,1779559430627,delta,"0,0.05"
1779559430670,1779559430678,1125,1779559430661,1779559430661,delta,"0,0.05"
1779559430705,1779559430711,1126,1779559430696,1779559430696,delta,"0,0.05"
1779559430739,1779559430749,1127,1779559430730,1779559430730,delta,"0,0.05"
1779559430775,1779559430803,1128,1779559430765,1779559430765,delta,"0,0.05"
1779559430808,1779559430835,1129,1779559430799,1779559430799,delta,"0,0.05"
1779559430851,1779559430873,1130,1779559430842,1779559430842,delta,"0,0.05"
1779559430884,1779559430928,1131,1779559430875,1779559430875,delta,"0,0.05"
1779559430918,1779559430928,1132,1779559430910,1779559430910,delta,"0,0.05"
1779559430960,1779559430960,1133,1779559430951,1779559430951,delta,"0,0.05"
1779559430993,1779559430998,1134,1779559430984,1779559430984,delta,"0,0.05"
1779559431027,1779559431051,1135,1779559431018,1779559431018,delta,"0,0.05"
1779559431062,1779559431085,1136,1779559431053,1779559431053,delta,"0,0.05"
1779559431097,1779559431124,1137,1779559431087,1779559431087,delta,"0,0.05"
1779559431131,1779559431178,1138,1779559431121,1779559431121,delta,"0,0.05"
1779559431165,1779559431178,1139,1779559431156,1779559431156,delta,"0,0.05"
1779559431199,1779559431211,1140,1779559431190,1779559431190,delta,"0,0.05"
1779559431233,1779559431249,1141,1779559431224,1779559431224,delta,"0,0.05"
1779559431267,1779559431304,1142,1779559431258,1779559431258,delta,"0,0.05"
1779559431302,1779559431304,1143,1779559431293,1779559431293,delta,"0,0.05"
1779559431337,1779559431375,1144,1779559431328,1779559431328,delta,"0,0.05"
1779559431379,1779559431429,1145,1779559431371,1779559431371,delta,"0,0.05"
1779559431412,1779559431429,1146,1779559431403,1779559431403,delta,"0,0.05"
1779559431448,1779559431461,1147,1779559431439,1779559431439,delta,"0,0.05"
1779559431490,1779559431499,1148,1779559431481,1779559431481,delta,"0,0.05"
1779559431522,1779559431553,1149,1779559431514,1779559431514,delta,"0,0.05"
1779559431556,1779559431587,1150,1779559431548,1779559431548,delta,"0,0.05"
1779559431591,1779559431625,1151,1779559431582,1779559431582,delta,"0,0.05"
1779559431626,1779559431679,1152,1779559431616,1779559431616,delta,"0,0.05"
1779559431659,1779559431679,1153,1779559431651,1779559431651,delta,"0,0.05"
1779559431694,1779559431712,1154,1779559431685,1779559431685,delta,"0,0.05"
1779559431729,1779559431751,1155,1779559431720,1779559431720,delta,"0,0.05"
1779559431763,1779559431805,1156,1779559431754,1779559431754,delta,"0,0.05"
1779559431798,1779559431805,1157,1779559431789,1779559431789,delta,"0,0.05"
1779559431873,1779559431877,1158,1779559431864,1779559431864,delta,"0,0.05"
1779559431875,1779559431877,1159,1779559431867,1779559431867,delta,"0,0.05"
1779559431911,1779559431931,1160,1779559431902,1779559431902,delta,"0,0.05"
1779559431953,1779559431963,1161,1779559431944,1779559431944,delta,"0,0.05"
1779559431986,1779559432002,1162,1779559431977,1779559431977,delta,"0,0.05"
1779559432021,1779559432055,1163,1779559432012,1779559432012,delta,"0,0.05"
1779559432054,1779559432055,1164,1779559432046,1779559432046,delta,"0,0.05"
1779559432091,1779559432127,1165,1779559432082,1779559432082,delta,"0,0.05"
1779559432130,1779559432181,1166,1779559432121,1779559432121,delta,"0,0.05"
1779559432169,1779559432181,1167,1779559432160,1779559432160,delta,"0,0.05"
1779559432208,1779559432214,1168,1779559432198,1779559432198,delta,"0,0.05"
1779559432247,1779559432252,1169,1779559432237,1779559432237,delta,"0,0.05"
1779559432285,1779559432306,1170,1779559432276,1779559432276,delta,"0,0.05"
1779559432323,1779559432339,1171,1779559432314,1779559432314,delta,"0,0.05"
1779559432358,1779559432378,1172,1779559432349,1779559432349,delta,"0,0.05"
1779559432401,1779559432433,1173,1779559432392,1779559432392,delta,"0,0.05"
1779559432434,1779559432467,1174,1779559432425,1779559432425,delta,"0,0.05"
1779559432475,1779559432506,1175,1779559432467,1779559432467,delta,"0,0.05"
1779559432514,1779559432560,1176,1779559432506,1779559432506,delta,"0,0.05"
1779559432543,1779559432560,1177,1779559432534,1779559432534,delta,"0,0.05"
1779559432577,1779559432594,1178,1779559432568,1779559432568,delta,"0,0.05"
1779559432612,1779559432631,1179,1779559432603,1779559432603,delta,"0,0.05"
1779559432646,1779559432687,1180,1779559432637,1779559432637,delta,"0,0.05"
1779559432681,1779559432687,1181,1779559432672,1779559432672,delta,"0,0.05"
1779559432715,1779559432720,1182,1779559432707,1779559432707,delta,"0,0.05"
1779559432750,1779559432759,1183,1779559432741,1779559432741,delta,"0,0.05"
1779559432785,1779559432813,1184,1779559432775,1779559432775,delta,"0,0.05"
1779559432818,1779559432846,1185,1779559432809,1779559432809,delta,"0,0.05"
1779559432853,1779559432883,1186,1779559432844,1779559432844,delta,"0,0.05"
1779559432898,1779559432936,1187,1779559432889,1779559432889,delta,"0,0.05"
1779559432931,1779559432936,1188,1779559432922,1779559432922,delta,"0,0.05"
1779559432973,1779559433007,1189,1779559432964,1779559432964,delta,"0,0.05"
1779559433005,1779559433007,1190,1779559432997,1779559432997,delta,"0,0.05"
1779559433040,1779559433061,1191,1779559433031,1779559433031,delta,"0,0.05"
1779559433074,1779559433094,1192,1779559433066,1779559433066,delta,"0,0.05"
1779559433109,1779559433132,1193,1779559433100,1779559433100,delta,"0,0.05"
1779559433143,1779559433187,1194,1779559433134,1779559433134,delta,"0,0.05"
1779559433177,1779559433187,1195,1779559433168,1779559433168,delta,"0,0.05"
1779559433213,1779559433220,1196,1779559433203,1779559433203,delta,"0,0.05"
1779559433247,1779559433259,1197,1779559433237,1779559433237,delta,"0,0.05"
1779559433281,1779559433313,1198,1779559433272,1779559433272,delta,"0,0.05"
1779559433315,1779559433347,1199,1779559433306,1779559433306,delta,"0,0.05"
1779559433350,1779559433384,1200,1779559433341,1779559433341,delta,"0,0.05"
1779559433384,1779559433384,1201,1779559433376,1779559433376,delta,"0,0.05"
1779559433427,1779559433439,1202,1779559433417,1779559433417,delta,"0,0.05"
1779559433500,1779559433511,1203,1779559433491,1779559433491,delta,"0,0.05"
1779559433503,1779559433511,1204,1779559433494,1779559433494,delta,"0,0.05"
1779559433536,1779559433565,1205,1779559433528,1779559433528,delta,"0,0.05"
1779559433571,1779559433599,1206,1779559433562,1779559433562,delta,"0,0.05"
1779559433605,1779559433639,1207,1779559433597,1779559433597,delta,"0,0.05"
1779559433640,1779559433692,1208,1779559433631,1779559433631,delta,"0,0.05"
1779559433673,1779559433692,1209,1779559433665,1779559433665,delta,"0,0.05"
1779559433708,1779559433726,1210,1779559433699,1779559433699,delta,"0,0.05"
1779559433743,1779559433766,1211,1779559433733,1779559433733,delta,"0,0.05"
1779559433777,1779559433823,1212,1779559433767,1779559433767,delta,"0,0.05"
1779559433810,1779559433823,1213,1779559433801,1779559433801,delta,"0,0.05"
1779559433846,1779559433857,1214,1779559433836,1779559433836,delta,"0,0.05"
1779559433920,1779559433950,1215,1779559433911,1779559433911,delta,"0,0.05"
1779559433924,1779559433950,1216,1779559433915,1779559433915,delta,"0,0.05"
1779559433958,1779559433985,1217,1779559433949,1779559433949,delta,"0,0.05"
1779559434000,1779559434022,1218,1779559433991,1779559433991,delta,"0,0.05"
1779559434033,1779559434076,1219,1779559434024,1779559434024,delta,"0,0.05"
1779559434068,1779559434076,1220,1779559434058,1779559434058,delta,"0,0.05"
1779559434102,1779559434109,1221,1779559434093,1779559434093,delta,"0,0.05"
1779559434135,1779559434147,1222,1779559434127,1779559434127,delta,"0,0.05"
1779559434170,1779559434202,1223,1779559434161,1779559434161,delta,"0,0.05"
1779559434204,1779559434235,1224,1779559434195,1779559434195,delta,"0,0.05"
1779559434238,1779559434275,1225,1779559434229,1779559434229,delta,"0,0.05"
1779559434273,1779559434275,1226,1779559434264,1779559434264,delta,"0,0.05"
1779559434306,1779559434328,1227,1779559434298,1779559434298,delta,"0,0.05"
1779559434341,1779559434363,1228,1779559434332,1779559434332,delta,"0,0.05"
1779559434376,1779559434401,1229,1779559434367,1779559434367,delta,"0,0.05"
1779559434451,1779559434456,1230,1779559434442,1779559434442,delta,"0,0.05"
1779559434455,1779559434456,1231,1779559434446,1779559434446,delta,"0,0.05"
1779559434489,1779559434494,1232,1779559434480,1779559434480,delta,"0,0.05"
1779559434532,1779559434584,1233,1779559434522,1779559434522,delta,"0,0.05"
1779559434564,1779559434585,1234,1779559434555,1779559434555,delta,"0,0.05"
1779559434598,1779559434618,1235,1779559434589,1779559434589,delta,"0,0.05"
1779559434633,1779559434656,1236,1779559434624,1779559434624,delta,"0,0.05"
1779559434667,1779559434710,1237,1779559434658,1779559434658,delta,"0,0.05"
1779559434702,1779559434710,1238,1779559434692,1779559434692,delta,"0,0.05"
1779559434736,1779559434743,1239,1779559434727,1779559434727,delta,"0,0.05"
1779559434769,1779559434781,1240,1779559434760,1779559434760,delta,"0,0.05"
1779559434803,1779559434835,1241,1779559434795,1779559434795,delta,"0,0.05"
1779559434838,1779559434869,1242,1779559434829,1779559434829,delta,"0,0.05"
1779559434873,1779559434906,1243,1779559434863,1779559434863,delta,"0,0.05"
1779559434906,1779559434906,1244,1779559434897,1779559434897,delta,"0,0.05"
1779559434949,1779559434960,1245,1779559434940,1779559434940,delta,"0,0.05"
1779559434982,1779559434993,1246,1779559434972,1779559434972,delta,"0,0.05"
1779559435016,1779559435031,1247,1779559435007,1779559435007,delta,"0,0.05"
1779559435050,1779559435084,1248,1779559435041,1779559435041,delta,"0,0.05"
1779559435084,1779559435084,1249,1779559435075,1779559435075,delta,"0,0.05"
1779559435119,1779559435159,1250,1779559435109,1779559435109,delta,"0,0.05"
1779559435152,1779559435159,1251,1779559435144,1779559435144,delta,"0,0.05"
1779559435187,1779559435213,1252,1779559435178,1779559435178,delta,"0,0.05"
1779559435220,1779559435245,1253,1779559435212,1779559435212,delta,"0,0.05"
1779559435256,1779559435283,1254,1779559435246,1779559435246,delta,"0,0.05"
1779559435289,1779559435337,1255,1779559435280,1779559435280,delta,"0,0.05"
1779559435323,1779559435337,1256,1779559435315,1779559435315,delta,"0,0.05"
1779559435358,1779559435369,1257,1779559435349,1779559435349,delta,"0,0.05"
1779559435393,1779559435407,1258,1779559435383,1779559435383,delta,"0,0.05"
1779559435427,1779559435461,1259,1779559435418,1779559435418,delta,"0,0.05"
1779559435470,1779559435494,1260,1779559435461,1779559435461,delta,"0,0.05"
1779559435503,1779559435532,1261,1779559435495,1779559435495,delta,"0,0.05"
1779559435545,1779559435586,1262,1779559435536,1779559435536,delta,"0,0.05"
1779559435579,1779559435586,1263,1779559435569,1779559435569,delta,"0,0.05"
1779559435612,1779559435619,1264,1779559435604,1779559435604,delta,"0,0.05"
1779559435647,1779559435659,1265,1779559435638,1779559435638,delta,"0,0.05"
1779559435681,1779559435715,1266,1779559435672,1779559435672,delta,"0,0.05"
1779559435716,1779559435750,1267,1779559435706,1779559435706,delta,"0,0.05"
1779559435750,1779559435750,1268,1779559435740,1779559435740,delta,"0,0.05"
1779559435784,1779559435788,1269,1779559435775,1779559435775,delta,"0,0.05"
1779559435817,1779559435842,1270,1779559435809,1779559435809,delta,"0,0.05"
1779559435852,1779559435876,1271,1779559435843,1779559435843,delta,"0,0.05"
1779559435887,1779559435914,1272,1779559435878,1779559435878,delta,"0,0.05"
1779559435921,1779559435968,1273,1779559435913,1779559435913,delta,"0,0.05"
1779559435963,1779559435968,1274,1779559435955,1779559435955,delta,"0,0.05"
1779559435997,1779559436001,1275,1779559435988,1779559435988,delta,"0,0.05"
1779559436032,1779559436039,1276,1779559436023,1779559436023,delta,"0,0.05"
1779559436074,1779559436093,1277,1779559436066,1779559436066,delta,"0,0.05"
1779559436107,1779559436126,1278,1779559436098,1779559436098,delta,"0,0.05"
1779559436141,1779559436163,1279,1779559436132,1779559436132,delta,"0,0.05"
1779559436176,1779559436217,1280,1779559436167,1779559436167,delta,"0,0.05"
1779559436210,1779559436218,1281,1779559436201,1779559436201,delta,"0,0.05"
1779559436244,1779559436251,1282,1779559436235,1779559436235,delta,"0,0.05"
1779559436279,1779559436290,1283,1779559436270,1779559436270,delta,"0,0.05"
1779559436313,1779559436344,1284,1779559436304,1779559436304,delta,"0,0.05"
1779559436347,1779559436378,1285,1779559436338,1779559436338,delta,"0,0.05"
1779559436382,1779559436415,1286,1779559436373,1779559436373,delta,"0,0.05"
1779559436416,1779559436470,1287,1779559436407,1779559436407,delta,"0,0.05"
1779559436451,1779559436471,1288,1779559436443,1779559436443,delta,"0,0.05"
1779559436493,1779559436503,1289,1779559436484,1779559436484,delta,"0,0.05"
1779559436526,1779559436541,1290,1779559436517,1779559436517,delta,"0,0.05"
1779559436569,1779559436595,1291,1779559436560,1779559436560,delta,"0,0.05"
1779559436602,1779559436629,1292,1779559436593,1779559436593,delta,"0,0.05"
1779559436637,1779559436667,1293,1779559436627,1779559436627,delta,"0,0.05"
1779559436671,1779559436721,1294,1779559436661,1779559436661,delta,"0,0.05"
1779559436705,1779559436721,1295,1779559436696,1779559436696,delta,"0,0.05"
1779559436739,1779559436754,1296,1779559436730,1779559436730,delta,"0,0.05"
1779559436774,1779559436793,1297,1779559436765,1779559436765,delta,"0,0.05"
1779559436808,1779559436846,1298,1779559436799,1779559436799,delta,"0,0.05"
1779559436842,1779559436846,1299,1779559436834,1779559436834,delta,"0,0.05"
1779559436877,1779559436879,1300,1779559436868,1779559436868,delta,"0,0.05"
1779559436911,1779559436917,1301,1779559436903,1779559436903,delta,"0,0.05"
1779559436946,1779559436971,1302,1779559436937,1779559436937,delta,"0,0.05"
1779559436982,1779559437004,1303,1779559436973,1779559436973,delta,"0,0.05"
1779559437023,1779559437042,1304,1779559437014,1779559437014,delta,"0,0.05"
1779559437056,1779559437096,1305,1779559437047,1779559437047,delta,"0,0.05"
1779559437098,1779559437130,1306,1779559437089,1779559437089,delta,"0,0.05"
1779559437131,1779559437168,1307,1779559437122,1779559437122,delta,"0,0.05"
1779559437166,1779559437168,1308,1779559437156,1779559437156,delta,"0,0.05"
1779559437200,1779559437223,1309,1779559437191,1779559437191,delta,"0,0.05"
1779559437235,1779559437256,1310,1779559437226,1779559437226,delta,"0,0.05"
1779559437269,1779559437294,1311,1779559437259,1779559437260,delta,"0,0.05"
1779559437302,1779559437347,1312,1779559437294,1779559437294,delta,"0,0.05"
1779559437337,1779559437347,1313,1779559437328,1779559437328,delta,"0,0.05"
1779559437372,1779559437381,1314,1779559437363,1779559437363,delta,"0,0.05"
1779559437406,1779559437422,1315,1779559437397,1779559437397,delta,"0,0.05"
1779559437440,1779559437476,1316,1779559437431,1779559437431,delta,"0,0.05"
1779559437515,1779559437547,1317,1779559437506,1779559437506,delta,"0,0.05"
1779559437518,1779559437547,1318,1779559437510,1779559437510,delta,"0,0.05"
1779559437553,1779559437601,1319,1779559437544,1779559437544,delta,"0,0.05"
1779559437594,1779559437601,1320,1779559437586,1779559437586,delta,"0,0.05"
1779559437628,1779559437634,1321,1779559437619,1779559437619,delta,"0,0.05"
1779559437662,1779559437672,1322,1779559437653,1779559437653,delta,"0,0.05"
1779559437697,1779559437726,1323,1779559437687,1779559437687,delta,"0,0.05"
1779559437731,1779559437759,1324,1779559437722,1779559437722,delta,"0,0.05"
1779559437765,1779559437798,1325,1779559437757,1779559437757,delta,"0,0.05"
1779559437800,1779559437853,1326,1779559437790,1779559437790,delta,"0,0.05"
1779559437833,1779559437853,1327,1779559437825,1779559437825,delta,"0,0.05"
1779559437868,1779559437886,1328,1779559437859,1779559437859,delta,"0,0.05"
1779559437902,1779559437925,1329,1779559437894,1779559437894,delta,"0,0.05"
1779559437936,1779559437979,1330,1779559437927,1779559437927,delta,"0,0.05"
1779559437971,1779559437979,1331,1779559437963,1779559437963,delta,"0,0.05"
1779559438014,1779559438050,1332,1779559438005,1779559438005,delta,"0,0.05"
1779559438047,1779559438050,1333,1779559438038,1779559438038,delta,"0,0.05"
1779559438090,1779559438105,1334,1779559438081,1779559438081,delta,"0,0.05"
1779559438123,1779559438137,1335,1779559438114,1779559438114,delta,"0,0.05"
1779559438157,1779559438176,1336,1779559438147,1779559438147,delta,"0,0.05"
1779559438191,1779559438230,1337,1779559438181,1779559438181,delta,"0,0.05"
1779559438225,1779559438230,1338,1779559438216,1779559438216,delta,"0,0.05"
1779559438259,1779559438263,1339,1779559438250,1779559438250,delta,"0,0.05"
1779559438294,1779559438301,1340,1779559438285,1779559438285,delta,"0,0.05"
1779559438328,1779559438355,1341,1779559438319,1779559438319,delta,"0,0.05"
1779559438363,1779559438388,1342,1779559438353,1779559438353,delta,"0,0.05"
1779559438396,1779559438426,1343,1779559438387,1779559438387,delta,"0,0.05"
1779559438431,1779559438479,1344,1779559438422,1779559438422,delta,"0,0.05"
1779559438465,1779559438479,1345,1779559438456,1779559438456,delta,"0,0.05"
1779559438501,1779559438512,1346,1779559438491,1779559438491,delta,"0,0.05"
1779559438543,1779559438550,1347,1779559438533,1779559438533,delta,"0,0.05"
1779559438576,1779559438603,1348,1779559438567,1779559438567,delta,"0,0.05"
1779559438617,1779559438636,1349,1779559438609,1779559438609,delta,"0,0.05"
1779559438651,1779559438674,1350,1779559438641,1779559438641,delta,"0,0.05"
1779559438685,1779559438728,1351,1779559438676,1779559438676,delta,"0,0.05"
1779559438719,1779559438728,1352,1779559438710,1779559438710,delta,"0,0.05"
1779559438753,1779559438761,1353,1779559438744,1779559438744,delta,"0,0.05"
1779559438787,1779559438801,1354,1779559438779,1779559438779,delta,"0,0.05"
1779559438821,1779559438854,1355,1779559438813,1779559438813,delta,"0,0.05"
1779559438856,1779559438887,1356,1779559438847,1779559438847,delta,"0,0.05"
1779559438890,1779559438926,1357,1779559438881,1779559438881,delta,"0,0.05"
1779559438925,1779559438926,1358,1779559438916,1779559438916,delta,"0,0.05"
1779559438959,1779559438980,1359,1779559438950,1779559438950,delta,"0,0.05"
1779559438993,1779559439012,1360,1779559438984,1779559438984,delta,"0,0.05"
1779559439029,1779559439051,1361,1779559439020,1779559439020,delta,"0,0.05"
1779559439071,1779559439104,1362,1779559439062,1779559439062,delta,"0,0.05"
1779559439104,1779559439137,1363,1779559439096,1779559439096,delta,"0,0.05"
1779559439146,1779559439176,1364,1779559439137,1779559439137,delta,"0,0.05"
1779559439178,1779559439231,1365,1779559439169,1779559439169,delta,"0,0.05"
1779559439213,1779559439231,1366,1779559439204,1779559439204,delta,"0,0.05"
1779559439247,1779559439268,1367,1779559439238,1779559439238,delta,"0,0.05"
1779559439281,1779559439304,1368,1779559439272,1779559439272,delta,"0,0.05"
1779559439315,1779559439359,1369,1779559439307,1779559439307,delta,"0,0.05"
1779559439349,1779559439359,1370,1779559439340,1779559439340,delta,"0,0.05"
1779559439384,1779559439392,1371,1779559439375,1779559439375,delta,"0,0.05"
1779559439418,1779559439430,1372,1779559439409,1779559439409,delta,"0,0.05"
1779559439452,1779559439485,1373,1779559439443,1779559439443,delta,"0,0.05"
1779559439486,1779559439517,1374,1779559439478,1779559439478,delta,"0,0.05"
1779559439522,1779559439555,1375,1779559439513,1779559439513,delta,"0,0.05"
1779559439564,1779559439608,1376,1779559439555,1779559439555,delta,"0,0.05"
1779559439597,1779559439608,1377,1779559439588,1779559439588,delta,"0,0.05"
1779559439632,1779559439641,1378,1779559439623,1779559439623,delta,"0,0.05"
1779559439674,1779559439679,1379,1779559439665,1779559439665,delta,"0,0.05"
1779559439706,1779559439733,1380,1779559439697,1779559439697,delta,"0,0.05"
1779559439740,1779559439766,1381,1779559439731,1779559439731,delta,"0,0.05"
1779559439775,1779559439804,1382,1779559439766,1779559439766,delta,"0,0.05"
1779559439809,1779559439858,1383,1779559439800,1779559439800,delta,"0,0.05"
1779559439843,1779559439858,1384,1779559439835,1779559439835,delta,"0,0.05"
1779559439877,1779559439891,1385,1779559439869,1779559439869,delta,"0,0.05"
1779559439912,1779559439929,1386,1779559439903,1779559439903,delta,"0,0.05"
1779559439947,1779559439984,1387,1779559439937,1779559439937,delta,"0,0.05"
1779559439980,1779559439984,1388,1779559439971,1779559439971,delta,"0,0.05"
1779559440016,1779559440054,1389,1779559440007,1779559440007,delta,"0,0.05"
1779559440050,1779559440054,1390,1779559440042,1779559440042,delta,"0,0.05"
1779559440094,1779559440108,1391,1779559440084,1779559440084,delta,"0,0.05"
1779559440166,1779559440182,1392,1779559440157,1779559440157,delta,"0,0.05"
1779559440170,1779559440182,1393,1779559440161,1779559440161,delta,"0,0.05"
1779559440204,1779559440235,1394,1779559440195,1779559440195,delta,"0,0.05"
1779559440238,1779559440267,1395,1779559440229,1779559440229,delta,"0,0.05"
1779559440272,1779559440305,1396,1779559440263,1779559440263,delta,"0,0.05"
1779559440306,1779559440359,1397,1779559440297,1779559440297,delta,"0,0.05"
1779559440341,1779559440359,1398,1779559440332,1779559440332,delta,"0,0.05"
1779559440381,1779559440393,1399,1779559440372,1779559440372,delta,"0,0.05"
1779559440410,1779559440433,1400,1779559440400,1779559440400,delta,"0,0.05"
1779559440443,1779559440488,1401,1779559440435,1779559440435,delta,"0,0.05"
1779559440478,1779559440488,1402,1779559440469,1779559440469,delta,"0,0.05"
1779559440512,1779559440522,1403,1779559440504,1779559440504,delta,"0,0.05"
1779559440587,1779559440615,1404,1779559440579,1779559440579,delta,"0,0.05"
1779559440592,1779559440615,1405,1779559440582,1779559440582,delta,"0,0.05"
1779559440626,1779559440648,1406,1779559440617,1779559440617,delta,"0,0.05"
1779559440667,1779559440686,1407,1779559440659,1779559440659,delta,"0,0.05"
1779559440701,1779559440740,1408,1779559440692,1779559440692,delta,"0,0.05"
1779559440736,1779559440740,1409,1779559440726,1779559440726,delta,"0,0.05"
1779559440769,1779559440773,1410,1779559440760,1779559440760,delta,"0,0.05"
1779559440804,1779559440811,1411,1779559440795,1779559440795,delta,"0,0.05"
1779559440839,1779559440866,1412,1779559440829,1779559440829,delta,"0,0.05"
1779559440872,1779559440900,1413,1779559440863,1779559440863,delta,"0,0.05"
1779559440907,1779559440938,1414,1779559440897,1779559440897,delta,"0,0.05"
1779559440941,1779559440992,1415,1779559440932,1779559440932,delta,"0,0.05"
1779559440976,1779559440992,1416,1779559440966,1779559440966,delta,"0,0.05"
1779559441010,1779559441025,1417,1779559441001,1779559441001,delta,"0,0.05"
1779559441045,1779559441062,1418,1779559441036,1779559441036,delta,"0,0.05"
1779559441088,1779559441116,1419,1779559441079,1779559441079,delta,"0,0.05"
1779559441121,1779559441149,1420,1779559441112,1779559441112,delta,"0,0.05"
1779559441163,1779559441186,1421,1779559441154,1779559441154,delta,"0,0.05"
1779559441196,1779559441241,1422,1779559441187,1779559441187,delta,"0,0.05"
1779559441230,1779559441241,1423,1779559441221,1779559441221,delta,"0,0.05"
1779559441265,1779559441274,1424,1779559441256,1779559441256,delta,"0,0.05"
1779559441299,1779559441312,1425,1779559441290,1779559441290,delta,"0,0.05"
1779559441334,1779559441366,1426,1779559441325,1779559441325,delta,"0,0.05"
1779559441369,1779559441401,1427,1779559441359,1779559441359,delta,"0,0.05"
1779559441403,1779559441439,1428,1779559441394,1779559441394,delta,"0,0.05"
1779559441437,1779559441439,1429,1779559441428,1779559441428,delta,"0,0.05"
1779559441471,1779559441493,1430,1779559441462,1779559441462,delta,"0,0.05"
1779559441506,1779559441527,1431,1779559441497,1779559441497,delta,"0,0.05"
1779559441540,1779559441565,1432,1779559441531,1779559441531,delta,"0,0.05"
1779559441576,1779559441619,1433,1779559441567,1779559441567,delta,"0,0.05"
1779559441617,1779559441619,1434,1779559441608,1779559441608,delta,"0,0.05"
1779559441651,1779559441651,1435,1779559441642,1779559441642,delta,"0,0.05"
1779559441693,1779559441743,1436,1779559441684,1779559441684,delta,"0,0.05"
1779559441725,1779559441743,1437,1779559441716,1779559441716,delta,"0,0.05"
1779559441760,1779559441775,1438,1779559441751,1779559441751,delta,"0,0.05"
1779559441795,1779559441814,1439,1779559441786,1779559441786,delta,"0,0.05"
1779559441828,1779559441868,1440,1779559441820,1779559441820,delta,"0,0.05"
1779559441863,1779559441868,1441,1779559441854,1779559441854,delta,"0,0.05"
1779559441897,1779559441901,1442,1779559441888,1779559441888,delta,"0,0.05"
1779559441932,1779559441940,1443,1779559441923,1779559441923,delta,"0,0.05"
1779559441966,1779559441995,1444,1779559441957,1779559441957,delta,"0,0.05"
1779559442001,1779559442028,1445,1779559441991,1779559441991,delta,"0,0.05"
1779559442035,1779559442066,1446,1779559442026,1779559442026,delta,"0,0.05"
1779559442070,1779559442120,1447,1779559442061,1779559442061,delta,"0,0.05"
1779559442116,1779559442120,1448,1779559442107,1779559442107,delta,"0,0.05"
1779559442194,1779559442243,1449,1779559442185,1779559442185,delta,"0,0.05"
1779559442197,1779559442243,1450,1779559442189,1779559442189,delta,"0,0.05"
1779559442236,1779559442243,1451,1779559442228,1779559442228,delta,"0,0.05"
1779559442275,1779559442276,1452,1779559442266,1779559442266,delta,"0,0.05"
1779559442313,1779559442314,1453,1779559442304,1779559442304,delta,"0,0.05"
1779559442347,1779559442368,1454,1779559442339,1779559442339,delta,"0,0.05"
1779559442382,1779559442401,1455,1779559442373,1779559442373,delta,"0,0.05"
1779559442416,1779559442440,1456,1779559442407,1779559442407,delta,"0,0.05"
1779559442450,1779559442494,1457,1779559442442,1779559442442,delta,"0,0.05"
1779559442485,1779559442494,1458,1779559442476,1779559442476,delta,"0,0.05"
1779559442519,1779559442527,1459,1779559442510,1779559442510,delta,"0,0.05"
1779559442554,1779559442565,1460,1779559442545,1779559442545,delta,"0,0.05"
1779559442630,1779559442651,1461,1779559442621,1779559442621,delta,"0,0.05"
1779559442633,1779559442651,1462,1779559442624,1779559442624,delta,"0,0.05"
1779559442667,1779559442689,1463,1779559442658,1779559442658,delta,"0,0.05"
1779559442710,1779559442742,1464,1779559442700,1779559442700,delta,"0,0.05"
1779559442743,1779559442775,1465,1779559442733,1779559442733,delta,"0,0.05"
1779559442777,1779559442813,1466,1779559442768,1779559442768,delta,"0,0.05"
1779559442810,1779559442813,1467,1779559442802,1779559442802,delta,"0,0.05"
1779559442845,1779559442867,1468,1779559442836,1779559442836,delta,"0,0.05"
1779559442879,1779559442900,1469,1779559442870,1779559442870,delta,"0,0.05"
1779559442914,1779559442938,1470,1779559442905,1779559442905,delta,"0,0.05"
1779559442948,1779559442992,1471,1779559442939,1779559442939,delta,"0,0.05"
1779559442982,1779559442992,1472,1779559442973,1779559442973,delta,"0,0.05"
1779559443017,1779559443024,1473,1779559443007,1779559443007,delta,"0,0.05"
1779559443050,1779559443063,1474,1779559443042,1779559443042,delta,"0,0.05"
1779559443085,1779559443116,1475,1779559443076,1779559443076,delta,"0,0.05"
1779559443161,1779559443192,1476,1779559443152,1779559443152,delta,"0,0.05"
1779559443164,1779559443192,1477,1779559443155,1779559443155,delta,"0,0.05"
1779559443198,1779559443246,1478,1779559443190,1779559443190,delta,"0,0.05"
1779559443241,1779559443246,1479,1779559443231,1779559443231,delta,"0,0.05"
1779559443273,1779559443279,1480,1779559443264,1779559443264,delta,"0,0.05"
1779559443307,1779559443318,1481,1779559443298,1779559443298,delta,"0,0.05"
1779559443342,1779559443372,1482,1779559443333,1779559443333,delta,"0,0.05"
1779559443376,1779559443405,1483,1779559443367,1779559443367,delta,"0,0.05"
1779559443410,1779559443444,1484,1779559443401,1779559443401,delta,"0,0.05"
1779559443444,1779559443498,1485,1779559443435,1779559443435,delta,"0,0.05"
1779559443479,1779559443498,1486,1779559443469,1779559443469,delta,"0,0.05"
1779559443513,1779559443531,1487,1779559443504,1779559443504,delta,"0,0.05"
1779559443546,1779559443569,1488,1779559443538,1779559443538,delta,"0,0.05"
1779559443581,1779559443622,1489,1779559443572,1779559443572,delta,"0,0.05"
1779559443616,1779559443622,1490,1779559443607,1779559443607,delta,"0,0.05"
1779559443658,1779559443692,1491,1779559443649,1779559443649,delta,"0,0.05"
1779559443690,1779559443693,1492,1779559443682,1779559443682,delta,"0,0.05"
1779559443727,1779559443747,1493,1779559443718,1779559443718,delta,"0,0.05"
1779559443768,1779559443780,1494,1779559443759,1779559443759,delta,"0,0.05"
1779559443801,1779559443818,1495,1779559443792,1779559443792,delta,"0,0.05"
1779559443836,1779559443872,1496,1779559443826,1779559443826,delta,"0,0.05"
1779559443869,1779559443872,1497,1779559443860,1779559443860,delta,"0,0.05"
1779559443904,1779559443905,1498,1779559443895,1779559443895,delta,"0,0.05"
1779559443938,1779559443943,1499,1779559443929,1779559443929,delta,"0,0.05"
1779559443971,1779559443997,1500,1779559443963,1779559443963,delta,"0,0.05"
1779559444006,1779559444030,1501,1779559443997,1779559443997,delta,"0,0.05"
1779559444040,1779559444069,1502,1779559444031,1779559444031,delta,"0,0.05"
1779559444075,1779559444124,1503,1779559444066,1779559444066,delta,"0,0.05"
1779559444109,1779559444124,1504,1779559444100,1779559444100,delta,"0,0.05"
1779559444145,1779559444157,1505,1779559444136,1779559444136,delta,"0,0.05"
1779559444190,1779559444195,1506,1779559444180,1779559444180,delta,"0,0.05"
1779559444222,1779559444250,1507,1779559444213,1779559444213,delta,"0,0.05"
1779559444264,1779559444283,1508,1779559444255,1779559444255,delta,"0,0.05"
1779559444297,1779559444322,1509,1779559444288,1779559444288,delta,"0,0.05"
1779559444332,1779559444376,1510,1779559444323,1779559444323,delta,"0,0.05"
1779559444366,1779559444376,1511,1779559444357,1779559444357,delta,"0,0.05"
1779559444400,1779559444410,1512,1779559444391,1779559444391,delta,"0,0.05"
1779559444435,1779559444447,1513,1779559444426,1779559444426,delta,"0,0.05"
1779559444469,1779559444503,1514,1779559444460,1779559444460,delta,"0,0.05"
1779559444543,1779559444573,1515,1779559444534,1779559444534,delta,"0,0.05"
1779559444546,1779559444574,1516,1779559444537,1779559444537,delta,"0,0.05"
1779559444581,1779559444627,1517,1779559444571,1779559444571,delta,"0,0.05"
1779559444617,1779559444627,1518,1779559444606,1779559444606,delta,"0,0.05"
1779559444650,1779559444661,1519,1779559444641,1779559444641,delta,"0,0.05"
1779559444692,1779559444700,1520,1779559444683,1779559444683,delta,"0,0.05"
1779559444766,1779559444786,1521,1779559444757,1779559444757,delta,"0,0.05"
1779559444769,1779559444787,1522,1779559444760,1779559444760,delta,"0,0.05"
1779559444803,1779559444824,1523,1779559444794,1779559444794,delta,"0,0.05"
1779559444837,1779559444878,1524,1779559444828,1779559444828,delta,"0,0.05"
1779559444871,1779559444878,1525,1779559444862,1779559444862,delta,"0,0.05"
1779559444906,1779559444911,1526,1779559444897,1779559444897,delta,"0,0.05"
1779559444941,1779559444949,1527,1779559444931,1779559444931,delta,"0,0.05"
1779559444974,1779559445003,1528,1779559444965,1779559444965,delta,"0,0.05"
1779559445008,1779559445036,1529,1779559444999,1779559444999,delta,"0,0.05"
1779559445044,1779559445074,1530,1779559445034,1779559445034,delta,"0,0.05"
1779559445078,1779559445128,1531,1779559445068,1779559445068,delta,"0,0.05"
1779559445112,1779559445128,1532,1779559445103,1779559445103,delta,"0,0.05"
1779559445187,1779559445200,1533,1779559445178,1779559445178,delta,"0,0.05"
1779559445190,1779559445200,1534,1779559445181,1779559445181,delta,"0,0.05"
1779559445226,1779559445254,1535,1779559445216,1779559445216,delta,"0,0.05"
1779559445267,1779559445286,1536,1779559445258,1779559445258,delta,"0,0.05"
1779559445300,1779559445325,1537,1779559445291,1779559445291,delta,"0,0.05"
1779559445334,1779559445379,1538,1779559445325,1779559445325,delta,"0,0.05"
1779559445369,1779559445379,1539,1779559445359,1779559445359,delta,"0,0.05"
1779559445403,1779559445412,1540,1779559445394,1779559445394,delta,"0,0.05"
1779559445437,1779559445449,1541,1779559445428,1779559445428,delta,"0,0.05"
1779559445472,1779559445504,1542,1779559445463,1779559445463,delta,"0,0.05"
1779559445506,1779559445536,1543,1779559445497,1779559445497,delta,"0,0.05"
1779559445541,1779559445575,1544,1779559445531,1779559445531,delta,"0,0.05"
1779559445575,1779559445628,1545,1779559445566,1779559445566,delta,"0,0.05"
1779559445610,1779559445628,1546,1779559445600,1779559445600,delta,"0,0.05"
1779559445644,1779559445663,1547,1779559445635,1779559445635,delta,"0,0.05"
1779559445721,1779559445757,1548,1779559445712,1779559445712,delta,"0,0.05"
1779559445724,1779559445758,1549,1779559445715,1779559445715,delta,"0,0.05"
1779559445759,1779559445790,1550,1779559445750,1779559445750,delta,"0,0.05"
1779559445801,1779559445828,1551,1779559445792,1779559445792,delta,"0,0.05"
1779559445834,1779559445882,1552,1779559445825,1779559445825,delta,"0,0.05"
1779559445869,1779559445883,1553,1779559445859,1779559445859,delta,"0,0.05"
1779559445903,1779559445916,1554,1779559445894,1779559445894,delta,"0,0.05"
1779559445937,1779559445954,1555,1779559445928,1779559445928,delta,"0,0.05"
1779559445972,1779559446008,1556,1779559445963,1779559445963,delta,"0,0.05"
1779559446006,1779559446008,1557,1779559445997,1779559445997,delta,"0,0.05"
1779559446040,1779559446041,1558,1779559446031,1779559446031,delta,"0,0.05"
1779559446075,1779559446079,1559,1779559446066,1779559446066,delta,"0,0.05"
1779559446109,1779559446133,1560,1779559446100,1779559446100,delta,"0,0.05"
1779559446144,1779559446165,1561,1779559446135,1779559446135,delta,"0,0.05"
1779559446179,1779559446203,1562,1779559446170,1779559446170,delta,"0,0.05"
1779559446222,1779559446257,1563,1779559446213,1779559446213,delta,"0,0.05"
1779559446256,1779559446257,1564,1779559446247,1779559446247,delta,"0,0.05"
1779559446298,1779559446328,1565,1779559446289,1779559446289,delta,"0,0.05"
1779559446332,1779559446383,1566,1779559446322,1779559446322,delta,"0,0.05"
1779559446365,1779559446383,1567,1779559446356,1779559446356,delta,"0,0.05"
1779559446399,1779559446416,1568,1779559446391,1779559446391,delta,"0,0.05"
1779559446434,1779559446454,1569,1779559446425,1779559446425,delta,"0,0.05"
1779559446468,1779559446509,1570,1779559446459,1779559446459,delta,"0,0.05"
1779559446503,1779559446509,1571,1779559446494,1779559446494,delta,"0,0.05"
1779559446537,1779559446541,1572,1779559446528,1779559446528,delta,"0,0.05"
1779559446571,1779559446580,1573,1779559446562,1779559446562,delta,"0,0.05"
1779559446606,1779559446635,1574,1779559446597,1779559446597,delta,"0,0.05"
1779559446640,1779559446669,1575,1779559446631,1779559446631,delta,"0,0.05"
1779559446674,1779559446708,1576,1779559446666,1779559446666,delta,"0,0.05"
1779559446716,1779559446761,1577,1779559446708,1779559446708,delta,"0,0.05"
1779559446790,1779559446794,1578,1779559446781,1779559446781,delta,"0,0.05"
1779559446795,1779559446832,1579,1779559446785,1779559446785,delta,"0,0.05"
1779559446828,1779559446832,1580,1779559446819,1779559446819,delta,"0,0.05"
1779559446862,1779559446887,1581,1779559446854,1779559446854,delta,"0,0.05"
1779559446896,1779559446921,1582,1779559446887,1779559446887,delta,"0,0.05"
1779559446931,1779559446959,1583,1779559446921,1779559446921,delta,"0,0.05"
1779559446966,1779559447013,1584,1779559446956,1779559446956,delta,"0,0.05"
1779559446999,1779559447013,1585,1779559446990,1779559446990,delta,"0,0.05"
1779559447034,1779559447046,1586,1779559447025,1779559447025,delta,"0,0.05"
1779559447068,1779559447083,1587,1779559447058,1779559447058,delta,"0,0.05"
1779559447101,1779559447137,1588,1779559447093,1779559447093,delta,"0,0.05"
1779559447136,1779559447137,1589,1779559447127,1779559447127,delta,"0,0.05"
1779559447170,1779559447209,1590,1779559447161,1779559447161,delta,"0,0.05"
1779559447205,1779559447209,1591,1779559447197,1779559447197,delta,"0,0.05"
1779559447247,1779559447263,1592,1779559447238,1779559447238,delta,"0,0.05"
1779559447321,1779559447334,1593,1779559447312,1779559447312,delta,"0,0.05"
1779559447324,1779559447334,1594,1779559447315,1779559447315,delta,"0,0.05"
1779559447359,1779559447388,1595,1779559447349,1779559447349,delta,"0,0.05"
1779559447393,1779559447423,1596,1779559447384,1779559447384,delta,"0,0.05"
1779559447427,1779559447462,1597,1779559447418,1779559447418,delta,"0,0.05"
1779559447461,1779559447462,1598,1779559447452,1779559447452,delta,"0,0.05"
1779559447496,1779559447516,1599,1779559447487,1779559447487,delta,"0,0.05"
1779559447529,1779559447549,1600,1779559447521,1779559447521,delta,"0,0.05"
1779559447564,1779559447587,1601,1779559447555,1779559447555,delta,"0,0.05"
1779559447599,1779559447641,1602,1779559447590,1779559447590,delta,"0,0.05"
1779559447633,1779559447641,1603,1779559447624,1779559447624,delta,"0,0.05"
1779559447667,1779559447674,1604,1779559447658,1779559447658,delta,"0,0.05"
1779559447701,1779559447711,1605,1779559447693,1779559447693,delta,"0,0.05"
1779559447737,1779559447765,1606,1779559447728,1779559447728,delta,"0,0.05"
1779559447779,1779559447798,1607,1779559447770,1779559447770,delta,"0,0.05"
1779559447813,1779559447835,1608,1779559447803,1779559447803,delta,"0,0.05"
1779559447846,1779559447890,1609,1779559447837,1779559447837,delta,"0,0.05"
1779559447880,1779559447890,1610,1779559447872,1779559447872,delta,"0,0.05"
1779559447915,1779559447923,1611,1779559447906,1779559447906,delta,"0,0.05"
1779559447949,1779559447962,1612,1779559447940,1779559447940,delta,"0,0.05"
1779559447984,1779559448016,1613,1779559447974,1779559447974,delta,"0,0.05"
1779559448018,1779559448049,1614,1779559448009,1779559448009,delta,"0,0.05"
1779559448052,1779559448089,1615,1779559448043,1779559448043,delta,"0,0.05"
1779559448086,1779559448089,1616,1779559448077,1779559448077,delta,"0,0.05"
1779559448120,1779559448143,1617,1779559448111,1779559448111,delta,"0,0.05"
1779559448155,1779559448176,1618,1779559448145,1779559448145,delta,"0,0.05"
1779559448190,1779559448214,1619,1779559448180,1779559448180,delta,"0,0.05"
1779559448264,1779559448268,1620,1779559448255,1779559448255,delta,"0,0.05"
1779559448267,1779559448268,1621,1779559448258,1779559448258,delta,"0,0.05"
1779559448308,1779559448338,1622,1779559448300,1779559448300,delta,"0,0.05"
1779559448344,1779559448392,1623,1779559448335,1779559448335,delta,"0,0.05"
1779559448377,1779559448392,1624,1779559448368,1779559448368,delta,"0,0.05"
1779559448411,1779559448425,1625,1779559448402,1779559448402,delta,"0,0.05"
1779559448446,1779559448465,1626,1779559448437,1779559448437,delta,"0,0.05"
1779559448480,1779559448521,1627,1779559448471,1779559448471,delta,"0,0.05"
1779559448514,1779559448521,1628,1779559448505,1779559448505,delta,"0,0.05"
1779559448549,1779559448553,1629,1779559448539,1779559448539,delta,"0,0.05"
1779559448582,1779559448591,1630,1779559448574,1779559448574,delta,"0,0.05"
1779559448617,1779559448645,1631,1779559448608,1779559448608,delta,"0,0.05"
1779559448651,1779559448679,1632,1779559448642,1779559448642,delta,"0,0.05"
1779559448686,1779559448716,1633,1779559448677,1779559448677,delta,"0,0.05"
1779559448720,1779559448770,1634,1779559448711,1779559448711,delta,"0,0.05"
1779559448795,1779559448803,1635,1779559448787,1779559448787,delta,"0,0.05"
1779559448799,1779559448803,1636,1779559448790,1779559448790,delta,"0,0.05"
1779559448834,1779559448841,1637,1779559448824,1779559448824,delta,"0,0.05"
1779559448875,1779559448895,1638,1779559448866,1779559448866,delta,"0,0.05"
1779559448907,1779559448928,1639,1779559448899,1779559448899,delta,"0,0.05"
1779559448942,1779559448965,1640,1779559448933,1779559448933,delta,"0,0.05"
1779559448976,1779559449019,1641,1779559448967,1779559448967,delta,"0,0.05"
1779559449010,1779559449019,1642,1779559449001,1779559449001,delta,"0,0.05"
1779559449045,1779559449052,1643,1779559449036,1779559449036,delta,"0,0.05"
1779559449079,1779559449091,1644,1779559449070,1779559449070,delta,"0,0.05"
1779559449114,1779559449144,1645,1779559449105,1779559449105,delta,"0,0.05"
1779559449148,1779559449177,1646,1779559449138,1779559449138,delta,"0,0.05"
1779559449182,1779559449215,1647,1779559449173,1779559449173,delta,"0,0.05"
1779559449216,1779559449269,1648,1779559449207,1779559449207,delta,"0,0.05"
1779559449251,1779559449269,1649,1779559449242,1779559449242,delta,"0,0.05"
1779559449294,1779559449302,1650,1779559449284,1779559449284,delta,"0,0.05"
1779559449326,1779559449340,1651,1779559449317,1779559449317,delta,"0,0.05"
1779559449368,1779559449393,1652,1779559449359,1779559449359,delta,"0,0.05"
1779559449401,1779559449427,1653,1779559449392,1779559449392,delta,"0,0.05"
1779559449435,1779559449465,1654,1779559449426,1779559449426,delta,"0,0.05"
1779559449469,1779559449520,1655,1779559449461,1779559449461,delta,"0,0.05"
1779559449506,1779559449520,1656,1779559449495,1779559449495,delta,"0,0.05"
1779559449539,1779559449553,1657,1779559449529,1779559449529,delta,"0,0.05"
1779559449573,1779559449591,1658,1779559449564,1779559449564,delta,"0,0.05"
1779559449607,1779559449644,1659,1779559449598,1779559449598,delta,"0,0.05"
1779559449641,1779559449644,1660,1779559449632,1779559449632,delta,"0,0.05"
1779559449676,1779559449677,1661,1779559449667,1779559449667,delta,"0,0.05"
1779559449710,1779559449715,1662,1779559449701,1779559449701,delta,"0,0.05"
1779559449745,1779559449769,1663,1779559449736,1779559449736,delta,"0,0.05"
1779559449780,1779559449802,1664,1779559449771,1779559449771,delta,"0,0.05"
1779559449823,1779559449840,1665,1779559449814,1779559449814,delta,"0,0.05"
1779559449856,1779559449894,1666,1779559449847,1779559449847,delta,"0,0.05"
1779559449898,1779559449927,1667,1779559449889,1779559449889,delta,"0,0.05"
1779559449931,1779559449965,1668,1779559449922,1779559449922,delta,"0,0.05"
1779559449965,1779559450019,1669,1779559449956,1779559449956,delta,"0,0.05"
1779559450000,1779559450019,1670,1779559449991,1779559449991,delta,"0,0.05"
1779559450035,1779559450052,1671,1779559450026,1779559450026,delta,"0,0.05"
1779559450068,1779559450090,1672,1779559450060,1779559450060,delta,"0,0.05"
1779559450103,1779559450145,1673,1779559450094,1779559450094,delta,"0,0.05"
1779559450137,1779559450145,1674,1779559450129,1779559450129,delta,"0,0.05"
1779559450173,1779559450178,1675,1779559450163,1779559450163,delta,"0,0.05"
1779559450207,1779559450216,1676,1779559450198,1779559450198,delta,"0,0.05"
1779559450241,1779559450270,1677,1779559450232,1779559450232,delta,"0,0.05"
1779559450276,1779559450302,1678,1779559450268,1779559450268,delta,"0,0.05"
1779559450319,1779559450340,1679,1779559450310,1779559450310,delta,"0,0.05"
1779559450393,1779559450394,1680,1779559450384,1779559450384,delta,"0,0.05"
1779559450395,1779559450427,1681,1779559450387,1779559450387,delta,"0,0.05"
1779559450429,1779559450465,1682,1779559450421,1779559450421,delta,"0,0.05"
1779559450464,1779559450465,1683,1779559450455,1779559450455,delta,"0,0.05"
1779559450498,1779559450520,1684,1779559450489,1779559450489,delta,"0,0.05"
1779559450533,1779559450553,1685,1779559450524,1779559450524,delta,"0,0.05"
1779559450568,1779559450592,1686,1779559450558,1779559450558,delta,"0,0.05"
1779559450602,1779559450646,1687,1779559450593,1779559450593,delta,"0,0.05"
1779559450636,1779559450646,1688,1779559450627,1779559450627,delta,"0,0.05"
1779559450671,1779559450680,1689,1779559450662,1779559450662,delta,"0,0.05"
1779559450705,1779559450717,1690,1779559450696,1779559450696,delta,"0,0.05"
1779559450740,1779559450771,1691,1779559450730,1779559450730,delta,"0,0.05"
1779559450814,1779559450843,1692,1779559450805,1779559450805,delta,"0,0.05"
1779559450818,1779559450843,1693,1779559450808,1779559450808,delta,"0,0.05"
1779559450852,1779559450896,1694,1779559450844,1779559450844,delta,"0,0.05"
1779559450894,1779559450896,1695,1779559450885,1779559450885,delta,"0,0.05"
1779559450928,1779559450930,1696,1779559450919,1779559450919,delta,"0,0.05"
1779559450962,1779559450968,1697,1779559450953,1779559450953,delta,"0,0.05"
1779559450997,1779559451022,1698,1779559450987,1779559450987,delta,"0,0.05"
1779559451030,1779559451056,1699,1779559451022,1779559451022,delta,"0,0.05"
1779559451065,1779559451097,1700,1779559451056,1779559451056,delta,"0,0.05"
1779559451099,1779559451151,1701,1779559451090,1779559451090,delta,"0,0.05"
1779559451134,1779559451151,1702,1779559451125,1779559451125,delta,"0,0.05"
1779559451168,1779559451185,1703,1779559451159,1779559451159,delta,"0,0.05"
1779559451202,1779559451225,1704,1779559451193,1779559451193,delta,"0,0.05"
1779559451236,1779559451279,1705,1779559451227,1779559451227,delta,"0,0.05"
1779559451271,1779559451279,1706,1779559451262,1779559451262,delta,"0,0.05"
1779559451315,1779559451350,1707,1779559451306,1779559451306,delta,"0,0.05"
1779559451348,1779559451350,1708,1779559451338,1779559451338,delta,"0,0.05"
1779559451390,1779559451404,1709,1779559451381,1779559451381,delta,"0,0.05"
1779559451424,1779559451439,1710,1779559451415,1779559451415,delta,"0,0.05"
1779559451457,1779559451477,1711,1779559451448,1779559451448,delta,"0,0.05"
1779559451492,1779559451532,1712,1779559451483,1779559451483,delta,"0,0.05"
1779559451527,1779559451532,1713,1779559451517,1779559451517,delta,"0,0.05"
1779559451560,1779559451565,1714,1779559451551,1779559451551,delta,"0,0.05"
1779559451595,1779559451605,1715,1779559451586,1779559451586,delta,"0,0.05"
1779559451629,1779559451658,1716,1779559451620,1779559451620,delta,"0,0.05"
1779559451664,1779559451691,1717,1779559451654,1779559451654,delta,"0,0.05"
1779559451697,1779559451729,1718,1779559451688,1779559451688,delta,"0,0.05"
1779559451732,1779559451783,1719,1779559451723,1779559451723,delta,"0,0.05"
1779559451766,1779559451783,1720,1779559451757,1779559451757,delta,"0,0.05"
1779559451801,1779559451816,1721,1779559451792,1779559451792,delta,"0,0.05"
1779559451846,1779559451854,1722,1779559451837,1779559451837,delta,"0,0.05"
1779559451878,1779559451907,1723,1779559451869,1779559451869,delta,"0,0.05"
1779559451920,1779559451940,1724,1779559451911,1779559451911,delta,"0,0.05"
1779559451954,1779559451977,1725,1779559451945,1779559451945,delta,"0,0.05"
1779559451988,1779559452032,1726,1779559451978,1779559451978,delta,"0,0.05"
1779559452023,1779559452032,1727,1779559452013,1779559452013,delta,"0,0.05"
1779559452056,1779559452064,1728,1779559452047,1779559452047,delta,"0,0.05"
1779559452094,1779559452103,1729,1779559452085,1779559452085,delta,"0,0.05"
1779559452132,1779559452157,1730,1779559452123,1779559452123,delta,"0,0.05"
1779559452172,1779559452190,1731,1779559452162,1779559452162,delta,"0,0.05"
1779559452209,1779559452228,1732,1779559452200,1779559452200,delta,"0,0.05"
1779559452247,1779559452282,1733,1779559452238,1779559452238,delta,"0,0.05"
1779559452287,1779559452315,1734,1779559452278,1779559452278,delta,"0,0.05"
1779559452323,1779559452353,1735,1779559452315,1779559452315,delta,"0,0.05"
1779559452366,1779559452407,1736,1779559452357,1779559452357,delta,"0,0.05"
1779559452400,1779559452407,1737,1779559452390,1779559452390,delta,"0,0.05"
1779559452441,1779559452478,1738,1779559452432,1779559452432,delta,"0,0.05"
1779559452473,1779559452478,1739,1779559452465,1779559452465,delta,"0,0.05"
1779559452548,1779559452568,1740,1779559452539,1779559452539,delta,"0,0.05"
1779559452551,1779559452568,1741,1779559452543,1779559452543,delta,"0,0.05"
1779559452585,1779559452606,1742,1779559452576,1779559452576,delta,"0,0.05"
1779559452620,1779559452659,1743,1779559452610,1779559452610,delta,"0,0.05"
1779559452654,1779559452659,1744,1779559452645,1779559452645,delta,"0,0.05"
1779559452688,1779559452693,1745,1779559452679,1779559452679,delta,"0,0.05"
1779559452722,1779559452731,1746,1779559452713,1779559452713,delta,"0,0.05"
1779559452756,1779559452786,1747,1779559452747,1779559452747,delta,"0,0.05"
1779559452790,1779559452819,1748,1779559452781,1779559452781,delta,"0,0.05"
1779559452865,1779559452912,1749,1779559452857,1779559452857,delta,"0,0.05"
1779559452868,1779559452912,1750,1779559452860,1779559452860,delta,"0,0.05"
1779559452904,1779559452912,1751,1779559452894,1779559452894,delta,"0,0.05"
1779559452946,1779559452984,1752,1779559452936,1779559452936,delta,"0,0.05"
1779559452978,1779559452984,1753,1779559452969,1779559452969,delta,"0,0.05"
1779559453012,1779559453038,1754,1779559453004,1779559453004,delta,"0,0.05"
1779559453046,1779559453072,1755,1779559453037,1779559453037,delta,"0,0.05"
1779559453081,1779559453110,1756,1779559453072,1779559453072,delta,"0,0.05"
1779559453115,1779559453164,1757,1779559453106,1779559453106,delta,"0,0.05"
1779559453149,1779559453164,1758,1779559453140,1779559453140,delta,"0,0.05"
1779559453183,1779559453196,1759,1779559453175,1779559453175,delta,"0,0.05"
1779559453217,1779559453234,1760,1779559453209,1779559453209,delta,"0,0.05"
1779559453252,1779559453288,1761,1779559453243,1779559453243,delta,"0,0.05"
1779559453285,1779559453288,1762,1779559453277,1779559453277,delta,"0,0.05"
1779559453320,1779559453321,1763,1779559453311,1779559453311,delta,"0,0.05"
1779559453396,1779559453414,1764,1779559453387,1779559453387,delta,"0,0.05"
1779559453400,1779559453414,1765,1779559453391,1779559453391,delta,"0,0.05"
1779559453434,1779559453447,1766,1779559453425,1779559453425,delta,"0,0.05"
1779559453476,1779559453486,1767,1779559453467,1779559453467,delta,"0,0.05"
1779559453509,1779559453540,1768,1779559453500,1779559453500,delta,"0,0.05"
1779559453544,1779559453573,1769,1779559453534,1779559453534,delta,"0,0.05"
1779559453578,1779559453613,1770,1779559453569,1779559453569,delta,"0,0.05"
1779559453613,1779559453613,1771,1779559453603,1779559453603,delta,"0,0.05"
1779559453646,1779559453668,1772,1779559453637,1779559453637,delta,"0,0.05"
1779559453680,1779559453701,1773,1779559453672,1779559453672,delta,"0,0.05"
1779559453715,1779559453739,1774,1779559453706,1779559453706,delta,"0,0.05"
1779559453750,1779559453793,1775,1779559453740,1779559453740,delta,"0,0.05"
1779559453784,1779559453793,1776,1779559453774,1779559453774,delta,"0,0.05"
1779559453818,1779559453825,1777,1779559453809,1779559453809,delta,"0,0.05"
1779559453853,1779559453863,1778,1779559453844,1779559453844,delta,"0,0.05"
1779559453895,1779559453918,1779,1779559453886,1779559453886,delta,"0,0.05"
1779559453928,1779559453951,1780,1779559453919,1779559453919,delta,"0,0.05"
1779559453964,1779559453989,1781,1779559453955,1779559453955,delta,"0,0.05"
1779559454005,1779559454043,1782,1779559453996,1779559453996,delta,"0,0.05"
1779559454038,1779559454043,1783,1779559454029,1779559454029,delta,"0,0.05"
1779559454072,1779559454079,1784,1779559454064,1779559454064,delta,"0,0.05"
1779559454107,1779559454118,1785,1779559454098,1779559454098,delta,"0,0.05"
1779559454141,1779559454175,1786,1779559454132,1779559454132,delta,"0,0.05"
1779559454176,1779559454208,1787,1779559454167,1779559454167,delta,"0,0.05"
1779559454210,1779559454247,1788,1779559454201,1779559454201,delta,"0,0.05"
1779559454244,1779559454247,1789,1779559454236,1779559454236,delta,"0,0.05"
1779559454278,1779559454301,1790,1779559454270,1779559454270,delta,"0,0.05"
1779559454314,1779559454335,1791,1779559454305,1779559454305,delta,"0,0.05"
1779559454349,1779559454373,1792,1779559454339,1779559454339,delta,"0,0.05"
1779559454391,1779559454426,1793,1779559454382,1779559454382,delta,"0,0.05"
1779559454465,1779559454498,1794,1779559454456,1779559454456,delta,"0,0.05"
1779559454468,1779559454498,1795,1779559454459,1779559454459,delta,"0,0.05"
1779559454503,1779559454551,1796,1779559454493,1779559454493,delta,"0,0.05"
1779559454536,1779559454551,1797,1779559454527,1779559454527,delta,"0,0.05"
1779559454571,1779559454584,1798,1779559454562,1779559454562,delta,"0,0.05"
1779559454606,1779559454623,1799,1779559454597,1779559454597,delta,"0,0.05"
1779559454640,1779559454678,1800,1779559454631,1779559454631,delta,"0,0.05"
1779559454674,1779559454678,1801,1779559454665,1779559454665,delta,"0,0.05"
1779559454708,1779559454711,1802,1779559454699,1779559454699,delta,"0,0.05"
1779559454743,1779559454749,1803,1779559454734,1779559454734,delta,"0,0.05"
1779559454778,1779559454803,1804,1779559454768,1779559454768,delta,"0,0.05"
1779559454812,1779559454836,1805,1779559454803,1779559454803,delta,"0,0.05"
1779559454846,1779559454874,1806,1779559454838,1779559454838,delta,"0,0.05"
1779559454881,1779559454928,1807,1779559454872,1779559454872,delta,"0,0.05"
1779559454924,1779559454928,1808,1779559454915,1779559454915,delta,"0,0.05"
1779559454956,1779559454961,1809,1779559454948,1779559454948,delta,"0,0.05"
1779559454999,1779559454999,1810,1779559454990,1779559454990,delta,"0,0.05"
1779559455032,1779559455053,1811,1779559455024,1779559455024,delta,"0,0.05"
1779559455066,1779559455086,1812,1779559455058,1779559455058,delta,"0,0.05"
1779559455101,1779559455124,1813,1779559455092,1779559455092,delta,"0,0.05"
1779559455136,1779559455178,1814,1779559455127,1779559455127,delta,"0,0.05"
1779559455170,1779559455178,1815,1779559455161,1779559455161,delta,"0,0.05"
1779559455204,1779559455211,1816,1779559455195,1779559455195,delta,"0,0.05"
1779559455239,1779559455250,1817,1779559455229,1779559455229,delta,"0,0.05"
1779559455272,1779559455304,1818,1779559455264,1779559455264,delta,"0,0.05"
1779559455307,1779559455337,1819,1779559455298,1779559455298,delta,"0,0.05"
1779559455341,1779559455374,1820,1779559455332,1779559455332,delta,"0,0.05"
1779559455376,1779559455428,1821,1779559455367,1779559455367,delta,"0,0.05"
1779559455412,1779559455428,1822,1779559455403,1779559455403,delta,"0,0.05"
1779559455454,1779559455462,1823,1779559455445,1779559455445,delta,"0,0.05"
1779559455527,1779559455554,1824,1779559455519,1779559455519,delta,"0,0.05"
1779559455532,1779559455554,1825,1779559455522,1779559455522,delta,"0,0.05"
1779559455565,1779559455588,1826,1779559455557,1779559455557,delta,"0,0.05"
1779559455607,1779559455627,1827,1779559455599,1779559455599,delta,"0,0.05"
1779559455641,1779559455681,1828,1779559455632,1779559455632,delta,"0,0.05"
1779559455676,1779559455681,1829,1779559455666,1779559455666,delta,"0,0.05"
1779559455709,1779559455714,1830,1779559455700,1779559455700,delta,"0,0.05"
1779559455744,1779559455752,1831,1779559455735,1779559455735,delta,"0,0.05"
1779559455778,1779559455807,1832,1779559455769,1779559455769,delta,"0,0.05"
1779559455813,1779559455839,1833,1779559455804,1779559455804,delta,"0,0.05"
1779559455847,1779559455878,1834,1779559455838,1779559455838,delta,"0,0.05"
1779559455881,1779559455931,1835,1779559455872,1779559455872,delta,"0,0.05"
1779559455956,1779559455965,1836,1779559455948,1779559455948,delta,"0,0.05"
1779559455960,1779559455965,1837,1779559455951,1779559455951,delta,"0,0.05"
1779559455994,1779559456004,1838,1779559455986,1779559455986,delta,"0,0.05"
1779559456036,1779559456058,1839,1779559456027,1779559456027,delta,"0,0.05"
1779559456069,1779559456091,1840,1779559456060,1779559456060,delta,"0,0.05"
1779559456104,1779559456129,1841,1779559456095,1779559456095,delta,"0,0.05"
1779559456138,1779559456183,1842,1779559456129,1779559456129,delta,"0,0.05"
1779559456180,1779559456183,1843,1779559456170,1779559456170,delta,"0,0.05"
1779559456206,1779559456216,1844,1779559456198,1779559456198,delta,"0,0.05"
1779559456241,1779559456255,1845,1779559456232,1779559456232,delta,"0,0.05"
1779559456276,1779559456309,1846,1779559456266,1779559456266,delta,"0,0.05"
1779559456309,1779559456342,1847,1779559456300,1779559456300,delta,"0,0.05"
1779559456344,1779559456380,1848,1779559456335,1779559456335,delta,"0,0.05"
1779559456378,1779559456380,1849,1779559456369,1779559456369,delta,"0,0.05"
1779559456413,1779559456434,1850,1779559456405,1779559456405,delta,"0,0.05"
1779559456455,1779559456468,1851,1779559456446,1779559456446,delta,"0,0.05"
1779559456488,1779559456506,1852,1779559456479,1779559456479,delta,"0,0.05"
1779559456524,1779559456561,1853,1779559456515,1779559456515,delta,"0,0.05"
1779559456565,1779559456594,1854,1779559456556,1779559456556,delta,"0,0.05"
1779559456599,1779559456633,1855,1779559456590,1779559456590,delta,"0,0.05"
1779559456634,1779559456686,1856,1779559456624,1779559456624,delta,"0,0.05"
1779559456669,1779559456686,1857,1779559456660,1779559456660,delta,"0,0.05"
1779559456704,1779559456720,1858,1779559456695,1779559456695,delta,"0,0.05"
1779559456738,1779559456758,1859,1779559456730,1779559456730,delta,"0,0.05"
1779559456774,1779559456812,1860,1779559456765,1779559456765,delta,"0,0.05"
1779559456809,1779559456812,1861,1779559456800,1779559456800,delta,"0,0.05"
1779559456844,1779559456846,1862,1779559456835,1779559456835,delta,"0,0.05"
1779559456878,1779559456884,1863,1779559456869,1779559456869,delta,"0,0.05"
1779559456915,1779559456938,1864,1779559456905,1779559456905,delta,"0,0.05"
1779559456949,1779559456971,1865,1779559456940,1779559456940,delta,"0,0.05"
1779559456992,1779559457009,1866,1779559456983,1779559456983,delta,"0,0.05"
1779559457026,1779559457064,1867,1779559457018,1779559457018,delta,"0,0.05"
1779559457068,1779559457097,1868,1779559457059,1779559457059,delta,"0,0.05"
1779559457102,1779559457135,1869,1779559457093,1779559457093,delta,"0,0.05"
1779559457136,1779559457189,1870,1779559457127,1779559457127,delta,"0,0.05"
1779559457170,1779559457189,1871,1779559457162,1779559457162,delta,"0,0.05"
1779559457205,1779559457222,1872,1779559457196,1779559457196,delta,"0,0.05"
1779559457240,1779559457260,1873,1779559457230,1779559457230,delta,"0,0.05"
1779559457273,1779559457314,1874,1779559457264,1779559457264,delta,"0,0.05"
1779559457308,1779559457314,1875,1779559457298,1779559457298,delta,"0,0.05"
1779559457342,1779559457346,1876,1779559457333,1779559457333,delta,"0,0.05"
1779559457377,1779559457384,1877,1779559457368,1779559457368,delta,"0,0.05"
1779559457419,1779559457438,1878,1779559457411,1779559457411,delta,"0,0.05"
1779559457452,1779559457472,1879,1779559457443,1779559457443,delta,"0,0.05"
1779559457486,1779559457511,1880,1779559457477,1779559457477,delta,"0,0.05"
1779559457560,1779559457565,1881,1779559457552,1779559457552,delta,"0,0.05"
1779559457564,1779559457565,1882,1779559457555,1779559457555,delta,"0,0.05"
1779559457598,1779559457599,1883,1779559457588,1779559457588,delta,"0,0.05"
1779559457632,1779559457637,1884,1779559457623,1779559457623,delta,"0,0.05"
1779559457666,1779559457691,1885,1779559457657,1779559457657,delta,"0,0.05"
1779559457701,1779559457726,1886,1779559457691,1779559457691,delta,"0,0.05"
1779559457736,1779559457764,1887,1779559457727,1779559457727,delta,"0,0.05"
1779559457769,1779559457818,1888,1779559457760,1779559457760,delta,"0,0.05"
1779559457803,1779559457818,1889,1779559457794,1779559457794,delta,"0,0.05"
1779559457837,1779559457851,1890,1779559457828,1779559457828,delta,"0,0.05"
1779559457872,1779559457891,1891,1779559457862,1779559457862,delta,"0,0.05"
1779559457906,1779559457945,1892,1779559457897,1779559457897,delta,"0,0.05"
1779559457982,1779559458016,1893,1779559457973,1779559457973,delta,"0,0.05"
1779559457985,1779559458016,1894,1779559457976,1779559457976,delta,"0,0.05"
1779559458020,1779559458071,1895,1779559458011,1779559458011,delta,"0,0.05"
1779559458061,1779559458071,1896,1779559458053,1779559458053,delta,"0,0.05"
1779559458094,1779559458105,1897,1779559458085,1779559458085,delta,"0,0.05"
1779559458130,1779559458144,1898,1779559458120,1779559458120,delta,"0,0.05"
1779559458163,1779559458198,1899,1779559458154,1779559458154,delta,"0,0.05"
1779559458198,1779559458198,1900,1779559458188,1779559458188,delta,"0,0.05"
1779559458232,1779559458270,1901,1779559458223,1779559458223,delta,"0,0.05"
1779559458267,1779559458270,1902,1779559458258,1779559458258,delta,"0,0.05"
1779559458300,1779559458324,1903,1779559458291,1779559458291,delta,"0,0.05"
1779559458335,1779559458360,1904,1779559458326,1779559458326,delta,"0,0.05"
1779559458370,1779559458398,1905,1779559458360,1779559458360,delta,"0,0.05"
1779559458404,1779559458452,1906,1779559458395,1779559458395,delta,"0,0.05"
1779559458438,1779559458452,1907,1779559458429,1779559458429,delta,"0,0.05"
1779559458514,1779559458527,1908,1779559458505,1779559458505,delta,"0,0.05"
1779559458519,1779559458527,1909,1779559458510,1779559458510,delta,"0,0.05"
1779559458554,1779559458581,1910,1779559458544,1779559458544,delta,"0,0.05"
1779559458595,1779559458614,1911,1779559458586,1779559458586,delta,"0,0.05"
1779559458628,1779559458652,1912,1779559458619,1779559458619,delta,"0,0.05"
1779559458663,1779559458707,1913,1779559458654,1779559458654,delta,"0,0.05"
1779559458699,1779559458707,1914,1779559458688,1779559458688,delta,"0,0.05"
1779559458732,1779559458744,1915,1779559458723,1779559458723,delta,"0,0.05"
1779559458766,1779559458783,1916,1779559458757,1779559458757,delta,"0,0.05"
1779559458801,1779559458836,1917,1779559458792,1779559458792,delta,"0,0.05"
1779559458835,1779559458836,1918,1779559458826,1779559458826,delta,"0,0.05"
1779559458869,1779559458869,1919,1779559458860,1779559458860,delta,"0,0.05"
1779559458904,1779559458908,1920,1779559458895,1779559458895,delta,"0,0.05"
1779559458939,1779559458962,1921,1779559458930,1779559458930,delta,"0,0.05"
1779559458974,1779559458996,1922,1779559458965,1779559458965,delta,"0,0.05"
1779559459015,1779559459034,1923,1779559459007,1779559459007,delta,"0,0.05"
1779559459049,1779559459088,1924,1779559459040,1779559459040,delta,"0,0.05"
1779559459091,1779559459121,1925,1779559459082,1779559459082,delta,"0,0.05"
1779559459125,1779559459159,1926,1779559459115,1779559459115,delta,"0,0.05"
1779559459158,1779559459159,1927,1779559459149,1779559459149,delta,"0,0.05"
1779559459194,1779559459213,1928,1779559459184,1779559459184,delta,"0,0.05"
1779559459228,1779559459247,1929,1779559459219,1779559459219,delta,"0,0.05"
1779559459262,1779559459286,1930,1779559459253,1779559459253,delta,"0,0.05"
1779559459296,1779559459340,1931,1779559459287,1779559459287,delta,"0,0.05"
1779559459330,1779559459341,1932,1779559459321,1779559459321,delta,"0,0.05"
1779559459365,1779559459374,1933,1779559459356,1779559459356,delta,"0,0.05"
1779559459400,1779559459413,1934,1779559459390,1779559459390,delta,"0,0.05"
1779559459435,1779559459467,1935,1779559459425,1779559459425,delta,"0,0.05"
1779559459469,1779559459499,1936,1779559459459,1779559459459,delta,"0,0.05"
1779559459503,1779559459538,1937,1779559459495,1779559459495,delta,"0,0.05"
1779559459545,1779559459591,1938,1779559459537,1779559459537,delta,"0,0.05"
1779559459579,1779559459591,1939,1779559459570,1779559459570,delta,"0,0.05"
1779559459622,1779559459624,1940,1779559459613,1779559459613,delta,"0,0.05"
1779559459655,1779559459661,1941,1779559459646,1779559459646,delta,"0,0.05"
1779559459688,1779559459716,1942,1779559459680,1779559459680,delta,"0,0.05"
1779559459724,1779559459749,1943,1779559459714,1779559459714,delta,"0,0.05"
1779559459757,1779559459786,1944,1779559459748,1779559459748,delta,"0,0.05"
1779559459792,1779559459845,1945,1779559459783,1779559459783,delta,"0,0.05"
1779559459826,1779559459845,1946,1779559459817,1779559459817,delta,"0,0.05"
1779559459861,1779559459879,1947,1779559459852,1779559459852,delta,"0,0.05"
1779559459895,1779559459917,1948,1779559459886,1779559459886,delta,"0,0.05"
1779559459929,1779559459972,1949,1779559459921,1779559459921,delta,"0,0.05"
1779559459965,1779559459972,1950,1779559459955,1779559459955,delta,"0,0.05"
1779559459999,1779559460006,1951,1779559459990,1779559459990,delta,"0,0.05"
1779559460041,1779559460044,1952,1779559460032,1779559460032,delta,"0,0.05"
1779559460075,1779559460098,1953,1779559460066,1779559460066,delta,"0,0.05"
1779559460119,1779559460132,1954,1779559460109,1779559460109,delta,"0,0.05"
1779559460151,1779559460171,1955,1779559460142,1779559460142,delta,"0,0.05"
1779559460186,1779559460225,1956,1779559460177,1779559460177,delta,"0,0.05"
1779559460220,1779559460225,1957,1779559460211,1779559460211,delta,"0,0.05"
1779559460255,1779559460259,1958,1779559460245,1779559460245,delta,"0,0.05"
1779559460290,1779559460296,1959,1779559460280,1779559460280,delta,"0,0.05"
1779559460323,1779559460350,1960,1779559460314,1779559460314,delta,"0,0.05"
1779559460357,1779559460384,1961,1779559460348,1779559460348,delta,"0,0.05"
1779559460392,1779559460422,1962,1779559460383,1779559460383,delta,"0,0.05"
1779559460426,1779559460476,1963,1779559460417,1779559460417,delta,"0,0.05"
1779559460459,1779559460476,1964,1779559460451,1779559460451,delta,"0,0.05"
1779559460535,1779559460546,1965,1779559460526,1779559460526,delta,"0,0.05"
1779559460539,1779559460546,1966,1779559460530,1779559460530,delta,"0,0.05"
1779559460573,1779559460602,1967,1779559460564,1779559460564,delta,"0,0.05"
1779559460607,1779559460635,1968,1779559460598,1779559460598,delta,"0,0.05"
1779559460642,1779559460675,1969,1779559460633,1779559460633,delta,"0,0.05"
1779559460675,1779559460728,1970,1779559460666,1779559460666,delta,"0,0.05"
1779559460710,1779559460728,1971,1779559460701,1779559460701,delta,"0,0.05"
1779559460744,1779559460761,1972,1779559460735,1779559460735,delta,"0,0.05"
1779559460779,1779559460799,1973,1779559460769,1779559460769,delta,"0,0.05"
1779559460813,1779559460853,1974,1779559460804,1779559460804,delta,"0,0.05"
1779559460847,1779559460853,1975,1779559460838,1779559460838,delta,"0,0.05"
1779559460881,1779559460885,1976,1779559460872,1779559460872,delta,"0,0.05"
1779559460916,1779559460924,1977,1779559460907,1779559460907,delta,"0,0.05"
1779559460950,1779559460978,1978,1779559460941,1779559460941,delta,"0,0.05"
1779559460985,1779559461011,1979,1779559460976,1779559460976,delta,"0,0.05"
1779559461060,1779559461103,1980,1779559461051,1779559461051,delta,"0,0.05"
1779559461063,1779559461103,1981,1779559461054,1779559461054,delta,"0,0.05"
1779559461097,1779559461103,1982,1779559461088,1779559461088,delta,"0,0.05"
1779559461172,1779559461173,1983,1779559461163,1779559461163,delta,"0,0.05"
1779559461176,1779559461227,1984,1779559461166,1779559461166,delta,"0,0.05"
1779559461209,1779559461227,1985,1779559461200,1779559461200,delta,"0,0.05"
1779559461243,1779559461260,1986,1779559461235,1779559461235,delta,"0,0.05"
1779559461278,1779559461298,1987,1779559461268,1779559461268,delta,"0,0.05"
1779559461312,1779559461352,1988,1779559461303,1779559461303,delta,"0,0.05"
1779559461346,1779559461352,1989,1779559461337,1779559461337,delta,"0,0.05"
1779559461380,1779559461384,1990,1779559461371,1779559461371,delta,"0,0.05"
1779559461415,1779559461422,1991,1779559461406,1779559461406,delta,"0,0.05"
1779559461449,1779559461476,1992,1779559461440,1779559461440,delta,"0,0.05"
1779559461483,1779559461510,1993,1779559461474,1779559461474,delta,"0,0.05"
1779559461517,1779559461548,1994,1779559461508,1779559461508,delta,"0,0.05"
1779559461595,1779559461601,1995,1779559461584,1779559461584,delta,"0,0.05"
1779559461596,1779559461601,1996,1779559461587,1779559461587,delta,"0,0.05"
1779559461632,1779559461634,1997,1779559461622,1779559461622,delta,"0,0.05"
1779559461673,1779559461673,1998,1779559461664,1779559461664,delta,"0,0.05"
1779559461706,1779559461728,1999,1779559461696,1779559461696,delta,"0,0.05"
1779559461740,1779559461762,2000,1779559461731,1779559461731,delta,"0,0.05"
1779559461775,1779559461802,2001,1779559461765,1779559461765,delta,"0,0.05"
1779559461808,1779559461857,2002,1779559461799,1779559461799,delta,"0,0.05"
1779559461844,1779559461858,2003,1779559461833,1779559461833,delta,"0,0.05"
1779559461877,1779559461893,2004,1779559461867,1779559461867,delta,"0,0.05"
1779559461911,1779559461932,2005,1779559461902,1779559461902,delta,"0,0.05"
1779559461945,1779559461987,2006,1779559461936,1779559461936,delta,"0,0.05"
1779559461979,1779559461987,2007,1779559461970,1779559461970,delta,"0,0.05"
1779559462013,1779559462021,2008,1779559462005,1779559462005,delta,"0,0.05"
1779559462048,1779559462058,2009,1779559462039,1779559462039,delta,"0,0.05"
1779559462096,1779559462113,2010,1779559462086,1779559462086,delta,"0,0.05"
1779559462132,1779559462146,2011,1779559462123,1779559462123,delta,"0,0.05"
1779559462176,1779559462185,2012,1779559462167,1779559462167,delta,"0,0.05"
1779559462213,1779559462238,2013,1779559462204,1779559462204,delta,"0,0.05"
1779559462252,1779559462270,2014,1779559462243,1779559462243,delta,"0,0.05"
1779559462290,1779559462309,2015,1779559462281,1779559462281,delta,"0,0.05"
1779559462328,1779559462363,2016,1779559462318,1779559462318,delta,"0,0.05"
1779559462361,1779559462363,2017,1779559462352,1779559462352,delta,"0,0.05"
1779559462395,1779559462396,2018,1779559462387,1779559462387,delta,"0,0.05"
1779559462431,1779559462435,2019,1779559462421,1779559462421,delta,"0,0.05"
1779559462464,1779559462489,2020,1779559462456,1779559462456,delta,"0,0.05"
1779559462498,1779559462523,2021,1779559462489,1779559462489,delta,"0,0.05"
1779559462534,1779559462563,2022,1779559462524,1779559462524,delta,"0,0.05"
1779559462568,1779559462619,2023,1779559462559,1779559462559,delta,"0,0.05"
1779559462611,1779559462619,2024,1779559462602,1779559462602,delta,"0,0.05"
1779559462644,1779559462653,2025,1779559462635,1779559462635,delta,"0,0.05"
1779559462679,1779559462691,2026,1779559462670,1779559462670,delta,"0,0.05"
1779559462720,1779559462745,2027,1779559462712,1779559462712,delta,"0,0.05"
1779559462755,1779559462778,2028,1779559462745,1779559462745,delta,"0,0.05"
1779559462788,1779559462818,2029,1779559462779,1779559462779,delta,"0,0.05"
1779559462823,1779559462874,2030,1779559462814,1779559462814,delta,"0,0.05"
1779559462857,1779559462874,2031,1779559462848,1779559462848,delta,"0,0.05"
1779559462891,1779559462909,2032,1779559462882,1779559462882,delta,"0,0.05"
1779559462926,1779559462948,2033,1779559462917,1779559462917,delta,"0,0.05"
1779559462960,1779559463002,2034,1779559462951,1779559462951,delta,"0,0.05"
1779559462995,1779559463002,2035,1779559462985,1779559462985,delta,"0,0.05"
1779559463030,1779559463035,2036,1779559463020,1779559463020,delta,"0,0.05"
1779559463105,1779559463126,2037,1779559463096,1779559463096,delta,"0,0.05"
1779559463109,1779559463126,2038,1779559463099,1779559463099,delta,"0,0.05"
1779559463143,1779559463159,2039,1779559463135,1779559463135,delta,"0,0.05"
1779559463186,1779559463197,2040,1779559463176,1779559463176,delta,"0,0.05"
1779559463219,1779559463250,2041,1779559463210,1779559463210,delta,"0,0.05"
1779559463253,1779559463283,2042,1779559463244,1779559463244,delta,"0,0.05"
1779559463288,1779559463322,2043,1779559463278,1779559463278,delta,"0,0.05"
1779559463322,1779559463376,2044,1779559463313,1779559463313,delta,"0,0.05"
1779559463356,1779559463376,2045,1779559463347,1779559463347,delta,"0,0.05"
1779559463391,1779559463410,2046,1779559463381,1779559463381,delta,"0,0.05"
1779559463425,1779559463449,2047,1779559463416,1779559463416,delta,"0,0.05"
1779559463459,1779559463503,2048,1779559463450,1779559463450,delta,"0,0.05"
1779559463495,1779559463503,2049,1779559463485,1779559463485,delta,"0,0.05"
1779559463529,1779559463536,2050,1779559463519,1779559463519,delta,"0,0.05"
1779559463563,1779559463574,2051,1779559463554,1779559463554,delta,"0,0.05"
1779559463639,1779559463664,2052,1779559463630,1779559463630,delta,"0,0.05"
1779559463643,1779559463664,2053,1779559463633,1779559463633,delta,"0,0.05"
1779559463678,1779559463703,2054,1779559463668,1779559463668,delta,"0,0.05"
1779559463724,1779559463758,2055,1779559463715,1779559463715,delta,"0,0.05"
1779559463763,1779559463792,2056,1779559463754,1779559463754,delta,"0,0.05"
1779559463797,1779559463830,2057,1779559463789,1779559463789,delta,"0,0.05"
1779559463832,1779559463885,2058,1779559463823,1779559463823,delta,"0,0.05"
1779559463867,1779559463885,2059,1779559463857,1779559463857,delta,"0,0.05"
1779559463901,1779559463919,2060,1779559463892,1779559463892,delta,"0,0.05"
1779559463936,1779559463958,2061,1779559463927,1779559463927,delta,"0,0.05"
1779559463970,1779559464011,2062,1779559463960,1779559463960,delta,"0,0.05"
1779559464004,1779559464011,2063,1779559463995,1779559463995,delta,"0,0.05"
1779559464039,1779559464045,2064,1779559464029,1779559464029,delta,"0,0.05"
1779559464074,1779559464083,2065,1779559464064,1779559464064,delta,"0,0.05"
1779559464109,1779559464137,2066,1779559464100,1779559464100,delta,"0,0.05"
1779559464151,1779559464170,2067,1779559464142,1779559464142,delta,"0,0.05"
1779559464184,1779559464208,2068,1779559464175,1779559464175,delta,"0,0.05"
1779559464227,1779559464262,2069,1779559464218,1779559464218,delta,"0,0.05"
1779559464259,1779559464262,2070,1779559464251,1779559464251,delta,"0,0.05"
1779559464294,1779559464294,2071,1779559464285,1779559464285,delta,"0,0.05"
1779559464328,1779559464332,2072,1779559464319,1779559464319,delta,"0,0.05"
1779559464363,1779559464388,2073,1779559464354,1779559464354,delta,"0,0.05"
1779559464397,1779559464421,2074,1779559464389,1779559464389,delta,"0,0.05"
1779559464432,1779559464458,2075,1779559464423,1779559464423,delta,"0,0.05"
1779559464466,1779559464512,2076,1779559464457,1779559464457,delta,"0,0.05"
1779559464500,1779559464512,2077,1779559464491,1779559464491,delta,"0,0.05"
1779559464535,1779559464545,2078,1779559464526,1779559464526,delta,"0,0.05"
1779559464570,1779559464584,2079,1779559464560,1779559464560,delta,"0,0.05"
1779559464605,1779559464639,2080,1779559464595,1779559464595,delta,"0,0.05"
1779559464649,1779559464672,2081,1779559464640,1779559464640,delta,"0,0.05"
1779559464724,1779559464763,2082,1779559464714,1779559464714,delta,"0,0.05"
1779559464727,1779559464763,2083,1779559464718,1779559464718,delta,"0,0.05"
1779559464761,1779559464763,2084,1779559464751,1779559464751,delta,"0,0.05"
1779559464795,1779559464796,2085,1779559464786,1779559464786,delta,"0,0.05"
1779559464830,1779559464834,2086,1779559464821,1779559464821,delta,"0,0.05"
1779559464864,1779559464891,2087,1779559464855,1779559464855,delta,"0,0.05"
1779559464898,1779559464923,2088,1779559464889,1779559464889,delta,"0,0.05"
1779559464933,1779559464961,2089,1779559464924,1779559464924,delta,"0,0.05"
1779559464967,1779559465015,2090,1779559464958,1779559464958,delta,"0,0.05"
1779559465001,1779559465015,2091,1779559464992,1779559464992,delta,"0,0.05"
1779559465035,1779559465048,2092,1779559465026,1779559465026,delta,"0,0.05"
1779559465070,1779559465088,2093,1779559465061,1779559465061,delta,"0,0.05"
1779559465146,1779559465174,2094,1779559465137,1779559465137,delta,"0,0.05"
1779559465149,1779559465174,2095,1779559465140,1779559465140,delta,"0,0.05"
1779559465183,1779559465213,2096,1779559465174,1779559465174,delta,"0,0.05"
1779559465259,1779559465266,2097,1779559465249,1779559465249,delta,"0,0.05"
1779559465263,1779559465266,2098,1779559465252,1779559465252,delta,"0,0.05"
1779559465295,1779559465300,2099,1779559465286,1779559465286,delta,"0,0.05"
1779559465329,1779559465338,2100,1779559465321,1779559465321,delta,"0,0.05"
1779559465365,1779559465392,2101,1779559465355,1779559465355,delta,"0,0.05"
1779559465398,1779559465424,2102,1779559465389,1779559465389,delta,"0,0.05"
1779559465434,1779559465463,2103,1779559465424,1779559465424,delta,"0,0.05"
1779559465467,1779559465517,2104,1779559465458,1779559465458,delta,"0,0.05"
1779559465501,1779559465517,2105,1779559465492,1779559465492,delta,"0,0.05"
1779559465535,1779559465550,2106,1779559465526,1779559465526,delta,"0,0.05"
1779559465569,1779559465588,2107,1779559465560,1779559465560,delta,"0,0.05"
1779559465604,1779559465642,2108,1779559465595,1779559465595,delta,"0,0.05"
1779559465680,1779559465713,2109,1779559465670,1779559465670,delta,"0,0.05"
1779559465683,1779559465713,2110,1779559465674,1779559465674,delta,"0,0.05"
1779559465717,1779559465767,2111,1779559465708,1779559465708,delta,"0,0.05"
1779559465759,1779559465768,2112,1779559465750,1779559465750,delta,"0,0.05"
1779559465793,1779559465800,2113,1779559465783,1779559465783,delta,"0,0.05"
1779559465826,1779559465839,2114,1779559465817,1779559465817,delta,"0,0.05"
1779559465861,1779559465894,2115,1779559465852,1779559465852,delta,"0,0.05"
1779559465895,1779559465927,2116,1779559465886,1779559465886,delta,"0,0.05"
1779559465930,1779559465966,2117,1779559465920,1779559465920,delta,"0,0.05"
1779559465963,1779559465966,2118,1779559465954,1779559465954,delta,"0,0.05"
1779559465997,1779559466021,2119,1779559465989,1779559465989,delta,"0,0.05"
1779559466032,1779559466054,2120,1779559466023,1779559466023,delta,"0,0.05"
1779559466066,1779559466092,2121,1779559466057,1779559466057,delta,"0,0.05"
1779559466100,1779559466146,2122,1779559466091,1779559466091,delta,"0,0.05"
1779559466135,1779559466146,2123,1779559466126,1779559466126,delta,"0,0.05"
1779559466178,1779559466179,2124,1779559466169,1779559466169,delta,"0,0.05"
1779559466211,1779559466217,2125,1779559466201,1779559466201,delta,"0,0.05"
1779559466252,1779559466271,2126,1779559466244,1779559466244,delta,"0,0.05"
1779559466286,1779559466304,2127,1779559466277,1779559466277,delta,"0,0.05"
1779559466320,1779559466343,2128,1779559466311,1779559466311,delta,"0,0.05"
1779559466355,1779559466398,2129,1779559466346,1779559466346,delta,"0,0.05"
1779559466388,1779559466398,2130,1779559466379,1779559466379,delta,"0,0.05"
1779559466423,1779559466431,2131,1779559466414,1779559466414,delta,"0,0.05"
1779559466456,1779559466468,2132,1779559466448,1779559466448,delta,"0,0.05"
1779559466493,1779559466523,2133,1779559466483,1779559466483,delta,"0,0.05"
1779559466526,1779559466556,2134,1779559466517,1779559466517,delta,"0,0.05"
1779559466560,1779559466595,2135,1779559466550,1779559466550,delta,"0,0.05"
1779559466595,1779559466649,2136,1779559466585,1779559466585,delta,"0,0.05"
1779559466629,1779559466649,2137,1779559466620,1779559466620,delta,"0,0.05"
1779559466664,1779559466682,2138,1779559466655,1779559466655,delta,"0,0.05"
1779559466707,1779559466721,2139,1779559466697,1779559466697,delta,"0,0.05"
1779559466740,1779559466776,2140,1779559466731,1779559466731,delta,"0,0.05"
1779559466782,1779559466809,2141,1779559466773,1779559466773,delta,"0,0.05"
1779559466814,1779559466847,2142,1779559466806,1779559466806,delta,"0,0.05"
1779559466849,1779559466901,2143,1779559466840,1779559466840,delta,"0,0.05"
1779559466883,1779559466901,2144,1779559466874,1779559466874,delta,"0,0.05"
1779559466917,1779559466934,2145,1779559466909,1779559466909,delta,"0,0.05"
1779559466952,1779559466973,2146,1779559466944,1779559466944,delta,"0,0.05"
1779559466987,1779559467027,2147,1779559466977,1779559466977,delta,"0,0.05"
1779559467021,1779559467027,2148,1779559467011,1779559467011,delta,"0,0.05"
1779559467055,1779559467061,2149,1779559467046,1779559467046,delta,"0,0.05"
1779559467089,1779559467099,2150,1779559467080,1779559467080,delta,"0,0.05"
1779559467124,1779559467153,2151,1779559467115,1779559467115,delta,"0,0.05"
1779559467158,1779559467187,2152,1779559467149,1779559467149,delta,"0,0.05"
1779559467201,1779559467225,2153,1779559467192,1779559467192,delta,"0,0.05"
1779559467275,1779559467279,2154,1779559467265,1779559467265,delta,"0,0.05"
1779559467277,1779559467279,2155,1779559467268,1779559467268,delta,"0,0.05"
1779559467311,1779559467312,2156,1779559467303,1779559467303,delta,"0,0.05"
1779559467346,1779559467351,2157,1779559467337,1779559467337,delta,"0,0.05"
1779559467381,1779559467405,2158,1779559467371,1779559467371,delta,"0,0.05"
1779559467415,1779559467438,2159,1779559467406,1779559467406,delta,"0,0.05"
1779559467449,1779559467476,2160,1779559467440,1779559467440,delta,"0,0.05"
1779559467483,1779559467530,2161,1779559467474,1779559467474,delta,"0,0.05"
1779559467519,1779559467530,2162,1779559467509,1779559467509,delta,"0,0.05"
1779559467560,1779559467564,2163,1779559467551,1779559467551,delta,"0,0.05"
1779559467593,1779559467603,2164,1779559467584,1779559467584,delta,"0,0.05"
1779559467628,1779559467658,2165,1779559467619,1779559467619,delta,"0,0.05"
1779559467662,1779559467691,2166,1779559467654,1779559467654,delta,"0,0.05"
1779559467697,1779559467729,2167,1779559467688,1779559467688,delta,"0,0.05"
1779559467740,1779559467782,2168,1779559467731,1779559467731,delta,"0,0.05"
1779559467815,1779559467816,2169,1779559467805,1779559467805,delta,"0,0.05"
1779559467817,1779559467855,2170,1779559467808,1779559467808,delta,"0,0.05"
1779559467851,1779559467855,2171,1779559467843,1779559467843,delta,"0,0.05"
1779559467886,1779559467909,2172,1779559467877,1779559467877,delta,"0,0.05"
1779559467920,1779559467947,2173,1779559467911,1779559467911,delta,"0,0.05"
1779559467954,1779559467985,2174,1779559467945,1779559467945,delta,"0,0.05"
1779559467989,1779559468038,2175,1779559467980,1779559467980,delta,"0,0.05"
1779559468024,1779559468038,2176,1779559468014,1779559468014,delta,"0,0.05"
1779559468057,1779559468072,2177,1779559468049,1779559468049,delta,"0,0.05"
1779559468093,1779559468111,2178,1779559468083,1779559468083,delta,"0,0.05"
1779559468127,1779559468167,2179,1779559468117,1779559468117,delta,"0,0.05"
1779559468161,1779559468167,2180,1779559468152,1779559468152,delta,"0,0.05"
1779559468237,1779559468240,2181,1779559468228,1779559468228,delta,"0,0.05"
1779559468240,1779559468240,2182,1779559468231,1779559468231,delta,"0,0.05"
1779559468274,1779559468295,2183,1779559468266,1779559468266,delta,"0,0.05"
1779559468317,1779559468328,2184,1779559468308,1779559468308,delta,"0,0.05"
1779559468351,1779559468366,2185,1779559468341,1779559468341,delta,"0,0.05"
1779559468385,1779559468421,2186,1779559468376,1779559468376,delta,"0,0.05"
1779559468419,1779559468421,2187,1779559468410,1779559468410,delta,"0,0.05"
1779559468453,1779559468454,2188,1779559468445,1779559468445,delta,"0,0.05"
1779559468487,1779559468492,2189,1779559468479,1779559468479,delta,"0,0.05"
1779559468523,1779559468547,2190,1779559468513,1779559468513,delta,"0,0.05"
1779559468556,1779559468580,2191,1779559468547,1779559468547,delta,"0,0.05"
1779559468590,1779559468617,2192,1779559468581,1779559468581,delta,"0,0.05"
1779559468625,1779559468673,2193,1779559468616,1779559468616,delta,"0,0.05"
1779559468659,1779559468673,2194,1779559468650,1779559468650,delta,"0,0.05"
1779559468695,1779559468706,2195,1779559468685,1779559468685,delta,"0,0.05"
1779559468737,1779559468744,2196,1779559468728,1779559468728,delta,"0,0.05"
1779559468770,1779559468798,2197,1779559468761,1779559468761,delta,"0,0.05"
1779559468812,1779559468831,2198,1779559468803,1779559468803,delta,"0,0.05"
1779559468845,1779559468870,2199,1779559468836,1779559468836,delta,"0,0.05"
1779559468879,1779559468924,2200,1779559468870,1779559468870,delta,"0,0.05"
1779559468914,1779559468924,2201,1779559468905,1779559468905,delta,"0,0.05"
1779559468948,1779559468958,2202,1779559468939,1779559468939,delta,"0,0.05"
1779559468983,1779559469000,2203,1779559468974,1779559468974,delta,"0,0.05"
1779559469017,1779559469053,2204,1779559469008,1779559469008,delta,"0,0.05"
1779559469051,1779559469053,2205,1779559469042,1779559469042,delta,"0,0.05"
1779559469085,1779559469087,2206,1779559469076,1779559469076,delta,"0,0.05"
1779559469120,1779559469125,2207,1779559469111,1779559469111,delta,"0,0.05"
1779559469154,1779559469179,2208,1779559469145,1779559469145,delta,"0,0.05"
1779559469188,1779559469212,2209,1779559469179,1779559469179,delta,"0,0.05"
1779559469223,1779559469250,2210,1779559469215,1779559469215,delta,"0,0.05"
1779559469266,1779559469304,2211,1779559469256,1779559469256,delta,"0,0.05"
1779559469298,1779559469304,2212,1779559469290,1779559469290,delta,"0,0.05"
1779559469340,1779559469374,2213,1779559469331,1779559469331,delta,"0,0.05"
1779559469373,1779559469374,2214,1779559469364,1779559469364,delta,"0,0.05"
1779559469408,1779559469429,2215,1779559469398,1779559469398,delta,"0,0.05"
1779559469442,1779559469462,2216,1779559469433,1779559469433,delta,"0,0.05"
1779559469476,1779559469500,2217,1779559469467,1779559469467,delta,"0,0.05"
1779559469511,1779559469553,2218,1779559469501,1779559469501,delta,"0,0.05"
1779559469544,1779559469553,2219,1779559469536,1779559469536,delta,"0,0.05"
1779559469579,1779559469586,2220,1779559469570,1779559469570,delta,"0,0.05"
1779559469614,1779559469624,2221,1779559469604,1779559469604,delta,"0,0.05"
1779559469648,1779559469678,2222,1779559469638,1779559469638,delta,"0,0.05"
1779559469682,1779559469711,2223,1779559469673,1779559469673,delta,"0,0.05"
1779559469716,1779559469748,2224,1779559469707,1779559469707,delta,"0,0.05"
1779559469758,1779559469802,2225,1779559469749,1779559469749,delta,"0,0.05"
1779559469791,1779559469802,2226,1779559469782,1779559469782,delta,"0,0.05"
1779559469826,1779559469835,2227,1779559469817,1779559469817,delta,"0,0.05"
1779559469868,1779559469874,2228,1779559469859,1779559469859,delta,"0,0.05"
1779559469901,1779559469928,2229,1779559469892,1779559469892,delta,"0,0.05"
1779559469935,1779559469961,2230,1779559469926,1779559469926,delta,"0,0.05"
1779559469969,1779559469999,2231,1779559469960,1779559469960,delta,"0,0.05"
1779559470004,1779559470054,2232,1779559469995,1779559469995,delta,"0,0.05"
1779559470038,1779559470054,2233,1779559470029,1779559470029,delta,"0,0.05"
1779559470072,1779559470086,2234,1779559470063,1779559470063,delta,"0,0.05"
1779559470107,1779559470125,2235,1779559470098,1779559470098,delta,"0,0.05"
1779559470140,1779559470179,2236,1779559470131,1779559470131,delta,"0,0.05"
1779559470175,1779559470179,2237,1779559470166,1779559470166,delta,"0,0.05"
1779559470210,1779559470212,2238,1779559470201,1779559470201,delta,"0,0.05"
1779559470246,1779559470251,2239,1779559470236,1779559470236,delta,"0,0.05"
1779559470287,1779559470307,2240,1779559470278,1779559470278,delta,"0,0.05"
1779559470360,1779559470378,2241,1779559470352,1779559470352,delta,"0,0.05"
1779559470364,1779559470379,2242,1779559470355,1779559470355,delta,"0,0.05"
1779559470397,1779559470438,2243,1779559470388,1779559470388,delta,"0,0.05"
1779559470431,1779559470438,2244,1779559470423,1779559470423,delta,"0,0.05"
1779559470466,1779559470471,2245,1779559470457,1779559470457,delta,"0,0.05"
1779559470500,1779559470510,2246,1779559470491,1779559470491,delta,"0,0.05"
1779559470534,1779559470565,2247,1779559470525,1779559470525,delta,"0,0.05"
1779559470569,1779559470597,2248,1779559470559,1779559470559,delta,"0,0.05"
1779559470603,1779559470636,2249,1779559470594,1779559470594,delta,"0,0.05"
1779559470637,1779559470690,2250,1779559470628,1779559470628,delta,"0,0.05"
1779559470671,1779559470690,2251,1779559470662,1779559470662,delta,"0,0.05"
1779559470705,1779559470723,2252,1779559470696,1779559470696,delta,"0,0.05"
1779559470740,1779559470761,2253,1779559470730,1779559470730,delta,"0,0.05"
1779559470775,1779559470815,2254,1779559470766,1779559470766,delta,"0,0.05"
1779559470816,1779559470849,2255,1779559470807,1779559470807,delta,"0,0.05"
1779559470890,1779559470944,2256,1779559470881,1779559470881,delta,"0,0.05"
1779559470893,1779559470944,2257,1779559470884,1779559470884,delta,"0,0.05"
1779559470926,1779559470944,2258,1779559470917,1779559470917,delta,"0,0.05"
1779559470961,1779559470977,2259,1779559470952,1779559470952,delta,"0,0.05"
1779559470995,1779559471016,2260,1779559470986,1779559470986,delta,"0,0.05"
1779559471030,1779559471070,2261,1779559471020,1779559471020,delta,"0,0.05"
1779559471064,1779559471070,2262,1779559471055,1779559471055,delta,"0,0.05"
1779559471097,1779559471103,2263,1779559471089,1779559471089,delta,"0,0.05"
1779559471132,1779559471141,2264,1779559471123,1779559471123,delta,"0,0.05"
1779559471167,1779559471195,2265,1779559471158,1779559471158,delta,"0,0.05"
1779559471201,1779559471229,2266,1779559471191,1779559471191,delta,"0,0.05"
1779559471236,1779559471268,2267,1779559471226,1779559471226,delta,"0,0.05"
1779559471310,1779559471321,2268,1779559471301,1779559471301,delta,"0,0.05"
1779559471314,1779559471321,2269,1779559471305,1779559471305,delta,"0,0.05"
1779559471348,1779559471354,2270,1779559471339,1779559471339,delta,"0,0.05"
1779559471390,1779559471394,2271,1779559471381,1779559471381,delta,"0,0.05"
1779559471423,1779559471448,2272,1779559471414,1779559471414,delta,"0,0.05"
1779559471457,1779559471482,2273,1779559471448,1779559471448,delta,"0,0.05"
1779559471492,1779559471520,2274,1779559471483,1779559471483,delta,"0,0.05"
1779559471525,1779559471574,2275,1779559471517,1779559471517,delta,"0,0.05"
1779559471560,1779559471574,2276,1779559471551,1779559471551,delta,"0,0.05"
1779559471595,1779559471608,2277,1779559471586,1779559471586,delta,"0,0.05"
1779559471628,1779559471648,2278,1779559471620,1779559471620,delta,"0,0.05"
1779559471663,1779559471701,2279,1779559471654,1779559471654,delta,"0,0.05"
1779559471697,1779559471701,2280,1779559471689,1779559471689,delta,"0,0.05"
1779559471733,1779559471734,2281,1779559471724,1779559471724,delta,"0,0.05"
1779559471767,1779559471773,2282,1779559471758,1779559471758,delta,"0,0.05"
1779559471810,1779559471826,2283,1779559471801,1779559471801,delta,"0,0.05"
1779559471843,1779559471859,2284,1779559471834,1779559471834,delta,"0,0.05"
1779559471885,1779559471898,2285,1779559471876,1779559471876,delta,"0,0.05"
1779559471917,1779559471952,2286,1779559471909,1779559471909,delta,"0,0.05"
1779559471951,1779559471952,2287,1779559471943,1779559471943,delta,"0,0.05"
1779559471993,1779559472024,2288,1779559471983,1779559471983,delta,"0,0.05"
1779559472020,1779559472024,2289,1779559472012,1779559472012,delta,"0,0.05"
1779559472055,1779559472079,2290,1779559472046,1779559472046,delta,"0,0.05"
1779559472091,1779559472113,2291,1779559472082,1779559472082,delta,"0,0.05"
1779559472129,1779559472151,2292,1779559472121,1779559472121,delta,"0,0.05"
1779559472169,1779559472205,2293,1779559472160,1779559472160,delta,"0,0.05"
1779559472208,1779559472238,2294,1779559472198,1779559472198,delta,"0,0.05"
1779559472245,1779559472276,2295,1779559472236,1779559472236,delta,"0,0.05"
1779559472285,1779559472330,2296,1779559472276,1779559472276,delta,"0,0.05"
1779559472328,1779559472330,2297,1779559472318,1779559472318,delta,"0,0.05"
1779559472403,1779559472455,2298,1779559472394,1779559472394,delta,"0,0.05"
1779559472406,1779559472455,2299,1779559472397,1779559472397,delta,"0,0.05"
1779559472440,1779559472455,2300,1779559472431,1779559472431,delta,"0,0.05"
1779559472475,1779559472488,2301,1779559472466,1779559472466,delta,"0,0.05"
1779559472509,1779559472527,2302,1779559472500,1779559472500,delta,"0,0.05"
1779559472544,1779559472581,2303,1779559472535,1779559472535,delta,"0,0.05"
1779559472578,1779559472581,2304,1779559472569,1779559472569,delta,"0,0.05"
1779559472613,1779559472614,2305,1779559472604,1779559472604,delta,"0,0.05"
1779559472646,1779559472652,2306,1779559472638,1779559472638,delta,"0,0.05"
1779559472682,1779559472706,2307,1779559472673,1779559472673,delta,"0,0.05"
1779559472715,1779559472739,2308,1779559472707,1779559472707,delta,"0,0.05"
1779559472750,1779559472777,2309,1779559472741,1779559472741,delta,"0,0.05"
1779559472785,1779559472831,2310,1779559472775,1779559472775,delta,"0,0.05"
1779559472820,1779559472831,2311,1779559472811,1779559472811,delta,"0,0.05"
1779559472862,1779559472864,2312,1779559472853,1779559472853,delta,"0,0.05"
1779559472937,1779559472957,2313,1779559472928,1779559472928,delta,"0,0.05"
1779559472939,1779559472957,2314,1779559472931,1779559472931,delta,"0,0.05"
1779559472974,1779559472990,2315,1779559472965,1779559472965,delta,"0,0.05"
1779559473009,1779559473028,2316,1779559472999,1779559472999,delta,"0,0.05"
1779559473043,1779559473082,2317,1779559473034,1779559473034,delta,"0,0.05"
1779559473077,1779559473082,2318,1779559473068,1779559473068,delta,"0,0.05"
1779559473112,1779559473116,2319,1779559473103,1779559473103,delta,"0,0.05"
1779559473145,1779559473155,2320,1779559473137,1779559473137,delta,"0,0.05"
1779559473180,1779559473210,2321,1779559473171,1779559473171,delta,"0,0.05"
1779559473214,1779559473242,2322,1779559473206,1779559473206,delta,"0,0.05"
1779559473249,1779559473280,2323,1779559473240,1779559473240,delta,"0,0.05"
1779559473284,1779559473335,2324,1779559473275,1779559473275,delta,"0,0.05"
1779559473359,1779559473368,2325,1779559473350,1779559473350,delta,"0,0.05"
1779559473361,1779559473368,2326,1779559473353,1779559473353,delta,"0,0.05"
1779559473396,1779559473406,2327,1779559473387,1779559473387,delta,"0,0.05"
1779559473430,1779559473460,2328,1779559473421,1779559473421,delta,"0,0.05"
1779559473465,1779559473494,2329,1779559473456,1779559473456,delta,"0,0.05"
1779559473499,1779559473532,2330,1779559473490,1779559473490,delta,"0,0.05"
1779559473541,1779559473587,2331,1779559473532,1779559473532,delta,"0,0.05"
1779559473577,1779559473587,2332,1779559473566,1779559473566,delta,"0,0.05"
1779559473609,1779559473620,2333,1779559473600,1779559473600,delta,"0,0.05"
1779559473643,1779559473659,2334,1779559473634,1779559473634,delta,"0,0.05"
1779559473677,1779559473713,2335,1779559473668,1779559473668,delta,"0,0.05"
1779559473712,1779559473713,2336,1779559473703,1779559473703,delta,"0,0.05"
1779559473746,1779559473746,2337,1779559473737,1779559473737,delta,"0,0.05"
1779559473780,1779559473785,2338,1779559473771,1779559473771,delta,"0,0.05"
1779559473815,1779559473839,2339,1779559473806,1779559473806,delta,"0,0.05"
1779559473857,1779559473872,2340,1779559473848,1779559473848,delta,"0,0.05"
1779559473891,1779559473910,2341,1779559473881,1779559473881,delta,"0,0.05"
1779559473925,1779559473964,2342,1779559473917,1779559473917,delta,"0,0.05"
1779559473968,1779559473998,2343,1779559473959,1779559473959,delta,"0,0.05"
1779559474000,1779559474036,2344,1779559473992,1779559473992,delta,"0,0.05"
1779559474035,1779559474036,2345,1779559474026,1779559474026,delta,"0,0.05"
1779559474070,1779559474092,2346,1779559474060,1779559474060,delta,"0,0.05"
1779559474103,1779559474126,2347,1779559474095,1779559474095,delta,"0,0.05"
1779559474138,1779559474165,2348,1779559474129,1779559474129,delta,"0,0.05"
1779559474172,1779559474219,2349,1779559474164,1779559474164,delta,"0,0.05"
1779559474206,1779559474219,2350,1779559474197,1779559474197,delta,"0,0.05"
1779559474241,1779559474252,2351,1779559474232,1779559474232,delta,"0,0.05"
1779559474276,1779559474291,2352,1779559474267,1779559474267,delta,"0,0.05"
1779559474310,1779559474345,2353,1779559474301,1779559474301,delta,"0,0.05"
1779559474345,1779559474345,2354,1779559474336,1779559474336,delta,"0,0.05"
1779559474387,1779559474416,2355,1779559474378,1779559474378,delta,"0,0.05"
1779559474422,1779559474471,2356,1779559474412,1779559474412,delta,"0,0.05"
1779559474464,1779559474471,2357,1779559474456,1779559474456,delta,"0,0.05"
1779559474497,1779559474503,2358,1779559474488,1779559474488,delta,"0,0.05"
1779559474531,1779559474543,2359,1779559474523,1779559474523,delta,"0,0.05"
1779559474565,1779559474597,2360,1779559474557,1779559474557,delta,"0,0.05"
1779559474600,1779559474630,2361,1779559474591,1779559474591,delta,"0,0.05"
1779559474634,1779559474667,2362,1779559474626,1779559474626,delta,"0,0.05"
1779559474668,1779559474721,2363,1779559474659,1779559474659,delta,"0,0.05"
1779559474703,1779559474721,2364,1779559474694,1779559474694,delta,"0,0.05"
1779559474737,1779559474754,2365,1779559474728,1779559474728,delta,"0,0.05"
1779559474771,1779559474791,2366,1779559474762,1779559474762,delta,"0,0.05"
1779559474806,1779559474845,2367,1779559474797,1779559474797,delta,"0,0.05"
1779559474840,1779559474845,2368,1779559474831,1779559474831,delta,"0,0.05"
1779559474884,1779559474917,2369,1779559474875,1779559474875,delta,"0,0.05"
1779559474957,1779559474971,2370,1779559474947,1779559474947,delta,"0,0.05"
1779559474959,1779559474971,2371,1779559474951,1779559474951,delta,"0,0.05"
1779559474994,1779559475004,2372,1779559474985,1779559474985,delta,"0,0.05"
1779559475029,1779559475042,2373,1779559475019,1779559475019,delta,"0,0.05"
1779559475063,1779559475097,2374,1779559475054,1779559475054,delta,"0,0.05"
1779559475097,1779559475129,2375,1779559475087,1779559475087,delta,"0,0.05"
1779559475131,1779559475167,2376,1779559475122,1779559475122,delta,"0,0.05"
1779559475165,1779559475168,2377,1779559475156,1779559475156,delta,"0,0.05"
1779559475199,1779559475222,2378,1779559475190,1779559475190,delta,"0,0.05"
1779559475233,1779559475254,2379,1779559475225,1779559475225,delta,"0,0.05"
1779559475268,1779559475292,2380,1779559475259,1779559475259,delta,"0,0.05"
1779559475303,1779559475346,2381,1779559475293,1779559475293,delta,"0,0.05"
1779559475336,1779559475346,2382,1779559475327,1779559475327,delta,"0,0.05"
1779559475372,1779559475384,2383,1779559475363,1779559475363,delta,"0,0.05"
1779559475413,1779559475422,2384,1779559475405,1779559475405,delta,"0,0.05"
1779559475487,1779559475514,2385,1779559475478,1779559475478,delta,"0,0.05"
1779559475490,1779559475514,2386,1779559475481,1779559475481,delta,"0,0.05"
1779559475524,1779559475552,2387,1779559475515,1779559475515,delta,"0,0.05"
1779559475558,1779559475606,2388,1779559475549,1779559475549,delta,"0,0.05"
1779559475593,1779559475606,2389,1779559475584,1779559475584,delta,"0,0.05"
1779559475627,1779559475639,2390,1779559475618,1779559475618,delta,"0,0.05"
1779559475661,1779559475677,2391,1779559475652,1779559475652,delta,"0,0.05"
1779559475696,1779559475731,2392,1779559475687,1779559475687,delta,"0,0.05"
1779559475730,1779559475731,2393,1779559475721,1779559475721,delta,"0,0.05"
1779559475765,1779559475801,2394,1779559475755,1779559475755,delta,"0,0.05"
1779559475798,1779559475801,2395,1779559475790,1779559475790,delta,"0,0.05"
1779559475833,1779559475855,2396,1779559475824,1779559475824,delta,"0,0.05"
1779559475907,1779559475926,2397,1779559475898,1779559475898,delta,"0,0.05"
1779559475910,1779559475926,2398,1779559475901,1779559475901,delta,"0,0.05"
1779559475945,1779559475980,2399,1779559475936,1779559475936,delta,"0,0.05"
1779559475987,1779559476013,2400,1779559475978,1779559475978,delta,"0,0.05"
1779559476019,1779559476051,2401,1779559476011,1779559476011,delta,"0,0.05"
1779559476053,1779559476106,2402,1779559476045,1779559476045,delta,"0,0.05"
1779559476088,1779559476106,2403,1779559476080,1779559476080,delta,"0,0.05"
1779559476126,1779559476139,2404,1779559476116,1779559476116,delta,"0,0.05"
1779559476163,1779559476177,2405,1779559476153,1779559476153,delta,"0,0.05"
1779559476200,1779559476232,2406,1779559476191,1779559476191,delta,"0,0.05"
1779559476238,1779559476265,2407,1779559476229,1779559476229,delta,"0,0.05"
1779559476274,1779559476303,2408,1779559476265,1779559476265,delta,"0,0.05"
1779559476310,1779559476356,2409,1779559476301,1779559476301,delta,"0,0.05"
1779559476347,1779559476357,2410,1779559476338,1779559476338,delta,"0,0.05"
1779559476383,1779559476390,2411,1779559476374,1779559476374,delta,"0,0.05"
1779559476427,1779559476429,2412,1779559476419,1779559476419,delta,"0,0.05"
1779559476463,1779559476485,2413,1779559476454,1779559476454,delta,"0,0.05"
1779559476507,1779559476519,2414,1779559476498,1779559476498,delta,"0,0.05"
1779559476542,1779559476558,2415,1779559476532,1779559476532,delta,"0,0.05"
1779559476576,1779559476614,2416,1779559476568,1779559476568,delta,"0,0.05"
1779559476612,1779559476614,2417,1779559476603,1779559476603,delta,"0,0.05"
1779559476649,1779559476688,2418,1779559476639,1779559476639,delta,"0,0.05"
1779559476683,1779559476688,2419,1779559476673,1779559476673,delta,"0,0.05"
1779559476717,1779559476743,2420,1779559476708,1779559476708,delta,"0,0.05"
1779559476752,1779559476777,2421,1779559476742,1779559476742,delta,"0,0.05"
1779559476786,1779559476815,2422,1779559476777,1779559476777,delta,"0,0.05"
1779559476820,1779559476869,2423,1779559476811,1779559476811,delta,"0,0.05"
1779559476857,1779559476869,2424,1779559476848,1779559476848,delta,"0,0.05"
1779559476893,1779559476903,2425,1779559476884,1779559476884,delta,"0,0.05"
1779559476937,1779559476942,2426,1779559476927,1779559476927,delta,"0,0.05"
1779559477012,1779559477029,2427,1779559477003,1779559477003,delta,"0,0.05"
1779559477015,1779559477029,2428,1779559477006,1779559477006,delta,"0,0.05"
1779559477049,1779559477067,2429,1779559477040,1779559477040,delta,"0,0.05"
1779559477084,1779559477122,2430,1779559477075,1779559477075,delta,"0,0.05"
1779559477119,1779559477123,2431,1779559477110,1779559477110,delta,"0,0.05"
1779559477158,1779559477159,2432,1779559477149,1779559477149,delta,"0,0.05"
1779559477197,1779559477197,2433,1779559477187,1779559477187,delta,"0,0.05"
1779559477234,1779559477250,2434,1779559477225,1779559477225,delta,"0,0.05"
1779559477269,1779559477283,2435,1779559477260,1779559477260,delta,"0,0.05"
1779559477305,1779559477320,2436,1779559477296,1779559477296,delta,"0,0.05"
1779559477340,1779559477374,2437,1779559477330,1779559477330,delta,"0,0.05"
1779559477374,1779559477407,2438,1779559477365,1779559477365,delta,"0,0.05"
1779559477420,1779559477445,2439,1779559477410,1779559477410,delta,"0,0.05"
1779559477453,1779559477500,2440,1779559477443,1779559477443,delta,"0,0.05"
1779559477496,1779559477500,2441,1779559477487,1779559477487,delta,"0,0.05"
1779559477529,1779559477533,2442,1779559477520,1779559477520,delta,"0,0.05"
1779559477563,1779559477571,2443,1779559477554,1779559477554,delta,"0,0.05"
1779559477597,1779559477624,2444,1779559477589,1779559477589,delta,"0,0.05"
1779559477633,1779559477658,2445,1779559477623,1779559477623,delta,"0,0.05"
1779559477666,1779559477695,2446,1779559477657,1779559477657,delta,"0,0.05"
1779559477700,1779559477749,2447,1779559477692,1779559477692,delta,"0,0.05"
1779559477735,1779559477749,2448,1779559477726,1779559477726,delta,"0,0.05"
1779559477770,1779559477782,2449,1779559477760,1779559477760,delta,"0,0.05"
1779559477804,1779559477820,2450,1779559477795,1779559477795,delta,"0,0.05"
1779559477838,1779559477873,2451,1779559477829,1779559477829,delta,"0,0.05"
1779559477872,1779559477873,2452,1779559477864,1779559477864,delta,"0,0.05"
1779559477948,1779559477999,2453,1779559477939,1779559477939,delta,"0,0.05"
1779559477952,1779559477999,2454,1779559477943,1779559477943,delta,"0,0.05"
1779559477986,1779559477999,2455,1779559477977,1779559477977,delta,"0,0.05"
1779559478021,1779559478033,2456,1779559478012,1779559478012,delta,"0,0.05"
1779559478062,1779559478071,2457,1779559478054,1779559478054,delta,"0,0.05"
1779559478095,1779559478126,2458,1779559478086,1779559478086,delta,"0,0.05"
1779559478129,1779559478159,2459,1779559478121,1779559478121,delta,"0,0.05"
1779559478164,1779559478197,2460,1779559478155,1779559478155,delta,"0,0.05"
1779559478198,1779559478251,2461,1779559478189,1779559478189,delta,"0,0.05"
1779559478233,1779559478251,2462,1779559478224,1779559478224,delta,"0,0.05"
1779559478267,1779559478285,2463,1779559478258,1779559478258,delta,"0,0.05"
1779559478301,1779559478324,2464,1779559478292,1779559478292,delta,"0,0.05"
1779559478336,1779559478378,2465,1779559478327,1779559478327,delta,"0,0.05"
1779559478370,1779559478378,2466,1779559478361,1779559478361,delta,"0,0.05"
1779559478405,1779559478411,2467,1779559478396,1779559478396,delta,"0,0.05"
1779559478440,1779559478448,2468,1779559478431,1779559478431,delta,"0,0.05"
1779559478482,1779559478502,2469,1779559478472,1779559478472,delta,"0,0.05"
1779559478515,1779559478536,2470,1779559478506,1779559478506,delta,"0,0.05"
1779559478557,1779559478574,2471,1779559478548,1779559478548,delta,"0,0.05"
1779559478591,1779559478629,2472,1779559478581,1779559478581,delta,"0,0.05"
1779559478625,1779559478629,2473,1779559478616,1779559478616,delta,"0,0.05"
1779559478659,1779559478662,2474,1779559478650,1779559478650,delta,"0,0.05"
1779559478694,1779559478700,2475,1779559478685,1779559478685,delta,"0,0.05"
1779559478728,1779559478754,2476,1779559478718,1779559478718,delta,"0,0.05"
1779559478762,1779559478787,2477,1779559478753,1779559478753,delta,"0,0.05"
1779559478796,1779559478824,2478,1779559478787,1779559478787,delta,"0,0.05"
1779559478830,1779559478878,2479,1779559478821,1779559478821,delta,"0,0.05"
1779559478864,1779559478878,2480,1779559478856,1779559478856,delta,"0,0.05"
1779559478899,1779559478912,2481,1779559478890,1779559478890,delta,"0,0.05"
1779559478935,1779559478951,2482,1779559478925,1779559478925,delta,"0,0.05"
1779559478977,1779559479005,2483,1779559478968,1779559478968,delta,"0,0.05"
1779559479010,1779559479041,2484,1779559479001,1779559479001,delta,"0,0.05"
1779559479052,1779559479078,2485,1779559479043,1779559479043,delta,"0,0.05"
1779559479085,1779559479132,2486,1779559479076,1779559479076,delta,"0,0.05"
1779559479119,1779559479132,2487,1779559479110,1779559479110,delta,"0,0.05"
1779559479154,1779559479166,2488,1779559479145,1779559479145,delta,"0,0.05"
1779559479188,1779559479206,2489,1779559479179,1779559479179,delta,"0,0.05"
1779559479222,1779559479262,2490,1779559479213,1779559479213,delta,"0,0.05"
1779559479256,1779559479262,2491,1779559479247,1779559479247,delta,"0,0.05"
1779559479290,1779559479295,2492,1779559479281,1779559479281,delta,"0,0.05"
1779559479325,1779559479335,2493,1779559479316,1779559479316,delta,"0,0.05"
1779559479359,1779559479390,2494,1779559479350,1779559479350,delta,"0,0.05"
1779559479394,1779559479423,2495,1779559479385,1779559479385,delta,"0,0.05"
1779559479468,1779559479517,2496,1779559479459,1779559479459,delta,"0,0.05"
1779559479471,1779559479517,2497,1779559479462,1779559479462,delta,"0,0.05"
1779559479506,1779559479517,2498,1779559479496,1779559479496,delta,"0,0.05"
1779559479547,1779559479550,2499,1779559479538,1779559479538,delta,"0,0.05"
1779559479579,1779559479589,2500,1779559479570,1779559479570,delta,"0,0.05"
1779559479614,1779559479642,2501,1779559479605,1779559479605,delta,"0,0.05"
1779559479649,1779559479675,2502,1779559479639,1779559479639,delta,"0,0.05"
1779559479683,1779559479714,2503,1779559479674,1779559479674,delta,"0,0.05"
1779559479717,1779559479768,2504,1779559479708,1779559479708,delta,"0,0.05"
1779559479752,1779559479768,2505,1779559479742,1779559479742,delta,"0,0.05"
1779559479786,1779559479801,2506,1779559479777,1779559479777,delta,"0,0.05"
1779559479820,1779559479839,2507,1779559479810,1779559479810,delta,"0,0.05"
1779559479854,1779559479893,2508,1779559479845,1779559479845,delta,"0,0.05"
1779559479888,1779559479893,2509,1779559479879,1779559479879,delta,"0,0.05"
1779559479923,1779559479926,2510,1779559479914,1779559479914,delta,"0,0.05"
1779559479998,1779559480017,2511,1779559479989,1779559479989,delta,"0,0.05"
1779559480001,1779559480017,2512,1779559479992,1779559479992,delta,"0,0.05"
1779559480037,1779559480050,2513,1779559480026,1779559480026,delta,"0,0.05"
1779559480078,1779559480088,2514,1779559480068,1779559480068,delta,"0,0.05"
1779559480110,1779559480143,2515,1779559480101,1779559480101,delta,"0,0.05"
1779559480145,1779559480176,2516,1779559480135,1779559480135,delta,"0,0.05"
1779559480178,1779559480214,2517,1779559480170,1779559480170,delta,"0,0.05"
1779559480213,1779559480214,2518,1779559480204,1779559480204,delta,"0,0.05"
1779559480247,1779559480268,2519,1779559480238,1779559480238,delta,"0,0.05"
1779559480281,1779559480302,2520,1779559480273,1779559480273,delta,"0,0.05"
1779559480316,1779559480340,2521,1779559480307,1779559480307,delta,"0,0.05"
1779559480350,1779559480395,2522,1779559480341,1779559480341,delta,"0,0.05"
1779559480385,1779559480395,2523,1779559480375,1779559480375,delta,"0,0.05"
1779559480419,1779559480432,2524,1779559480410,1779559480410,delta,"0,0.05"
1779559480454,1779559480470,2525,1779559480444,1779559480444,delta,"0,0.05"
1779559480528,1779559480528,2526,1779559480519,1779559480519,delta,"0,0.05"
1779559480532,1779559480561,2527,1779559480523,1779559480523,delta,"0,0.05"
1779559480565,1779559480599,2528,1779559480557,1779559480557,delta,"0,0.05"
1779559480608,1779559480653,2529,1779559480599,1779559480599,delta,"0,0.05"
1779559480641,1779559480653,2530,1779559480631,1779559480631,delta,"0,0.05"
1779559480675,1779559480686,2531,1779559480666,1779559480666,delta,"0,0.05"
1779559480709,1779559480724,2532,1779559480700,1779559480700,delta,"0,0.05"
1779559480743,1779559480779,2533,1779559480734,1779559480734,delta,"0,0.05"
1779559480778,1779559480779,2534,1779559480769,1779559480769,delta,"0,0.05"
1779559480812,1779559480813,2535,1779559480803,1779559480803,delta,"0,0.05"
1779559480846,1779559480851,2536,1779559480837,1779559480837,delta,"0,0.05"
1779559480881,1779559480906,2537,1779559480872,1779559480872,delta,"0,0.05"
1779559480915,1779559480938,2538,1779559480907,1779559480907,delta,"0,0.05"
1779559480949,1779559480976,2539,1779559480941,1779559480941,delta,"0,0.05"
1779559480985,1779559481030,2540,1779559480976,1779559480976,delta,"0,0.05"
1779559481028,1779559481030,2541,1779559481018,1779559481018,delta,"0,0.05"
1779559481060,1779559481063,2542,1779559481051,1779559481051,delta,"0,0.05"
1779559481104,1779559481155,2543,1779559481095,1779559481095,delta,"0,0.05"
1779559481137,1779559481155,2544,1779559481128,1779559481128,delta,"0,0.05"
1779559481171,1779559481187,2545,1779559481162,1779559481162,delta,"0,0.05"
1779559481206,1779559481226,2546,1779559481197,1779559481197,delta,"0,0.05"
1779559481240,1779559481280,2547,1779559481231,1779559481231,delta,"0,0.05"
1779559481275,1779559481280,2548,1779559481266,1779559481266,delta,"0,0.05"
1779559481309,1779559481314,2549,1779559481300,1779559481300,delta,"0,0.05"
1779559481344,1779559481355,2550,1779559481335,1779559481335,delta,"0,0.05"
1779559481378,1779559481410,2551,1779559481369,1779559481369,delta,"0,0.05"
1779559481412,1779559481446,2552,1779559481404,1779559481404,delta,"0,0.05"
1779559481446,1779559481485,2553,1779559481438,1779559481438,delta,"0,0.05"
1779559481481,1779559481485,2554,1779559481472,1779559481472,delta,"0,0.05"
1779559481516,1779559481541,2555,1779559481508,1779559481508,delta,"0,0.05"
1779559481560,1779559481576,2556,1779559481550,1779559481550,delta,"0,0.05"
1779559481594,1779559481616,2557,1779559481584,1779559481584,delta,"0,0.05"
1779559481635,1779559481671,2558,1779559481626,1779559481626,delta,"0,0.05"
1779559481668,1779559481671,2559,1779559481659,1779559481659,delta,"0,0.05"
1779559481703,1779559481705,2560,1779559481694,1779559481694,delta,"0,0.05"
1779559481737,1779559481746,2561,1779559481728,1779559481728,delta,"0,0.05"
1779559481771,1779559481801,2562,1779559481762,1779559481762,delta,"0,0.05"
1779559481805,1779559481835,2563,1779559481797,1779559481797,delta,"0,0.05"
1779559481840,1779559481873,2564,1779559481831,1779559481831,delta,"0,0.05"
1779559481874,1779559481928,2565,1779559481865,1779559481865,delta,"0,0.05"
1779559481909,1779559481929,2566,1779559481900,1779559481900,delta,"0,0.05"
1779559481943,1779559481961,2567,1779559481934,1779559481934,delta,"0,0.05"
1779559481978,1779559482000,2568,1779559481969,1779559481969,delta,"0,0.05"
1779559482013,1779559482054,2569,1779559482004,1779559482004,delta,"0,0.05"
1779559482054,1779559482087,2570,1779559482045,1779559482045,delta,"0,0.05"
1779559482089,1779559482125,2571,1779559482081,1779559482081,delta,"0,0.05"
1779559482126,1779559482181,2572,1779559482118,1779559482118,delta,"0,0.05"
1779559482170,1779559482181,2573,1779559482161,1779559482161,delta,"0,0.05"
1779559482207,1779559482214,2574,1779559482198,1779559482198,delta,"0,0.05"
1779559482245,1779559482252,2575,1779559482236,1779559482236,delta,"0,0.05"
1779559482285,1779559482306,2576,1779559482276,1779559482276,delta,"0,0.05"
1779559482322,1779559482339,2577,1779559482314,1779559482314,delta,"0,0.05"
1779559482358,1779559482376,2578,1779559482349,1779559482349,delta,"0,0.05"
1779559482393,1779559482430,2579,1779559482383,1779559482383,delta,"0,0.05"
1779559482427,1779559482430,2580,1779559482417,1779559482417,delta,"0,0.05"
1779559482462,1779559482463,2581,1779559482452,1779559482452,delta,"0,0.05"
1779559482496,1779559482501,2582,1779559482487,1779559482487,delta,"0,0.05"
1779559482571,1779559482589,2583,1779559482562,1779559482562,delta,"0,0.05"
1779559482575,1779559482589,2584,1779559482566,1779559482566,delta,"0,0.05"
1779559482610,1779559482627,2585,1779559482601,1779559482601,delta,"0,0.05"
1779559482652,1779559482681,2586,1779559482644,1779559482644,delta,"0,0.05"
1779559482685,1779559482714,2587,1779559482676,1779559482676,delta,"0,0.05"
1779559482719,1779559482752,2588,1779559482710,1779559482710,delta,"0,0.05"
1779559482753,1779559482807,2589,1779559482744,1779559482744,delta,"0,0.05"
1779559482787,1779559482807,2590,1779559482778,1779559482778,delta,"0,0.05"
1779559482822,1779559482841,2591,1779559482812,1779559482812,delta,"0,0.05"
1779559482856,1779559482880,2592,1779559482847,1779559482847,delta,"0,0.05"
1779559482889,1779559482934,2593,1779559482881,1779559482881,delta,"0,0.05"
1779559482924,1779559482935,2594,1779559482915,1779559482915,delta,"0,0.05"
1779559482958,1779559482968,2595,1779559482950,1779559482950,delta,"0,0.05"
1779559482993,1779559483006,2596,1779559482984,1779559482984,delta,"0,0.05"
1779559483028,1779559483060,2597,1779559483018,1779559483018,delta,"0,0.05"
1779559483069,1779559483094,2598,1779559483061,1779559483061,delta,"0,0.05"
1779559483102,1779559483132,2599,1779559483094,1779559483094,delta,"0,0.05"
1779559483138,1779559483187,2600,1779559483129,1779559483129,delta,"0,0.05"
1779559483179,1779559483187,2601,1779559483170,1779559483170,delta,"0,0.05"
1779559483213,1779559483220,2602,1779559483204,1779559483204,delta,"0,0.05"
1779559483246,1779559483258,2603,1779559483238,1779559483238,delta,"0,0.05"
1779559483282,1779559483313,2604,1779559483272,1779559483272,delta,"0,0.05"
1779559483316,1779559483346,2605,1779559483307,1779559483307,delta,"0,0.05"
1779559483349,1779559483385,2606,1779559483341,1779559483341,delta,"0,0.05"
1779559483384,1779559483385,2607,1779559483375,1779559483375,delta,"0,0.05"
1779559483419,1779559483439,2608,1779559483409,1779559483409,delta,"0,0.05"
1779559483453,1779559483472,2609,1779559483444,1779559483444,delta,"0,0.05"
1779559483488,1779559483512,2610,1779559483478,1779559483478,delta,"0,0.05"
1779559483522,1779559483566,2611,1779559483513,1779559483513,delta,"0,0.05"
1779559483564,1779559483566,2612,1779559483555,1779559483555,delta,"0,0.05"
1779559483638,1779559483692,2613,1779559483628,1779559483628,delta,"0,0.05"
1779559483641,1779559483692,2614,1779559483632,1779559483632,delta,"0,0.05"
1779559483675,1779559483692,2615,1779559483666,1779559483666,delta,"0,0.05"
1779559483709,1779559483726,2616,1779559483700,1779559483700,delta,"0,0.05"
1779559483743,1779559483765,2617,1779559483734,1779559483734,delta,"0,0.05"
1779559483777,1779559483821,2618,1779559483768,1779559483768,delta,"0,0.05"
1779559483811,1779559483821,2619,1779559483802,1779559483802,delta,"0,0.05"
1779559483846,1779559483855,2620,1779559483837,1779559483837,delta,"0,0.05"
1779559483880,1779559483893,2621,1779559483871,1779559483871,delta,"0,0.05"
1779559483914,1779559483948,2622,1779559483905,1779559483905,delta,"0,0.05"
1779559483949,1779559483984,2623,1779559483939,1779559483939,delta,"0,0.05"
1779559483983,1779559483984,2624,1779559483974,1779559483974,delta,"0,0.05"
1779559484017,1779559484021,2625,1779559484008,1779559484008,delta,"0,0.05"
1779559484051,1779559484075,2626,1779559484042,1779559484042,delta,"0,0.05"
1779559484095,1779559484108,2627,1779559484086,1779559484086,delta,"0,0.05"
1779559484168,1779559484201,2628,1779559484160,1779559484160,delta,"0,0.05"
1779559484173,1779559484201,2629,1779559484163,1779559484163,delta,"0,0.05"
1779559484206,1779559484236,2630,1779559484197,1779559484197,delta,"0,0.05"
1779559484240,1779559484274,2631,1779559484231,1779559484231,delta,"0,0.05"
1779559484275,1779559484328,2632,1779559484265,1779559484265,delta,"0,0.05"
1779559484308,1779559484328,2633,1779559484299,1779559484299,delta,"0,0.05"
1779559484342,1779559484361,2634,1779559484334,1779559484334,delta,"0,0.05"
1779559484376,1779559484400,2635,1779559484367,1779559484367,delta,"0,0.05"
1779559484410,1779559484454,2636,1779559484402,1779559484402,delta,"0,0.05"
1779559484445,1779559484454,2637,1779559484437,1779559484437,delta,"0,0.05"
1779559484480,1779559484490,2638,1779559484471,1779559484471,delta,"0,0.05"
1779559484514,1779559484531,2639,1779559484505,1779559484505,delta,"0,0.05"
1779559484549,1779559484585,2640,1779559484540,1779559484540,delta,"0,0.05"
1779559484583,1779559484585,2641,1779559484574,1779559484574,delta,"0,0.05"
1779559484627,1779559484657,2642,1779559484618,1779559484618,delta,"0,0.05"
1779559484699,1779559484711,2643,1779559484690,1779559484690,delta,"0,0.05"
1779559484704,1779559484711,2644,1779559484694,1779559484694,delta,"0,0.05"
1779559484737,1779559484744,2645,1779559484728,1779559484728,delta,"0,0.05"
1779559484772,1779559484781,2646,1779559484762,1779559484762,delta,"0,0.05"
1779559484806,1779559484836,2647,1779559484797,1779559484797,delta,"0,0.05"
1779559484839,1779559484870,2648,1779559484831,1779559484831,delta,"0,0.05"
1779559484874,1779559484908,2649,1779559484865,1779559484865,delta,"0,0.05"
1779559484909,1779559484963,2650,1779559484899,1779559484899,delta,"0,0.05"
1779559484943,1779559484963,2651,1779559484934,1779559484934,delta,"0,0.05"
1779559484977,1779559484996,2652,1779559484968,1779559484968,delta,"0,0.05"
1779559485012,1779559485034,2653,1779559485002,1779559485002,delta,"0,0.05"
1779559485046,1779559485088,2654,1779559485037,1779559485037,delta,"0,0.05"
1779559485120,1779559485121,2655,1779559485112,1779559485112,delta,"0,0.05"
1779559485124,1779559485160,2656,1779559485116,1779559485116,delta,"0,0.05"
1779559485159,1779559485160,2657,1779559485150,1779559485150,delta,"0,0.05"
1779559485201,1779559485214,2658,1779559485192,1779559485192,delta,"0,0.05"
1779559485235,1779559485247,2659,1779559485225,1779559485225,delta,"0,0.05"
1779559485268,1779559485285,2660,1779559485259,1779559485259,delta,"0,0.05"
1779559485302,1779559485339,2661,1779559485294,1779559485294,delta,"0,0.05"
1779559485337,1779559485339,2662,1779559485328,1779559485328,delta,"0,0.05"
1779559485371,1779559485372,2663,1779559485362,1779559485362,delta,"0,0.05"
1779559485406,1779559485411,2664,1779559485397,1779559485397,delta,"0,0.05"
1779559485440,1779559485464,2665,1779559485431,1779559485431,delta,"0,0.05"
1779559485475,1779559485498,2666,1779559485466,1779559485466,delta,"0,0.05"
1779559485509,1779559485536,2667,1779559485500,1779559485500,delta,"0,0.05"
1779559485544,1779559485590,2668,1779559485534,1779559485534,delta,"0,0.05"
1779559485577,1779559485590,2669,1779559485569,1779559485569,delta,"0,0.05"
1779559485655,1779559485660,2670,1779559485646,1779559485646,delta,"0,0.05"
1779559485658,1779559485660,2671,1779559485649,1779559485649,delta,"0,0.05"
1779559485693,1779559485714,2672,1779559485685,1779559485685,delta,"0,0.05"
1779559485735,1779559485747,2673,1779559485727,1779559485727,delta,"0,0.05"
1779559485769,1779559485785,2674,1779559485760,1779559485760,delta,"0,0.05"
1779559485804,1779559485840,2675,1779559485795,1779559485795,delta,"0,0.05"
1779559485837,1779559485840,2676,1779559485829,1779559485829,delta,"0,0.05"
1779559485873,1779559485911,2677,1779559485863,1779559485863,delta,"0,0.05"
1779559485906,1779559485911,2678,1779559485897,1779559485897,delta,"0,0.05"
1779559485942,1779559485965,2679,1779559485932,1779559485932,delta,"0,0.05"
1779559485975,1779559485998,2680,1779559485967,1779559485967,delta,"0,0.05"
1779559486009,1779559486036,2681,1779559486001,1779559486001,delta,"0,0.05"
1779559486045,1779559486089,2682,1779559486036,1779559486036,delta,"0,0.05"
1779559486079,1779559486089,2683,1779559486070,1779559486070,delta,"0,0.05"
1779559486114,1779559486126,2684,1779559486105,1779559486105,delta,"0,0.05"
1779559486157,1779559486164,2685,1779559486148,1779559486148,delta,"0,0.05"
1779559486190,1779559486222,2686,1779559486181,1779559486181,delta,"0,0.05"
1779559486225,1779559486255,2687,1779559486216,1779559486216,delta,"0,0.05"
1779559486259,1779559486293,2688,1779559486250,1779559486250,delta,"0,0.05"
1779559486294,1779559486346,2689,1779559486285,1779559486285,delta,"0,0.05"
1779559486327,1779559486346,2690,1779559486319,1779559486319,delta,"0,0.05"
1779559486362,1779559486380,2691,1779559486353,1779559486353,delta,"0,0.05"
1779559486396,1779559486418,2692,1779559486387,1779559486387,delta,"0,0.05"
1779559486431,1779559486471,2693,1779559486421,1779559486421,delta,"0,0.05"
1779559486465,1779559486471,2694,1779559486456,1779559486456,delta,"0,0.05"
1779559486500,1779559486506,2695,1779559486491,1779559486491,delta,"0,0.05"
1779559486534,1779559486545,2696,1779559486525,1779559486525,delta,"0,0.05"
1779559486568,1779559486601,2697,1779559486559,1779559486559,delta,"0,0.05"
1779559486602,1779559486636,2698,1779559486593,1779559486593,delta,"0,0.05"
1779559486637,1779559486674,2699,1779559486629,1779559486629,delta,"0,0.05"
1779559486680,1779559486728,2700,1779559486671,1779559486671,delta,"0,0.05"
1779559486713,1779559486729,2701,1779559486704,1779559486704,delta,"0,0.05"
1779559486756,1779559486763,2702,1779559486747,1779559486747,delta,"0,0.05"
1779559486790,1779559486802,2703,1779559486780,1779559486780,delta,"0,0.05"
1779559486823,1779559486856,2704,1779559486814,1779559486814,delta,"0,0.05"
1779559486857,1779559486889,2705,1779559486848,1779559486848,delta,"0,0.05"
1779559486892,1779559486927,2706,1779559486883,1779559486883,delta,"0,0.05"
1779559486926,1779559486927,2707,1779559486917,1779559486917,delta,"0,0.05"
1779559486960,1779559486982,2708,1779559486951,1779559486951,delta,"0,0.05"
1779559486995,1779559487015,2709,1779559486986,1779559486986,delta,"0,0.05"
1779559487029,1779559487053,2710,1779559487020,1779559487020,delta,"0,0.05"
1779559487063,1779559487107,2711,1779559487055,1779559487055,delta,"0,0.05"
1779559487098,1779559487107,2712,1779559487089,1779559487089,delta,"0,0.05"
1779559487133,1779559487140,2713,1779559487124,1779559487124,delta,"0,0.05"
1779559487175,1779559487178,2714,1779559487166,1779559487166,delta,"0,0.05"
1779559487249,1779559487264,2715,1779559487239,1779559487239,delta,"0,0.05"
1779559487252,1779559487264,2716,1779559487243,1779559487243,delta,"0,0.05"
1779559487285,1779559487302,2717,1779559487276,1779559487276,delta,"0,0.05"
1779559487319,1779559487357,2718,1779559487310,1779559487310,delta,"0,0.05"
1779559487354,1779559487357,2719,1779559487345,1779559487345,delta,"0,0.05"
1779559487388,1779559487390,2720,1779559487379,1779559487379,delta,"0,0.05"
1779559487422,1779559487429,2721,1779559487414,1779559487414,delta,"0,0.05"
1779559487456,1779559487482,2722,1779559487447,1779559487447,delta,"0,0.05"
1779559487490,1779559487515,2723,1779559487482,1779559487482,delta,"0,0.05"
1779559487525,1779559487554,2724,1779559487516,1779559487516,delta,"0,0.05"
1779559487560,1779559487608,2725,1779559487550,1779559487550,delta,"0,0.05"
1779559487593,1779559487608,2726,1779559487585,1779559487585,delta,"0,0.05"
1779559487628,1779559487641,2727,1779559487619,1779559487619,delta,"0,0.05"
1779559487663,1779559487678,2728,1779559487654,1779559487654,delta,"0,0.05"
1779559487706,1779559487732,2729,1779559487696,1779559487696,delta,"0,0.05"
1779559487778,1779559487802,2730,1779559487770,1779559487770,delta,"0,0.05"
1779559487783,1779559487802,2731,1779559487774,1779559487774,delta,"0,0.05"
1779559487816,1779559487856,2732,1779559487807,1779559487807,delta,"0,0.05"
1779559487857,1779559487891,2733,1779559487848,1779559487848,delta,"0,0.05"
1779559487885,1779559487891,2734,1779559487876,1779559487876,delta,"0,0.05"
1779559487919,1779559487927,2735,1779559487910,1779559487910,delta,"0,0.05"
1779559487954,1779559487982,2736,1779559487945,1779559487945,delta,"0,0.05"
1779559487988,1779559488015,2737,1779559487979,1779559487979,delta,"0,0.05"
1779559488022,1779559488053,2738,1779559488013,1779559488013,delta,"0,0.05"
1779559488056,1779559488106,2739,1779559488047,1779559488047,delta,"0,0.05"
1779559488091,1779559488107,2740,1779559488082,1779559488082,delta,"0,0.05"
1779559488126,1779559488139,2741,1779559488116,1779559488116,delta,"0,0.05"
1779559488201,1779559488232,2742,1779559488192,1779559488192,delta,"0,0.05"
1779559488204,1779559488232,2743,1779559488195,1779559488195,delta,"0,0.05"
1779559488239,1779559488265,2744,1779559488229,1779559488229,delta,"0,0.05"
1779559488280,1779559488303,2745,1779559488271,1779559488271,delta,"0,0.05"
1779559488313,1779559488357,2746,1779559488305,1779559488305,delta,"0,0.05"
1779559488348,1779559488357,2747,1779559488338,1779559488338,delta,"0,0.05"
1779559488383,1779559488390,2748,1779559488373,1779559488373,delta,"0,0.05"
1779559488416,1779559488428,2749,1779559488407,1779559488407,delta,"0,0.05"
1779559488450,1779559488482,2750,1779559488441,1779559488441,delta,"0,0.05"
1779559488484,1779559488515,2751,1779559488476,1779559488476,delta,"0,0.05"
1779559488519,1779559488554,2752,1779559488510,1779559488510,delta,"0,0.05"
1779559488553,1779559488554,2753,1779559488544,1779559488544,delta,"0,0.05"
1779559488588,1779559488609,2754,1779559488579,1779559488579,delta,"0,0.05"
1779559488622,1779559488642,2755,1779559488613,1779559488613,delta,"0,0.05"
1779559488656,1779559488680,2756,1779559488647,1779559488647,delta,"0,0.05"
1779559488732,1779559488734,2757,1779559488723,1779559488723,delta,"0,0.05"
1779559488735,1779559488766,2758,1779559488726,1779559488726,delta,"0,0.05"
1779559488770,1779559488804,2759,1779559488760,1779559488760,delta,"0,0.05"
1779559488812,1779559488860,2760,1779559488803,1779559488803,delta,"0,0.05"
1779559488845,1779559488860,2761,1779559488835,1779559488835,delta,"0,0.05"
1779559488879,1779559488893,2762,1779559488870,1779559488870,delta,"0,0.05"
1779559488913,1779559488931,2763,1779559488905,1779559488905,delta,"0,0.05"
1779559488947,1779559488986,2764,1779559488939,1779559488939,delta,"0,0.05"
1779559488983,1779559488986,2765,1779559488973,1779559488973,delta,"0,0.05"
1779559489016,1779559489019,2766,1779559489007,1779559489007,delta,"0,0.05"
1779559489050,1779559489058,2767,1779559489041,1779559489041,delta,"0,0.05"
1779559489085,1779559489112,2768,1779559489076,1779559489076,delta,"0,0.05"
1779559489118,1779559489146,2769,1779559489110,1779559489110,delta,"0,0.05"
1779559489153,1779559489185,2770,1779559489145,1779559489145,delta,"0,0.05"
1779559489188,1779559489240,2771,1779559489179,1779559489179,delta,"0,0.05"
1779559489231,1779559489240,2772,1779559489222,1779559489222,delta,"0,0.05"
1779559489264,1779559489273,2773,1779559489255,1779559489255,delta,"0,0.05"
1779559489306,1779559489312,2774,1779559489297,1779559489297,delta,"0,0.05"
1779559489338,1779559489368,2775,1779559489330,1779559489330,delta,"0,0.05"
1779559489373,1779559489400,2776,1779559489364,1779559489364,delta,"0,0.05"
1779559489407,1779559489441,2777,1779559489398,1779559489398,delta,"0,0.05"
1779559489441,1779559489441,2778,1779559489433,1779559489433,delta,"0,0.05"
1779559489476,1779559489496,2779,1779559489467,1779559489467,delta,"0,0.05"
1779559489510,1779559489529,2780,1779559489501,1779559489501,delta,"0,0.05"
1779559489545,1779559489568,2781,1779559489536,1779559489536,delta,"0,0.05"
1779559489579,1779559489622,2782,1779559489570,1779559489570,delta,"0,0.05"
1779559489613,1779559489622,2783,1779559489604,1779559489604,delta,"0,0.05"
1779559489648,1779559489655,2784,1779559489638,1779559489638,delta,"0,0.05"
1779559489683,1779559489693,2785,1779559489673,1779559489673,delta,"0,0.05"
1779559489726,1779559489747,2786,1779559489716,1779559489716,delta,"0,0.05"
1779559489799,1779559489818,2787,1779559489790,1779559489790,delta,"0,0.05"
1779559489803,1779559489818,2788,1779559489794,1779559489794,delta,"0,0.05"
1779559489837,1779559489872,2789,1779559489828,1779559489828,delta,"0,0.05"
1779559489871,1779559489872,2790,1779559489862,1779559489862,delta,"0,0.05"
1779559489906,1779559489942,2791,1779559489896,1779559489896,delta,"0,0.05"
1779559489939,1779559489942,2792,1779559489931,1779559489931,delta,"0,0.05"
1779559489974,1779559489996,2793,1779559489965,1779559489965,delta,"0,0.05"
1779559490009,1779559490029,2794,1779559489999,1779559489999,delta,"0,0.05"
1779559490043,1779559490067,2795,1779559490034,1779559490034,delta,"0,0.05"
1779559490077,1779559490121,2796,1779559490068,1779559490068,delta,"0,0.05"
1779559490112,1779559490121,2797,1779559490103,1779559490103,delta,"0,0.05"
1779559490146,1779559490154,2798,1779559490137,1779559490137,delta,"0,0.05"
1779559490180,1779559490192,2799,1779559490172,1779559490172,delta,"0,0.05"
1779559490217,1779559490246,2800,1779559490207,1779559490207,delta,"0,0.05"
1779559490258,1779559490279,2801,1779559490249,1779559490249,delta,"0,0.05"
1779559490291,1779559490317,2802,1779559490282,1779559490282,delta,"0,0.05"
1779559490327,1779559490372,2803,1779559490318,1779559490318,delta,"0,0.05"
1779559490369,1779559490372,2804,1779559490360,1779559490360,delta,"0,0.05"
1779559490402,1779559490406,2805,1779559490393,1779559490393,delta,"0,0.05"
1779559490437,1779559490444,2806,1779559490427,1779559490427,delta,"0,0.05"
1779559490470,1779559490498,2807,1779559490462,1779559490462,delta,"0,0.05"
1779559490506,1779559490532,2808,1779559490497,1779559490497,delta,"0,0.05"
1779559490540,1779559490570,2809,1779559490531,1779559490531,delta,"0,0.05"
1779559490574,1779559490624,2810,1779559490565,1779559490565,delta,"0,0.05"
1779559490608,1779559490624,2811,1779559490599,1779559490599,delta,"0,0.05"
1779559490644,1779559490657,2812,1779559490634,1779559490634,delta,"0,0.05"
1779559490678,1779559490696,2813,1779559490669,1779559490669,delta,"0,0.05"
1779559490753,1779559490783,2814,1779559490744,1779559490744,delta,"0,0.05"
1779559490757,1779559490783,2815,1779559490747,1779559490747,delta,"0,0.05"
1779559490790,1779559490821,2816,1779559490781,1779559490781,delta,"0,0.05"
1779559490867,1779559490876,2817,1779559490857,1779559490857,delta,"0,0.05"
1779559490871,1779559490876,2818,1779559490860,1779559490860,delta,"0,0.05"
1779559490904,1779559490909,2819,1779559490895,1779559490895,delta,"0,0.05"
1779559490939,1779559490949,2820,1779559490929,1779559490929,delta,"0,0.05"
1779559490973,1779559491003,2821,1779559490964,1779559490964,delta,"0,0.05"
1779559491007,1779559491037,2822,1779559490998,1779559490998,delta,"0,0.05"
1779559491041,1779559491075,2823,1779559491032,1779559491032,delta,"0,0.05"
1779559491075,1779559491129,2824,1779559491066,1779559491066,delta,"0,0.05"
1779559491110,1779559491129,2825,1779559491101,1779559491101,delta,"0,0.05"
1779559491145,1779559491162,2826,1779559491135,1779559491135,delta,"0,0.05"
1779559491179,1779559491201,2827,1779559491169,1779559491169,delta,"0,0.05"
1779559491213,1779559491255,2828,1779559491204,1779559491204,delta,"0,0.05"
1779559491288,1779559491292,2829,1779559491279,1779559491279,delta,"0,0.05"
1779559491291,1779559491292,2830,1779559491283,1779559491283,delta,"0,0.05"
1779559491326,1779559491329,2831,1779559491317,1779559491317,delta,"0,0.05"
1779559491369,1779559491384,2832,1779559491359,1779559491359,delta,"0,0.05"
1779559491402,1779559491417,2833,1779559491392,1779559491392,delta,"0,0.05"
1779559491435,1779559491455,2834,1779559491426,1779559491426,delta,"0,0.05"
1779559491469,1779559491510,2835,1779559491461,1779559491461,delta,"0,0.05"
1779559491503,1779559491510,2836,1779559491495,1779559491495,delta,"0,0.05"
1779559491538,1779559491544,2837,1779559491529,1779559491529,delta,"0,0.05"
1779559491573,1779559491584,2838,1779559491564,1779559491564,delta,"0,0.05"
1779559491607,1779559491638,2839,1779559491597,1779559491597,delta,"0,0.05"
1779559491641,1779559491671,2840,1779559491632,1779559491632,delta,"0,0.05"
1779559491676,1779559491710,2841,1779559491666,1779559491666,delta,"0,0.05"
1779559491709,1779559491710,2842,1779559491701,1779559491701,delta,"0,0.05"
1779559491745,1779559491763,2843,1779559491736,1779559491736,delta,"0,0.05"
1779559491787,1779559491797,2844,1779559491778,1779559491778,delta,"0,0.05"
1779559491820,1779559491835,2845,1779559491811,1779559491811,delta,"0,0.05"
1779559491863,1779559491889,2846,1779559491853,1779559491853,delta,"0,0.05"
1779559491894,1779559491922,2847,1779559491886,1779559491886,delta,"0,0.05"
1779559491929,1779559491960,2848,1779559491920,1779559491920,delta,"0,0.05"
1779559491964,1779559492014,2849,1779559491955,1779559491955,delta,"0,0.05"
1779559491998,1779559492014,2850,1779559491989,1779559491989,delta,"0,0.05"
1779559492033,1779559492047,2851,1779559492024,1779559492024,delta,"0,0.05"
1779559492067,1779559492084,2852,1779559492058,1779559492058,delta,"0,0.05"
1779559492105,1779559492138,2853,1779559492097,1779559492097,delta,"0,0.05"
1779559492143,1779559492171,2854,1779559492134,1779559492134,delta,"0,0.05"
1779559492182,1779559492211,2855,1779559492174,1779559492174,delta,"0,0.05"
1779559492222,1779559492267,2856,1779559492212,1779559492212,delta,"0,0.05"
1779559492260,1779559492267,2857,1779559492251,1779559492251,delta,"0,0.05"
1779559492305,1779559492339,2858,1779559492296,1779559492296,delta,"0,0.05"
1779559492382,1779559492393,2859,1779559492372,1779559492372,delta,"0,0.05"
1779559492384,1779559492394,2860,1779559492376,1779559492376,delta,"0,0.05"
1779559492418,1779559492427,2861,1779559492409,1779559492409,delta,"0,0.05"
1779559492453,1779559492466,2862,1779559492444,1779559492444,delta,"0,0.05"
1779559492487,1779559492523,2863,1779559492478,1779559492478,delta,"0,0.05"
1779559492521,1779559492523,2864,1779559492512,1779559492512,delta,"0,0.05"
1779559492557,1779559492558,2865,1779559492547,1779559492547,delta,"0,0.05"
1779559492590,1779559492597,2866,1779559492581,1779559492581,delta,"0,0.05"
1779559492624,1779559492650,2867,1779559492615,1779559492615,delta,"0,0.05"
1779559492659,1779559492683,2868,1779559492649,1779559492649,delta,"0,0.05"
1779559492693,1779559492721,2869,1779559492684,1779559492684,delta,"0,0.05"
1779559492727,1779559492775,2870,1779559492718,1779559492718,delta,"0,0.05"
1779559492802,1779559492808,2871,1779559492793,1779559492793,delta,"0,0.05"
1779559492806,1779559492808,2872,1779559492797,1779559492797,delta,"0,0.05"
1779559492839,1779559492846,2873,1779559492830,1779559492830,delta,"0,0.05"
1779559492882,1779559492901,2874,1779559492873,1779559492873,delta,"0,0.05"
1779559492914,1779559492935,2875,1779559492906,1779559492906,delta,"0,0.05"
1779559492949,1779559492975,2876,1779559492940,1779559492940,delta,"0,0.05"
1779559492984,1779559493030,2877,1779559492974,1779559492974,delta,"0,0.05"
1779559493018,1779559493030,2878,1779559493008,1779559493008,delta,"0,0.05"
1779559493052,1779559493064,2879,1779559493043,1779559493043,delta,"0,0.05"
1779559493086,1779559493104,2880,1779559493077,1779559493077,delta,"0,0.05"
1779559493121,1779559493158,2881,1779559493111,1779559493111,delta,"0,0.05"
1779559493155,1779559493158,2882,1779559493146,1779559493146,delta,"0,0.05"
1779559493189,1779559493192,2883,1779559493180,1779559493180,delta,"0,0.05"
1779559493223,1779559493231,2884,1779559493214,1779559493214,delta,"0,0.05"
1779559493257,1779559493286,2885,1779559493248,1779559493248,delta,"0,0.05"
1779559493300,1779559493319,2886,1779559493291,1779559493291,delta,"0,0.05"
1779559493334,1779559493359,2887,1779559493325,1779559493325,delta,"0,0.05"
1779559493375,1779559493416,2888,1779559493366,1779559493366,delta,"0,0.05"
1779559493408,1779559493416,2889,1779559493399,1779559493399,delta,"0,0.05"
1779559493443,1779559493450,2890,1779559493433,1779559493433,delta,"0,0.05"
1779559493477,1779559493488,2891,1779559493468,1779559493468,delta,"0,0.05"
1779559493511,1779559493543,2892,1779559493502,1779559493502,delta,"0,0.05"
1779559493546,1779559493577,2893,1779559493536,1779559493536,delta,"0,0.05"
1779559493580,1779559493615,2894,1779559493570,1779559493570,delta,"0,0.05"
1779559493614,1779559493615,2895,1779559493605,1779559493605,delta,"0,0.05"
1779559493648,1779559493671,2896,1779559493639,1779559493639,delta,"0,0.05"
1779559493683,1779559493708,2897,1779559493674,1779559493674,delta,"0,0.05"
1779559493717,1779559493746,2898,1779559493708,1779559493708,delta,"0,0.05"
1779559493752,1779559493800,2899,1779559493742,1779559493742,delta,"0,0.05"
1779559493786,1779559493800,2900,1779559493777,1779559493777,delta,"0,0.05"
1779559493828,1779559493833,2901,1779559493819,1779559493819,delta,"0,0.05"
1779559493861,1779559493870,2902,1779559493852,1779559493852,delta,"0,0.05"
1779559493903,1779559493924,2903,1779559493894,1779559493894,delta,"0,0.05"
1779559493936,1779559493957,2904,1779559493927,1779559493927,delta,"0,0.05"
1779559493970,1779559493995,2905,1779559493961,1779559493961,delta,"0,0.05"
1779559494005,1779559494049,2906,1779559493996,1779559493996,delta,"0,0.05"
1779559494039,1779559494049,2907,1779559494029,1779559494029,delta,"0,0.05"
1779559494073,1779559494082,2908,1779559494064,1779559494064,delta,"0,0.05"
1779559494107,1779559494120,2909,1779559494098,1779559494098,delta,"0,0.05"
1779559494141,1779559494173,2910,1779559494132,1779559494132,delta,"0,0.05"
1779559494176,1779559494208,2911,1779559494167,1779559494167,delta,"0,0.05"
1779559494210,1779559494247,2912,1779559494201,1779559494201,delta,"0,0.05"
1779559494245,1779559494247,2913,1779559494235,1779559494235,delta,"0,0.05"
1779559494280,1779559494302,2914,1779559494270,1779559494270,delta,"0,0.05"
1779559494323,1779559494336,2915,1779559494314,1779559494314,delta,"0,0.05"
1779559494396,1779559494429,2916,1779559494387,1779559494387,delta,"0,0.05"
1779559494399,1779559494429,2917,1779559494390,1779559494390,delta,"0,0.05"
1779559494434,1779559494462,2918,1779559494425,1779559494425,delta,"0,0.05"
1779559494469,1779559494500,2919,1779559494459,1779559494459,delta,"0,0.05"
1779559494503,1779559494554,2920,1779559494493,1779559494493,delta,"0,0.05"
1779559494539,1779559494554,2921,1779559494530,1779559494530,delta,"0,0.05"
1779559494576,1779559494588,2922,1779559494568,1779559494568,delta,"0,0.05"
1779559494613,1779559494626,2923,1779559494605,1779559494605,delta,"0,0.05"
1779559494651,1779559494680,2924,1779559494642,1779559494642,delta,"0,0.05"
1779559494685,1779559494714,2925,1779559494676,1779559494676,delta,"0,0.05"
1779559494719,1779559494753,2926,1779559494710,1779559494710,delta,"0,0.05"
1779559494754,1779559494808,2927,1779559494745,1779559494745,delta,"0,0.05"
1779559494788,1779559494808,2928,1779559494779,1779559494779,delta,"0,0.05"
1779559494865,1779559494878,2929,1779559494856,1779559494856,delta,"0,0.05"
1779559494868,1779559494878,2930,1779559494860,1779559494860,delta,"0,0.05"
1779559494944,1779559494966,2931,1779559494936,1779559494936,delta,"0,0.05"
1779559494948,1779559494966,2932,1779559494939,1779559494939,delta,"0,0.05"
1779559494982,1779559495005,2933,1779559494973,1779559494973,delta,"0,0.05"
1779559495017,1779559495058,2934,1779559495008,1779559495008,delta,"0,0.05"
1779559495053,1779559495058,2935,1779559495042,1779559495042,delta,"0,0.05"
1779559495086,1779559495091,2936,1779559495076,1779559495076,delta,"0,0.05"
1779559495119,1779559495130,2937,1779559495110,1779559495110,delta,"0,0.05"
1779559495154,1779559495185,2938,1779559495145,1779559495145,delta,"0,0.05"
1779559495188,1779559495218,2939,1779559495179,1779559495179,delta,"0,0.05"
1779559495222,1779559495256,2940,1779559495214,1779559495214,delta,"0,0.05"
1779559495257,1779559495310,2941,1779559495248,1779559495248,delta,"0,0.05"
1779559495292,1779559495310,2942,1779559495283,1779559495283,delta,"0,0.05"
1779559495334,1779559495344,2943,1779559495326,1779559495326,delta,"0,0.05"
1779559495367,1779559495381,2944,1779559495359,1779559495359,delta,"0,0.05"
1779559495443,1779559495469,2945,1779559495433,1779559495433,delta,"0,0.05"
1779559495446,1779559495469,2946,1779559495437,1779559495437,delta,"0,0.05"
1779559495480,1779559495507,2947,1779559495471,1779559495471,delta,"0,0.05"
1779559495514,1779559495562,2948,1779559495505,1779559495505,delta,"0,0.05"
1779559495549,1779559495562,2949,1779559495539,1779559495539,delta,"0,0.05"
1779559495583,1779559495596,2950,1779559495574,1779559495574,delta,"0,0.05"
1779559495617,1779559495635,2951,1779559495608,1779559495608,delta,"0,0.05"
1779559495652,1779559495689,2952,1779559495642,1779559495642,delta,"0,0.05"
1779559495686,1779559495689,2953,1779559495677,1779559495677,delta,"0,0.05"
1779559495720,1779559495722,2954,1779559495711,1779559495711,delta,"0,0.05"
1779559495761,1779559495813,2955,1779559495752,1779559495752,delta,"0,0.05"
1779559495789,1779559495813,2956,1779559495780,1779559495780,delta,"0,0.05"
1779559495824,1779559495847,2957,1779559495815,1779559495815,delta,"0,0.05"
1779559495859,1779559495885,2958,1779559495849,1779559495849,delta,"0,0.05"
1779559495902,1779559495939,2959,1779559495892,1779559495892,delta,"0,0.05"
1779559495975,1779559496010,2960,1779559495966,1779559495966,delta,"0,0.05"
1779559495978,1779559496010,2961,1779559495969,1779559495969,delta,"0,0.05"
1779559496012,1779559496064,2962,1779559496003,1779559496003,delta,"0,0.05"
1779559496047,1779559496064,2963,1779559496038,1779559496038,delta,"0,0.05"
1779559496080,1779559496098,2964,1779559496072,1779559496072,delta,"0,0.05"
1779559496116,1779559496135,2965,1779559496107,1779559496107,delta,"0,0.05"
1779559496150,1779559496189,2966,1779559496141,1779559496141,delta,"0,0.05"
1779559496184,1779559496189,2967,1779559496175,1779559496175,delta,"0,0.05"
1779559496218,1779559496222,2968,1779559496209,1779559496209,delta,"0,0.05"
1779559496253,1779559496260,2969,1779559496243,1779559496243,delta,"0,0.05"
1779559496286,1779559496314,2970,1779559496278,1779559496278,delta,"0,0.05"
1779559496321,1779559496346,2971,1779559496312,1779559496312,delta,"0,0.05"
1779559496357,1779559496384,2972,1779559496348,1779559496348,delta,"0,0.05"
1779559496399,1779559496439,2973,1779559496390,1779559496390,delta,"0,0.05"
1779559496472,1779559496510,2974,1779559496463,1779559496463,delta,"0,0.05"
1779559496476,1779559496510,2975,1779559496467,1779559496467,delta,"0,0.05"
1779559496509,1779559496510,2976,1779559496500,1779559496500,delta,"0,0.05"
1779559496545,1779559496564,2977,1779559496535,1779559496535,delta,"0,0.05"
1779559496579,1779559496598,2978,1779559496569,1779559496569,delta,"0,0.05"
1779559496613,1779559496636,2979,1779559496603,1779559496603,delta,"0,0.05"
1779559496647,1779559496690,2980,1779559496638,1779559496638,delta,"0,0.05"
1779559496681,1779559496690,2981,1779559496672,1779559496672,delta,"0,0.05"
1779559496716,1779559496722,2982,1779559496707,1779559496707,delta,"0,0.05"
1779559496751,1779559496761,2983,1779559496742,1779559496742,delta,"0,0.05"
1779559496785,1779559496814,2984,1779559496776,1779559496776,delta,"0,0.05"
