seq,cmd_seq_echo,T0_ms,T1_ms,T3_ns,TQ_ms,T4_ns,T6_ms,T7_ms,RTT_ms,Processing_ns,QueueDelay_ms,Network_ms,RenderDelay_ms,MTP_ms,Jitter_ms
58,4,1779559641363,1779559641363,1779559641372,1779559641402,1779559641402,1779559641393,1779559641435,30,0,30,0,42,72,19.2576
59,6,1779559641441,1779559641441,1779559641450,1779559641456,1779559641456,1779559641447,1779559641475,6,0,6,0,28,34,18.9871
60,7,1779559641474,1779559641474,1779559641484,1779559641488,1779559641488,1779559641480,1779559641509,6,0,4,2,29,35,17.9674
61,8,1779559641509,1779559641509,1779559641519,1779559641526,1779559641526,1779559641518,1779559641544,9,0,7,2,26,35,17.0635
62,9,1779559641544,1779559641544,1779559641553,1779559641580,1779559641580,1779559641572,1779559641578,28,0,27,1,6,34,17.2563
63,10,1779559641578,1779559641578,1779559641587,1779559641614,1779559641614,1779559641606,1779559641612,28,0,27,1,6,34,16.2358
64,11,1779559641612,1779559641612,1779559641622,1779559641653,1779559641654,1779559641645,1779559641646,33,1,31,1,1,34,15.5957
65,13,1779559641681,1779559641681,1779559641691,1779559641708,1779559641708,1779559641699,1779559641715,18,0,17,1,16,34,15.5452
66,14,1779559641715,1779559641715,1779559641725,1779559641742,1779559641742,1779559641734,1779559641750,19,0,17,2,16,35,14.6032
67,15,1779559641750,1779559641750,1779559641759,1779559641781,1779559641781,1779559641773,1779559641784,23,0,22,1,11,34,13.9173
68,17,1779559641820,1779559641820,1779559641829,1779559641836,1779559641836,1779559641828,1779559641854,8,0,7,1,26,34,13.8843
69,18,1779559641854,1779559641854,1779559641863,1779559641872,1779559641872,1779559641863,1779559641897,9,0,9,0,34,43,13.5352
72,21,1779559641975,1779559641975,1779559641985,1779559641998,1779559641998,1779559641989,1779559642009,14,0,13,1,20,34,16.6845
73,22,1779559642009,1779559642009,1779559642019,1779559642036,1779559642036,1779559642027,1779559642044,18,0,17,1,17,35,15.8569
74,24,1779559642078,1779559642078,1779559642087,1779559642090,1779559642090,1779559642082,1779559642113,4,0,3,1,31,35,15.7997
75,25,1779559642113,1779559642113,1779559642122,1779559642123,1779559642123,1779559642114,1779559642147,1,0,1,0,33,34,14.8714
76,26,1779559642147,1779559642147,1779559642156,1779559642161,1779559642161,1779559642152,1779559642181,5,0,5,0,29,34,14.1603
77,27,1779559642181,1779559642181,1779559642191,1779559642220,1779559642220,1779559642211,1779559642215,30,0,29,1,4,34,14.8302
78,28,1779559642215,1779559642215,1779559642225,1779559642253,1779559642253,1779559642245,1779559642250,30,0,28,2,5,35,14.0082
79,29,1779559642250,1779559642250,1779559642259,1779559642292,1779559642292,1779559642283,1779559642284,33,0,33,0,1,34,13.4255
82,33,1779559642401,1779559642401,1779559642410,1779559642418,1779559642418,1779559642410,1779559642435,9,0,8,1,25,34,16.0328
83,34,1779559642435,1779559642435,1779559642444,1779559642473,1779559642473,1779559642464,1779559642478,29,0,29,0,14,43,15.8049
84,35,1779559642477,1779559642477,1779559642487,1779559642507,1779559642507,1779559642498,1779559642511,21,0,20,1,13,34,14.8616
85,36,1779559642511,1779559642511,1779559642520,1779559642545,1779559642545,1779559642536,1779559642545,25,0,25,0,9,34,14.1656
86,38,1779559642579,1779559642579,1779559642588,1779559642599,1779559642599,1779559642590,1779559642614,11,0,11,0,24,35,14.1967
87,39,1779559642614,1779559642614,1779559642623,1779559642631,1779559642631,1779559642623,1779559642648,9,0,8,1,25,34,13.3994
88,40,1779559642648,1779559642648,1779559642658,1779559642669,1779559642669,1779559642661,1779559642683,13,0,11,2,22,35,12.7574
89,41,1779559642683,1779559642683,1779559642692,1779559642724,1779559642724,1779559642716,1779559642717,33,0,32,1,1,34,13.2551
90,42,1779559642717,1779559642717,1779559642727,1779559642757,1779559642757,1779559642749,1779559642752,32,0,30,2,3,35,12.5580
91,44,1779559642786,1779559642786,1779559642795,1779559642795,1779559642795,1779559642787,1779559642820,1,0,0,1,33,34,13.6404
92,45,1779559642820,1779559642820,1779559642830,1779559642849,1779559642850,1779559642841,1779559642856,21,1,19,1,15,36,13.9494
93,46,1779559642856,1779559642856,1779559642865,1779559642883,1779559642883,1779559642874,1779559642900,18,0,18,0,26,44,13.7954
96,49,1779559642978,1779559642978,1779559642987,1779559643008,1779559643008,1779559642999,1779559643012,21,0,21,0,13,34,16.8317
97,50,1779559643012,1779559643012,1779559643022,1779559643046,1779559643046,1779559643038,1779559643046,26,0,24,2,8,34,16.0352
98,52,1779559643081,1779559643081,1779559643090,1779559643100,1779559643100,1779559643091,1779559643115,10,0,10,0,24,34,15.9436
99,53,1779559643115,1779559643115,1779559643125,1779559643134,1779559643134,1779559643125,1779559643150,10,0,9,1,25,35,14.9980
100,54,1779559643150,1779559643150,1779559643159,1779559643173,1779559643173,1779559643164,1779559643184,14,0,14,0,20,34,14.3469
102,56,1779559643218,1779559643218,1779559643228,1779559643260,1779559643260,1779559643252,1779559643253,34,0,32,2,1,35,15.5442
103,58,1779559643287,1779559643287,1779559643297,1779559643299,1779559643299,1779559643292,1779559643322,5,0,2,3,30,35,16.3746
104,59,1779559643322,1779559643322,1779559643332,1779559643354,1779559643354,1779559643346,1779559643356,24,0,22,2,10,34,16.6510
105,60,1779559643356,1779559643356,1779559643366,1779559643387,1779559643388,1779559643379,1779559643392,23,1,21,1,13,36,15.7675
106,61,1779559643392,1779559643392,1779559643401,1779559643427,1779559643427,1779559643418,1779559643435,26,0,26,0,17,43,15.0419
109,64,1779559643513,1779559643513,1779559643522,1779559643552,1779559643552,1779559643543,1779559643547,30,0,30,0,4,34,15.4132
110,66,1779559643581,1779559643581,1779559643591,1779559643606,1779559643606,1779559643597,1779559643616,16,0,15,1,19,35,15.3716
111,67,1779559643616,1779559643616,1779559643626,1779559643639,1779559643639,1779559643630,1779559643650,14,0,13,1,20,34,14.5224
112,68,1779559643650,1779559643650,1779559643660,1779559643677,1779559643677,1779559643668,1779559643685,18,0,17,1,17,35,13.8403
115,71,1779559643762,1779559643762,1779559643771,1779559643804,1779559643804,1779559643796,1779559643798,34,0,33,1,2,36,14.7043
116,73,1779559643832,1779559643832,1779559643842,1779559643859,1779559643859,1779559643851,1779559643867,19,0,17,2,16,35,14.7309
119,76,1779559643949,1779559643949,1779559643958,1779559643985,1779559643986,1779559643977,1779559643985,28,1,27,0,8,36,17.8142
120,77,1779559643984,1779559643984,1779559643993,1779559644019,1779559644019,1779559644011,1779559644026,27,0,26,1,15,42,17.2591
121,78,1779559644026,1779559644026,1779559644035,1779559644057,1779559644057,1779559644048,1779559644059,22,0,22,0,11,33,16.5186
122,80,1779559644093,1779559644093,1779559644103,1779559644112,1779559644112,1779559644103,1779559644128,10,0,9,1,25,35,16.3604
123,81,1779559644128,1779559644128,1779559644137,1779559644146,1779559644146,1779559644137,1779559644162,9,0,9,0,25,34,15.3520
124,82,1779559644162,1779559644162,1779559644171,1779559644186,1779559644186,1779559644178,1779559644196,16,0,15,1,18,34,14.8157
125,84,1779559644231,1779559644231,1779559644240,1779559644242,1779559644242,1779559644233,1779559644265,2,0,2,0,32,34,14.7548
126,85,1779559644265,1779559644265,1779559644275,1779559644276,1779559644276,1779559644267,1779559644300,2,0,1,1,33,35,13.8543
127,86,1779559644299,1779559644299,1779559644309,1779559644315,1779559644315,1779559644306,1779559644334,7,0,6,1,28,35,13.2696
128,87,1779559644334,1779559644334,1779559644343,1779559644368,1779559644368,1779559644360,1779559644368,26,0,25,1,8,34,13.6641
129,88,1779559644368,1779559644368,1779559644378,1779559644402,1779559644402,1779559644393,1779559644403,25,0,24,1,10,35,12.9137
130,89,1779559644403,1779559644403,1779559644412,1779559644440,1779559644440,1779559644431,1779559644445,28,0,28,0,14,42,12.3548
131,91,1779559644479,1779559644479,1779559644488,1779559644494,1779559644494,1779559644486,1779559644514,7,0,6,1,28,35,12.4393
132,92,1779559644514,1779559644514,1779559644523,1779559644529,1779559644529,1779559644520,1779559644556,6,0,6,0,36,42,12.1711
133,93,1779559644556,1779559644556,1779559644565,1779559644567,1779559644567,1779559644558,1779559644589,2,0,2,0,31,33,11.7364
134,94,1779559644588,1779559644588,1779559644598,1779559644622,1779559644622,1779559644613,1779559644623,25,0,24,1,10,35,12.2654
135,95,1779559644623,1779559644623,1779559644633,1779559644655,1779559644655,1779559644646,1779559644657,23,0,22,1,11,34,11.5555
136,96,1779559644657,1779559644657,1779559644667,1779559644694,1779559644694,1779559644686,1779559644692,29,0,27,2,6,35,11.1889
137,98,1779559644726,1779559644726,1779559644735,1779559644748,1779559644748,1779559644739,1779559644760,13,0,13,0,21,34,11.4369
138,99,1779559644760,1779559644760,1779559644769,1779559644781,1779559644781,1779559644772,1779559644794,12,0,12,0,22,34,10.7986
139,100,1779559644794,1779559644794,1779559644803,1779559644819,1779559644819,1779559644810,1779559644828,16,0,16,0,18,34,10.3574
140,102,1779559644863,1779559644863,1779559644872,1779559644873,1779559644873,1779559644865,1779559644897,2,0,1,1,32,34,10.6236
141,103,1779559644897,1779559644897,1779559644906,1779559644906,1779559644906,1779559644898,1779559644933,1,0,0,1,35,36,10.0670
142,104,1779559644932,1779559644932,1779559644942,1779559644945,1779559644945,1779559644937,1779559644975,5,0,3,2,38,43,9.7377
143,105,1779559644975,1779559644975,1779559644985,1779559645000,1779559645000,1779559644991,1779559645009,16,0,15,1,18,34,10.4446
144,106,1779559645009,1779559645009,1779559645019,1779559645033,1779559645033,1779559645025,1779559645051,16,0,14,2,26,42,10.3593
145,107,1779559645051,1779559645051,1779559645061,1779559645071,1779559645071,1779559645063,1779559645084,12,0,10,2,21,33,10.0906
146,108,1779559645084,1779559645084,1779559645094,1779559645126,1779559645126,1779559645118,1779559645118,34,0,32,2,0,34,10.7772
147,109,1779559645118,1779559645118,1779559645128,1779559645159,1779559645159,1779559645151,1779559645153,33,0,31,2,2,35,10.2680
148,111,1779559645187,1779559645187,1779559645196,1779559645198,1779559645198,1779559645189,1779559645221,2,0,2,0,32,34,11.4528
149,112,1779559645221,1779559645221,1779559645231,1779559645252,1779559645252,1779559645243,1779559645255,22,0,21,1,12,34,11.9943
150,113,1779559645255,1779559645255,1779559645264,1779559645285,1779559645285,1779559645276,1779559645290,21,0,21,0,14,35,11.3585
151,114,1779559645290,1779559645290,1779559645299,1779559645323,1779559645323,1779559645314,1779559645324,24,0,24,0,10,34,10.8960
152,116,1779559645358,1779559645358,1779559645367,1779559645377,1779559645377,1779559645368,1779559645392,10,0,10,0,24,34,11.1313
153,117,1779559645392,1779559645392,1779559645402,1779559645410,1779559645410,1779559645402,1779559645428,10,0,8,2,26,36,10.5655
154,118,1779559645427,1779559645427,1779559645437,1779559645451,1779559645451,1779559645444,1779559645470,17,0,14,3,26,43,9.9947
157,121,1779559645547,1779559645547,1779559645556,1779559645576,1779559645576,1779559645568,1779559645581,21,0,20,1,13,34,11.2980
158,123,1779559645615,1779559645615,1779559645624,1779559645631,1779559645631,1779559645622,1779559645654,7,0,7,0,32,39,11.7341
159,124,1779559645654,1779559645654,1779559645663,1779559645664,1779559645664,1779559645656,1779559645692,2,0,1,1,36,38,11.2400
160,125,1779559645692,1779559645692,1779559645701,1779559645702,1779559645702,1779559645694,1779559645730,2,0,1,1,36,38,10.5442
161,126,1779559645730,1779559645730,1779559645739,1779559645757,1779559645757,1779559645748,1779559645769,18,0,18,0,21,39,10.7668
162,127,1779559645769,1779559645769,1779559645779,1779559645793,1779559645793,1779559645784,1779559645807,15,0,14,1,23,38,10.2139
163,128,1779559645807,1779559645807,1779559645817,1779559645830,1779559645830,1779559645822,1779559645846,15,0,13,2,24,39,9.5941
164,129,1779559645846,1779559645846,1779559645855,1779559645885,1779559645885,1779559645876,1779559645883,30,0,30,0,7,37,10.0384
165,130,1779559645883,1779559645883,1779559645892,1779559645918,1779559645918,1779559645910,1779559645917,27,0,26,1,7,34,9.4251
166,131,1779559645917,1779559645917,1779559645927,1779559645956,1779559645956,1779559645948,1779559645993,31,0,29,2,45,76,11.2400
167,133,1779559645996,1779559645996,1779559646006,1779559646010,1779559646010,1779559646002,1779559646032,6,0,4,2,30,36,11.4708
170,136,1779559646107,1779559646107,1779559646117,1779559646137,1779559646137,1779559646128,1779559646149,21,0,20,1,21,42,13.0693
171,137,1779559646142,1779559646142,1779559646159,1779559646171,1779559646171,1779559646162,1779559646176,20,0,12,8,14,34,12.2611
172,138,1779559646176,1779559646176,1779559646186,1779559646208,1779559646208,1779559646200,1779559646211,24,0,22,2,11,35,11.6711
173,140,1779559646245,1779559646245,1779559646254,1779559646263,1779559646263,1779559646255,1779559646279,10,0,9,1,24,34,11.7744
174,141,1779559646279,1779559646279,1779559646288,1779559646298,1779559646298,1779559646290,1779559646313,11,0,10,1,23,34,11.0729
175,142,1779559646313,1779559646313,1779559646323,1779559646336,1779559646336,1779559646328,1779559646348,15,0,13,2,20,35,10.5929
176,143,1779559646348,1779559646348,1779559646357,1779559646390,1779559646391,1779559646382,1779559646382,34,1,33,0,0,34,11.2327
177,144,1779559646382,1779559646382,1779559646391,1779559646424,1779559646424,1779559646415,1779559646417,33,0,33,0,2,35,10.6481
178,146,1779559646451,1779559646451,1779559646461,1779559646465,1779559646465,1779559646456,1779559646495,5,0,4,1,39,44,12.2633
179,147,1779559646494,1779559646494,1779559646504,1779559646518,1779559646518,1779559646510,1779559646527,16,0,14,2,17,33,12.8126
180,148,1779559646527,1779559646527,1779559646537,1779559646552,1779559646552,1779559646543,1779559646570,16,0,15,1,27,43,12.6223
181,149,1779559646570,1779559646570,1779559646580,1779559646590,1779559646590,1779559646581,1779559646603,11,0,10,1,22,33,12.1524
182,150,1779559646603,1779559646603,1779559646613,1779559646644,1779559646644,1779559646636,1779559646637,33,0,31,2,1,34,12.6930
183,151,1779559646637,1779559646637,1779559646647,1779559646678,1779559646678,1779559646670,1779559646672,33,0,31,2,2,35,11.9984
184,153,1779559646706,1779559646706,1779559646715,1779559646716,1779559646716,1779559646707,1779559646740,1,0,1,0,33,34,13.1602
185,154,1779559646740,1779559646740,1779559646750,1779559646771,1779559646771,1779559646762,1779559646775,22,0,21,1,13,35,13.6431
186,155,1779559646775,1779559646775,1779559646784,1779559646804,1779559646804,1779559646795,1779559646809,20,0,20,0,14,34,12.8803
187,156,1779559646809,1779559646809,1779559646818,1779559646842,1779559646842,1779559646833,1779559646844,24,0,24,0,11,35,12.2734
188,158,1779559646877,1779559646877,1779559646887,1779559646896,1779559646896,1779559646888,1779559646912,11,0,9,2,24,35,12.4147
189,159,1779559646912,1779559646912,1779559646922,1779559646930,1779559646930,1779559646922,1779559646947,10,0,8,2,25,35,11.6982
190,160,1779559646947,1779559646947,1779559646957,1779559646969,1779559646969,1779559646960,1779559646982,13,0,12,1,22,35,11.2208
191,161,1779559646982,1779559646982,1779559646992,1779559647024,1779559647024,1779559647016,1779559647025,34,0,32,2,9,43,11.3342
192,162,1779559647025,1779559647025,1779559647035,1779559647058,1779559647058,1779559647049,1779559647059,24,0,23,1,10,34,10.6909
193,163,1779559647059,1779559647059,1779559647069,1779559647096,1779559647096,1779559647087,1779559647102,28,0,27,1,15,43,10.3119
194,165,1779559647135,1779559647135,1779559647144,1779559647150,1779559647150,1779559647141,1779559647169,6,0,6,0,28,34,10.5083
195,166,1779559647169,1779559647169,1779559647179,1779559647184,1779559647184,1779559647175,1779559647204,6,0,5,1,29,35,9.8972
196,167,1779559647204,1779559647204,1779559647214,1779559647222,1779559647222,1779559647214,1779559647238,10,0,8,2,24,34,9.5313
197,168,1779559647238,1779559647238,1779559647247,1779559647278,1779559647278,1779559647269,1779559647273,31,0,31,0,4,35,10.2475
198,169,1779559647273,1779559647273,1779559647283,1779559647314,1779559647314,1779559647306,1779559647307,33,0,31,2,1,34,9.7876
199,171,1779559647342,1779559647342,1779559647351,1779559647353,1779559647353,1779559647344,1779559647376,2,0,2,0,32,34,11.1178
200,172,1779559647376,1779559647376,1779559647386,1779559647407,1779559647407,1779559647399,1779559647411,23,0,21,2,12,35,11.6420
201,173,1779559647411,1779559647411,1779559647420,1779559647441,1779559647441,1779559647433,1779559647446,22,0,21,1,13,35,10.9660
202,174,1779559647446,1779559647446,1779559647455,1779559647480,1779559647481,1779559647472,1779559647481,26,1,25,0,9,35,10.5636
205,177,1779559647599,1779559647599,1779559647609,1779559647609,1779559647609,1779559647601,1779559647603,2,0,0,2,2,4,16.4978
206,179,1779559647637,1779559647637,1779559647646,1779559647664,1779559647664,1779559647655,1779559647672,18,0,18,0,17,35,16.3717
207,180,1779559647672,1779559647672,1779559647681,1779559647697,1779559647697,1779559647688,1779559647705,16,0,16,0,17,33,15.3950
208,181,1779559647705,1779559647705,1779559647715,1779559647735,1779559647735,1779559647726,1779559647740,21,0,20,1,14,35,14.6334
209,183,1779559647774,1779559647774,1779559647784,1779559647790,1779559647790,1779559647781,1779559647809,7,0,6,1,28,35,14.5728
210,184,1779559647809,1779559647809,1779559647818,1779559647823,1779559647823,1779559647814,1779559647844,5,0,5,0,30,35,13.7685
211,185,1779559647844,1779559647844,1779559647853,1779559647861,1779559647861,1779559647852,1779559647878,8,0,8,0,26,34,13.1405
212,186,1779559647878,1779559647878,1779559647887,1779559647915,1779559647915,1779559647906,1779559647912,28,0,28,0,6,34,13.5338
213,187,1779559647912,1779559647912,1779559647922,1779559647948,1779559647948,1779559647939,1779559647947,27,0,26,1,8,35,12.7556
214,188,1779559647946,1779559647946,1779559647956,1779559647986,1779559647986,1779559647977,1779559648022,31,0,30,1,45,76,14.3214
215,190,1779559648026,1779559648026,1779559648035,1779559648040,1779559648040,1779559648031,1779559648061,5,0,5,0,30,35,14.3567
218,193,1779559648136,1779559648136,1779559648145,1779559648165,1779559648165,1779559648156,1779559648170,20,0,20,0,14,34,15.3512
219,194,1779559648170,1779559648170,1779559648180,1779559648199,1779559648199,1779559648190,1779559648205,20,0,19,1,15,35,14.4052
220,195,1779559648205,1779559648205,1779559648214,1779559648236,1779559648237,1779559648228,1779559648239,23,1,22,0,11,34,13.7374
221,197,1779559648273,1779559648273,1779559648283,1779559648291,1779559648291,1779559648282,1779559648307,9,0,8,1,25,34,13.7889
222,198,1779559648307,1779559648307,1779559648317,1779559648324,1779559648324,1779559648316,1779559648342,9,0,7,2,26,35,13.0060
223,199,1779559648342,1779559648342,1779559648351,1779559648363,1779559648363,1779559648355,1779559648376,13,0,12,1,21,34,12.5365
224,200,1779559648376,1779559648376,1779559648386,1779559648417,1779559648417,1779559648409,1779559648412,33,0,31,2,3,36,12.9166
225,201,1779559648412,1779559648412,1779559648421,1779559648451,1779559648451,1779559648442,1779559648445,30,0,30,0,3,33,12.1428
226,202,1779559648445,1779559648445,1779559648454,1779559648489,1779559648489,1779559648480,1779559648523,35,0,35,0,43,78,13.8941
227,204,1779559648523,1779559648523,1779559648533,1779559648542,1779559648542,1779559648534,1779559648555,11,0,9,2,21,32,14.3909
228,205,1779559648555,1779559648555,1779559648565,1779559648576,1779559648576,1779559648567,1779559648590,12,0,11,1,23,35,13.5786
229,206,1779559648590,1779559648590,1779559648599,1779559648614,1779559648614,1779559648606,1779559648624,16,0,15,1,18,34,12.9423
232,210,1779559648727,1779559648727,1779559648737,1779559648740,1779559648740,1779559648732,1779559648762,5,0,3,2,30,35,15.2932
233,211,1779559648762,1779559648762,1779559648771,1779559648795,1779559648795,1779559648787,1779559648796,25,0,24,1,9,34,15.6271
234,212,1779559648796,1779559648796,1779559648805,1779559648829,1779559648829,1779559648820,1779559648830,24,0,24,0,10,34,14.7424
235,213,1779559648830,1779559648830,1779559648840,1779559648866,1779559648866,1779559648858,1779559648864,28,0,26,2,6,34,14.0044
236,215,1779559648899,1779559648899,1779559648909,1779559648922,1779559648922,1779559648914,1779559648934,15,0,13,2,20,35,13.8912
237,216,1779559648934,1779559648934,1779559648943,1779559648956,1779559648956,1779559648947,1779559648968,13,0,13,0,21,34,13.0865
238,217,1779559648968,1779559648968,1779559648977,1779559648995,1779559648995,1779559648987,1779559649003,19,0,18,1,16,35,12.4933
239,218,1779559649003,1779559649003,1779559649012,1779559649049,1779559649049,1779559649041,1779559649047,38,0,37,1,6,44,12.4154
240,219,1779559649047,1779559649047,1779559649056,1779559649083,1779559649083,1779559649074,1779559649079,27,0,27,0,5,32,11.6777
241,220,1779559649079,1779559649079,1779559649089,1779559649123,1779559649123,1779559649115,1779559649157,36,0,34,2,42,78,13.2382
242,222,1779559649157,1779559649157,1779559649166,1779559649178,1779559649178,1779559649169,1779559649190,12,0,12,0,21,33,13.7468
243,223,1779559649189,1779559649189,1779559649199,1779559649211,1779559649211,1779559649203,1779559649224,14,0,12,2,21,35,12.9707
244,224,1779559649224,1779559649224,1779559649233,1779559649249,1779559649249,1779559649240,1779559649257,16,0,16,0,17,33,12.4315
245,226,1779559649292,1779559649292,1779559649302,1779559649303,1779559649303,1779559649295,1779559649326,3,0,1,2,31,34,12.4905
246,227,1779559649326,1779559649326,1779559649335,1779559649337,1779559649337,1779559649329,1779559649360,3,0,2,1,31,34,11.7418
247,228,1779559649360,1779559649360,1779559649370,1779559649376,1779559649376,1779559649367,1779559649395,7,0,6,1,28,35,11.2429
248,229,1779559649395,1779559649395,1779559649404,1779559649430,1779559649430,1779559649421,1779559649429,26,0,26,0,8,34,11.7929
249,230,1779559649429,1779559649429,1779559649438,1779559649464,1779559649464,1779559649455,1779559649463,26,0,26,0,8,34,11.0716
250,231,1779559649463,1779559649463,1779559649472,1779559649501,1779559649501,1779559649493,1779559649497,30,0,29,1,4,34,10.6065
251,233,1779559649533,1779559649533,1779559649542,1779559649555,1779559649555,1779559649547,1779559649575,14,0,13,1,28,42,11.4239
252,234,1779559649575,1779559649575,1779559649584,1779559649589,1779559649589,1779559649580,1779559649609,5,0,5,0,29,34,10.7551
253,235,1779559649609,1779559649609,1779559649618,1779559649627,1779559649627,1779559649618,1779559649650,9,0,9,0,32,41,10.3254
254,236,1779559649650,1779559649650,1779559649660,1779559649681,1779559649681,1779559649672,1779559649684,22,0,21,1,12,34,10.9768
255,237,1779559649684,1779559649684,1779559649693,1779559649714,1779559649714,1779559649706,1779559649717,22,0,21,1,11,33,10.3057
256,238,1779559649717,1779559649717,1779559649727,1779559649753,1779559649753,1779559649745,1779559649752,28,0,26,2,7,35,9.9357
257,240,1779559649786,1779559649786,1779559649795,1779559649808,1779559649808,1779559649799,1779559649820,13,0,13,0,21,34,10.1987
258,241,1779559649820,1779559649820,1779559649830,1779559649844,1779559649844,1779559649835,1779559649855,15,0,14,1,20,35,9.6545
259,242,1779559649855,1779559649855,1779559649864,1779559649882,1779559649883,1779559649874,1779559649889,19,1,18,0,15,34,9.3506
260,244,1779559649924,1779559649924,1779559649934,1779559649937,1779559649937,1779559649929,1779559649957,5,0,3,2,28,33,9.6484
261,245,1779559649957,1779559649957,1779559649966,1779559649970,1779559649970,1779559649961,1779559649992,4,0,4,0,31,35,9.1473
262,246,1779559649992,1779559649992,1779559650001,1779559650008,1779559650008,1779559649999,1779559650027,7,0,7,0,28,35,8.7637
263,247,1779559650027,1779559650027,1779559650036,1779559650062,1779559650062,1779559650053,1779559650069,26,0,26,0,16,42,8.9323
266,250,1779559650145,1779559650145,1779559650155,1779559650187,1779559650187,1779559650179,1779559650179,34,0,32,2,0,34,12.7445
267,251,1779559650179,1779559650179,1779559650189,1779559650220,1779559650220,1779559650212,1779559650214,33,0,31,2,2,35,12.1130
268,253,1779559650248,1779559650248,1779559650257,1779559650259,1779559650259,1779559650250,1779559650282,2,0,2,0,32,34,13.1909
269,254,1779559650282,1779559650282,1779559650292,1779559650312,1779559650312,1779559650304,1779559650316,22,0,20,2,12,34,13.6272
270,255,1779559650316,1779559650316,1779559650325,1779559650347,1779559650347,1779559650338,1779559650351,22,0,22,0,13,35,12.8046
271,256,1779559650350,1779559650350,1779559650360,1779559650387,1779559650387,1779559650378,1779559650385,28,0,27,1,7,35,12.3585
272,258,1779559650419,1779559650419,1779559650428,1779559650447,1779559650448,1779559650439,1779559650453,20,1,19,0,14,34,12.0479
273,259,1779559650453,1779559650453,1779559650463,1779559650481,1779559650481,1779559650472,1779559650487,19,0,18,1,15,34,11.3577
274,260,1779559650487,1779559650487,1779559650497,1779559650520,1779559650520,1779559650511,1779559650522,24,0,23,1,11,35,10.9080
276,262,1779559650565,1779559650565,1779559650575,1779559650608,1779559650608,1779559650599,1779559650600,34,0,33,1,1,35,13.0038
277,263,1779559650600,1779559650600,1779559650610,1779559650647,1779559650647,1779559650638,1779559650641,38,0,37,1,3,41,12.2924
278,265,1779559650674,1779559650674,1779559650683,1779559650702,1779559650702,1779559650694,1779559650708,20,0,19,1,14,34,12.2712
279,266,1779559650708,1779559650708,1779559650717,1779559650736,1779559650736,1779559650727,1779559650742,19,0,19,0,15,34,11.5277
280,267,1779559650742,1779559650742,1779559650752,1779559650774,1779559650774,1779559650765,1779559650776,23,0,22,1,11,34,11.0465
281,269,1779559650811,1779559650811,1779559650820,1779559650829,1779559650829,1779559650820,1779559650845,9,0,9,0,25,34,11.2205
282,270,1779559650845,1779559650845,1779559650855,1779559650862,1779559650863,1779559650854,1779559650879,9,1,7,1,25,34,10.5214
283,271,1779559650879,1779559650879,1779559650889,1779559650902,1779559650903,1779559650894,1779559650914,15,1,13,1,20,35,10.1845
285,273,1779559650948,1779559650948,1779559650957,1779559650992,1779559650992,1779559650984,1779559650984,36,0,35,1,0,36,12.0656
288,277,1779559651098,1779559651098,1779559651107,1779559651121,1779559651121,1779559651112,1779559651131,14,0,14,0,19,33,17.4484
289,278,1779559651131,1779559651131,1779559651141,1779559651159,1779559651159,1779559651150,1779559651174,19,0,18,1,24,43,16.6196
290,279,1779559651173,1779559651173,1779559651184,1779559651213,1779559651213,1779559651205,1779559651206,32,0,29,3,1,33,16.8993
291,280,1779559651206,1779559651206,1779559651216,1779559651249,1779559651249,1779559651240,1779559651241,34,0,33,1,1,35,15.9410
292,282,1779559651275,1779559651275,1779559651284,1779559651287,1779559651287,1779559651278,1779559651309,3,0,3,0,31,34,16.8540
293,283,1779559651309,1779559651309,1779559651319,1779559651341,1779559651341,1779559651332,1779559651344,23,0,22,1,12,35,16.9933
294,284,1779559651344,1779559651344,1779559651354,1779559651374,1779559651374,1779559651366,1779559651379,22,0,20,2,13,35,15.9651
295,285,1779559651379,1779559651379,1779559651388,1779559651415,1779559651416,1779559651407,1779559651414,28,1,27,0,7,35,15.3531
296,287,1779559651447,1779559651447,1779559651457,1779559651469,1779559651469,1779559651461,1779559651482,14,0,12,2,21,35,15.3366
297,288,1779559651482,1779559651482,1779559651491,1779559651502,1779559651502,1779559651493,1779559651516,11,0,11,0,23,34,14.4569
298,289,1779559651516,1779559651516,1779559651526,1779559651540,1779559651540,1779559651531,1779559651551,15,0,14,1,20,35,13.7709
301,292,1779559651630,1779559651630,1779559651639,1779559651666,1779559651666,1779559651657,1779559651665,27,0,27,0,8,35,14.4365
302,294,1779559651707,1779559651707,1779559651716,1779559651720,1779559651720,1779559651711,1779559651740,4,0,4,0,29,33,14.8865
303,295,1779559651740,1779559651740,1779559651750,1779559651754,1779559651754,1779559651746,1779559651774,6,0,4,2,28,34,14.0127
304,296,1779559651774,1779559651774,1779559651784,1779559651792,1779559651792,1779559651783,1779559651809,9,0,8,1,26,35,13.2948
305,297,1779559651809,1779559651809,1779559651818,1779559651848,1779559651848,1779559651839,1779559651843,30,0,30,0,4,34,13.8176
306,298,1779559651843,1779559651843,1779559651853,1779559651881,1779559651881,1779559651873,1779559651878,30,0,28,2,5,35,13.0348
307,299,1779559651878,1779559651878,1779559651887,1779559651919,1779559651919,1779559651911,1779559651912,33,0,32,1,1,34,12.4974
308,301,1779559651946,1779559651946,1779559651956,1779559651974,1779559651974,1779559651965,1779559651981,19,0,18,1,16,35,12.6403
309,302,1779559651981,1779559651981,1779559651990,1779559652007,1779559652007,1779559651999,1779559652015,18,0,17,1,16,34,11.8781
310,303,1779559652015,1779559652015,1779559652025,1779559652046,1779559652046,1779559652037,1779559652050,22,0,21,1,13,35,11.3562
313,307,1779559652160,1779559652160,1779559652170,1779559652171,1779559652171,1779559652162,1779559652202,2,0,1,1,40,42,14.8883
314,308,1779559652202,1779559652202,1779559652212,1779559652224,1779559652225,1779559652216,1779559652235,14,1,12,1,19,33,15.2692
315,309,1779559652235,1779559652235,1779559652245,1779559652257,1779559652257,1779559652249,1779559652270,14,0,12,2,21,35,14.4046
316,310,1779559652270,1779559652270,1779559652279,1779559652295,1779559652295,1779559652287,1779559652304,17,0,16,1,17,34,13.6581
317,312,1779559652339,1779559652339,1779559652348,1779559652350,1779559652350,1779559652341,1779559652373,2,0,2,0,32,34,13.6501
318,313,1779559652373,1779559652373,1779559652382,1779559652383,1779559652383,1779559652375,1779559652407,2,0,1,1,32,34,12.8909
319,314,1779559652407,1779559652407,1779559652417,1779559652422,1779559652422,1779559652414,1779559652442,7,0,5,2,28,35,12.3666
320,315,1779559652442,1779559652442,1779559652451,1779559652478,1779559652478,1779559652469,1779559652476,27,0,27,0,7,34,12.9767
321,316,1779559652476,1779559652476,1779559652485,1779559652513,1779559652513,1779559652505,1779559652510,29,0,28,1,5,34,12.2461
322,317,1779559652510,1779559652510,1779559652520,1779559652551,1779559652551,1779559652542,1779559652545,32,0,31,1,3,35,11.6573
323,319,1779559652579,1779559652579,1779559652589,1779559652605,1779559652605,1779559652597,1779559652615,18,0,16,2,18,36,11.9341
324,320,1779559652615,1779559652615,1779559652624,1779559652639,1779559652639,1779559652631,1779559652657,16,0,15,1,26,42,11.6769
325,321,1779559652656,1779559652656,1779559652666,1779559652678,1779559652678,1779559652670,1779559652690,14,0,12,2,20,34,11.2674
326,322,1779559652690,1779559652690,1779559652700,1779559652733,1779559652733,1779559652724,1779559652732,34,0,33,1,8,42,11.3997
327,323,1779559652732,1779559652732,1779559652741,1779559652766,1779559652766,1779559652758,1779559652765,26,0,25,1,7,33,10.6937
328,324,1779559652765,1779559652765,1779559652775,1779559652804,1779559652804,1779559652796,1779559652799,31,0,29,2,3,34,10.2531
329,326,1779559652834,1779559652834,1779559652843,1779559652859,1779559652859,1779559652850,1779559652868,16,0,16,0,18,34,10.4752
330,327,1779559652868,1779559652868,1779559652878,1779559652892,1779559652892,1779559652883,1779559652903,15,0,14,1,20,35,9.9121
331,328,1779559652903,1779559652903,1779559652912,1779559652930,1779559652930,1779559652921,1779559652937,18,0,18,0,16,34,9.5531
332,330,1779559652971,1779559652971,1779559652981,1779559652984,1779559652984,1779559652976,1779559653005,5,0,3,2,29,34,9.8698
333,331,1779559653005,1779559653005,1779559653015,1779559653017,1779559653018,1779559653009,1779559653040,4,1,2,1,31,35,9.2842
334,332,1779559653040,1779559653040,1779559653049,1779559653056,1779559653056,1779559653047,1779559653074,7,0,7,0,27,34,8.9106
335,333,1779559653074,1779559653074,1779559653084,1779559653110,1779559653110,1779559653101,1779559653110,27,0,26,1,9,36,9.5257
336,334,1779559653110,1779559653110,1779559653119,1779559653143,1779559653143,1779559653134,1779559653152,24,0,24,0,18,42,9.4884
337,335,1779559653152,1779559653152,1779559653161,1779559653181,1779559653181,1779559653172,1779559653185,20,0,20,0,13,33,9.2126
338,337,1779559653220,1779559653220,1779559653229,1779559653237,1779559653237,1779559653228,1779559653261,8,0,8,0,33,41,9.9494
339,338,1779559653261,1779559653261,1779559653271,1779559653272,1779559653272,1779559653263,1779559653294,2,0,1,1,31,33,9.4649
340,339,1779559653294,1779559653294,1779559653304,1779559653310,1779559653310,1779559653302,1779559653328,8,0,6,2,26,34,9.1108
341,340,1779559653328,1779559653328,1779559653338,1779559653365,1779559653365,1779559653356,1779559653363,28,0,27,1,7,35,9.8249
342,341,1779559653363,1779559653363,1779559653372,1779559653399,1779559653399,1779559653390,1779559653398,27,0,27,0,8,35,9.2466
343,342,1779559653397,1779559653397,1779559653407,1779559653437,1779559653437,1779559653429,1779559653432,32,0,30,2,3,35,8.9583
344,344,1779559653466,1779559653466,1779559653475,1779559653491,1779559653491,1779559653483,1779559653500,17,0,16,1,17,34,9.3717
345,345,1779559653500,1779559653500,1779559653510,1779559653524,1779559653524,1779559653515,1779559653535,15,0,14,1,20,35,8.8589
346,346,1779559653535,1779559653535,1779559653544,1779559653562,1779559653562,1779559653553,1779559653569,18,0,18,0,16,34,8.5408
347,348,1779559653604,1779559653604,1779559653613,1779559653616,1779559653616,1779559653608,1779559653639,4,0,3,1,31,35,8.9260
350,350,1779559653681,1779559653681,1779559653690,1779559653741,1779559653741,1779559653733,1779559653754,52,0,51,1,21,73,11.1347
351,352,1779559653757,1779559653757,1779559653766,1779559653774,1779559653774,1779559653766,1779559653791,9,0,8,1,25,34,10.7025
352,353,1779559653791,1779559653791,1779559653800,1779559653812,1779559653812,1779559653804,1779559653825,13,0,12,1,21,34,10.2611
353,354,1779559653825,1779559653825,1779559653835,1779559653867,1779559653867,1779559653858,1779559653859,33,0,32,1,1,34,10.8675
354,355,1779559653859,1779559653859,1779559653869,1779559653900,1779559653900,1779559653891,1779559653894,32,0,31,1,3,35,10.2710
355,357,1779559653928,1779559653928,1779559653937,1779559653939,1779559653939,1779559653930,1779559653962,2,0,2,0,32,34,11.4702
356,358,1779559653962,1779559653962,1779559653972,1779559653993,1779559653993,1779559653985,1779559653996,23,0,21,2,11,34,12.0200
357,359,1779559653996,1779559653996,1779559654005,1779559654026,1779559654026,1779559654018,1779559654031,22,0,21,1,13,35,11.3167
358,360,1779559654030,1779559654030,1779559654040,1779559654066,1779559654066,1779559654058,1779559654065,28,0,26,2,7,35,10.9592
361,364,1779559654178,1779559654178,1779559654187,1779559654194,1779559654194,1779559654185,1779559654212,7,0,7,0,27,34,14.0507
362,365,1779559654212,1779559654212,1779559654221,1779559654248,1779559654248,1779559654239,1779559654254,27,0,27,0,15,42,13.9202
363,366,1779559654254,1779559654254,1779559654264,1779559654281,1779559654281,1779559654273,1779559654287,19,0,17,2,14,33,13.0670
364,367,1779559654287,1779559654287,1779559654296,1779559654319,1779559654319,1779559654310,1779559654321,23,0,23,0,11,34,12.4626
365,369,1779559654355,1779559654355,1779559654365,1779559654373,1779559654373,1779559654365,1779559654389,10,0,8,2,24,34,12.5546
366,370,1779559654389,1779559654389,1779559654399,1779559654411,1779559654411,1779559654402,1779559654424,13,0,12,1,22,35,11.9811
367,371,1779559654424,1779559654424,1779559654434,1779559654448,1779559654448,1779559654439,1779559654458,15,0,14,1,19,34,11.4019
369,373,1779559654493,1779559654493,1779559654503,1779559654537,1779559654537,1779559654528,1779559654535,35,0,34,1,7,42,13.4251
370,374,1779559654535,1779559654535,1779559654545,1779559654577,1779559654577,1779559654568,1779559654603,33,0,32,1,35,68,14.3385
371,376,1779559654603,1779559654603,1779559654613,1779559654632,1779559654632,1779559654624,1779559654637,21,0,19,2,13,34,14.8102
372,377,1779559654637,1779559654637,1779559654647,1779559654666,1779559654666,1779559654657,1779559654679,20,0,19,1,22,42,14.4509
373,378,1779559654679,1779559654679,1779559654689,1779559654704,1779559654704,1779559654696,1779559654713,17,0,15,2,17,34,13.9124
374,379,1779559654713,1779559654713,1779559654722,1779559654758,1779559654758,1779559654750,1779559654755,37,0,36,1,5,42,13.7994
375,380,1779559654754,1779559654754,1779559654764,1779559654792,1779559654792,1779559654783,1779559654787,29,0,28,1,4,33,12.9467
376,381,1779559654787,1779559654787,1779559654797,1779559654830,1779559654830,1779559654821,1779559654822,34,0,33,1,1,35,12.3700
377,383,1779559654856,1779559654856,1779559654865,1779559654884,1779559654884,1779559654875,1779559654890,19,0,19,0,15,34,12.5146
378,384,1779559654890,1779559654890,1779559654900,1779559654919,1779559654919,1779559654910,1779559654924,20,0,19,1,14,34,11.8050
379,385,1779559654924,1779559654924,1779559654934,1779559654957,1779559654957,1779559654949,1779559654958,25,0,23,2,9,34,11.3008
380,387,1779559654993,1779559654993,1779559655003,1779559655012,1779559655012,1779559655003,1779559655027,10,0,9,1,24,34,11.4709
381,388,1779559655027,1779559655027,1779559655037,1779559655046,1779559655046,1779559655037,1779559655062,10,0,9,1,25,35,10.7914
382,389,1779559655062,1779559655062,1779559655071,1779559655085,1779559655085,1779559655077,1779559655096,15,0,14,1,19,34,10.4950
384,391,1779559655130,1779559655130,1779559655139,1779559655172,1779559655172,1779559655164,1779559655166,34,0,33,1,2,36,12.3175
385,392,1779559655166,1779559655166,1779559655176,1779559655210,1779559655210,1779559655201,1779559655208,35,0,34,1,7,42,11.8967
386,394,1779559655241,1779559655241,1779559655250,1779559655264,1779559655264,1779559655256,1779559655284,15,0,14,1,28,43,12.4353
387,395,1779559655284,1779559655284,1779559655293,1779559655297,1779559655297,1779559655289,1779559655317,5,0,4,1,28,33,11.6703
388,396,1779559655317,1779559655317,1779559655326,1779559655335,1779559655335,1779559655327,1779559655351,10,0,9,1,24,34,11.1604
389,397,1779559655351,1779559655351,1779559655361,1779559655390,1779559655390,1779559655381,1779559655385,30,0,29,1,4,34,11.7069
390,398,1779559655385,1779559655385,1779559655395,1779559655425,1779559655425,1779559655417,1779559655420,32,0,30,2,3,35,11.0596
391,400,1779559655454,1779559655454,1779559655463,1779559655465,1779559655465,1779559655456,1779559655488,2,0,2,0,32,34,12.2090
392,401,1779559655488,1779559655488,1779559655498,1779559655519,1779559655519,1779559655510,1779559655523,22,0,21,1,13,35,12.6776
393,402,1779559655523,1779559655523,1779559655532,1779559655552,1779559655552,1779559655543,1779559655557,20,0,20,0,14,34,11.9612
394,403,1779559655557,1779559655557,1779559655566,1779559655590,1779559655590,1779559655581,1779559655591,24,0,24,0,10,34,11.4237
395,405,1779559655628,1779559655628,1779559655637,1779559655644,1779559655644,1779559655636,1779559655665,8,0,7,1,29,37,11.8902
398,407,1779559655708,1779559655708,1779559655717,1779559655770,1779559655770,1779559655761,1779559655788,53,0,53,0,27,80,14.1714
399,409,1779559655792,1779559655792,1779559655801,1779559655804,1779559655804,1779559655795,1779559655829,3,0,3,0,34,37,13.7345
400,410,1779559655829,1779559655829,1779559655839,1779559655841,1779559655841,1779559655833,1779559655869,4,0,2,2,36,40,13.0660
401,411,1779559655869,1779559655869,1779559655879,1779559655897,1779559655897,1779559655888,1779559655903,19,0,18,1,15,34,13.6209
402,412,1779559655903,1779559655903,1779559655913,1779559655931,1779559655931,1779559655922,1779559655938,19,0,18,1,16,35,12.7783
403,413,1779559655937,1779559655937,1779559655947,1779559655969,1779559655969,1779559655961,1779559655972,24,0,22,2,11,35,12.2540
404,415,1779559656006,1779559656006,1779559656015,1779559656024,1779559656024,1779559656015,1779559656040,9,0,9,0,25,34,12.3885
405,416,1779559656040,1779559656040,1779559656050,1779559656057,1779559656057,1779559656048,1779559656075,8,0,7,1,27,35,11.7045
406,417,1779559656075,1779559656075,1779559656084,1779559656095,1779559656095,1779559656086,1779559656109,11,0,11,0,23,34,11.1985
407,418,1779559656109,1779559656109,1779559656119,1779559656149,1779559656149,1779559656141,1779559656144,32,0,30,2,3,35,11.6856
410,422,1779559656258,1779559656258,1779559656267,1779559656275,1779559656275,1779559656266,1779559656300,8,0,8,0,34,42,15.8852
411,423,1779559656300,1779559656300,1779559656310,1779559656311,1779559656311,1779559656303,1779559656333,3,0,1,2,30,33,15.1478
412,424,1779559656333,1779559656333,1779559656342,1779559656350,1779559656350,1779559656342,1779559656367,9,0,8,1,25,34,14.4336
413,425,1779559656367,1779559656367,1779559656377,1779559656405,1779559656405,1779559656397,1779559656402,30,0,28,2,5,35,14.7955
414,426,1779559656402,1779559656402,1779559656411,1779559656439,1779559656439,1779559656431,1779559656436,29,0,28,1,5,34,13.8835
415,427,1779559656436,1779559656436,1779559656446,1779559656477,1779559656477,1779559656468,1779559656470,32,0,31,1,2,34,13.2480
416,429,1779559656505,1779559656505,1779559656514,1779559656531,1779559656531,1779559656522,1779559656539,17,0,17,0,17,34,13.3260
417,430,1779559656539,1779559656539,1779559656548,1779559656564,1779559656564,1779559656555,1779559656574,16,0,16,0,19,35,12.6030
418,431,1779559656574,1779559656574,1779559656583,1779559656601,1779559656601,1779559656593,1779559656608,19,0,18,1,15,34,12.0559
419,433,1779559656643,1779559656643,1779559656653,1779559656655,1779559656655,1779559656646,1779559656677,3,0,2,1,31,34,12.3050
422,436,1779559656756,1779559656756,1779559656765,1779559656779,1779559656779,1779559656770,1779559656792,14,0,14,0,22,36,15.5905
423,437,1779559656792,1779559656792,1779559656801,1779559656811,1779559656811,1779559656803,1779559656833,11,0,10,1,30,41,15.1298
424,438,1779559656833,1779559656833,1779559656842,1779559656849,1779559656849,1779559656840,1779559656866,7,0,7,0,26,33,14.4359
425,439,1779559656866,1779559656866,1779559656875,1779559656903,1779559656903,1779559656894,1779559656900,28,0,28,0,6,34,14.7531
426,440,1779559656900,1779559656900,1779559656910,1779559656937,1779559656937,1779559656928,1779559656935,28,0,27,1,7,35,13.8629
427,441,1779559656935,1779559656935,1779559656944,1779559656975,1779559656975,1779559656967,1779559656969,32,0,31,1,2,34,13.3001
428,443,1779559657004,1779559657004,1779559657013,1779559657029,1779559657029,1779559657021,1779559657038,17,0,16,1,17,34,13.4384
429,444,1779559657038,1779559657038,1779559657047,1779559657063,1779559657063,1779559657054,1779559657072,16,0,16,0,18,34,12.6142
430,445,1779559657072,1779559657072,1779559657081,1779559657101,1779559657101,1779559657092,1779559657106,20,0,20,0,14,34,12.0432
431,447,1779559657141,1779559657141,1779559657150,1779559657155,1779559657155,1779559657146,1779559657175,5,0,5,0,29,34,12.2148
432,448,1779559657175,1779559657175,1779559657185,1779559657188,1779559657188,1779559657180,1779559657210,5,0,3,2,30,35,11.5118
433,449,1779559657210,1779559657210,1779559657220,1779559657226,1779559657226,1779559657218,1779559657253,8,0,6,2,35,43,11.0815
434,450,1779559657253,1779559657253,1779559657262,1779559657282,1779559657282,1779559657273,1779559657286,20,0,20,0,13,33,11.7834
435,451,1779559657285,1779559657285,1779559657295,1779559657315,1779559657315,1779559657306,1779559657321,21,0,20,1,15,36,11.2203
436,452,1779559657321,1779559657321,1779559657331,1779559657353,1779559657353,1779559657344,1779559657363,23,0,22,1,19,42,10.7234
437,454,1779559657395,1779559657395,1779559657405,1779559657407,1779559657407,1779559657399,1779559657430,4,0,2,2,31,35,10.8167
438,455,1779559657430,1779559657430,1779559657439,1779559657441,1779559657441,1779559657432,1779559657465,2,0,2,0,33,35,10.2587
439,456,1779559657465,1779559657465,1779559657474,1779559657481,1779559657481,1779559657472,1779559657498,7,0,7,0,26,33,10.0060
440,457,1779559657498,1779559657498,1779559657508,1779559657535,1779559657535,1779559657526,1779559657533,28,0,27,1,7,35,10.5991
441,458,1779559657533,1779559657533,1779559657542,1779559657568,1779559657568,1779559657559,1779559657567,26,0,26,0,8,34,10.0031
442,459,1779559657567,1779559657567,1779559657576,1779559657606,1779559657606,1779559657597,1779559657601,30,0,30,0,4,34,9.6057
443,461,1779559657635,1779559657635,1779559657645,1779559657660,1779559657660,1779559657651,1779559657670,16,0,15,1,19,35,9.9093
444,462,1779559657670,1779559657670,1779559657679,1779559657693,1779559657693,1779559657684,1779559657705,14,0,14,0,21,35,9.4012
445,463,1779559657705,1779559657705,1779559657714,1779559657731,1779559657731,1779559657723,1779559657747,18,0,17,1,24,42,9.0729
446,464,1779559657747,1779559657747,1779559657756,1779559657785,1779559657786,1779559657777,1779559657780,30,1,29,0,3,33,9.8686
447,465,1779559657780,1779559657780,1779559657789,1779559657819,1779559657819,1779559657810,1779559657815,30,0,30,0,5,35,9.3680
448,466,1779559657815,1779559657815,1779559657824,1779559657857,1779559657857,1779559657849,1779559657857,34,0,33,1,8,42,8.9648
449,468,1779559657889,1779559657889,1779559657899,1779559657913,1779559657913,1779559657904,1779559657924,15,0,14,1,20,35,9.1645
450,469,1779559657924,1779559657924,1779559657933,1779559657946,1779559657946,1779559657938,1779559657958,14,0,13,1,20,34,8.6674
451,470,1779559657958,1779559657958,1779559657968,1779559657985,1779559657985,1779559657976,1779559657992,18,0,17,1,16,34,8.4190
452,472,1779559658026,1779559658026,1779559658036,1779559658040,1779559658040,1779559658031,1779559658061,5,0,4,1,30,35,8.7643
453,473,1779559658061,1779559658061,1779559658071,1779559658073,1779559658073,1779559658064,1779559658095,3,0,2,1,31,34,8.2725
454,474,1779559658095,1779559658095,1779559658105,1779559658110,1779559658110,1779559658102,1779559658130,7,0,5,2,28,35,7.9206
455,475,1779559658130,1779559658130,1779559658139,1779559658165,1779559658165,1779559658156,1779559658164,26,0,26,0,8,34,8.7041
456,476,1779559658164,1779559658164,1779559658174,1779559658198,1779559658198,1779559658189,1779559658199,25,0,24,1,10,35,8.2591
457,477,1779559658199,1779559658199,1779559658208,1779559658236,1779559658236,1779559658227,1779559658234,28,0,28,0,7,35,7.9373
458,479,1779559658276,1779559658276,1779559658285,1779559658290,1779559658290,1779559658281,1779559658309,5,0,5,0,28,33,8.7667
459,480,1779559658309,1779559658309,1779559658318,1779559658324,1779559658324,1779559658315,1779559658345,6,0,6,0,30,36,8.3775
460,481,1779559658345,1779559658345,1779559658355,1779559658362,1779559658362,1779559658353,1779559658386,8,0,7,1,33,41,8.0324
461,482,1779559658386,1779559658386,1779559658396,1779559658416,1779559658416,1779559658407,1779559658419,21,0,20,1,12,33,8.8585
462,483,1779559658419,1779559658419,1779559658429,1779559658448,1779559658448,1779559658440,1779559658454,21,0,19,2,14,35,8.4049
463,484,1779559658454,1779559658454,1779559658463,1779559658486,1779559658486,1779559658477,1779559658488,23,0,23,0,11,34,8.0559
464,486,1779559658522,1779559658522,1779559658532,1779559658540,1779559658540,1779559658531,1779559658556,9,0,8,1,25,34,8.4389
465,487,1779559658556,1779559658556,1779559658565,1779559658573,1779559658573,1779559658564,1779559658590,8,0,8,0,26,34,8.0028
466,488,1779559658590,1779559658590,1779559658600,1779559658611,1779559658611,1779559658603,1779559658625,13,0,11,2,22,35,7.7826
467,489,1779559658625,1779559658625,1779559658634,1779559658665,1779559658665,1779559658656,1779559658659,31,0,31,0,3,34,8.4794
468,490,1779559658659,1779559658659,1779559658668,1779559658698,1779559658698,1779559658690,1779559658693,31,0,30,1,3,34,8.0319
469,491,1779559658693,1779559658693,1779559658703,1779559658736,1779559658736,1779559658727,1779559658768,34,0,33,1,41,75,9.8488
470,493,1779559658772,1779559658772,1779559658782,1779559658790,1779559658790,1779559658781,1779559658806,9,0,8,1,25,34,10.2648
471,494,1779559658806,1779559658806,1779559658815,1779559658825,1779559658825,1779559658817,1779559658848,11,0,10,1,31,42,10.0120
472,495,1779559658848,1779559658848,1779559658858,1779559658865,1779559658865,1779559658857,1779559658881,9,0,7,2,24,33,9.8243
473,496,1779559658881,1779559658881,1779559658891,1779559658920,1779559658920,1779559658911,1779559658915,30,0,29,1,4,34,10.4554
474,497,1779559658915,1779559658915,1779559658925,1779559658953,1779559658953,1779559658945,1779559658949,30,0,28,2,4,34,9.8785
475,498,1779559658949,1779559658949,1779559658959,1779559658991,1779559658991,1779559658983,1779559658984,34,0,32,2,1,35,9.4849
476,500,1779559659018,1779559659018,1779559659027,1779559659046,1779559659046,1779559659038,1779559659052,20,0,19,1,14,34,9.7241
477,501,1779559659052,1779559659052,1779559659062,1779559659079,1779559659079,1779559659071,1779559659086,19,0,17,2,15,34,9.1209
478,502,1779559659086,1779559659086,1779559659096,1779559659117,1779559659117,1779559659109,1779559659121,23,0,21,2,12,35,8.7690
479,504,1779559659154,1779559659154,1779559659164,1779559659172,1779559659172,1779559659163,1779559659189,9,0,8,1,26,35,9.0870
480,505,1779559659189,1779559659189,1779559659198,1779559659205,1779559659205,1779559659196,1779559659223,7,0,7,0,27,34,8.6326
483,508,1779559659302,1779559659302,1779559659312,1779559659332,1779559659332,1779559659323,1779559659337,21,0,20,1,14,35,12.5251
484,509,1779559659337,1779559659337,1779559659347,1779559659370,1779559659370,1779559659362,1779559659379,25,0,23,2,17,42,11.9628
485,511,1779559659412,1779559659412,1779559659421,1779559659424,1779559659424,1779559659416,1779559659446,4,0,3,1,30,34,11.9786
486,512,1779559659446,1779559659446,1779559659455,1779559659457,1779559659457,1779559659449,1779559659480,3,0,2,1,31,34,11.3269
487,513,1779559659480,1779559659480,1779559659490,1779559659497,1779559659497,1779559659488,1779559659514,8,0,7,1,26,34,10.9399
488,514,1779559659514,1779559659514,1779559659524,1779559659552,1779559659552,1779559659543,1779559659549,29,0,28,1,6,35,11.5418
489,515,1779559659549,1779559659549,1779559659558,1779559659587,1779559659587,1779559659578,1779559659583,29,0,29,0,5,34,10.8463
490,516,1779559659583,1779559659583,1779559659593,1779559659626,1779559659626,1779559659617,1779559659652,34,0,33,1,35,69,12.0064
491,518,1779559659652,1779559659652,1779559659661,1779559659681,1779559659681,1779559659672,1779559659686,20,0,20,0,14,34,12.5662
492,519,1779559659686,1779559659686,1779559659695,1779559659714,1779559659714,1779559659705,1779559659720,19,0,19,0,15,34,11.8847
493,520,1779559659720,1779559659720,1779559659730,1779559659752,1779559659752,1779559659743,1779559659755,23,0,22,1,12,35,11.3692
494,521,1779559659755,1779559659755,1779559659764,1779559659806,1779559659806,1779559659797,1779559659830,42,0,42,0,33,75,11.9856
495,522,1779559659797,1779559659797,1779559659807,1779559659839,1779559659839,1779559659830,1779559659865,33,0,32,1,35,68,11.3890
496,524,1779559659865,1779559659865,1779559659875,1779559659877,1779559659877,1779559659868,1779559659907,3,0,2,1,39,42,10.9158
497,525,1779559659907,1779559659907,1779559659917,1779559659932,1779559659932,1779559659923,1779559659940,16,0,15,1,17,33,11.5879
498,526,1779559659940,1779559659940,1779559659950,1779559659965,1779559659965,1779559659956,1779559659974,16,0,15,1,18,34,10.9164
499,527,1779559659974,1779559659974,1779559659984,1779559660003,1779559660003,1779559659994,1779559660009,20,0,19,1,15,35,10.4253
500,529,1779559660043,1779559660043,1779559660053,1779559660057,1779559660057,1779559660048,1779559660078,5,0,4,1,30,35,10.6727
501,530,1779559660078,1779559660078,1779559660087,1779559660091,1779559660091,1779559660082,1779559660112,4,0,4,0,30,34,10.0364
502,531,1779559660112,1779559660112,1779559660122,1779559660129,1779559660129,1779559660120,1779559660146,8,0,7,1,26,34,9.6365
503,532,1779559660146,1779559660146,1779559660156,1779559660183,1779559660183,1779559660175,1779559660181,29,0,27,2,6,35,10.2984
504,533,1779559660181,1779559660181,1779559660191,1779559660217,1779559660217,1779559660208,1779559660215,27,0,26,1,7,34,9.7131
505,534,1779559660215,1779559660215,1779559660225,1779559660255,1779559660255,1779559660246,1779559660250,31,0,30,1,4,35,9.3183
506,536,1779559660285,1779559660285,1779559660294,1779559660309,1779559660309,1779559660300,1779559660328,15,0,15,0,28,43,10.2627
507,537,1779559660328,1779559660328,1779559660338,1779559660342,1779559660342,1779559660333,1779559660362,5,0,4,1,29,34,9.6891
508,538,1779559660362,1779559660362,1779559660372,1779559660380,1779559660380,1779559660371,1779559660405,9,0,8,1,34,43,9.3418
509,539,1779559660404,1779559660404,1779559660414,1779559660434,1779559660434,1779559660426,1779559660437,22,0,20,2,11,33,10.1379
510,540,1779559660437,1779559660437,1779559660447,1779559660468,1779559660473,1779559660464,1779559660472,27,5,21,1,8,35,9.7118
511,541,1779559660472,1779559660472,1779559660482,1779559660506,1779559660506,1779559660497,1779559660507,25,0,24,1,10,35,9.2150
512,543,1779559660549,1779559660549,1779559660559,1779559660560,1779559660560,1779559660551,1779559660582,2,0,1,1,31,33,9.9775
513,544,1779559660582,1779559660582,1779559660592,1779559660593,1779559660593,1779559660584,1779559660616,2,0,1,1,32,34,9.4276
514,545,1779559660616,1779559660616,1779559660626,1779559660631,1779559660631,1779559660622,1779559660651,6,0,5,1,29,35,9.0407
515,546,1779559660651,1779559660651,1779559660661,1779559660686,1779559660686,1779559660677,1779559660685,26,0,25,1,8,34,9.7874
516,547,1779559660685,1779559660685,1779559660695,1779559660719,1779559660719,1779559660710,1779559660720,25,0,24,1,10,35,9.2676
517,548,1779559660720,1779559660720,1779559660729,1779559660756,1779559660757,1779559660748,1779559660754,28,1,27,0,6,34,8.8872
518,550,1779559660789,1779559660789,1779559660799,1779559660811,1779559660811,1779559660802,1779559660832,13,0,12,1,30,43,9.8061
519,551,1779559660832,1779559660832,1779559660842,1779559660845,1779559660845,1779559660836,1779559660865,4,0,3,1,29,33,9.2529
520,552,1779559660865,1779559660865,1779559660875,1779559660884,1779559660884,1779559660875,1779559660909,10,0,9,1,34,44,8.9602
521,553,1779559660909,1779559660909,1779559660918,1779559660938,1779559660938,1779559660930,1779559660943,21,0,20,1,13,34,9.7144
522,554,1779559660943,1779559660943,1779559660952,1779559660971,1779559660971,1779559660963,1779559660977,20,0,19,1,14,34,9.1779
523,555,1779559660977,1779559660977,1779559660986,1779559661009,1779559661009,1779559661001,1779559661012,24,0,23,1,11,35,8.7870
524,557,1779559661045,1779559661045,1779559661055,1779559661064,1779559661064,1779559661055,1779559661080,10,0,9,1,25,35,9.1093
525,558,1779559661080,1779559661080,1779559661089,1779559661098,1779559661098,1779559661089,1779559661114,9,0,9,0,25,34,8.5728
526,559,1779559661114,1779559661114,1779559661124,1779559661136,1779559661136,1779559661127,1779559661149,13,0,12,1,22,35,8.2515
527,560,1779559661149,1779559661149,1779559661158,1779559661190,1779559661190,1779559661181,1779559661183,32,0,32,0,2,34,8.9620
528,561,1779559661183,1779559661183,1779559661193,1779559661223,1779559661223,1779559661214,1779559661217,31,0,30,1,3,34,8.4605
529,562,1779559661217,1779559661217,1779559661227,1779559661261,1779559661261,1779559661252,1779559661286,35,0,34,1,34,69,9.8575
530,564,1779559661286,1779559661286,1779559661296,1779559661316,1779559661316,1779559661307,1779559661322,21,0,20,1,15,36,10.4263
531,565,1779559661322,1779559661322,1779559661332,1779559661349,1779559661349,1779559661340,1779559661363,18,0,17,1,23,41,10.2988
532,566,1779559661363,1779559661363,1779559661373,1779559661387,1779559661387,1779559661378,1779559661396,15,0,14,1,18,33,9.9781
533,568,1779559661431,1779559661431,1779559661440,1779559661441,1779559661441,1779559661432,1779559661465,1,0,1,0,33,34,10.2687
535,570,1779559661499,1779559661499,1779559661509,1779559661514,1779559661514,1779559661506,1779559661534,7,0,5,2,28,35,9.3990
536,571,1779559661534,1779559661534,1779559661543,1779559661568,1779559661568,1779559661559,1779559661568,25,0,25,0,9,34,9.9877
537,572,1779559661568,1779559661568,1779559661577,1779559661601,1779559661601,1779559661593,1779559661603,25,0,24,1,10,35,9.4062
538,573,1779559661603,1779559661603,1779559661612,1779559661639,1779559661639,1779559661631,1779559661637,28,0,27,1,6,34,9.0712
539,575,1779559661671,1779559661671,1779559661681,1779559661693,1779559661693,1779559661685,1779559661706,14,0,12,2,21,35,9.4933
540,576,1779559661705,1779559661705,1779559661715,1779559661727,1779559661727,1779559661718,1779559661740,13,0,12,1,22,35,8.9095
541,577,1779559661739,1779559661739,1779559661749,1779559661765,1779559661765,1779559661756,1779559661775,17,0,16,1,19,36,8.5400
544,580,1779559661852,1779559661852,1779559661862,1779559661891,1779559661891,1779559661882,1779559661886,30,0,29,1,4,34,10.0632
545,581,1779559661886,1779559661886,1779559661896,1779559661945,1779559661945,1779559661936,1779559661962,50,0,49,1,26,76,10.7726
546,583,1779559661965,1779559661965,1779559661974,1779559661978,1779559661978,1779559661969,1779559661999,4,0,4,0,30,34,10.3766
547,584,1779559661999,1779559661999,1779559662008,1779559662016,1779559662016,1779559662007,1779559662034,8,0,8,0,27,35,9.9368
548,585,1779559662034,1779559662034,1779559662043,1779559662070,1779559662070,1779559662061,1779559662074,27,0,27,0,13,40,10.5635
549,586,1779559662074,1779559662074,1779559662084,1779559662104,1779559662104,1779559662096,1779559662103,22,0,20,2,7,29,9.9506
550,587,1779559662102,1779559662102,1779559662112,1779559662144,1779559662144,1779559662136,1779559662136,34,0,32,2,0,34,9.7798
551,589,1779559662171,1779559662171,1779559662181,1779559662199,1779559662199,1779559662191,1779559662205,20,0,18,2,14,34,10.0754
552,590,1779559662205,1779559662205,1779559662214,1779559662233,1779559662233,1779559662224,1779559662239,19,0,19,0,15,34,9.4766
553,591,1779559662239,1779559662239,1779559662249,1779559662271,1779559662271,1779559662262,1779559662274,23,0,22,1,12,35,9.1174
554,593,1779559662308,1779559662308,1779559662319,1779559662326,1779559662326,1779559662317,1779559662351,9,0,7,2,34,43,9.9178
555,594,1779559662350,1779559662350,1779559662360,1779559662362,1779559662362,1779559662353,1779559662383,3,0,2,1,30,33,9.5183
556,595,1779559662383,1779559662383,1779559662392,1779559662399,1779559662399,1779559662391,1779559662419,8,0,7,1,28,36,9.0053
557,596,1779559662419,1779559662419,1779559662428,1779559662454,1779559662454,1779559662445,1779559662460,26,0,26,0,15,41,9.2959
558,597,1779559662460,1779559662460,1779559662469,1779559662487,1779559662487,1779559662478,1779559662493,18,0,18,0,15,33,8.7195
559,598,1779559662493,1779559662493,1779559662502,1779559662525,1779559662525,1779559662516,1779559662527,23,0,23,0,11,34,8.4198
560,600,1779559662562,1779559662562,1779559662571,1779559662579,1779559662579,1779559662570,1779559662596,8,0,8,0,26,34,8.8053
561,601,1779559662596,1779559662596,1779559662605,1779559662612,1779559662612,1779559662603,1779559662631,7,0,7,0,28,35,8.3788
562,602,1779559662631,1779559662631,1779559662640,1779559662651,1779559662651,1779559662642,1779559662665,11,0,11,0,23,34,8.1685
563,603,1779559662665,1779559662665,1779559662674,1779559662705,1779559662705,1779559662697,1779559662699,32,0,31,1,2,34,8.9498
564,604,1779559662699,1779559662699,1779559662708,1779559662738,1779559662738,1779559662730,1779559662733,31,0,30,1,3,34,8.4717
565,606,1779559662768,1779559662768,1779559662777,1779559662777,1779559662777,1779559662769,1779559662803,1,0,0,1,34,35,9.9026
566,607,1779559662803,1779559662803,1779559662812,1779559662831,1779559662832,1779559662823,1779559662837,20,1,19,0,14,34,10.6018
567,608,1779559662837,1779559662837,1779559662846,1779559662864,1779559662864,1779559662855,1779559662879,18,0,18,0,24,42,10.5844
568,609,1779559662879,1779559662879,1779559662889,1779559662902,1779559662902,1779559662893,1779559662912,14,0,13,1,19,33,10.2164
569,610,1779559662912,1779559662912,1779559662921,1779559662956,1779559662956,1779559662948,1779559662954,36,0,35,1,6,42,10.3302
570,611,1779559662954,1779559662954,1779559662964,1779559662990,1779559662990,1779559662981,1779559662988,27,0,26,1,7,34,9.7341
571,612,1779559662987,1779559662987,1779559662997,1779559663028,1779559663028,1779559663019,1779559663021,32,0,31,1,2,34,9.3887
572,614,1779559663055,1779559663055,1779559663064,1779559663083,1779559663083,1779559663074,1779559663090,19,0,19,0,16,35,9.6542
573,615,1779559663090,1779559663090,1779559663099,1779559663116,1779559663116,1779559663108,1779559663124,18,0,17,1,16,34,9.0796
574,616,1779559663124,1779559663124,1779559663134,1779559663155,1779559663155,1779559663146,1779559663158,22,0,21,1,12,34,8.7586
575,618,1779559663193,1779559663193,1779559663202,1779559663209,1779559663209,1779559663200,1779559663227,7,0,7,0,27,34,9.1128
576,619,1779559663227,1779559663227,1779559663236,1779559663243,1779559663243,1779559663235,1779559663261,8,0,7,1,26,34,8.5729
577,620,1779559663261,1779559663261,1779559663271,1779559663281,1779559663281,1779559663273,1779559663295,12,0,10,2,22,34,8.2154
578,621,1779559663295,1779559663295,1779559663306,1779559663335,1779559663335,1779559663326,1779559663331,31,0,29,2,5,36,8.8715
579,622,1779559663331,1779559663331,1779559663340,1779559663368,1779559663368,1779559663359,1779559663372,28,0,28,0,13,41,8.8299
580,623,1779559663372,1779559663372,1779559663381,1779559663406,1779559663406,1779559663397,1779559663445,25,0,25,0,48,73,10.4826
581,625,1779559663448,1779559663448,1779559663458,1779559663460,1779559663460,1779559663451,1779559663483,3,0,2,1,32,35,10.8636
582,626,1779559663483,1779559663483,1779559663492,1779559663493,1779559663493,1779559663484,1779559663517,1,0,1,0,33,34,10.2410
583,627,1779559663516,1779559663516,1779559663526,1779559663531,1779559663531,1779559663522,1779559663551,6,0,5,1,29,35,9.8198
584,628,1779559663551,1779559663551,1779559663561,1779559663584,1779559663585,1779559663576,1779559663585,25,1,23,1,9,34,10.4626
585,629,1779559663585,1779559663585,1779559663594,1779559663617,1779559663617,1779559663609,1779559663619,24,0,23,1,10,34,9.9035
586,630,1779559663619,1779559663619,1779559663629,1779559663656,1779559663656,1779559663647,1779559663654,28,0,27,1,7,35,9.5254
587,632,1779559663687,1779559663687,1779559663697,1779559663710,1779559663710,1779559663701,1779559663722,14,0,13,1,21,35,9.8623
588,633,1779559663722,1779559663722,1779559663732,1779559663742,1779559663743,1779559663734,1779559663756,12,1,10,1,22,34,9.2896
589,634,1779559663756,1779559663756,1779559663766,1779559663781,1779559663781,1779559663772,1779559663791,16,0,15,1,19,35,8.9180
590,636,1779559663825,1779559663825,1779559663835,1779559663835,1779559663835,1779559663827,1779559663860,2,0,0,2,33,35,9.2305
592,637,1779559663860,1779559663860,1779559663869,1779559663906,1779559663906,1779559663898,1779559663903,38,0,37,1,5,43,11.0686
593,638,1779559663903,1779559663903,1779559663912,1779559663962,1779559663962,1779559663953,1779559663976,50,0,50,0,23,73,11.4945
594,640,1779559663979,1779559663979,1779559663988,1779559663995,1779559663995,1779559663986,1779559664013,7,0,7,0,27,34,11.0347
595,641,1779559664013,1779559664013,1779559664022,1779559664033,1779559664033,1779559664025,1779559664047,12,0,11,1,22,34,10.6345
596,642,1779559664047,1779559664047,1779559664057,1779559664088,1779559664088,1779559664080,1779559664082,33,0,31,2,2,35,11.2620
597,643,1779559664081,1779559664081,1779559664091,1779559664122,1779559664122,1779559664113,1779559664116,32,0,31,1,3,35,10.6390
598,645,1779559664150,1779559664150,1779559664160,1779559664160,1779559664160,1779559664151,1779559664185,1,0,0,1,34,35,11.8978
599,646,1779559664185,1779559664185,1779559664194,1779559664215,1779559664215,1779559664206,1779559664219,21,0,21,0,13,34,12.4627
600,647,1779559664219,1779559664219,1779559664228,1779559664248,1779559664248,1779559664239,1779559664253,20,0,20,0,14,34,11.7865
601,648,1779559664253,1779559664253,1779559664263,1779559664286,1779559664286,1779559664277,1779559664287,24,0,23,1,10,34,11.3048
602,650,1779559664322,1779559664322,1779559664331,1779559664340,1779559664340,1779559664332,1779559664356,10,0,9,1,24,34,11.4827
603,651,1779559664356,1779559664356,1779559664366,1779559664374,1779559664374,1779559664366,1779559664392,10,0,8,2,26,36,10.9442
604,652,1779559664392,1779559664392,1779559664402,1779559664412,1779559664412,1779559664403,1779559664435,11,0,10,1,32,43,10.5269
607,655,1779559664512,1779559664512,1779559664521,1779559664537,1779559664537,1779559664528,1779559664545,16,0,16,0,17,33,11.7465
608,657,1779559664580,1779559664580,1779559664589,1779559664591,1779559664591,1779559664583,1779559664614,3,0,2,1,31,34,11.8914
609,658,1779559664614,1779559664614,1779559664624,1779559664625,1779559664625,1779559664616,1779559664649,2,0,1,1,33,35,11.2204
610,659,1779559664648,1779559664648,1779559664658,1779559664663,1779559664663,1779559664654,1779559664683,6,0,5,1,29,35,10.7216
611,660,1779559664683,1779559664683,1779559664693,1779559664717,1779559664717,1779559664709,1779559664717,26,0,24,2,8,34,11.3677
612,661,1779559664717,1779559664717,1779559664727,1779559664751,1779559664751,1779559664742,1779559664752,25,0,24,1,10,35,10.7467
613,662,1779559664752,1779559664752,1779559664761,1779559664789,1779559664789,1779559664780,1779559664786,28,0,28,0,6,34,10.2962
614,664,1779559664821,1779559664821,1779559664830,1779559664843,1779559664843,1779559664835,1779559664855,14,0,13,1,20,34,10.5897
617,667,1779559664934,1779559664934,1779559664944,1779559664969,1779559664969,1779559664961,1779559664968,27,0,25,2,7,34,14.2829
618,668,1779559664968,1779559664968,1779559664978,1779559665002,1779559665002,1779559664994,1779559665012,26,0,24,2,18,44,14.0029
619,669,1779559665012,1779559665012,1779559665021,1779559665040,1779559665040,1779559665032,1779559665045,20,0,19,1,13,33,13.4684
620,671,1779559665079,1779559665079,1779559665088,1779559665095,1779559665095,1779559665086,1779559665114,7,0,7,0,28,35,13.5903
621,672,1779559665114,1779559665114,1779559665123,1779559665128,1779559665128,1779559665120,1779559665148,6,0,5,1,28,34,12.7471
622,673,1779559665148,1779559665148,1779559665158,1779559665167,1779559665167,1779559665159,1779559665183,11,0,9,2,24,35,12.1356
623,674,1779559665183,1779559665183,1779559665193,1779559665222,1779559665222,1779559665213,1779559665217,30,0,29,1,4,34,12.6726
624,675,1779559665217,1779559665217,1779559665227,1779559665255,1779559665255,1779559665247,1779559665252,30,0,28,2,5,35,11.9626
625,676,1779559665252,1779559665252,1779559665261,1779559665295,1779559665295,1779559665286,1779559665320,34,0,34,0,34,68,13.0114
626,678,1779559665320,1779559665320,1779559665330,1779559665349,1779559665349,1779559665341,1779559665355,21,0,19,2,14,35,13.4953
627,679,1779559665355,1779559665355,1779559665364,1779559665382,1779559665382,1779559665374,1779559665389,19,0,18,1,15,34,12.7590
628,680,1779559665389,1779559665389,1779559665399,1779559665421,1779559665421,1779559665412,1779559665432,23,0,22,1,20,43,12.2618
631,684,1779559665541,1779559665541,1779559665550,1779559665552,1779559665552,1779559665543,1779559665575,2,0,2,0,32,34,14.8335
632,685,1779559665575,1779559665575,1779559665585,1779559665607,1779559665607,1779559665598,1779559665609,23,0,22,1,11,34,15.2060
633,686,1779559665609,1779559665609,1779559665619,1779559665641,1779559665641,1779559665632,1779559665647,23,0,22,1,15,38,14.4589
634,687,1779559665647,1779559665647,1779559665656,1779559665679,1779559665679,1779559665670,1779559665686,23,0,23,0,16,39,13.6657
636,689,1779559665724,1779559665724,1779559665734,1779559665766,1779559665766,1779559665758,1779559665763,34,0,32,2,5,39,15.3164
637,690,1779559665763,1779559665763,1779559665772,1779559665805,1779559665805,1779559665797,1779559665802,34,0,33,1,5,39,14.3908
638,692,1779559665840,1779559665840,1779559665850,1779559665859,1779559665859,1779559665851,1779559665878,11,0,9,2,27,38,14.8602
639,693,1779559665878,1779559665878,1779559665887,1779559665893,1779559665893,1779559665884,1779559665914,6,0,6,0,30,36,14.0814
640,694,1779559665913,1779559665913,1779559665923,1779559665931,1779559665931,1779559665922,1779559665957,9,0,8,1,35,44,13.5268
641,695,1779559665957,1779559665957,1779559665966,1779559665985,1779559665985,1779559665976,1779559665989,19,0,19,0,13,32,14.0440
642,696,1779559665989,1779559665989,1779559665998,1779559666018,1779559666018,1779559666010,1779559666025,21,0,20,1,15,36,13.2941
643,697,1779559666025,1779559666025,1779559666034,1779559666057,1779559666057,1779559666048,1779559666066,23,0,23,0,18,41,12.6511
644,699,1779559666099,1779559666099,1779559666108,1779559666111,1779559666111,1779559666102,1779559666133,3,0,3,0,31,34,12.6980
645,700,1779559666133,1779559666133,1779559666143,1779559666144,1779559666144,1779559666135,1779559666167,2,0,1,1,32,34,11.9713
646,701,1779559666167,1779559666167,1779559666177,1779559666182,1779559666182,1779559666173,1779559666202,6,0,5,1,29,35,11.4176
647,702,1779559666202,1779559666202,1779559666212,1779559666237,1779559666237,1779559666228,1779559666236,26,0,25,1,8,34,12.0395
648,703,1779559666236,1779559666236,1779559666245,1779559666270,1779559666270,1779559666261,1779559666270,25,0,25,0,9,34,11.3819
649,704,1779559666270,1779559666270,1779559666280,1779559666309,1779559666309,1779559666300,1779559666305,30,0,29,1,5,35,10.9581
650,706,1779559666339,1779559666339,1779559666348,1779559666363,1779559666363,1779559666354,1779559666373,15,0,15,0,19,34,11.1796
651,707,1779559666373,1779559666373,1779559666383,1779559666396,1779559666396,1779559666388,1779559666408,15,0,13,2,20,35,10.5600
652,708,1779559666408,1779559666408,1779559666417,1779559666434,1779559666434,1779559666425,1779559666444,17,0,17,0,19,36,10.0045
653,709,1779559666444,1779559666444,1779559666453,1779559666487,1779559666488,1779559666479,1779559666486,35,1,34,0,7,42,10.1145
656,713,1779559666596,1779559666596,1779559666605,1779559666618,1779559666618,1779559666609,1779559666631,13,0,13,0,22,35,13.6926
657,714,1779559666631,1779559666631,1779559666640,1779559666651,1779559666651,1779559666642,1779559666665,11,0,11,0,23,34,12.9010
658,715,1779559666665,1779559666665,1779559666675,1779559666690,1779559666690,1779559666681,1779559666699,16,0,15,1,18,34,12.3862
659,717,1779559666735,1779559666735,1779559666744,1779559666745,1779559666745,1779559666736,1779559666768,1,0,1,0,32,33,12.4610
661,719,1779559666802,1779559666802,1779559666812,1779559666816,1779559666816,1779559666807,1779559666837,5,0,4,1,30,35,11.2349
662,720,1779559666837,1779559666837,1779559666847,1779559666870,1779559666870,1779559666861,1779559666871,24,0,23,1,10,34,11.7900
663,721,1779559666871,1779559666871,1779559666881,1779559666904,1779559666905,1779559666896,1779559666906,25,1,23,1,10,35,11.0827
664,722,1779559666905,1779559666905,1779559666915,1779559666943,1779559666943,1779559666934,1779559666982,29,0,28,1,48,77,12.7736
665,724,1779559666986,1779559666986,1779559666995,1779559666997,1779559666997,1779559666989,1779559667020,3,0,2,1,31,34,12.9986
668,727,1779559667095,1779559667095,1779559667106,1779559667123,1779559667123,1779559667115,1779559667130,20,0,17,3,15,35,14.1951
669,728,1779559667130,1779559667130,1779559667139,1779559667156,1779559667156,1779559667148,1779559667164,18,0,17,1,16,34,13.4765
670,729,1779559667164,1779559667164,1779559667174,1779559667194,1779559667194,1779559667185,1779559667198,21,0,20,1,13,34,12.8848
671,731,1779559667233,1779559667233,1779559667242,1779559667248,1779559667248,1779559667239,1779559667267,6,0,6,0,28,34,12.9966
672,732,1779559667267,1779559667267,1779559667277,1779559667281,1779559667281,1779559667272,1779559667301,5,0,4,1,29,34,12.2417
673,733,1779559667301,1779559667301,1779559667310,1779559667321,1779559667321,1779559667312,1779559667335,11,0,11,0,23,34,11.8438
674,734,1779559667335,1779559667335,1779559667345,1779559667375,1779559667375,1779559667366,1779559667369,31,0,30,1,3,34,12.3352
675,735,1779559667369,1779559667369,1779559667379,1779559667408,1779559667408,1779559667399,1779559667404,30,0,29,1,5,35,11.6898
676,736,1779559667404,1779559667404,1779559667414,1779559667445,1779559667445,1779559667437,1779559667439,33,0,31,2,2,35,11.1994
677,738,1779559667482,1779559667482,1779559667491,1779559667500,1779559667500,1779559667491,1779559667515,9,0,9,0,24,33,11.9107
678,739,1779559667515,1779559667515,1779559667525,1779559667533,1779559667533,1779559667524,1779559667557,9,0,8,1,33,42,11.7111
679,740,1779559667557,1779559667557,1779559667566,1779559667571,1779559667571,1779559667562,1779559667590,5,0,5,0,28,33,11.2968
680,741,1779559667590,1779559667590,1779559667599,1779559667625,1779559667625,1779559667617,1779559667624,27,0,26,1,7,34,11.8721
681,742,1779559667624,1779559667624,1779559667634,1779559667659,1779559667659,1779559667650,1779559667658,26,0,25,1,8,34,11.1873
682,743,1779559667658,1779559667658,1779559667668,1779559667698,1779559667698,1779559667689,1779559667693,31,0,30,1,4,35,10.7501
683,745,1779559667726,1779559667726,1779559667736,1779559667752,1779559667752,1779559667744,1779559667761,18,0,16,2,17,35,10.9632
684,746,1779559667761,1779559667761,1779559667771,1779559667787,1779559667787,1779559667778,1779559667795,17,0,16,1,17,34,10.3435
685,747,1779559667795,1779559667795,1779559667805,1779559667825,1779559667825,1779559667816,1779559667830,21,0,20,1,14,35,9.9176
686,749,1779559667864,1779559667864,1779559667873,1779559667879,1779559667879,1779559667871,1779559667898,7,0,6,1,27,34,10.1407
687,750,1779559667898,1779559667898,1779559667907,1779559667913,1779559667914,1779559667906,1779559667933,8,1,6,1,27,35,9.5097
688,751,1779559667933,1779559667933,1779559667942,1779559667952,1779559667952,1779559667944,1779559667967,11,0,10,1,23,34,9.1473
689,752,1779559667967,1779559667967,1779559667977,1779559668008,1779559668008,1779559667999,1779559668010,32,0,31,1,11,43,9.3618
690,753,1779559668010,1779559668010,1779559668019,1779559668041,1779559668041,1779559668033,1779559668043,23,0,22,1,10,33,8.8463
691,754,1779559668043,1779559668043,1779559668052,1779559668079,1779559668079,1779559668071,1779559668084,28,0,27,1,13,41,8.5250
692,756,1779559668117,1779559668117,1779559668126,1779559668133,1779559668133,1779559668125,1779559668151,8,0,7,1,26,34,8.8782
693,757,1779559668151,1779559668151,1779559668161,1779559668166,1779559668166,1779559668157,1779559668186,6,0,5,1,29,35,8.3940
694,758,1779559668186,1779559668186,1779559668195,1779559668204,1779559668204,1779559668195,1779559668220,9,0,9,0,25,34,8.0624
695,759,1779559668220,1779559668220,1779559668230,1779559668257,1779559668258,1779559668249,1779559668254,29,1,27,1,5,34,8.8111
696,760,1779559668254,1779559668254,1779559668264,1779559668292,1779559668292,1779559668284,1779559668288,30,0,28,2,4,34,8.3338
697,762,1779559668323,1779559668323,1779559668332,1779559668335,1779559668335,1779559668326,1779559668357,3,0,3,0,31,34,9.4795
698,763,1779559668357,1779559668357,1779559668366,1779559668388,1779559668388,1779559668380,1779559668391,23,0,22,1,11,34,10.1233
699,764,1779559668391,1779559668391,1779559668401,1779559668422,1779559668422,1779559668413,1779559668426,22,0,21,1,13,35,9.6115
700,765,1779559668426,1779559668426,1779559668436,1779559668460,1779559668460,1779559668451,1779559668460,25,0,24,1,9,34,9.2454
703,769,1779559668579,1779559668579,1779559668589,1779559668591,1779559668591,1779559668582,1779559668613,3,0,2,1,31,34,13.2583
704,770,1779559668613,1779559668613,1779559668622,1779559668645,1779559668645,1779559668637,1779559668647,24,0,23,1,10,34,13.7100
705,771,1779559668647,1779559668647,1779559668657,1779559668679,1779559668679,1779559668670,1779559668682,23,0,22,1,12,35,12.9536
706,772,1779559668682,1779559668682,1779559668691,1779559668717,1779559668717,1779559668708,1779559668716,26,0,26,0,8,34,12.3961
707,774,1779559668751,1779559668751,1779559668760,1779559668771,1779559668771,1779559668762,1779559668785,11,0,11,0,23,34,12.5426
708,775,1779559668785,1779559668785,1779559668794,1779559668807,1779559668807,1779559668799,1779559668819,14,0,13,1,20,34,11.9238
709,776,1779559668819,1779559668819,1779559668828,1779559668845,1779559668845,1779559668836,1779559668854,17,0,17,0,18,35,11.3159
710,778,1779559668888,1779559668888,1779559668897,1779559668899,1779559668899,1779559668890,1779559668922,2,0,2,0,32,34,11.5197
711,779,1779559668922,1779559668922,1779559668932,1779559668932,1779559668932,1779559668924,1779559668957,2,0,0,2,33,35,10.8164
712,780,1779559668957,1779559668957,1779559668966,1779559668972,1779559668972,1779559668963,1779559668992,6,0,6,0,29,35,10.3479
713,781,1779559668992,1779559668992,1779559669002,1779559669028,1779559669028,1779559669019,1779559669035,27,0,26,1,16,43,10.5614
716,785,1779559669145,1779559669145,1779559669155,1779559669158,1779559669158,1779559669149,1779559669180,4,0,3,1,31,35,14.1152
717,786,1779559669180,1779559669180,1779559669190,1779559669193,1779559669193,1779559669184,1779559669214,4,0,3,1,30,34,13.2914
718,787,1779559669214,1779559669214,1779559669224,1779559669232,1779559669232,1779559669223,1779559669249,9,0,8,1,26,35,12.7463
719,788,1779559669249,1779559669249,1779559669258,1779559669287,1779559669287,1779559669278,1779559669284,29,0,29,0,6,35,13.2105
720,789,1779559669284,1779559669284,1779559669293,1779559669321,1779559669321,1779559669312,1779559669317,28,0,28,0,5,33,12.3982
721,790,1779559669317,1779559669317,1779559669327,1779559669360,1779559669360,1779559669351,1779559669352,34,0,33,1,1,35,11.8898
722,792,1779559669387,1779559669387,1779559669396,1779559669415,1779559669415,1779559669406,1779559669421,19,0,19,0,15,34,11.9996
723,793,1779559669421,1779559669421,1779559669430,1779559669449,1779559669449,1779559669440,1779559669456,19,0,19,0,16,35,11.2933
724,794,1779559669456,1779559669456,1779559669465,1779559669487,1779559669487,1779559669478,1779559669531,22,0,22,0,53,75,12.9364
725,795,1779559669531,1779559669531,1779559669541,1779559669541,1779559669541,1779559669532,1779559669535,1,0,0,1,3,4,15.2886
726,796,1779559669535,1779559669535,1779559669544,1779559669574,1779559669574,1779559669565,1779559669570,30,0,30,0,5,35,14.4592
727,797,1779559669570,1779559669570,1779559669579,1779559669612,1779559669612,1779559669603,1779559669612,33,0,33,0,9,42,13.8275
728,799,1779559669644,1779559669644,1779559669654,1779559669666,1779559669666,1779559669658,1779559669679,14,0,12,2,21,35,13.7134
729,800,1779559669679,1779559669679,1779559669688,1779559669700,1779559669700,1779559669692,1779559669714,13,0,12,1,22,35,12.9130
730,801,1779559669714,1779559669714,1779559669723,1779559669739,1779559669739,1779559669730,1779559669748,16,0,16,0,18,34,12.3490
731,803,1779559669783,1779559669783,1779559669792,1779559669793,1779559669793,1779559669784,1779559669817,1,0,1,0,33,34,12.5070
733,805,1779559669852,1779559669852,1779559669861,1779559669865,1779559669865,1779559669856,1779559669886,4,0,4,0,30,34,11.3906
734,806,1779559669886,1779559669886,1779559669895,1779559669919,1779559669919,1779559669911,1779559669920,25,0,24,1,9,34,11.9928
735,807,1779559669920,1779559669920,1779559669929,1779559669955,1779559669955,1779559669946,1779559669954,26,0,26,0,8,34,11.2785
736,808,1779559669954,1779559669954,1779559669964,1779559669994,1779559669994,1779559669985,1779559669989,31,0,30,1,4,35,10.8645
737,809,1779559669989,1779559669989,1779559669998,1779559670048,1779559670048,1779559670040,1779559670065,51,0,50,1,25,76,11.5735
738,810,1779559670065,1779559670065,1779559670074,1779559670082,1779559670082,1779559670076,1779559670103,11,0,8,3,27,38,11.1172
739,812,1779559670103,1779559670103,1779559670113,1779559670120,1779559670120,1779559670111,1779559670145,8,0,7,1,34,42,10.6741
740,813,1779559670145,1779559670145,1779559670155,1779559670174,1779559670174,1779559670166,1779559670178,21,0,19,2,12,33,11.3941
741,814,1779559670178,1779559670178,1779559670187,1779559670211,1779559670211,1779559670202,1779559670213,24,0,24,0,11,35,10.7319
742,815,1779559670213,1779559670213,1779559670223,1779559670248,1779559670248,1779559670240,1779559670247,27,0,25,2,7,34,10.2409
743,817,1779559670281,1779559670281,1779559670291,1779559670304,1779559670304,1779559670295,1779559670316,14,0,13,1,21,35,10.3759
744,818,1779559670316,1779559670316,1779559670325,1779559670338,1779559670338,1779559670329,1779559670350,13,0,13,0,21,34,9.7710
745,819,1779559670350,1779559670350,1779559670360,1779559670377,1779559670377,1779559670368,1779559670384,18,0,17,1,16,34,9.4848
746,821,1779559670418,1779559670418,1779559670428,1779559670431,1779559670431,1779559670423,1779559670453,5,0,3,2,30,35,9.8387
747,822,1779559670453,1779559670453,1779559670463,1779559670465,1779559670465,1779559670456,1779559670488,3,0,2,1,32,35,9.2387
748,823,1779559670488,1779559670488,1779559670497,1779559670503,1779559670508,1779559670500,1779559670524,12,5,6,1,24,36,9.1627
749,824,1779559670524,1779559670524,1779559670533,1779559670557,1779559670557,1779559670549,1779559670565,25,0,24,1,16,41,9.0528
750,825,1779559670565,1779559670565,1779559670575,1779559670590,1779559670590,1779559670582,1779559670598,17,0,15,2,16,33,8.4932
751,826,1779559670598,1779559670598,1779559670608,1779559670628,1779559670628,1779559670620,1779559670641,22,0,20,2,21,43,8.2635
753,828,1779559670674,1779559670674,1779559670683,1779559670718,1779559670718,1779559670710,1779559670710,36,0,35,1,0,36,10.3819
754,829,1779559670710,1779559670710,1779559670720,1779559670757,1779559670758,1779559670749,1779559670752,39,1,37,1,3,42,9.9105
755,831,1779559670785,1779559670785,1779559670794,1779559670812,1779559670812,1779559670804,1779559670819,19,0,18,1,15,34,10.0642
756,832,1779559670819,1779559670819,1779559670829,1779559670846,1779559670846,1779559670837,1779559670853,18,0,17,1,16,34,9.4962
757,833,1779559670853,1779559670853,1779559670863,1779559670885,1779559670885,1779559670877,1779559670887,24,0,22,2,10,34,9.2680
758,835,1779559670922,1779559670922,1779559670932,1779559670939,1779559670939,1779559670931,1779559670956,9,0,7,2,25,34,9.6113
759,836,1779559670956,1779559670956,1779559670966,1779559670973,1779559670973,1779559670964,1779559670991,8,0,7,1,27,35,9.1256
760,837,1779559670991,1779559670991,1779559671001,1779559671011,1779559671011,1779559671002,1779559671025,11,0,10,1,23,34,8.7943
761,838,1779559671025,1779559671025,1779559671035,1779559671065,1779559671065,1779559671057,1779559671070,32,0,30,2,13,45,8.9121
764,842,1779559671180,1779559671180,1779559671190,1779559671194,1779559671194,1779559671185,1779559671215,5,0,4,1,30,35,12.8369
765,843,1779559671215,1779559671215,1779559671224,1779559671228,1779559671228,1779559671219,1779559671249,4,0,4,0,30,34,12.0539
766,844,1779559671249,1779559671249,1779559671259,1779559671267,1779559671267,1779559671258,1779559671284,9,0,8,1,26,35,11.5657
767,845,1779559671284,1779559671284,1779559671293,1779559671321,1779559671321,1779559671313,1779559671318,29,0,28,1,5,34,12.1528
768,846,1779559671318,1779559671318,1779559671327,1779559671355,1779559671355,1779559671346,1779559671352,28,0,28,0,6,34,11.4519
769,847,1779559671352,1779559671352,1779559671361,1779559671393,1779559671393,1779559671384,1779559671386,32,0,32,0,2,34,10.9811
770,849,1779559671420,1779559671420,1779559671430,1779559671447,1779559671447,1779559671439,1779559671454,19,0,17,2,15,34,11.1359
771,850,1779559671454,1779559671454,1779559671464,1779559671480,1779559671480,1779559671472,1779559671489,18,0,16,2,17,35,10.5334
772,851,1779559671489,1779559671489,1779559671498,1779559671518,1779559671519,1779559671510,1779559671524,21,1,20,0,14,35,10.0846
775,855,1779559671634,1779559671634,1779559671644,1779559671645,1779559671645,1779559671636,1779559671675,2,0,1,1,39,41,13.8513
776,856,1779559671675,1779559671675,1779559671685,1779559671699,1779559671699,1779559671690,1779559671708,15,0,14,1,18,33,14.3106
777,857,1779559671708,1779559671708,1779559671718,1779559671732,1779559671732,1779559671723,1779559671743,15,0,14,1,20,35,13.5329
778,858,1779559671743,1779559671743,1779559671752,1779559671771,1779559671771,1779559671763,1779559671777,20,0,19,1,14,34,13.0872
779,860,1779559671811,1779559671811,1779559671821,1779559671826,1779559671826,1779559671817,1779559671845,6,0,5,1,28,34,13.1878
780,861,1779559671845,1779559671845,1779559671855,1779559671860,1779559671860,1779559671851,1779559671879,6,0,5,1,28,34,12.3745
781,862,1779559671879,1779559671879,1779559671889,1779559671898,1779559671898,1779559671890,1779559671914,11,0,9,2,24,35,11.8972
782,863,1779559671914,1779559671914,1779559671923,1779559671953,1779559671953,1779559671944,1779559671948,30,0,30,0,4,34,12.3858
783,864,1779559671948,1779559671948,1779559671957,1779559671986,1779559671986,1779559671978,1779559671982,30,0,29,1,4,34,11.6894
784,865,1779559671982,1779559671982,1779559671992,1779559672025,1779559672025,1779559672016,1779559672017,34,0,33,1,1,35,11.2446
785,866,1779559672017,1779559672017,1779559672026,1779559672080,1779559672080,1779559672071,1779559672092,54,0,54,0,21,75,11.8189
786,868,1779559672095,1779559672095,1779559672105,1779559672114,1779559672114,1779559672105,1779559672129,10,0,9,1,24,34,11.2872
787,869,1779559672129,1779559672129,1779559672139,1779559672152,1779559672152,1779559672144,1779559672171,15,0,13,2,27,42,10.8297
788,870,1779559672171,1779559672171,1779559672181,1779559672207,1779559672207,1779559672199,1779559672204,28,0,26,2,5,33,11.5637
789,871,1779559672204,1779559672204,1779559672213,1779559672244,1779559672244,1779559672236,1779559672238,32,0,31,1,2,34,11.0628
790,872,1779559672238,1779559672238,1779559672248,1779559672282,1779559672282,1779559672274,1779559672307,36,0,34,2,33,69,12.2805
791,874,1779559672307,1779559672307,1779559672316,1779559672337,1779559672337,1779559672328,1779559672341,21,0,21,0,13,34,12.7300
792,875,1779559672341,1779559672341,1779559672351,1779559672371,1779559672371,1779559672362,1779559672375,21,0,20,1,13,34,11.9418
793,876,1779559672375,1779559672375,1779559672385,1779559672409,1779559672409,1779559672401,1779559672410,26,0,24,2,9,35,11.4908
794,878,1779559672444,1779559672444,1779559672456,1779559672464,1779559672464,1779559672455,1779559672478,11,0,8,3,23,34,11.6850
795,879,1779559672478,1779559672478,1779559672488,1779559672498,1779559672498,1779559672489,1779559672513,11,0,10,1,24,35,10.9743
796,880,1779559672513,1779559672513,1779559672522,1779559672536,1779559672536,1779559672527,1779559672547,14,0,14,0,20,34,10.5198
799,883,1779559672626,1779559672626,1779559672636,1779559672661,1779559672661,1779559672652,1779559672661,26,0,25,1,9,35,11.8153
800,885,1779559672704,1779559672704,1779559672713,1779559672715,1779559672715,1779559672706,1779559672736,2,0,2,0,30,32,12.4120
801,886,1779559672736,1779559672736,1779559672746,1779559672748,1779559672748,1779559672739,1779559672771,3,0,2,1,32,35,11.7516
802,887,1779559672771,1779559672771,1779559672781,1779559672786,1779559672786,1779559672777,1779559672805,6,0,5,1,28,34,11.2591
803,888,1779559672805,1779559672805,1779559672815,1779559672840,1779559672840,1779559672832,1779559672839,27,0,25,2,7,34,11.8556
804,889,1779559672839,1779559672839,1779559672849,1779559672874,1779559672874,1779559672865,1779559672874,26,0,25,1,9,35,11.2120
805,890,1779559672874,1779559672874,1779559672884,1779559672911,1779559672912,1779559672903,1779559672908,29,1,27,1,5,34,10.7433
806,892,1779559672943,1779559672943,1779559672952,1779559672966,1779559672966,1779559672957,1779559672977,14,0,14,0,20,34,10.9712
807,893,1779559672977,1779559672977,1779559672986,1779559672998,1779559672998,1779559672990,1779559673011,13,0,12,1,21,34,10.3973
808,894,1779559673011,1779559673011,1779559673021,1779559673037,1779559673037,1779559673028,1779559673046,17,0,16,1,18,35,9.9912
811,897,1779559673123,1779559673123,1779559673133,1779559673162,1779559673162,1779559673154,1779559673157,31,0,29,2,3,34,11.7463
812,899,1779559673199,1779559673199,1779559673209,1779559673216,1779559673216,1779559673208,1779559673233,9,0,7,2,25,34,12.3248
813,900,1779559673233,1779559673233,1779559673242,1779559673250,1779559673250,1779559673241,1779559673266,8,0,8,0,25,33,11.5999
814,901,1779559673266,1779559673266,1779559673276,1779559673288,1779559673288,1779559673279,1779559673302,13,0,12,1,23,36,11.0461
815,902,1779559673302,1779559673302,1779559673311,1779559673342,1779559673342,1779559673333,1779559673335,31,0,31,0,2,33,11.6184
816,903,1779559673335,1779559673335,1779559673345,1779559673376,1779559673376,1779559673367,1779559673370,32,0,31,1,3,35,10.9096
817,905,1779559673404,1779559673404,1779559673414,1779559673416,1779559673416,1779559673408,1779559673438,4,0,2,2,30,34,11.9523
818,906,1779559673438,1779559673438,1779559673448,1779559673470,1779559673470,1779559673461,1779559673473,23,0,22,1,12,35,12.3523
819,907,1779559673473,1779559673473,1779559673482,1779559673504,1779559673504,1779559673495,1779559673507,22,0,22,0,12,34,11.5852
820,908,1779559673507,1779559673507,1779559673516,1779559673542,1779559673542,1779559673533,1779559673542,26,0,26,0,9,35,11.0362
821,910,1779559673576,1779559673576,1779559673585,1779559673596,1779559673596,1779559673587,1779559673612,11,0,11,0,25,36,11.3380
822,911,1779559673612,1779559673612,1779559673621,1779559673629,1779559673629,1779559673621,1779559673654,9,0,8,1,33,42,11.1199
823,912,1779559673654,1779559673654,1779559673663,1779559673668,1779559673668,1779559673659,1779559673686,5,0,5,0,27,32,10.7588
824,913,1779559673686,1779559673686,1779559673696,1779559673722,1779559673722,1779559673713,1779559673722,27,0,26,1,9,36,11.2087
825,914,1779559673722,1779559673722,1779559673732,1779559673754,1779559673754,1779559673746,1779559673764,24,0,22,2,18,42,11.0484
826,915,1779559673764,1779559673764,1779559673774,1779559673792,1779559673792,1779559673783,1779559673797,19,0,18,1,14,33,10.6012
827,917,1779559673831,1779559673831,1779559673841,1779559673846,1779559673846,1779559673837,1779559673866,6,0,5,1,29,35,10.8726
828,918,1779559673866,1779559673866,1779559673876,1779559673880,1779559673880,1779559673871,1779559673901,5,0,4,1,30,35,10.2196
829,919,1779559673901,1779559673901,1779559673910,1779559673918,1779559673918,1779559673909,1779559673935,8,0,8,0,26,34,9.8235
830,920,1779559673935,1779559673935,1779559673944,1779559673972,1779559673972,1779559673964,1779559673969,29,0,28,1,5,34,10.4977
831,921,1779559673969,1779559673969,1779559673979,1779559674005,1779559674005,1779559673996,1779559674004,27,0,26,1,8,35,10.0157
832,922,1779559674004,1779559674004,1779559674013,1779559674044,1779559674044,1779559674035,1779559674038,31,0,31,0,3,34,9.6945
833,924,1779559674073,1779559674073,1779559674082,1779559674098,1779559674098,1779559674089,1779559674107,16,0,16,0,18,34,10.0327
834,925,1779559674107,1779559674107,1779559674117,1779559674131,1779559674131,1779559674122,1779559674150,15,0,14,1,28,43,10.0120
835,926,1779559674150,1779559674150,1779559674159,1779559674171,1779559674171,1779559674162,1779559674183,12,0,12,0,21,33,9.8081
836,927,1779559674183,1779559674183,1779559674193,1779559674226,1779559674226,1779559674217,1779559674252,34,0,33,1,35,69,10.0572
837,929,1779559674252,1779559674252,1779559674261,1779559674264,1779559674264,1779559674255,1779559674286,3,0,3,0,31,34,9.6554
838,930,1779559674286,1779559674286,1779559674296,1779559674301,1779559674301,1779559674292,1779559674321,6,0,5,1,29,35,9.2025
839,931,1779559674321,1779559674321,1779559674331,1779559674356,1779559674356,1779559674347,1779559674355,26,0,25,1,8,34,9.9368
840,932,1779559674355,1779559674355,1779559674364,1779559674394,1779559674394,1779559674385,1779559674389,30,0,30,0,4,34,9.5272
841,933,1779559674389,1779559674389,1779559674399,1779559674431,1779559674431,1779559674423,1779559674424,34,0,32,2,1,35,9.0944
842,935,1779559674458,1779559674458,1779559674467,1779559674488,1779559674488,1779559674479,1779559674492,21,0,21,0,13,34,9.2479
843,936,1779559674492,1779559674492,1779559674502,1779559674521,1779559674521,1779559674512,1779559674527,20,0,19,1,15,35,8.7592
844,937,1779559674527,1779559674527,1779559674536,1779559674559,1779559674559,1779559674550,1779559674561,23,0,23,0,11,34,8.4394
845,939,1779559674596,1779559674596,1779559674606,1779559674613,1779559674613,1779559674605,1779559674631,9,0,7,2,26,35,8.9087
846,940,1779559674631,1779559674631,1779559674641,1779559674648,1779559674648,1779559674640,1779559674674,9,0,7,2,34,43,8.7652
847,941,1779559674674,1779559674674,1779559674683,1779559674687,1779559674687,1779559674678,1779559674707,4,0,4,0,29,33,8.5361
848,942,1779559674707,1779559674707,1779559674716,1779559674742,1779559674742,1779559674733,1779559674743,26,0,26,0,10,36,9.1581
849,943,1779559674743,1779559674743,1779559674753,1779559674776,1779559674776,1779559674767,1779559674784,24,0,23,1,17,41,9.0373
850,944,1779559674784,1779559674784,1779559674794,1779559674815,1779559674815,1779559674806,1779559674817,22,0,21,1,11,33,8.8419
851,946,1779559674852,1779559674852,1779559674861,1779559674869,1779559674869,1779559674860,1779559674886,8,0,8,0,26,34,9.1906
852,947,1779559674886,1779559674886,1779559674895,1779559674902,1779559674902,1779559674893,1779559674921,7,0,7,0,28,35,8.7350
853,948,1779559674921,1779559674921,1779559674930,1779559674940,1779559674940,1779559674931,1779559674955,10,0,10,0,24,34,8.4375
854,949,1779559674955,1779559674955,1779559674964,1779559674994,1779559674994,1779559674985,1779559674989,30,0,30,0,4,34,9.1632
855,950,1779559674989,1779559674989,1779559674998,1779559675028,1779559675028,1779559675019,1779559675024,30,0,30,0,5,35,8.6376
856,951,1779559675023,1779559675023,1779559675033,1779559675067,1779559675067,1779559675058,1779559675092,35,0,34,1,34,69,9.9561
859,955,1779559675171,1779559675171,1779559675181,1779559675191,1779559675191,1779559675183,1779559675206,12,0,10,2,23,35,11.2829
860,956,1779559675206,1779559675206,1779559675216,1779559675245,1779559675245,1779559675237,1779559675248,31,0,29,2,11,42,11.3665
861,957,1779559675248,1779559675248,1779559675257,1779559675278,1779559675278,1779559675270,1779559675281,22,0,21,1,11,33,10.6594
862,958,1779559675281,1779559675281,1779559675290,1779559675316,1779559675316,1779559675308,1779559675315,27,0,26,1,7,34,10.2311
863,960,1779559675349,1779559675349,1779559675360,1779559675370,1779559675370,1779559675361,1779559675384,12,0,10,2,23,35,10.5145
864,961,1779559675384,1779559675384,1779559675393,1779559675404,1779559675404,1779559675395,1779559675418,11,0,11,0,23,34,9.8648
865,962,1779559675418,1779559675418,1779559675428,1779559675443,1779559675443,1779559675434,1779559675453,16,0,15,1,19,35,9.5255
866,964,1779559675486,1779559675486,1779559675496,1779559675497,1779559675497,1779559675488,1779559675521,2,0,1,1,33,35,9.8256
867,965,1779559675521,1779559675521,1779559675530,1779559675532,1779559675537,1779559675529,1779559675555,8,5,2,1,26,34,9.6467
868,966,1779559675555,1779559675555,1779559675564,1779559675570,1779559675570,1779559675561,1779559675589,6,0,6,0,28,34,9.1873
869,967,1779559675589,1779559675589,1779559675599,1779559675624,1779559675624,1779559675616,1779559675624,27,0,25,2,8,35,9.8449
872,970,1779559675707,1779559675707,1779559675717,1779559675749,1779559675749,1779559675740,1779559675745,33,0,32,1,5,38,13.5154
873,971,1779559675745,1779559675745,1779559675755,1779559675782,1779559675782,1779559675773,1779559675790,28,0,27,1,17,45,13.3990
874,972,1779559675790,1779559675790,1779559675800,1779559675822,1779559675822,1779559675813,1779559675827,23,0,22,1,14,37,12.7641
875,974,1779559675866,1779559675866,1779559675875,1779559675878,1779559675878,1779559675869,1779559675900,3,0,3,0,31,34,13.0671
876,975,1779559675900,1779559675900,1779559675910,1779559675911,1779559675911,1779559675902,1779559675935,2,0,1,1,33,35,12.3265
877,976,1779559675935,1779559675935,1779559675944,1779559675951,1779559675951,1779559675943,1779559675968,8,0,7,1,25,33,12.0140
878,977,1779559675968,1779559675968,1779559675978,1779559676006,1779559676006,1779559675997,1779559676003,29,0,28,1,6,35,12.4651
879,978,1779559676003,1779559676003,1779559676013,1779559676039,1779559676039,1779559676031,1779559676037,28,0,26,2,6,34,11.7278
880,979,1779559676037,1779559676037,1779559676046,1779559676079,1779559676079,1779559676070,1779559676071,33,0,33,0,1,34,11.3434
881,981,1779559676105,1779559676105,1779559676115,1779559676136,1779559676136,1779559676127,1779559676140,22,0,21,1,13,35,11.3650
882,982,1779559676140,1779559676140,1779559676149,1779559676169,1779559676169,1779559676160,1779559676183,20,0,20,0,23,43,11.2783
885,985,1779559676259,1779559676259,1779559676269,1779559676294,1779559676294,1779559676285,1779559676293,26,0,25,1,8,34,14.6548
886,986,1779559676293,1779559676293,1779559676303,1779559676332,1779559676332,1779559676323,1779559676327,30,0,29,1,4,34,13.9913
887,988,1779559676362,1779559676362,1779559676371,1779559676387,1779559676387,1779559676378,1779559676396,16,0,16,0,18,34,13.9662
888,989,1779559676396,1779559676396,1779559676406,1779559676427,1779559676427,1779559676418,1779559676431,22,0,21,1,13,35,13.4210
889,990,1779559676431,1779559676431,1779559676440,1779559676468,1779559676468,1779559676460,1779559676464,29,0,28,1,4,33,13.0990
890,992,1779559676499,1779559676499,1779559676510,1779559676524,1779559676524,1779559676515,1779559676533,16,0,14,2,18,34,13.1416
891,993,1779559676533,1779559676533,1779559676543,1779559676559,1779559676559,1779559676551,1779559676567,18,0,16,2,16,34,12.4479
892,994,1779559676567,1779559676567,1779559676577,1779559676597,1779559676597,1779559676588,1779559676602,21,0,20,1,14,35,11.8238
895,997,1779559676682,1779559676682,1779559676692,1779559676723,1779559676723,1779559676714,1779559676717,32,0,31,1,3,35,12.8834
896,999,1779559676758,1779559676758,1779559676768,1779559676778,1779559676778,1779559676769,1779559676791,11,0,10,1,22,33,13.3050
897,1000,1779559676791,1779559676791,1779559676801,1779559676811,1779559676811,1779559676802,1779559676825,11,0,10,1,23,34,12.5421
898,1001,1779559676825,1779559676825,1779559676835,1779559676849,1779559676849,1779559676840,1779559676860,15,0,14,1,20,35,11.9570
900,1003,1779559676894,1779559676894,1779559676903,1779559676936,1779559676936,1779559676927,1779559676928,33,0,33,0,1,34,13.3915
901,1005,1779559676963,1779559676963,1779559676972,1779559676975,1779559676975,1779559676966,1779559676997,3,0,3,0,31,34,14.3917
902,1006,1779559676997,1779559676997,1779559677006,1779559677029,1779559677029,1779559677020,1779559677031,23,0,23,0,11,34,14.6943
903,1007,1779559677031,1779559677031,1779559677041,1779559677062,1779559677062,1779559677054,1779559677065,23,0,21,2,11,34,13.7779
904,1008,1779559677065,1779559677065,1779559677075,1779559677101,1779559677101,1779559677092,1779559677100,27,0,26,1,8,35,13.1570
907,1012,1779559677213,1779559677213,1779559677223,1779559677226,1779559677226,1779559677217,1779559677247,4,0,3,1,30,34,15.9030
908,1013,1779559677247,1779559677247,1779559677257,1779559677280,1779559677280,1779559677272,1779559677290,25,0,23,2,18,43,15.6277
909,1014,1779559677290,1779559677290,1779559677299,1779559677315,1779559677315,1779559677306,1779559677323,16,0,16,0,17,33,14.7737
910,1015,1779559677323,1779559677323,1779559677332,1779559677352,1779559677352,1779559677343,1779559677357,20,0,20,0,14,34,13.9957
911,1017,1779559677391,1779559677391,1779559677401,1779559677406,1779559677407,1779559677398,1779559677425,7,1,5,1,27,34,13.9317
912,1018,1779559677425,1779559677425,1779559677435,1779559677440,1779559677440,1779559677431,1779559677459,6,0,5,1,28,34,13.1307
913,1019,1779559677459,1779559677459,1779559677469,1779559677480,1779559677480,1779559677471,1779559677494,12,0,11,1,23,35,12.6564
914,1020,1779559677494,1779559677494,1779559677503,1779559677536,1779559677536,1779559677527,1779559677528,33,0,33,0,1,34,13.2409
915,1021,1779559677528,1779559677528,1779559677537,1779559677569,1779559677569,1779559677560,1779559677563,32,0,32,0,3,35,12.5377
916,1023,1779559677597,1779559677597,1779559677606,1779559677607,1779559677607,1779559677598,1779559677631,1,0,1,0,33,34,13.6558
917,1024,1779559677631,1779559677631,1779559677641,1779559677660,1779559677660,1779559677652,1779559677665,21,0,19,2,13,34,13.9834
921,1028,1779559677778,1779559677778,1779559677788,1779559677821,1779559677821,1779559677812,1779559677821,34,0,33,1,9,43,18.4847
922,1029,1779559677821,1779559677821,1779559677830,1779559677859,1779559677859,1779559677850,1779559677854,29,0,29,0,4,33,17.6647
923,1031,1779559677888,1779559677888,1779559677897,1779559677913,1779559677913,1779559677904,1779559677922,16,0,16,0,18,34,17.4825
924,1032,1779559677922,1779559677922,1779559677932,1779559677946,1779559677946,1779559677938,1779559677956,16,0,14,2,18,34,16.3941
925,1033,1779559677956,1779559677956,1779559677966,1779559677986,1779559677986,1779559677977,1779559677991,21,0,20,1,14,35,15.6477
926,1035,1779559678025,1779559678025,1779559678035,1779559678040,1779559678040,1779559678031,1779559678059,6,0,5,1,28,34,15.5787
927,1036,1779559678059,1779559678059,1779559678069,1779559678079,1779559678079,1779559678071,1779559678094,12,0,10,2,23,35,14.9293
928,1037,1779559678094,1779559678094,1779559678104,1779559678117,1779559678117,1779559678108,1779559678128,14,0,13,1,20,34,14.1974
929,1039,1779559678163,1779559678163,1779559678173,1779559678173,1779559678173,1779559678164,1779559678198,1,0,0,1,34,35,14.1692
930,1040,1779559678198,1779559678198,1779559678208,1779559678210,1779559678210,1779559678202,1779559678241,4,0,2,2,39,43,13.6150
931,1041,1779559678241,1779559678241,1779559678251,1779559678252,1779559678252,1779559678243,1779559678275,2,0,1,1,32,34,13.2359
932,1042,1779559678275,1779559678275,1779559678284,1779559678304,1779559678304,1779559678295,1779559678317,20,0,20,0,22,42,13.0242
933,1043,1779559678317,1779559678317,1779559678326,1779559678338,1779559678338,1779559678329,1779559678350,12,0,12,0,21,33,12.2728
934,1044,1779559678350,1779559678350,1779559678359,1779559678377,1779559678377,1779559678369,1779559678384,19,0,18,1,15,34,11.8392
935,1046,1779559678418,1779559678418,1779559678428,1779559678431,1779559678431,1779559678422,1779559678453,4,0,3,1,31,35,12.1005
936,1047,1779559678453,1779559678453,1779559678463,1779559678464,1779559678464,1779559678455,1779559678487,2,0,1,1,32,34,11.4008
937,1048,1779559678487,1779559678487,1779559678497,1779559678502,1779559678502,1779559678494,1779559678522,7,0,5,2,28,35,10.9654
938,1049,1779559678522,1779559678522,1779559678531,1779559678557,1779559678557,1779559678548,1779559678556,26,0,26,0,8,34,11.5203
939,1050,1779559678556,1779559678556,1779559678565,1779559678590,1779559678591,1779559678582,1779559678591,26,1,25,0,9,35,10.8303
940,1051,1779559678590,1779559678590,1779559678600,1779559678629,1779559678629,1779559678620,1779559678625,30,0,29,1,5,35,10.3856
941,1053,1779559678659,1779559678659,1779559678669,1779559678683,1779559678683,1779559678674,1779559678694,15,0,14,1,20,35,10.6920
942,1054,1779559678694,1779559678694,1779559678704,1779559678716,1779559678716,1779559678707,1779559678729,13,0,12,1,22,35,10.1584
943,1055,1779559678729,1779559678729,1779559678739,1779559678754,1779559678754,1779559678745,1779559678772,16,0,15,1,27,43,9.8014
944,1056,1779559678772,1779559678772,1779559678781,1779559678807,1779559678807,1779559678799,1779559678805,27,0,26,1,6,33,10.4893
945,1057,1779559678805,1779559678805,1779559678814,1779559678840,1779559678840,1779559678832,1779559678847,27,0,26,1,15,42,10.3890
946,1058,1779559678847,1779559678847,1779559678856,1779559678879,1779559678879,1779559678871,1779559678880,24,0,23,1,9,33,10.0099
947,1060,1779559678914,1779559678914,1779559678924,1779559678933,1779559678933,1779559678925,1779559678949,11,0,9,2,24,35,10.2160
948,1061,1779559678949,1779559678949,1779559678958,1779559678966,1779559678967,1779559678958,1779559678983,9,1,8,0,25,34,9.6671
949,1062,1779559678983,1779559678983,1779559678993,1779559679005,1779559679005,1779559678996,1779559679017,13,0,12,1,21,34,9.3016
950,1063,1779559679017,1779559679017,1779559679027,1779559679059,1779559679059,1779559679051,1779559679052,34,0,32,2,1,35,9.9970
951,1064,1779559679052,1779559679052,1779559679061,1779559679092,1779559679092,1779559679083,1779559679086,31,0,31,0,3,34,9.4915
952,1066,1779559679120,1779559679120,1779559679130,1779559679131,1779559679131,1779559679122,1779559679154,2,0,1,1,32,34,10.7516
953,1067,1779559679154,1779559679154,1779559679164,1779559679185,1779559679185,1779559679176,1779559679190,22,0,21,1,14,36,11.2623
954,1068,1779559679190,1779559679190,1779559679199,1779559679218,1779559679218,1779559679210,1779559679225,20,0,19,1,15,35,10.6809
955,1069,1779559679224,1779559679224,1779559679234,1779559679256,1779559679256,1779559679247,1779559679267,23,0,22,1,20,43,10.3045
957,1071,1779559679300,1779559679300,1779559679310,1779559679343,1779559679343,1779559679334,1779559679343,34,0,33,1,9,43,12.3700
958,1072,1779559679343,1779559679343,1779559679352,1779559679381,1779559679381,1779559679372,1779559679376,29,0,29,0,4,33,11.9200
959,1074,1779559679411,1779559679411,1779559679420,1779559679435,1779559679435,1779559679427,1779559679445,16,0,15,1,18,34,12.0598
960,1075,1779559679445,1779559679445,1779559679454,1779559679469,1779559679469,1779559679460,1779559679479,15,0,15,0,19,34,11.3649
961,1076,1779559679479,1779559679479,1779559679488,1779559679508,1779559679508,1779559679499,1779559679513,20,0,20,0,14,34,10.9144
962,1078,1779559679548,1779559679548,1779559679557,1779559679564,1779559679564,1779559679555,1779559679582,7,0,7,0,27,34,11.0385
963,1079,1779559679582,1779559679582,1779559679592,1779559679602,1779559679602,1779559679594,1779559679616,12,0,10,2,22,34,10.6666
964,1080,1779559679616,1779559679616,1779559679626,1779559679641,1779559679642,1779559679633,1779559679650,17,1,15,1,17,34,10.3013
965,1082,1779559679684,1779559679684,1779559679694,1779559679697,1779559679697,1779559679688,1779559679719,4,0,3,1,31,35,10.5122
966,1083,1779559679719,1779559679719,1779559679729,1779559679730,1779559679730,1779559679721,1779559679755,2,0,1,1,34,36,10.0411
967,1084,1779559679755,1779559679755,1779559679765,1779559679768,1779559679768,1779559679760,1779559679797,5,0,3,2,37,42,9.6030
968,1085,1779559679797,1779559679797,1779559679807,1779559679824,1779559679824,1779559679815,1779559679830,18,0,17,1,15,33,10.3871
969,1086,1779559679830,1779559679830,1779559679840,1779559679857,1779559679857,1779559679848,1779559679872,18,0,17,1,24,42,10.3274
970,1087,1779559679872,1779559679872,1779559679882,1779559679894,1779559679894,1779559679886,1779559679905,14,0,12,2,19,33,10.0055
972,1089,1779559679939,1779559679939,1779559679949,1779559679982,1779559679982,1779559679973,1779559679974,34,0,33,1,1,35,11.6900
973,1091,1779559680008,1779559680008,1779559680019,1779559680020,1779559680020,1779559680011,1779559680044,3,0,1,2,33,36,12.9666
974,1092,1779559680044,1779559680044,1779559680053,1779559680074,1779559680074,1779559680066,1779559680077,22,0,21,1,11,33,13.4839
975,1093,1779559680077,1779559680077,1779559680087,1779559680109,1779559680109,1779559680100,1779559680112,23,0,22,1,12,35,12.6926
976,1094,1779559680112,1779559680112,1779559680122,1779559680147,1779559680147,1779559680138,1779559680146,26,0,25,1,8,34,12.1570
977,1096,1779559680180,1779559680180,1779559680190,1779559680204,1779559680204,1779559680195,1779559680215,15,0,14,1,20,35,12.1548
980,1099,1779559680294,1779559680294,1779559680304,1779559680330,1779559680330,1779559680321,1779559680328,27,0,26,1,7,34,15.4020
981,1100,1779559680328,1779559680328,1779559680338,1779559680363,1779559680363,1779559680355,1779559680370,27,0,25,2,15,42,14.9941
982,1101,1779559680370,1779559680370,1779559680379,1779559680401,1779559680401,1779559680393,1779559680403,23,0,22,1,10,33,14.4293
983,1103,1779559680437,1779559680437,1779559680447,1779559680456,1779559680456,1779559680447,1779559680472,10,0,9,1,25,35,14.4505
984,1104,1779559680472,1779559680472,1779559680481,1779559680489,1779559680489,1779559680480,1779559680506,8,0,8,0,26,34,13.6082
985,1105,1779559680506,1779559680506,1779559680515,1779559680526,1779559680526,1779559680517,1779559680540,11,0,11,0,23,34,12.9318
986,1106,1779559680540,1779559680540,1779559680550,1779559680583,1779559680583,1779559680574,1779559680608,34,0,33,1,34,68,12.8322
987,1107,1779559680574,1779559680574,1779559680584,1779559680617,1779559680618,1779559680609,1779559680643,35,1,33,1,34,69,12.0593
988,1109,1779559680643,1779559680643,1779559680652,1779559680657,1779559680657,1779559680648,1779559680677,5,0,5,0,29,34,11.6165
989,1110,1779559680677,1779559680677,1779559680686,1779559680711,1779559680711,1779559680702,1779559680711,25,0,25,0,9,34,12.0984
990,1111,1779559680711,1779559680711,1779559680721,1779559680744,1779559680744,1779559680736,1779559680745,25,0,23,2,9,34,11.3477
991,1112,1779559680745,1779559680745,1779559680755,1779559680784,1779559680784,1779559680775,1779559680821,30,0,29,1,46,76,12.9163
992,1114,1779559680824,1779559680824,1779559680834,1779559680839,1779559680839,1779559680830,1779559680858,6,0,5,1,28,34,13.2050
993,1115,1779559680858,1779559680858,1779559680868,1779559680873,1779559680873,1779559680864,1779559680900,6,0,5,1,36,42,12.8697
994,1116,1779559680900,1779559680900,1779559680910,1779559680911,1779559680911,1779559680902,1779559680933,2,0,1,1,31,33,12.3855
995,1117,1779559680933,1779559680933,1779559680943,1779559680965,1779559680965,1779559680957,1779559680967,24,0,22,2,10,34,12.9169
996,1118,1779559680967,1779559680967,1779559680977,1779559680999,1779559680999,1779559680990,1779559681002,23,0,22,1,12,35,12.2074
997,1119,1779559681002,1779559681002,1779559681011,1779559681037,1779559681037,1779559681028,1779559681036,26,0,26,0,8,34,11.6901
998,1121,1779559681070,1779559681070,1779559681079,1779559681091,1779559681091,1779559681083,1779559681104,13,0,12,1,21,34,11.8811
999,1122,1779559681104,1779559681104,1779559681114,1779559681125,1779559681125,1779559681116,1779559681138,12,0,11,1,22,34,11.1498
1000,1123,1779559681138,1779559681138,1779559681148,1779559681162,1779559681162,1779559681154,1779559681173,16,0,14,2,19,35,10.6696
1003,1127,1779559681276,1779559681276,1779559681286,1779559681287,1779559681287,1779559681278,1779559681319,2,0,1,1,41,43,14.0772
1004,1128,1779559681319,1779559681319,1779559681329,1779559681342,1779559681342,1779559681333,1779559681352,14,0,13,1,19,33,14.5834
1005,1129,1779559681352,1779559681352,1779559681362,1779559681374,1779559681375,1779559681366,1779559681396,14,1,12,1,30,44,14.3259
1006,1130,1779559681396,1779559681396,1779559681406,1779559681412,1779559681412,1779559681403,1779559681429,7,0,6,1,26,33,13.6761
1007,1131,1779559681429,1779559681429,1779559681438,1779559681466,1779559681466,1779559681457,1779559681463,28,0,28,0,6,34,14.0594
1008,1132,1779559681463,1779559681463,1779559681473,1779559681500,1779559681500,1779559681491,1779559681497,28,0,27,1,6,34,13.1876
1009,1133,1779559681497,1779559681497,1779559681506,1779559681538,1779559681538,1779559681529,1779559681531,32,0,32,0,2,34,12.5766
1010,1135,1779559681565,1779559681565,1779559681575,1779559681594,1779559681594,1779559681585,1779559681600,20,0,19,1,15,35,12.5635
1011,1136,1779559681600,1779559681600,1779559681609,1779559681627,1779559681627,1779559681618,1779559681634,18,0,18,0,16,34,11.8667
1012,1137,1779559681634,1779559681634,1779559681644,1779559681664,1779559681664,1779559681655,1779559681668,21,0,20,1,13,34,11.3198
1013,1139,1779559681703,1779559681703,1779559681712,1779559681718,1779559681718,1779559681709,1779559681737,6,0,6,0,28,34,11.5383
1014,1140,1779559681737,1779559681737,1779559681746,1779559681751,1779559681751,1779559681742,1779559681771,5,0,5,0,29,34,10.9004
1015,1141,1779559681771,1779559681771,1779559681781,1779559681789,1779559681789,1779559681780,1779559681814,9,0,8,1,34,43,10.5091
1016,1142,1779559681814,1779559681814,1779559681824,1779559681843,1779559681843,1779559681834,1779559681847,20,0,19,1,13,33,11.1587
1017,1143,1779559681847,1779559681847,1779559681857,1779559681876,1779559681876,1779559681868,1779559681889,21,0,19,2,21,42,11.0353
1018,1144,1779559681889,1779559681889,1779559681899,1779559681915,1779559681915,1779559681906,1779559681922,17,0,16,1,16,33,10.7035
1019,1146,1779559681957,1779559681957,1779559681966,1779559681969,1779559681969,1779559681960,1779559681991,3,0,3,0,31,34,10.9550
1020,1147,1779559681991,1779559681991,1779559682001,1779559682002,1779559682002,1779559681993,1779559682025,2,0,1,1,32,34,10.3258
1021,1148,1779559682025,1779559682025,1779559682035,1779559682040,1779559682040,1779559682031,1779559682059,6,0,5,1,28,34,9.9066
1022,1149,1779559682059,1779559682059,1779559682069,1779559682094,1779559682094,1779559682085,1779559682094,26,0,25,1,9,35,10.5022
1023,1150,1779559682094,1779559682094,1779559682104,1779559682127,1779559682127,1779559682118,1779559682128,24,0,23,1,10,34,9.8863
1024,1151,1779559682128,1779559682128,1779559682137,1779559682165,1779559682165,1779559682156,1779559682163,28,0,28,0,7,35,9.4625
1025,1153,1779559682196,1779559682196,1779559682206,1779559682219,1779559682219,1779559682210,1779559682232,14,0,13,1,22,36,9.8087
1026,1154,1779559682232,1779559682232,1779559682241,1779559682252,1779559682252,1779559682243,1779559682265,11,0,11,0,22,33,9.2484
1027,1155,1779559682265,1779559682265,1779559682275,1779559682290,1779559682290,1779559682281,1779559682301,16,0,15,1,20,36,8.8200
1028,1156,1779559682301,1779559682301,1779559682311,1779559682345,1779559682345,1779559682336,1779559682343,35,0,34,1,7,42,9.0894
1029,1157,1779559682343,1779559682343,1779559682352,1779559682379,1779559682379,1779559682370,1779559682376,27,0,27,0,6,33,8.5942
1030,1158,1779559682376,1779559682376,1779559682385,1779559682416,1779559682416,1779559682408,1779559682420,32,0,31,1,12,44,8.4224
1031,1160,1779559682452,1779559682452,1779559682462,1779559682471,1779559682471,1779559682462,1779559682486,10,0,9,1,24,34,8.6921
1032,1161,1779559682486,1779559682486,1779559682496,1779559682504,1779559682504,1779559682496,1779559682521,10,0,8,2,25,35,8.1944
1033,1162,1779559682521,1779559682521,1779559682531,1779559682542,1779559682542,1779559682533,1779559682555,12,0,11,1,22,34,7.8747
1034,1163,1779559682555,1779559682555,1779559682564,1779559682597,1779559682597,1779559682588,1779559682589,33,0,33,0,1,34,8.6638
1035,1164,1779559682589,1779559682589,1779559682599,1779559682631,1779559682631,1779559682622,1779559682624,33,0,32,1,2,35,8.1559
1036,1166,1779559682658,1779559682658,1779559682668,1779559682669,1779559682669,1779559682660,1779559682693,2,0,1,1,33,35,9.5884
1037,1167,1779559682693,1779559682693,1779559682703,1779559682723,1779559682723,1779559682714,1779559682727,21,0,20,1,13,34,10.2470
1038,1168,1779559682727,1779559682727,1779559682736,1779559682757,1779559682757,1779559682748,1779559682762,21,0,21,0,14,35,9.6740
1039,1169,1779559682762,1779559682762,1779559682772,1779559682795,1779559682795,1779559682786,1779559682837,24,0,23,1,51,75,11.3844
1041,1171,1779559682841,1779559682841,1779559682850,1779559682883,1779559682883,1779559682874,1779559682875,33,0,33,0,1,34,13.0722
1042,1172,1779559682875,1779559682875,1779559682884,1779559682922,1779559682922,1779559682913,1779559682950,38,0,38,0,37,75,14.5230
1043,1174,1779559682954,1779559682954,1779559682963,1779559682976,1779559682976,1779559682968,1779559682988,14,0,13,1,20,34,14.7223
1044,1175,1779559682987,1779559682987,1779559682997,1779559683010,1779559683010,1779559683002,1779559683023,15,0,13,2,21,36,13.8728
1045,1176,1779559683023,1779559683023,1779559683032,1779559683052,1779559683052,1779559683043,1779559683056,20,0,20,0,13,33,13.4634
1046,1178,1779559683091,1779559683091,1779559683100,1779559683106,1779559683106,1779559683097,1779559683125,6,0,6,0,28,34,13.5634
1047,1179,1779559683125,1779559683125,1779559683135,1779559683139,1779559683139,1779559683131,1779559683160,6,0,4,2,29,35,12.7390
1048,1180,1779559683160,1779559683160,1779559683169,1779559683178,1779559683178,1779559683169,1779559683194,9,0,9,0,25,34,12.1542
1049,1181,1779559683194,1779559683194,1779559683204,1779559683233,1779559683233,1779559683224,1779559683228,30,0,29,1,4,34,12.7182
1050,1182,1779559683228,1779559683228,1779559683238,1779559683267,1779559683267,1779559683258,1779559683263,30,0,29,1,5,35,11.9718
1051,1183,1779559683263,1779559683263,1779559683272,1779559683305,1779559683305,1779559683296,1779559683298,33,0,33,0,2,35,11.4331
1052,1184,1779559683298,1779559683298,1779559683308,1779559683359,1779559683359,1779559683351,1779559683373,53,0,51,2,22,75,12.0091
1053,1186,1779559683376,1779559683376,1779559683386,1779559683393,1779559683393,1779559683384,1779559683411,8,0,7,1,27,35,11.5462
1054,1187,1779559683411,1779559683411,1779559683420,1779559683431,1779559683431,1779559683422,1779559683454,11,0,11,0,32,43,11.1462
1055,1188,1779559683454,1779559683454,1779559683464,1779559683485,1779559683485,1779559683476,1779559683487,22,0,21,1,11,33,11.7933
1056,1189,1779559683486,1779559683486,1779559683496,1779559683518,1779559683518,1779559683510,1779559683521,24,0,22,2,11,35,11.0796
1057,1190,1779559683521,1779559683521,1779559683530,1779559683556,1779559683556,1779559683547,1779559683555,26,0,26,0,8,34,10.5583
1058,1192,1779559683589,1779559683589,1779559683599,1779559683611,1779559683611,1779559683602,1779559683624,13,0,12,1,22,35,10.7541
1059,1193,1779559683624,1779559683624,1779559683633,1779559683644,1779559683644,1779559683636,1779559683658,12,0,11,1,22,34,10.0880
1060,1194,1779559683658,1779559683658,1779559683668,1779559683683,1779559683683,1779559683674,1779559683693,16,0,15,1,19,35,9.6645
1063,1198,1779559683796,1779559683796,1779559683805,1779559683808,1779559683808,1779559683799,1779559683831,3,0,3,0,32,35,12.6750
1064,1199,1779559683831,1779559683831,1779559683841,1779559683862,1779559683862,1779559683853,1779559683873,22,0,21,1,20,42,12.6270
1065,1200,1779559683873,1779559683873,1779559683883,1779559683895,1779559683895,1779559683886,1779559683906,13,0,12,1,20,33,11.8514
1066,1201,1779559683906,1779559683906,1779559683915,1779559683933,1779559683933,1779559683925,1779559683949,19,0,18,1,24,43,11.3594
1067,1202,1779559683949,1779559683949,1779559683958,1779559683988,1779559683988,1779559683979,1779559683983,30,0,30,0,4,34,11.9073
1068,1203,1779559683983,1779559683983,1779559683992,1779559684021,1779559684021,1779559684012,1779559684016,29,0,29,0,4,33,11.1945
1069,1204,1779559684016,1779559684016,1779559684026,1779559684059,1779559684059,1779559684050,1779559684051,34,0,33,1,1,35,10.7135
1070,1206,1779559684085,1779559684085,1779559684094,1779559684113,1779559684113,1779559684105,1779559684119,20,0,19,1,14,34,10.8984
1071,1207,1779559684119,1779559684119,1779559684129,1779559684147,1779559684147,1779559684138,1779559684154,19,0,18,1,16,35,10.2905
1072,1208,1779559684153,1779559684153,1779559684163,1779559684185,1779559684185,1779559684177,1779559684188,24,0,22,2,11,35,9.9553
1073,1210,1779559684222,1779559684222,1779559684233,1779559684241,1779559684241,1779559684232,1779559684256,10,0,8,2,24,34,10.1520
1074,1211,1779559684256,1779559684256,1779559684265,1779559684278,1779559684278,1779559684269,1779559684291,13,0,13,0,22,35,9.6405
1075,1212,1779559684291,1779559684291,1779559684300,1779559684316,1779559684317,1779559684308,1779559684325,17,1,16,0,17,34,9.3452
1078,1215,1779559684403,1779559684403,1779559684413,1779559684444,1779559684444,1779559684435,1779559684437,32,0,31,1,2,34,11.2476
1079,1217,1779559684478,1779559684478,1779559684488,1779559684498,1779559684498,1779559684490,1779559684512,12,0,10,2,22,34,11.7929
1080,1218,1779559684512,1779559684512,1779559684521,1779559684532,1779559684532,1779559684524,1779559684546,12,0,11,1,22,34,11.1234
1081,1219,1779559684546,1779559684546,1779559684555,1779559684571,1779559684571,1779559684563,1779559684580,17,0,16,1,17,34,10.7075
1082,1221,1779559684614,1779559684614,1779559684624,1779559684627,1779559684627,1779559684618,1779559684649,4,0,3,1,31,35,10.8299
1083,1222,1779559684649,1779559684649,1779559684659,1779559684661,1779559684661,1779559684652,1779559684683,3,0,2,1,31,34,10.1808
1084,1223,1779559684683,1779559684683,1779559684693,1779559684699,1779559684699,1779559684690,1779559684718,7,0,6,1,28,35,9.7714
1085,1224,1779559684718,1779559684718,1779559684727,1779559684753,1779559684753,1779559684745,1779559684752,27,0,26,1,7,34,10.4662
1086,1225,1779559684752,1779559684752,1779559684761,1779559684790,1779559684790,1779559684782,1779559684786,30,0,29,1,4,34,10.0109
1087,1226,1779559684786,1779559684786,1779559684795,1779559684829,1779559684829,1779559684820,1779559684821,34,0,34,0,1,35,9.5783
1088,1228,1779559684855,1779559684855,1779559684865,1779559684883,1779559684883,1779559684874,1779559684898,19,0,18,1,24,43,10.4321
1089,1229,1779559684898,1779559684898,1779559684907,1779559684916,1779559684916,1779559684908,1779559684931,10,0,9,1,23,33,9.8119
1090,1230,1779559684931,1779559684931,1779559684941,1779559684954,1779559684954,1779559684946,1779559684974,15,0,13,2,28,43,9.4755
1091,1231,1779559684974,1779559684974,1779559684983,1779559685009,1779559685009,1779559685000,1779559685007,26,0,26,0,7,33,10.1751
1092,1232,1779559685007,1779559685007,1779559685017,1779559685045,1779559685045,1779559685036,1779559685042,29,0,28,1,6,35,9.6286
1093,1233,1779559685042,1779559685042,1779559685051,1779559685082,1779559685082,1779559685074,1779559685076,32,0,31,1,2,34,9.2872
1094,1235,1779559685110,1779559685110,1779559685120,1779559685137,1779559685137,1779559685128,1779559685145,18,0,17,1,17,35,9.6502
1095,1236,1779559685145,1779559685145,1779559685154,1779559685169,1779559685169,1779559685161,1779559685178,16,0,15,1,17,33,9.0919
1096,1237,1779559685178,1779559685178,1779559685188,1779559685207,1779559685208,1779559685199,1779559685213,21,1,19,1,14,35,8.7540
1097,1239,1779559685247,1779559685247,1779559685256,1779559685262,1779559685262,1779559685253,1779559685281,6,0,6,0,28,34,9.1265
1098,1240,1779559685281,1779559685281,1779559685291,1779559685295,1779559685295,1779559685286,1779559685315,5,0,4,1,29,34,8.6104
1099,1241,1779559685315,1779559685315,1779559685325,1779559685333,1779559685333,1779559685324,1779559685350,9,0,8,1,26,35,8.2893
1100,1242,1779559685350,1779559685350,1779559685359,1779559685387,1779559685387,1779559685379,1779559685385,29,0,28,1,6,35,8.9969
1101,1243,1779559685385,1779559685385,1779559685395,1779559685421,1779559685421,1779559685412,1779559685428,27,0,26,1,16,43,9.0172
1102,1244,1779559685427,1779559685427,1779559685437,1779559685459,1779559685459,1779559685451,1779559685501,24,0,22,2,50,74,10.6330
1103,1245,1779559685501,1779559685501,1779559685511,1779559685514,1779559685514,1779559685505,1779559685539,4,0,3,1,34,38,11.0126
1104,1247,1779559685539,1779559685539,1779559685548,1779559685548,1779559685548,1779559685540,1779559685573,1,0,0,1,33,34,10.3593
1105,1248,1779559685573,1779559685573,1779559685583,1779559685587,1779559685587,1779559685578,1779559685607,5,0,4,1,29,34,9.9542
1106,1249,1779559685607,1779559685607,1779559685617,1779559685643,1779559685643,1779559685634,1779559685645,27,0,26,1,11,38,10.4794
1107,1250,1779559685645,1779559685645,1779559685655,1779559685678,1779559685678,1779559685669,1779559685684,24,0,23,1,15,39,10.0841
1108,1251,1779559685684,1779559685684,1779559685694,1779559685716,1779559685716,1779559685707,1779559685722,23,0,22,1,15,38,9.4548
1111,1254,1779559685799,1779559685799,1779559685808,1779559685841,1779559685841,1779559685832,1779559685837,33,0,33,0,5,38,10.9972
1112,1256,1779559685874,1779559685874,1779559685884,1779559685895,1779559685895,1779559685886,1779559685918,12,0,11,1,32,44,11.9874
1113,1257,1779559685918,1779559685918,1779559685928,1779559685930,1779559685930,1779559685925,1779559685950,7,0,2,5,25,32,11.4705
1114,1258,1779559685950,1779559685950,1779559685960,1779559685968,1779559685968,1779559685959,1779559685992,9,0,8,1,33,42,11.0408
1115,1259,1779559685992,1779559685992,1779559686002,1779559686022,1779559686022,1779559686013,1779559686025,21,0,20,1,12,33,11.6515
1116,1260,1779559686025,1779559686025,1779559686035,1779559686055,1779559686055,1779559686046,1779559686059,21,0,20,1,13,34,10.9845
1117,1261,1779559686059,1779559686059,1779559686069,1779559686092,1779559686092,1779559686084,1779559686094,25,0,23,2,10,35,10.5062
1118,1263,1779559686128,1779559686128,1779559686137,1779559686147,1779559686147,1779559686138,1779559686163,10,0,10,0,25,35,10.7724
1119,1264,1779559686163,1779559686163,1779559686172,1779559686181,1779559686181,1779559686172,1779559686196,9,0,9,0,24,33,10.1223
1120,1265,1779559686196,1779559686196,1779559686206,1779559686219,1779559686219,1779559686210,1779559686231,14,0,13,1,21,35,9.6907
1121,1266,1779559686231,1779559686231,1779559686241,1779559686273,1779559686273,1779559686264,1779559686265,33,0,32,1,1,34,10.3151
1122,1267,1779559686265,1779559686265,1779559686275,1779559686306,1779559686306,1779559686297,1779559686299,32,0,31,1,2,34,9.7222
1123,1269,1779559686334,1779559686334,1779559686344,1779559686344,1779559686344,1779559686336,1779559686368,2,0,0,2,32,34,10.9905
1124,1270,1779559686368,1779559686368,1779559686378,1779559686398,1779559686398,1779559686389,1779559686404,21,0,20,1,15,36,11.4010
1125,1271,1779559686404,1779559686404,1779559686414,1779559686431,1779559686431,1779559686423,1779559686446,19,0,17,2,23,42,11.1888
1126,1272,1779559686446,1779559686446,1779559686455,1779559686469,1779559686469,1779559686460,1779559686479,14,0,14,0,19,33,10.7417
1127,1273,1779559686479,1779559686479,1779559686488,1779559686523,1779559686523,1779559686514,1779559686521,35,0,35,0,7,42,10.8041
1128,1274,1779559686521,1779559686521,1779559686530,1779559686555,1779559686556,1779559686547,1779559686554,26,1,25,0,7,33,10.1490
1129,1275,1779559686553,1779559686553,1779559686563,1779559686593,1779559686593,1779559686584,1779559686588,31,0,30,1,4,35,9.6542
1130,1277,1779559686622,1779559686622,1779559686632,1779559686647,1779559686647,1779559686638,1779559686657,16,0,15,1,19,35,9.9535
1131,1278,1779559686657,1779559686657,1779559686666,1779559686683,1779559686683,1779559686675,1779559686692,18,0,17,1,17,35,9.4675
1132,1279,1779559686692,1779559686692,1779559686701,1779559686720,1779559686720,1779559686711,1779559686725,19,0,19,0,14,33,9.0120
1133,1281,1779559686760,1779559686760,1779559686770,1779559686774,1779559686774,1779559686765,1779559686794,5,0,4,1,29,34,9.3798
1134,1282,1779559686794,1779559686794,1779559686804,1779559686807,1779559686807,1779559686798,1779559686829,4,0,3,1,31,35,8.8714
1135,1283,1779559686828,1779559686828,1779559686838,1779559686846,1779559686846,1779559686837,1779559686864,9,0,8,1,27,36,8.5629
1136,1284,1779559686864,1779559686864,1779559686873,1779559686900,1779559686900,1779559686891,1779559686898,27,0,27,0,7,34,9.2612
1137,1285,1779559686898,1779559686898,1779559686907,1779559686934,1779559686934,1779559686925,1779559686941,27,0,27,0,16,43,9.2494
1138,1286,1779559686941,1779559686941,1779559686951,1779559686973,1779559686973,1779559686964,1779559686974,23,0,22,1,10,33,9.0442
1139,1288,1779559687009,1779559687009,1779559687018,1779559687027,1779559687027,1779559687018,1779559687043,9,0,9,0,25,34,9.3299
1140,1289,1779559687043,1779559687043,1779559687052,1779559687060,1779559687061,1779559687052,1779559687077,9,1,8,0,25,34,8.8231
1141,1290,1779559687077,1779559687077,1779559687087,1779559687099,1779559687099,1779559687090,1779559687111,13,0,12,1,21,34,8.4783
1142,1291,1779559687111,1779559687111,1779559687121,1779559687153,1779559687153,1779559687144,1779559687146,33,0,32,1,2,35,9.1976
1143,1292,1779559687145,1779559687145,1779559687155,1779559687186,1779559687186,1779559687178,1779559687180,33,0,31,2,2,35,8.6824
1144,1294,1779559687215,1779559687215,1779559687224,1779559687224,1779559687225,1779559687216,1779559687249,1,1,0,0,33,34,10.0367
1145,1295,1779559687249,1779559687249,1779559687258,1779559687279,1779559687279,1779559687270,1779559687284,21,0,21,0,14,35,10.6147
1146,1296,1779559687283,1779559687283,1779559687293,1779559687313,1779559687313,1779559687304,1779559687318,21,0,20,1,14,35,9.9620
1147,1297,1779559687318,1779559687318,1779559687327,1779559687351,1779559687351,1779559687342,1779559687352,24,0,24,0,10,34,9.5398
1148,1299,1779559687387,1779559687387,1779559687396,1779559687406,1779559687406,1779559687397,1779559687422,10,0,10,0,25,35,9.8346
1149,1300,1779559687422,1779559687422,1779559687431,1779559687439,1779559687439,1779559687430,1779559687464,8,0,8,0,34,42,9.8162
1152,1303,1779559687541,1779559687541,1779559687551,1779559687564,1779559687564,1779559687556,1779559687575,15,0,13,2,19,34,13.5256
1153,1304,1779559687575,1779559687575,1779559687585,1779559687602,1779559687602,1779559687593,1779559687610,18,0,17,1,17,35,12.8169
1154,1306,1779559687644,1779559687644,1779559687654,1779559687656,1779559687656,1779559687647,1779559687679,3,0,2,1,32,35,12.9223
1155,1307,1779559687678,1779559687678,1779559687688,1779559687689,1779559687689,1779559687680,1779559687713,2,0,1,1,33,35,12.2326
1156,1308,1779559687713,1779559687713,1779559687723,1779559687729,1779559687729,1779559687720,1779559687747,7,0,6,1,27,34,11.8521
1157,1309,1779559687747,1779559687747,1779559687757,1779559687783,1779559687783,1779559687774,1779559687782,27,0,26,1,8,35,12.3175
1158,1310,1779559687782,1779559687782,1779559687791,1779559687816,1779559687816,1779559687808,1779559687816,26,0,25,1,8,34,11.5524
1159,1311,1779559687816,1779559687816,1779559687825,1779559687854,1779559687854,1779559687845,1779559687850,29,0,29,0,5,34,10.9905
1162,1315,1779559687964,1779559687964,1779559687974,1779559687979,1779559687979,1779559687970,1779559687999,6,0,5,1,29,35,14.0828
1163,1316,1779559687999,1779559687999,1779559688008,1779559688033,1779559688033,1779559688025,1779559688042,26,0,25,1,17,43,13.8999
1164,1317,1779559688042,1779559688042,1779559688053,1779559688066,1779559688066,1779559688058,1779559688075,16,0,13,3,17,33,13.0476
1165,1318,1779559688075,1779559688075,1779559688085,1779559688105,1779559688105,1779559688096,1779559688110,21,0,20,1,14,35,12.4570
1166,1320,1779559688144,1779559688144,1779559688154,1779559688159,1779559688159,1779559688150,1779559688178,6,0,5,1,28,34,12.6033
1167,1321,1779559688178,1779559688178,1779559688188,1779559688193,1779559688194,1779559688185,1779559688213,7,1,5,1,28,35,11.8538
1168,1322,1779559688213,1779559688213,1779559688222,1779559688232,1779559688232,1779559688223,1779559688247,10,0,10,0,24,34,11.3370
1169,1323,1779559688247,1779559688247,1779559688257,1779559688288,1779559688288,1779559688279,1779559688282,32,0,31,1,3,35,11.9732
1170,1324,1779559688282,1779559688282,1779559688291,1779559688321,1779559688321,1779559688312,1779559688316,30,0,30,0,4,34,11.2939
1171,1325,1779559688316,1779559688316,1779559688325,1779559688359,1779559688359,1779559688350,1779559688385,34,0,34,0,35,69,12.5092
1172,1327,1779559688384,1779559688384,1779559688394,1779559688413,1779559688413,1779559688405,1779559688420,21,0,19,2,15,36,12.9703
1173,1328,1779559688420,1779559688420,1779559688429,1779559688447,1779559688447,1779559688438,1779559688462,18,0,18,0,24,42,12.7655
1174,1329,1779559688462,1779559688462,1779559688472,1779559688484,1779559688485,1779559688476,1779559688495,14,1,12,1,19,33,12.3100
1175,1330,1779559688495,1779559688495,1779559688504,1779559688539,1779559688539,1779559688530,1779559688537,35,0,35,0,7,42,12.3004
1176,1331,1779559688537,1779559688537,1779559688546,1779559688572,1779559688572,1779559688563,1779559688569,26,0,26,0,6,32,11.5444
1177,1332,1779559688569,1779559688569,1779559688579,1779559688610,1779559688611,1779559688602,1779559688605,33,1,31,1,3,36,11.0627
1178,1334,1779559688638,1779559688638,1779559688648,1779559688665,1779559688665,1779559688656,1779559688673,18,0,17,1,17,35,11.2646
1179,1335,1779559688673,1779559688673,1779559688682,1779559688698,1779559688699,1779559688690,1779559688707,17,1,16,0,17,34,10.5747
1180,1336,1779559688707,1779559688707,1779559688717,1779559688737,1779559688737,1779559688728,1779559688742,21,0,20,1,14,35,10.1011
1181,1338,1779559688775,1779559688775,1779559688785,1779559688791,1779559688791,1779559688782,1779559688810,7,0,6,1,28,35,10.3540
1182,1339,1779559688810,1779559688810,1779559688820,1779559688824,1779559688824,1779559688815,1779559688844,5,0,4,1,29,34,9.7699
1183,1340,1779559688844,1779559688844,1779559688853,1779559688862,1779559688862,1779559688853,1779559688878,9,0,9,0,25,34,9.3814
1184,1341,1779559688878,1779559688878,1779559688888,1779559688916,1779559688916,1779559688907,1779559688913,29,0,28,1,6,35,9.9980
1185,1342,1779559688913,1779559688913,1779559688923,1779559688949,1779559688949,1779559688941,1779559688947,28,0,26,2,6,34,9.3880
1186,1343,1779559688947,1779559688947,1779559688957,1779559688987,1779559688988,1779559688979,1779559688991,32,1,30,1,12,44,9.1487
1187,1345,1779559689024,1779559689024,1779559689035,1779559689042,1779559689042,1779559689033,1779559689067,9,0,7,2,34,43,9.9553
1189,1347,1779559689099,1779559689099,1779559689109,1779559689115,1779559689115,1779559689106,1779559689133,7,0,6,1,27,34,9.1514
1190,1348,1779559689133,1779559689133,1779559689143,1779559689168,1779559689168,1779559689160,1779559689168,27,0,25,2,8,35,9.8197
1191,1349,1779559689168,1779559689168,1779559689177,1779559689202,1779559689202,1779559689193,1779559689202,25,0,25,0,9,34,9.2973
1192,1350,1779559689202,1779559689202,1779559689211,1779559689245,1779559689245,1779559689236,1779559689236,34,0,34,0,0,34,9.2648
1193,1352,1779559689271,1779559689271,1779559689280,1779559689299,1779559689299,1779559689290,1779559689305,19,0,19,0,15,34,9.5881
1194,1353,1779559689305,1779559689305,1779559689314,1779559689333,1779559689333,1779559689324,1779559689339,19,0,19,0,15,34,9.0011
1195,1354,1779559689339,1779559689339,1779559689348,1779559689372,1779559689372,1779559689363,1779559689374,24,0,24,0,11,35,8.7096
1196,1356,1779559689407,1779559689407,1779559689417,1779559689428,1779559689428,1779559689420,1779559689442,13,0,11,2,22,35,8.9064
1197,1357,1779559689442,1779559689442,1779559689452,1779559689462,1779559689462,1779559689453,1779559689477,11,0,10,1,24,35,8.4007
1198,1358,1779559689477,1779559689477,1779559689487,1779559689501,1779559689501,1779559689492,1779559689520,15,0,14,1,28,43,8.1808
1199,1359,1779559689520,1779559689520,1779559689530,1779559689555,1779559689555,1779559689546,1779559689554,26,0,25,1,8,34,9.0021
1200,1360,1779559689554,1779559689554,1779559689563,1779559689589,1779559689589,1779559689580,1779559689596,26,0,26,0,16,42,8.9950
1201,1361,1779559689596,1779559689596,1779559689605,1779559689627,1779559689627,1779559689619,1779559689628,23,0,22,1,9,32,8.8467
1202,1363,1779559689662,1779559689662,1779559689672,1779559689683,1779559689683,1779559689674,1779559689696,12,0,11,1,22,34,9.1362
1203,1364,1779559689696,1779559689696,1779559689706,1779559689716,1779559689716,1779559689708,1779559689731,12,0,10,2,23,35,8.6028
1204,1365,1779559689731,1779559689731,1779559689741,1779559689754,1779559689754,1779559689746,1779559689765,15,0,13,2,19,34,8.3231
1206,1367,1779559689799,1779559689799,1779559689809,1779559689842,1779559689842,1779559689833,1779559689834,34,0,33,1,1,35,10.2362
1207,1369,1779559689867,1779559689867,1779559689877,1779559689881,1779559689881,1779559689872,1779559689902,5,0,4,1,30,35,11.4304
1208,1370,1779559689902,1779559689902,1779559689912,1779559689935,1779559689935,1779559689927,1779559689937,25,0,23,2,10,35,11.9869
1209,1371,1779559689937,1779559689937,1779559689946,1779559689970,1779559689970,1779559689961,1779559689971,24,0,24,0,10,34,11.2807
1210,1372,1779559689971,1779559689971,1779559689981,1779559690007,1779559690007,1779559689999,1779559690014,28,0,26,2,15,43,10.8426
1213,1376,1779559690122,1779559690122,1779559690132,1779559690133,1779559690133,1779559690124,1779559690157,2,0,1,1,33,35,14.0230
1214,1377,1779559690157,1779559690157,1779559690167,1779559690187,1779559690187,1779559690178,1779559690191,21,0,20,1,13,34,14.3878
1215,1378,1779559690191,1779559690191,1779559690201,1779559690221,1779559690221,1779559690212,1779559690225,21,0,20,1,13,34,13.4946
1216,1379,1779559690225,1779559690225,1779559690235,1779559690260,1779559690260,1779559690252,1779559690260,27,0,25,2,8,35,12.9976
1217,1381,1779559690294,1779559690294,1779559690305,1779559690315,1779559690315,1779559690307,1779559690328,13,0,10,3,21,34,13.0084
1218,1382,1779559690328,1779559690328,1779559690337,1779559690348,1779559690348,1779559690340,1779559690362,12,0,11,1,22,34,12.2792
1219,1383,1779559690362,1779559690362,1779559690372,1779559690387,1779559690387,1779559690378,1779559690396,16,0,15,1,18,34,11.7532
1220,1385,1779559690431,1779559690431,1779559690440,1779559690442,1779559690442,1779559690433,1779559690465,2,0,2,0,32,34,11.8867
1222,1387,1779559690501,1779559690501,1779559690510,1779559690513,1779559690513,1779559690504,1779559690542,3,0,3,0,38,41,10.8104
1223,1388,1779559690542,1779559690542,1779559690552,1779559690567,1779559690567,1779559690558,1779559690575,16,0,15,1,17,33,11.4453
1224,1389,1779559690575,1779559690575,1779559690585,1779559690599,1779559690599,1779559690591,1779559690611,16,0,14,2,20,36,10.8990
1225,1390,1779559690611,1779559690611,1779559690621,1779559690638,1779559690638,1779559690629,1779559690654,18,0,17,1,25,43,10.5237
1226,1391,1779559690654,1779559690654,1779559690663,1779559690692,1779559690692,1779559690683,1779559690686,29,0,29,0,3,32,11.2355
1227,1392,1779559690686,1779559690686,1779559690695,1779559690726,1779559690726,1779559690717,1779559690721,31,0,31,0,4,35,10.5753
1228,1394,1779559690754,1779559690754,1779559690764,1779559690765,1779559690765,1779559690756,1779559690789,2,0,1,1,33,35,11.7442
1229,1395,1779559690789,1779559690789,1779559690798,1779559690819,1779559690819,1779559690811,1779559690823,22,0,21,1,12,34,12.2928
1230,1396,1779559690823,1779559690823,1779559690833,1779559690853,1779559690853,1779559690844,1779559690857,21,0,20,1,13,34,11.5689
1231,1397,1779559690857,1779559690857,1779559690866,1779559690892,1779559690892,1779559690883,1779559690892,26,0,26,0,9,35,11.1175
1232,1399,1779559690925,1779559690925,1779559690935,1779559690946,1779559690946,1779559690937,1779559690960,12,0,11,1,23,35,11.3455
1235,1402,1779559691040,1779559691040,1779559691049,1779559691073,1779559691073,1779559691064,1779559691074,24,0,24,0,10,34,14.9504
1236,1403,1779559691074,1779559691074,1779559691083,1779559691108,1779559691108,1779559691100,1779559691116,26,0,25,1,16,42,14.4070
1237,1404,1779559691116,1779559691116,1779559691126,1779559691146,1779559691146,1779559691137,1779559691149,21,0,20,1,12,33,13.7593
1238,1406,1779559691183,1779559691183,1779559691193,1779559691200,1779559691200,1779559691191,1779559691217,8,0,7,1,26,34,13.8089
1239,1407,1779559691217,1779559691217,1779559691227,1779559691234,1779559691234,1779559691225,1779559691252,8,0,7,1,27,35,12.9809
1240,1408,1779559691252,1779559691252,1779559691262,1779559691272,1779559691272,1779559691263,1779559691286,11,0,10,1,23,34,12.4035
1241,1409,1779559691286,1779559691286,1779559691297,1779559691327,1779559691327,1779559691318,1779559691321,32,0,30,2,3,35,12.8959
1242,1410,1779559691321,1779559691321,1779559691331,1779559691361,1779559691361,1779559691352,1779559691355,31,0,30,1,3,34,12.1105
1243,1412,1779559691389,1779559691389,1779559691399,1779559691400,1779559691400,1779559691391,1779559691424,2,0,1,1,33,35,13.2411
1244,1413,1779559691424,1779559691424,1779559691434,1779559691455,1779559691455,1779559691446,1779559691458,22,0,21,1,12,34,13.7413
1245,1414,1779559691458,1779559691458,1779559691467,1779559691488,1779559691488,1779559691479,1779559691492,21,0,21,0,13,34,12.9926
1246,1415,1779559691492,1779559691492,1779559691502,1779559691526,1779559691526,1779559691517,1779559691568,25,0,24,1,51,76,14.5532
1247,1416,1779559691568,1779559691568,1779559691578,1779559691580,1779559691581,1779559691572,1779559691573,4,1,2,1,1,5,16.8092
1248,1417,1779559691573,1779559691573,1779559691582,1779559691614,1779559691614,1779559691605,1779559691608,32,0,32,0,3,35,15.8721
1249,1418,1779559691607,1779559691607,1779559691617,1779559691654,1779559691654,1779559691645,1779559691650,38,0,37,1,5,43,15.0116
1250,1420,1779559691683,1779559691683,1779559691692,1779559691708,1779559691708,1779559691699,1779559691717,16,0,16,0,18,34,14.9222
1251,1421,1779559691717,1779559691717,1779559691728,1779559691742,1779559691742,1779559691733,1779559691752,16,0,14,2,19,35,14.0570
1252,1422,1779559691752,1779559691752,1779559691762,1779559691780,1779559691781,1779559691772,1779559691786,20,1,18,1,14,34,13.5029
1253,1424,1779559691821,1779559691821,1779559691831,1779559691836,1779559691836,1779559691827,1779559691855,6,0,5,1,28,34,13.5346
1254,1425,1779559691855,1779559691855,1779559691865,1779559691871,1779559691871,1779559691863,1779559691889,8,0,6,2,26,34,12.8126
1255,1426,1779559691889,1779559691889,1779559691899,1779559691910,1779559691911,1779559691902,1779559691924,13,1,11,1,22,35,12.2826
1256,1427,1779559691924,1779559691924,1779559691933,1779559691965,1779559691965,1779559691956,1779559691958,32,0,32,0,2,34,12.7410
1257,1428,1779559691958,1779559691958,1779559691968,1779559691999,1779559691999,1779559691990,1779559691993,32,0,31,1,3,35,12.0135
1258,1430,1779559692028,1779559692028,1779559692037,1779559692038,1779559692038,1779559692029,1779559692070,1,0,1,0,41,42,13.6169
1259,1431,1779559692070,1779559692070,1779559692082,1779559692091,1779559692091,1779559692082,1779559692103,12,0,9,3,21,33,14.0219
1260,1432,1779559692103,1779559692103,1779559692112,1779559692125,1779559692125,1779559692116,1779559692145,13,0,13,0,29,42,13.6509
1261,1433,1779559692145,1779559692145,1779559692154,1779559692163,1779559692163,1779559692154,1779559692178,9,0,9,0,24,33,13.1072
1262,1434,1779559692178,1779559692178,1779559692187,1779559692217,1779559692217,1779559692208,1779559692213,30,0,30,0,5,35,13.4997
1263,1435,1779559692213,1779559692213,1779559692222,1779559692250,1779559692250,1779559692242,1779559692247,29,0,28,1,5,34,12.6634
1264,1436,1779559692247,1779559692247,1779559692256,1779559692289,1779559692289,1779559692281,1779559692281,34,0,33,1,0,34,12.1394
1265,1438,1779559692315,1779559692315,1779559692325,1779559692346,1779559692346,1779559692337,1779559692350,22,0,21,1,13,35,12.0757
1266,1439,1779559692350,1779559692350,1779559692359,1779559692380,1779559692380,1779559692371,1779559692384,21,0,21,0,13,34,11.4292
1267,1440,1779559692384,1779559692384,1779559692394,1779559692417,1779559692417,1779559692408,1779559692419,24,0,23,1,11,35,10.8601
1268,1442,1779559692452,1779559692452,1779559692462,1779559692472,1779559692472,1779559692463,1779559692487,11,0,10,1,24,35,10.9918
1269,1443,1779559692487,1779559692487,1779559692497,1779559692506,1779559692506,1779559692497,1779559692523,10,0,9,1,26,36,10.4245
1270,1444,1779559692523,1779559692523,1779559692533,1779559692544,1779559692544,1779559692535,1779559692565,12,0,11,1,30,42,10.0254
1271,1445,1779559692565,1779559692565,1779559692574,1779559692598,1779559692598,1779559692589,1779559692598,24,0,24,0,9,33,10.7087
1272,1446,1779559692598,1779559692598,1779559692607,1779559692631,1779559692631,1779559692622,1779559692640,24,0,24,0,18,42,10.6009
1273,1447,1779559692640,1779559692640,1779559692649,1779559692669,1779559692669,1779559692660,1779559692673,20,0,20,0,13,33,10.2405
1274,1449,1779559692708,1779559692708,1779559692717,1779559692723,1779559692723,1779559692714,1779559692742,6,0,6,0,28,34,10.5279
1275,1450,1779559692742,1779559692742,1779559692751,1779559692756,1779559692756,1779559692747,1779559692776,5,0,5,0,29,34,9.9429
1276,1451,1779559692776,1779559692776,1779559692786,1779559692794,1779559692794,1779559692785,1779559692811,9,0,8,1,26,35,9.5356
1277,1452,1779559692811,1779559692811,1779559692820,1779559692848,1779559692848,1779559692839,1779559692844,28,0,28,0,5,33,10.2085
1278,1453,1779559692844,1779559692844,1779559692854,1779559692881,1779559692881,1779559692872,1779559692879,28,0,27,1,7,35,9.6649
1279,1454,1779559692879,1779559692879,1779559692888,1779559692919,1779559692919,1779559692910,1779559692914,31,0,31,0,4,35,9.2525
1280,1456,1779559692948,1779559692948,1779559692957,1779559692973,1779559692973,1779559692964,1779559692983,16,0,16,0,19,35,9.5920
1281,1457,1779559692982,1779559692982,1779559692992,1779559693006,1779559693006,1779559692997,1779559693017,15,0,14,1,20,35,9.0830
1282,1458,1779559693017,1779559693017,1779559693027,1779559693044,1779559693044,1779559693035,1779559693052,18,0,17,1,17,35,8.7034
1283,1459,1779559693052,1779559693052,1779559693061,1779559693099,1779559693099,1779559693090,1779559693094,38,0,38,0,4,42,8.9458
1284,1460,1779559693094,1779559693094,1779559693104,1779559693131,1779559693132,1779559693123,1779559693127,29,1,27,1,4,33,8.4013
1285,1461,1779559693127,1779559693127,1779559693137,1779559693170,1779559693170,1779559693161,1779559693170,34,0,33,1,9,43,8.1718
1286,1463,1779559693203,1779559693203,1779559693212,1779559693224,1779559693224,1779559693216,1779559693237,13,0,12,1,21,34,8.4281
1287,1464,1779559693237,1779559693237,1779559693247,1779559693259,1779559693259,1779559693251,1779559693271,14,0,12,2,20,34,7.9463
1288,1465,1779559693271,1779559693271,1779559693281,1779559693298,1779559693298,1779559693289,1779559693305,18,0,17,1,16,34,7.6985
1289,1467,1779559693340,1779559693340,1779559693350,1779559693355,1779559693355,1779559693346,1779559693374,6,0,5,1,28,34,7.9496
1290,1468,1779559693374,1779559693374,1779559693384,1779559693391,1779559693391,1779559693382,1779559693408,8,0,7,1,26,34,7.5654
1291,1469,1779559693408,1779559693408,1779559693418,1779559693432,1779559693432,1779559693424,1779559693443,16,0,14,2,19,35,7.5465
1294,1473,1779559693546,1779559693546,1779559693556,1779559693559,1779559693559,1779559693550,1779559693590,4,0,3,1,40,44,11.4022
1295,1474,1779559693590,1779559693590,1779559693599,1779559693614,1779559693614,1779559693605,1779559693623,15,0,15,0,18,33,12.0570
1296,1475,1779559693623,1779559693623,1779559693633,1779559693647,1779559693647,1779559693638,1779559693666,15,0,14,1,28,43,11.8959
1297,1476,1779559693665,1779559693665,1779559693675,1779559693685,1779559693685,1779559693676,1779559693698,11,0,10,1,22,33,11.4777
1298,1477,1779559693698,1779559693698,1779559693708,1779559693740,1779559693740,1779559693731,1779559693733,33,0,32,1,2,35,12.0455
1299,1478,1779559693733,1779559693733,1779559693742,1779559693774,1779559693774,1779559693765,1779559693767,32,0,32,0,2,34,11.2955
1300,1480,1779559693801,1779559693801,1779559693811,1779559693812,1779559693812,1779559693803,1779559693836,2,0,1,1,33,35,12.5279
1301,1481,1779559693836,1779559693836,1779559693845,1779559693866,1779559693866,1779559693857,1779559693870,21,0,21,0,13,34,13.0114
1302,1482,1779559693870,1779559693870,1779559693879,1779559693899,1779559693900,1779559693891,1779559693904,21,1,20,0,13,34,12.2537
1303,1483,1779559693904,1779559693904,1779559693914,1779559693938,1779559693938,1779559693929,1779559693938,25,0,24,1,9,34,11.7472
1304,1485,1779559693973,1779559693973,1779559693982,1779559693992,1779559693992,1779559693983,1779559694007,10,0,10,0,24,34,11.9213
1305,1486,1779559694007,1779559694007,1779559694016,1779559694025,1779559694025,1779559694016,1779559694042,9,0,9,0,26,35,11.2985
1308,1489,1779559694120,1779559694120,1779559694130,1779559694151,1779559694151,1779559694142,1779559694155,22,0,21,1,13,35,14.7340
1309,1490,1779559694154,1779559694154,1779559694164,1779559694189,1779559694189,1779559694181,1779559694197,27,0,25,2,16,43,14.0082
1310,1492,1779559694229,1779559694229,1779559694239,1779559694244,1779559694244,1779559694235,1779559694264,6,0,5,1,29,35,13.9672
1311,1493,1779559694264,1779559694264,1779559694274,1779559694277,1779559694277,1779559694268,1779559694298,4,0,3,1,30,34,13.1766
1312,1494,1779559694298,1779559694298,1779559694308,1779559694316,1779559694316,1779559694307,1779559694332,9,0,8,1,25,34,12.6729
1313,1495,1779559694332,1779559694332,1779559694342,1779559694371,1779559694371,1779559694362,1779559694366,30,0,29,1,4,34,13.2024
1314,1496,1779559694366,1779559694366,1779559694376,1779559694406,1779559694406,1779559694398,1779559694401,32,0,30,2,3,35,12.4560
1315,1498,1779559694435,1779559694435,1779559694444,1779559694447,1779559694447,1779559694438,1779559694469,3,0,3,0,31,34,13.4355
1316,1499,1779559694469,1779559694469,1779559694478,1779559694500,1779559694500,1779559694491,1779559694503,22,0,22,0,12,34,13.7566
1317,1500,1779559694503,1779559694503,1779559694513,1779559694533,1779559694533,1779559694524,1779559694538,21,0,20,1,14,35,12.9767
1318,1501,1779559694538,1779559694538,1779559694547,1779559694571,1779559694571,1779559694562,1779559694572,24,0,24,0,10,34,12.3786
1319,1503,1779559694615,1779559694615,1779559694625,1779559694626,1779559694626,1779559694617,1779559694648,2,0,1,1,31,33,12.8994
1322,1506,1779559694724,1779559694724,1779559694733,1779559694751,1779559694751,1779559694742,1779559694758,18,0,18,0,16,34,14.0956
1323,1507,1779559694758,1779559694758,1779559694768,1779559694784,1779559694784,1779559694775,1779559694793,17,0,16,1,18,35,13.3133
1324,1508,1779559694792,1779559694792,1779559694802,1779559694822,1779559694822,1779559694813,1779559694826,21,0,20,1,13,34,12.7328
1325,1510,1779559694861,1779559694861,1779559694870,1779559694876,1779559694876,1779559694867,1779559694895,6,0,6,0,28,34,12.7773
1326,1511,1779559694895,1779559694895,1779559694905,1779559694910,1779559694910,1779559694901,1779559694929,6,0,5,1,28,34,12.0654
1327,1512,1779559694929,1779559694929,1779559694939,1779559694947,1779559694947,1779559694939,1779559694964,10,0,8,2,25,35,11.5312
1328,1513,1779559694964,1779559694964,1779559694973,1779559695001,1779559695001,1779559694993,1779559694998,29,0,28,1,5,34,12.0527
1329,1514,1779559694998,1779559694998,1779559695007,1779559695036,1779559695036,1779559695027,1779559695033,29,0,29,0,6,35,11.3412
1330,1516,1779559695067,1779559695067,1779559695076,1779559695078,1779559695078,1779559695069,1779559695102,2,0,2,0,33,35,12.3585
1331,1517,1779559695102,1779559695102,1779559695112,1779559695132,1779559695132,1779559695124,1779559695144,22,0,20,2,20,42,12.4196
1332,1518,1779559695144,1779559695144,1779559695153,1779559695165,1779559695165,1779559695156,1779559695177,12,0,12,0,21,33,11.6994
1333,1519,1779559695177,1779559695177,1779559695186,1779559695203,1779559695203,1779559695194,1779559695219,17,0,17,0,25,42,11.2213
1334,1520,1779559695219,1779559695219,1779559695228,1779559695257,1779559695257,1779559695248,1779559695252,29,0,29,0,4,33,11.8262
1335,1521,1779559695252,1779559695252,1779559695261,1779559695289,1779559695290,1779559695281,1779559695286,29,1,28,0,5,34,11.1518
1336,1522,1779559695286,1779559695286,1779559695296,1779559695327,1779559695327,1779559695318,1779559695320,32,0,31,1,2,34,10.6114
1337,1524,1779559695355,1779559695355,1779559695365,1779559695381,1779559695381,1779559695372,1779559695389,17,0,16,1,17,34,10.8769
1338,1525,1779559695389,1779559695389,1779559695400,1779559695413,1779559695413,1779559695405,1779559695424,16,0,13,3,19,35,10.2928
1339,1526,1779559695424,1779559695424,1779559695433,1779559695451,1779559695451,1779559695442,1779559695459,18,0,18,0,17,35,9.7936
1340,1528,1779559695492,1779559695492,1779559695502,1779559695505,1779559695505,1779559695497,1779559695527,5,0,3,2,30,35,9.9964
1341,1529,1779559695527,1779559695527,1779559695536,1779559695538,1779559695538,1779559695529,1779559695561,2,0,2,0,32,34,9.5256
1342,1530,1779559695561,1779559695561,1779559695571,1779559695576,1779559695576,1779559695567,1779559695596,6,0,5,1,29,35,9.1480
1343,1531,1779559695596,1779559695596,1779559695605,1779559695630,1779559695630,1779559695621,1779559695641,25,0,25,0,20,45,9.0915
1346,1534,1779559695723,1779559695723,1779559695733,1779559695755,1779559695755,1779559695746,1779559695761,23,0,22,1,15,38,12.9883
1347,1535,1779559695761,1779559695761,1779559695771,1779559695789,1779559695789,1779559695781,1779559695801,20,0,18,2,20,40,12.4944
1348,1536,1779559695801,1779559695801,1779559695811,1779559695829,1779559695829,1779559695820,1779559695839,19,0,18,1,19,38,11.8012
1349,1537,1779559695839,1779559695839,1779559695848,1779559695883,1779559695883,1779559695874,1779559695876,35,0,35,0,2,37,12.1008
1350,1538,1779559695876,1779559695876,1779559695886,1779559695917,1779559695917,1779559695908,1779559695911,32,0,31,1,3,35,11.3669
1351,1540,1779559695945,1779559695945,1779559695955,1779559695956,1779559695956,1779559695947,1779559695979,2,0,1,1,32,34,12.5055
1352,1541,1779559695979,1779559695979,1779559695989,1779559696012,1779559696012,1779559696003,1779559696014,24,0,23,1,11,35,13.0425
1353,1542,1779559696014,1779559696014,1779559696024,1779559696045,1779559696045,1779559696036,1779559696048,22,0,21,1,12,34,12.2828
1354,1543,1779559696048,1779559696048,1779559696058,1779559696086,1779559696086,1779559696077,1779559696083,29,0,28,1,6,35,11.8983
1355,1544,1779559696083,1779559696083,1779559696093,1779559696141,1779559696141,1779559696132,1779559696158,49,0,48,1,26,75,12.4244
1356,1546,1779559696162,1779559696162,1779559696172,1779559696176,1779559696176,1779559696167,1779559696196,5,0,4,1,29,34,11.7272
1357,1547,1779559696196,1779559696196,1779559696205,1779559696215,1779559696215,1779559696206,1779559696238,10,0,10,0,32,42,11.2732
1358,1548,1779559696238,1779559696238,1779559696248,1779559696269,1779559696269,1779559696261,1779559696271,23,0,21,2,10,33,11.9478
1359,1549,1779559696271,1779559696271,1779559696281,1779559696304,1779559696304,1779559696295,1779559696305,24,0,23,1,10,34,11.2173
1360,1550,1779559696305,1779559696305,1779559696315,1779559696342,1779559696342,1779559696333,1779559696340,28,0,27,1,7,35,10.7317
1361,1552,1779559696374,1779559696374,1779559696384,1779559696397,1779559696397,1779559696388,1779559696409,14,0,13,1,21,35,10.8713
1362,1553,1779559696409,1779559696409,1779559696418,1779559696431,1779559696431,1779559696422,1779559696444,13,0,13,0,22,35,10.2977
1363,1554,1779559696444,1779559696444,1779559696453,1779559696469,1779559696469,1779559696460,1779559696477,16,0,16,0,17,33,9.9227
1364,1556,1779559696512,1779559696512,1779559696521,1779559696524,1779559696524,1779559696515,1779559696546,3,0,3,0,31,34,10.1742
1365,1557,1779559696546,1779559696546,1779559696556,1779559696557,1779559696557,1779559696549,1779559696581,3,0,1,2,32,35,9.5729
1366,1558,1779559696581,1779559696581,1779559696590,1779559696595,1779559696595,1779559696587,1779559696615,6,0,5,1,28,34,9.2072
1369,1561,1779559696694,1779559696694,1779559696703,1779559696721,1779559696721,1779559696712,1779559696728,18,0,18,0,16,34,10.8090
1370,1562,1779559696728,1779559696728,1779559696738,1779559696775,1779559696775,1779559696766,1779559696771,38,0,37,1,5,43,10.8730
1371,1563,1779559696771,1779559696771,1779559696780,1779559696807,1779559696807,1779559696798,1779559696803,27,0,27,0,5,32,10.2255
1372,1564,1779559696803,1779559696803,1779559696813,1779559696845,1779559696845,1779559696836,1779559696837,33,0,32,1,1,34,9.8197
1373,1566,1779559696872,1779559696872,1779559696882,1779559696899,1779559696899,1779559696890,1779559696906,18,0,17,1,16,34,10.1349
1374,1567,1779559696906,1779559696906,1779559696916,1779559696932,1779559696932,1779559696923,1779559696941,17,0,16,1,18,35,9.5387
1375,1568,1779559696941,1779559696941,1779559696950,1779559696971,1779559696971,1779559696962,1779559696975,21,0,21,0,13,34,9.1726
1376,1570,1779559697010,1779559697010,1779559697020,1779559697026,1779559697026,1779559697017,1779559697044,7,0,6,1,27,34,9.4705
1377,1571,1779559697044,1779559697044,1779559697054,1779559697058,1779559697059,1779559697050,1779559697078,6,1,4,1,28,34,8.9441
1378,1572,1779559697078,1779559697078,1779559697088,1779559697097,1779559697097,1779559697088,1779559697113,10,0,9,1,25,35,8.5576
1379,1573,1779559697113,1779559697113,1779559697123,1779559697150,1779559697150,1779559697141,1779559697148,28,0,27,1,7,35,9.1733
1380,1574,1779559697148,1779559697148,1779559697157,1779559697183,1779559697183,1779559697175,1779559697190,27,0,26,1,15,42,9.1250
1381,1575,1779559697190,1779559697190,1779559697200,1779559697221,1779559697221,1779559697213,1779559697223,23,0,21,2,10,33,8.8660
1382,1577,1779559697265,1779559697265,1779559697275,1779559697276,1779559697276,1779559697267,1779559697299,2,0,1,1,32,34,9.6609
1384,1579,1779559697333,1779559697333,1779559697343,1779559697347,1779559697347,1779559697339,1779559697367,6,0,4,2,28,34,8.8972
1385,1580,1779559697367,1779559697367,1779559697377,1779559697401,1779559697401,1779559697393,1779559697402,26,0,24,2,9,35,9.5435
1386,1581,1779559697402,1779559697402,1779559697412,1779559697435,1779559697435,1779559697427,1779559697436,25,0,23,2,9,34,8.9536
1387,1582,1779559697436,1779559697436,1779559697446,1779559697476,1779559697476,1779559697467,1779559697470,31,0,30,1,3,34,8.7376
1388,1584,1779559697505,1779559697505,1779559697515,1779559697531,1779559697531,1779559697523,1779559697539,18,0,16,2,16,34,8.9674
1389,1585,1779559697539,1779559697539,1779559697549,1779559697565,1779559697566,1779559697557,1779559697574,18,1,16,1,17,35,8.4786
1390,1586,1779559697574,1779559697574,1779559697584,1779559697603,1779559697604,1779559697595,1779559697608,21,1,19,1,13,34,8.2155
1393,1589,1779559697686,1779559697686,1779559697695,1779559697729,1779559697729,1779559697720,1779559697758,34,0,34,0,38,72,12.1701
1394,1591,1779559697762,1779559697762,1779559697772,1779559697784,1779559697784,1779559697775,1779559697795,13,0,12,1,20,33,12.5590
1395,1592,1779559697795,1779559697795,1779559697804,1779559697817,1779559697817,1779559697808,1779559697830,13,0,13,0,22,35,11.8842
1396,1593,1779559697830,1779559697830,1779559697839,1779559697855,1779559697855,1779559697846,1779559697864,16,0,16,0,18,34,11.4253
1397,1595,1779559697898,1779559697898,1779559697907,1779559697910,1779559697910,1779559697901,1779559697933,3,0,3,0,32,35,11.6146
1398,1596,1779559697933,1779559697933,1779559697942,1779559697944,1779559697944,1779559697935,1779559697966,2,0,2,0,31,33,10.8949
1399,1597,1779559697966,1779559697966,1779559697976,1779559697985,1779559697985,1779559697976,1779559698001,10,0,9,1,25,35,10.6048
1400,1598,1779559698001,1779559698001,1779559698011,1779559698039,1779559698039,1779559698030,1779559698035,29,0,28,1,5,34,11.1896
1401,1599,1779559698035,1779559698035,1779559698045,1779559698072,1779559698072,1779559698063,1779559698069,28,0,27,1,6,34,10.5629
1402,1600,1779559698069,1779559698069,1779559698079,1779559698110,1779559698110,1779559698101,1779559698104,32,0,31,1,3,35,10.1321
1403,1602,1779559698138,1779559698138,1779559698148,1779559698165,1779559698165,1779559698156,1779559698174,18,0,17,1,18,36,10.4342
1404,1603,1779559698174,1779559698174,1779559698184,1779559698198,1779559698198,1779559698189,1779559698216,15,0,14,1,27,42,10.3631
1407,1606,1779559698293,1779559698293,1779559698303,1779559698324,1779559698324,1779559698315,1779559698327,22,0,21,1,12,34,13.9663
1408,1607,1779559698327,1779559698327,1779559698336,1779559698362,1779559698362,1779559698353,1779559698361,26,0,26,0,8,34,13.3086
1409,1609,1779559698395,1779559698395,1779559698406,1779559698416,1779559698416,1779559698408,1779559698430,13,0,10,3,22,35,13.3250
1410,1610,1779559698430,1779559698430,1779559698439,1779559698450,1779559698450,1779559698441,1779559698465,11,0,11,0,24,35,12.6196
1411,1611,1779559698465,1779559698465,1779559698474,1779559698493,1779559698493,1779559698484,1779559698498,19,0,19,0,14,33,12.4233
1412,1613,1779559698533,1779559698533,1779559698542,1779559698547,1779559698547,1779559698538,1779559698567,5,0,5,0,29,34,12.5633
1413,1614,1779559698567,1779559698567,1779559698576,1779559698580,1779559698580,1779559698571,1779559698601,4,0,4,0,30,34,11.8630
1414,1615,1779559698601,1779559698601,1779559698611,1779559698618,1779559698618,1779559698609,1779559698636,8,0,7,1,27,35,11.3320
1417,1618,1779559698715,1779559698715,1779559698724,1779559698745,1779559698746,1779559698737,1779559698749,22,1,21,0,12,34,12.6701
1418,1619,1779559698749,1779559698749,1779559698759,1779559698799,1779559698799,1779559698790,1779559698793,41,0,40,1,3,44,12.4741
1419,1620,1779559698792,1779559698792,1779559698802,1779559698834,1779559698834,1779559698825,1779559698859,33,0,32,1,34,67,13.6734
1420,1622,1779559698859,1779559698859,1779559698869,1779559698873,1779559698873,1779559698864,1779559698894,5,0,4,1,30,35,13.1057
1421,1623,1779559698894,1779559698894,1779559698903,1779559698928,1779559698928,1779559698919,1779559698927,25,0,25,0,8,33,13.6124
1422,1624,1779559698927,1779559698927,1779559698937,1779559698963,1779559698963,1779559698954,1779559698962,27,0,26,1,8,35,12.7836
1423,1625,1779559698962,1779559698962,1779559698972,1779559699002,1779559699002,1779559698993,1779559698996,31,0,30,1,3,34,12.2887
1424,1627,1779559699030,1779559699030,1779559699040,1779559699058,1779559699058,1779559699049,1779559699065,19,0,18,1,16,35,12.2933
1425,1628,1779559699064,1779559699064,1779559699074,1779559699093,1779559699093,1779559699084,1779559699099,20,0,19,1,15,35,11.5582
1426,1629,1779559699099,1779559699099,1779559699109,1779559699132,1779559699132,1779559699123,1779559699133,24,0,23,1,10,34,11.1264
1429,1633,1779559699246,1779559699246,1779559699256,1779559699258,1779559699258,1779559699249,1779559699282,3,0,2,1,33,36,14.1422
1430,1634,1779559699282,1779559699282,1779559699291,1779559699313,1779559699313,1779559699304,1779559699323,22,0,22,0,19,41,14.1020
1431,1635,1779559699323,1779559699323,1779559699333,1779559699347,1779559699347,1779559699338,1779559699356,15,0,14,1,18,33,13.2307
1432,1636,1779559699356,1779559699356,1779559699366,1779559699385,1779559699385,1779559699376,1779559699390,20,0,19,1,14,34,12.6281
1433,1638,1779559699425,1779559699425,1779559699435,1779559699439,1779559699439,1779559699430,1779559699459,5,0,4,1,29,34,12.7414
1434,1639,1779559699459,1779559699459,1779559699469,1779559699473,1779559699473,1779559699464,1779559699493,5,0,4,1,29,34,11.9662
1435,1640,1779559699493,1779559699493,1779559699503,1779559699511,1779559699511,1779559699502,1779559699527,9,0,8,1,25,34,11.4710
1436,1641,1779559699527,1779559699527,1779559699537,1779559699566,1779559699566,1779559699557,1779559699562,30,0,29,1,5,35,12.0425
1437,1642,1779559699562,1779559699562,1779559699571,1779559699599,1779559699599,1779559699590,1779559699596,28,0,28,0,6,34,11.3758
1438,1643,1779559699596,1779559699596,1779559699606,1779559699638,1779559699638,1779559699629,1779559699630,33,0,32,1,1,34,10.9492
1439,1645,1779559699665,1779559699665,1779559699674,1779559699692,1779559699692,1779559699684,1779559699699,19,0,18,1,15,34,11.1174
1440,1646,1779559699699,1779559699699,1779559699709,1779559699726,1779559699726,1779559699717,1779559699742,18,0,17,1,25,43,11.0220
1441,1647,1779559699742,1779559699742,1779559699751,1779559699764,1779559699764,1779559699755,1779559699774,13,0,13,0,19,32,10.6732
1443,1649,1779559699808,1779559699808,1779559699818,1779559699851,1779559699851,1779559699842,1779559699843,34,0,33,1,1,35,12.3150
1444,1651,1779559699877,1779559699877,1779559699887,1779559699888,1779559699888,1779559699880,1779559699912,3,0,1,2,32,35,13.4514
1445,1652,1779559699912,1779559699912,1779559699922,1779559699942,1779559699942,1779559699933,1779559699946,21,0,20,1,13,34,13.7985
1446,1653,1779559699946,1779559699946,1779559699955,1779559699975,1779559699975,1779559699967,1779559699980,21,0,20,1,13,34,12.9650
1447,1654,1779559699980,1779559699980,1779559699990,1779559700014,1779559700014,1779559700005,1779559700015,25,0,24,1,10,35,12.3793
1448,1656,1779559700049,1779559700049,1779559700058,1779559700068,1779559700068,1779559700059,1779559700083,10,0,10,0,24,34,12.5283
1449,1657,1779559700083,1779559700083,1779559700093,1779559700102,1779559700102,1779559700093,1779559700117,10,0,9,1,24,34,11.7517
1450,1658,1779559700117,1779559700117,1779559700127,1779559700140,1779559700140,1779559700131,1779559700152,14,0,13,1,21,35,11.2379
1451,1659,1779559700152,1779559700152,1779559700161,1779559700194,1779559700194,1779559700185,1779559700187,33,0,33,0,2,35,11.7346
1452,1660,1779559700186,1779559700186,1779559700196,1779559700228,1779559700228,1779559700219,1779559700222,33,0,32,1,3,36,11.0824
1453,1661,1779559700222,1779559700222,1779559700231,1779559700265,1779559700265,1779559700257,1779559700263,35,0,34,1,6,41,10.6091
1454,1663,1779559700296,1779559700296,1779559700306,1779559700319,1779559700319,1779559700311,1779559700339,15,0,13,2,28,43,11.2872
1455,1664,1779559700339,1779559700339,1779559700348,1779559700353,1779559700353,1779559700344,1779559700373,5,0,5,0,29,34,10.6393
1456,1665,1779559700373,1779559700373,1779559700382,1779559700390,1779559700390,1779559700382,1779559700406,9,0,8,1,24,33,10.2426
1457,1666,1779559700406,1779559700406,1779559700416,1779559700446,1779559700446,1779559700437,1779559700441,31,0,30,1,4,35,10.8798
1458,1667,1779559700441,1779559700441,1779559700451,1779559700480,1779559700480,1779559700471,1779559700476,30,0,29,1,5,35,10.2501
1459,1668,1779559700476,1779559700476,1779559700485,1779559700518,1779559700518,1779559700510,1779559700510,34,0,33,1,0,34,9.9028
1460,1670,1779559700544,1779559700544,1779559700554,1779559700573,1779559700573,1779559700564,1779559700579,20,0,19,1,15,35,10.2238
1461,1671,1779559700579,1779559700579,1779559700589,1779559700606,1779559700606,1779559700597,1779559700614,18,0,17,1,17,35,9.6897
1462,1672,1779559700614,1779559700614,1779559700623,1779559700644,1779559700644,1779559700635,1779559700648,21,0,21,0,13,34,9.3431
1463,1674,1779559700683,1779559700683,1779559700692,1779559700698,1779559700698,1779559700689,1779559700717,6,0,6,0,28,34,9.7250
1464,1675,1779559700717,1779559700717,1779559700727,1779559700732,1779559700732,1779559700723,1779559700759,6,0,5,1,36,42,9.6267
1465,1676,1779559700759,1779559700759,1779559700769,1779559700770,1779559700770,1779559700761,1779559700793,2,0,1,1,32,34,9.2864
1466,1677,1779559700793,1779559700793,1779559700803,1779559700824,1779559700824,1779559700815,1779559700835,22,0,21,1,20,42,9.4740
1467,1678,1779559700835,1779559700835,1779559700845,1779559700857,1779559700857,1779559700848,1779559700868,13,0,12,1,20,33,8.9179
1468,1679,1779559700868,1779559700868,1779559700878,1779559700895,1779559700895,1779559700886,1779559700903,18,0,17,1,17,35,8.5527
1469,1681,1779559700937,1779559700937,1779559700947,1779559700949,1779559700949,1779559700941,1779559700972,4,0,2,2,31,35,8.8606
1470,1682,1779559700972,1779559700972,1779559700981,1779559700982,1779559700982,1779559700973,1779559701006,1,0,1,0,33,34,8.4326
1471,1683,1779559701006,1779559701006,1779559701015,1779559701021,1779559701021,1779559701012,1779559701041,6,0,6,0,29,35,8.1718
1472,1684,1779559701040,1779559701040,1779559701050,1779559701075,1779559701075,1779559701066,1779559701074,26,0,25,1,8,34,8.9187
1473,1685,1779559701074,1779559701074,1779559701084,1779559701109,1779559701109,1779559701100,1779559701109,26,0,25,1,9,35,8.4005
1474,1686,1779559701109,1779559701109,1779559701119,1779559701146,1779559701147,1779559701138,1779559701143,29,1,27,1,5,34,8.1046
1475,1688,1779559701177,1779559701177,1779559701187,1779559701200,1779559701200,1779559701191,1779559701213,14,0,13,1,22,36,8.6072
1476,1689,1779559701212,1779559701212,1779559701222,1779559701233,1779559701233,1779559701224,1779559701248,12,0,11,1,24,36,8.1954
1477,1690,1779559701247,1779559701247,1779559701258,1779559701271,1779559701272,1779559701263,1779559701290,16,1,13,2,27,43,7.8957
1478,1691,1779559701290,1779559701290,1779559701300,1779559701326,1779559701326,1779559701317,1779559701323,27,0,26,1,6,33,8.7000
1479,1692,1779559701323,1779559701323,1779559701333,1779559701360,1779559701360,1779559701351,1779559701359,28,0,27,1,8,36,8.2554
1480,1693,1779559701359,1779559701359,1779559701368,1779559701398,1779559701398,1779559701389,1779559701400,30,0,30,0,11,41,7.9690
1481,1695,1779559701433,1779559701433,1779559701443,1779559701452,1779559701452,1779559701443,1779559701468,10,0,9,1,25,35,8.2916
1482,1696,1779559701468,1779559701468,1779559701477,1779559701489,1779559701489,1779559701481,1779559701502,13,0,12,1,21,34,7.9839
1483,1697,1779559701502,1779559701502,1779559701512,1779559701527,1779559701527,1779559701518,1779559701537,16,0,15,1,19,35,7.6519
1484,1699,1779559701571,1779559701571,1779559701580,1779559701582,1779559701582,1779559701573,1779559701605,2,0,2,0,32,34,8.0093
1485,1700,1779559701605,1779559701605,1779559701614,1779559701615,1779559701615,1779559701606,1779559701639,1,0,1,0,33,34,7.5363
1486,1701,1779559701639,1779559701639,1779559701649,1779559701654,1779559701654,1779559701645,1779559701674,6,0,5,1,29,35,7.2742
1487,1702,1779559701674,1779559701674,1779559701684,1779559701709,1779559701709,1779559701700,1779559701709,26,0,25,1,9,35,8.0764
1492,1708,1779559701897,1779559701897,1779559701907,1779559701908,1779559701908,1779559701899,1779559701931,2,0,1,1,32,34,14.9733
1493,1709,1779559701931,1779559701931,1779559701941,1779559701962,1779559701962,1779559701953,1779559701966,22,0,21,1,13,35,15.2856
1494,1710,1779559701965,1779559701965,1779559701975,1779559701996,1779559701996,1779559701987,1779559702000,22,0,21,1,13,35,14.3418
1495,1711,1779559702000,1779559702000,1779559702009,1779559702034,1779559702034,1779559702025,1779559702034,25,0,25,0,9,34,13.6582
1496,1713,1779559702068,1779559702068,1779559702079,1779559702088,1779559702088,1779559702079,1779559702102,11,0,9,2,23,34,13.6226
1497,1714,1779559702102,1779559702102,1779559702112,1779559702123,1779559702123,1779559702114,1779559702136,12,0,11,1,22,34,12.7785
1498,1715,1779559702136,1779559702136,1779559702146,1779559702162,1779559702162,1779559702153,1779559702171,17,0,16,1,18,35,12.2486
1499,1717,1779559702205,1779559702205,1779559702215,1779559702216,1779559702216,1779559702207,1779559702240,2,0,1,1,33,35,12.3979
1501,1718,1779559702240,1779559702240,1779559702249,1779559702289,1779559702289,1779559702280,1779559702316,40,0,40,0,36,76,15.9021
1502,1720,1779559702319,1779559702319,1779559702328,1779559702343,1779559702343,1779559702334,1779559702354,15,0,15,0,20,35,15.8941
1503,1721,1779559702354,1779559702354,1779559702363,1779559702376,1779559702376,1779559702368,1779559702396,14,0,13,1,28,42,15.3804
1504,1722,1779559702396,1779559702396,1779559702405,1779559702415,1779559702415,1779559702406,1779559702428,10,0,10,0,22,32,14.7722
1505,1723,1779559702428,1779559702428,1779559702438,1779559702470,1779559702470,1779559702461,1779559702463,33,0,32,1,2,35,15.1037
1506,1724,1779559702463,1779559702463,1779559702472,1779559702503,1779559702503,1779559702494,1779559702497,31,0,31,0,3,34,14.2440
1507,1726,1779559702531,1779559702531,1779559702542,1779559702542,1779559702542,1779559702533,1779559702566,2,0,0,2,33,35,15.1853
1508,1727,1779559702566,1779559702566,1779559702575,1779559702599,1779559702599,1779559702590,1779559702600,24,0,24,0,10,34,15.6646
1509,1728,1779559702600,1779559702600,1779559702609,1779559702634,1779559702634,1779559702625,1779559702634,25,0,25,0,9,34,14.7074
1510,1729,1779559702634,1779559702634,1779559702644,1779559702672,1779559702672,1779559702663,1779559702668,29,0,28,1,5,34,14.0424
1511,1731,1779559702703,1779559702703,1779559702712,1779559702726,1779559702726,1779559702717,1779559702737,14,0,14,0,20,34,14.0959
1512,1732,1779559702737,1779559702737,1779559702747,1779559702758,1779559702758,1779559702749,1779559702772,12,0,11,1,23,35,13.3976
1513,1733,1779559702772,1779559702772,1779559702783,1779559702796,1779559702796,1779559702787,1779559702815,15,0,13,2,28,43,12.8646
1514,1734,1779559702815,1779559702815,1779559702825,1779559702850,1779559702851,1779559702842,1779559702848,27,1,25,1,6,33,13.4514
1515,1735,1779559702848,1779559702848,1779559702857,1779559702884,1779559702884,1779559702875,1779559702883,27,0,27,0,8,35,12.7756
1516,1736,1779559702883,1779559702883,1779559702893,1779559702922,1779559702922,1779559702913,1779559702925,30,0,29,1,12,42,12.2003
1517,1738,1779559702957,1779559702957,1779559702967,1779559702977,1779559702977,1779559702968,1779559702992,11,0,10,1,24,35,12.2010
1518,1739,1779559702992,1779559702992,1779559703002,1779559703009,1779559703009,1779559703000,1779559703027,8,0,7,1,27,35,11.5886
1519,1740,1779559703026,1779559703026,1779559703036,1779559703047,1779559703047,1779559703038,1779559703061,12,0,11,1,23,35,11.0987
1520,1741,1779559703061,1779559703061,1779559703070,1779559703102,1779559703102,1779559703093,1779559703095,32,0,32,0,2,34,11.7124
1521,1742,1779559703095,1779559703095,1779559703104,1779559703135,1779559703135,1779559703126,1779559703129,31,0,31,0,3,34,11.0568
1522,1744,1779559703163,1779559703163,1779559703173,1779559703175,1779559703175,1779559703166,1779559703198,3,0,2,1,32,35,12.1460
1523,1745,1779559703198,1779559703198,1779559703207,1779559703229,1779559703229,1779559703220,1779559703232,22,0,22,0,12,34,12.6125
1524,1746,1779559703232,1779559703232,1779559703241,1779559703263,1779559703263,1779559703254,1779559703266,22,0,22,0,12,34,11.8485
1525,1747,1779559703266,1779559703266,1779559703276,1779559703301,1779559703301,1779559703293,1779559703302,27,0,25,2,9,36,11.3214
1526,1749,1779559703344,1779559703344,1779559703353,1779559703356,1779559703356,1779559703347,1779559703378,3,0,3,0,31,34,11.9676
1527,1750,1779559703378,1779559703378,1779559703387,1779559703390,1779559703390,1779559703381,1779559703419,3,0,3,0,38,41,11.7015
1529,1752,1779559703452,1779559703452,1779559703462,1779559703483,1779559703483,1779559703474,1779559703486,22,0,21,1,12,34,11.8972
1530,1753,1779559703486,1779559703486,1779559703496,1779559703516,1779559703516,1779559703507,1779559703521,21,0,20,1,14,35,11.2763
1531,1754,1779559703521,1779559703521,1779559703531,1779559703555,1779559703555,1779559703546,1779559703555,25,0,24,1,9,34,10.9025
1532,1756,1779559703589,1779559703589,1779559703599,1779559703609,1779559703609,1779559703600,1779559703623,11,0,10,1,23,34,11.1330
1533,1757,1779559703623,1779559703623,1779559703633,1779559703643,1779559703643,1779559703634,1779559703657,11,0,10,1,23,34,10.4380
1534,1758,1779559703657,1779559703657,1779559703668,1779559703682,1779559703682,1779559703673,1779559703692,16,0,14,2,19,35,10.0428
1535,1759,1779559703692,1779559703692,1779559703702,1779559703736,1779559703736,1779559703727,1779559703731,35,0,34,1,4,39,10.3784
1540,1764,1779559703892,1779559703892,1779559703902,1779559703934,1779559703934,1779559703925,1779559703959,33,0,32,1,34,67,16.8637
1541,1766,1779559703959,1779559703959,1779559703969,1779559703988,1779559703988,1779559703979,1779559703994,20,0,19,1,15,35,17.0229
1542,1767,1779559703994,1779559703994,1779559704003,1779559704021,1779559704021,1779559704012,1779559704028,18,0,18,0,16,34,16.0352
1543,1768,1779559704028,1779559704028,1779559704037,1779559704058,1779559704058,1779559704050,1779559704062,22,0,21,1,12,34,15.2675
1544,1770,1779559704096,1779559704096,1779559704106,1779559704115,1779559704115,1779559704106,1779559704130,10,0,9,1,24,34,15.0910
1545,1771,1779559704130,1779559704130,1779559704140,1779559704152,1779559704152,1779559704143,1779559704164,13,0,12,1,21,34,14.3364
1546,1772,1779559704164,1779559704164,1779559704174,1779559704191,1779559704191,1779559704183,1779559704199,19,0,17,2,16,35,13.7842
1547,1774,1779559704233,1779559704233,1779559704243,1779559704247,1779559704247,1779559704238,1779559704268,5,0,4,1,30,35,13.8027
1550,1777,1779559704346,1779559704346,1779559704356,1779559704373,1779559704373,1779559704364,1779559704381,18,0,17,1,17,35,17.0937
1551,1778,1779559704381,1779559704381,1779559704391,1779559704406,1779559704406,1779559704397,1779559704424,16,0,15,1,27,43,16.6251
1552,1779,1779559704423,1779559704423,1779559704433,1779559704444,1779559704444,1779559704435,1779559704456,12,0,11,1,21,33,15.9179
1553,1780,1779559704456,1779559704456,1779559704466,1779559704499,1779559704499,1779559704490,1779559704491,34,0,33,1,1,35,16.1919
1554,1781,1779559704491,1779559704491,1779559704501,1779559704533,1779559704533,1779559704524,1779559704525,33,0,32,1,1,34,15.1929
1555,1783,1779559704559,1779559704559,1779559704568,1779559704571,1779559704571,1779559704562,1779559704594,3,0,3,0,32,35,16.1530
1556,1784,1779559704594,1779559704594,1779559704603,1779559704625,1779559704625,1779559704616,1779559704629,22,0,22,0,13,35,16.3268
1557,1785,1779559704629,1779559704629,1779559704638,1779559704658,1779559704658,1779559704649,1779559704662,20,0,20,0,13,33,15.3478
1558,1786,1779559704662,1779559704662,1779559704672,1779559704696,1779559704696,1779559704687,1779559704697,25,0,24,1,10,35,14.6300
1559,1788,1779559704731,1779559704731,1779559704741,1779559704750,1779559704750,1779559704741,1779559704765,10,0,9,1,24,34,14.6290
1560,1789,1779559704765,1779559704765,1779559704775,1779559704783,1779559704783,1779559704774,1779559704800,9,0,8,1,26,35,13.8142
1563,1792,1779559704879,1779559704879,1779559704888,1779559704909,1779559704909,1779559704900,1779559704913,21,0,21,0,13,34,16.8456
1564,1793,1779559704913,1779559704913,1779559704923,1779559704947,1779559704947,1779559704939,1779559704955,26,0,24,2,16,42,15.9939
1565,1795,1779559704988,1779559704988,1779559704998,1779559705002,1779559705002,1779559704993,1779559705023,5,0,4,1,30,35,15.8497
1566,1796,1779559705023,1779559705023,1779559705033,1779559705035,1779559705035,1779559705026,1779559705057,3,0,2,1,31,34,14.8789
1567,1797,1779559705057,1779559705057,1779559705067,1779559705075,1779559705075,1779559705066,1779559705092,9,0,8,1,26,35,14.2392
1568,1798,1779559705092,1779559705092,1779559705101,1779559705132,1779559705132,1779559705123,1779559705126,31,0,31,0,3,34,14.7664
1569,1799,1779559705126,1779559705126,1779559705136,1779559705166,1779559705166,1779559705157,1779559705161,31,0,30,1,4,35,13.8987
1570,1801,1779559705195,1779559705195,1779559705204,1779559705205,1779559705205,1779559705196,1779559705229,1,0,1,0,33,34,14.8739
1571,1802,1779559705229,1779559705229,1779559705239,1779559705259,1779559705259,1779559705250,1779559705264,21,0,20,1,14,35,15.1573
1572,1803,1779559705264,1779559705264,1779559705274,1779559705292,1779559705292,1779559705283,1779559705298,19,0,18,1,15,34,14.2932
1573,1804,1779559705298,1779559705298,1779559705308,1779559705330,1779559705330,1779559705321,1779559705333,23,0,22,1,12,35,13.5955
1574,1805,1779559705333,1779559705333,1779559705343,1779559705384,1779559705384,1779559705376,1779559705376,43,0,41,2,0,43,13.4905
1575,1806,1779559705376,1779559705376,1779559705386,1779559705417,1779559705418,1779559705409,1779559705409,33,1,31,1,0,33,12.6703
1576,1808,1779559705444,1779559705444,1779559705454,1779559705455,1779559705455,1779559705447,1779559705486,3,0,1,2,39,42,14.3432
1577,1809,1779559705486,1779559705486,1779559705496,1779559705510,1779559705510,1779559705501,1779559705519,15,0,14,1,18,33,14.7724
1578,1810,1779559705519,1779559705519,1779559705530,1779559705543,1779559705543,1779559705534,1779559705554,15,0,13,2,20,35,13.9573
1579,1811,1779559705554,1779559705554,1779559705563,1779559705581,1779559705581,1779559705572,1779559705588,18,0,18,0,16,34,13.3076
1580,1813,1779559705623,1779559705623,1779559705634,1779559705635,1779559705635,1779559705626,1779559705657,3,0,1,2,31,34,13.3413
1581,1814,1779559705657,1779559705657,1779559705667,1779559705669,1779559705669,1779559705660,1779559705695,3,0,2,1,35,38,12.7974
1582,1815,1779559705695,1779559705695,1779559705704,1779559705709,1779559705709,1779559705700,1779559705735,5,0,5,0,35,40,12.0094
1583,1816,1779559705735,1779559705735,1779559705745,1779559705765,1779559705765,1779559705756,1779559705773,21,0,20,1,17,38,12.3770
1584,1817,1779559705773,1779559705773,1779559705783,1779559705799,1779559705799,1779559705791,1779559705812,18,0,16,2,21,39,11.9067
1585,1818,1779559705812,1779559705812,1779559705822,1779559705837,1779559705837,1779559705828,1779559705851,16,0,15,1,23,39,11.2233
1586,1819,1779559705851,1779559705851,1779559705861,1779559705892,1779559705892,1779559705884,1779559705895,33,0,31,2,11,44,11.2833
1589,1822,1779559705976,1779559705976,1779559705986,1779559706018,1779559706018,1779559706010,1779559706010,34,0,32,2,0,34,15.0429
1590,1823,1779559706010,1779559706010,1779559706020,1779559706052,1779559706052,1779559706043,1779559706045,33,0,32,1,2,35,14.1959
1591,1825,1779559706079,1779559706079,1779559706089,1779559706091,1779559706091,1779559706082,1779559706114,3,0,2,1,32,35,15.1921
1592,1826,1779559706114,1779559706114,1779559706124,1779559706146,1779559706146,1779559706137,1779559706148,23,0,22,1,11,34,15.5719
1593,1827,1779559706148,1779559706148,1779559706157,1779559706179,1779559706179,1779559706170,1779559706182,22,0,22,0,12,34,14.7017
1594,1828,1779559706182,1779559706182,1779559706192,1779559706216,1779559706216,1779559706208,1779559706217,26,0,24,2,9,35,14.0218
1595,1830,1779559706251,1779559706251,1779559706260,1779559706271,1779559706271,1779559706262,1779559706285,11,0,11,0,23,34,14.0379
1596,1831,1779559706285,1779559706285,1779559706294,1779559706304,1779559706304,1779559706295,1779559706320,10,0,10,0,25,35,13.2715
1599,1834,1779559706399,1779559706399,1779559706408,1779559706429,1779559706429,1779559706420,1779559706434,21,0,21,0,14,35,16.3967
1600,1835,1779559706434,1779559706434,1779559706444,1779559706467,1779559706467,1779559706458,1779559706475,24,0,23,1,17,41,15.5845
1601,1837,1779559706508,1779559706508,1779559706518,1779559706522,1779559706522,1779559706513,1779559706543,5,0,4,1,30,35,15.3887
1602,1838,1779559706543,1779559706543,1779559706552,1779559706555,1779559706555,1779559706546,1779559706577,3,0,3,0,31,34,14.4863
1603,1839,1779559706577,1779559706577,1779559706587,1779559706593,1779559706593,1779559706584,1779559706611,7,0,6,1,27,34,13.8184
1604,1840,1779559706611,1779559706611,1779559706621,1779559706648,1779559706648,1779559706639,1779559706645,28,0,27,1,6,34,14.2507
1605,1841,1779559706645,1779559706645,1779559706655,1779559706683,1779559706683,1779559706675,1779559706680,30,0,28,2,5,35,13.3877
1606,1842,1779559706680,1779559706680,1779559706689,1779559706722,1779559706722,1779559706713,1779559706714,33,0,33,0,1,34,12.8511
1607,1844,1779559706748,1779559706748,1779559706758,1779559706777,1779559706777,1779559706768,1779559706783,20,0,19,1,15,35,12.9068
1608,1845,1779559706783,1779559706783,1779559706792,1779559706813,1779559706813,1779559706805,1779559706817,22,0,21,1,12,34,12.2948
1609,1846,1779559706817,1779559706817,1779559706826,1779559706853,1779559706853,1779559706844,1779559706852,27,0,27,0,8,35,11.7827
1610,1847,1779559706852,1779559706852,1779559706861,1779559706908,1779559706908,1779559706900,1779559706927,48,0,47,1,27,75,12.2898
1611,1849,1779559706931,1779559706931,1779559706941,1779559706944,1779559706944,1779559706935,1779559706965,4,0,3,1,30,34,11.6342
1612,1850,1779559706965,1779559706965,1779559706975,1779559706982,1779559706982,1779559706973,1779559707007,8,0,7,1,34,42,11.2104
1613,1851,1779559707007,1779559707007,1779559707017,1779559707036,1779559707036,1779559707028,1779559707040,21,0,19,2,12,33,11.8999
1614,1852,1779559707040,1779559707040,1779559707049,1779559707069,1779559707069,1779559707060,1779559707074,20,0,20,0,14,34,11.3127
1615,1853,1779559707074,1779559707074,1779559707084,1779559707107,1779559707107,1779559707098,1779559707108,24,0,23,1,10,34,10.8501
1616,1855,1779559707143,1779559707143,1779559707154,1779559707161,1779559707161,1779559707152,1779559707177,9,0,7,2,25,34,11.0621
1617,1856,1779559707177,1779559707177,1779559707186,1779559707195,1779559707195,1779559707186,1779559707211,9,0,9,0,25,34,10.4036
1618,1857,1779559707211,1779559707211,1779559707221,1779559707234,1779559707234,1779559707225,1779559707245,14,0,13,1,20,34,10.0690
1619,1858,1779559707245,1779559707245,1779559707255,1779559707288,1779559707288,1779559707279,1779559707280,34,0,33,1,1,35,10.6463
1620,1859,1779559707280,1779559707280,1779559707289,1779559707321,1779559707321,1779559707312,1779559707314,32,0,32,0,2,34,10.0801
1621,1861,1779559707348,1779559707348,1779559707358,1779559707359,1779559707359,1779559707350,1779559707384,2,0,1,1,34,36,11.4014
1622,1862,1779559707384,1779559707384,1779559707394,1779559707413,1779559707413,1779559707405,1779559707426,21,0,19,2,21,42,11.4730
1623,1863,1779559707426,1779559707426,1779559707436,1779559707447,1779559707447,1779559707438,1779559707460,12,0,11,1,22,34,10.7848
1624,1864,1779559707460,1779559707460,1779559707469,1779559707485,1779559707485,1779559707476,1779559707502,16,0,16,0,26,42,10.3732
1627,1867,1779559707578,1779559707578,1779559707587,1779559707611,1779559707611,1779559707602,1779559707612,24,0,24,0,10,34,11.4959
1628,1869,1779559707646,1779559707646,1779559707655,1779559707665,1779559707665,1779559707656,1779559707681,10,0,10,0,25,35,11.6340
1629,1870,1779559707680,1779559707680,1779559707690,1779559707702,1779559707702,1779559707693,1779559707714,13,0,12,1,21,34,11.0337
1630,1871,1779559707714,1779559707714,1779559707724,1779559707741,1779559707741,1779559707732,1779559707748,18,0,17,1,16,34,10.6667
1631,1873,1779559707783,1779559707783,1779559707792,1779559707796,1779559707796,1779559707787,1779559707817,4,0,4,0,30,34,10.8401
1632,1874,1779559707817,1779559707817,1779559707826,1779559707828,1779559707828,1779559707819,1779559707851,2,0,2,0,32,34,10.2715
1633,1875,1779559707851,1779559707851,1779559707861,1779559707866,1779559707867,1779559707858,1779559707885,7,1,5,1,27,34,9.8880
1634,1876,1779559707885,1779559707885,1779559707895,1779559707921,1779559707921,1779559707912,1779559707928,27,0,26,1,16,43,10.0316
1635,1877,1779559707928,1779559707928,1779559707938,1779559707955,1779559707955,1779559707946,1779559707961,18,0,17,1,15,33,9.4094
1636,1878,1779559707961,1779559707961,1779559707971,1779559707994,1779559707994,1779559707985,1779559708005,24,0,23,1,20,44,9.0982
1637,1880,1779559708037,1779559708037,1779559708047,1779559708049,1779559708049,1779559708040,1779559708072,3,0,2,1,32,35,9.2967
1638,1881,1779559708072,1779559708072,1779559708081,1779559708082,1779559708082,1779559708073,1779559708106,1,0,1,0,33,34,8.7757
1639,1882,1779559708106,1779559708106,1779559708115,1779559708120,1779559708120,1779559708111,1779559708140,5,0,5,0,29,34,8.4375
1640,1883,1779559708140,1779559708140,1779559708150,1779559708174,1779559708174,1779559708165,1779559708174,25,0,24,1,9,34,9.2182
1641,1884,1779559708174,1779559708174,1779559708184,1779559708210,1779559708210,1779559708201,1779559708209,27,0,26,1,8,35,8.6806
1642,1885,1779559708209,1779559708209,1779559708218,1779559708248,1779559708248,1779559708240,1779559708243,31,0,30,1,3,34,8.4366
1643,1887,1779559708277,1779559708277,1779559708287,1779559708303,1779559708303,1779559708294,1779559708312,17,0,16,1,18,35,8.8357
1644,1888,1779559708312,1779559708312,1779559708322,1779559708336,1779559708337,1779559708328,1779559708346,16,1,14,1,18,34,8.2836
1645,1889,1779559708346,1779559708346,1779559708356,1779559708375,1779559708375,1779559708367,1779559708421,21,0,19,2,54,75,10.0213
1647,1891,1779559708425,1779559708425,1779559708435,1779559708463,1779559708463,1779559708454,1779559708459,29,0,28,1,5,34,11.7478
1648,1892,1779559708459,1779559708459,1779559708469,1779559708502,1779559708502,1779559708493,1779559708534,34,0,33,1,41,75,13.3107
1649,1894,1779559708537,1779559708537,1779559708546,1779559708558,1779559708558,1779559708549,1779559708571,12,0,12,0,22,34,13.6180
1650,1895,1779559708571,1779559708571,1779559708581,1779559708593,1779559708593,1779559708584,1779559708605,13,0,12,1,21,34,12.8243
1651,1896,1779559708605,1779559708605,1779559708615,1779559708632,1779559708632,1779559708623,1779559708639,18,0,17,1,16,34,12.3440
1652,1898,1779559708674,1779559708674,1779559708684,1779559708688,1779559708688,1779559708679,1779559708708,5,0,4,1,29,34,12.3816
1653,1899,1779559708708,1779559708708,1779559708718,1779559708721,1779559708721,1779559708712,1779559708742,4,0,3,1,30,34,11.6253
1654,1900,1779559708742,1779559708742,1779559708752,1779559708760,1779559708760,1779559708751,1779559708777,9,0,8,1,26,35,11.1417
1655,1901,1779559708777,1779559708777,1779559708786,1779559708815,1779559708815,1779559708806,1779559708811,29,0,29,0,5,34,11.7345
1656,1902,1779559708811,1779559708811,1779559708821,1779559708848,1779559708848,1779559708839,1779559708845,28,0,27,1,6,34,11.0695
1657,1903,1779559708845,1779559708845,1779559708855,1779559708886,1779559708886,1779559708877,1779559708880,32,0,31,1,3,35,10.6040
1658,1904,1779559708880,1779559708880,1779559708890,1779559708941,1779559708941,1779559708932,1779559708956,52,0,51,1,24,76,11.2646
1659,1906,1779559708959,1779559708959,1779559708969,1779559708974,1779559708974,1779559708965,1779559708994,6,0,5,1,29,35,10.8731
1660,1907,1779559708994,1779559708994,1779559709003,1779559709013,1779559709013,1779559709004,1779559709035,10,0,10,0,31,41,10.3596
1661,1908,1779559709035,1779559709035,1779559709045,1779559709068,1779559709068,1779559709059,1779559709068,24,0,23,1,9,33,11.0907
1662,1909,1779559709068,1779559709068,1779559709078,1779559709103,1779559709103,1779559709094,1779559709103,26,0,25,1,9,35,10.4289
1663,1910,1779559709103,1779559709103,1779559709112,1779559709141,1779559709141,1779559709132,1779559709137,29,0,29,0,5,34,10.0069
1664,1912,1779559709172,1779559709172,1779559709181,1779559709195,1779559709195,1779559709187,1779559709206,15,0,14,1,19,34,10.2454
1665,1913,1779559709206,1779559709206,1779559709216,1779559709229,1779559709229,1779559709220,1779559709241,14,0,13,1,21,35,9.7215
1666,1914,1779559709241,1779559709241,1779559709250,1779559709267,1779559709267,1779559709259,1779559709275,18,0,17,1,16,34,9.4187
1667,1916,1779559709309,1779559709309,1779559709319,1779559709322,1779559709322,1779559709313,1779559709343,4,0,3,1,30,34,9.7399
1668,1917,1779559709343,1779559709343,1779559709354,1779559709355,1779559709355,1779559709347,1779559709377,4,0,1,3,30,34,9.1340
1669,1918,1779559709377,1779559709377,1779559709387,1779559709394,1779559709394,1779559709385,1779559709412,8,0,7,1,27,35,8.7535
1672,1921,1779559709491,1779559709491,1779559709501,1779559709519,1779559709519,1779559709510,1779559709525,19,0,18,1,15,34,10.2840
1673,1922,1779559709525,1779559709525,1779559709535,1779559709574,1779559709574,1779559709565,1779559709567,40,0,39,1,2,42,10.4507
1674,1924,1779559709600,1779559709600,1779559709610,1779559709611,1779559709611,1779559709602,1779559709635,2,0,1,1,33,35,11.6900
1675,1925,1779559709634,1779559709635,1779559709644,1779559709649,1779559709649,1779559709641,1779559709669,6,0,5,1,28,34,11.2346
1676,1926,1779559709669,1779559709669,1779559709679,1779559709704,1779559709704,1779559709695,1779559709704,26,0,25,1,9,35,11.7515
1677,1927,1779559709704,1779559709704,1779559709713,1779559709738,1779559709738,1779559709729,1779559709738,25,0,25,0,9,34,11.0321
1678,1928,1779559709738,1779559709738,1779559709747,1779559709776,1779559709776,1779559709767,1779559709772,29,0,29,0,5,34,10.5618
1679,1930,1779559709807,1779559709807,1779559709817,1779559709830,1779559709830,1779559709821,1779559709842,14,0,13,1,21,35,10.8519
1680,1931,1779559709842,1779559709842,1779559709851,1779559709863,1779559709863,1779559709854,1779559709882,12,0,12,0,28,40,10.1791
1681,1932,1779559709882,1779559709882,1779559709892,1779559709902,1779559709902,1779559709893,1779559709911,11,0,10,1,18,29,9.7138
1684,1936,1779559710021,1779559710021,1779559710031,1779559710031,1779559710031,1779559710022,1779559710064,1,0,0,1,42,43,13.6056
1685,1937,1779559710064,1779559710064,1779559710076,1779559710086,1779559710086,1779559710077,1779559710096,13,0,10,3,19,32,14.0737
1686,1938,1779559710096,1779559710096,1779559710106,1779559710118,1779559710118,1779559710110,1779559710131,14,0,12,2,21,35,13.2967
1687,1939,1779559710131,1779559710131,1779559710141,1779559710157,1779559710157,1779559710148,1779559710165,17,0,16,1,17,34,12.7024
1688,1941,1779559710200,1779559710200,1779559710209,1779559710212,1779559710212,1779559710203,1779559710234,3,0,3,0,31,34,12.7908
1689,1942,1779559710234,1779559710234,1779559710244,1779559710246,1779559710246,1779559710237,1779559710268,3,0,2,1,31,34,11.9990
1690,1943,1779559710268,1779559710268,1779559710278,1779559710284,1779559710284,1779559710275,1779559710303,7,0,6,1,28,35,11.4491
1691,1944,1779559710303,1779559710303,1779559710313,1779559710338,1779559710338,1779559710329,1779559710337,26,0,25,1,8,34,11.9864
1692,1945,1779559710337,1779559710337,1779559710347,1779559710371,1779559710371,1779559710362,1779559710372,25,0,24,1,10,35,11.3398
1693,1946,1779559710372,1779559710372,1779559710381,1779559710409,1779559710409,1779559710400,1779559710406,28,0,28,0,6,34,10.8532
1694,1948,1779559710441,1779559710441,1779559710451,1779559710468,1779559710468,1779559710459,1779559710483,18,0,17,1,24,42,11.3080
1697,1951,1779559710560,1779559710560,1779559710569,1779559710593,1779559710593,1779559710584,1779559710594,24,0,24,0,10,34,14.8936
1698,1952,1779559710594,1779559710594,1779559710603,1779559710626,1779559710626,1779559710617,1779559710628,23,0,23,0,11,34,14.0516
1699,1953,1779559710628,1779559710628,1779559710638,1779559710665,1779559710665,1779559710657,1779559710662,29,0,27,2,5,34,13.5268
1700,1955,1779559710696,1779559710696,1779559710708,1779559710722,1779559710722,1779559710713,1779559710731,17,0,14,3,18,35,13.4783
1701,1956,1779559710731,1779559710731,1779559710741,1779559710755,1779559710755,1779559710746,1779559710765,15,0,14,1,19,34,12.6846
1702,1957,1779559710765,1779559710765,1779559710775,1779559710793,1779559710793,1779559710784,1779559710799,19,0,18,1,15,34,12.1196
1703,1959,1779559710834,1779559710834,1779559710844,1779559710847,1779559710847,1779559710838,1779559710868,4,0,3,1,30,34,12.2759
1704,1960,1779559710868,1779559710868,1779559710878,1779559710880,1779559710880,1779559710872,1779559710902,4,0,2,2,30,34,11.5263
1705,1961,1779559710902,1779559710902,1779559710912,1779559710919,1779559710919,1779559710910,1779559710937,8,0,7,1,27,35,11.0210
1706,1962,1779559710937,1779559710937,1779559710946,1779559710973,1779559710973,1779559710965,1779559710972,28,0,27,1,7,35,11.5832
1707,1963,1779559710972,1779559710972,1779559710981,1779559711007,1779559711007,1779559710998,1779559711015,26,0,26,0,17,43,11.4935
1708,1964,1779559711015,1779559711015,1779559711025,1779559711045,1779559711045,1779559711036,1779559711088,21,0,20,1,52,73,12.9779
1709,1965,1779559711088,1779559711088,1779559711098,1779559711098,1779559711098,1779559711089,1779559711092,1,0,0,1,3,4,15.2579
1710,1966,1779559711092,1779559711092,1779559711101,1779559711131,1779559711131,1779559711122,1779559711125,30,0,30,0,3,33,14.3325
1711,1967,1779559711125,1779559711125,1779559711135,1779559711169,1779559711169,1779559711160,1779559711194,35,0,34,1,34,69,15.3720
1712,1969,1779559711194,1779559711194,1779559711204,1779559711223,1779559711223,1779559711215,1779559711228,21,0,19,2,13,34,15.7099
1713,1970,1779559711228,1779559711228,1779559711238,1779559711258,1779559711258,1779559711250,1779559711263,22,0,20,2,13,35,14.7502
1714,1971,1779559711263,1779559711263,1779559711273,1779559711297,1779559711298,1779559711289,1779559711297,26,1,24,1,8,34,14.1510
1715,1973,1779559711331,1779559711331,1779559711341,1779559711352,1779559711352,1779559711343,1779559711365,12,0,11,1,22,34,14.1837
1716,1974,1779559711365,1779559711365,1779559711375,1779559711389,1779559711389,1779559711380,1779559711400,15,0,14,1,20,35,13.4779
1717,1975,1779559711400,1779559711400,1779559711409,1779559711425,1779559711425,1779559711416,1779559711435,16,0,16,0,19,35,12.6893
1720,1978,1779559711513,1779559711513,1779559711522,1779559711554,1779559711554,1779559711545,1779559711546,32,0,32,0,1,33,13.6785
1721,1980,1779559711588,1779559711588,1779559711598,1779559711610,1779559711610,1779559711601,1779559711622,13,0,12,1,21,34,14.0338
1722,1981,1779559711622,1779559711622,1779559711631,1779559711643,1779559711643,1779559711634,1779559711656,12,0,12,0,22,34,13.1696
1723,1982,1779559711655,1779559711655,1779559711665,1779559711681,1779559711681,1779559711672,1779559711690,17,0,16,1,18,35,12.5657
1724,1984,1779559711724,1779559711724,1779559711734,1779559711736,1779559711736,1779559711727,1779559711758,3,0,2,1,31,34,12.6851
1725,1985,1779559711758,1779559711758,1779559711769,1779559711769,1779559711769,1779559711760,1779559711793,2,0,0,2,33,35,11.9921
1726,1986,1779559711793,1779559711793,1779559711803,1779559711807,1779559711807,1779559711798,1779559711827,5,0,4,1,29,34,11.5000
1727,1987,1779559711827,1779559711827,1779559711837,1779559711860,1779559711861,1779559711852,1779559711862,25,1,23,1,10,35,11.9929
1728,1988,1779559711862,1779559711862,1779559711871,1779559711894,1779559711894,1779559711885,1779559711895,23,0,23,0,10,33,11.2925
1729,1989,1779559711895,1779559711895,1779559711905,1779559711931,1779559711931,1779559711922,1779559711930,27,0,26,1,8,35,10.8069
1732,1993,1779559712044,1779559712044,1779559712054,1779559712056,1779559712056,1779559712047,1779559712078,3,0,2,1,31,34,14.0598
1733,1994,1779559712078,1779559712078,1779559712087,1779559712109,1779559712109,1779559712100,1779559712120,22,0,22,0,20,42,13.9157
1734,1995,1779559712120,1779559712120,1779559712130,1779559712142,1779559712142,1779559712133,1779559712153,13,0,12,1,20,33,13.1140
1735,1996,1779559712153,1779559712153,1779559712163,1779559712180,1779559712180,1779559712171,1779559712187,18,0,17,1,16,34,12.6108
1736,1998,1779559712221,1779559712221,1779559712231,1779559712235,1779559712235,1779559712226,1779559712255,5,0,4,1,29,34,12.7212
1737,1999,1779559712255,1779559712255,1779559712265,1779559712268,1779559712268,1779559712259,1779559712290,4,0,3,1,31,35,12.0178
1738,2000,1779559712290,1779559712290,1779559712299,1779559712307,1779559712307,1779559712298,1779559712324,8,0,8,0,26,34,11.5504
1739,2001,1779559712324,1779559712324,1779559712334,1779559712361,1779559712361,1779559712352,1779559712358,28,0,27,1,6,34,12.0729
1740,2002,1779559712358,1779559712358,1779559712368,1779559712394,1779559712395,1779559712386,1779559712393,28,1,26,1,7,35,11.3361
1741,2003,1779559712392,1779559712392,1779559712402,1779559712432,1779559712432,1779559712424,1779559712427,32,0,30,2,3,35,10.8624
1742,2005,1779559712461,1779559712461,1779559712471,1779559712486,1779559712486,1779559712477,1779559712496,16,0,15,1,19,35,11.1515
1743,2006,1779559712496,1779559712496,1779559712506,1779559712519,1779559712519,1779559712510,1779559712539,14,0,13,1,29,43,11.1082
1744,2007,1779559712539,1779559712539,1779559712548,1779559712560,1779559712560,1779559712551,1779559712572,12,0,12,0,21,33,10.9234
1745,2009,1779559712606,1779559712606,1779559712616,1779559712617,1779559712617,1779559712608,1779559712641,2,0,1,1,33,35,10.9929
1746,2010,1779559712641,1779559712641,1779559712651,1779559712652,1779559712652,1779559712643,1779559712674,2,0,1,1,31,33,10.3866
1747,2011,1779559712674,1779559712674,1779559712684,1779559712690,1779559712690,1779559712681,1779559712709,7,0,6,1,28,35,9.9620
1748,2012,1779559712709,1779559712709,1779559712718,1779559712745,1779559712745,1779559712736,1779559712743,27,0,27,0,7,34,10.6153
1749,2013,1779559712743,1779559712743,1779559712753,1779559712780,1779559712780,1779559712771,1779559712777,28,0,27,1,6,34,10.0121
1750,2014,1779559712777,1779559712777,1779559712787,1779559712818,1779559712818,1779559712810,1779559712812,33,0,31,2,2,35,9.6698
1751,2016,1779559712846,1779559712846,1779559712855,1779559712873,1779559712873,1779559712864,1779559712880,18,0,18,0,16,34,9.9690
1752,2017,1779559712880,1779559712880,1779559712890,1779559712906,1779559712906,1779559712897,1779559712914,17,0,16,1,17,34,9.4028
1753,2018,1779559712914,1779559712914,1779559712924,1779559712943,1779559712943,1779559712934,1779559712948,20,0,19,1,14,34,8.9911
1754,2020,1779559712983,1779559712983,1779559712993,1779559712997,1779559712997,1779559712988,1779559713018,5,0,4,1,30,35,9.3486
1755,2021,1779559713018,1779559713018,1779559713028,1779559713031,1779559713031,1779559713022,1779559713060,4,0,3,1,38,42,9.3314
1757,2023,1779559713093,1779559713093,1779559713103,1779559713124,1779559713124,1779559713115,1779559713137,22,0,21,1,22,44,9.1778
1758,2024,1779559713137,1779559713137,1779559713147,1779559713158,1779559713158,1779559713149,1779559713170,12,0,11,1,21,33,8.6545
1759,2025,1779559713170,1779559713170,1779559713180,1779559713197,1779559713197,1779559713188,1779559713204,18,0,17,1,16,34,8.4359
1760,2027,1779559713239,1779559713239,1779559713248,1779559713252,1779559713252,1779559713243,1779559713273,4,0,4,0,30,34,8.7804
1761,2028,1779559713273,1779559713273,1779559713283,1779559713288,1779559713288,1779559713280,1779559713307,7,0,5,2,27,34,8.4278
1762,2029,1779559713307,1779559713307,1779559713317,1779559713325,1779559713325,1779559713316,1779559713342,9,0,8,1,26,35,7.9689
1763,2030,1779559713342,1779559713342,1779559713352,1779559713379,1779559713379,1779559713370,1779559713376,28,0,27,1,6,34,8.7287
1764,2031,1779559713376,1779559713376,1779559713385,1779559713412,1779559713412,1779559713403,1779559713410,27,0,27,0,7,34,8.2088
1765,2032,1779559713410,1779559713410,1779559713420,1779559713451,1779559713451,1779559713442,1779559713444,32,0,31,1,2,34,7.9378
1766,2034,1779559713479,1779559713479,1779559713488,1779559713505,1779559713505,1779559713496,1779559713515,17,0,17,0,19,36,8.4474
1767,2035,1779559713514,1779559713514,1779559713525,1779559713538,1779559713538,1779559713530,1779559713556,16,0,13,3,26,42,8.4049
1768,2036,1779559713556,1779559713556,1779559713566,1779559713577,1779559713577,1779559713568,1779559713589,12,0,11,1,21,33,8.1952
1769,2037,1779559713589,1779559713589,1779559713599,1779559713631,1779559713631,1779559713622,1779559713625,33,0,32,1,3,36,8.8074
1770,2038,1779559713625,1779559713625,1779559713635,1779559713665,1779559713665,1779559713656,1779559713667,31,0,30,1,11,42,8.7302
1771,2039,1779559713667,1779559713667,1779559713676,1779559713704,1779559713704,1779559713695,1779559713700,28,0,28,0,5,33,8.5583
1772,2041,1779559713734,1779559713734,1779559713744,1779559713759,1779559713759,1779559713750,1779559713768,16,0,15,1,18,34,8.8783
1773,2042,1779559713768,1779559713768,1779559713778,1779559713791,1779559713791,1779559713783,1779559713803,15,0,13,2,20,35,8.4199
1774,2043,1779559713803,1779559713803,1779559713813,1779559713830,1779559713830,1779559713821,1779559713837,18,0,17,1,16,34,8.1338
1775,2045,1779559713872,1779559713872,1779559713882,1779559713884,1779559713884,1779559713875,1779559713906,3,0,2,1,31,34,8.5606
1776,2046,1779559713906,1779559713906,1779559713916,1779559713917,1779559713917,1779559713908,1779559713941,2,0,1,1,33,35,8.1151
1777,2047,1779559713941,1779559713941,1779559713950,1779559713955,1779559713955,1779559713946,1779559713975,5,0,5,0,29,34,7.8558
1778,2048,1779559713975,1779559713975,1779559713984,1779559714010,1779559714010,1779559714001,1779559714010,26,0,26,0,9,35,8.6579
1779,2049,1779559714010,1779559714010,1779559714020,1779559714044,1779559714044,1779559714035,1779559714045,25,0,24,1,10,35,8.2314
1780,2050,1779559714045,1779559714045,1779559714054,1779559714082,1779559714082,1779559714073,1779559714087,28,0,28,0,14,42,7.9968
1783,2054,1779559714196,1779559714196,1779559714205,1779559714208,1779559714208,1779559714200,1779559714231,4,0,3,1,31,35,11.4468
1784,2055,1779559714231,1779559714231,1779559714240,1779559714262,1779559714262,1779559714253,1779559714265,22,0,22,0,12,34,11.9069
1785,2056,1779559714265,1779559714265,1779559714274,1779559714295,1779559714295,1779559714286,1779559714300,21,0,21,0,14,35,11.2694
1786,2057,1779559714300,1779559714300,1779559714309,1779559714333,1779559714333,1779559714324,1779559714334,24,0,24,0,10,34,10.8009
1787,2059,1779559714368,1779559714368,1779559714378,1779559714387,1779559714387,1779559714378,1779559714402,10,0,9,1,24,34,10.9785
1788,2060,1779559714402,1779559714402,1779559714412,1779559714420,1779559714420,1779559714411,1779559714436,9,0,8,1,25,34,10.3602
1789,2061,1779559714436,1779559714436,1779559714446,1779559714458,1779559714458,1779559714449,1779559714471,13,0,12,1,22,35,9.8600
1790,2062,1779559714471,1779559714471,1779559714481,1779559714512,1779559714512,1779559714503,1779559714505,32,0,31,1,2,34,10.4832
1795,2068,1779559714693,1779559714693,1779559714703,1779559714707,1779559714707,1779559714698,1779559714728,5,0,4,1,30,35,16.6694
1796,2069,1779559714728,1779559714728,1779559714738,1779559714761,1779559714761,1779559714752,1779559714763,24,0,23,1,11,35,16.7839
1797,2070,1779559714763,1779559714763,1779559714772,1779559714794,1779559714794,1779559714785,1779559714797,22,0,22,0,12,34,15.8078
1798,2071,1779559714797,1779559714797,1779559714806,1779559714834,1779559714834,1779559714825,1779559714831,28,0,28,0,6,34,15.2240
1799,2073,1779559714866,1779559714866,1779559714875,1779559714889,1779559714889,1779559714881,1779559714900,15,0,14,1,19,34,15.1103
1800,2074,1779559714900,1779559714900,1779559714910,1779559714923,1779559714923,1779559714914,1779559714934,14,0,13,1,20,34,14.2691
1801,2075,1779559714934,1779559714934,1779559714944,1779559714961,1779559714961,1779559714952,1779559714969,18,0,17,1,17,35,13.5949
1802,2077,1779559715003,1779559715003,1779559715014,1779559715015,1779559715015,1779559715006,1779559715038,3,0,1,2,32,35,13.5995
1805,2080,1779559715117,1779559715117,1779559715127,1779559715141,1779559715141,1779559715132,1779559715151,15,0,14,1,19,34,16.8164
1806,2081,1779559715151,1779559715151,1779559715161,1779559715174,1779559715174,1779559715166,1779559715193,15,0,13,2,27,42,16.2548
1807,2082,1779559715193,1779559715193,1779559715203,1779559715213,1779559715213,1779559715204,1779559715226,11,0,10,1,22,33,15.5684
1808,2083,1779559715226,1779559715226,1779559715236,1779559715269,1779559715269,1779559715260,1779559715295,34,0,33,1,35,69,15.3315
1809,2084,1779559715260,1779559715260,1779559715270,1779559715304,1779559715304,1779559715295,1779559715329,35,0,34,1,34,69,14.3794
1810,2086,1779559715329,1779559715329,1779559715338,1779559715344,1779559715344,1779559715335,1779559715364,6,0,6,0,29,35,13.8120
1811,2087,1779559715364,1779559715364,1779559715373,1779559715401,1779559715401,1779559715392,1779559715397,28,0,28,0,5,33,14.3945
1812,2088,1779559715397,1779559715397,1779559715407,1779559715434,1779559715434,1779559715425,1779559715432,28,0,27,1,7,35,13.5878
1813,2090,1779559715466,1779559715466,1779559715476,1779559715479,1779559715479,1779559715470,1779559715501,4,0,3,1,31,35,14.2191
1814,2091,1779559715501,1779559715501,1779559715510,1779559715528,1779559715528,1779559715519,1779559715535,18,0,18,0,16,34,14.2510
1815,2092,1779559715535,1779559715535,1779559715545,1779559715561,1779559715561,1779559715552,1779559715569,17,0,16,1,17,34,13.4559
1816,2093,1779559715569,1779559715569,1779559715579,1779559715600,1779559715601,1779559715592,1779559715615,23,1,21,1,23,46,12.9326
1817,2094,1779559715615,1779559715615,1779559715624,1779559715656,1779559715656,1779559715647,1779559715651,32,0,32,0,4,36,13.2698
1818,2095,1779559715651,1779559715651,1779559715661,1779559715692,1779559715692,1779559715683,1779559715697,32,0,31,1,14,46,12.9851
1819,2096,1779559715697,1779559715697,1779559715706,1779559715730,1779559715730,1779559715721,1779559715734,24,0,24,0,13,37,12.1747
1822,2099,1779559715809,1779559715809,1779559715819,1779559715855,1779559715855,1779559715846,1779559715849,37,0,36,1,3,40,13.2610
1823,2101,1779559715884,1779559715884,1779559715895,1779559715910,1779559715910,1779559715901,1779559715919,17,0,15,2,18,35,13.3230
1824,2102,1779559715919,1779559715919,1779559715928,1779559715945,1779559715945,1779559715936,1779559715953,17,0,17,0,17,34,12.5153
1825,2103,1779559715953,1779559715953,1779559715963,1779559715983,1779559715983,1779559715974,1779559715987,21,0,20,1,13,34,11.9935
1826,2105,1779559716022,1779559716022,1779559716031,1779559716036,1779559716036,1779559716027,1779559716056,5,0,5,0,29,34,12.1794
1827,2106,1779559716056,1779559716056,1779559716066,1779559716069,1779559716069,1779559716060,1779559716091,4,0,3,1,31,35,11.5970
1828,2107,1779559716091,1779559716091,1779559716100,1779559716107,1779559716107,1779559716098,1779559716133,7,0,7,0,35,42,11.1454
1829,2108,1779559716133,1779559716133,1779559716143,1779559716161,1779559716161,1779559716152,1779559716166,19,0,18,1,14,33,11.7774
1830,2109,1779559716166,1779559716166,1779559716176,1779559716195,1779559716195,1779559716186,1779559716209,20,0,19,1,23,43,11.5942
1831,2110,1779559716209,1779559716209,1779559716219,1779559716233,1779559716233,1779559716224,1779559716241,15,0,14,1,17,32,11.1995
1832,2112,1779559716276,1779559716276,1779559716285,1779559716288,1779559716288,1779559716279,1779559716310,3,0,3,0,31,34,11.3212
1833,2113,1779559716310,1779559716310,1779559716319,1779559716321,1779559716321,1779559716312,1779559716344,2,0,2,0,32,34,10.7007
1834,2114,1779559716344,1779559716344,1779559716354,1779559716359,1779559716359,1779559716350,1779559716378,6,0,5,1,28,34,10.3263
1835,2115,1779559716378,1779559716378,1779559716388,1779559716414,1779559716414,1779559716405,1779559716413,27,0,26,1,8,35,10.9151
1836,2116,1779559716413,1779559716413,1779559716422,1779559716447,1779559716447,1779559716438,1779559716446,25,0,25,0,8,33,10.2885
1837,2117,1779559716446,1779559716446,1779559716456,1779559716485,1779559716485,1779559716476,1779559716481,30,0,29,1,5,35,9.8589
1838,2119,1779559716515,1779559716515,1779559716525,1779559716538,1779559716538,1779559716530,1779559716549,15,0,13,2,19,34,10.1283
1839,2120,1779559716549,1779559716549,1779559716559,1779559716572,1779559716572,1779559716563,1779559716584,14,0,13,1,21,35,9.5926
1840,2121,1779559716584,1779559716584,1779559716593,1779559716609,1779559716609,1779559716600,1779559716627,16,0,16,0,27,43,9.3293
1841,2122,1779559716627,1779559716627,1779559716637,1779559716665,1779559716665,1779559716656,1779559716661,29,0,28,1,5,34,10.0533
1842,2123,1779559716661,1779559716661,1779559716671,1779559716698,1779559716698,1779559716689,1779559716704,28,0,27,1,15,43,10.0075
1843,2124,1779559716704,1779559716704,1779559716713,1779559716736,1779559716736,1779559716727,1779559716736,23,0,23,0,9,32,9.7179
1844,2126,1779559716771,1779559716771,1779559716780,1779559716791,1779559716791,1779559716782,1779559716805,11,0,11,0,23,34,9.9629
1845,2127,1779559716805,1779559716805,1779559716815,1779559716824,1779559716824,1779559716815,1779559716839,10,0,9,1,24,34,9.3423
1846,2128,1779559716839,1779559716839,1779559716849,1779559716863,1779559716863,1779559716854,1779559716873,15,0,14,1,19,34,8.9917
1849,2132,1779559716976,1779559716976,1779559716985,1779559716988,1779559716988,1779559716979,1779559717010,3,0,3,0,31,34,11.9478
1850,2133,1779559717010,1779559717010,1779559717020,1779559717042,1779559717042,1779559717033,1779559717044,23,0,22,1,11,34,12.5165
1851,2134,1779559717044,1779559717044,1779559717054,1779559717076,1779559717076,1779559717067,1779559717079,23,0,22,1,12,35,11.8204
1852,2135,1779559717079,1779559717079,1779559717088,1779559717114,1779559717114,1779559717105,1779559717154,26,0,26,0,49,75,13.4275
1855,2138,1779559717193,1779559717193,1779559717202,1779559717239,1779559717239,1779559717230,1779559717235,37,0,37,0,5,42,14.0949
1856,2140,1779559717267,1779559717267,1779559717277,1779559717293,1779559717293,1779559717284,1779559717302,17,0,16,1,18,35,14.0568
1857,2141,1779559717302,1779559717302,1779559717312,1779559717327,1779559717327,1779559717318,1779559717336,16,0,15,1,18,34,13.1841
1858,2142,1779559717336,1779559717336,1779559717346,1779559717365,1779559717365,1779559717356,1779559717370,20,0,19,1,14,34,12.6006
1859,2144,1779559717404,1779559717404,1779559717414,1779559717420,1779559717420,1779559717411,1779559717439,7,0,6,1,28,35,12.6660
1860,2145,1779559717439,1779559717439,1779559717448,1779559717453,1779559717453,1779559717445,1779559717473,6,0,5,1,28,34,11.9090
1861,2146,1779559717473,1779559717473,1779559717483,1779559717492,1779559717492,1779559717483,1779559717507,10,0,9,1,24,34,11.4147
1862,2147,1779559717507,1779559717507,1779559717517,1779559717547,1779559717547,1779559717538,1779559717542,31,0,30,1,4,35,11.9604
1863,2148,1779559717542,1779559717542,1779559717552,1779559717580,1779559717580,1779559717572,1779559717576,30,0,28,2,4,34,11.2192
1864,2149,1779559717576,1779559717576,1779559717586,1779559717618,1779559717618,1779559717609,1779559717611,33,0,32,1,2,35,10.6617
1865,2151,1779559717653,1779559717653,1779559717663,1779559717674,1779559717674,1779559717665,1779559717686,12,0,11,1,21,33,11.1914
1866,2152,1779559717686,1779559717686,1779559717695,1779559717707,1779559717708,1779559717699,1779559717722,13,1,12,0,23,36,10.5999
1867,2153,1779559717722,1779559717722,1779559717731,1779559717746,1779559717746,1779559717737,1779559717763,15,0,15,0,26,41,10.1663
1868,2154,1779559717763,1779559717763,1779559717773,1779559717800,1779559717800,1779559717791,1779559717796,28,0,27,1,5,33,10.8523
1869,2155,1779559717796,1779559717796,1779559717806,1779559717834,1779559717834,1779559717825,1779559717831,29,0,28,1,6,35,10.2068
1870,2156,1779559717831,1779559717831,1779559717840,1779559717873,1779559717873,1779559717864,1779559717871,33,0,33,0,7,40,9.8682
1871,2158,1779559717899,1779559717899,1779559717909,1779559717928,1779559717928,1779559717919,1779559717934,20,0,19,1,15,35,10.1213
1872,2159,1779559717934,1779559717934,1779559717943,1779559717961,1779559717961,1779559717952,1779559717968,18,0,18,0,16,34,9.4914
1873,2160,1779559717968,1779559717968,1779559717977,1779559718000,1779559718000,1779559717991,1779559718002,23,0,23,0,11,34,9.1434
1874,2162,1779559718036,1779559718036,1779559718046,1779559718056,1779559718056,1779559718047,1779559718071,11,0,10,1,24,35,9.3418
1875,2163,1779559718071,1779559718071,1779559718081,1779559718089,1779559718090,1779559718081,1779559718105,10,1,8,1,24,34,8.8272
1876,2164,1779559718105,1779559718105,1779559718115,1779559718128,1779559718128,1779559718119,1779559718141,14,0,13,1,22,36,8.4417
1877,2165,1779559718141,1779559718141,1779559718150,1779559718182,1779559718182,1779559718173,1779559718183,32,0,32,0,10,42,8.7083
1878,2166,1779559718183,1779559718183,1779559718193,1779559718216,1779559718216,1779559718207,1779559718216,24,0,23,1,9,33,8.2397
1879,2167,1779559718216,1779559718216,1779559718225,1779559718254,1779559718255,1779559718246,1779559718258,30,1,29,0,12,42,8.0016
1880,2169,1779559718291,1779559718291,1779559718301,1779559718308,1779559718308,1779559718299,1779559718325,8,0,7,1,26,34,8.3250
1881,2170,1779559718325,1779559718325,1779559718335,1779559718342,1779559718342,1779559718333,1779559718360,8,0,7,1,27,35,7.8944
1882,2171,1779559718360,1779559718360,1779559718369,1779559718380,1779559718380,1779559718371,1779559718394,11,0,11,0,23,34,7.6020
1883,2172,1779559718394,1779559718394,1779559718404,1779559718434,1779559718434,1779559718425,1779559718429,31,0,30,1,4,35,8.3640
1884,2173,1779559718429,1779559718429,1779559718438,1779559718467,1779559718467,1779559718458,1779559718463,29,0,29,0,5,34,7.9390
1885,2174,1779559718463,1779559718463,1779559718473,1779559718505,1779559718505,1779559718496,1779559718497,33,0,32,1,1,34,7.7493
1886,2176,1779559718532,1779559718532,1779559718542,1779559718559,1779559718559,1779559718550,1779559718566,18,0,17,1,16,34,8.1750
1887,2177,1779559718566,1779559718566,1779559718576,1779559718592,1779559718592,1779559718583,1779559718601,17,0,16,1,18,35,7.8636
1888,2178,1779559718601,1779559718601,1779559718611,1779559718631,1779559718631,1779559718622,1779559718635,21,0,20,1,13,34,7.7257
1889,2179,1779559718635,1779559718635,1779559718645,1779559718687,1779559718687,1779559718678,1779559718679,43,0,42,1,1,44,7.9551
1890,2180,1779559718679,1779559718679,1779559718689,1779559718720,1779559718720,1779559718711,1779559718712,32,0,31,1,1,33,7.4596
1891,2181,1779559718712,1779559718712,1779559718722,1779559718758,1779559718758,1779559718749,1779559718754,37,0,36,1,5,42,7.1701
1892,2183,1779559718787,1779559718787,1779559718796,1779559718814,1779559718814,1779559718805,1779559718822,18,0,18,0,17,35,7.5162
1893,2184,1779559718822,1779559718822,1779559718831,1779559718847,1779559718847,1779559718838,1779559718855,16,0,16,0,17,33,7.0979
1894,2185,1779559718855,1779559718855,1779559718865,1779559718885,1779559718885,1779559718876,1779559718890,21,0,20,1,14,35,6.8860
1895,2187,1779559718924,1779559718924,1779559718934,1779559718940,1779559718940,1779559718931,1779559718958,7,0,6,1,27,34,7.3161
1896,2188,1779559718958,1779559718958,1779559718968,1779559718973,1779559718973,1779559718964,1779559718993,6,0,5,1,29,35,6.9603
1897,2189,1779559718993,1779559718993,1779559719003,1779559719012,1779559719012,1779559719003,1779559719027,10,0,9,1,24,34,6.8176
1898,2190,1779559719027,1779559719027,1779559719037,1779559719066,1779559719066,1779559719057,1779559719062,30,0,29,1,5,35,7.6077
1899,2191,1779559719062,1779559719062,1779559719072,1779559719100,1779559719100,1779559719091,1779559719096,29,0,28,1,5,34,7.1507
1900,2192,1779559719096,1779559719096,1779559719106,1779559719138,1779559719138,1779559719129,1779559719131,33,0,32,1,2,35,6.9048
1901,2194,1779559719166,1779559719166,1779559719176,1779559719192,1779559719192,1779559719183,1779559719208,17,0,16,1,25,42,7.9214
1904,2197,1779559719285,1779559719285,1779559719294,1779559719320,1779559719320,1779559719311,1779559719319,26,0,26,0,8,34,12.2584
1905,2198,1779559719319,1779559719319,1779559719328,1779559719354,1779559719354,1779559719345,1779559719354,26,0,26,0,9,35,11.6107
1906,2199,1779559719353,1779559719353,1779559719363,1779559719394,1779559719394,1779559719385,1779559719388,32,0,31,1,3,35,11.2549
1907,2201,1779559719422,1779559719422,1779559719431,1779559719448,1779559719448,1779559719439,1779559719456,17,0,17,0,17,34,11.4797
1908,2202,1779559719456,1779559719456,1779559719467,1779559719481,1779559719481,1779559719473,1779559719491,17,0,14,3,18,35,10.7706
1909,2203,1779559719491,1779559719491,1779559719500,1779559719519,1779559719519,1779559719511,1779559719525,20,0,19,1,14,34,10.3375
1910,2205,1779559719559,1779559719559,1779559719569,1779559719574,1779559719574,1779559719565,1779559719593,6,0,5,1,28,34,10.6128
1911,2206,1779559719593,1779559719593,1779559719604,1779559719608,1779559719609,1779559719600,1779559719628,7,1,4,2,28,35,9.9804
1914,2209,1779559719707,1779559719707,1779559719716,1779559719737,1779559719737,1779559719728,1779559719741,21,0,21,0,13,34,13.8015
1915,2210,1779559719741,1779559719741,1779559719751,1779559719775,1779559719775,1779559719766,1779559719784,25,0,24,1,18,43,13.2417
1916,2212,1779559719817,1779559719817,1779559719826,1779559719829,1779559719829,1779559719820,1779559719851,3,0,3,0,31,34,13.2221
1917,2213,1779559719851,1779559719851,1779559719861,1779559719862,1779559719862,1779559719853,1779559719885,2,0,1,1,32,34,12.4821
1918,2214,1779559719885,1779559719885,1779559719895,1779559719899,1779559719899,1779559719890,1779559719920,5,0,4,1,30,35,11.9442
1919,2215,1779559719920,1779559719920,1779559719929,1779559719953,1779559719953,1779559719944,1779559719955,24,0,24,0,11,35,12.3238
1920,2216,1779559719955,1779559719955,1779559719964,1779559719986,1779559719986,1779559719977,1779559719988,22,0,22,0,11,33,11.5651
1921,2217,1779559719988,1779559719988,1779559719998,1779559720024,1779559720024,1779559720015,1779559720023,27,0,26,1,8,35,11.0674
1922,2219,1779559720056,1779559720056,1779559720068,1779559720078,1779559720078,1779559720069,1779559720091,13,0,10,3,22,35,11.3404
1923,2220,1779559720091,1779559720091,1779559720101,1779559720111,1779559720112,1779559720103,1779559720125,12,1,10,1,22,34,10.6423
1924,2221,1779559720125,1779559720125,1779559720136,1779559720149,1779559720150,1779559720141,1779559720160,16,1,13,2,19,35,10.1938
1927,2224,1779559720239,1779559720239,1779559720248,1779559720275,1779559720275,1779559720266,1779559720273,27,0,27,0,7,34,11.5094
1928,2226,1779559720315,1779559720315,1779559720325,1779559720329,1779559720329,1779559720320,1779559720348,5,0,4,1,28,33,12.1016
1929,2227,1779559720348,1779559720348,1779559720358,1779559720363,1779559720363,1779559720354,1779559720383,6,0,5,1,29,35,11.3722
1930,2228,1779559720383,1779559720383,1779559720393,1779559720401,1779559720401,1779559720392,1779559720417,9,0,8,1,25,34,10.9017
1931,2229,1779559720417,1779559720417,1779559720427,1779559720456,1779559720456,1779559720447,1779559720452,30,0,29,1,5,35,11.5011
1932,2230,1779559720452,1779559720452,1779559720461,1779559720489,1779559720489,1779559720480,1779559720486,28,0,28,0,6,34,10.7824
1933,2231,1779559720486,1779559720486,1779559720495,1779559720528,1779559720528,1779559720519,1779559720520,33,0,33,0,1,34,10.3239
1934,2233,1779559720554,1779559720554,1779559720564,1779559720582,1779559720582,1779559720573,1779559720588,19,0,18,1,15,34,10.5767
1935,2234,1779559720588,1779559720588,1779559720598,1779559720616,1779559720616,1779559720607,1779559720623,19,0,18,1,16,35,9.9657
1936,2235,1779559720623,1779559720623,1779559720633,1779559720653,1779559720653,1779559720644,1779559720658,21,0,20,1,14,35,9.5623
1939,2239,1779559720768,1779559720768,1779559720778,1779559720781,1779559720781,1779559720772,1779559720810,4,0,3,1,38,42,13.2678
1940,2240,1779559720810,1779559720810,1779559720821,1779559720836,1779559720836,1779559720827,1779559720843,17,0,15,2,16,33,13.8202
1941,2241,1779559720843,1779559720843,1779559720852,1779559720868,1779559720868,1779559720859,1779559720877,16,0,16,0,18,34,13.0893
1942,2242,1779559720877,1779559720877,1779559720887,1779559720907,1779559720907,1779559720898,1779559720911,21,0,20,1,13,34,12.5542
1943,2244,1779559720945,1779559720945,1779559720955,1779559720961,1779559720961,1779559720952,1779559720980,7,0,6,1,28,35,12.6653
1944,2245,1779559720980,1779559720980,1779559720990,1779559720998,1779559720998,1779559720989,1779559721014,9,0,8,1,25,34,12.0236
1945,2246,1779559721014,1779559721014,1779559721024,1779559721035,1779559721035,1779559721026,1779559721049,12,0,11,1,23,35,11.4541
1946,2247,1779559721048,1779559721048,1779559721058,1779559721089,1779559721089,1779559721080,1779559721083,32,0,31,1,3,35,11.9742
1947,2248,1779559721083,1779559721083,1779559721092,1779559721123,1779559721123,1779559721114,1779559721116,31,0,31,0,2,33,11.2362
1948,2250,1779559721151,1779559721151,1779559721161,1779559721162,1779559721162,1779559721153,1779559721185,2,0,1,1,32,34,12.4010
1949,2251,1779559721185,1779559721185,1779559721195,1779559721216,1779559721216,1779559721207,1779559721221,22,0,21,1,14,36,12.7742
1950,2252,1779559721221,1779559721221,1779559721231,1779559721249,1779559721249,1779559721240,1779559721263,19,0,18,1,23,42,12.4973
1951,2253,1779559721263,1779559721263,1779559721273,1779559721288,1779559721288,1779559721279,1779559721296,16,0,15,1,17,33,12.0233
1952,2254,1779559721296,1779559721296,1779559721306,1779559721342,1779559721343,1779559721334,1779559721338,38,1,36,1,4,42,12.1106
1953,2255,1779559721338,1779559721338,1779559721348,1779559721377,1779559721377,1779559721368,1779559721371,30,0,29,1,3,33,11.4095
1954,2257,1779559721405,1779559721405,1779559721415,1779559721415,1779559721415,1779559721406,1779559721439,1,0,0,1,33,34,12.5987
1955,2258,1779559721439,1779559721439,1779559721450,1779559721469,1779559721469,1779559721460,1779559721474,21,0,19,2,14,35,13.0192
1956,2259,1779559721474,1779559721474,1779559721484,1779559721502,1779559721502,1779559721493,1779559721508,19,0,18,1,15,34,12.2546
1957,2260,1779559721508,1779559721508,1779559721518,1779559721540,1779559721545,1779559721536,1779559721542,28,5,22,1,6,34,12.0307
1958,2262,1779559721577,1779559721577,1779559721586,1779559721593,1779559721593,1779559721584,1779559721611,7,0,7,0,27,34,12.5367
1959,2263,1779559721611,1779559721611,1779559721621,1779559721627,1779559721627,1779559721618,1779559721645,7,0,6,1,27,34,11.8071
1960,2264,1779559721645,1779559721645,1779559721655,1779559721665,1779559721665,1779559721656,1779559721680,11,0,10,1,24,35,11.2787
1961,2265,1779559721680,1779559721680,1779559721690,1779559721719,1779559721719,1779559721710,1779559721715,30,0,29,1,5,35,11.8355
1962,2266,1779559721715,1779559721715,1779559721724,1779559721752,1779559721752,1779559721743,1779559721757,28,0,28,0,14,42,11.6460
1963,2267,1779559721756,1779559721756,1779559721766,1779559721790,1779559721790,1779559721781,1779559721789,25,0,24,1,8,33,11.1678
1964,2269,1779559721825,1779559721825,1779559721835,1779559721845,1779559721845,1779559721836,1779559721867,11,0,10,1,31,42,11.8724
1965,2270,1779559721867,1779559721867,1779559721877,1779559721877,1779559721877,1779559721868,1779559721900,1,0,0,1,32,33,11.1979
1966,2271,1779559721900,1779559721900,1779559721910,1779559721915,1779559721915,1779559721906,1779559721934,6,0,5,1,28,34,10.8125
1967,2272,1779559721934,1779559721934,1779559721944,1779559721970,1779559721970,1779559721961,1779559721968,27,0,26,1,7,34,11.3742
1968,2273,1779559721968,1779559721968,1779559721978,1779559722003,1779559722003,1779559721994,1779559722003,26,0,25,1,9,35,10.7142
1969,2274,1779559722003,1779559722003,1779559722013,1779559722041,1779559722041,1779559722033,1779559722037,30,0,28,2,4,34,10.2882
1970,2276,1779559722071,1779559722071,1779559722081,1779559722097,1779559722097,1779559722088,1779559722105,17,0,16,1,17,34,10.4722
1971,2277,1779559722105,1779559722105,1779559722115,1779559722132,1779559722132,1779559722123,1779559722139,18,0,17,1,16,34,9.8732
1972,2278,1779559722139,1779559722139,1779559722149,1779559722170,1779559722170,1779559722161,1779559722174,22,0,21,1,13,35,9.4682
1973,2280,1779559722209,1779559722209,1779559722218,1779559722224,1779559722224,1779559722215,1779559722244,6,0,6,0,29,35,9.7948
1974,2281,1779559722244,1779559722244,1779559722254,1779559722258,1779559722258,1779559722249,1779559722286,5,0,4,1,37,42,9.7801
1976,2283,1779559722319,1779559722319,1779559722329,1779559722351,1779559722351,1779559722342,1779559722361,23,0,22,1,19,42,9.6994
1977,2284,1779559722361,1779559722361,1779559722371,1779559722384,1779559722384,1779559722375,1779559722394,14,0,13,1,19,33,9.1431
1978,2285,1779559722393,1779559722393,1779559722403,1779559722422,1779559722422,1779559722413,1779559722428,20,0,19,1,15,35,8.7782
1979,2287,1779559722462,1779559722462,1779559722472,1779559722476,1779559722476,1779559722467,1779559722496,5,0,4,1,29,34,9.1194
1980,2288,1779559722496,1779559722496,1779559722506,1779559722509,1779559722509,1779559722500,1779559722531,4,0,3,1,31,35,8.6646
1981,2289,1779559722531,1779559722531,1779559722541,1779559722547,1779559722547,1779559722538,1779559722565,7,0,6,1,27,34,8.4514
1982,2290,1779559722565,1779559722565,1779559722575,1779559722601,1779559722601,1779559722593,1779559722599,28,0,26,2,6,34,9.1486
1983,2291,1779559722599,1779559722599,1779559722609,1779559722635,1779559722635,1779559722626,1779559722634,27,0,26,1,8,35,8.6818
1984,2292,1779559722634,1779559722634,1779559722644,1779559722672,1779559722672,1779559722663,1779559722668,29,0,28,1,5,34,8.3040
1987,2296,1779559722781,1779559722781,1779559722791,1779559722797,1779559722797,1779559722789,1779559722815,8,0,6,2,26,34,11.8028
1988,2297,1779559722815,1779559722815,1779559722825,1779559722852,1779559722852,1779559722843,1779559722858,28,0,27,1,15,43,11.7863
1989,2298,1779559722858,1779559722858,1779559722867,1779559722885,1779559722886,1779559722877,1779559722891,19,1,18,0,14,33,11.0960
1990,2299,1779559722891,1779559722891,1779559722901,1779559722924,1779559722924,1779559722915,1779559722925,24,0,23,1,10,34,10.6503
1991,2301,1779559722959,1779559722959,1779559722969,1779559722978,1779559722978,1779559722969,1779559722994,10,0,9,1,25,35,10.9173
1992,2302,1779559722994,1779559722994,1779559723004,1779559723011,1779559723011,1779559723002,1779559723028,8,0,7,1,26,34,10.3256
1993,2303,1779559723028,1779559723028,1779559723038,1779559723051,1779559723051,1779559723042,1779559723063,14,0,13,1,21,35,10.0112
1995,2305,1779559723097,1779559723097,1779559723107,1779559723138,1779559723138,1779559723129,1779559723132,32,0,31,1,3,35,11.5335
1996,2307,1779559723166,1779559723166,1779559723175,1779559723176,1779559723176,1779559723167,1779559723200,1,0,1,0,33,34,12.7885
1997,2308,1779559723200,1779559723200,1779559723210,1779559723230,1779559723230,1779559723221,1779559723235,21,0,20,1,14,35,13.2792
2000,2311,1779559723314,1779559723314,1779559723325,1779559723355,1779559723355,1779559723346,1779559723349,32,0,30,2,3,35,16.6145
2001,2312,1779559723348,1779559723348,1779559723358,1779559723388,1779559723388,1779559723379,1779559723392,31,0,30,1,13,44,16.2093
2002,2313,1779559723392,1779559723392,1779559723401,1779559723427,1779559723427,1779559723418,1779559723424,26,0,26,0,6,32,15.6629
2003,2315,1779559723459,1779559723459,1779559723468,1779559723481,1779559723481,1779559723472,1779559723493,13,0,13,0,21,34,15.6174
2004,2316,1779559723493,1779559723493,1779559723503,1779559723514,1779559723515,1779559723506,1779559723527,13,1,11,1,21,34,14.7052
2005,2317,1779559723527,1779559723527,1779559723537,1779559723553,1779559723553,1779559723544,1779559723562,17,0,16,1,18,35,13.9982
2006,2319,1779559723596,1779559723596,1779559723606,1779559723607,1779559723607,1779559723598,1779559723631,2,0,1,1,33,35,14.0427
2008,2321,1779559723664,1779559723664,1779559723674,1779559723678,1779559723678,1779559723669,1779559723699,5,0,4,1,30,35,12.6068
2009,2322,1779559723699,1779559723699,1779559723709,1779559723732,1779559723732,1779559723723,1779559723734,24,0,23,1,11,35,13.0152
2010,2323,1779559723734,1779559723734,1779559723744,1779559723765,1779559723765,1779559723756,1779559723768,22,0,21,1,12,34,12.2363
2011,2324,1779559723768,1779559723768,1779559723778,1779559723804,1779559723804,1779559723795,1779559723811,27,0,26,1,16,43,11.7484
2012,2326,1779559723843,1779559723843,1779559723854,1779559723859,1779559723859,1779559723850,1779559723879,7,0,5,2,29,36,11.8390
2015,2329,1779559723954,1779559723954,1779559723964,1779559723983,1779559723983,1779559723974,1779559723989,20,0,19,1,15,35,13.3698
2016,2330,1779559723989,1779559723989,1779559723998,1779559724016,1779559724016,1779559724007,1779559724024,18,0,18,0,17,35,12.6512
2017,2331,1779559724023,1779559724023,1779559724033,1779559724057,1779559724057,1779559724048,1779559724057,25,0,24,1,9,34,12.3055
2018,2333,1779559724092,1779559724092,1779559724101,1779559724112,1779559724112,1779559724103,1779559724126,11,0,11,0,23,34,12.3616
2019,2334,1779559724126,1779559724126,1779559724135,1779559724146,1779559724147,1779559724138,1779559724160,12,1,11,0,22,34,11.6113
2020,2335,1779559724160,1779559724160,1779559724170,1779559724186,1779559724186,1779559724177,1779559724194,17,0,16,1,17,34,11.2010
2021,2337,1779559724228,1779559724228,1779559724238,1779559724240,1779559724240,1779559724231,1779559724263,3,0,2,1,32,35,11.4539
2023,2339,1779559724298,1779559724298,1779559724308,1779559724311,1779559724311,1779559724302,1779559724340,4,0,3,1,38,42,10.4332
2024,2340,1779559724340,1779559724340,1779559724350,1779559724365,1779559724365,1779559724356,1779559724374,16,0,15,1,18,34,11.0557
2025,2341,1779559724374,1779559724374,1779559724384,1779559724397,1779559724398,1779559724389,1779559724416,15,1,13,1,27,42,10.9411
2026,2342,1779559724416,1779559724416,1779559724426,1779559724435,1779559724435,1779559724426,1779559724449,10,0,9,1,23,33,10.5197
2027,2343,1779559724449,1779559724449,1779559724459,1779559724489,1779559724489,1779559724480,1779559724484,31,0,30,1,4,35,11.0778
2028,2344,1779559724484,1779559724484,1779559724493,1779559724522,1779559724522,1779559724513,1779559724519,29,0,29,0,6,35,10.5348
2029,2345,1779559724519,1779559724519,1779559724529,1779559724561,1779559724561,1779559724552,1779559724561,33,0,32,1,9,42,9.9893
2030,2347,1779559724593,1779559724593,1779559724604,1779559724616,1779559724616,1779559724607,1779559724628,14,0,12,2,21,35,10.1765
2031,2348,1779559724628,1779559724628,1779559724637,1779559724650,1779559724650,1779559724641,1779559724662,13,0,13,0,21,34,9.5628
2032,2349,1779559724662,1779559724662,1779559724672,1779559724688,1779559724688,1779559724679,1779559724697,17,0,16,1,18,35,9.1869
2033,2351,1779559724731,1779559724731,1779559724741,1779559724744,1779559724744,1779559724735,1779559724765,4,0,3,1,30,34,9.4091
2034,2352,1779559724765,1779559724765,1779559724775,1779559724778,1779559724778,1779559724769,1779559724801,4,0,3,1,32,36,8.8969
2035,2353,1779559724801,1779559724801,1779559724810,1779559724816,1779559724816,1779559724807,1779559724842,6,0,6,0,35,41,8.5620
2038,2356,1779559724919,1779559724919,1779559724929,1779559724941,1779559724941,1779559724932,1779559724953,13,0,12,1,21,34,10.1807
2039,2357,1779559724953,1779559724953,1779559724963,1779559724996,1779559724996,1779559724987,1779559724987,34,0,33,1,0,34,10.7834
2040,2358,1779559724987,1779559724987,1779559724997,1779559725030,1779559725030,1779559725021,1779559725022,34,0,33,1,1,35,10.1413
2041,2360,1779559725056,1779559725056,1779559725066,1779559725070,1779559725070,1779559725061,1779559725091,5,0,4,1,30,35,11.3126
2042,2361,1779559725091,1779559725091,1779559725100,1779559725124,1779559725124,1779559725115,1779559725125,24,0,24,0,10,34,11.8615
2043,2362,1779559725124,1779559725124,1779559725134,1779559725157,1779559725157,1779559725148,1779559725159,24,0,23,1,11,35,11.1943
2044,2363,1779559725159,1779559725159,1779559725168,1779559725195,1779559725195,1779559725186,1779559725193,27,0,27,0,7,34,10.7227
2045,2365,1779559725227,1779559725227,1779559725237,1779559725249,1779559725249,1779559725240,1779559725262,13,0,12,1,22,35,10.9836
2046,2366,1779559725262,1779559725262,1779559725272,1779559725282,1779559725282,1779559725273,1779559725296,11,0,10,1,23,34,10.3494
2047,2367,1779559725296,1779559725296,1779559725306,1779559725320,1779559725320,1779559725311,1779559725331,15,0,14,1,20,35,9.8460
2048,2368,1779559725331,1779559725331,1779559725341,1779559725374,1779559725375,1779559725366,1779559725373,35,1,33,1,7,42,10.0823
2049,2369,1779559725373,1779559725373,1779559725383,1779559725408,1779559725408,1779559725399,1779559725406,26,0,25,1,7,33,9.4681
2050,2370,1779559725406,1779559725406,1779559725416,1779559725447,1779559725447,1779559725438,1779559725440,32,0,31,1,2,34,9.1833
2051,2372,1779559725474,1779559725474,1779559725484,1779559725502,1779559725502,1779559725493,1779559725509,19,0,18,1,16,35,9.4464
2052,2373,1779559725509,1779559725509,1779559725518,1779559725535,1779559725535,1779559725526,1779559725543,17,0,17,0,17,34,8.9498
2053,2374,1779559725543,1779559725543,1779559725553,1779559725572,1779559725572,1779559725564,1779559725577,21,0,19,2,13,34,8.6551
2054,2376,1779559725612,1779559725612,1779559725622,1779559725626,1779559725626,1779559725617,1779559725650,5,0,4,1,33,38,9.2964
2056,2377,1779559725650,1779559725650,1779559725660,1779559725697,1779559725697,1779559725688,1779559725726,38,0,37,1,38,76,8.5647
2057,2379,1779559725726,1779559725726,1779559725736,1779559725751,1779559725751,1779559725742,1779559725766,16,0,15,1,24,40,8.9164
2058,2380,1779559725766,1779559725766,1779559725775,1779559725785,1779559725785,1779559725777,1779559725804,11,0,10,1,27,38,8.5568
2059,2381,1779559725804,1779559725804,1779559725814,1779559725823,1779559725823,1779559725814,1779559725848,10,0,9,1,34,44,8.4903
2060,2382,1779559725848,1779559725848,1779559725858,1779559725877,1779559725877,1779559725868,1779559725886,20,0,19,1,18,38,9.0100
2061,2383,1779559725885,1779559725885,1779559725896,1779559725910,1779559725910,1779559725901,1779559725920,16,0,14,2,19,35,8.5669
2062,2384,1779559725920,1779559725920,1779559725930,1779559725948,1779559725948,1779559725939,1779559725962,19,0,18,1,23,42,8.2518
2064,2386,1779559725994,1779559725994,1779559726005,1779559726037,1779559726037,1779559726028,1779559726029,34,0,32,2,1,35,9.9802
2065,2388,1779559726063,1779559726063,1779559726073,1779559726075,1779559726075,1779559726066,1779559726097,3,0,2,1,31,34,11.2168
2066,2389,1779559726097,1779559726097,1779559726107,1779559726131,1779559726131,1779559726122,1779559726132,25,0,24,1,10,35,11.8618
2067,2390,1779559726132,1779559726132,1779559726141,1779559726164,1779559726164,1779559726155,1779559726166,23,0,23,0,11,34,11.1975
2068,2391,1779559726166,1779559726166,1779559726176,1779559726202,1779559726202,1779559726193,1779559726200,27,0,26,1,7,34,10.7235
2069,2393,1779559726234,1779559726234,1779559726244,1779559726256,1779559726256,1779559726247,1779559726269,13,0,12,1,22,35,10.9594
2070,2394,1779559726269,1779559726269,1779559726278,1779559726290,1779559726290,1779559726281,1779559726304,12,0,12,0,23,35,10.3226
2071,2395,1779559726304,1779559726304,1779559726313,1779559726328,1779559726328,1779559726319,1779559726338,15,0,15,0,19,34,9.8743
2072,2396,1779559726338,1779559726338,1779559726348,1779559726383,1779559726383,1779559726374,1779559726381,36,0,35,1,7,43,10.0431
2073,2397,1779559726381,1779559726381,1779559726390,1779559726417,1779559726417,1779559726408,1779559726413,27,0,27,0,5,32,9.5112
2074,2398,1779559726413,1779559726413,1779559726423,1779559726455,1779559726455,1779559726446,1779559726455,33,0,32,1,9,42,9.1669
2075,2400,1779559726488,1779559726488,1779559726498,1779559726509,1779559726509,1779559726500,1779559726523,12,0,11,1,23,35,9.4281
2076,2401,1779559726523,1779559726523,1779559726532,1779559726542,1779559726546,1779559726537,1779559726557,14,4,10,0,20,34,9.0743
2077,2402,1779559726557,1779559726557,1779559726567,1779559726579,1779559726579,1779559726570,1779559726591,13,0,12,1,21,34,8.6636
2078,2403,1779559726591,1779559726591,1779559726601,1779559726633,1779559726633,1779559726624,1779559726625,33,0,32,1,1,34,9.3939
2079,2404,1779559726625,1779559726625,1779559726635,1779559726667,1779559726667,1779559726658,1779559726659,33,0,32,1,1,34,8.8258
2080,2406,1779559726695,1779559726695,1779559726704,1779559726705,1779559726705,1779559726696,1779559726729,1,0,1,0,33,34,10.2294
2081,2407,1779559726729,1779559726729,1779559726738,1779559726760,1779559726760,1779559726751,1779559726763,22,0,22,0,12,34,10.8779
2082,2408,1779559726763,1779559726763,1779559726773,1779559726793,1779559726793,1779559726784,1779559726797,21,0,20,1,13,34,10.2835
2083,2409,1779559726797,1779559726797,1779559726807,1779559726831,1779559726831,1779559726822,1779559726832,25,0,24,1,10,35,9.8519
2087,2414,1779559726986,1779559726986,1779559726995,1779559727012,1779559727012,1779559727003,1779559727021,17,0,17,0,18,35,15.9881
2088,2415,1779559727021,1779559727021,1779559727031,1779559727045,1779559727045,1779559727036,1779559727055,15,0,14,1,19,34,15.0609
2089,2416,1779559727055,1779559727055,1779559727065,1779559727084,1779559727084,1779559727075,1779559727089,20,0,19,1,14,34,14.4151
2090,2418,1779559727124,1779559727124,1779559727133,1779559727138,1779559727138,1779559727129,1779559727158,5,0,5,0,29,34,14.3537
2091,2419,1779559727158,1779559727158,1779559727167,1779559727172,1779559727172,1779559727163,1779559727192,5,0,5,0,29,34,13.5633
2092,2420,1779559727192,1779559727192,1779559727202,1779559727212,1779559727212,1779559727203,1779559727226,11,0,10,1,23,34,13.0878
2093,2421,1779559727226,1779559727226,1779559727237,1779559727266,1779559727266,1779559727257,1779559727261,31,0,29,2,4,35,13.5365
2094,2422,1779559727261,1779559727261,1779559727271,1779559727299,1779559727299,1779559727290,1779559727295,29,0,28,1,5,34,12.8271
2095,2423,1779559727295,1779559727295,1779559727305,1779559727338,1779559727338,1779559727329,1779559727331,34,0,33,1,2,36,12.2596
2096,2425,1779559727365,1779559727365,1779559727375,1779559727393,1779559727393,1779559727384,1779559727408,19,0,18,1,24,43,12.8794
2099,2428,1779559727484,1779559727484,1779559727494,1779559727524,1779559727524,1779559727515,1779559727518,31,0,30,1,3,34,16.2327
2100,2429,1779559727518,1779559727518,1779559727528,1779559727557,1779559727557,1779559727548,1779559727553,30,0,29,1,5,35,15.3111
2101,2430,1779559727553,1779559727553,1779559727562,1779559727595,1779559727595,1779559727586,1779559727587,33,0,33,0,1,34,14.5807
2102,2432,1779559727622,1779559727622,1779559727632,1779559727649,1779559727649,1779559727640,1779559727656,18,0,17,1,16,34,14.5974
2103,2433,1779559727656,1779559727656,1779559727666,1779559727683,1779559727683,1779559727674,1779559727690,18,0,17,1,16,34,13.7154
2104,2434,1779559727690,1779559727690,1779559727700,1779559727720,1779559727721,1779559727712,1779559727725,22,1,20,1,13,35,13.0988
2105,2436,1779559727759,1779559727759,1779559727769,1779559727775,1779559727775,1779559727766,1779559727793,7,0,6,1,27,34,13.2095
2106,2437,1779559727793,1779559727793,1779559727803,1779559727808,1779559727808,1779559727799,1779559727828,6,0,5,1,29,35,12.4792
2109,2440,1779559727907,1779559727907,1779559727916,1779559727933,1779559727933,1779559727924,1779559727942,17,0,17,0,18,35,15.9141
2110,2441,1779559727942,1779559727942,1779559727952,1779559727971,1779559727971,1779559727962,1779559727984,20,0,19,1,22,42,15.1944
2111,2442,1779559727984,1779559727984,1779559727993,1779559728025,1779559728025,1779559728016,1779559728017,32,0,32,0,1,33,15.5499
2112,2443,1779559728017,1779559728017,1779559728026,1779559728058,1779559728058,1779559728049,1779559728052,32,0,32,0,3,35,14.6907
2113,2445,1779559728086,1779559728086,1779559728095,1779559728097,1779559728097,1779559728089,1779559728121,3,0,2,1,32,35,15.5772
2114,2446,1779559728120,1779559728120,1779559728131,1779559728151,1779559728152,1779559728143,1779559728154,23,1,20,2,11,34,15.8585
2115,2447,1779559728154,1779559728154,1779559728164,1779559728186,1779559728186,1779559728177,1779559728189,23,0,22,1,12,35,14.8898
2116,2448,1779559728189,1779559728189,1779559728198,1779559728223,1779559728223,1779559728214,1779559728223,25,0,25,0,9,34,14.1901
2117,2450,1779559728257,1779559728257,1779559728268,1779559728278,1779559728278,1779559728269,1779559728293,12,0,10,2,24,36,14.2816
2118,2451,1779559728293,1779559728293,1779559728303,1779559728311,1779559728311,1779559728302,1779559728326,9,0,8,1,24,33,13.4179
2119,2452,1779559728326,1779559728326,1779559728336,1779559728349,1779559728349,1779559728340,1779559728361,14,0,13,1,21,35,12.7641
2122,2455,1779559728440,1779559728440,1779559728450,1779559728475,1779559728475,1779559728466,1779559728476,26,0,25,1,10,36,13.6204
2123,2457,1779559728517,1779559728517,1779559728527,1779559728529,1779559728529,1779559728520,1779559728551,3,0,2,1,31,34,14.0806
2124,2458,1779559728551,1779559728551,1779559728560,1779559728562,1779559728562,1779559728553,1779559728584,2,0,2,0,31,33,13.2597
2125,2459,1779559728584,1779559728584,1779559728594,1779559728600,1779559728600,1779559728591,1779559728619,7,0,6,1,28,35,12.6640
2126,2460,1779559728619,1779559728619,1779559728628,1779559728654,1779559728654,1779559728645,1779559728653,26,0,26,0,8,34,13.0881
2127,2461,1779559728653,1779559728653,1779559728663,1779559728688,1779559728688,1779559728679,1779559728687,26,0,25,1,8,34,12.2724
2128,2462,1779559728687,1779559728687,1779559728697,1779559728726,1779559728726,1779559728717,1779559728722,30,0,29,1,5,35,11.6826
2129,2464,1779559728756,1779559728756,1779559728767,1779559728782,1779559728782,1779559728773,1779559728791,17,0,15,2,18,35,11.7608
2130,2465,1779559728791,1779559728791,1779559728801,1779559728815,1779559728815,1779559728806,1779559728825,15,0,14,1,19,34,11.0597
2131,2466,1779559728825,1779559728825,1779559728835,1779559728858,1779559728858,1779559728849,1779559728859,24,0,23,1,10,34,10.9112
2134,2470,1779559728971,1779559728971,1779559728981,1779559728987,1779559728987,1779559728978,1779559729013,7,0,6,1,35,42,14.5667
2135,2471,1779559729013,1779559729013,1779559729023,1779559729043,1779559729043,1779559729034,1779559729046,21,0,20,1,12,33,15.0909
2136,2472,1779559729046,1779559729046,1779559729056,1779559729077,1779559729077,1779559729068,1779559729081,22,0,21,1,13,35,14.1765
2137,2473,1779559729081,1779559729081,1779559729091,1779559729116,1779559729116,1779559729107,1779559729115,26,0,25,1,8,34,13.5506
2138,2475,1779559729149,1779559729149,1779559729160,1779559729170,1779559729170,1779559729161,1779559729184,12,0,10,2,23,35,13.6526
2139,2476,1779559729184,1779559729184,1779559729193,1779559729204,1779559729204,1779559729195,1779559729217,11,0,11,0,22,33,12.8707
2140,2477,1779559729217,1779559729217,1779559729227,1779559729243,1779559729243,1779559729234,1779559729252,17,0,16,1,18,35,12.2659
2141,2479,1779559729286,1779559729286,1779559729296,1779559729297,1779559729297,1779559729288,1779559729321,2,0,1,1,33,35,12.3935
2142,2480,1779559729321,1779559729321,1779559729331,1779559729331,1779559729331,1779559729322,1779559729355,1,0,0,1,33,34,11.6462
2143,2481,1779559729355,1779559729355,1779559729365,1779559729369,1779559729369,1779559729360,1779559729389,5,0,4,1,29,34,11.1576
2144,2482,1779559729389,1779559729389,1779559729399,1779559729423,1779559729423,1779559729414,1779559729433,25,0,24,1,19,44,11.1178
2147,2485,1779559729509,1779559729509,1779559729519,1779559729548,1779559729548,1779559729539,1779559729543,30,0,29,1,4,34,14.6335
2148,2486,1779559729543,1779559729543,1779559729553,1779559729581,1779559729581,1779559729572,1779559729577,29,0,28,1,5,34,13.7867
2149,2487,1779559729577,1779559729577,1779559729587,1779559729619,1779559729619,1779559729610,1779559729612,33,0,32,1,2,35,13.1386
2150,2489,1779559729646,1779559729646,1779559729656,1779559729673,1779559729673,1779559729664,1779559729680,18,0,17,1,16,34,13.2345
2151,2490,1779559729680,1779559729680,1779559729690,1779559729706,1779559729706,1779559729697,1779559729714,17,0,16,1,17,34,12.4647
2152,2491,1779559729714,1779559729714,1779559729724,1779559729744,1779559729744,1779559729735,1779559729748,21,0,20,1,13,34,11.9170
2153,2493,1779559729782,1779559729782,1779559729792,1779559729798,1779559729798,1779559729789,1779559729817,7,0,6,1,28,35,12.0733
2154,2494,1779559729817,1779559729817,1779559729827,1779559729831,1779559729831,1779559729822,1779559729851,5,0,4,1,29,34,11.4117
2155,2495,1779559729851,1779559729851,1779559729861,1779559729869,1779559729869,1779559729860,1779559729886,9,0,8,1,26,35,10.9170
2156,2496,1779559729886,1779559729886,1779559729896,1779559729924,1779559729924,1779559729915,1779559729921,29,0,28,1,6,35,11.4718
2157,2497,1779559729921,1779559729921,1779559729931,1779559729957,1779559729957,1779559729948,1779559729964,27,0,26,1,16,43,11.3671
2158,2498,1779559729964,1779559729964,1779559729974,1779559729995,1779559729995,1779559729986,1779559729997,22,0,21,1,11,33,10.9787
2159,2499,1779559729997,1779559729997,1779559730007,1779559730049,1779559730049,1779559730040,1779559730073,43,0,42,1,33,76,11.6154
2160,2500,1779559730040,1779559730040,1779559730050,1779559730082,1779559730082,1779559730073,1779559730107,33,0,32,1,34,67,11.0383
2161,2502,1779559730107,1779559730107,1779559730117,1779559730120,1779559730120,1779559730111,1779559730142,4,0,3,1,31,35,10.6360
2162,2503,1779559730142,1779559730142,1779559730151,1779559730175,1779559730176,1779559730167,1779559730175,25,1,24,0,8,33,11.2972
2163,2504,1779559730175,1779559730175,1779559730185,1779559730209,1779559730209,1779559730200,1779559730210,25,0,24,1,10,35,10.6999
2164,2505,1779559730210,1779559730210,1779559730220,1779559730246,1779559730247,1779559730238,1779559730244,28,1,26,1,6,34,10.2756
2165,2507,1779559730278,1779559730278,1779559730289,1779559730301,1779559730301,1779559730292,1779559730313,14,0,12,2,21,35,10.5550
2166,2508,1779559730313,1779559730313,1779559730323,1779559730334,1779559730334,1779559730325,1779559730347,12,0,11,1,22,34,9.9654
2167,2509,1779559730347,1779559730347,1779559730357,1779559730373,1779559730373,1779559730364,1779559730382,17,0,16,1,18,35,9.6761
2170,2512,1779559730460,1779559730460,1779559730469,1779559730500,1779559730500,1779559730491,1779559730494,31,0,31,0,3,34,11.0766
2171,2514,1779559730536,1779559730536,1779559730546,1779559730554,1779559730554,1779559730545,1779559730569,9,0,8,1,24,33,11.5951
2172,2515,1779559730569,1779559730569,1779559730579,1779559730587,1779559730587,1779559730578,1779559730604,9,0,8,1,26,35,11.0363
2173,2516,1779559730603,1779559730603,1779559730613,1779559730625,1779559730625,1779559730616,1779559730638,13,0,12,1,22,35,10.5870
2174,2517,1779559730638,1779559730638,1779559730647,1779559730678,1779559730679,1779559730670,1779559730672,32,1,31,0,2,34,11.1394
2175,2518,1779559730672,1779559730672,1779559730682,1779559730712,1779559730712,1779559730703,1779559730706,31,0,30,1,3,34,10.5061
2176,2519,1779559730706,1779559730706,1779559730716,1779559730750,1779559730750,1779559730741,1779559730741,35,0,34,1,0,35,10.0618
2177,2521,1779559730775,1779559730775,1779559730785,1779559730803,1779559730803,1779559730794,1779559730809,19,0,18,1,15,34,10.3208
2178,2522,1779559730809,1779559730809,1779559730819,1779559730837,1779559730837,1779559730828,1779559730844,19,0,18,1,16,35,9.7157
2179,2523,1779559730844,1779559730844,1779559730853,1779559730877,1779559730877,1779559730868,1779559730878,24,0,24,0,10,34,9.4186
2182,2527,1779559730991,1779559730991,1779559731001,1779559731003,1779559731003,1779559730994,1779559731026,3,0,2,1,32,35,12.8342
2183,2528,1779559731026,1779559731026,1779559731035,1779559731058,1779559731058,1779559731049,1779559731068,23,0,23,0,19,42,12.8369
2184,2529,1779559731068,1779559731068,1779559731078,1779559731092,1779559731092,1779559731083,1779559731101,15,0,14,1,18,33,12.1035
2185,2530,1779559731101,1779559731101,1779559731110,1779559731134,1779559731135,1779559731126,1779559731135,25,1,24,0,9,34,11.9044
2186,2532,1779559731169,1779559731169,1779559731179,1779559731189,1779559731189,1779559731180,1779559731203,11,0,10,1,23,34,12.0704
2187,2533,1779559731203,1779559731203,1779559731213,1779559731228,1779559731228,1779559731219,1779559731238,16,0,15,1,19,35,11.6030
2188,2534,1779559731238,1779559731238,1779559731247,1779559731276,1779559731276,1779559731267,1779559731272,29,0,29,0,5,34,11.7262
2189,2536,1779559731306,1779559731306,1779559731316,1779559731326,1779559731326,1779559731317,1779559731340,11,0,10,1,23,34,12.1394
2190,2537,1779559731340,1779559731340,1779559731350,1779559731359,1779559731359,1779559731350,1779559731375,10,0,9,1,25,35,11.4615
2191,2538,1779559731375,1779559731375,1779559731385,1779559731397,1779559731397,1779559731388,1779559731410,13,0,12,1,22,35,10.9435
2192,2539,1779559731410,1779559731410,1779559731419,1779559731451,1779559731451,1779559731442,1779559731444,32,0,32,0,2,34,11.4544
2193,2540,1779559731444,1779559731444,1779559731454,1779559731484,1779559731484,1779559731475,1779559731488,31,0,30,1,13,44,11.3183
2194,2541,1779559731488,1779559731488,1779559731498,1779559731523,1779559731523,1779559731514,1779559731522,26,0,25,1,8,34,10.8764
2195,2543,1779559731563,1779559731563,1779559731573,1779559731582,1779559731582,1779559731573,1779559731596,10,0,9,1,23,33,11.1614
2196,2544,1779559731596,1779559731596,1779559731606,1779559731615,1779559731615,1779559731606,1779559731631,10,0,9,1,25,35,10.5705
2197,2545,1779559731631,1779559731631,1779559731640,1779559731654,1779559731654,1779559731645,1779559731665,14,0,14,0,20,34,10.2227
2198,2546,1779559731665,1779559731665,1779559731675,1779559731707,1779559731707,1779559731698,1779559731699,33,0,32,1,1,34,10.7328
2199,2547,1779559731699,1779559731699,1779559731709,1779559731741,1779559731741,1779559731732,1779559731734,33,0,32,1,2,35,10.0983
2200,2549,1779559731768,1779559731768,1779559731778,1779559731780,1779559731780,1779559731771,1779559731803,3,0,2,1,32,35,11.4019
2201,2550,1779559731803,1779559731803,1779559731813,1779559731834,1779559731834,1779559731825,1779559731837,22,0,21,1,12,34,11.9034
2202,2551,1779559731837,1779559731837,1779559731847,1779559731867,1779559731867,1779559731858,1779559731871,21,0,20,1,13,34,11.2173
2203,2552,1779559731871,1779559731871,1779559731881,1779559731905,1779559731906,1779559731896,1779559731905,25,1,24,0,9,34,10.8210
2204,2554,1779559731940,1779559731940,1779559731950,1779559731960,1779559731960,1779559731951,1779559731983,11,0,10,1,32,43,11.6488
2206,2556,1779559732016,1779559732016,1779559732026,1779559732031,1779559732031,1779559732022,1779559732060,6,0,5,1,38,44,10.5895
2207,2557,1779559732060,1779559732060,1779559732070,1779559732085,1779559732085,1779559732076,1779559732094,16,0,15,1,18,34,11.2020
2208,2558,1779559732094,1779559732094,1779559732104,1779559732118,1779559732118,1779559732109,1779559732128,15,0,14,1,19,34,10.5955
2209,2559,1779559732128,1779559732128,1779559732138,1779559732156,1779559732156,1779559732147,1779559732163,19,0,18,1,16,35,10.1435
2210,2561,1779559732196,1779559732196,1779559732206,1779559732211,1779559732211,1779559732202,1779559732231,6,0,5,1,29,35,10.3471
2211,2562,1779559732231,1779559732231,1779559732241,1779559732244,1779559732244,1779559732235,1779559732265,4,0,3,1,30,34,9.7643
2212,2563,1779559732265,1779559732265,1779559732275,1779559732282,1779559732282,1779559732273,1779559732299,8,0,7,1,26,34,9.4056
2213,2564,1779559732299,1779559732299,1779559732309,1779559732337,1779559732337,1779559732328,1779559732334,29,0,28,1,6,35,10.0657
2214,2565,1779559732334,1779559732334,1779559732344,1779559732370,1779559732370,1779559732361,1779559732368,27,0,26,1,7,34,9.4989
2215,2566,1779559732368,1779559732368,1779559732378,1779559732408,1779559732408,1779559732399,1779559732403,31,0,30,1,4,35,9.1214
2216,2568,1779559732437,1779559732437,1779559732447,1779559732462,1779559732462,1779559732453,1779559732473,16,0,15,1,20,36,9.5000
2217,2569,1779559732473,1779559732473,1779559732483,1779559732495,1779559732495,1779559732486,1779559732515,13,0,12,1,29,42,9.4743
2220,2572,1779559732593,1779559732593,1779559732603,1779559732621,1779559732621,1779559732612,1779559732627,19,0,18,1,15,34,13.2300
2221,2573,1779559732627,1779559732627,1779559732636,1779559732660,1779559732660,1779559732651,1779559732661,24,0,24,0,10,34,12.6827
2222,2575,1779559732696,1779559732696,1779559732706,1779559732715,1779559732715,1779559732706,1779559732730,10,0,9,1,24,34,12.7462
2223,2576,1779559732730,1779559732730,1779559732740,1779559732748,1779559732748,1779559732739,1779559732764,9,0,8,1,25,34,12.0378
2224,2577,1779559732764,1779559732764,1779559732774,1779559732788,1779559732788,1779559732779,1779559732799,15,0,14,1,20,35,11.6395
2225,2579,1779559732833,1779559732833,1779559732843,1779559732844,1779559732844,1779559732835,1779559732867,2,0,1,1,32,34,11.6777
2226,2580,1779559732867,1779559732867,1779559732877,1779559732878,1779559732878,1779559732869,1779559732901,2,0,1,1,32,34,10.9768
2227,2581,1779559732901,1779559732901,1779559732911,1779559732916,1779559732916,1779559732907,1779559732936,6,0,5,1,29,35,10.5324
2228,2582,1779559732936,1779559732936,1779559732945,1779559732970,1779559732970,1779559732961,1779559732970,25,0,25,0,9,34,11.0685
2229,2583,1779559732970,1779559732970,1779559732980,1779559733002,1779559733002,1779559732993,1779559733014,23,0,22,1,21,44,11.0766
2230,2584,1779559733014,1779559733014,1779559733024,1779559733040,1779559733040,1779559733031,1779559733047,17,0,16,1,16,33,10.6779
2231,2585,1779559733047,1779559733047,1779559733057,1779559733093,1779559733093,1779559733084,1779559733089,37,0,36,1,5,42,10.6962
2232,2586,1779559733089,1779559733089,1779559733099,1779559733126,1779559733126,1779559733117,1779559733122,28,0,27,1,5,33,10.0378
2233,2587,1779559733122,1779559733122,1779559733132,1779559733165,1779559733165,1779559733156,1779559733156,34,0,33,1,0,34,9.7250
2234,2589,1779559733191,1779559733191,1779559733201,1779559733218,1779559733218,1779559733209,1779559733225,18,0,17,1,16,34,10.0470
2235,2590,1779559733225,1779559733225,1779559733235,1779559733251,1779559733251,1779559733242,1779559733260,17,0,16,1,18,35,9.5804
2236,2591,1779559733260,1779559733260,1779559733269,1779559733290,1779559733290,1779559733281,1779559733294,21,0,21,0,13,34,9.2965
2237,2593,1779559733327,1779559733327,1779559733337,1779559733344,1779559733344,1779559733335,1779559733362,8,0,7,1,27,35,9.6128
2238,2594,1779559733362,1779559733362,1779559733372,1779559733377,1779559733377,1779559733368,1779559733396,6,0,5,1,28,34,9.0839
2239,2595,1779559733396,1779559733396,1779559733406,1779559733415,1779559733415,1779559733406,1779559733431,10,0,9,1,25,35,8.7289
2240,2596,1779559733431,1779559733431,1779559733441,1779559733469,1779559733469,1779559733460,1779559733465,29,0,28,1,5,34,9.4270
2245,2602,1779559733653,1779559733653,1779559733663,1779559733664,1779559733664,1779559733655,1779559733687,2,0,1,1,32,34,15.9260
2246,2603,1779559733687,1779559733687,1779559733697,1779559733718,1779559733718,1779559733709,1779559733721,22,0,21,1,12,34,16.1605
2247,2604,1779559733721,1779559733721,1779559733731,1779559733752,1779559733752,1779559733743,1779559733755,22,0,21,1,12,34,15.1592
2248,2605,1779559733755,1779559733755,1779559733765,1779559733790,1779559733790,1779559733781,1779559733790,26,0,25,1,9,35,14.5034
2249,2607,1779559733824,1779559733824,1779559733834,1779559733845,1779559733845,1779559733836,1779559733859,12,0,11,1,23,35,14.5317
2250,2608,1779559733859,1779559733859,1779559733869,1779559733878,1779559733878,1779559733869,1779559733893,10,0,9,1,24,34,13.6992
2251,2609,1779559733893,1779559733893,1779559733903,1779559733916,1779559733916,1779559733907,1779559733927,14,0,13,1,20,34,13.0940
2253,2611,1779559733961,1779559733961,1779559733971,1779559734003,1779559734003,1779559733994,1779559733996,33,0,32,1,2,35,14.3378
2254,2612,1779559733996,1779559733996,1779559734006,1779559734041,1779559734041,1779559734032,1779559734039,36,0,35,1,7,43,13.7324
2255,2614,1779559734072,1779559734072,1779559734081,1779559734095,1779559734095,1779559734086,1779559734107,14,0,14,0,21,35,13.7602
2256,2615,1779559734107,1779559734107,1779559734117,1779559734128,1779559734128,1779559734119,1779559734152,12,0,11,1,33,45,13.6105
2257,2616,1779559734152,1779559734152,1779559734161,1779559734168,1779559734168,1779559734159,1779559734185,7,0,7,0,26,33,13.1979
2258,2617,1779559734184,1779559734184,1779559734194,1779559734223,1779559734223,1779559734214,1779559734218,30,0,29,1,4,34,13.7153
2259,2618,1779559734218,1779559734218,1779559734228,1779559734256,1779559734256,1779559734247,1779559734252,29,0,28,1,5,34,12.9500
2260,2619,1779559734252,1779559734252,1779559734262,1779559734294,1779559734294,1779559734285,1779559734287,33,0,32,1,2,35,12.3615
2261,2621,1779559734320,1779559734320,1779559734330,1779559734348,1779559734348,1779559734339,1779559734355,19,0,18,1,16,35,12.4709
2262,2622,1779559734355,1779559734355,1779559734365,1779559734381,1779559734381,1779559734372,1779559734389,17,0,16,1,17,34,11.7549
2263,2623,1779559734389,1779559734389,1779559734399,1779559734419,1779559734419,1779559734410,1779559734423,21,0,20,1,13,34,11.2396
2264,2625,1779559734457,1779559734457,1779559734467,1779559734473,1779559734473,1779559734464,1779559734492,7,0,6,1,28,35,11.4618
2265,2626,1779559734492,1779559734492,1779559734502,1779559734507,1779559734507,1779559734498,1779559734526,6,0,5,1,28,34,10.7914
2266,2627,1779559734526,1779559734526,1779559734536,1779559734546,1779559734546,1779559734537,1779559734569,11,0,10,1,32,43,10.3918
2267,2628,1779559734569,1779559734569,1779559734579,1779559734601,1779559734601,1779559734592,1779559734602,23,0,22,1,10,33,11.1092
2268,2629,1779559734602,1779559734602,1779559734612,1779559734637,1779559734637,1779559734628,1779559734644,26,0,25,1,16,42,10.7942
2269,2630,1779559734644,1779559734644,1779559734654,1779559734675,1779559734675,1779559734666,1779559734677,22,0,21,1,11,33,10.4482
2270,2632,1779559734711,1779559734711,1779559734721,1779559734730,1779559734730,1779559734721,1779559734745,10,0,9,1,24,34,10.6407
2271,2633,1779559734745,1779559734745,1779559734755,1779559734764,1779559734764,1779559734755,1779559734780,10,0,9,1,25,35,10.0200
2272,2634,1779559734780,1779559734780,1779559734790,1779559734803,1779559734803,1779559734794,1779559734814,14,0,13,1,20,34,9.7552
2273,2635,1779559734814,1779559734814,1779559734824,1779559734858,1779559734858,1779559734849,1779559734883,35,0,34,1,34,69,10.0616
2274,2636,1779559734848,1779559734848,1779559734858,1779559734892,1779559734892,1779559734883,1779559734917,35,0,34,1,34,69,9.4383
2275,2638,1779559734917,1779559734917,1779559734927,1779559734930,1779559734930,1779559734920,1779559734951,3,0,3,0,31,34,9.0733
2276,2639,1779559734951,1779559734951,1779559734961,1779559734984,1779559734984,1779559734975,1779559734986,24,0,23,1,11,35,9.7855
2277,2640,1779559734986,1779559734986,1779559734996,1779559735017,1779559735017,1779559735008,1779559735021,22,0,21,1,13,35,9.2836
2278,2641,1779559735020,1779559735020,1779559735030,1779559735055,1779559735055,1779559735046,1779559735063,26,0,25,1,17,43,9.0475
2281,2644,1779559735140,1779559735140,1779559735150,1779559735179,1779559735179,1779559735170,1779559735174,30,0,29,1,4,34,10.4678
2282,2646,1779559735208,1779559735208,1779559735218,1779559735233,1779559735233,1779559735224,1779559735242,16,0,15,1,18,34,10.7164
2283,2647,1779559735242,1779559735242,1779559735252,1779559735266,1779559735266,1779559735257,1779559735277,15,0,14,1,20,35,10.1309
2284,2648,1779559735277,1779559735277,1779559735286,1779559735304,1779559735304,1779559735295,1779559735311,18,0,18,0,16,34,9.7060
2285,2650,1779559735345,1779559735345,1779559735355,1779559735358,1779559735358,1779559735349,1779559735380,4,0,3,1,31,35,10.0055
2286,2651,1779559735380,1779559735380,1779559735390,1779559735392,1779559735392,1779559735383,1779559735414,3,0,2,1,31,34,9.4029
2287,2652,1779559735414,1779559735414,1779559735424,1779559735430,1779559735430,1779559735421,1779559735448,7,0,6,1,27,34,9.0875
2288,2653,1779559735448,1779559735448,1779559735457,1779559735484,1779559735484,1779559735475,1779559735482,27,0,27,0,7,34,9.7367
2293,2658,1779559735642,1779559735642,1779559735652,1779559735683,1779559735683,1779559735674,1779559735680,32,0,31,1,6,38,14.6264
2294,2660,1779559735718,1779559735718,1779559735728,1779559735737,1779559735737,1779559735728,1779559735757,10,0,9,1,29,39,15.1573
2295,2661,1779559735757,1779559735757,1779559735766,1779559735770,1779559735770,1779559735761,1779559735796,4,0,4,0,35,39,14.6257
2296,2662,1779559735796,1779559735796,1779559735806,1779559735808,1779559735808,1779559735799,1779559735834,3,0,2,1,35,38,13.7122
2297,2663,1779559735834,1779559735834,1779559735844,1779559735863,1779559735863,1779559735854,1779559735872,20,0,19,1,18,38,13.9646
2298,2664,1779559735872,1779559735872,1779559735881,1779559735896,1779559735896,1779559735887,1779559735906,15,0,15,0,19,34,13.1494
2299,2665,1779559735906,1779559735906,1779559735915,1779559735934,1779559735934,1779559735925,1779559735940,19,0,19,0,15,34,12.5580
2300,2667,1779559735974,1779559735974,1779559735984,1779559735989,1779559735989,1779559735980,1779559736008,6,0,5,1,28,34,12.6091
2301,2668,1779559736008,1779559736008,1779559736018,1779559736022,1779559736022,1779559736013,1779559736043,5,0,4,1,30,35,11.9521
2302,2669,1779559736043,1779559736043,1779559736053,1779559736060,1779559736060,1779559736051,1779559736087,8,0,7,1,36,44,11.5739
2303,2670,1779559736087,1779559736087,1779559736097,1779559736114,1779559736114,1779559736105,1779559736120,18,0,17,1,15,33,12.1568
2304,2671,1779559736120,1779559736120,1779559736130,1779559736147,1779559736147,1779559736138,1779559736163,18,0,17,1,25,43,12.0107
2305,2672,1779559736163,1779559736163,1779559736173,1779559736185,1779559736185,1779559736176,1779559736196,13,0,12,1,20,33,11.5603
2306,2673,1779559736196,1779559736196,1779559736206,1779559736238,1779559736238,1779559736229,1779559736231,33,0,32,1,2,35,12.0036
2307,2674,1779559736231,1779559736231,1779559736240,1779559736271,1779559736271,1779559736262,1779559736265,31,0,31,0,3,34,11.2553
2308,2676,1779559736299,1779559736299,1779559736309,1779559736310,1779559736310,1779559736301,1779559736334,2,0,1,1,33,35,12.5111
2309,2677,1779559736334,1779559736334,1779559736344,1779559736364,1779559736364,1779559736355,1779559736368,21,0,20,1,13,34,12.9818
2310,2678,1779559736368,1779559736368,1779559736378,1779559736397,1779559736397,1779559736388,1779559736403,20,0,19,1,15,35,12.2635
2311,2679,1779559736402,1779559736402,1779559736412,1779559736435,1779559736435,1779559736426,1779559736437,24,0,23,1,11,35,11.7175
2312,2681,1779559736471,1779559736471,1779559736481,1779559736489,1779559736489,1779559736480,1779559736505,9,0,8,1,25,34,11.8904
2313,2682,1779559736505,1779559736505,1779559736515,1779559736521,1779559736521,1779559736512,1779559736541,7,0,6,1,29,36,11.3375
2314,2683,1779559736540,1779559736540,1779559736551,1779559736559,1779559736559,1779559736550,1779559736575,10,0,8,2,25,35,10.8201
2315,2684,1779559736575,1779559736575,1779559736585,1779559736613,1779559736613,1779559736604,1779559736618,29,0,28,1,14,43,10.8672
2316,2685,1779559736618,1779559736618,1779559736628,1779559736646,1779559736646,1779559736637,1779559736651,19,0,18,1,14,33,10.2156
2317,2686,1779559736651,1779559736651,1779559736661,1779559736684,1779559736684,1779559736675,1779559736693,24,0,23,1,18,42,9.7908
2318,2688,1779559736726,1779559736726,1779559736736,1779559736738,1779559736738,1779559736729,1779559736761,3,0,2,1,32,35,10.0596
2319,2689,1779559736761,1779559736761,1779559736771,1779559736771,1779559736771,1779559736762,1779559736795,1,0,0,1,33,34,9.4338
2320,2690,1779559736795,1779559736795,1779559736805,1779559736809,1779559736809,1779559736800,1779559736830,5,0,4,1,30,35,8.9601
2321,2691,1779559736830,1779559736830,1779559736840,1779559736865,1779559736865,1779559736856,1779559736864,26,0,25,1,8,34,9.7868
2322,2692,1779559736864,1779559736864,1779559736873,1779559736897,1779559736898,1779559736888,1779559736898,24,1,24,0,10,34,9.2437
2323,2693,1779559736898,1779559736898,1779559736908,1779559736935,1779559736935,1779559736926,1779559736932,28,0,27,1,6,34,8.8763
2324,2695,1779559736967,1779559736967,1779559736977,1779559736989,1779559736989,1779559736980,1779559737002,13,0,12,1,22,35,9.2661
2325,2696,1779559737002,1779559737002,1779559737011,1779559737022,1779559737022,1779559737013,1779559737036,11,0,11,0,23,34,8.8099
2326,2697,1779559737036,1779559737036,1779559737045,1779559737059,1779559737060,1779559737050,1779559737070,14,1,14,0,20,34,8.4589
2327,2698,1779559737070,1779559737070,1779559737080,1779559737114,1779559737114,1779559737105,1779559737113,35,0,34,1,8,43,8.6184
2330,2702,1779559737224,1779559737224,1779559737235,1779559737240,1779559737240,1779559737231,1779559737259,7,0,5,2,28,35,12.7147
2331,2703,1779559737259,1779559737259,1779559737269,1779559737273,1779559737273,1779559737264,1779559737293,5,0,4,1,29,34,11.9923
2332,2704,1779559737293,1779559737293,1779559737303,1779559737312,1779559737312,1779559737303,1779559737327,10,0,9,1,24,34,11.5433
2333,2705,1779559737327,1779559737327,1779559737337,1779559737367,1779559737367,1779559737358,1779559737362,31,0,30,1,4,35,12.0584
2334,2706,1779559737362,1779559737362,1779559737372,1779559737401,1779559737401,1779559737392,1779559737396,30,0,29,1,4,34,11.3143
2335,2707,1779559737396,1779559737396,1779559737406,1779559737439,1779559737439,1779559737430,1779559737431,34,0,33,1,1,35,10.8234
2336,2709,1779559737465,1779559737465,1779559737475,1779559737494,1779559737494,1779559737485,1779559737499,20,0,19,1,14,34,10.9660
2337,2710,1779559737499,1779559737499,1779559737508,1779559737527,1779559737527,1779559737518,1779559737533,19,0,19,0,15,34,10.3672
2338,2711,1779559737533,1779559737533,1779559737543,1779559737565,1779559737565,1779559737556,1779559737567,23,0,22,1,11,34,9.9446
2341,2715,1779559737678,1779559737678,1779559737688,1779559737691,1779559737691,1779559737682,1779559737721,4,0,3,1,39,43,13.7010
2342,2716,1779559737720,1779559737720,1779559737730,1779559737746,1779559737746,1779559737737,1779559737753,17,0,16,1,16,33,14.2459
2343,2717,1779559737753,1779559737753,1779559737763,1779559737778,1779559737779,1779559737769,1779559737788,16,1,15,0,19,35,13.4456
2344,2718,1779559737787,1779559737787,1779559737797,1779559737816,1779559737816,1779559737807,1779559737822,20,0,19,1,15,35,12.7805
2345,2720,1779559737856,1779559737856,1779559737866,1779559737870,1779559737870,1779559737861,1779559737891,5,0,4,1,30,35,12.9082
2346,2721,1779559737891,1779559737891,1779559737900,1779559737903,1779559737903,1779559737894,1779559737924,3,0,3,0,30,33,12.1193
2347,2722,1779559737924,1779559737924,1779559737934,1779559737942,1779559737942,1779559737933,1779559737959,9,0,8,1,26,35,11.5930
2348,2723,1779559737959,1779559737959,1779559737968,1779559737996,1779559737996,1779559737987,1779559737993,28,0,28,0,6,34,12.1309
2349,2724,1779559737993,1779559737993,1779559738003,1779559738030,1779559738030,1779559738021,1779559738027,28,0,27,1,6,34,11.3800
2350,2725,1779559738027,1779559738027,1779559738037,1779559738068,1779559738068,1779559738059,1779559738063,32,0,31,1,4,36,10.7723
2351,2727,1779559738096,1779559738096,1779559738106,1779559738123,1779559738123,1779559738114,1779559738140,18,0,17,1,26,44,11.4743
2352,2728,1779559738140,1779559738140,1779559738149,1779559738156,1779559738156,1779559738147,1779559738173,7,0,7,0,26,33,10.7577
2353,2729,1779559738173,1779559738173,1779559738182,1779559738194,1779559738194,1779559738185,1779559738207,12,0,12,0,22,34,10.3108
2354,2730,1779559738207,1779559738207,1779559738217,1779559738249,1779559738249,1779559738240,1779559738242,33,0,32,1,2,35,10.9473
2355,2731,1779559738241,1779559738241,1779559738251,1779559738282,1779559738282,1779559738273,1779559738275,32,0,31,1,2,34,10.3130
2356,2733,1779559738309,1779559738309,1779559738319,1779559738320,1779559738320,1779559738311,1779559738344,2,0,1,1,33,35,11.5888
2357,2734,1779559738344,1779559738344,1779559738354,1779559738374,1779559738374,1779559738365,1779559738378,21,0,20,1,13,34,12.1082
2358,2735,1779559738378,1779559738378,1779559738388,1779559738407,1779559738407,1779559738398,1779559738413,20,0,19,1,15,35,11.4560
2359,2736,1779559738413,1779559738413,1779559738423,1779559738444,1779559738444,1779559738435,1779559738447,22,0,21,1,12,34,10.9359
2360,2738,1779559738481,1779559738481,1779559738491,1779559738498,1779559738498,1779559738489,1779559738515,8,0,7,1,26,34,11.1717
2361,2739,1779559738515,1779559738515,1779559738525,1779559738532,1779559738532,1779559738523,1779559738549,8,0,7,1,26,34,10.4758
2362,2740,1779559738549,1779559738549,1779559738559,1779559738570,1779559738570,1779559738561,1779559738584,12,0,11,1,23,35,10.0170
2365,2743,1779559738663,1779559738663,1779559738673,1779559738697,1779559738697,1779559738688,1779559738697,25,0,24,1,9,34,11.5064
2366,2745,1779559738739,1779559738739,1779559738749,1779559738751,1779559738751,1779559738742,1779559738772,3,0,2,1,30,33,12.1013
2367,2746,1779559738772,1779559738772,1779559738782,1779559738784,1779559738784,1779559738775,1779559738806,3,0,2,1,31,34,11.4139
2368,2747,1779559738806,1779559738806,1779559738816,1779559738822,1779559738822,1779559738813,1779559738841,7,0,6,1,28,35,10.8967
2369,2748,1779559738841,1779559738841,1779559738851,1779559738876,1779559738876,1779559738867,1779559738875,26,0,25,1,8,34,11.4909
2370,2749,1779559738874,1779559738874,1779559738884,1779559738909,1779559738909,1779559738900,1779559738909,26,0,25,1,9,35,10.8563
2371,2750,1779559738909,1779559738909,1779559738919,1779559738946,1779559738946,1779559738937,1779559738943,28,0,27,1,6,34,10.3524
2372,2752,1779559738977,1779559738977,1779559738987,1779559739000,1779559739000,1779559738991,1779559739012,14,0,13,1,21,35,10.6304
2373,2753,1779559739012,1779559739012,1779559739022,1779559739033,1779559739033,1779559739024,1779559739046,12,0,11,1,22,34,10.0505
2374,2754,1779559739046,1779559739046,1779559739056,1779559739071,1779559739071,1779559739062,1779559739080,16,0,15,1,18,34,9.6586
2377,2757,1779559739158,1779559739158,1779559739168,1779559739195,1779559739195,1779559739186,1779559739192,28,0,27,1,6,34,11.3638
2378,2759,1779559739233,1779559739233,1779559739243,1779559739249,1779559739249,1779559739240,1779559739266,7,0,6,1,26,33,11.8521
2379,2760,1779559739266,1779559739266,1779559739276,1779559739283,1779559739283,1779559739274,1779559739300,8,0,7,1,26,34,11.1876
2380,2761,1779559739300,1779559739300,1779559739310,1779559739320,1779559739321,1779559739311,1779559739334,11,1,10,0,23,34,10.7196
2381,2762,1779559739334,1779559739334,1779559739344,1779559739374,1779559739375,1779559739366,1779559739368,32,1,30,1,2,34,11.2886
2382,2763,1779559739368,1779559739368,1779559739378,1779559739407,1779559739407,1779559739398,1779559739403,30,0,29,1,5,35,10.7261
2383,2765,1779559739437,1779559739437,1779559739446,1779559739447,1779559739447,1779559739438,1779559739471,1,0,1,0,33,34,11.8551
2384,2766,1779559739471,1779559739471,1779559739481,1779559739501,1779559739501,1779559739492,1779559739506,21,0,20,1,14,35,12.3597
2385,2767,1779559739505,1779559739505,1779559739515,1779559739534,1779559739534,1779559739525,1779559739540,20,0,19,1,15,35,11.6562
2386,2768,1779559739540,1779559739540,1779559739550,1779559739573,1779559739573,1779559739564,1779559739575,24,0,23,1,11,35,11.1848
2387,2770,1779559739608,1779559739608,1779559739618,1779559739626,1779559739626,1779559739617,1779559739644,9,0,8,1,27,36,11.4459
2388,2771,1779559739644,1779559739644,1779559739654,1779559739659,1779559739659,1779559739650,1779559739687,6,0,5,1,37,43,11.3937
2389,2772,1779559739686,1779559739686,1779559739697,1779559739697,1779559739697,1779559739688,1779559739719,2,0,0,2,31,33,11.0066
2390,2773,1779559739719,1779559739719,1779559739729,1779559739751,1779559739751,1779559739742,1779559739762,23,0,22,1,20,43,11.0295
2391,2774,1779559739762,1779559739762,1779559739772,1779559739784,1779559739784,1779559739775,1779559739795,13,0,12,1,20,33,10.3628
2392,2775,1779559739795,1779559739795,1779559739805,1779559739822,1779559739822,1779559739813,1779559739829,18,0,17,1,16,34,9.9541
2393,2777,1779559739864,1779559739864,1779559739873,1779559739876,1779559739876,1779559739867,1779559739898,3,0,3,0,31,34,10.2545
2394,2778,1779559739898,1779559739898,1779559739908,1779559739909,1779559739909,1779559739900,1779559739933,2,0,1,1,33,35,9.7049
2395,2779,1779559739933,1779559739933,1779559739942,1779559739947,1779559739947,1779559739938,1779559739967,5,0,5,0,29,34,9.4050
2396,2780,1779559739967,1779559739967,1779559739977,1779559740001,1779559740001,1779559739992,1779559740002,25,0,24,1,10,35,10.0202
2397,2781,1779559740001,1779559740001,1779559740011,1779559740035,1779559740035,1779559740026,1779559740036,25,0,24,1,10,35,9.4674
2398,2782,1779559740036,1779559740036,1779559740046,1779559740073,1779559740073,1779559740064,1779559740070,28,0,27,1,6,34,9.0876
2399,2784,1779559740106,1779559740106,1779559740116,1779559740127,1779559740127,1779559740118,1779559740139,12,0,11,1,21,33,9.4560
2400,2785,1779559740139,1779559740139,1779559740149,1779559740160,1779559740160,1779559740151,1779559740182,12,0,11,1,31,43,9.4018
2403,2788,1779559740258,1779559740258,1779559740268,1779559740287,1779559740287,1779559740278,1779559740293,20,0,19,1,15,35,13.1195
2404,2789,1779559740293,1779559740293,1779559740302,1779559740325,1779559740325,1779559740316,1779559740327,23,0,23,0,11,34,12.4759
2405,2791,1779559740361,1779559740361,1779559740371,1779559740380,1779559740380,1779559740371,1779559740395,10,0,9,1,24,34,12.5412
2406,2792,1779559740395,1779559740395,1779559740405,1779559740413,1779559740413,1779559740404,1779559740430,9,0,8,1,26,35,11.8406
2407,2793,1779559740430,1779559740430,1779559740440,1779559740453,1779559740453,1779559740444,1779559740464,14,0,13,1,20,34,11.4383
2409,2795,1779559740498,1779559740498,1779559740508,1779559740541,1779559740541,1779559740532,1779559740533,34,0,33,1,1,35,12.9794
2410,2797,1779559740567,1779559740567,1779559740577,1779559740579,1779559740579,1779559740570,1779559740602,3,0,2,1,32,35,14.1427
2411,2798,1779559740602,1779559740602,1779559740612,1779559740633,1779559740633,1779559740624,1779559740636,22,0,21,1,12,34,14.4767
2412,2799,1779559740636,1779559740636,1779559740646,1779559740666,1779559740666,1779559740657,1779559740672,21,0,20,1,15,36,13.7324
2413,2800,1779559740672,1779559740672,1779559740682,1779559740704,1779559740704,1779559740695,1779559740714,23,0,22,1,19,42,13.0800
2416,2803,1779559740783,1779559740783,1779559740793,1779559740830,1779559740830,1779559740821,1779559740824,38,0,37,1,3,41,13.7324
2417,2805,1779559740857,1779559740857,1779559740867,1779559740885,1779559740885,1779559740876,1779559740892,19,0,18,1,16,35,13.6543
2418,2806,1779559740892,1779559740892,1779559740902,1779559740918,1779559740918,1779559740909,1779559740926,17,0,16,1,17,34,12.8726
2419,2807,1779559740926,1779559740926,1779559740936,1779559740956,1779559740956,1779559740947,1779559740961,21,0,20,1,14,35,12.2720
2420,2809,1779559740994,1779559740994,1779559741004,1779559741010,1779559741010,1779559741001,1779559741029,7,0,6,1,28,35,12.4086
2421,2810,1779559741029,1779559741029,1779559741039,1779559741043,1779559741043,1779559741034,1779559741064,5,0,4,1,30,35,11.7512
2422,2811,1779559741064,1779559741064,1779559741074,1779559741082,1779559741082,1779559741073,1779559741098,9,0,8,1,25,34,11.3301
2423,2812,1779559741098,1779559741098,1779559741108,1779559741137,1779559741137,1779559741128,1779559741133,30,0,29,1,5,35,11.8767
2428,2818,1779559741323,1779559741323,1779559741333,1779559741335,1779559741335,1779559741326,1779559741357,3,0,2,1,31,34,17.8565
2429,2819,1779559741357,1779559741357,1779559741367,1779559741389,1779559741390,1779559741380,1779559741391,23,1,22,0,11,34,18.0209
2430,2820,1779559741391,1779559741391,1779559741401,1779559741424,1779559741424,1779559741415,1779559741426,24,0,23,1,11,35,16.9067
2431,2821,1779559741426,1779559741426,1779559741435,1779559741465,1779559741465,1779559741456,1779559741460,30,0,30,0,4,34,16.2661
2432,2823,1779559741494,1779559741494,1779559741504,1779559741521,1779559741522,1779559741512,1779559741529,18,1,17,0,17,35,15.9898
2433,2824,1779559741529,1779559741529,1779559741539,1779559741555,1779559741555,1779559741546,1779559741563,17,0,16,1,17,34,15.0873
2434,2825,1779559741563,1779559741563,1779559741573,1779559741593,1779559741593,1779559741584,1779559741597,21,0,20,1,13,34,14.3852
2435,2827,1779559741632,1779559741632,1779559741642,1779559741647,1779559741647,1779559741638,1779559741666,6,0,5,1,28,34,14.4071
2438,2830,1779559741745,1779559741745,1779559741755,1779559741772,1779559741772,1779559741763,1779559741780,18,0,17,1,17,35,17.4827
2439,2831,1779559741780,1779559741780,1779559741789,1779559741805,1779559741805,1779559741796,1779559741823,16,0,16,0,27,43,17.0339
2440,2832,1779559741823,1779559741823,1779559741833,1779559741843,1779559741844,1779559741834,1779559741855,11,1,10,0,21,32,16.3833
2441,2833,1779559741855,1779559741855,1779559741865,1779559741898,1779559741898,1779559741889,1779559741896,34,0,33,1,7,41,16.1921
2442,2834,1779559741896,1779559741896,1779559741906,1779559741930,1779559741931,1779559741921,1779559741925,25,1,24,0,4,29,15.4537
2443,2835,1779559741925,1779559741925,1779559741934,1779559741968,1779559741968,1779559741959,1779559741993,34,0,34,0,34,68,16.4447
2444,2837,1779559741993,1779559741993,1779559742003,1779559742023,1779559742023,1779559742014,1779559742027,21,0,20,1,13,34,16.7113
2445,2838,1779559742027,1779559742027,1779559742037,1779559742057,1779559742057,1779559742048,1779559742062,21,0,20,1,14,35,15.6951
2446,2839,1779559742062,1779559742062,1779559742072,1779559742094,1779559742094,1779559742085,1779559742096,23,0,22,1,11,34,14.9590
2447,2841,1779559742130,1779559742130,1779559742141,1779559742149,1779559742149,1779559742140,1779559742165,10,0,8,2,25,35,14.9586
2448,2842,1779559742165,1779559742165,1779559742175,1779559742182,1779559742182,1779559742172,1779559742199,7,0,7,0,27,34,14.1098
2449,2843,1779559742199,1779559742199,1779559742209,1779559742219,1779559742220,1779559742210,1779559742242,11,1,10,0,32,43,13.5442
2450,2844,1779559742242,1779559742242,1779559742252,1779559742275,1779559742275,1779559742266,1779559742275,24,0,23,1,9,33,14.0985
2451,2845,1779559742275,1779559742275,1779559742285,1779559742308,1779559742308,1779559742299,1779559742318,24,0,23,1,19,43,13.8307
2452,2846,1779559742318,1779559742318,1779559742327,1779559742346,1779559742346,1779559742337,1779559742350,19,0,19,0,13,32,13.2959
2453,2848,1779559742384,1779559742384,1779559742394,1779559742400,1779559742400,1779559742391,1779559742419,7,0,6,1,28,35,13.3618
2454,2849,1779559742419,1779559742419,1779559742429,1779559742433,1779559742433,1779559742424,1779559742453,5,0,4,1,29,34,12.6382
2455,2850,1779559742453,1779559742453,1779559742463,1779559742471,1779559742471,1779559742462,1779559742487,9,0,8,1,25,34,12.1077
2456,2851,1779559742487,1779559742487,1779559742497,1779559742525,1779559742525,1779559742516,1779559742522,29,0,28,1,6,35,12.5561
2457,2852,1779559742522,1779559742522,1779559742532,1779559742558,1779559742558,1779559742548,1779559742556,26,0,26,0,8,34,11.8447
2458,2853,1779559742556,1779559742556,1779559742566,1779559742596,1779559742596,1779559742587,1779559742591,31,0,30,1,4,35,11.3299
2459,2855,1779559742625,1779559742625,1779559742634,1779559742650,1779559742650,1779559742641,1779559742659,16,0,16,0,18,34,11.5314
2460,2856,1779559742659,1779559742659,1779559742669,1779559742689,1779559742689,1779559742680,1779559742694,21,0,20,1,14,35,11.1479
2461,2857,1779559742694,1779559742694,1779559742704,1779559742728,1779559742728,1779559742719,1779559742729,25,0,24,1,10,35,10.6997
2462,2859,1779559742772,1779559742772,1779559742781,1779559742783,1779559742783,1779559742774,1779559742804,2,0,2,0,30,32,11.3577
2465,2862,1779559742879,1779559742879,1779559742889,1779559742909,1779559742909,1779559742900,1779559742914,21,0,20,1,14,35,12.8487
2466,2863,1779559742914,1779559742914,1779559742923,1779559742942,1779559742942,1779559742933,1779559742948,19,0,19,0,15,34,12.1189
2467,2864,1779559742948,1779559742948,1779559742958,1779559742980,1779559742980,1779559742971,1779559742982,23,0,22,1,11,34,11.6281
2468,2866,1779559743016,1779559743016,1779559743026,1779559743035,1779559743035,1779559743026,1779559743051,10,0,9,1,25,35,11.8105
2469,2867,1779559743051,1779559743051,1779559743061,1779559743068,1779559743068,1779559743059,1779559743085,8,0,7,1,26,34,11.1372
2470,2868,1779559743085,1779559743085,1779559743095,1779559743106,1779559743106,1779559743097,1779559743119,12,0,11,1,22,34,10.6925
2471,2869,1779559743119,1779559743119,1779559743129,1779559743160,1779559743160,1779559743151,1779559743154,32,0,31,1,3,35,11.2363
2472,2870,1779559743154,1779559743154,1779559743163,1779559743193,1779559743193,1779559743184,1779559743188,30,0,30,0,4,34,10.6315
2473,2871,1779559743188,1779559743188,1779559743198,1779559743230,1779559743230,1779559743221,1779559743223,33,0,32,1,2,35,10.1215
2476,2875,1779559743342,1779559743342,1779559743352,1779559743355,1779559743355,1779559743346,1779559743376,4,0,3,1,30,34,13.5864
2477,2876,1779559743376,1779559743376,1779559743385,1779559743409,1779559743409,1779559743400,1779559743410,24,0,24,0,10,34,13.9371
2478,2877,1779559743410,1779559743410,1779559743420,1779559743442,1779559743442,1779559743433,1779559743444,23,0,22,1,11,34,13.1152
2479,2878,1779559743444,1779559743444,1779559743454,1779559743480,1779559743480,1779559743471,1779559743479,27,0,26,1,8,35,12.5153
2480,2880,1779559743513,1779559743513,1779559743523,1779559743535,1779559743535,1779559743526,1779559743547,13,0,12,1,21,34,12.5780
2481,2881,1779559743547,1779559743547,1779559743557,1779559743568,1779559743568,1779559743558,1779559743582,11,0,11,0,24,35,11.8924
2482,2882,1779559743582,1779559743582,1779559743592,1779559743608,1779559743608,1779559743599,1779559743616,17,0,16,1,17,34,11.5895
2483,2884,1779559743650,1779559743650,1779559743660,1779559743662,1779559743662,1779559743653,1779559743684,3,0,2,1,31,34,11.8205
2484,2885,1779559743684,1779559743684,1779559743694,1779559743696,1779559743696,1779559743687,1779559743719,3,0,2,1,32,35,11.1236
2489,2890,1779559743877,1779559743877,1779559743887,1779559743913,1779559743913,1779559743904,1779559743912,27,0,26,1,8,35,18.4119
2490,2891,1779559743912,1779559743912,1779559743921,1779559743946,1779559743946,1779559743937,1779559743945,25,0,25,0,8,33,17.2916
2491,2892,1779559743945,1779559743945,1779559743955,1779559743985,1779559743985,1779559743976,1779559743980,31,0,30,1,4,35,16.4949
2492,2894,1779559744014,1779559744014,1779559744024,1779559744040,1779559744040,1779559744031,1779559744048,17,0,16,1,17,34,16.3100
2493,2895,1779559744048,1779559744048,1779559744058,1779559744072,1779559744072,1779559744063,1779559744083,15,0,14,1,20,35,15.3830
2494,2896,1779559744083,1779559744083,1779559744092,1779559744110,1779559744110,1779559744101,1779559744117,18,0,18,0,16,34,14.6107
2495,2898,1779559744151,1779559744151,1779559744161,1779559744164,1779559744164,1779559744155,1779559744185,4,0,3,1,30,34,14.5415
2496,2899,1779559744185,1779559744185,1779559744195,1779559744197,1779559744197,1779559744188,1779559744220,3,0,2,1,32,35,13.8220
2497,2900,1779559744220,1779559744220,1779559744230,1779559744234,1779559744234,1779559744225,1779559744255,5,0,4,1,30,35,13.1438
2498,2901,1779559744255,1779559744255,1779559744265,1779559744288,1779559744288,1779559744279,1779559744298,24,0,23,1,19,43,13.0297
2499,2902,1779559744298,1779559744298,1779559744308,1779559744321,1779559744321,1779559744312,1779559744332,14,0,13,1,20,34,12.2868
2500,2903,1779559744332,1779559744332,1779559744342,1779559744359,1779559744360,1779559744350,1779559744374,18,1,17,0,24,42,11.7443
2501,2904,1779559744373,1779559744373,1779559744383,1779559744414,1779559744414,1779559744405,1779559744406,32,0,31,1,1,33,12.3277
2502,2905,1779559744406,1779559744406,1779559744416,1779559744447,1779559744447,1779559744438,1779559744441,32,0,31,1,3,35,11.6526
2503,2906,1779559744441,1779559744441,1779559744451,1779559744485,1779559744485,1779559744475,1779559744510,34,0,34,0,35,69,12.8412
2504,2908,1779559744510,1779559744510,1779559744519,1779559744539,1779559744539,1779559744530,1779559744544,20,0,20,0,14,34,13.2525
2505,2909,1779559744544,1779559744544,1779559744554,1779559744572,1779559744572,1779559744563,1779559744578,19,0,18,1,15,34,12.4924
2506,2910,1779559744578,1779559744578,1779559744588,1779559744611,1779559744611,1779559744602,1779559744613,24,0,23,1,11,35,12.0027
2507,2912,1779559744647,1779559744647,1779559744657,1779559744665,1779559744665,1779559744656,1779559744681,9,0,8,1,25,34,12.1719
2508,2913,1779559744681,1779559744681,1779559744691,1779559744699,1779559744699,1779559744690,1779559744715,9,0,8,1,25,34,11.4156
2513,2918,1779559744876,1779559744876,1779559744886,1779559744919,1779559744919,1779559744910,1779559744911,34,0,33,1,1,35,18.5997
2514,2919,1779559744911,1779559744911,1779559744920,1779559744952,1779559744952,1779559744943,1779559744944,32,0,32,0,1,33,17.4664
2515,2921,1779559744978,1779559744978,1779559744988,1779559744990,1779559744990,1779559744981,1779559745013,3,0,2,1,32,35,18.3150
2516,2922,1779559745013,1779559745013,1779559745023,1779559745044,1779559745044,1779559745035,1779559745048,22,0,21,1,13,35,18.4451
2517,2923,1779559745048,1779559745048,1779559745058,1779559745077,1779559745077,1779559745068,1779559745082,20,0,19,1,14,34,17.4234
2518,2924,1779559745082,1779559745082,1779559745092,1779559745115,1779559745115,1779559745106,1779559745116,24,0,23,1,10,34,16.5710
2519,2926,1779559745151,1779559745151,1779559745161,1779559745169,1779559745169,1779559745160,1779559745185,9,0,8,1,25,34,16.3905
2520,2927,1779559745185,1779559745185,1779559745195,1779559745202,1779559745202,1779559745193,1779559745219,8,0,7,1,26,34,15.5190
2521,2928,1779559745219,1779559745219,1779559745229,1779559745240,1779559745240,1779559745231,1779559745254,12,0,11,1,23,35,14.7341
2522,2929,1779559745254,1779559745254,1779559745265,1779559745295,1779559745295,1779559745286,1779559745290,32,0,30,2,4,36,15.0271
2523,2930,1779559745290,1779559745290,1779559745300,1779559745328,1779559745328,1779559745318,1779559745333,28,0,28,0,15,43,14.7265
2524,2931,1779559745333,1779559745333,1779559745343,1779559745365,1779559745366,1779559745356,1779559745406,23,1,22,0,50,73,15.9980
