utc_iso,unix_ms,received_queue_size
2026-05-23T18:07:13.0777930Z,1779559633077,0
2026-05-23T18:07:13.9533530Z,1779559633953,0
2026-05-23T18:07:14.0608530Z,1779559634060,0
2026-05-23T18:07:14.1048830Z,1779559634104,0
2026-05-23T18:07:14.1447900Z,1779559634144,0
2026-05-23T18:07:14.1891930Z,1779559634189,0
2026-05-23T18:07:14.2356650Z,1779559634235,0
2026-05-23T18:07:14.2767730Z,1779559634276,0
2026-05-23T18:07:14.3158700Z,1779559634315,0
2026-05-23T18:07:14.3550170Z,1779559634355,0
2026-05-23T18:07:14.3940960Z,1779559634394,0
2026-05-23T18:07:14.4319890Z,1779559634431,0
2026-05-23T18:07:14.4710330Z,1779559634471,0
2026-05-23T18:07:14.5098670Z,1779559634509,0
2026-05-23T18:07:14.5481040Z,1779559634548,0
2026-05-23T18:07:14.5868250Z,1779559634586,0
2026-05-23T18:07:14.6251560Z,1779559634625,0
2026-05-23T18:07:14.6707310Z,1779559634670,0
2026-05-23T18:07:14.7144400Z,1779559634714,0
2026-05-23T18:07:14.7536910Z,1779559634753,0
2026-05-23T18:07:14.7926670Z,1779559634792,0
2026-05-23T18:07:14.8316190Z,1779559634831,0
2026-05-23T18:07:14.8836350Z,1779559634883,0
2026-05-23T18:07:14.8884090Z,1779559634888,0
2026-05-23T18:07:14.9233690Z,1779559634923,0
2026-05-23T18:07:14.9992920Z,1779559634999,0
2026-05-23T18:07:15.0030030Z,1779559635003,0
2026-05-23T18:07:15.0369540Z,1779559635036,0
2026-05-23T18:07:15.0712590Z,1779559635071,0
2026-05-23T18:07:15.1056160Z,1779559635105,0
2026-05-23T18:07:15.1399280Z,1779559635139,0
2026-05-23T18:07:15.1747940Z,1779559635174,0
2026-05-23T18:07:15.2172830Z,1779559635217,0
2026-05-23T18:07:15.2565310Z,1779559635256,0
2026-05-23T18:07:15.2912640Z,1779559635291,0
2026-05-23T18:07:15.3265990Z,1779559635326,0
2026-05-23T18:07:15.3619930Z,1779559635361,0
2026-05-23T18:07:15.3956670Z,1779559635395,0
2026-05-23T18:07:15.4317230Z,1779559635431,0
2026-05-23T18:07:15.4643220Z,1779559635464,0
2026-05-23T18:07:15.4983070Z,1779559635498,0
2026-05-23T18:07:15.5331250Z,1779559635533,0
2026-05-23T18:07:15.5673880Z,1779559635567,0
2026-05-23T18:07:15.6062210Z,1779559635606,0
2026-05-23T18:07:15.6387170Z,1779559635638,0
2026-05-23T18:07:15.7150620Z,1779559635715,0
2026-05-23T18:07:15.7214630Z,1779559635721,0
2026-05-23T18:07:15.7582920Z,1779559635758,0
2026-05-23T18:07:15.8038400Z,1779559635803,0
2026-05-23T18:07:15.8388340Z,1779559635838,0
2026-05-23T18:07:15.8760880Z,1779559635876,0
2026-05-23T18:07:15.9103790Z,1779559635910,0
2026-05-23T18:07:15.9451830Z,1779559635945,0
2026-05-23T18:07:15.9795160Z,1779559635979,0
2026-05-23T18:07:16.0136780Z,1779559636013,0
2026-05-23T18:07:16.0474450Z,1779559636047,0
2026-05-23T18:07:16.0821250Z,1779559636082,0
2026-05-23T18:07:16.1161410Z,1779559636116,0
2026-05-23T18:07:16.1502590Z,1779559636150,0
2026-05-23T18:07:16.1853210Z,1779559636185,0
2026-05-23T18:07:16.2609990Z,1779559636260,0
2026-05-23T18:07:16.2651110Z,1779559636265,0
2026-05-23T18:07:16.2994980Z,1779559636299,0
2026-05-23T18:07:16.3420400Z,1779559636342,0
2026-05-23T18:07:16.3744510Z,1779559636374,0
2026-05-23T18:07:16.4090440Z,1779559636409,0
2026-05-23T18:07:16.4438330Z,1779559636443,0
2026-05-23T18:07:16.4777570Z,1779559636477,0
2026-05-23T18:07:16.5130020Z,1779559636513,0
2026-05-23T18:07:16.5496770Z,1779559636549,0
2026-05-23T18:07:16.5822850Z,1779559636582,0
2026-05-23T18:07:16.6163940Z,1779559636616,0
2026-05-23T18:07:16.6509000Z,1779559636650,0
2026-05-23T18:07:16.6851540Z,1779559636685,0
2026-05-23T18:07:16.7619420Z,1779559636761,0
2026-05-23T18:07:16.7675120Z,1779559636767,0
2026-05-23T18:07:16.8034400Z,1779559636803,0
2026-05-23T18:07:16.8379490Z,1779559636837,0
2026-05-23T18:07:16.8723890Z,1779559636872,0
2026-05-23T18:07:16.9064010Z,1779559636906,0
2026-05-23T18:07:16.9407710Z,1779559636940,0
2026-05-23T18:07:16.9748490Z,1779559636974,0
2026-05-23T18:07:17.0092100Z,1779559637009,0
2026-05-23T18:07:17.0463610Z,1779559637046,0
2026-05-23T18:07:17.0787120Z,1779559637078,0
2026-05-23T18:07:17.1130990Z,1779559637113,0
2026-05-23T18:07:17.1472280Z,1779559637147,0
2026-05-23T18:07:17.1816390Z,1779559637181,0
2026-05-23T18:07:17.2568160Z,1779559637256,0
2026-05-23T18:07:17.2632290Z,1779559637263,0
2026-05-23T18:07:17.3107290Z,1779559637310,0
2026-05-23T18:07:17.3340260Z,1779559637334,0
2026-05-23T18:07:17.3695590Z,1779559637369,0
2026-05-23T18:07:17.4027060Z,1779559637402,0
2026-05-23T18:07:17.4371640Z,1779559637437,0
2026-05-23T18:07:17.4709970Z,1779559637470,0
2026-05-23T18:07:17.5051590Z,1779559637505,0
2026-05-23T18:07:17.5394640Z,1779559637539,0
2026-05-23T18:07:17.5734820Z,1779559637573,0
2026-05-23T18:07:17.6081490Z,1779559637608,0
2026-05-23T18:07:17.6425640Z,1779559637642,0
2026-05-23T18:07:17.6763130Z,1779559637676,0
2026-05-23T18:07:17.7115410Z,1779559637711,0
2026-05-23T18:07:17.7874380Z,1779559637787,0
2026-05-23T18:07:17.8298050Z,1779559637829,0
2026-05-23T18:07:17.8338760Z,1779559637833,0
2026-05-23T18:07:17.8678710Z,1779559637867,0
2026-05-23T18:07:17.9023900Z,1779559637902,0
2026-05-23T18:07:17.9359550Z,1779559637935,0
2026-05-23T18:07:17.9710910Z,1779559637971,0
2026-05-23T18:07:18.0044750Z,1779559638004,0
2026-05-23T18:07:18.0386680Z,1779559638038,0
2026-05-23T18:07:18.0732550Z,1779559638073,0
2026-05-23T18:07:18.1071910Z,1779559638107,0
2026-05-23T18:07:18.1422060Z,1779559638142,0
2026-05-23T18:07:18.1755920Z,1779559638175,0
2026-05-23T18:07:18.2101250Z,1779559638210,0
2026-05-23T18:07:18.2455000Z,1779559638245,0
2026-05-23T18:07:18.2890420Z,1779559638289,0
2026-05-23T18:07:18.3281300Z,1779559638328,0
2026-05-23T18:07:18.3634720Z,1779559638363,0
2026-05-23T18:07:18.3985010Z,1779559638398,0
2026-05-23T18:07:18.4334480Z,1779559638433,0
2026-05-23T18:07:18.4674130Z,1779559638467,0
2026-05-23T18:07:18.5021840Z,1779559638502,0
2026-05-23T18:07:18.5362580Z,1779559638536,0
2026-05-23T18:07:18.5708070Z,1779559638570,0
2026-05-23T18:07:18.6051890Z,1779559638605,0
2026-05-23T18:07:18.6395800Z,1779559638639,0
2026-05-23T18:07:18.6735820Z,1779559638673,0
2026-05-23T18:07:18.7075530Z,1779559638707,0
2026-05-23T18:07:18.7782060Z,1779559638778,0
2026-05-23T18:07:18.7850760Z,1779559638785,0
2026-05-23T18:07:18.8195850Z,1779559638819,0
2026-05-23T18:07:18.8602420Z,1779559638860,0
2026-05-23T18:07:18.8931940Z,1779559638893,0
2026-05-23T18:07:18.9844780Z,1779559638984,0
2026-05-23T18:07:18.9908810Z,1779559638990,0
2026-05-23T18:07:19.0237950Z,1779559639023,1
2026-05-23T18:07:19.0576990Z,1779559639057,1
2026-05-23T18:07:19.0927540Z,1779559639092,1
2026-05-23T18:07:19.1989110Z,1779559639198,2
2026-05-23T18:07:19.2031190Z,1779559639203,0
2026-05-23T18:07:19.2367890Z,1779559639236,1
2026-05-23T18:07:19.2726460Z,1779559639272,1
2026-05-23T18:07:19.3185720Z,1779559639318,1
2026-05-23T18:07:19.3892990Z,1779559639389,2
2026-05-23T18:07:19.3931330Z,1779559639393,0
2026-05-23T18:07:19.4272000Z,1779559639427,0
2026-05-23T18:07:19.4625720Z,1779559639462,1
2026-05-23T18:07:19.5367860Z,1779559639536,2
2026-05-23T18:07:19.5422900Z,1779559639542,0
2026-05-23T18:07:19.5749010Z,1779559639574,1
2026-05-23T18:07:19.6088750Z,1779559639608,1
2026-05-23T18:07:19.6431210Z,1779559639643,1
2026-05-23T18:07:19.6772240Z,1779559639677,0
2026-05-23T18:07:19.7117490Z,1779559639711,1
2026-05-23T18:07:19.7460410Z,1779559639746,1
2026-05-23T18:07:19.7807020Z,1779559639780,1
2026-05-23T18:07:19.8163910Z,1779559639816,1
2026-05-23T18:07:19.8589450Z,1779559639858,1
2026-05-23T18:07:19.9315280Z,1779559639931,1
2026-05-23T18:07:19.9353840Z,1779559639935,0
2026-05-23T18:07:19.9698140Z,1779559639969,1
2026-05-23T18:07:20.0044920Z,1779559640004,1
2026-05-23T18:07:20.0378830Z,1779559640037,1
2026-05-23T18:07:20.0726230Z,1779559640072,1
2026-05-23T18:07:20.1064550Z,1779559640106,1
2026-05-23T18:07:20.1416260Z,1779559640141,1
2026-05-23T18:07:20.1756640Z,1779559640175,0
2026-05-23T18:07:20.2099800Z,1779559640209,1
2026-05-23T18:07:20.2446170Z,1779559640244,1
2026-05-23T18:07:20.2793740Z,1779559640279,1
2026-05-23T18:07:20.3558620Z,1779559640355,2
2026-05-23T18:07:20.3611250Z,1779559640361,0
2026-05-23T18:07:20.4349090Z,1779559640434,1
2026-05-23T18:07:20.4386510Z,1779559640438,0
2026-05-23T18:07:20.4729210Z,1779559640472,2
2026-05-23T18:07:20.5067420Z,1779559640506,0
2026-05-23T18:07:20.5416090Z,1779559640541,1
2026-05-23T18:07:20.5753160Z,1779559640575,1
2026-05-23T18:07:20.6098020Z,1779559640609,1
2026-05-23T18:07:20.6446940Z,1779559640644,1
2026-05-23T18:07:20.6785340Z,1779559640678,0
2026-05-23T18:07:20.7130380Z,1779559640713,1
2026-05-23T18:07:20.7470850Z,1779559640747,1
2026-05-23T18:07:20.7818400Z,1779559640781,1
2026-05-23T18:07:20.8172290Z,1779559640817,1
2026-05-23T18:07:20.8882200Z,1779559640888,2
2026-05-23T18:07:20.8948960Z,1779559640894,0
2026-05-23T18:07:20.9370040Z,1779559640937,0
2026-05-23T18:07:20.9696230Z,1779559640969,1
2026-05-23T18:07:21.0039750Z,1779559641003,1
2026-05-23T18:07:21.0380240Z,1779559641038,1
2026-05-23T18:07:21.0725140Z,1779559641072,1
2026-05-23T18:07:21.1067900Z,1779559641106,1
2026-05-23T18:07:21.1420320Z,1779559641142,1
2026-05-23T18:07:21.1780720Z,1779559641178,0
2026-05-23T18:07:21.2109510Z,1779559641210,1
2026-05-23T18:07:21.2824010Z,1779559641282,2
2026-05-23T18:07:21.2863210Z,1779559641286,0
2026-05-23T18:07:21.3201790Z,1779559641320,0
2026-05-23T18:07:21.3632980Z,1779559641363,2
2026-05-23T18:07:21.4357020Z,1779559641435,1
2026-05-23T18:07:21.4412830Z,1779559641441,0
2026-05-23T18:07:21.4748140Z,1779559641474,1
2026-05-23T18:07:21.5094970Z,1779559641509,1
2026-05-23T18:07:21.5439830Z,1779559641543,1
2026-05-23T18:07:21.5778450Z,1779559641577,1
2026-05-23T18:07:21.6127640Z,1779559641612,1
2026-05-23T18:07:21.6467610Z,1779559641646,1
2026-05-23T18:07:21.6814700Z,1779559641681,0
2026-05-23T18:07:21.7155420Z,1779559641715,1
2026-05-23T18:07:21.7500910Z,1779559641750,1
2026-05-23T18:07:21.7844530Z,1779559641784,1
2026-05-23T18:07:21.8200240Z,1779559641820,0
2026-05-23T18:07:21.8538280Z,1779559641853,1
2026-05-23T18:07:21.8971210Z,1779559641897,1
2026-05-23T18:07:21.9714540Z,1779559641971,2
2026-05-23T18:07:21.9758720Z,1779559641975,0
2026-05-23T18:07:22.0096370Z,1779559642009,1
2026-05-23T18:07:22.0441940Z,1779559642044,1
2026-05-23T18:07:22.0783540Z,1779559642078,0
2026-05-23T18:07:22.1131400Z,1779559642113,1
2026-05-23T18:07:22.1470980Z,1779559642147,1
2026-05-23T18:07:22.1815660Z,1779559642181,1
2026-05-23T18:07:22.2157230Z,1779559642215,1
2026-05-23T18:07:22.2503710Z,1779559642250,1
2026-05-23T18:07:22.2847180Z,1779559642284,1
2026-05-23T18:07:22.3195460Z,1779559642319,0
2026-05-23T18:07:22.3956030Z,1779559642395,2
2026-05-23T18:07:22.4010210Z,1779559642401,0
2026-05-23T18:07:22.4350330Z,1779559642435,1
2026-05-23T18:07:22.4777710Z,1779559642477,1
2026-05-23T18:07:22.5110700Z,1779559642511,1
2026-05-23T18:07:22.5453590Z,1779559642545,1
2026-05-23T18:07:22.5795560Z,1779559642579,0
2026-05-23T18:07:22.6140210Z,1779559642614,1
2026-05-23T18:07:22.6484440Z,1779559642648,1
2026-05-23T18:07:22.6833310Z,1779559642683,1
2026-05-23T18:07:22.7174710Z,1779559642717,1
2026-05-23T18:07:22.7517110Z,1779559642751,1
2026-05-23T18:07:22.7860980Z,1779559642786,0
2026-05-23T18:07:22.8205740Z,1779559642820,1
2026-05-23T18:07:22.8559700Z,1779559642855,1
2026-05-23T18:07:22.9004250Z,1779559642900,1
2026-05-23T18:07:22.9740680Z,1779559642974,2
2026-05-23T18:07:22.9780600Z,1779559642978,0
2026-05-23T18:07:23.0126810Z,1779559643012,1
2026-05-23T18:07:23.0466640Z,1779559643046,1
2026-05-23T18:07:23.0810130Z,1779559643081,0
2026-05-23T18:07:23.1152340Z,1779559643115,1
2026-05-23T18:07:23.1500300Z,1779559643150,1
2026-05-23T18:07:23.1844720Z,1779559643184,1
2026-05-23T18:07:23.2186610Z,1779559643218,0
2026-05-23T18:07:23.2534270Z,1779559643253,2
2026-05-23T18:07:23.2874290Z,1779559643287,0
2026-05-23T18:07:23.3223350Z,1779559643322,1
2026-05-23T18:07:23.3565010Z,1779559643356,1
2026-05-23T18:07:23.3920400Z,1779559643392,1
2026-05-23T18:07:23.4351610Z,1779559643435,1
2026-05-23T18:07:23.5088680Z,1779559643508,2
2026-05-23T18:07:23.5133870Z,1779559643513,0
2026-05-23T18:07:23.5471070Z,1779559643547,1
2026-05-23T18:07:23.5817830Z,1779559643581,0
2026-05-23T18:07:23.6158610Z,1779559643615,1
2026-05-23T18:07:23.6506500Z,1779559643650,1
2026-05-23T18:07:23.6850270Z,1779559643685,1
2026-05-23T18:07:23.7197380Z,1779559643719,0
2026-05-23T18:07:23.7621750Z,1779559643762,2
2026-05-23T18:07:23.7979610Z,1779559643797,1
2026-05-23T18:07:23.8324000Z,1779559643832,0
2026-05-23T18:07:23.8670420Z,1779559643867,1
2026-05-23T18:07:23.9455000Z,1779559643945,2
2026-05-23T18:07:23.9493500Z,1779559643949,0
2026-05-23T18:07:23.9844150Z,1779559643984,1
2026-05-23T18:07:24.0263680Z,1779559644026,1
2026-05-23T18:07:24.0589800Z,1779559644058,1
2026-05-23T18:07:24.0936570Z,1779559644093,0
2026-05-23T18:07:24.1279490Z,1779559644127,1
2026-05-23T18:07:24.1621890Z,1779559644162,1
2026-05-23T18:07:24.1964150Z,1779559644196,1
2026-05-23T18:07:24.2310230Z,1779559644231,0
2026-05-23T18:07:24.2652370Z,1779559644265,1
2026-05-23T18:07:24.2994460Z,1779559644299,1
2026-05-23T18:07:24.3341030Z,1779559644334,1
2026-05-23T18:07:24.3684920Z,1779559644368,1
2026-05-23T18:07:24.4031460Z,1779559644403,1
2026-05-23T18:07:24.4451340Z,1779559644445,1
2026-05-23T18:07:24.4785720Z,1779559644478,0
2026-05-23T18:07:24.5138300Z,1779559644513,1
2026-05-23T18:07:24.5559830Z,1779559644555,1
2026-05-23T18:07:24.5887260Z,1779559644588,1
2026-05-23T18:07:24.6234590Z,1779559644623,1
2026-05-23T18:07:24.6573840Z,1779559644657,1
2026-05-23T18:07:24.6917040Z,1779559644691,1
2026-05-23T18:07:24.7259310Z,1779559644725,0
2026-05-23T18:07:24.7599350Z,1779559644759,1
2026-05-23T18:07:24.7941880Z,1779559644794,1
2026-05-23T18:07:24.8284490Z,1779559644828,1
2026-05-23T18:07:24.8629860Z,1779559644862,0
2026-05-23T18:07:24.8970380Z,1779559644897,1
2026-05-23T18:07:24.9327370Z,1779559644932,1
2026-05-23T18:07:24.9755390Z,1779559644975,1
2026-05-23T18:07:25.0094870Z,1779559645009,1
2026-05-23T18:07:25.0516020Z,1779559645051,1
2026-05-23T18:07:25.0845450Z,1779559645084,1
2026-05-23T18:07:25.1184610Z,1779559645118,1
2026-05-23T18:07:25.1530970Z,1779559645153,1
2026-05-23T18:07:25.1871680Z,1779559645187,0
2026-05-23T18:07:25.2213270Z,1779559645221,1
2026-05-23T18:07:25.2552210Z,1779559645255,1
2026-05-23T18:07:25.2899610Z,1779559645289,1
2026-05-23T18:07:25.3240740Z,1779559645324,1
2026-05-23T18:07:25.3579880Z,1779559645357,0
2026-05-23T18:07:25.3926960Z,1779559645392,1
2026-05-23T18:07:25.4277640Z,1779559645427,1
2026-05-23T18:07:25.4702210Z,1779559645470,1
2026-05-23T18:07:25.5437000Z,1779559645543,2
2026-05-23T18:07:25.5470470Z,1779559645547,0
2026-05-23T18:07:25.5808750Z,1779559645580,1
2026-05-23T18:07:25.6151980Z,1779559645615,0
2026-05-23T18:07:25.6540950Z,1779559645654,1
2026-05-23T18:07:25.6919370Z,1779559645691,1
2026-05-23T18:07:25.7298130Z,1779559645729,1
2026-05-23T18:07:25.7697250Z,1779559645769,1
2026-05-23T18:07:25.8076570Z,1779559645807,1
2026-05-23T18:07:25.8459370Z,1779559645845,1
2026-05-23T18:07:25.8832710Z,1779559645883,1
2026-05-23T18:07:25.9174600Z,1779559645917,1
2026-05-23T18:07:25.9929250Z,1779559645992,1
2026-05-23T18:07:25.9965380Z,1779559645996,0
2026-05-23T18:07:26.0319950Z,1779559646031,1
2026-05-23T18:07:26.0749010Z,1779559646074,2
2026-05-23T18:07:26.1076980Z,1779559646107,0
2026-05-23T18:07:26.1424230Z,1779559646142,1
2026-05-23T18:07:26.1766980Z,1779559646176,1
2026-05-23T18:07:26.2109000Z,1779559646210,1
2026-05-23T18:07:26.2449360Z,1779559646244,0
2026-05-23T18:07:26.2792200Z,1779559646279,1
2026-05-23T18:07:26.3136760Z,1779559646313,1
2026-05-23T18:07:26.3481510Z,1779559646348,1
2026-05-23T18:07:26.3824460Z,1779559646382,1
2026-05-23T18:07:26.4172850Z,1779559646417,1
2026-05-23T18:07:26.4516310Z,1779559646451,0
2026-05-23T18:07:26.4947710Z,1779559646494,1
2026-05-23T18:07:26.5277360Z,1779559646527,1
2026-05-23T18:07:26.5705250Z,1779559646570,1
2026-05-23T18:07:26.6034160Z,1779559646603,1
2026-05-23T18:07:26.6375990Z,1779559646637,1
2026-05-23T18:07:26.6721920Z,1779559646672,1
2026-05-23T18:07:26.7061790Z,1779559646706,0
2026-05-23T18:07:26.7407710Z,1779559646740,1
2026-05-23T18:07:26.7748610Z,1779559646774,1
2026-05-23T18:07:26.8093340Z,1779559646809,1
2026-05-23T18:07:26.8441700Z,1779559646844,1
2026-05-23T18:07:26.8777960Z,1779559646877,0
2026-05-23T18:07:26.9126910Z,1779559646912,1
2026-05-23T18:07:26.9475790Z,1779559646947,1
2026-05-23T18:07:26.9825450Z,1779559646982,1
2026-05-23T18:07:27.0255230Z,1779559647025,1
2026-05-23T18:07:27.0595840Z,1779559647059,1
2026-05-23T18:07:27.1022170Z,1779559647102,1
2026-05-23T18:07:27.1352680Z,1779559647135,0
2026-05-23T18:07:27.1696620Z,1779559647169,1
2026-05-23T18:07:27.2044150Z,1779559647204,1
2026-05-23T18:07:27.2383720Z,1779559647238,1
2026-05-23T18:07:27.2733820Z,1779559647273,1
2026-05-23T18:07:27.3074930Z,1779559647307,1
2026-05-23T18:07:27.3422630Z,1779559647342,0
2026-05-23T18:07:27.3765620Z,1779559647376,1
2026-05-23T18:07:27.4110620Z,1779559647411,1
2026-05-23T18:07:27.4458520Z,1779559647445,1
2026-05-23T18:07:27.4813350Z,1779559647481,1
2026-05-23T18:07:27.5254170Z,1779559647525,0
2026-05-23T18:07:27.5992200Z,1779559647599,2
2026-05-23T18:07:27.6034890Z,1779559647603,1
2026-05-23T18:07:27.6373170Z,1779559647637,0
2026-05-23T18:07:27.6719740Z,1779559647671,1
2026-05-23T18:07:27.7057260Z,1779559647705,1
2026-05-23T18:07:27.7405180Z,1779559647740,1
2026-05-23T18:07:27.7748810Z,1779559647774,0
2026-05-23T18:07:27.8091690Z,1779559647809,1
2026-05-23T18:07:27.8438600Z,1779559647843,1
2026-05-23T18:07:27.8781600Z,1779559647878,1
2026-05-23T18:07:27.9127020Z,1779559647912,1
2026-05-23T18:07:27.9467680Z,1779559647946,1
2026-05-23T18:07:28.0225780Z,1779559648022,1
2026-05-23T18:07:28.0260760Z,1779559648026,0
2026-05-23T18:07:28.0617120Z,1779559648061,1
2026-05-23T18:07:28.1035230Z,1779559648103,2
2026-05-23T18:07:28.1361020Z,1779559648136,0
2026-05-23T18:07:28.1706540Z,1779559648170,1
2026-05-23T18:07:28.2048670Z,1779559648204,1
2026-05-23T18:07:28.2391520Z,1779559648239,1
2026-05-23T18:07:28.2736500Z,1779559648273,0
2026-05-23T18:07:28.3077030Z,1779559648307,1
2026-05-23T18:07:28.3419710Z,1779559648341,1
2026-05-23T18:07:28.3764480Z,1779559648376,1
2026-05-23T18:07:28.4118590Z,1779559648411,1
2026-05-23T18:07:28.4453990Z,1779559648445,1
2026-05-23T18:07:28.4801320Z,1779559648480,0
2026-05-23T18:07:28.5235360Z,1779559648523,1
2026-05-23T18:07:28.5557190Z,1779559648555,1
2026-05-23T18:07:28.5901100Z,1779559648590,1
2026-05-23T18:07:28.6247180Z,1779559648624,1
2026-05-23T18:07:28.6590450Z,1779559648659,0
2026-05-23T18:07:28.6936230Z,1779559648693,2
2026-05-23T18:07:28.7277700Z,1779559648727,0
2026-05-23T18:07:28.7618790Z,1779559648761,1
2026-05-23T18:07:28.7962480Z,1779559648796,1
2026-05-23T18:07:28.8307200Z,1779559648830,1
2026-05-23T18:07:28.8647740Z,1779559648864,1
2026-05-23T18:07:28.8997250Z,1779559648899,0
2026-05-23T18:07:28.9339680Z,1779559648933,1
2026-05-23T18:07:28.9679650Z,1779559648967,1
2026-05-23T18:07:29.0033440Z,1779559649003,1
2026-05-23T18:07:29.0469720Z,1779559649046,1
2026-05-23T18:07:29.0794890Z,1779559649079,1
2026-05-23T18:07:29.1147910Z,1779559649114,0
2026-05-23T18:07:29.1571490Z,1779559649157,1
2026-05-23T18:07:29.1896390Z,1779559649189,1
2026-05-23T18:07:29.2241000Z,1779559649224,1
2026-05-23T18:07:29.2577740Z,1779559649257,1
2026-05-23T18:07:29.2924260Z,1779559649292,0
2026-05-23T18:07:29.3261590Z,1779559649326,1
2026-05-23T18:07:29.3606720Z,1779559649360,1
2026-05-23T18:07:29.3949070Z,1779559649394,1
2026-05-23T18:07:29.4288680Z,1779559649428,1
2026-05-23T18:07:29.4631280Z,1779559649463,1
2026-05-23T18:07:29.4974630Z,1779559649497,1
2026-05-23T18:07:29.5331840Z,1779559649533,0
2026-05-23T18:07:29.5751420Z,1779559649575,1
2026-05-23T18:07:29.6088750Z,1779559649608,1
2026-05-23T18:07:29.6507630Z,1779559649650,1
2026-05-23T18:07:29.6840250Z,1779559649684,1
2026-05-23T18:07:29.7177830Z,1779559649717,1
2026-05-23T18:07:29.7523920Z,1779559649752,1
2026-05-23T18:07:29.7860930Z,1779559649786,0
2026-05-23T18:07:29.8205410Z,1779559649820,1
2026-05-23T18:07:29.8550030Z,1779559649855,1
2026-05-23T18:07:29.8892640Z,1779559649889,1
2026-05-23T18:07:29.9241350Z,1779559649924,0
2026-05-23T18:07:29.9573830Z,1779559649957,1
2026-05-23T18:07:29.9919940Z,1779559649991,1
2026-05-23T18:07:30.0269640Z,1779559650026,1
2026-05-23T18:07:30.0695160Z,1779559650069,1
2026-05-23T18:07:30.1420970Z,1779559650142,2
2026-05-23T18:07:30.1456360Z,1779559650145,0
2026-05-23T18:07:30.1794970Z,1779559650179,1
2026-05-23T18:07:30.2140170Z,1779559650214,1
2026-05-23T18:07:30.2479220Z,1779559650247,0
2026-05-23T18:07:30.2825220Z,1779559650282,1
2026-05-23T18:07:30.3163650Z,1779559650316,1
2026-05-23T18:07:30.3508000Z,1779559650350,1
2026-05-23T18:07:30.3851410Z,1779559650385,1
2026-05-23T18:07:30.4191080Z,1779559650419,0
2026-05-23T18:07:30.4535380Z,1779559650453,1
2026-05-23T18:07:30.4875510Z,1779559650487,1
2026-05-23T18:07:30.5223570Z,1779559650522,1
2026-05-23T18:07:30.5658320Z,1779559650565,0
2026-05-23T18:07:30.6005340Z,1779559650600,2
2026-05-23T18:07:30.6412410Z,1779559650641,1
2026-05-23T18:07:30.6741560Z,1779559650674,0
2026-05-23T18:07:30.7081940Z,1779559650708,1
2026-05-23T18:07:30.7425860Z,1779559650742,1
2026-05-23T18:07:30.7767480Z,1779559650776,1
2026-05-23T18:07:30.8113300Z,1779559650811,0
2026-05-23T18:07:30.8455570Z,1779559650845,1
2026-05-23T18:07:30.8795520Z,1779559650879,1
2026-05-23T18:07:30.9143290Z,1779559650914,1
2026-05-23T18:07:30.9483410Z,1779559650948,0
2026-05-23T18:07:30.9842930Z,1779559650984,2
2026-05-23T18:07:31.0174130Z,1779559651017,0
2026-05-23T18:07:31.0928180Z,1779559651092,2
2026-05-23T18:07:31.0980530Z,1779559651098,0
2026-05-23T18:07:31.1315890Z,1779559651131,1
2026-05-23T18:07:31.1737610Z,1779559651173,1
2026-05-23T18:07:31.2066710Z,1779559651206,1
2026-05-23T18:07:31.2411070Z,1779559651241,1
2026-05-23T18:07:31.2752690Z,1779559651275,0
2026-05-23T18:07:31.3096740Z,1779559651309,1
2026-05-23T18:07:31.3445660Z,1779559651344,1
2026-05-23T18:07:31.3790950Z,1779559651379,1
2026-05-23T18:07:31.4137310Z,1779559651413,1
2026-05-23T18:07:31.4476120Z,1779559651447,0
2026-05-23T18:07:31.4820030Z,1779559651482,1
2026-05-23T18:07:31.5162820Z,1779559651516,1
2026-05-23T18:07:31.5507850Z,1779559651550,1
2026-05-23T18:07:31.6266110Z,1779559651626,2
2026-05-23T18:07:31.6305640Z,1779559651630,0
2026-05-23T18:07:31.6650270Z,1779559651665,1
2026-05-23T18:07:31.7073860Z,1779559651707,0
2026-05-23T18:07:31.7406540Z,1779559651740,1
2026-05-23T18:07:31.7747580Z,1779559651774,1
2026-05-23T18:07:31.8092290Z,1779559651809,1
2026-05-23T18:07:31.8435840Z,1779559651843,1
2026-05-23T18:07:31.8778750Z,1779559651877,1
2026-05-23T18:07:31.9124400Z,1779559651912,1
2026-05-23T18:07:31.9466180Z,1779559651946,0
2026-05-23T18:07:31.9812200Z,1779559651981,1
2026-05-23T18:07:32.0156420Z,1779559652015,1
2026-05-23T18:07:32.0501150Z,1779559652050,1
2026-05-23T18:07:32.0859750Z,1779559652085,0
2026-05-23T18:07:32.1274940Z,1779559652127,2
2026-05-23T18:07:32.1608620Z,1779559652160,0
2026-05-23T18:07:32.2026370Z,1779559652202,1
2026-05-23T18:07:32.2356650Z,1779559652235,1
2026-05-23T18:07:32.2700970Z,1779559652270,1
2026-05-23T18:07:32.3046410Z,1779559652304,1
2026-05-23T18:07:32.3389590Z,1779559652338,0
2026-05-23T18:07:32.3731700Z,1779559652373,1
2026-05-23T18:07:32.4076350Z,1779559652407,1
2026-05-23T18:07:32.4421680Z,1779559652442,1
2026-05-23T18:07:32.4760170Z,1779559652476,1
2026-05-23T18:07:32.5107490Z,1779559652510,1
2026-05-23T18:07:32.5449330Z,1779559652544,1
2026-05-23T18:07:32.5793300Z,1779559652579,0
2026-05-23T18:07:32.6149910Z,1779559652614,1
2026-05-23T18:07:32.6567910Z,1779559652656,1
2026-05-23T18:07:32.6906910Z,1779559652690,1
2026-05-23T18:07:32.7323160Z,1779559652732,1
2026-05-23T18:07:32.7654240Z,1779559652765,1
2026-05-23T18:07:32.7997750Z,1779559652799,1
2026-05-23T18:07:32.8343130Z,1779559652834,0
2026-05-23T18:07:32.8685910Z,1779559652868,1
2026-05-23T18:07:32.9030590Z,1779559652903,1
2026-05-23T18:07:32.9368840Z,1779559652936,1
2026-05-23T18:07:32.9716480Z,1779559652971,0
2026-05-23T18:07:33.0054970Z,1779559653005,1
2026-05-23T18:07:33.0399500Z,1779559653039,1
2026-05-23T18:07:33.0746500Z,1779559653074,1
2026-05-23T18:07:33.1099430Z,1779559653109,1
2026-05-23T18:07:33.1518650Z,1779559653151,1
2026-05-23T18:07:33.1847700Z,1779559653184,1
2026-05-23T18:07:33.2200690Z,1779559653220,0
2026-05-23T18:07:33.2617860Z,1779559653261,1
2026-05-23T18:07:33.2946130Z,1779559653294,1
2026-05-23T18:07:33.3288030Z,1779559653328,1
2026-05-23T18:07:33.3632760Z,1779559653363,1
2026-05-23T18:07:33.3978460Z,1779559653397,1
2026-05-23T18:07:33.4322130Z,1779559653432,1
2026-05-23T18:07:33.4661410Z,1779559653466,0
2026-05-23T18:07:33.5007750Z,1779559653500,1
2026-05-23T18:07:33.5349520Z,1779559653534,1
2026-05-23T18:07:33.5691410Z,1779559653569,1
2026-05-23T18:07:33.6040500Z,1779559653604,0
2026-05-23T18:07:33.6388730Z,1779559653638,1
2026-05-23T18:07:33.6810800Z,1779559653681,2
2026-05-23T18:07:33.7538870Z,1779559653753,1
2026-05-23T18:07:33.7571600Z,1779559653757,0
2026-05-23T18:07:33.7911300Z,1779559653791,1
2026-05-23T18:07:33.8254820Z,1779559653825,1
2026-05-23T18:07:33.8595280Z,1779559653859,1
2026-05-23T18:07:33.8938580Z,1779559653893,1
2026-05-23T18:07:33.9281950Z,1779559653928,0
2026-05-23T18:07:33.9623100Z,1779559653962,1
2026-05-23T18:07:33.9960480Z,1779559653996,1
2026-05-23T18:07:34.0307880Z,1779559654030,1
2026-05-23T18:07:34.0651870Z,1779559654065,1
2026-05-23T18:07:34.0995220Z,1779559654099,0
2026-05-23T18:07:34.1747450Z,1779559654174,2
2026-05-23T18:07:34.1781020Z,1779559654178,0
2026-05-23T18:07:34.2123500Z,1779559654212,1
2026-05-23T18:07:34.2543860Z,1779559654254,1
2026-05-23T18:07:34.2871210Z,1779559654287,1
2026-05-23T18:07:34.3217340Z,1779559654321,1
2026-05-23T18:07:34.3555690Z,1779559654355,0
2026-05-23T18:07:34.3896680Z,1779559654389,1
2026-05-23T18:07:34.4242890Z,1779559654424,1
2026-05-23T18:07:34.4585550Z,1779559654458,1
2026-05-23T18:07:34.4935150Z,1779559654493,0
2026-05-23T18:07:34.5354530Z,1779559654535,2
2026-05-23T18:07:34.5686640Z,1779559654568,0
2026-05-23T18:07:34.6035550Z,1779559654603,1
2026-05-23T18:07:34.6376730Z,1779559654637,1
2026-05-23T18:07:34.6797210Z,1779559654679,1
2026-05-23T18:07:34.7129050Z,1779559654712,1
2026-05-23T18:07:34.7547930Z,1779559654754,1
2026-05-23T18:07:34.7876540Z,1779559654787,1
2026-05-23T18:07:34.8219410Z,1779559654821,1
2026-05-23T18:07:34.8560430Z,1779559654856,0
2026-05-23T18:07:34.8906250Z,1779559654890,1
2026-05-23T18:07:34.9244650Z,1779559654924,1
2026-05-23T18:07:34.9587270Z,1779559654958,1
2026-05-23T18:07:34.9934980Z,1779559654993,0
2026-05-23T18:07:35.0277040Z,1779559655027,1
2026-05-23T18:07:35.0622870Z,1779559655062,1
2026-05-23T18:07:35.0962500Z,1779559655096,1
2026-05-23T18:07:35.1301700Z,1779559655130,0
2026-05-23T18:07:35.1658760Z,1779559655165,2
2026-05-23T18:07:35.2085330Z,1779559655208,1
2026-05-23T18:07:35.2415780Z,1779559655241,0
2026-05-23T18:07:35.2840600Z,1779559655284,1
2026-05-23T18:07:35.3168730Z,1779559655316,1
2026-05-23T18:07:35.3513700Z,1779559655351,1
2026-05-23T18:07:35.3854680Z,1779559655385,1
2026-05-23T18:07:35.4201100Z,1779559655420,1
2026-05-23T18:07:35.4544000Z,1779559655454,0
2026-05-23T18:07:35.4885680Z,1779559655488,1
2026-05-23T18:07:35.5228620Z,1779559655522,1
2026-05-23T18:07:35.5570800Z,1779559655557,1
2026-05-23T18:07:35.5917150Z,1779559655591,1
2026-05-23T18:07:35.6279000Z,1779559655627,0
2026-05-23T18:07:35.6655660Z,1779559655665,1
2026-05-23T18:07:35.7082490Z,1779559655708,2
2026-05-23T18:07:35.7882300Z,1779559655788,1
2026-05-23T18:07:35.7921320Z,1779559655792,0
2026-05-23T18:07:35.8294350Z,1779559655829,1
2026-05-23T18:07:35.8694770Z,1779559655869,1
2026-05-23T18:07:35.9035570Z,1779559655903,1
2026-05-23T18:07:35.9376670Z,1779559655937,1
2026-05-23T18:07:35.9723090Z,1779559655972,1
2026-05-23T18:07:36.0063410Z,1779559656006,0
2026-05-23T18:07:36.0407100Z,1779559656040,1
2026-05-23T18:07:36.0751580Z,1779559656075,1
2026-05-23T18:07:36.1095500Z,1779559656109,1
2026-05-23T18:07:36.1445270Z,1779559656144,1
2026-05-23T18:07:36.2196420Z,1779559656219,2
2026-05-23T18:07:36.2235230Z,1779559656223,0
2026-05-23T18:07:36.2580870Z,1779559656258,0
2026-05-23T18:07:36.3003230Z,1779559656300,1
2026-05-23T18:07:36.3332530Z,1779559656333,1
2026-05-23T18:07:36.3675340Z,1779559656367,1
2026-05-23T18:07:36.4023130Z,1779559656402,1
2026-05-23T18:07:36.4363530Z,1779559656436,1
2026-05-23T18:07:36.4707990Z,1779559656470,1
2026-05-23T18:07:36.5050920Z,1779559656505,0
2026-05-23T18:07:36.5393080Z,1779559656539,1
2026-05-23T18:07:36.5740640Z,1779559656574,1
2026-05-23T18:07:36.6082160Z,1779559656608,1
2026-05-23T18:07:36.6436200Z,1779559656643,0
2026-05-23T18:07:36.6772290Z,1779559656677,1
2026-05-23T18:07:36.7530460Z,1779559656753,2
2026-05-23T18:07:36.7564370Z,1779559656756,0
2026-05-23T18:07:36.7919750Z,1779559656791,1
2026-05-23T18:07:36.8333160Z,1779559656833,1
2026-05-23T18:07:36.8663090Z,1779559656866,1
2026-05-23T18:07:36.9007980Z,1779559656900,1
2026-05-23T18:07:36.9353200Z,1779559656935,1
2026-05-23T18:07:36.9694410Z,1779559656969,1
2026-05-23T18:07:37.0039740Z,1779559657003,0
2026-05-23T18:07:37.0379650Z,1779559657037,1
2026-05-23T18:07:37.0722270Z,1779559657072,1
2026-05-23T18:07:37.1066790Z,1779559657106,1
2026-05-23T18:07:37.1411510Z,1779559657141,0
2026-05-23T18:07:37.1755010Z,1779559657175,1
2026-05-23T18:07:37.2104890Z,1779559657210,1
2026-05-23T18:07:37.2531230Z,1779559657253,1
2026-05-23T18:07:37.2857890Z,1779559657285,1
2026-05-23T18:07:37.3215960Z,1779559657321,1
2026-05-23T18:07:37.3628570Z,1779559657362,1
2026-05-23T18:07:37.3956070Z,1779559657395,0
2026-05-23T18:07:37.4300540Z,1779559657430,1
2026-05-23T18:07:37.4649710Z,1779559657464,1
2026-05-23T18:07:37.4987510Z,1779559657498,1
2026-05-23T18:07:37.5332480Z,1779559657533,1
2026-05-23T18:07:37.5673260Z,1779559657567,1
2026-05-23T18:07:37.6016820Z,1779559657601,1
2026-05-23T18:07:37.6356850Z,1779559657635,0
2026-05-23T18:07:37.6701420Z,1779559657670,1
2026-05-23T18:07:37.7048920Z,1779559657704,1
2026-05-23T18:07:37.7470590Z,1779559657747,1
2026-05-23T18:07:37.7802430Z,1779559657780,1
2026-05-23T18:07:37.8151210Z,1779559657815,1
2026-05-23T18:07:37.8570360Z,1779559657857,1
2026-05-23T18:07:37.8897340Z,1779559657889,0
2026-05-23T18:07:37.9242070Z,1779559657924,1
2026-05-23T18:07:37.9584170Z,1779559657958,1
2026-05-23T18:07:37.9927230Z,1779559657992,1
2026-05-23T18:07:38.0268890Z,1779559658026,0
2026-05-23T18:07:38.0615170Z,1779559658061,1
2026-05-23T18:07:38.0955620Z,1779559658095,1
2026-05-23T18:07:38.1299190Z,1779559658129,1
2026-05-23T18:07:38.1644540Z,1779559658164,1
2026-05-23T18:07:38.1990170Z,1779559658199,1
2026-05-23T18:07:38.2339240Z,1779559658233,1
2026-05-23T18:07:38.2763200Z,1779559658276,0
2026-05-23T18:07:38.3091200Z,1779559658309,1
2026-05-23T18:07:38.3455380Z,1779559658345,1
2026-05-23T18:07:38.3865300Z,1779559658386,1
2026-05-23T18:07:38.4192910Z,1779559658419,1
2026-05-23T18:07:38.4538920Z,1779559658453,1
2026-05-23T18:07:38.4880640Z,1779559658488,1
2026-05-23T18:07:38.5226890Z,1779559658522,0
2026-05-23T18:07:38.5562530Z,1779559658556,1
2026-05-23T18:07:38.5907160Z,1779559658590,1
2026-05-23T18:07:38.6252350Z,1779559658625,1
2026-05-23T18:07:38.6593040Z,1779559658659,1
2026-05-23T18:07:38.6936240Z,1779559658693,1
2026-05-23T18:07:38.7686790Z,1779559658768,1
2026-05-23T18:07:38.7725440Z,1779559658772,0
2026-05-23T18:07:38.8061940Z,1779559658806,1
2026-05-23T18:07:38.8484240Z,1779559658848,1
2026-05-23T18:07:38.8814320Z,1779559658881,1
2026-05-23T18:07:38.9155100Z,1779559658915,1
2026-05-23T18:07:38.9497330Z,1779559658949,1
2026-05-23T18:07:38.9841570Z,1779559658984,1
2026-05-23T18:07:39.0182040Z,1779559659018,0
2026-05-23T18:07:39.0524700Z,1779559659052,1
2026-05-23T18:07:39.0865250Z,1779559659086,1
2026-05-23T18:07:39.1209860Z,1779559659120,1
2026-05-23T18:07:39.1548690Z,1779559659154,0
2026-05-23T18:07:39.1889020Z,1779559659188,1
2026-05-23T18:07:39.2237020Z,1779559659223,1
2026-05-23T18:07:39.2989330Z,1779559659298,2
2026-05-23T18:07:39.3026070Z,1779559659302,0
2026-05-23T18:07:39.3373090Z,1779559659337,1
2026-05-23T18:07:39.3788390Z,1779559659378,1
2026-05-23T18:07:39.4120390Z,1779559659412,0
2026-05-23T18:07:39.4460720Z,1779559659446,1
2026-05-23T18:07:39.4806180Z,1779559659480,1
2026-05-23T18:07:39.5144900Z,1779559659514,1
2026-05-23T18:07:39.5489220Z,1779559659548,1
2026-05-23T18:07:39.5835080Z,1779559659583,1
2026-05-23T18:07:39.6173430Z,1779559659617,0
2026-05-23T18:07:39.6519140Z,1779559659651,1
2026-05-23T18:07:39.6859520Z,1779559659685,1
2026-05-23T18:07:39.7206090Z,1779559659720,1
2026-05-23T18:07:39.7549490Z,1779559659754,1
2026-05-23T18:07:39.7975360Z,1779559659797,0
2026-05-23T18:07:39.8301720Z,1779559659830,1
2026-05-23T18:07:39.8656270Z,1779559659865,1
2026-05-23T18:07:39.9074490Z,1779559659907,1
2026-05-23T18:07:39.9407850Z,1779559659940,1
2026-05-23T18:07:39.9746420Z,1779559659974,1
2026-05-23T18:07:40.0095670Z,1779559660009,1
2026-05-23T18:07:40.0438550Z,1779559660043,0
2026-05-23T18:07:40.0779690Z,1779559660077,1
2026-05-23T18:07:40.1124590Z,1779559660112,1
2026-05-23T18:07:40.1468130Z,1779559660146,1
2026-05-23T18:07:40.1814500Z,1779559660181,1
2026-05-23T18:07:40.2155280Z,1779559660215,1
2026-05-23T18:07:40.2500890Z,1779559660250,1
2026-05-23T18:07:40.2854480Z,1779559660285,0
2026-05-23T18:07:40.3285330Z,1779559660328,1
2026-05-23T18:07:40.3626250Z,1779559660362,1
2026-05-23T18:07:40.4047280Z,1779559660404,1
2026-05-23T18:07:40.4376850Z,1779559660437,1
2026-05-23T18:07:40.4723520Z,1779559660472,1
2026-05-23T18:07:40.5071220Z,1779559660507,1
2026-05-23T18:07:40.5497080Z,1779559660549,0
2026-05-23T18:07:40.5825500Z,1779559660582,1
2026-05-23T18:07:40.6167350Z,1779559660616,1
2026-05-23T18:07:40.6514950Z,1779559660651,1
2026-05-23T18:07:40.6855110Z,1779559660685,1
2026-05-23T18:07:40.7199810Z,1779559660719,1
2026-05-23T18:07:40.7547600Z,1779559660754,1
2026-05-23T18:07:40.7893160Z,1779559660789,0
2026-05-23T18:07:40.8323580Z,1779559660832,1
2026-05-23T18:07:40.8654080Z,1779559660865,1
2026-05-23T18:07:40.9089650Z,1779559660908,1
2026-05-23T18:07:40.9429580Z,1779559660942,1
2026-05-23T18:07:40.9770880Z,1779559660977,1
2026-05-23T18:07:41.0120260Z,1779559661012,1
2026-05-23T18:07:41.0455940Z,1779559661045,0
2026-05-23T18:07:41.0801130Z,1779559661080,1
2026-05-23T18:07:41.1146370Z,1779559661114,1
2026-05-23T18:07:41.1491400Z,1779559661149,1
2026-05-23T18:07:41.1835450Z,1779559661183,1
2026-05-23T18:07:41.2175190Z,1779559661217,1
2026-05-23T18:07:41.2521170Z,1779559661252,0
2026-05-23T18:07:41.2863050Z,1779559661286,1
2026-05-23T18:07:41.3222340Z,1779559661322,1
2026-05-23T18:07:41.3637490Z,1779559661363,1
2026-05-23T18:07:41.3966010Z,1779559661396,1
2026-05-23T18:07:41.4312550Z,1779559661431,0
2026-05-23T18:07:41.4652290Z,1779559661465,1
2026-05-23T18:07:41.4996450Z,1779559661499,1
2026-05-23T18:07:41.5340500Z,1779559661534,1
2026-05-23T18:07:41.5682270Z,1779559661568,1
2026-05-23T18:07:41.6029160Z,1779559661602,1
2026-05-23T18:07:41.6368670Z,1779559661636,1
2026-05-23T18:07:41.6714630Z,1779559661671,0
2026-05-23T18:07:41.7056840Z,1779559661705,1
2026-05-23T18:07:41.7398460Z,1779559661739,1
2026-05-23T18:07:41.7748100Z,1779559661774,1
2026-05-23T18:07:41.8490440Z,1779559661849,2
2026-05-23T18:07:41.8528040Z,1779559661852,0
2026-05-23T18:07:41.8864660Z,1779559661886,1
2026-05-23T18:07:41.9618700Z,1779559661961,1
2026-05-23T18:07:41.9654070Z,1779559661965,0
2026-05-23T18:07:41.9993570Z,1779559661999,1
2026-05-23T18:07:42.0340030Z,1779559662034,1
2026-05-23T18:07:42.0680420Z,1779559662068,1
2026-05-23T18:07:42.1027660Z,1779559662102,1
2026-05-23T18:07:42.1365900Z,1779559662136,1
2026-05-23T18:07:42.1715260Z,1779559662171,0
2026-05-23T18:07:42.2050930Z,1779559662205,1
2026-05-23T18:07:42.2395860Z,1779559662239,1
2026-05-23T18:07:42.2738650Z,1779559662273,1
2026-05-23T18:07:42.3086690Z,1779559662308,0
2026-05-23T18:07:42.3507280Z,1779559662350,1
2026-05-23T18:07:42.3832430Z,1779559662383,1
2026-05-23T18:07:42.4189500Z,1779559662418,1
2026-05-23T18:07:42.4602920Z,1779559662460,1
2026-05-23T18:07:42.4933690Z,1779559662493,1
2026-05-23T18:07:42.5274440Z,1779559662527,1
2026-05-23T18:07:42.5623320Z,1779559662562,0
2026-05-23T18:07:42.5960420Z,1779559662596,1
2026-05-23T18:07:42.6310210Z,1779559662631,1
2026-05-23T18:07:42.6650010Z,1779559662665,1
2026-05-23T18:07:42.6993380Z,1779559662699,1
2026-05-23T18:07:42.7336290Z,1779559662733,1
2026-05-23T18:07:42.7680340Z,1779559662768,0
2026-05-23T18:07:42.8028090Z,1779559662802,1
2026-05-23T18:07:42.8368960Z,1779559662836,1
2026-05-23T18:07:42.8792090Z,1779559662879,1
2026-05-23T18:07:42.9125060Z,1779559662912,1
2026-05-23T18:07:42.9544820Z,1779559662954,1
2026-05-23T18:07:42.9875820Z,1779559662987,1
2026-05-23T18:07:43.0214900Z,1779559663021,1
2026-05-23T18:07:43.0555020Z,1779559663055,0
2026-05-23T18:07:43.0901350Z,1779559663090,1
2026-05-23T18:07:43.1245940Z,1779559663124,1
2026-05-23T18:07:43.1586230Z,1779559663158,1
2026-05-23T18:07:43.1932650Z,1779559663193,0
2026-05-23T18:07:43.2270720Z,1779559663227,1
2026-05-23T18:07:43.2615990Z,1779559663261,1
2026-05-23T18:07:43.2957450Z,1779559663295,1
2026-05-23T18:07:43.3309830Z,1779559663330,1
2026-05-23T18:07:43.3722200Z,1779559663372,1
2026-05-23T18:07:43.4454800Z,1779559663445,1
2026-05-23T18:07:43.4489080Z,1779559663448,0
2026-05-23T18:07:43.4829440Z,1779559663482,1
2026-05-23T18:07:43.5168450Z,1779559663516,1
2026-05-23T18:07:43.5513440Z,1779559663551,1
2026-05-23T18:07:43.5852370Z,1779559663585,1
2026-05-23T18:07:43.6197450Z,1779559663619,1
2026-05-23T18:07:43.6539050Z,1779559663653,1
2026-05-23T18:07:43.6879180Z,1779559663687,0
2026-05-23T18:07:43.7228060Z,1779559663722,1
2026-05-23T18:07:43.7565180Z,1779559663756,1
2026-05-23T18:07:43.7911740Z,1779559663791,1
2026-05-23T18:07:43.8255600Z,1779559663825,0
2026-05-23T18:07:43.8600640Z,1779559663860,1
2026-05-23T18:07:43.9030460Z,1779559663903,2
2026-05-23T18:07:43.9759980Z,1779559663975,1
2026-05-23T18:07:43.9791930Z,1779559663979,0
2026-05-23T18:07:44.0131540Z,1779559664013,1
2026-05-23T18:07:44.0475210Z,1779559664047,1
2026-05-23T18:07:44.0818600Z,1779559664081,1
2026-05-23T18:07:44.1161530Z,1779559664116,1
2026-05-23T18:07:44.1506490Z,1779559664150,0
2026-05-23T18:07:44.1849340Z,1779559664184,1
2026-05-23T18:07:44.2189960Z,1779559664218,1
2026-05-23T18:07:44.2536410Z,1779559664253,1
2026-05-23T18:07:44.2875640Z,1779559664287,1
2026-05-23T18:07:44.3224430Z,1779559664322,0
2026-05-23T18:07:44.3566830Z,1779559664356,1
2026-05-23T18:07:44.3925740Z,1779559664392,1
2026-05-23T18:07:44.4348130Z,1779559664434,1
2026-05-23T18:07:44.5085010Z,1779559664508,2
2026-05-23T18:07:44.5121460Z,1779559664512,0
2026-05-23T18:07:44.5456230Z,1779559664545,1
2026-05-23T18:07:44.5801310Z,1779559664580,0
2026-05-23T18:07:44.6146790Z,1779559664614,1
2026-05-23T18:07:44.6488370Z,1779559664648,1
2026-05-23T18:07:44.6836010Z,1779559664683,1
2026-05-23T18:07:44.7175440Z,1779559664717,1
2026-05-23T18:07:44.7519780Z,1779559664751,1
2026-05-23T18:07:44.7864380Z,1779559664786,1
2026-05-23T18:07:44.8209420Z,1779559664820,0
2026-05-23T18:07:44.8553960Z,1779559664855,1
2026-05-23T18:07:44.9310870Z,1779559664931,2
2026-05-23T18:07:44.9347650Z,1779559664934,0
2026-05-23T18:07:44.9684870Z,1779559664968,1
2026-05-23T18:07:45.0122720Z,1779559665012,1
2026-05-23T18:07:45.0448480Z,1779559665044,1
2026-05-23T18:07:45.0794340Z,1779559665079,0
2026-05-23T18:07:45.1142670Z,1779559665114,1
2026-05-23T18:07:45.1483710Z,1779559665148,1
2026-05-23T18:07:45.1834000Z,1779559665183,1
2026-05-23T18:07:45.2176330Z,1779559665217,1
2026-05-23T18:07:45.2519740Z,1779559665251,1
2026-05-23T18:07:45.2861550Z,1779559665286,0
2026-05-23T18:07:45.3207370Z,1779559665320,1
2026-05-23T18:07:45.3549570Z,1779559665354,1
2026-05-23T18:07:45.3896790Z,1779559665389,1
2026-05-23T18:07:45.4324780Z,1779559665432,1
2026-05-23T18:07:45.4660090Z,1779559665466,0
2026-05-23T18:07:45.5078100Z,1779559665507,2
2026-05-23T18:07:45.5412410Z,1779559665541,0
2026-05-23T18:07:45.5753740Z,1779559665575,1
2026-05-23T18:07:45.6095990Z,1779559665609,1
2026-05-23T18:07:45.6468080Z,1779559665646,1
2026-05-23T18:07:45.6866040Z,1779559665686,1
2026-05-23T18:07:45.7247380Z,1779559665724,0
2026-05-23T18:07:45.7628830Z,1779559665762,2
2026-05-23T18:07:45.8024860Z,1779559665802,1
2026-05-23T18:07:45.8408670Z,1779559665840,0
2026-05-23T18:07:45.8783710Z,1779559665878,1
2026-05-23T18:07:45.9137710Z,1779559665913,1
2026-05-23T18:07:45.9569790Z,1779559665956,1
2026-05-23T18:07:45.9891830Z,1779559665989,1
2026-05-23T18:07:46.0251220Z,1779559666025,1
2026-05-23T18:07:46.0662430Z,1779559666066,1
2026-05-23T18:07:46.0993640Z,1779559666099,0
2026-05-23T18:07:46.1336500Z,1779559666133,1
2026-05-23T18:07:46.1677190Z,1779559666167,1
2026-05-23T18:07:46.2026190Z,1779559666202,1
2026-05-23T18:07:46.2362490Z,1779559666236,1
2026-05-23T18:07:46.2707560Z,1779559666270,1
2026-05-23T18:07:46.3051670Z,1779559666305,1
2026-05-23T18:07:46.3391590Z,1779559666339,0
2026-05-23T18:07:46.3736640Z,1779559666373,1
2026-05-23T18:07:46.4079010Z,1779559666407,1
2026-05-23T18:07:46.4442550Z,1779559666444,1
2026-05-23T18:07:46.4864730Z,1779559666486,1
2026-05-23T18:07:46.5593490Z,1779559666559,2
2026-05-23T18:07:46.5630470Z,1779559666563,0
2026-05-23T18:07:46.5963490Z,1779559666596,0
2026-05-23T18:07:46.6312700Z,1779559666631,1
2026-05-23T18:07:46.6652990Z,1779559666665,1
2026-05-23T18:07:46.6996370Z,1779559666699,1
2026-05-23T18:07:46.7349430Z,1779559666734,0
2026-05-23T18:07:46.7682130Z,1779559666768,1
2026-05-23T18:07:46.8026260Z,1779559666802,1
2026-05-23T18:07:46.8372870Z,1779559666837,1
2026-05-23T18:07:46.8713010Z,1779559666871,1
2026-05-23T18:07:46.9057880Z,1779559666905,1
2026-05-23T18:07:46.9819100Z,1779559666981,1
2026-05-23T18:07:46.9859520Z,1779559666985,0
2026-05-23T18:07:47.0204940Z,1779559667020,1
2026-05-23T18:07:47.0634210Z,1779559667063,2
2026-05-23T18:07:47.0956500Z,1779559667095,0
2026-05-23T18:07:47.1299490Z,1779559667129,1
2026-05-23T18:07:47.1646500Z,1779559667164,1
2026-05-23T18:07:47.1986450Z,1779559667198,1
2026-05-23T18:07:47.2332820Z,1779559667233,0
2026-05-23T18:07:47.2672580Z,1779559667267,1
2026-05-23T18:07:47.3012180Z,1779559667301,1
2026-05-23T18:07:47.3353490Z,1779559667335,1
2026-05-23T18:07:47.3696490Z,1779559667369,1
2026-05-23T18:07:47.4046310Z,1779559667404,1
2026-05-23T18:07:47.4387750Z,1779559667438,1
2026-05-23T18:07:47.4821080Z,1779559667482,0
2026-05-23T18:07:47.5153620Z,1779559667515,1
2026-05-23T18:07:47.5570960Z,1779559667557,1
2026-05-23T18:07:47.5899980Z,1779559667589,1
2026-05-23T18:07:47.6245210Z,1779559667624,1
2026-05-23T18:07:47.6584340Z,1779559667658,1
2026-05-23T18:07:47.6932490Z,1779559667693,1
2026-05-23T18:07:47.7268680Z,1779559667726,0
2026-05-23T18:07:47.7614010Z,1779559667761,1
2026-05-23T18:07:47.7953490Z,1779559667795,1
2026-05-23T18:07:47.8296960Z,1779559667829,1
2026-05-23T18:07:47.8640540Z,1779559667864,0
2026-05-23T18:07:47.8983200Z,1779559667898,1
2026-05-23T18:07:47.9331410Z,1779559667933,1
2026-05-23T18:07:47.9675560Z,1779559667967,1
2026-05-23T18:07:48.0099530Z,1779559668009,1
2026-05-23T18:07:48.0428600Z,1779559668042,1
2026-05-23T18:07:48.0845700Z,1779559668084,1
2026-05-23T18:07:48.1173370Z,1779559668117,0
2026-05-23T18:07:48.1517500Z,1779559668151,1
2026-05-23T18:07:48.1858870Z,1779559668185,1
2026-05-23T18:07:48.2207880Z,1779559668220,1
2026-05-23T18:07:48.2546620Z,1779559668254,1
2026-05-23T18:07:48.2885840Z,1779559668288,1
2026-05-23T18:07:48.3230650Z,1779559668323,0
2026-05-23T18:07:48.3572410Z,1779559668357,1
2026-05-23T18:07:48.3914670Z,1779559668391,1
2026-05-23T18:07:48.4263830Z,1779559668426,1
2026-05-23T18:07:48.4606290Z,1779559668460,1
2026-05-23T18:07:48.5034030Z,1779559668503,0
2026-05-23T18:07:48.5763260Z,1779559668576,2
2026-05-23T18:07:48.5798890Z,1779559668579,0
2026-05-23T18:07:48.6130970Z,1779559668613,1
2026-05-23T18:07:48.6476120Z,1779559668647,1
2026-05-23T18:07:48.6822180Z,1779559668682,1
2026-05-23T18:07:48.7161840Z,1779559668716,1
2026-05-23T18:07:48.7510990Z,1779559668751,0
2026-05-23T18:07:48.7849230Z,1779559668784,1
2026-05-23T18:07:48.8192810Z,1779559668819,1
2026-05-23T18:07:48.8540870Z,1779559668854,1
2026-05-23T18:07:48.8879970Z,1779559668887,0
2026-05-23T18:07:48.9226620Z,1779559668922,1
2026-05-23T18:07:48.9568980Z,1779559668956,1
2026-05-23T18:07:48.9925990Z,1779559668992,1
2026-05-23T18:07:49.0348030Z,1779559669034,1
2026-05-23T18:07:49.1083810Z,1779559669108,2
2026-05-23T18:07:49.1120440Z,1779559669112,0
2026-05-23T18:07:49.1455640Z,1779559669145,0
2026-05-23T18:07:49.1806540Z,1779559669180,1
2026-05-23T18:07:49.2147410Z,1779559669214,1
2026-05-23T18:07:49.2491510Z,1779559669249,1
2026-05-23T18:07:49.2839650Z,1779559669283,1
2026-05-23T18:07:49.3177800Z,1779559669317,1
2026-05-23T18:07:49.3525300Z,1779559669352,1
2026-05-23T18:07:49.3869640Z,1779559669386,0
2026-05-23T18:07:49.4211730Z,1779559669421,1
2026-05-23T18:07:49.4558360Z,1779559669455,1
2026-05-23T18:07:49.5314230Z,1779559669531,1
2026-05-23T18:07:49.5348790Z,1779559669534,1
2026-05-23T18:07:49.5697480Z,1779559669569,1
2026-05-23T18:07:49.6122360Z,1779559669612,1
2026-05-23T18:07:49.6447620Z,1779559669644,0
2026-05-23T18:07:49.6792460Z,1779559669679,1
2026-05-23T18:07:49.7141560Z,1779559669714,1
2026-05-23T18:07:49.7482600Z,1779559669748,1
2026-05-23T18:07:49.7829800Z,1779559669782,0
2026-05-23T18:07:49.8171440Z,1779559669817,1
2026-05-23T18:07:49.8519390Z,1779559669851,1
2026-05-23T18:07:49.8860950Z,1779559669886,1
2026-05-23T18:07:49.9202270Z,1779559669920,1
2026-05-23T18:07:49.9546590Z,1779559669954,1
2026-05-23T18:07:49.9889800Z,1779559669988,1
2026-05-23T18:07:50.0651670Z,1779559670065,1
2026-05-23T18:07:50.0690050Z,1779559670069,0
2026-05-23T18:07:50.1034520Z,1779559670103,1
2026-05-23T18:07:50.1454990Z,1779559670145,1
2026-05-23T18:07:50.1783080Z,1779559670178,1
2026-05-23T18:07:50.2135150Z,1779559670213,1
2026-05-23T18:07:50.2476460Z,1779559670247,1
2026-05-23T18:07:50.2818870Z,1779559670281,0
2026-05-23T18:07:50.3160500Z,1779559670316,1
2026-05-23T18:07:50.3507380Z,1779559670350,1
2026-05-23T18:07:50.3845570Z,1779559670384,1
2026-05-23T18:07:50.4188140Z,1779559670418,0
2026-05-23T18:07:50.4537070Z,1779559670453,1
2026-05-23T18:07:50.4879210Z,1779559670487,1
2026-05-23T18:07:50.5239170Z,1779559670523,1
2026-05-23T18:07:50.5654950Z,1779559670565,1
2026-05-23T18:07:50.5985970Z,1779559670598,1
2026-05-23T18:07:50.6414050Z,1779559670641,1
2026-05-23T18:07:50.6742980Z,1779559670674,0
2026-05-23T18:07:50.7103210Z,1779559670710,2
2026-05-23T18:07:50.7522500Z,1779559670752,1
2026-05-23T18:07:50.7850880Z,1779559670785,0
2026-05-23T18:07:50.8194790Z,1779559670819,1
2026-05-23T18:07:50.8536020Z,1779559670853,1
2026-05-23T18:07:50.8877520Z,1779559670887,1
2026-05-23T18:07:50.9223780Z,1779559670922,0
2026-05-23T18:07:50.9564900Z,1779559670956,1
2026-05-23T18:07:50.9913330Z,1779559670991,1
2026-05-23T18:07:51.0255030Z,1779559671025,1
2026-05-23T18:07:51.0697750Z,1779559671069,1
2026-05-23T18:07:51.1431500Z,1779559671143,2
2026-05-23T18:07:51.1468780Z,1779559671146,0
2026-05-23T18:07:51.1807070Z,1779559671180,0
2026-05-23T18:07:51.2151000Z,1779559671215,1
2026-05-23T18:07:51.2494100Z,1779559671249,1
2026-05-23T18:07:51.2841170Z,1779559671284,1
2026-05-23T18:07:51.3181150Z,1779559671318,1
2026-05-23T18:07:51.3521510Z,1779559671352,1
2026-05-23T18:07:51.3862350Z,1779559671386,1
2026-05-23T18:07:51.4208690Z,1779559671420,0
2026-05-23T18:07:51.4546970Z,1779559671454,1
2026-05-23T18:07:51.4891910Z,1779559671489,1
2026-05-23T18:07:51.5237940Z,1779559671523,1
2026-05-23T18:07:51.5591770Z,1779559671559,0
2026-05-23T18:07:51.6016210Z,1779559671601,2
2026-05-23T18:07:51.6344210Z,1779559671634,0
2026-05-23T18:07:51.6756240Z,1779559671675,1
2026-05-23T18:07:51.7084430Z,1779559671708,1
2026-05-23T18:07:51.7433090Z,1779559671743,1
2026-05-23T18:07:51.7769080Z,1779559671776,1
2026-05-23T18:07:51.8117800Z,1779559671811,0
2026-05-23T18:07:51.8456000Z,1779559671845,1
2026-05-23T18:07:51.8797690Z,1779559671879,1
2026-05-23T18:07:51.9140380Z,1779559671914,1
2026-05-23T18:07:51.9483190Z,1779559671948,1
2026-05-23T18:07:51.9825750Z,1779559671982,1
2026-05-23T18:07:52.0169600Z,1779559672016,1
2026-05-23T18:07:52.0923930Z,1779559672092,1
2026-05-23T18:07:52.0958640Z,1779559672095,0
2026-05-23T18:07:52.1297210Z,1779559672129,1
2026-05-23T18:07:52.1716960Z,1779559672171,1
2026-05-23T18:07:52.2041320Z,1779559672204,1
2026-05-23T18:07:52.2385830Z,1779559672238,1
2026-05-23T18:07:52.2736940Z,1779559672273,0
2026-05-23T18:07:52.3071280Z,1779559672307,1
2026-05-23T18:07:52.3416560Z,1779559672341,1
2026-05-23T18:07:52.3757550Z,1779559672375,1
2026-05-23T18:07:52.4100480Z,1779559672410,1
2026-05-23T18:07:52.4446600Z,1779559672444,0
2026-05-23T18:07:52.4786460Z,1779559672478,1
2026-05-23T18:07:52.5129610Z,1779559672512,1
2026-05-23T18:07:52.5472320Z,1779559672547,1
2026-05-23T18:07:52.6232510Z,1779559672623,2
2026-05-23T18:07:52.6266790Z,1779559672626,0
2026-05-23T18:07:52.6612100Z,1779559672661,1
2026-05-23T18:07:52.7039440Z,1779559672703,0
2026-05-23T18:07:52.7365650Z,1779559672736,1
2026-05-23T18:07:52.7714230Z,1779559672771,1
2026-05-23T18:07:52.8055480Z,1779559672805,1
2026-05-23T18:07:52.8397310Z,1779559672839,1
2026-05-23T18:07:52.8743080Z,1779559672874,1
2026-05-23T18:07:52.9085880Z,1779559672908,1
2026-05-23T18:07:52.9431790Z,1779559672943,0
2026-05-23T18:07:52.9769690Z,1779559672976,1
2026-05-23T18:07:53.0117290Z,1779559673011,1
2026-05-23T18:07:53.0458330Z,1779559673045,1
2026-05-23T18:07:53.0812250Z,1779559673081,0
2026-05-23T18:07:53.1234300Z,1779559673123,2
2026-05-23T18:07:53.1569060Z,1779559673156,1
2026-05-23T18:07:53.1993780Z,1779559673199,0
2026-05-23T18:07:53.2329160Z,1779559673232,1
2026-05-23T18:07:53.2666510Z,1779559673266,1
2026-05-23T18:07:53.3019010Z,1779559673301,1
2026-05-23T18:07:53.3356530Z,1779559673335,1
2026-05-23T18:07:53.3699500Z,1779559673369,1
2026-05-23T18:07:53.4046580Z,1779559673404,0
2026-05-23T18:07:53.4385820Z,1779559673438,1
2026-05-23T18:07:53.4732310Z,1779559673473,1
2026-05-23T18:07:53.5071530Z,1779559673507,1
2026-05-23T18:07:53.5423550Z,1779559673542,1
2026-05-23T18:07:53.5762660Z,1779559673576,0
2026-05-23T18:07:53.6122080Z,1779559673612,1
2026-05-23T18:07:53.6540420Z,1779559673654,1
2026-05-23T18:07:53.6867100Z,1779559673686,1
2026-05-23T18:07:53.7227480Z,1779559673722,1
2026-05-23T18:07:53.7644050Z,1779559673764,1
2026-05-23T18:07:53.7974790Z,1779559673797,1
2026-05-23T18:07:53.8318500Z,1779559673831,0
2026-05-23T18:07:53.8664620Z,1779559673866,1
2026-05-23T18:07:53.9008860Z,1779559673900,1
2026-05-23T18:07:53.9350050Z,1779559673935,1
2026-05-23T18:07:53.9693830Z,1779559673969,1
2026-05-23T18:07:54.0041190Z,1779559674004,1
2026-05-23T18:07:54.0382830Z,1779559674038,1
2026-05-23T18:07:54.0731720Z,1779559674073,0
2026-05-23T18:07:54.1073800Z,1779559674107,1
2026-05-23T18:07:54.1500950Z,1779559674150,1
2026-05-23T18:07:54.1833450Z,1779559674183,1
2026-05-23T18:07:54.2175160Z,1779559674217,0
2026-05-23T18:07:54.2521460Z,1779559674252,1
2026-05-23T18:07:54.2865220Z,1779559674286,1
2026-05-23T18:07:54.3209710Z,1779559674320,1
2026-05-23T18:07:54.3551590Z,1779559674355,1
2026-05-23T18:07:54.3897490Z,1779559674389,1
2026-05-23T18:07:54.4241780Z,1779559674424,1
2026-05-23T18:07:54.4582110Z,1779559674458,0
2026-05-23T18:07:54.4927270Z,1779559674492,1
2026-05-23T18:07:54.5271420Z,1779559674527,1
2026-05-23T18:07:54.5615120Z,1779559674561,1
2026-05-23T18:07:54.5961030Z,1779559674596,0
2026-05-23T18:07:54.6314390Z,1779559674631,1
2026-05-23T18:07:54.6740390Z,1779559674674,1
2026-05-23T18:07:54.7069580Z,1779559674706,1
2026-05-23T18:07:54.7433310Z,1779559674743,1
2026-05-23T18:07:54.7847040Z,1779559674784,1
2026-05-23T18:07:54.8177900Z,1779559674817,1
2026-05-23T18:07:54.8522620Z,1779559674852,0
2026-05-23T18:07:54.8862230Z,1779559674886,1
2026-05-23T18:07:54.9211160Z,1779559674921,1
2026-05-23T18:07:54.9550730Z,1779559674955,1
2026-05-23T18:07:54.9891010Z,1779559674989,1
2026-05-23T18:07:55.0238380Z,1779559675023,1
2026-05-23T18:07:55.0576280Z,1779559675057,0
2026-05-23T18:07:55.0925640Z,1779559675092,1
2026-05-23T18:07:55.1680910Z,1779559675168,2
2026-05-23T18:07:55.1718950Z,1779559675171,0
2026-05-23T18:07:55.2066080Z,1779559675206,1
2026-05-23T18:07:55.2479910Z,1779559675247,1
2026-05-23T18:07:55.2810470Z,1779559675281,1
2026-05-23T18:07:55.3152450Z,1779559675315,1
2026-05-23T18:07:55.3496980Z,1779559675349,0
2026-05-23T18:07:55.3839680Z,1779559675383,1
2026-05-23T18:07:55.4181240Z,1779559675418,1
2026-05-23T18:07:55.4526830Z,1779559675452,1
2026-05-23T18:07:55.4863760Z,1779559675486,0
2026-05-23T18:07:55.5210140Z,1779559675521,1
2026-05-23T18:07:55.5550440Z,1779559675555,1
2026-05-23T18:07:55.5893490Z,1779559675589,1
2026-05-23T18:07:55.6245860Z,1779559675624,1
2026-05-23T18:07:55.7032600Z,1779559675703,2
2026-05-23T18:07:55.7073540Z,1779559675707,0
2026-05-23T18:07:55.7456420Z,1779559675745,1
2026-05-23T18:07:55.7903030Z,1779559675790,1
2026-05-23T18:07:55.8270710Z,1779559675827,1
2026-05-23T18:07:55.8660900Z,1779559675866,0
2026-05-23T18:07:55.9005650Z,1779559675900,1
2026-05-23T18:07:55.9349340Z,1779559675934,1
2026-05-23T18:07:55.9686060Z,1779559675968,1
2026-05-23T18:07:56.0033750Z,1779559676003,1
2026-05-23T18:07:56.0370300Z,1779559676037,1
2026-05-23T18:07:56.0714630Z,1779559676071,1
2026-05-23T18:07:56.1055820Z,1779559676105,0
2026-05-23T18:07:56.1401330Z,1779559676140,1
2026-05-23T18:07:56.1831130Z,1779559676183,1
2026-05-23T18:07:56.2562650Z,1779559676256,2
2026-05-23T18:07:56.2597550Z,1779559676259,0
2026-05-23T18:07:56.2936740Z,1779559676293,1
2026-05-23T18:07:56.3276530Z,1779559676327,1
2026-05-23T18:07:56.3620420Z,1779559676362,0
2026-05-23T18:07:56.3962320Z,1779559676396,1
2026-05-23T18:07:56.4309890Z,1779559676430,1
2026-05-23T18:07:56.4647270Z,1779559676464,1
2026-05-23T18:07:56.4990600Z,1779559676499,0
2026-05-23T18:07:56.5335110Z,1779559676533,1
2026-05-23T18:07:56.5674440Z,1779559676567,1
2026-05-23T18:07:56.6019900Z,1779559676601,1
2026-05-23T18:07:56.6775000Z,1779559676677,2
2026-05-23T18:07:56.6828800Z,1779559676682,0
2026-05-23T18:07:56.7169260Z,1779559676716,1
2026-05-23T18:07:56.7585950Z,1779559676758,0
2026-05-23T18:07:56.7915720Z,1779559676791,1
2026-05-23T18:07:56.8256750Z,1779559676825,1
2026-05-23T18:07:56.8604510Z,1779559676860,1
2026-05-23T18:07:56.8944040Z,1779559676894,0
2026-05-23T18:07:56.9285520Z,1779559676928,2
2026-05-23T18:07:56.9631770Z,1779559676963,0
2026-05-23T18:07:56.9970170Z,1779559676997,1
2026-05-23T18:07:57.0317590Z,1779559677031,1
2026-05-23T18:07:57.0657940Z,1779559677065,1
2026-05-23T18:07:57.0999720Z,1779559677099,1
2026-05-23T18:07:57.1345300Z,1779559677134,0
2026-05-23T18:07:57.2100800Z,1779559677210,2
2026-05-23T18:07:57.2135980Z,1779559677213,0
2026-05-23T18:07:57.2473890Z,1779559677247,1
2026-05-23T18:07:57.2898980Z,1779559677289,1
2026-05-23T18:07:57.3229380Z,1779559677322,1
2026-05-23T18:07:57.3576040Z,1779559677357,1
2026-05-23T18:07:57.3916130Z,1779559677391,0
2026-05-23T18:07:57.4255470Z,1779559677425,1
2026-05-23T18:07:57.4596960Z,1779559677459,1
2026-05-23T18:07:57.4941550Z,1779559677494,1
2026-05-23T18:07:57.5281520Z,1779559677528,1
2026-05-23T18:07:57.5629970Z,1779559677562,1
2026-05-23T18:07:57.5970800Z,1779559677597,0
2026-05-23T18:07:57.6315670Z,1779559677631,1
2026-05-23T18:07:57.6656420Z,1779559677665,1
2026-05-23T18:07:57.7408550Z,1779559677740,2
2026-05-23T18:07:57.7445970Z,1779559677744,0
2026-05-23T18:07:57.7786790Z,1779559677778,0
2026-05-23T18:07:57.8211420Z,1779559677821,2
2026-05-23T18:07:57.8538150Z,1779559677853,1
2026-05-23T18:07:57.8881260Z,1779559677888,0
2026-05-23T18:07:57.9226320Z,1779559677922,1
2026-05-23T18:07:57.9566900Z,1779559677956,1
2026-05-23T18:07:57.9912430Z,1779559677991,1
2026-05-23T18:07:58.0256980Z,1779559678025,0
2026-05-23T18:07:58.0597630Z,1779559678059,1
2026-05-23T18:07:58.0945730Z,1779559678094,1
2026-05-23T18:07:58.1283810Z,1779559678128,1
2026-05-23T18:07:58.1634000Z,1779559678163,0
2026-05-23T18:07:58.1981050Z,1779559678198,1
2026-05-23T18:07:58.2414010Z,1779559678241,1
2026-05-23T18:07:58.2747080Z,1779559678274,1
2026-05-23T18:07:58.3170160Z,1779559678317,1
2026-05-23T18:07:58.3500220Z,1779559678350,1
2026-05-23T18:07:58.3846850Z,1779559678384,1
2026-05-23T18:07:58.4188410Z,1779559678418,0
2026-05-23T18:07:58.4537040Z,1779559678453,1
2026-05-23T18:07:58.4876130Z,1779559678487,1
2026-05-23T18:07:58.5221740Z,1779559678522,1
2026-05-23T18:07:58.5563360Z,1779559678556,1
2026-05-23T18:07:58.5908060Z,1779559678590,1
2026-05-23T18:07:58.6250990Z,1779559678625,1
2026-05-23T18:07:58.6597240Z,1779559678659,0
2026-05-23T18:07:58.6943620Z,1779559678694,1
2026-05-23T18:07:58.7295400Z,1779559678729,1
2026-05-23T18:07:58.7719470Z,1779559678771,1
2026-05-23T18:07:58.8051650Z,1779559678805,1
2026-05-23T18:07:58.8470610Z,1779559678847,1
2026-05-23T18:07:58.8807310Z,1779559678880,1
2026-05-23T18:07:58.9147400Z,1779559678914,0
2026-05-23T18:07:58.9490580Z,1779559678949,1
2026-05-23T18:07:58.9834800Z,1779559678983,1
2026-05-23T18:07:59.0176430Z,1779559679017,1
2026-05-23T18:07:59.0522340Z,1779559679052,1
2026-05-23T18:07:59.0861510Z,1779559679086,1
2026-05-23T18:07:59.1206900Z,1779559679120,0
2026-05-23T18:07:59.1547920Z,1779559679154,1
2026-05-23T18:07:59.1898550Z,1779559679189,1
2026-05-23T18:07:59.2248300Z,1779559679224,1
2026-05-23T18:07:59.2674780Z,1779559679267,1
2026-05-23T18:07:59.3008840Z,1779559679300,0
2026-05-23T18:07:59.3429040Z,1779559679342,2
2026-05-23T18:07:59.3758070Z,1779559679375,1
2026-05-23T18:07:59.4109900Z,1779559679410,0
2026-05-23T18:07:59.4449250Z,1779559679444,1
2026-05-23T18:07:59.4789140Z,1779559679478,1
2026-05-23T18:07:59.5137280Z,1779559679513,1
2026-05-23T18:07:59.5480240Z,1779559679548,0
2026-05-23T18:07:59.5826560Z,1779559679582,1
2026-05-23T18:07:59.6165570Z,1779559679616,1
2026-05-23T18:07:59.6507360Z,1779559679650,1
2026-05-23T18:07:59.6846990Z,1779559679684,0
2026-05-23T18:07:59.7193870Z,1779559679719,1
2026-05-23T18:07:59.7553860Z,1779559679755,1
2026-05-23T18:07:59.7973910Z,1779559679797,1
2026-05-23T18:07:59.8302640Z,1779559679830,1
2026-05-23T18:07:59.8726990Z,1779559679872,1
2026-05-23T18:07:59.9054210Z,1779559679905,1
2026-05-23T18:07:59.9395200Z,1779559679939,0
2026-05-23T18:07:59.9738370Z,1779559679973,2
2026-05-23T18:08:00.0086680Z,1779559680008,0
2026-05-23T18:08:00.0439490Z,1779559680043,1
2026-05-23T18:08:00.0777030Z,1779559680077,1
2026-05-23T18:08:00.1125480Z,1779559680112,1
2026-05-23T18:08:00.1464670Z,1779559680146,1
2026-05-23T18:08:00.1807730Z,1779559680180,0
2026-05-23T18:08:00.2155440Z,1779559680215,1
2026-05-23T18:08:00.2905810Z,1779559680290,2
2026-05-23T18:08:00.2945520Z,1779559680294,0
2026-05-23T18:08:00.3283330Z,1779559680328,1
2026-05-23T18:08:00.3702010Z,1779559680370,1
2026-05-23T18:08:00.4032510Z,1779559680403,1
2026-05-23T18:08:00.4374300Z,1779559680437,0
2026-05-23T18:08:00.4720220Z,1779559680472,1
2026-05-23T18:08:00.5059680Z,1779559680505,1
2026-05-23T18:08:00.5402130Z,1779559680540,1
2026-05-23T18:08:00.5748500Z,1779559680574,0
2026-05-23T18:08:00.6085580Z,1779559680608,1
2026-05-23T18:08:00.6430900Z,1779559680643,1
2026-05-23T18:08:00.6771190Z,1779559680677,1
2026-05-23T18:08:00.7117820Z,1779559680711,1
2026-05-23T18:08:00.7456770Z,1779559680745,1
2026-05-23T18:08:00.8210710Z,1779559680821,1
2026-05-23T18:08:00.8247400Z,1779559680824,0
2026-05-23T18:08:00.8585950Z,1779559680858,1
2026-05-23T18:08:00.9004390Z,1779559680900,1
2026-05-23T18:08:00.9333220Z,1779559680933,1
2026-05-23T18:08:00.9674400Z,1779559680967,1
2026-05-23T18:08:01.0020040Z,1779559681002,1
2026-05-23T18:08:01.0360630Z,1779559681036,1
2026-05-23T18:08:01.0700860Z,1779559681070,0
2026-05-23T18:08:01.1048110Z,1779559681104,1
2026-05-23T18:08:01.1386420Z,1779559681138,1
2026-05-23T18:08:01.1731740Z,1779559681173,1
2026-05-23T18:08:01.2074000Z,1779559681207,0
2026-05-23T18:08:01.2423420Z,1779559681242,2
2026-05-23T18:08:01.2768770Z,1779559681276,0
2026-05-23T18:08:01.3197380Z,1779559681319,1
2026-05-23T18:08:01.3525810Z,1779559681352,1
2026-05-23T18:08:01.3960300Z,1779559681396,1
2026-05-23T18:08:01.4290830Z,1779559681429,1
2026-05-23T18:08:01.4632780Z,1779559681463,1
2026-05-23T18:08:01.4972170Z,1779559681497,1
2026-05-23T18:08:01.5317920Z,1779559681531,1
2026-05-23T18:08:01.5658000Z,1779559681565,0
2026-05-23T18:08:01.6001690Z,1779559681600,1
2026-05-23T18:08:01.6345840Z,1779559681634,1
2026-05-23T18:08:01.6684570Z,1779559681668,1
2026-05-23T18:08:01.7030390Z,1779559681703,0
2026-05-23T18:08:01.7372800Z,1779559681737,1
2026-05-23T18:08:01.7715830Z,1779559681771,1
2026-05-23T18:08:01.8142300Z,1779559681814,1
2026-05-23T18:08:01.8473040Z,1779559681847,1
2026-05-23T18:08:01.8895230Z,1779559681889,1
2026-05-23T18:08:01.9227950Z,1779559681922,1
2026-05-23T18:08:01.9568950Z,1779559681956,0
2026-05-23T18:08:01.9915140Z,1779559681991,1
2026-05-23T18:08:02.0253980Z,1779559682025,1
2026-05-23T18:08:02.0597880Z,1779559682059,1
2026-05-23T18:08:02.0943630Z,1779559682094,1
2026-05-23T18:08:02.1280080Z,1779559682128,1
2026-05-23T18:08:02.1629010Z,1779559682162,1
2026-05-23T18:08:02.1967110Z,1779559682196,0
2026-05-23T18:08:02.2319050Z,1779559682231,1
2026-05-23T18:08:02.2657150Z,1779559682265,1
2026-05-23T18:08:02.3013530Z,1779559682301,1
2026-05-23T18:08:02.3432060Z,1779559682343,1
2026-05-23T18:08:02.3760450Z,1779559682376,1
2026-05-23T18:08:02.4198930Z,1779559682419,1
2026-05-23T18:08:02.4524630Z,1779559682452,0
2026-05-23T18:08:02.4866440Z,1779559682486,1
2026-05-23T18:08:02.5213650Z,1779559682521,1
2026-05-23T18:08:02.5552910Z,1779559682555,1
2026-05-23T18:08:02.5897760Z,1779559682589,1
2026-05-23T18:08:02.6243240Z,1779559682624,1
2026-05-23T18:08:02.6584900Z,1779559682658,0
2026-05-23T18:08:02.6933830Z,1779559682693,1
2026-05-23T18:08:02.7272820Z,1779559682727,1
2026-05-23T18:08:02.7623450Z,1779559682762,1
2026-05-23T18:08:02.8373570Z,1779559682837,1
2026-05-23T18:08:02.8412310Z,1779559682841,0
2026-05-23T18:08:02.8751620Z,1779559682875,2
2026-05-23T18:08:02.9505240Z,1779559682950,1
2026-05-23T18:08:02.9540870Z,1779559682954,0
2026-05-23T18:08:02.9878120Z,1779559682987,1
2026-05-23T18:08:03.0229550Z,1779559683022,1
2026-05-23T18:08:03.0566510Z,1779559683056,1
2026-05-23T18:08:03.0911890Z,1779559683091,0
2026-05-23T18:08:03.1257110Z,1779559683125,1
2026-05-23T18:08:03.1600880Z,1779559683160,1
2026-05-23T18:08:03.1946930Z,1779559683194,1
2026-05-23T18:08:03.2285300Z,1779559683228,1
2026-05-23T18:08:03.2633040Z,1779559683263,1
2026-05-23T18:08:03.2979210Z,1779559683297,1
2026-05-23T18:08:03.3735500Z,1779559683373,1
2026-05-23T18:08:03.3769030Z,1779559683376,0
2026-05-23T18:08:03.4111760Z,1779559683411,1
2026-05-23T18:08:03.4542850Z,1779559683454,1
2026-05-23T18:08:03.4867780Z,1779559683486,1
2026-05-23T18:08:03.5212190Z,1779559683521,1
2026-05-23T18:08:03.5554800Z,1779559683555,1
2026-05-23T18:08:03.5895560Z,1779559683589,0
2026-05-23T18:08:03.6241730Z,1779559683624,1
2026-05-23T18:08:03.6582610Z,1779559683658,1
2026-05-23T18:08:03.6929550Z,1779559683692,1
2026-05-23T18:08:03.7271800Z,1779559683727,0
2026-05-23T18:08:03.7615020Z,1779559683761,2
2026-05-23T18:08:03.7960660Z,1779559683796,0
2026-05-23T18:08:03.8312580Z,1779559683831,1
2026-05-23T18:08:03.8733400Z,1779559683873,1
2026-05-23T18:08:03.9061430Z,1779559683906,1
2026-05-23T18:08:03.9490660Z,1779559683949,1
2026-05-23T18:08:03.9830000Z,1779559683983,1
2026-05-23T18:08:04.0165000Z,1779559684016,1
2026-05-23T18:08:04.0510150Z,1779559684051,1
2026-05-23T18:08:04.0850560Z,1779559684085,0
2026-05-23T18:08:04.1195450Z,1779559684119,1
2026-05-23T18:08:04.1538650Z,1779559684153,1
2026-05-23T18:08:04.1879280Z,1779559684187,1
2026-05-23T18:08:04.2221240Z,1779559684222,0
2026-05-23T18:08:04.2560370Z,1779559684256,1
2026-05-23T18:08:04.2910670Z,1779559684291,1
2026-05-23T18:08:04.3251250Z,1779559684325,1
2026-05-23T18:08:04.3614580Z,1779559684361,0
2026-05-23T18:08:04.4034300Z,1779559684403,2
2026-05-23T18:08:04.4370390Z,1779559684437,1
2026-05-23T18:08:04.4787170Z,1779559684478,0
2026-05-23T18:08:04.5120210Z,1779559684512,1
2026-05-23T18:08:04.5461090Z,1779559684546,1
2026-05-23T18:08:04.5806400Z,1779559684580,1
2026-05-23T18:08:04.6148610Z,1779559684614,0
2026-05-23T18:08:04.6492890Z,1779559684649,1
2026-05-23T18:08:04.6837440Z,1779559684683,1
2026-05-23T18:08:04.7181170Z,1779559684718,1
2026-05-23T18:08:04.7522350Z,1779559684752,1
2026-05-23T18:08:04.7860590Z,1779559684786,1
2026-05-23T18:08:04.8209410Z,1779559684820,1
2026-05-23T18:08:04.8556620Z,1779559684855,0
2026-05-23T18:08:04.8981430Z,1779559684898,1
2026-05-23T18:08:04.9315430Z,1779559684931,1
2026-05-23T18:08:04.9741040Z,1779559684974,1
2026-05-23T18:08:05.0073920Z,1779559685007,1
2026-05-23T18:08:05.0420040Z,1779559685042,1
2026-05-23T18:08:05.0758460Z,1779559685075,1
2026-05-23T18:08:05.1105590Z,1779559685110,0
2026-05-23T18:08:05.1449450Z,1779559685144,1
2026-05-23T18:08:05.1786440Z,1779559685178,1
2026-05-23T18:08:05.2129770Z,1779559685212,1
2026-05-23T18:08:05.2472460Z,1779559685247,0
2026-05-23T18:08:05.2816810Z,1779559685281,1
2026-05-23T18:08:05.3155600Z,1779559685315,1
2026-05-23T18:08:05.3500600Z,1779559685350,1
2026-05-23T18:08:05.3854710Z,1779559685385,1
2026-05-23T18:08:05.4277650Z,1779559685427,1
2026-05-23T18:08:05.5016260Z,1779559685501,1
2026-05-23T18:08:05.5053540Z,1779559685505,0
2026-05-23T18:08:05.5389550Z,1779559685538,1
2026-05-23T18:08:05.5734090Z,1779559685573,1
2026-05-23T18:08:05.6075050Z,1779559685607,1
2026-05-23T18:08:05.6449920Z,1779559685644,1
2026-05-23T18:08:05.6842950Z,1779559685684,1
2026-05-23T18:08:05.7222560Z,1779559685722,1
2026-05-23T18:08:05.7596680Z,1779559685759,0
2026-05-23T18:08:05.7990150Z,1779559685799,2
2026-05-23T18:08:05.8375560Z,1779559685837,1
2026-05-23T18:08:05.8747170Z,1779559685874,0
2026-05-23T18:08:05.9183930Z,1779559685918,1
2026-05-23T18:08:05.9506920Z,1779559685950,1
2026-05-23T18:08:05.9923100Z,1779559685992,1
2026-05-23T18:08:06.0254990Z,1779559686025,1
2026-05-23T18:08:06.0594730Z,1779559686059,1
2026-05-23T18:08:06.0940340Z,1779559686094,1
2026-05-23T18:08:06.1279910Z,1779559686127,0
2026-05-23T18:08:06.1628900Z,1779559686162,1
2026-05-23T18:08:06.1965470Z,1779559686196,1
2026-05-23T18:08:06.2313220Z,1779559686231,1
2026-05-23T18:08:06.2655070Z,1779559686265,1
2026-05-23T18:08:06.2994840Z,1779559686299,1
2026-05-23T18:08:06.3343300Z,1779559686334,0
2026-05-23T18:08:06.3684520Z,1779559686368,1
2026-05-23T18:08:06.4039270Z,1779559686403,1
2026-05-23T18:08:06.4458600Z,1779559686445,1
2026-05-23T18:08:06.4788890Z,1779559686478,1
2026-05-23T18:08:06.5211470Z,1779559686521,1
2026-05-23T18:08:06.5538410Z,1779559686553,1
2026-05-23T18:08:06.5884850Z,1779559686588,1
2026-05-23T18:08:06.6228120Z,1779559686622,0
2026-05-23T18:08:06.6570560Z,1779559686657,1
2026-05-23T18:08:06.6918830Z,1779559686691,1
2026-05-23T18:08:06.7257080Z,1779559686725,1
2026-05-23T18:08:06.7605080Z,1779559686760,0
2026-05-23T18:08:06.7946040Z,1779559686794,1
2026-05-23T18:08:06.8288510Z,1779559686828,1
2026-05-23T18:08:06.8638870Z,1779559686863,1
2026-05-23T18:08:06.8981510Z,1779559686898,1
2026-05-23T18:08:06.9412350Z,1779559686941,1
2026-05-23T18:08:06.9741380Z,1779559686974,1
2026-05-23T18:08:07.0090480Z,1779559687009,0
2026-05-23T18:08:07.0428910Z,1779559687042,1
2026-05-23T18:08:07.0771150Z,1779559687077,1
2026-05-23T18:08:07.1117940Z,1779559687111,1
2026-05-23T18:08:07.1458050Z,1779559687145,1
2026-05-23T18:08:07.1807590Z,1779559687180,1
2026-05-23T18:08:07.2150010Z,1779559687215,0
2026-05-23T18:08:07.2491310Z,1779559687249,1
2026-05-23T18:08:07.2838430Z,1779559687283,1
2026-05-23T18:08:07.3180130Z,1779559687318,1
2026-05-23T18:08:07.3526570Z,1779559687352,1
2026-05-23T18:08:07.3869970Z,1779559687386,0
2026-05-23T18:08:07.4220280Z,1779559687422,1
2026-05-23T18:08:07.4644250Z,1779559687464,1
2026-05-23T18:08:07.5379640Z,1779559687537,2
2026-05-23T18:08:07.5416240Z,1779559687541,0
2026-05-23T18:08:07.5754240Z,1779559687575,1
2026-05-23T18:08:07.6102650Z,1779559687610,1
2026-05-23T18:08:07.6445070Z,1779559687644,0
2026-05-23T18:08:07.6787400Z,1779559687678,1
2026-05-23T18:08:07.7136570Z,1779559687713,1
2026-05-23T18:08:07.7475130Z,1779559687747,1
2026-05-23T18:08:07.7822140Z,1779559687782,1
2026-05-23T18:08:07.8161370Z,1779559687816,1
2026-05-23T18:08:07.8505790Z,1779559687850,1
2026-05-23T18:08:07.8850390Z,1779559687885,0
2026-05-23T18:08:07.9609390Z,1779559687960,2
2026-05-23T18:08:07.9647480Z,1779559687964,0
2026-05-23T18:08:07.9989020Z,1779559687998,1
2026-05-23T18:08:08.0427190Z,1779559688042,1
2026-05-23T18:08:08.0754950Z,1779559688075,1
2026-05-23T18:08:08.1098980Z,1779559688109,1
2026-05-23T18:08:08.1446670Z,1779559688144,0
2026-05-23T18:08:08.1786910Z,1779559688178,1
2026-05-23T18:08:08.2130770Z,1779559688213,1
2026-05-23T18:08:08.2474970Z,1779559688247,1
2026-05-23T18:08:08.2819790Z,1779559688281,1
2026-05-23T18:08:08.3160880Z,1779559688316,1
2026-05-23T18:08:08.3506630Z,1779559688350,0
2026-05-23T18:08:08.3848150Z,1779559688384,1
2026-05-23T18:08:08.4199060Z,1779559688419,1
2026-05-23T18:08:08.4625920Z,1779559688462,1
2026-05-23T18:08:08.4951350Z,1779559688495,1
2026-05-23T18:08:08.5369890Z,1779559688536,1
2026-05-23T18:08:08.5697840Z,1779559688569,1
2026-05-23T18:08:08.6049520Z,1779559688604,1
2026-05-23T18:08:08.6387440Z,1779559688638,0
2026-05-23T18:08:08.6732380Z,1779559688673,1
2026-05-23T18:08:08.7070180Z,1779559688707,1
2026-05-23T18:08:08.7418870Z,1779559688741,1
2026-05-23T18:08:08.7757890Z,1779559688775,0
2026-05-23T18:08:08.8101680Z,1779559688810,1
2026-05-23T18:08:08.8441860Z,1779559688844,1
2026-05-23T18:08:08.8786360Z,1779559688878,1
2026-05-23T18:08:08.9133590Z,1779559688913,1
2026-05-23T18:08:08.9476110Z,1779559688947,1
2026-05-23T18:08:08.9911560Z,1779559688991,1
2026-05-23T18:08:09.0239190Z,1779559689023,0
2026-05-23T18:08:09.0672130Z,1779559689067,1
2026-05-23T18:08:09.0994480Z,1779559689099,1
2026-05-23T18:08:09.1336910Z,1779559689133,1
2026-05-23T18:08:09.1678320Z,1779559689167,1
2026-05-23T18:08:09.2023210Z,1779559689202,1
2026-05-23T18:08:09.2365490Z,1779559689236,1
2026-05-23T18:08:09.2710070Z,1779559689271,0
2026-05-23T18:08:09.3049860Z,1779559689304,1
2026-05-23T18:08:09.3391810Z,1779559689339,1
2026-05-23T18:08:09.3738430Z,1779559689373,1
2026-05-23T18:08:09.4078940Z,1779559689407,0
2026-05-23T18:08:09.4426750Z,1779559689442,1
2026-05-23T18:08:09.4775040Z,1779559689477,1
2026-05-23T18:08:09.5203610Z,1779559689520,1
2026-05-23T18:08:09.5540280Z,1779559689554,1
2026-05-23T18:08:09.5959350Z,1779559689595,1
2026-05-23T18:08:09.6283250Z,1779559689628,1
2026-05-23T18:08:09.6627740Z,1779559689662,0
2026-05-23T18:08:09.6968120Z,1779559689696,1
2026-05-23T18:08:09.7314220Z,1779559689731,1
2026-05-23T18:08:09.7652950Z,1779559689765,1
2026-05-23T18:08:09.7995760Z,1779559689799,0
2026-05-23T18:08:09.8340070Z,1779559689834,2
2026-05-23T18:08:09.8678520Z,1779559689867,0
2026-05-23T18:08:09.9024040Z,1779559689902,1
2026-05-23T18:08:09.9370460Z,1779559689937,1
2026-05-23T18:08:09.9717410Z,1779559689971,1
2026-05-23T18:08:10.0140050Z,1779559690014,1
2026-05-23T18:08:10.0469610Z,1779559690046,0
2026-05-23T18:08:10.0894140Z,1779559690089,2
2026-05-23T18:08:10.1229120Z,1779559690122,0
2026-05-23T18:08:10.1574160Z,1779559690157,1
2026-05-23T18:08:10.1915640Z,1779559690191,1
2026-05-23T18:08:10.2254520Z,1779559690225,1
2026-05-23T18:08:10.2599210Z,1779559690259,1
2026-05-23T18:08:10.2943040Z,1779559690294,0
2026-05-23T18:08:10.3280940Z,1779559690328,1
2026-05-23T18:08:10.3624380Z,1779559690362,1
2026-05-23T18:08:10.3965760Z,1779559690396,1
2026-05-23T18:08:10.4310590Z,1779559690431,0
2026-05-23T18:08:10.4654320Z,1779559690465,1
2026-05-23T18:08:10.5010320Z,1779559690501,1
2026-05-23T18:08:10.5424160Z,1779559690542,1
2026-05-23T18:08:10.5754460Z,1779559690575,1
2026-05-23T18:08:10.6111620Z,1779559690611,1
2026-05-23T18:08:10.6540550Z,1779559690654,1
2026-05-23T18:08:10.6861510Z,1779559690686,1
2026-05-23T18:08:10.7207970Z,1779559690720,1
2026-05-23T18:08:10.7545600Z,1779559690754,0
2026-05-23T18:08:10.7891020Z,1779559690789,1
2026-05-23T18:08:10.8235810Z,1779559690823,1
2026-05-23T18:08:10.8572990Z,1779559690857,1
2026-05-23T18:08:10.8919540Z,1779559690891,1
2026-05-23T18:08:10.9258840Z,1779559690925,0
2026-05-23T18:08:10.9606880Z,1779559690960,1
2026-05-23T18:08:11.0363820Z,1779559691036,2
2026-05-23T18:08:11.0402010Z,1779559691040,0
2026-05-23T18:08:11.0740040Z,1779559691074,1
2026-05-23T18:08:11.1162750Z,1779559691116,1
2026-05-23T18:08:11.1492300Z,1779559691149,1
2026-05-23T18:08:11.1839050Z,1779559691183,0
2026-05-23T18:08:11.2177810Z,1779559691217,1
2026-05-23T18:08:11.2523560Z,1779559691252,1
2026-05-23T18:08:11.2866130Z,1779559691286,1
2026-05-23T18:08:11.3213330Z,1779559691321,1
2026-05-23T18:08:11.3549970Z,1779559691354,1
2026-05-23T18:08:11.3893500Z,1779559691389,0
2026-05-23T18:08:11.4242020Z,1779559691424,1
2026-05-23T18:08:11.4579500Z,1779559691457,1
2026-05-23T18:08:11.4926910Z,1779559691492,1
2026-05-23T18:08:11.5686130Z,1779559691568,1
2026-05-23T18:08:11.5729660Z,1779559691572,1
2026-05-23T18:08:11.6077860Z,1779559691607,1
2026-05-23T18:08:11.6499430Z,1779559691649,1
2026-05-23T18:08:11.6832790Z,1779559691683,0
2026-05-23T18:08:11.7175180Z,1779559691717,1
2026-05-23T18:08:11.7525990Z,1779559691752,1
2026-05-23T18:08:11.7864080Z,1779559691786,1
2026-05-23T18:08:11.8211370Z,1779559691821,0
2026-05-23T18:08:11.8554230Z,1779559691855,1
2026-05-23T18:08:11.8894450Z,1779559691889,1
2026-05-23T18:08:11.9241090Z,1779559691924,1
2026-05-23T18:08:11.9584910Z,1779559691958,1
2026-05-23T18:08:11.9935590Z,1779559691993,1
2026-05-23T18:08:12.0280210Z,1779559692028,0
2026-05-23T18:08:12.0702330Z,1779559692070,1
2026-05-23T18:08:12.1031480Z,1779559692103,1
2026-05-23T18:08:12.1452430Z,1779559692145,1
2026-05-23T18:08:12.1782980Z,1779559692178,1
2026-05-23T18:08:12.2129090Z,1779559692212,1
2026-05-23T18:08:12.2470270Z,1779559692247,1
2026-05-23T18:08:12.2817420Z,1779559692281,1
2026-05-23T18:08:12.3157190Z,1779559692315,0
2026-05-23T18:08:12.3498610Z,1779559692349,1
2026-05-23T18:08:12.3846030Z,1779559692384,1
2026-05-23T18:08:12.4191420Z,1779559692419,1
2026-05-23T18:08:12.4528440Z,1779559692452,0
2026-05-23T18:08:12.4872470Z,1779559692487,1
2026-05-23T18:08:12.5229950Z,1779559692522,1
2026-05-23T18:08:12.5651720Z,1779559692565,1
2026-05-23T18:08:12.5982280Z,1779559692598,1
2026-05-23T18:08:12.6402180Z,1779559692640,1
2026-05-23T18:08:12.6733830Z,1779559692673,1
2026-05-23T18:08:12.7079270Z,1779559692707,0
2026-05-23T18:08:12.7422360Z,1779559692742,1
2026-05-23T18:08:12.7764050Z,1779559692776,1
2026-05-23T18:08:12.8109750Z,1779559692810,1
2026-05-23T18:08:12.8446820Z,1779559692844,1
2026-05-23T18:08:12.8791920Z,1779559692879,1
2026-05-23T18:08:12.9141260Z,1779559692914,1
2026-05-23T18:08:12.9481700Z,1779559692948,0
2026-05-23T18:08:12.9827770Z,1779559692982,1
2026-05-23T18:08:13.0172120Z,1779559693017,1
2026-05-23T18:08:13.0522370Z,1779559693052,1
2026-05-23T18:08:13.0946370Z,1779559693094,1
2026-05-23T18:08:13.1274140Z,1779559693127,1
2026-05-23T18:08:13.1701470Z,1779559693170,1
2026-05-23T18:08:13.2031160Z,1779559693203,0
2026-05-23T18:08:13.2374330Z,1779559693237,1
2026-05-23T18:08:13.2717110Z,1779559693271,1
2026-05-23T18:08:13.3057340Z,1779559693305,1
2026-05-23T18:08:13.3406230Z,1779559693340,0
2026-05-23T18:08:13.3744500Z,1779559693374,1
2026-05-23T18:08:13.4086410Z,1779559693408,1
2026-05-23T18:08:13.4433790Z,1779559693443,1
2026-05-23T18:08:13.4769190Z,1779559693476,0
2026-05-23T18:08:13.5116030Z,1779559693511,2
2026-05-23T18:08:13.5463640Z,1779559693546,0
2026-05-23T18:08:13.5901830Z,1779559693590,1
2026-05-23T18:08:13.6233110Z,1779559693623,1
2026-05-23T18:08:13.6658160Z,1779559693665,1
2026-05-23T18:08:13.6986270Z,1779559693698,1
2026-05-23T18:08:13.7330700Z,1779559693733,1
2026-05-23T18:08:13.7671150Z,1779559693767,1
2026-05-23T18:08:13.8016860Z,1779559693801,0
2026-05-23T18:08:13.8360150Z,1779559693836,1
2026-05-23T18:08:13.8698570Z,1779559693869,1
2026-05-23T18:08:13.9047180Z,1779559693904,1
2026-05-23T18:08:13.9386020Z,1779559693938,1
2026-05-23T18:08:13.9731670Z,1779559693973,0
2026-05-23T18:08:14.0071350Z,1779559694007,1
2026-05-23T18:08:14.0420510Z,1779559694042,1
2026-05-23T18:08:14.1169760Z,1779559694116,2
2026-05-23T18:08:14.1206890Z,1779559694120,0
2026-05-23T18:08:14.1548370Z,1779559694154,1
2026-05-23T18:08:14.1969540Z,1779559694196,1
2026-05-23T18:08:14.2294040Z,1779559694229,0
2026-05-23T18:08:14.2643160Z,1779559694264,1
2026-05-23T18:08:14.2984990Z,1779559694298,1
2026-05-23T18:08:14.3325170Z,1779559694332,1
2026-05-23T18:08:14.3663740Z,1779559694366,1
2026-05-23T18:08:14.4011160Z,1779559694401,1
2026-05-23T18:08:14.4350020Z,1779559694435,0
2026-05-23T18:08:14.4692470Z,1779559694469,1
2026-05-23T18:08:14.5036770Z,1779559694503,1
2026-05-23T18:08:14.5379290Z,1779559694537,1
2026-05-23T18:08:14.5725270Z,1779559694572,1
2026-05-23T18:08:14.6153180Z,1779559694615,0
2026-05-23T18:08:14.6482120Z,1779559694648,1
2026-05-23T18:08:14.6913410Z,1779559694691,2
2026-05-23T18:08:14.7239540Z,1779559694723,0
2026-05-23T18:08:14.7582640Z,1779559694758,1
2026-05-23T18:08:14.7928400Z,1779559694792,1
2026-05-23T18:08:14.8268110Z,1779559694826,1
2026-05-23T18:08:14.8612240Z,1779559694861,0
2026-05-23T18:08:14.8952650Z,1779559694895,1
2026-05-23T18:08:14.9296220Z,1779559694929,1
2026-05-23T18:08:14.9641280Z,1779559694964,1
2026-05-23T18:08:14.9982580Z,1779559694998,1
2026-05-23T18:08:15.0329080Z,1779559695032,1
2026-05-23T18:08:15.0670420Z,1779559695067,0
2026-05-23T18:08:15.1025300Z,1779559695102,1
2026-05-23T18:08:15.1441870Z,1779559695144,1
2026-05-23T18:08:15.1770900Z,1779559695177,1
2026-05-23T18:08:15.2191500Z,1779559695219,1
2026-05-23T18:08:15.2522540Z,1779559695252,1
2026-05-23T18:08:15.2862940Z,1779559695286,1
2026-05-23T18:08:15.3207820Z,1779559695320,1
2026-05-23T18:08:15.3553170Z,1779559695355,0
2026-05-23T18:08:15.3896460Z,1779559695389,1
2026-05-23T18:08:15.4241800Z,1779559695424,1
2026-05-23T18:08:15.4587310Z,1779559695458,1
2026-05-23T18:08:15.4926250Z,1779559695492,0
2026-05-23T18:08:15.5268970Z,1779559695526,1
2026-05-23T18:08:15.5613440Z,1779559695561,1
2026-05-23T18:08:15.5958590Z,1779559695595,1
2026-05-23T18:08:15.6415590Z,1779559695641,1
2026-05-23T18:08:15.7200230Z,1779559695720,2
2026-05-23T18:08:15.7238570Z,1779559695723,0
2026-05-23T18:08:15.7616380Z,1779559695761,1
2026-05-23T18:08:15.8017080Z,1779559695801,1
2026-05-23T18:08:15.8393250Z,1779559695839,1
2026-05-23T18:08:15.8767280Z,1779559695876,1
2026-05-23T18:08:15.9111100Z,1779559695911,1
2026-05-23T18:08:15.9453460Z,1779559695945,0
2026-05-23T18:08:15.9797030Z,1779559695979,1
2026-05-23T18:08:16.0145860Z,1779559696014,1
2026-05-23T18:08:16.0484910Z,1779559696048,1
2026-05-23T18:08:16.0833310Z,1779559696083,1
2026-05-23T18:08:16.1586320Z,1779559696158,1
2026-05-23T18:08:16.1622140Z,1779559696162,0
2026-05-23T18:08:16.1959210Z,1779559696195,1
2026-05-23T18:08:16.2383970Z,1779559696238,1
2026-05-23T18:08:16.2713450Z,1779559696271,1
2026-05-23T18:08:16.3056020Z,1779559696305,1
2026-05-23T18:08:16.3401570Z,1779559696340,1
2026-05-23T18:08:16.3746640Z,1779559696374,0
2026-05-23T18:08:16.4091160Z,1779559696409,1
2026-05-23T18:08:16.4438030Z,1779559696443,1
2026-05-23T18:08:16.4775150Z,1779559696477,1
2026-05-23T18:08:16.5120750Z,1779559696512,0
2026-05-23T18:08:16.5464610Z,1779559696546,1
2026-05-23T18:08:16.5810150Z,1779559696581,1
2026-05-23T18:08:16.6152600Z,1779559696615,1
2026-05-23T18:08:16.6906380Z,1779559696690,2
2026-05-23T18:08:16.6943000Z,1779559696694,0
2026-05-23T18:08:16.7287020Z,1779559696728,1
2026-05-23T18:08:16.7708690Z,1779559696770,1
2026-05-23T18:08:16.8033950Z,1779559696803,1
2026-05-23T18:08:16.8376670Z,1779559696837,1
2026-05-23T18:08:16.8725420Z,1779559696872,0
2026-05-23T18:08:16.9065330Z,1779559696906,1
2026-05-23T18:08:16.9411280Z,1779559696941,1
2026-05-23T18:08:16.9754390Z,1779559696975,1
2026-05-23T18:08:17.0102210Z,1779559697010,0
2026-05-23T18:08:17.0443730Z,1779559697044,1
2026-05-23T18:08:17.0784350Z,1779559697078,1
2026-05-23T18:08:17.1136400Z,1779559697113,1
2026-05-23T18:08:17.1482510Z,1779559697148,1
2026-05-23T18:08:17.1906370Z,1779559697190,1
2026-05-23T18:08:17.2236560Z,1779559697223,1
2026-05-23T18:08:17.2656620Z,1779559697265,0
2026-05-23T18:08:17.2992490Z,1779559697299,1
2026-05-23T18:08:17.3337510Z,1779559697333,1
2026-05-23T18:08:17.3676540Z,1779559697367,1
2026-05-23T18:08:17.4024160Z,1779559697402,1
2026-05-23T18:08:17.4363100Z,1779559697436,1
2026-05-23T18:08:17.4708000Z,1779559697470,1
2026-05-23T18:08:17.5051430Z,1779559697505,0
2026-05-23T18:08:17.5392230Z,1779559697539,1
2026-05-23T18:08:17.5742300Z,1779559697574,1
2026-05-23T18:08:17.6081050Z,1779559697608,1
2026-05-23T18:08:17.6436120Z,1779559697643,0
2026-05-23T18:08:17.6857510Z,1779559697685,2
2026-05-23T18:08:17.7585500Z,1779559697758,1
2026-05-23T18:08:17.7619620Z,1779559697761,0
2026-05-23T18:08:17.7951870Z,1779559697795,1
2026-05-23T18:08:17.8299480Z,1779559697829,1
2026-05-23T18:08:17.8644090Z,1779559697864,1
2026-05-23T18:08:17.8983000Z,1779559697898,0
2026-05-23T18:08:17.9328600Z,1779559697932,1
2026-05-23T18:08:17.9667510Z,1779559697966,1
2026-05-23T18:08:18.0015100Z,1779559698001,1
2026-05-23T18:08:18.0355330Z,1779559698035,1
2026-05-23T18:08:18.0697100Z,1779559698069,1
2026-05-23T18:08:18.1040430Z,1779559698104,1
2026-05-23T18:08:18.1387340Z,1779559698138,0
2026-05-23T18:08:18.1739850Z,1779559698173,1
2026-05-23T18:08:18.2162660Z,1779559698216,1
2026-05-23T18:08:18.2898000Z,1779559698289,2
2026-05-23T18:08:18.2933860Z,1779559698293,0
2026-05-23T18:08:18.3270140Z,1779559698327,1
2026-05-23T18:08:18.3615700Z,1779559698361,1
2026-05-23T18:08:18.3957760Z,1779559698395,0
2026-05-23T18:08:18.4301420Z,1779559698430,1
2026-05-23T18:08:18.4651770Z,1779559698465,1
2026-05-23T18:08:18.4987040Z,1779559698498,1
2026-05-23T18:08:18.5332790Z,1779559698533,0
2026-05-23T18:08:18.5673670Z,1779559698567,1
2026-05-23T18:08:18.6017170Z,1779559698601,1
2026-05-23T18:08:18.6363130Z,1779559698636,1
2026-05-23T18:08:18.7118260Z,1779559698711,2
2026-05-23T18:08:18.7151660Z,1779559698715,0
2026-05-23T18:08:18.7493680Z,1779559698749,1
2026-05-23T18:08:18.7928300Z,1779559698792,1
2026-05-23T18:08:18.8253980Z,1779559698825,0
2026-05-23T18:08:18.8595050Z,1779559698859,1
2026-05-23T18:08:18.8939020Z,1779559698893,1
2026-05-23T18:08:18.9277080Z,1779559698927,1
2026-05-23T18:08:18.9623560Z,1779559698962,1
2026-05-23T18:08:18.9964920Z,1779559698996,1
2026-05-23T18:08:19.0306930Z,1779559699030,0
2026-05-23T18:08:19.0648490Z,1779559699064,1
2026-05-23T18:08:19.0993220Z,1779559699099,1
2026-05-23T18:08:19.1336710Z,1779559699133,1
2026-05-23T18:08:19.1678300Z,1779559699167,0
2026-05-23T18:08:19.2434570Z,1779559699243,2
2026-05-23T18:08:19.2468090Z,1779559699246,0
2026-05-23T18:08:19.2820150Z,1779559699282,1
2026-05-23T18:08:19.3235270Z,1779559699323,1
2026-05-23T18:08:19.3563720Z,1779559699356,1
2026-05-23T18:08:19.3907730Z,1779559699390,1
2026-05-23T18:08:19.4253770Z,1779559699425,0
2026-05-23T18:08:19.4592270Z,1779559699459,1
2026-05-23T18:08:19.4935570Z,1779559699493,1
2026-05-23T18:08:19.5275270Z,1779559699527,1
2026-05-23T18:08:19.5619130Z,1779559699561,1
2026-05-23T18:08:19.5962840Z,1779559699596,1
2026-05-23T18:08:19.6307370Z,1779559699630,1
2026-05-23T18:08:19.6649790Z,1779559699664,0
2026-05-23T18:08:19.6993230Z,1779559699699,1
2026-05-23T18:08:19.7419580Z,1779559699741,1
2026-05-23T18:08:19.7745190Z,1779559699774,1
2026-05-23T18:08:19.8089000Z,1779559699808,0
2026-05-23T18:08:19.8434720Z,1779559699843,2
2026-05-23T18:08:19.8773390Z,1779559699877,0
2026-05-23T18:08:19.9120310Z,1779559699912,1
2026-05-23T18:08:19.9460240Z,1779559699946,1
2026-05-23T18:08:19.9804900Z,1779559699980,1
2026-05-23T18:08:20.0148790Z,1779559700014,1
2026-05-23T18:08:20.0492620Z,1779559700049,0
2026-05-23T18:08:20.0836600Z,1779559700083,1
2026-05-23T18:08:20.1175270Z,1779559700117,1
2026-05-23T18:08:20.1520210Z,1779559700152,1
2026-05-23T18:08:20.1868040Z,1779559700186,1
2026-05-23T18:08:20.2221280Z,1779559700222,1
2026-05-23T18:08:20.2636220Z,1779559700263,1
2026-05-23T18:08:20.2963690Z,1779559700296,0
2026-05-23T18:08:20.3390890Z,1779559700339,1
2026-05-23T18:08:20.3730070Z,1779559700373,1
2026-05-23T18:08:20.4067370Z,1779559700406,1
2026-05-23T18:08:20.4412990Z,1779559700441,1
2026-05-23T18:08:20.4761020Z,1779559700476,1
2026-05-23T18:08:20.5104070Z,1779559700510,1
2026-05-23T18:08:20.5446020Z,1779559700544,0
2026-05-23T18:08:20.5794430Z,1779559700579,1
2026-05-23T18:08:20.6141240Z,1779559700614,1
2026-05-23T18:08:20.6479810Z,1779559700647,1
2026-05-23T18:08:20.6830700Z,1779559700683,0
2026-05-23T18:08:20.7174100Z,1779559700717,1
2026-05-23T18:08:20.7595610Z,1779559700759,1
2026-05-23T18:08:20.7933860Z,1779559700793,1
2026-05-23T18:08:20.8350990Z,1779559700835,1
2026-05-23T18:08:20.8686960Z,1779559700868,1
2026-05-23T18:08:20.9036200Z,1779559700903,1
2026-05-23T18:08:20.9375270Z,1779559700937,0
2026-05-23T18:08:20.9720980Z,1779559700972,1
2026-05-23T18:08:21.0061110Z,1779559701006,1
2026-05-23T18:08:21.0408370Z,1779559701040,1
2026-05-23T18:08:21.0747280Z,1779559701074,1
2026-05-23T18:08:21.1093550Z,1779559701109,1
2026-05-23T18:08:21.1436900Z,1779559701143,1
2026-05-23T18:08:21.1777330Z,1779559701177,0
2026-05-23T18:08:21.2127940Z,1779559701212,1
2026-05-23T18:08:21.2478420Z,1779559701247,1
2026-05-23T18:08:21.2902280Z,1779559701290,1
2026-05-23T18:08:21.3234700Z,1779559701323,1
2026-05-23T18:08:21.3590710Z,1779559701359,1
2026-05-23T18:08:21.4007250Z,1779559701400,1
2026-05-23T18:08:21.4336480Z,1779559701433,0
2026-05-23T18:08:21.4678730Z,1779559701467,1
2026-05-23T18:08:21.5025080Z,1779559701502,1
2026-05-23T18:08:21.5367970Z,1779559701536,1
2026-05-23T18:08:21.5710310Z,1779559701571,0
2026-05-23T18:08:21.6052060Z,1779559701605,1
2026-05-23T18:08:21.6396500Z,1779559701639,1
2026-05-23T18:08:21.6743050Z,1779559701674,1
2026-05-23T18:08:21.7090910Z,1779559701709,1
2026-05-23T18:08:21.7845270Z,1779559701784,2
2026-05-23T18:08:21.7880220Z,1779559701788,0
2026-05-23T18:08:21.8224260Z,1779559701822,0
2026-05-23T18:08:21.8642170Z,1779559701864,2
2026-05-23T18:08:21.8974110Z,1779559701897,0
2026-05-23T18:08:21.9317590Z,1779559701931,1
2026-05-23T18:08:21.9657720Z,1779559701965,1
2026-05-23T18:08:21.9999860Z,1779559701999,1
2026-05-23T18:08:22.0345510Z,1779559702034,1
2026-05-23T18:08:22.0685760Z,1779559702068,0
2026-05-23T18:08:22.1026750Z,1779559702102,1
2026-05-23T18:08:22.1367830Z,1779559702136,1
2026-05-23T18:08:22.1714950Z,1779559702171,1
2026-05-23T18:08:22.2054890Z,1779559702205,0
2026-05-23T18:08:22.2400990Z,1779559702240,1
2026-05-23T18:08:22.3159310Z,1779559702315,2
2026-05-23T18:08:22.3192650Z,1779559702319,0
2026-05-23T18:08:22.3541010Z,1779559702354,1
2026-05-23T18:08:22.3958940Z,1779559702395,1
2026-05-23T18:08:22.4282730Z,1779559702428,1
2026-05-23T18:08:22.4631960Z,1779559702463,1
2026-05-23T18:08:22.4975470Z,1779559702497,1
2026-05-23T18:08:22.5318990Z,1779559702531,0
2026-05-23T18:08:22.5658530Z,1779559702565,1
2026-05-23T18:08:22.5999970Z,1779559702599,1
2026-05-23T18:08:22.6346320Z,1779559702634,1
2026-05-23T18:08:22.6685840Z,1779559702668,1
2026-05-23T18:08:22.7030410Z,1779559702703,0
2026-05-23T18:08:22.7374500Z,1779559702737,1
2026-05-23T18:08:22.7723910Z,1779559702772,1
2026-05-23T18:08:22.8152500Z,1779559702815,1
2026-05-23T18:08:22.8480080Z,1779559702848,1
2026-05-23T18:08:22.8836610Z,1779559702883,1
2026-05-23T18:08:22.9252270Z,1779559702925,1
2026-05-23T18:08:22.9578920Z,1779559702957,0
2026-05-23T18:08:22.9924290Z,1779559702992,1
2026-05-23T18:08:23.0268140Z,1779559703026,1
2026-05-23T18:08:23.0610820Z,1779559703061,1
2026-05-23T18:08:23.0951780Z,1779559703095,1
2026-05-23T18:08:23.1293970Z,1779559703129,1
2026-05-23T18:08:23.1638310Z,1779559703163,0
2026-05-23T18:08:23.1977820Z,1779559703197,1
2026-05-23T18:08:23.2322730Z,1779559703232,1
2026-05-23T18:08:23.2666320Z,1779559703266,1
2026-05-23T18:08:23.3022430Z,1779559703302,1
2026-05-23T18:08:23.3441620Z,1779559703344,0
2026-05-23T18:08:23.3778890Z,1779559703377,1
2026-05-23T18:08:23.4196020Z,1779559703419,1
2026-05-23T18:08:23.4527530Z,1779559703452,1
2026-05-23T18:08:23.4864530Z,1779559703486,1
2026-05-23T18:08:23.5214130Z,1779559703521,1
2026-05-23T18:08:23.5551190Z,1779559703555,1
2026-05-23T18:08:23.5894250Z,1779559703589,0
2026-05-23T18:08:23.6237040Z,1779559703623,1
2026-05-23T18:08:23.6577230Z,1779559703657,1
2026-05-23T18:08:23.6925980Z,1779559703692,1
2026-05-23T18:08:23.7311420Z,1779559703731,1
2026-05-23T18:08:23.8112390Z,1779559703811,2
2026-05-23T18:08:23.8150810Z,1779559703815,0
2026-05-23T18:08:23.8499790Z,1779559703849,0
2026-05-23T18:08:23.8922400Z,1779559703892,2
2026-05-23T18:08:23.9247820Z,1779559703924,0
2026-05-23T18:08:23.9593100Z,1779559703959,1
2026-05-23T18:08:23.9938960Z,1779559703993,1
2026-05-23T18:08:24.0280580Z,1779559704028,1
2026-05-23T18:08:24.0623670Z,1779559704062,1
2026-05-23T18:08:24.0963930Z,1779559704096,0
2026-05-23T18:08:24.1307970Z,1779559704130,1
2026-05-23T18:08:24.1647880Z,1779559704164,1
2026-05-23T18:08:24.1992930Z,1779559704199,1
2026-05-23T18:08:24.2335950Z,1779559704233,0
2026-05-23T18:08:24.2683020Z,1779559704268,1
2026-05-23T18:08:24.3433920Z,1779559704343,2
2026-05-23T18:08:24.3467190Z,1779559704346,0
2026-05-23T18:08:24.3812180Z,1779559704381,1
2026-05-23T18:08:24.4237910Z,1779559704423,1
2026-05-23T18:08:24.4565150Z,1779559704456,1
2026-05-23T18:08:24.4912220Z,1779559704491,1
2026-05-23T18:08:24.5254300Z,1779559704525,1
2026-05-23T18:08:24.5593640Z,1779559704559,0
2026-05-23T18:08:24.5939370Z,1779559704593,1
2026-05-23T18:08:24.6289950Z,1779559704628,1
2026-05-23T18:08:24.6626730Z,1779559704662,1
2026-05-23T18:08:24.6968410Z,1779559704696,1
2026-05-23T18:08:24.7315150Z,1779559704731,0
2026-05-23T18:08:24.7654480Z,1779559704765,1
2026-05-23T18:08:24.7999750Z,1779559704799,1
2026-05-23T18:08:24.8755990Z,1779559704875,2
2026-05-23T18:08:24.8790860Z,1779559704879,0
2026-05-23T18:08:24.9133830Z,1779559704913,1
2026-05-23T18:08:24.9556040Z,1779559704955,1
2026-05-23T18:08:24.9884810Z,1779559704988,0
2026-05-23T18:08:25.0232830Z,1779559705023,1
2026-05-23T18:08:25.0576150Z,1779559705057,1
2026-05-23T18:08:25.0919710Z,1779559705091,1
2026-05-23T18:08:25.1262960Z,1779559705126,1
2026-05-23T18:08:25.1611810Z,1779559705161,1
2026-05-23T18:08:25.1951310Z,1779559705195,0
2026-05-23T18:08:25.2296870Z,1779559705229,1
2026-05-23T18:08:25.2642640Z,1779559705264,1
2026-05-23T18:08:25.2985800Z,1779559705298,1
2026-05-23T18:08:25.3334660Z,1779559705333,1
2026-05-23T18:08:25.3765340Z,1779559705376,1
2026-05-23T18:08:25.4091670Z,1779559705409,1
2026-05-23T18:08:25.4446670Z,1779559705444,0
2026-05-23T18:08:25.4866170Z,1779559705486,1
2026-05-23T18:08:25.5194120Z,1779559705519,1
2026-05-23T18:08:25.5541370Z,1779559705554,1
2026-05-23T18:08:25.5885750Z,1779559705588,1
2026-05-23T18:08:25.6234310Z,1779559705623,0
2026-05-23T18:08:25.6573680Z,1779559705657,1
2026-05-23T18:08:25.6950200Z,1779559705695,1
2026-05-23T18:08:25.7352070Z,1779559705735,1
2026-05-23T18:08:25.7733040Z,1779559705773,1
2026-05-23T18:08:25.8121200Z,1779559705812,1
2026-05-23T18:08:25.8511450Z,1779559705851,1
2026-05-23T18:08:25.8949480Z,1779559705894,1
2026-05-23T18:08:25.9726960Z,1779559705972,2
2026-05-23T18:08:25.9765340Z,1779559705976,0
2026-05-23T18:08:26.0107020Z,1779559706010,1
2026-05-23T18:08:26.0451870Z,1779559706045,1
2026-05-23T18:08:26.0793420Z,1779559706079,0
2026-05-23T18:08:26.1142790Z,1779559706114,1
2026-05-23T18:08:26.1480670Z,1779559706148,1
2026-05-23T18:08:26.1827220Z,1779559706182,1
2026-05-23T18:08:26.2169030Z,1779559706216,1
2026-05-23T18:08:26.2512940Z,1779559706251,0
2026-05-23T18:08:26.2851750Z,1779559706285,1
2026-05-23T18:08:26.3199200Z,1779559706319,1
2026-05-23T18:08:26.3955280Z,1779559706395,2
2026-05-23T18:08:26.3990280Z,1779559706399,0
2026-05-23T18:08:26.4343100Z,1779559706434,1
2026-05-23T18:08:26.4757190Z,1779559706475,1
2026-05-23T18:08:26.5085220Z,1779559706508,0
2026-05-23T18:08:26.5431860Z,1779559706543,1
2026-05-23T18:08:26.5771360Z,1779559706577,1
2026-05-23T18:08:26.6113290Z,1779559706611,1
2026-05-23T18:08:26.6455980Z,1779559706645,1
2026-05-23T18:08:26.6801430Z,1779559706680,1
2026-05-23T18:08:26.7143570Z,1779559706714,1
2026-05-23T18:08:26.7485290Z,1779559706748,0
2026-05-23T18:08:26.7831010Z,1779559706783,1
2026-05-23T18:08:26.8169830Z,1779559706816,1
2026-05-23T18:08:26.8518530Z,1779559706851,1
2026-05-23T18:08:26.9277290Z,1779559706927,1
2026-05-23T18:08:26.9315040Z,1779559706931,0
2026-05-23T18:08:26.9653800Z,1779559706965,1
2026-05-23T18:08:27.0074160Z,1779559707007,1
2026-05-23T18:08:27.0401670Z,1779559707040,1
2026-05-23T18:08:27.0747010Z,1779559707074,1
2026-05-23T18:08:27.1087750Z,1779559707108,1
2026-05-23T18:08:27.1432670Z,1779559707143,0
2026-05-23T18:08:27.1770250Z,1779559707177,1
2026-05-23T18:08:27.2115550Z,1779559707211,1
2026-05-23T18:08:27.2455080Z,1779559707245,1
2026-05-23T18:08:27.2801320Z,1779559707280,1
2026-05-23T18:08:27.3147730Z,1779559707314,1
2026-05-23T18:08:27.3486660Z,1779559707348,0
2026-05-23T18:08:27.3837720Z,1779559707383,1
2026-05-23T18:08:27.4264290Z,1779559707426,1
2026-05-23T18:08:27.4599000Z,1779559707459,1
2026-05-23T18:08:27.5020890Z,1779559707502,1
2026-05-23T18:08:27.5746810Z,1779559707574,2
2026-05-23T18:08:27.5780370Z,1779559707578,0
2026-05-23T18:08:27.6119210Z,1779559707611,1
2026-05-23T18:08:27.6459950Z,1779559707645,0
2026-05-23T18:08:27.6804940Z,1779559707680,1
2026-05-23T18:08:27.7146090Z,1779559707714,1
2026-05-23T18:08:27.7484500Z,1779559707748,1
2026-05-23T18:08:27.7831440Z,1779559707783,0
2026-05-23T18:08:27.8168320Z,1779559707816,1
2026-05-23T18:08:27.8515880Z,1779559707851,1
2026-05-23T18:08:27.8854700Z,1779559707885,1
2026-05-23T18:08:27.9282850Z,1779559707928,1
2026-05-23T18:08:27.9613720Z,1779559707961,1
2026-05-23T18:08:28.0047960Z,1779559708004,1
2026-05-23T18:08:28.0378030Z,1779559708037,0
2026-05-23T18:08:28.0720850Z,1779559708072,1
2026-05-23T18:08:28.1060500Z,1779559708106,1
2026-05-23T18:08:28.1406870Z,1779559708140,1
2026-05-23T18:08:28.1747470Z,1779559708174,1
2026-05-23T18:08:28.2091300Z,1779559708209,1
2026-05-23T18:08:28.2433570Z,1779559708243,1
2026-05-23T18:08:28.2776010Z,1779559708277,0
2026-05-23T18:08:28.3121790Z,1779559708312,1
2026-05-23T18:08:28.3461780Z,1779559708346,1
2026-05-23T18:08:28.4210990Z,1779559708421,1
2026-05-23T18:08:28.4253550Z,1779559708425,1
2026-05-23T18:08:28.4590870Z,1779559708459,1
2026-05-23T18:08:28.5338390Z,1779559708533,1
2026-05-23T18:08:28.5372580Z,1779559708537,0
2026-05-23T18:08:28.5716320Z,1779559708571,1
2026-05-23T18:08:28.6055580Z,1779559708605,1
2026-05-23T18:08:28.6395760Z,1779559708639,1
2026-05-23T18:08:28.6740580Z,1779559708674,0
2026-05-23T18:08:28.7085230Z,1779559708708,1
2026-05-23T18:08:28.7427940Z,1779559708742,1
2026-05-23T18:08:28.7769190Z,1779559708776,1
2026-05-23T18:08:28.8112830Z,1779559708811,1
2026-05-23T18:08:28.8453910Z,1779559708845,1
2026-05-23T18:08:28.8807290Z,1779559708880,1
2026-05-23T18:08:28.9559070Z,1779559708955,1
2026-05-23T18:08:28.9591950Z,1779559708959,0
2026-05-23T18:08:28.9939160Z,1779559708993,1
2026-05-23T18:08:29.0355670Z,1779559709035,1
2026-05-23T18:08:29.0685300Z,1779559709068,1
2026-05-23T18:08:29.1030380Z,1779559709103,1
2026-05-23T18:08:29.1373640Z,1779559709137,1
2026-05-23T18:08:29.1721010Z,1779559709172,0
2026-05-23T18:08:29.2061820Z,1779559709206,1
2026-05-23T18:08:29.2410490Z,1779559709241,1
2026-05-23T18:08:29.2750400Z,1779559709275,1
2026-05-23T18:08:29.3093320Z,1779559709309,0
2026-05-23T18:08:29.3437250Z,1779559709343,1
2026-05-23T18:08:29.3777680Z,1779559709377,1
2026-05-23T18:08:29.4127030Z,1779559709412,1
2026-05-23T18:08:29.4880520Z,1779559709488,2
2026-05-23T18:08:29.4916570Z,1779559709491,0
2026-05-23T18:08:29.5255210Z,1779559709525,1
2026-05-23T18:08:29.5675630Z,1779559709567,1
2026-05-23T18:08:29.6006880Z,1779559709600,0
2026-05-23T18:08:29.6348600Z,1779559709634,1
2026-05-23T18:08:29.6694550Z,1779559709669,1
2026-05-23T18:08:29.7039550Z,1779559709703,1
2026-05-23T18:08:29.7381950Z,1779559709738,1
2026-05-23T18:08:29.7726880Z,1779559709772,1
2026-05-23T18:08:29.8069680Z,1779559709806,0
2026-05-23T18:08:29.8418080Z,1779559709841,1
2026-05-23T18:08:29.8759760Z,1779559709875,1
2026-05-23T18:08:29.9111940Z,1779559709911,1
2026-05-23T18:08:29.9453910Z,1779559709945,0
2026-05-23T18:08:29.9881320Z,1779559709988,2
2026-05-23T18:08:30.0216590Z,1779559710021,0
2026-05-23T18:08:30.0638900Z,1779559710063,1
2026-05-23T18:08:30.0967900Z,1779559710096,1
2026-05-23T18:08:30.1314480Z,1779559710131,1
2026-05-23T18:08:30.1656230Z,1779559710165,1
2026-05-23T18:08:30.1999090Z,1779559710199,0
2026-05-23T18:08:30.2347440Z,1779559710234,1
2026-05-23T18:08:30.2686600Z,1779559710268,1
2026-05-23T18:08:30.3034640Z,1779559710303,1
2026-05-23T18:08:30.3374200Z,1779559710337,1
2026-05-23T18:08:30.3720600Z,1779559710372,1
2026-05-23T18:08:30.4064790Z,1779559710406,1
2026-05-23T18:08:30.4416990Z,1779559710441,0
2026-05-23T18:08:30.4836050Z,1779559710483,1
2026-05-23T18:08:30.5565870Z,1779559710556,2
2026-05-23T18:08:30.5601300Z,1779559710560,0
2026-05-23T18:08:30.5939810Z,1779559710593,1
2026-05-23T18:08:30.6284030Z,1779559710628,1
2026-05-23T18:08:30.6627390Z,1779559710662,1
2026-05-23T18:08:30.6967400Z,1779559710696,0
2026-05-23T18:08:30.7314950Z,1779559710731,1
2026-05-23T18:08:30.7652780Z,1779559710765,1
2026-05-23T18:08:30.7996340Z,1779559710799,1
2026-05-23T18:08:30.8343140Z,1779559710834,0
2026-05-23T18:08:30.8682540Z,1779559710868,1
2026-05-23T18:08:30.9025400Z,1779559710902,1
2026-05-23T18:08:30.9370590Z,1779559710937,1
2026-05-23T18:08:30.9720530Z,1779559710972,1
2026-05-23T18:08:31.0151850Z,1779559711015,1
2026-05-23T18:08:31.0884450Z,1779559711088,1
2026-05-23T18:08:31.0920070Z,1779559711092,1
2026-05-23T18:08:31.1254680Z,1779559711125,1
2026-05-23T18:08:31.1599740Z,1779559711159,0
2026-05-23T18:08:31.1944120Z,1779559711194,1
2026-05-23T18:08:31.2286530Z,1779559711228,1
2026-05-23T18:08:31.2633000Z,1779559711263,1
2026-05-23T18:08:31.2971370Z,1779559711297,1
2026-05-23T18:08:31.3315380Z,1779559711331,0
2026-05-23T18:08:31.3657880Z,1779559711365,1
2026-05-23T18:08:31.3999060Z,1779559711399,1
2026-05-23T18:08:31.4349650Z,1779559711434,1
2026-05-23T18:08:31.5093740Z,1779559711509,2
2026-05-23T18:08:31.5131010Z,1779559711513,0
2026-05-23T18:08:31.5466640Z,1779559711546,1
2026-05-23T18:08:31.5887650Z,1779559711588,0
2026-05-23T18:08:31.6220280Z,1779559711622,1
2026-05-23T18:08:31.6558360Z,1779559711655,1
2026-05-23T18:08:31.6903320Z,1779559711690,1
2026-05-23T18:08:31.7244850Z,1779559711724,0
2026-05-23T18:08:31.7587890Z,1779559711758,1
2026-05-23T18:08:31.7934070Z,1779559711793,1
2026-05-23T18:08:31.8272870Z,1779559711827,1
2026-05-23T18:08:31.8618450Z,1779559711861,1
2026-05-23T18:08:31.8956740Z,1779559711895,1
2026-05-23T18:08:31.9301680Z,1779559711930,1
2026-05-23T18:08:31.9647700Z,1779559711964,0
2026-05-23T18:08:32.0407340Z,1779559712040,2
2026-05-23T18:08:32.0443930Z,1779559712044,0
2026-05-23T18:08:32.0778790Z,1779559712077,1
2026-05-23T18:08:32.1201180Z,1779559712120,1
2026-05-23T18:08:32.1532160Z,1779559712153,1
2026-05-23T18:08:32.1871640Z,1779559712187,1
2026-05-23T18:08:32.2215530Z,1779559712221,0
2026-05-23T18:08:32.2555420Z,1779559712255,1
2026-05-23T18:08:32.2899840Z,1779559712289,1
2026-05-23T18:08:32.3244710Z,1779559712324,1
2026-05-23T18:08:32.3585370Z,1779559712358,1
2026-05-23T18:08:32.3928390Z,1779559712392,1
2026-05-23T18:08:32.4270850Z,1779559712427,1
2026-05-23T18:08:32.4618530Z,1779559712461,0
2026-05-23T18:08:32.4965450Z,1779559712496,1
2026-05-23T18:08:32.5390210Z,1779559712539,1
2026-05-23T18:08:32.5718810Z,1779559712571,1
2026-05-23T18:08:32.6061050Z,1779559712606,0
2026-05-23T18:08:32.6409050Z,1779559712640,1
2026-05-23T18:08:32.6746100Z,1779559712674,1
2026-05-23T18:08:32.7090280Z,1779559712709,1
2026-05-23T18:08:32.7436150Z,1779559712743,1
2026-05-23T18:08:32.7776430Z,1779559712777,1
2026-05-23T18:08:32.8121020Z,1779559712812,1
2026-05-23T18:08:32.8460430Z,1779559712846,0
2026-05-23T18:08:32.8805710Z,1779559712880,1
2026-05-23T18:08:32.9144800Z,1779559712914,1
2026-05-23T18:08:32.9486650Z,1779559712948,1
2026-05-23T18:08:32.9834750Z,1779559712983,0
2026-05-23T18:08:33.0183440Z,1779559713018,1
2026-05-23T18:08:33.0604250Z,1779559713060,1
2026-05-23T18:08:33.0937210Z,1779559713093,1
2026-05-23T18:08:33.1375190Z,1779559713137,1
2026-05-23T18:08:33.1707030Z,1779559713170,1
2026-05-23T18:08:33.2045640Z,1779559713204,1
2026-05-23T18:08:33.2390810Z,1779559713239,0
2026-05-23T18:08:33.2735190Z,1779559713273,1
2026-05-23T18:08:33.3073810Z,1779559713307,1
2026-05-23T18:08:33.3421500Z,1779559713342,1
2026-05-23T18:08:33.3761680Z,1779559713376,1
2026-05-23T18:08:33.4105740Z,1779559713410,1
2026-05-23T18:08:33.4446990Z,1779559713444,1
2026-05-23T18:08:33.4792810Z,1779559713479,0
2026-05-23T18:08:33.5147400Z,1779559713514,1
2026-05-23T18:08:33.5565310Z,1779559713556,1
2026-05-23T18:08:33.5894980Z,1779559713589,1
2026-05-23T18:08:33.6255160Z,1779559713625,1
2026-05-23T18:08:33.6670870Z,1779559713667,1
2026-05-23T18:08:33.7001120Z,1779559713700,1
2026-05-23T18:08:33.7346030Z,1779559713734,0
2026-05-23T18:08:33.7687500Z,1779559713768,1
2026-05-23T18:08:33.8033320Z,1779559713803,1
2026-05-23T18:08:33.8374920Z,1779559713837,1
2026-05-23T18:08:33.8725580Z,1779559713872,0
2026-05-23T18:08:33.9064070Z,1779559713906,1
2026-05-23T18:08:33.9408920Z,1779559713940,1
2026-05-23T18:08:33.9749260Z,1779559713974,1
2026-05-23T18:08:34.0101540Z,1779559714010,1
2026-05-23T18:08:34.0450440Z,1779559714045,1
2026-05-23T18:08:34.0875160Z,1779559714087,1
2026-05-23T18:08:34.1207450Z,1779559714120,0
2026-05-23T18:08:34.1631960Z,1779559714163,2
2026-05-23T18:08:34.1962060Z,1779559714196,0
2026-05-23T18:08:34.2309570Z,1779559714230,1
2026-05-23T18:08:34.2651600Z,1779559714265,1
2026-05-23T18:08:34.2998670Z,1779559714299,1
2026-05-23T18:08:34.3340830Z,1779559714334,1
2026-05-23T18:08:34.3680240Z,1779559714368,0
2026-05-23T18:08:34.4027370Z,1779559714402,1
2026-05-23T18:08:34.4368150Z,1779559714436,1
2026-05-23T18:08:34.4714670Z,1779559714471,1
2026-05-23T18:08:34.5056300Z,1779559714505,1
2026-05-23T18:08:34.5810840Z,1779559714581,2
2026-05-23T18:08:34.5846780Z,1779559714584,0
2026-05-23T18:08:34.6187330Z,1779559714618,0
2026-05-23T18:08:34.6611380Z,1779559714661,2
2026-05-23T18:08:34.6937730Z,1779559714693,0
2026-05-23T18:08:34.7284810Z,1779559714728,1
2026-05-23T18:08:34.7630050Z,1779559714763,1
2026-05-23T18:08:34.7971840Z,1779559714797,1
2026-05-23T18:08:34.8317180Z,1779559714831,1
2026-05-23T18:08:34.8659330Z,1779559714865,0
2026-05-23T18:08:34.9001200Z,1779559714900,1
2026-05-23T18:08:34.9347650Z,1779559714934,1
2026-05-23T18:08:34.9691950Z,1779559714969,1
2026-05-23T18:08:35.0036770Z,1779559715003,0
2026-05-23T18:08:35.0379100Z,1779559715037,1
2026-05-23T18:08:35.1139910Z,1779559715113,2
2026-05-23T18:08:35.1175350Z,1779559715117,0
2026-05-23T18:08:35.1517270Z,1779559715151,1
2026-05-23T18:08:35.1935640Z,1779559715193,1
2026-05-23T18:08:35.2263000Z,1779559715226,1
2026-05-23T18:08:35.2608860Z,1779559715260,0
2026-05-23T18:08:35.2950800Z,1779559715295,1
2026-05-23T18:08:35.3291800Z,1779559715329,1
2026-05-23T18:08:35.3638710Z,1779559715363,1
2026-05-23T18:08:35.3977400Z,1779559715397,1
2026-05-23T18:08:35.4322390Z,1779559715432,1
2026-05-23T18:08:35.4662880Z,1779559715466,0
2026-05-23T18:08:35.5009220Z,1779559715500,1
2026-05-23T18:08:35.5351620Z,1779559715535,1
2026-05-23T18:08:35.5697100Z,1779559715569,1
2026-05-23T18:08:35.6147110Z,1779559715614,1
2026-05-23T18:08:35.6514270Z,1779559715651,1
2026-05-23T18:08:35.6971460Z,1779559715697,1
2026-05-23T18:08:35.7341430Z,1779559715734,1
2026-05-23T18:08:35.7717220Z,1779559715771,0
2026-05-23T18:08:35.8092630Z,1779559715809,2
2026-05-23T18:08:35.8495690Z,1779559715849,1
2026-05-23T18:08:35.8844240Z,1779559715884,0
2026-05-23T18:08:35.9187850Z,1779559715918,1
2026-05-23T18:08:35.9534110Z,1779559715953,1
2026-05-23T18:08:35.9872760Z,1779559715987,1
2026-05-23T18:08:36.0219520Z,1779559716021,0
2026-05-23T18:08:36.0562150Z,1779559716056,1
2026-05-23T18:08:36.0911000Z,1779559716091,1
2026-05-23T18:08:36.1334590Z,1779559716133,1
2026-05-23T18:08:36.1662130Z,1779559716166,1
2026-05-23T18:08:36.2090470Z,1779559716209,1
2026-05-23T18:08:36.2417800Z,1779559716241,1
2026-05-23T18:08:36.2759490Z,1779559716275,0
2026-05-23T18:08:36.3099410Z,1779559716309,1
2026-05-23T18:08:36.3443020Z,1779559716344,1
2026-05-23T18:08:36.3786230Z,1779559716378,1
2026-05-23T18:08:36.4128530Z,1779559716412,1
2026-05-23T18:08:36.4467590Z,1779559716446,1
2026-05-23T18:08:36.4813420Z,1779559716481,1
2026-05-23T18:08:36.5152140Z,1779559716515,0
2026-05-23T18:08:36.5495190Z,1779559716549,1
2026-05-23T18:08:36.5840460Z,1779559716584,1
2026-05-23T18:08:36.6274280Z,1779559716627,1
2026-05-23T18:08:36.6615290Z,1779559716661,1
2026-05-23T18:08:36.7038540Z,1779559716703,1
2026-05-23T18:08:36.7364890Z,1779559716736,1
2026-05-23T18:08:36.7710720Z,1779559716771,0
2026-05-23T18:08:36.8051300Z,1779559716805,1
2026-05-23T18:08:36.8391580Z,1779559716839,1
2026-05-23T18:08:36.8734310Z,1779559716873,1
2026-05-23T18:08:36.9075550Z,1779559716907,0
2026-05-23T18:08:36.9420030Z,1779559716942,2
2026-05-23T18:08:36.9760200Z,1779559716976,0
2026-05-23T18:08:37.0108040Z,1779559717010,1
2026-05-23T18:08:37.0447480Z,1779559717044,1
2026-05-23T18:08:37.0791240Z,1779559717079,1
2026-05-23T18:08:37.1546440Z,1779559717154,1
2026-05-23T18:08:37.1580090Z,1779559717158,0
2026-05-23T18:08:37.1929460Z,1779559717192,2
2026-05-23T18:08:37.2348010Z,1779559717234,1
2026-05-23T18:08:37.2677040Z,1779559717267,0
2026-05-23T18:08:37.3023110Z,1779559717302,1
2026-05-23T18:08:37.3362210Z,1779559717336,1
2026-05-23T18:08:37.3703730Z,1779559717370,1
2026-05-23T18:08:37.4046270Z,1779559717404,0
2026-05-23T18:08:37.4390100Z,1779559717439,1
2026-05-23T18:08:37.4735680Z,1779559717473,1
2026-05-23T18:08:37.5075750Z,1779559717507,1
2026-05-23T18:08:37.5424280Z,1779559717542,1
2026-05-23T18:08:37.5763260Z,1779559717576,1
2026-05-23T18:08:37.6110020Z,1779559717611,1
2026-05-23T18:08:37.6533460Z,1779559717653,0
2026-05-23T18:08:37.6861370Z,1779559717686,1
2026-05-23T18:08:37.7218850Z,1779559717721,1
2026-05-23T18:08:37.7635460Z,1779559717763,1
2026-05-23T18:08:37.7964110Z,1779559717796,1
2026-05-23T18:08:37.8309360Z,1779559717830,1
2026-05-23T18:08:37.8651520Z,1779559717865,1
2026-05-23T18:08:37.8994230Z,1779559717899,0
2026-05-23T18:08:37.9340070Z,1779559717934,1
2026-05-23T18:08:37.9679760Z,1779559717967,1
2026-05-23T18:08:38.0021000Z,1779559718002,1
2026-05-23T18:08:38.0366260Z,1779559718036,0
2026-05-23T18:08:38.0714120Z,1779559718071,1
2026-05-23T18:08:38.1054940Z,1779559718105,1
2026-05-23T18:08:38.1408510Z,1779559718140,1
2026-05-23T18:08:38.1831320Z,1779559718183,1
2026-05-23T18:08:38.2159190Z,1779559718215,1
2026-05-23T18:08:38.2583640Z,1779559718258,1
2026-05-23T18:08:38.2913740Z,1779559718291,0
2026-05-23T18:08:38.3255470Z,1779559718325,1
2026-05-23T18:08:38.3599810Z,1779559718359,1
2026-05-23T18:08:38.3947650Z,1779559718394,1
2026-05-23T18:08:38.4289660Z,1779559718428,1
2026-05-23T18:08:38.4635320Z,1779559718463,1
2026-05-23T18:08:38.4976330Z,1779559718497,1
2026-05-23T18:08:38.5321480Z,1779559718532,0
2026-05-23T18:08:38.5661940Z,1779559718566,1
2026-05-23T18:08:38.6013630Z,1779559718601,1
2026-05-23T18:08:38.6356820Z,1779559718635,1
2026-05-23T18:08:38.6792990Z,1779559718679,1
2026-05-23T18:08:38.7123410Z,1779559718712,1
2026-05-23T18:08:38.7541630Z,1779559718754,1
2026-05-23T18:08:38.7870500Z,1779559718787,0
2026-05-23T18:08:38.8218800Z,1779559718821,1
2026-05-23T18:08:38.8557210Z,1779559718855,1
2026-05-23T18:08:38.8900150Z,1779559718890,1
2026-05-23T18:08:38.9248090Z,1779559718924,0
2026-05-23T18:08:38.9587680Z,1779559718958,1
2026-05-23T18:08:38.9934040Z,1779559718993,1
2026-05-23T18:08:39.0277020Z,1779559719027,1
2026-05-23T18:08:39.0622610Z,1779559719062,1
2026-05-23T18:08:39.0965570Z,1779559719096,1
2026-05-23T18:08:39.1313120Z,1779559719131,1
2026-05-23T18:08:39.1661650Z,1779559719166,0
2026-05-23T18:08:39.2084870Z,1779559719208,1
2026-05-23T18:08:39.2817370Z,1779559719281,2
2026-05-23T18:08:39.2851140Z,1779559719285,0
2026-05-23T18:08:39.3189560Z,1779559719318,1
2026-05-23T18:08:39.3538500Z,1779559719353,1
2026-05-23T18:08:39.3879400Z,1779559719387,1
2026-05-23T18:08:39.4220820Z,1779559719422,0
2026-05-23T18:08:39.4567780Z,1779559719456,1
2026-05-23T18:08:39.4909240Z,1779559719490,1
2026-05-23T18:08:39.5250830Z,1779559719525,1
2026-05-23T18:08:39.5595100Z,1779559719559,0
2026-05-23T18:08:39.5938300Z,1779559719593,1
2026-05-23T18:08:39.6283020Z,1779559719628,1
2026-05-23T18:08:39.7035660Z,1779559719703,2
2026-05-23T18:08:39.7069280Z,1779559719706,0
2026-05-23T18:08:39.7415830Z,1779559719741,1
2026-05-23T18:08:39.7844160Z,1779559719784,1
2026-05-23T18:08:39.8171910Z,1779559719817,0
2026-05-23T18:08:39.8513670Z,1779559719851,1
2026-05-23T18:08:39.8857480Z,1779559719885,1
2026-05-23T18:08:39.9198770Z,1779559719919,1
2026-05-23T18:08:39.9547870Z,1779559719954,1
2026-05-23T18:08:39.9886250Z,1779559719988,1
2026-05-23T18:08:40.0230580Z,1779559720023,1
2026-05-23T18:08:40.0567630Z,1779559720056,0
2026-05-23T18:08:40.0915100Z,1779559720091,1
2026-05-23T18:08:40.1256750Z,1779559720125,1
2026-05-23T18:08:40.1601820Z,1779559720160,1
2026-05-23T18:08:40.2356540Z,1779559720235,2
2026-05-23T18:08:40.2390160Z,1779559720239,0
2026-05-23T18:08:40.2737810Z,1779559720273,1
2026-05-23T18:08:40.3156730Z,1779559720315,0
2026-05-23T18:08:40.3487680Z,1779559720348,1
2026-05-23T18:08:40.3832210Z,1779559720383,1
2026-05-23T18:08:40.4173810Z,1779559720417,1
2026-05-23T18:08:40.4518890Z,1779559720451,1
2026-05-23T18:08:40.4858910Z,1779559720485,1
2026-05-23T18:08:40.5204420Z,1779559720520,1
2026-05-23T18:08:40.5544450Z,1779559720554,0
2026-05-23T18:08:40.5888030Z,1779559720588,1
2026-05-23T18:08:40.6236110Z,1779559720623,1
2026-05-23T18:08:40.6580730Z,1779559720658,1
2026-05-23T18:08:40.6926080Z,1779559720692,0
2026-05-23T18:08:40.7348290Z,1779559720734,2
2026-05-23T18:08:40.7684120Z,1779559720768,0
2026-05-23T18:08:40.8101280Z,1779559720810,1
2026-05-23T18:08:40.8430330Z,1779559720843,1
2026-05-23T18:08:40.8771620Z,1779559720877,1
2026-05-23T18:08:40.9116320Z,1779559720911,1
2026-05-23T18:08:40.9456950Z,1779559720945,0
2026-05-23T18:08:40.9799590Z,1779559720979,1
2026-05-23T18:08:41.0145450Z,1779559721014,1
2026-05-23T18:08:41.0486370Z,1779559721048,1
2026-05-23T18:08:41.0828760Z,1779559721082,1
2026-05-23T18:08:41.1167140Z,1779559721116,1
2026-05-23T18:08:41.1516140Z,1779559721151,0
2026-05-23T18:08:41.1855570Z,1779559721185,1
2026-05-23T18:08:41.2211990Z,1779559721221,1
2026-05-23T18:08:41.2635250Z,1779559721263,1
2026-05-23T18:08:41.2966300Z,1779559721296,1
2026-05-23T18:08:41.3382140Z,1779559721338,1
2026-05-23T18:08:41.3713300Z,1779559721371,1
2026-05-23T18:08:41.4054500Z,1779559721405,0
2026-05-23T18:08:41.4397500Z,1779559721439,1
2026-05-23T18:08:41.4744440Z,1779559721474,1
2026-05-23T18:08:41.5082220Z,1779559721508,1
2026-05-23T18:08:41.5425570Z,1779559721542,1
2026-05-23T18:08:41.5770220Z,1779559721577,0
2026-05-23T18:08:41.6116830Z,1779559721611,1
2026-05-23T18:08:41.6455450Z,1779559721645,1
2026-05-23T18:08:41.6801630Z,1779559721680,1
2026-05-23T18:08:41.7149840Z,1779559721714,1
2026-05-23T18:08:41.7567680Z,1779559721756,1
2026-05-23T18:08:41.7897910Z,1779559721789,1
2026-05-23T18:08:41.8257890Z,1779559721825,0
2026-05-23T18:08:41.8672440Z,1779559721867,1
2026-05-23T18:08:41.9003380Z,1779559721900,1
2026-05-23T18:08:41.9342960Z,1779559721934,1
2026-05-23T18:08:41.9684930Z,1779559721968,1
2026-05-23T18:08:42.0032500Z,1779559722003,1
2026-05-23T18:08:42.0373790Z,1779559722037,1
2026-05-23T18:08:42.0714640Z,1779559722071,0
2026-05-23T18:08:42.1056520Z,1779559722105,1
2026-05-23T18:08:42.1397410Z,1779559722139,1
2026-05-23T18:08:42.1743710Z,1779559722174,1
2026-05-23T18:08:42.2091260Z,1779559722209,0
2026-05-23T18:08:42.2440340Z,1779559722244,1
2026-05-23T18:08:42.2865890Z,1779559722286,1
2026-05-23T18:08:42.3192700Z,1779559722319,1
2026-05-23T18:08:42.3616140Z,1779559722361,1
2026-05-23T18:08:42.3938350Z,1779559722393,1
2026-05-23T18:08:42.4285290Z,1779559722428,1
2026-05-23T18:08:42.4629170Z,1779559722462,0
2026-05-23T18:08:42.4967580Z,1779559722496,1
2026-05-23T18:08:42.5316090Z,1779559722531,1
2026-05-23T18:08:42.5653590Z,1779559722565,1
2026-05-23T18:08:42.5997410Z,1779559722599,1
2026-05-23T18:08:42.6344290Z,1779559722634,1
2026-05-23T18:08:42.6687830Z,1779559722668,1
2026-05-23T18:08:42.7036600Z,1779559722703,0
2026-05-23T18:08:42.7781310Z,1779559722778,2
2026-05-23T18:08:42.7816260Z,1779559722781,0
2026-05-23T18:08:42.8155000Z,1779559722815,1
2026-05-23T18:08:42.8579690Z,1779559722857,1
2026-05-23T18:08:42.8912440Z,1779559722891,1
2026-05-23T18:08:42.9252810Z,1779559722925,1
2026-05-23T18:08:42.9598760Z,1779559722959,0
2026-05-23T18:08:42.9942020Z,1779559722994,1
2026-05-23T18:08:43.0286360Z,1779559723028,1
2026-05-23T18:08:43.0633600Z,1779559723063,1
2026-05-23T18:08:43.0971710Z,1779559723097,0
2026-05-23T18:08:43.1319610Z,1779559723131,2
2026-05-23T18:08:43.1660740Z,1779559723166,0
2026-05-23T18:08:43.2006340Z,1779559723200,1
2026-05-23T18:08:43.2349640Z,1779559723234,1
2026-05-23T18:08:43.3111340Z,1779559723311,2
2026-05-23T18:08:43.3149010Z,1779559723314,0
2026-05-23T18:08:43.3488440Z,1779559723348,1
2026-05-23T18:08:43.3919570Z,1779559723391,1
2026-05-23T18:08:43.4245090Z,1779559723424,1
2026-05-23T18:08:43.4589410Z,1779559723458,0
2026-05-23T18:08:43.4934510Z,1779559723493,1
2026-05-23T18:08:43.5274690Z,1779559723527,1
2026-05-23T18:08:43.5620860Z,1779559723562,1
2026-05-23T18:08:43.5963190Z,1779559723596,0
2026-05-23T18:08:43.6307800Z,1779559723630,1
2026-05-23T18:08:43.6646830Z,1779559723664,1
2026-05-23T18:08:43.6992790Z,1779559723699,1
2026-05-23T18:08:43.7341060Z,1779559723734,1
2026-05-23T18:08:43.7686750Z,1779559723768,1
2026-05-23T18:08:43.8110980Z,1779559723811,1
2026-05-23T18:08:43.8437230Z,1779559723843,0
2026-05-23T18:08:43.8793070Z,1779559723879,1
2026-05-23T18:08:43.9221020Z,1779559723922,2
2026-05-23T18:08:43.9545980Z,1779559723954,0
2026-05-23T18:08:43.9889620Z,1779559723988,1
2026-05-23T18:08:44.0237560Z,1779559724023,1
2026-05-23T18:08:44.0576830Z,1779559724057,1
2026-05-23T18:08:44.0920530Z,1779559724092,0
2026-05-23T18:08:44.1259220Z,1779559724125,1
2026-05-23T18:08:44.1605720Z,1779559724160,1
2026-05-23T18:08:44.1945280Z,1779559724194,1
2026-05-23T18:08:44.2286970Z,1779559724228,0
2026-05-23T18:08:44.2637280Z,1779559724263,1
2026-05-23T18:08:44.2987320Z,1779559724298,1
2026-05-23T18:08:44.3407200Z,1779559724340,1
2026-05-23T18:08:44.3743440Z,1779559724374,1
2026-05-23T18:08:44.4165670Z,1779559724416,1
2026-05-23T18:08:44.4493780Z,1779559724449,1
2026-05-23T18:08:44.4839120Z,1779559724483,1
2026-05-23T18:08:44.5193190Z,1779559724519,1
2026-05-23T18:08:44.5611110Z,1779559724561,1
2026-05-23T18:08:44.5935470Z,1779559724593,0
2026-05-23T18:08:44.6280990Z,1779559724628,1
2026-05-23T18:08:44.6624570Z,1779559724662,1
2026-05-23T18:08:44.6969190Z,1779559724696,1
2026-05-23T18:08:44.7313050Z,1779559724731,0
2026-05-23T18:08:44.7656150Z,1779559724765,1
2026-05-23T18:08:44.8008680Z,1779559724800,1
2026-05-23T18:08:44.8423960Z,1779559724842,1
2026-05-23T18:08:44.9161100Z,1779559724916,2
2026-05-23T18:08:44.9193750Z,1779559724919,0
2026-05-23T18:08:44.9533600Z,1779559724953,1
2026-05-23T18:08:44.9875360Z,1779559724987,1
2026-05-23T18:08:45.0220290Z,1779559725022,1
2026-05-23T18:08:45.0562520Z,1779559725056,0
2026-05-23T18:08:45.0909270Z,1779559725090,1
2026-05-23T18:08:45.1248270Z,1779559725124,1
2026-05-23T18:08:45.1590160Z,1779559725159,1
2026-05-23T18:08:45.1933670Z,1779559725193,1
2026-05-23T18:08:45.2272250Z,1779559725227,0
2026-05-23T18:08:45.2622320Z,1779559725262,1
2026-05-23T18:08:45.2960800Z,1779559725296,1
2026-05-23T18:08:45.3317930Z,1779559725331,1
2026-05-23T18:08:45.3731680Z,1779559725373,1
2026-05-23T18:08:45.4064320Z,1779559725406,1
2026-05-23T18:08:45.4405220Z,1779559725440,1
2026-05-23T18:08:45.4746560Z,1779559725474,0
2026-05-23T18:08:45.5089180Z,1779559725508,1
2026-05-23T18:08:45.5434150Z,1779559725543,1
2026-05-23T18:08:45.5771830Z,1779559725577,1
2026-05-23T18:08:45.6123540Z,1779559725612,0
2026-05-23T18:08:45.6500380Z,1779559725650,1
2026-05-23T18:08:45.6884260Z,1779559725688,1
2026-05-23T18:08:45.7260940Z,1779559725726,1
2026-05-23T18:08:45.7659120Z,1779559725765,1
2026-05-23T18:08:45.8040560Z,1779559725804,1
2026-05-23T18:08:45.8485210Z,1779559725848,1
2026-05-23T18:08:45.8857330Z,1779559725885,1
2026-05-23T18:08:45.9207050Z,1779559725920,1
2026-05-23T18:08:45.9622300Z,1779559725962,1
2026-05-23T18:08:45.9948690Z,1779559725994,0
2026-05-23T18:08:46.0296300Z,1779559726029,2
2026-05-23T18:08:46.0636380Z,1779559726063,0
2026-05-23T18:08:46.0975180Z,1779559726097,1
2026-05-23T18:08:46.1319930Z,1779559726131,1
2026-05-23T18:08:46.1662260Z,1779559726166,1
2026-05-23T18:08:46.2006100Z,1779559726200,1
2026-05-23T18:08:46.2344710Z,1779559726234,0
2026-05-23T18:08:46.2691120Z,1779559726269,1
2026-05-23T18:08:46.3038490Z,1779559726303,1
2026-05-23T18:08:46.3387200Z,1779559726338,1
2026-05-23T18:08:46.3811240Z,1779559726381,1
2026-05-23T18:08:46.4136020Z,1779559726413,1
2026-05-23T18:08:46.4556090Z,1779559726455,1
2026-05-23T18:08:46.4885040Z,1779559726488,0
2026-05-23T18:08:46.5229680Z,1779559726522,1
2026-05-23T18:08:46.5571910Z,1779559726557,1
2026-05-23T18:08:46.5916930Z,1779559726591,1
2026-05-23T18:08:46.6253550Z,1779559726625,1
2026-05-23T18:08:46.6596620Z,1779559726659,1
2026-05-23T18:08:46.6948990Z,1779559726694,0
2026-05-23T18:08:46.7289360Z,1779559726728,1
2026-05-23T18:08:46.7633320Z,1779559726763,1
2026-05-23T18:08:46.7976600Z,1779559726797,1
2026-05-23T18:08:46.8323090Z,1779559726832,1
2026-05-23T18:08:46.8748940Z,1779559726874,0
2026-05-23T18:08:46.9484220Z,1779559726948,3
2026-05-23T18:08:46.9524380Z,1779559726952,0
2026-05-23T18:08:46.9860350Z,1779559726986,0
2026-05-23T18:08:47.0210310Z,1779559727021,1
2026-05-23T18:08:47.0551460Z,1779559727055,1
2026-05-23T18:08:47.0894610Z,1779559727089,1
2026-05-23T18:08:47.1239110Z,1779559727123,0
2026-05-23T18:08:47.1579050Z,1779559727157,1
2026-05-23T18:08:47.1926140Z,1779559727192,1
2026-05-23T18:08:47.2266650Z,1779559727226,1
2026-05-23T18:08:47.2613930Z,1779559727261,1
2026-05-23T18:08:47.2955850Z,1779559727295,1
2026-05-23T18:08:47.3307910Z,1779559727330,1
2026-05-23T18:08:47.3658170Z,1779559727365,0
2026-05-23T18:08:47.4079870Z,1779559727407,1
2026-05-23T18:08:47.4812680Z,1779559727481,2
2026-05-23T18:08:47.4845530Z,1779559727484,0
2026-05-23T18:08:47.5185100Z,1779559727518,1
2026-05-23T18:08:47.5530090Z,1779559727553,1
2026-05-23T18:08:47.5873860Z,1779559727587,1
2026-05-23T18:08:47.6219670Z,1779559727621,0
2026-05-23T18:08:47.6562300Z,1779559727656,1
2026-05-23T18:08:47.6907160Z,1779559727690,1
2026-05-23T18:08:47.7248660Z,1779559727724,1
2026-05-23T18:08:47.7593730Z,1779559727759,0
2026-05-23T18:08:47.7937370Z,1779559727793,1
2026-05-23T18:08:47.8282320Z,1779559727828,1
2026-05-23T18:08:47.9038650Z,1779559727903,2
2026-05-23T18:08:47.9072000Z,1779559727907,0
2026-05-23T18:08:47.9425970Z,1779559727942,1
2026-05-23T18:08:47.9839960Z,1779559727983,1
2026-05-23T18:08:48.0171040Z,1779559728017,1
2026-05-23T18:08:48.0518640Z,1779559728051,1
2026-05-23T18:08:48.0860640Z,1779559728086,0
2026-05-23T18:08:48.1206050Z,1779559728120,1
2026-05-23T18:08:48.1547180Z,1779559728154,1
2026-05-23T18:08:48.1890700Z,1779559728189,1
2026-05-23T18:08:48.2233840Z,1779559728223,1
2026-05-23T18:08:48.2578850Z,1779559728257,0
2026-05-23T18:08:48.2928980Z,1779559728292,1
2026-05-23T18:08:48.3265040Z,1779559728326,1
2026-05-23T18:08:48.3615160Z,1779559728361,1
2026-05-23T18:08:48.4370400Z,1779559728437,2
2026-05-23T18:08:48.4408980Z,1779559728440,0
2026-05-23T18:08:48.4758590Z,1779559728475,1
2026-05-23T18:08:48.5178280Z,1779559728517,0
2026-05-23T18:08:48.5508520Z,1779559728550,1
2026-05-23T18:08:48.5847990Z,1779559728584,1
2026-05-23T18:08:48.6190720Z,1779559728619,1
2026-05-23T18:08:48.6536320Z,1779559728653,1
2026-05-23T18:08:48.6875990Z,1779559728687,1
2026-05-23T18:08:48.7227200Z,1779559728722,1
2026-05-23T18:08:48.7568510Z,1779559728756,0
2026-05-23T18:08:48.7915530Z,1779559728791,1
2026-05-23T18:08:48.8252320Z,1779559728825,1
2026-05-23T18:08:48.8595140Z,1779559728859,1
2026-05-23T18:08:48.8949890Z,1779559728894,0
2026-05-23T18:08:48.9383680Z,1779559728938,2
2026-05-23T18:08:48.9713420Z,1779559728971,0
2026-05-23T18:08:49.0133130Z,1779559729013,1
2026-05-23T18:08:49.0463550Z,1779559729046,1
2026-05-23T18:08:49.0809100Z,1779559729080,1
2026-05-23T18:08:49.1147360Z,1779559729114,1
2026-05-23T18:08:49.1496060Z,1779559729149,0
2026-05-23T18:08:49.1839200Z,1779559729183,1
2026-05-23T18:08:49.2177760Z,1779559729217,1
2026-05-23T18:08:49.2525870Z,1779559729252,1
2026-05-23T18:08:49.2864480Z,1779559729286,0
2026-05-23T18:08:49.3209020Z,1779559729320,1
2026-05-23T18:08:49.3553170Z,1779559729355,1
2026-05-23T18:08:49.3894870Z,1779559729389,1
2026-05-23T18:08:49.4329640Z,1779559729432,1
2026-05-23T18:08:49.5058940Z,1779559729505,2
2026-05-23T18:08:49.5094230Z,1779559729509,0
2026-05-23T18:08:49.5432250Z,1779559729543,1
2026-05-23T18:08:49.5773160Z,1779559729577,1
2026-05-23T18:08:49.6119000Z,1779559729611,1
2026-05-23T18:08:49.6461000Z,1779559729646,0
2026-05-23T18:08:49.6805720Z,1779559729680,1
2026-05-23T18:08:49.7144790Z,1779559729714,1
2026-05-23T18:08:49.7487600Z,1779559729748,1
2026-05-23T18:08:49.7827840Z,1779559729782,0
2026-05-23T18:08:49.8172050Z,1779559729817,1
2026-05-23T18:08:49.8516900Z,1779559729851,1
2026-05-23T18:08:49.8861650Z,1779559729886,1
2026-05-23T18:08:49.9213920Z,1779559729921,1
2026-05-23T18:08:49.9641700Z,1779559729964,1
2026-05-23T18:08:49.9970210Z,1779559729997,1
2026-05-23T18:08:50.0402420Z,1779559730040,0
2026-05-23T18:08:50.0732000Z,1779559730073,1
2026-05-23T18:08:50.1075100Z,1779559730107,1
2026-05-23T18:08:50.1419550Z,1779559730141,1
2026-05-23T18:08:50.1757650Z,1779559730175,1
2026-05-23T18:08:50.2105160Z,1779559730210,1
2026-05-23T18:08:50.2446010Z,1779559730244,1
2026-05-23T18:08:50.2789200Z,1779559730278,0
2026-05-23T18:08:50.3133500Z,1779559730313,1
2026-05-23T18:08:50.3474720Z,1779559730347,1
2026-05-23T18:08:50.3820820Z,1779559730382,1
2026-05-23T18:08:50.4565070Z,1779559730456,2
2026-05-23T18:08:50.4602030Z,1779559730460,0
2026-05-23T18:08:50.4947650Z,1779559730494,1
2026-05-23T18:08:50.5362850Z,1779559730536,0
2026-05-23T18:08:50.5691560Z,1779559730569,1
2026-05-23T18:08:50.6037990Z,1779559730603,1
2026-05-23T18:08:50.6379640Z,1779559730637,1
2026-05-23T18:08:50.6725420Z,1779559730672,1
2026-05-23T18:08:50.7065470Z,1779559730706,1
2026-05-23T18:08:50.7411520Z,1779559730741,1
2026-05-23T18:08:50.7751350Z,1779559730775,0
2026-05-23T18:08:50.8093550Z,1779559730809,1
2026-05-23T18:08:50.8439920Z,1779559730843,1
2026-05-23T18:08:50.8780320Z,1779559730878,1
2026-05-23T18:08:50.9130940Z,1779559730913,0
2026-05-23T18:08:50.9879580Z,1779559730987,2
2026-05-23T18:08:50.9916300Z,1779559730991,0
2026-05-23T18:08:51.0258950Z,1779559731025,1
2026-05-23T18:08:51.0680500Z,1779559731068,1
2026-05-23T18:08:51.1009610Z,1779559731100,1
2026-05-23T18:08:51.1350300Z,1779559731135,1
2026-05-23T18:08:51.1693700Z,1779559731169,0
2026-05-23T18:08:51.2036090Z,1779559731203,1
2026-05-23T18:08:51.2378780Z,1779559731237,1
2026-05-23T18:08:51.2724510Z,1779559731272,1
2026-05-23T18:08:51.3062890Z,1779559731306,0
2026-05-23T18:08:51.3407800Z,1779559731340,1
2026-05-23T18:08:51.3750780Z,1779559731375,1
2026-05-23T18:08:51.4098780Z,1779559731409,1
2026-05-23T18:08:51.4447620Z,1779559731444,1
2026-05-23T18:08:51.4879590Z,1779559731487,1
2026-05-23T18:08:51.5216390Z,1779559731521,1
2026-05-23T18:08:51.5630210Z,1779559731563,0
2026-05-23T18:08:51.5962330Z,1779559731596,1
2026-05-23T18:08:51.6309500Z,1779559731630,1
2026-05-23T18:08:51.6649430Z,1779559731664,1
2026-05-23T18:08:51.6995580Z,1779559731699,1
2026-05-23T18:08:51.7339780Z,1779559731733,1
2026-05-23T18:08:51.7684450Z,1779559731768,0
2026-05-23T18:08:51.8029260Z,1779559731802,1
2026-05-23T18:08:51.8373720Z,1779559731837,1
2026-05-23T18:08:51.8714370Z,1779559731871,1
2026-05-23T18:08:51.9055600Z,1779559731905,1
2026-05-23T18:08:51.9407180Z,1779559731940,0
2026-05-23T18:08:51.9835890Z,1779559731983,1
2026-05-23T18:08:52.0166250Z,1779559732016,1
2026-05-23T18:08:52.0602180Z,1779559732060,1
2026-05-23T18:08:52.0938640Z,1779559732093,1
2026-05-23T18:08:52.1283030Z,1779559732128,1
2026-05-23T18:08:52.1629430Z,1779559732162,1
2026-05-23T18:08:52.1967990Z,1779559732196,0
2026-05-23T18:08:52.2313980Z,1779559732231,1
2026-05-23T18:08:52.2654270Z,1779559732265,1
2026-05-23T18:08:52.2993860Z,1779559732299,1
2026-05-23T18:08:52.3344400Z,1779559732334,1
2026-05-23T18:08:52.3684280Z,1779559732368,1
2026-05-23T18:08:52.4029710Z,1779559732402,1
2026-05-23T18:08:52.4374860Z,1779559732437,0
2026-05-23T18:08:52.4731290Z,1779559732473,1
2026-05-23T18:08:52.5152070Z,1779559732515,1
2026-05-23T18:08:52.5891580Z,1779559732589,2
2026-05-23T18:08:52.5935920Z,1779559732593,0
2026-05-23T18:08:52.6270430Z,1779559732627,1
2026-05-23T18:08:52.6615780Z,1779559732661,1
2026-05-23T18:08:52.6961660Z,1779559732696,0
2026-05-23T18:08:52.7302670Z,1779559732730,1
2026-05-23T18:08:52.7646630Z,1779559732764,1
2026-05-23T18:08:52.7990230Z,1779559732799,1
2026-05-23T18:08:52.8333560Z,1779559732833,0
2026-05-23T18:08:52.8672760Z,1779559732867,1
2026-05-23T18:08:52.9017320Z,1779559732901,1
2026-05-23T18:08:52.9358680Z,1779559732935,1
2026-05-23T18:08:52.9707230Z,1779559732970,1
2026-05-23T18:08:53.0139260Z,1779559733013,1
2026-05-23T18:08:53.0472210Z,1779559733047,1
2026-05-23T18:08:53.0892820Z,1779559733089,1
2026-05-23T18:08:53.1224570Z,1779559733122,1
2026-05-23T18:08:53.1564280Z,1779559733156,1
2026-05-23T18:08:53.1912710Z,1779559733191,0
2026-05-23T18:08:53.2252980Z,1779559733225,1
2026-05-23T18:08:53.2597210Z,1779559733259,1
2026-05-23T18:08:53.2938470Z,1779559733293,1
2026-05-23T18:08:53.3277900Z,1779559733327,0
2026-05-23T18:08:53.3622010Z,1779559733362,1
2026-05-23T18:08:53.3963560Z,1779559733396,1
2026-05-23T18:08:53.4309520Z,1779559733430,1
2026-05-23T18:08:53.4650300Z,1779559733465,1
2026-05-23T18:08:53.5405040Z,1779559733540,2
2026-05-23T18:08:53.5442090Z,1779559733544,0
2026-05-23T18:08:53.5775830Z,1779559733577,0
2026-05-23T18:08:53.6199660Z,1779559733619,2
2026-05-23T18:08:53.6529370Z,1779559733652,0
2026-05-23T18:08:53.6872090Z,1779559733687,1
2026-05-23T18:08:53.7215250Z,1779559733721,1
2026-05-23T18:08:53.7556740Z,1779559733755,1
2026-05-23T18:08:53.7899800Z,1779559733789,1
2026-05-23T18:08:53.8244500Z,1779559733824,0
2026-05-23T18:08:53.8587270Z,1779559733858,1
2026-05-23T18:08:53.8931320Z,1779559733893,1
2026-05-23T18:08:53.9271540Z,1779559733927,1
2026-05-23T18:08:53.9614640Z,1779559733961,0
2026-05-23T18:08:53.9963590Z,1779559733996,2
2026-05-23T18:08:54.0390690Z,1779559734039,1
2026-05-23T18:08:54.0720440Z,1779559734072,0
2026-05-23T18:08:54.1072270Z,1779559734107,1
2026-05-23T18:08:54.1515940Z,1779559734151,1
2026-05-23T18:08:54.1844590Z,1779559734184,1
2026-05-23T18:08:54.2181330Z,1779559734218,1
2026-05-23T18:08:54.2526250Z,1779559734252,1
2026-05-23T18:08:54.2869460Z,1779559734286,1
2026-05-23T18:08:54.3208010Z,1779559734320,0
2026-05-23T18:08:54.3552070Z,1779559734355,1
2026-05-23T18:08:54.3892210Z,1779559734389,1
2026-05-23T18:08:54.4237240Z,1779559734423,1
2026-05-23T18:08:54.4579090Z,1779559734457,0
2026-05-23T18:08:54.4924430Z,1779559734492,1
2026-05-23T18:08:54.5267640Z,1779559734526,1
2026-05-23T18:08:54.5691560Z,1779559734569,1
2026-05-23T18:08:54.6022980Z,1779559734602,1
2026-05-23T18:08:54.6443670Z,1779559734644,1
2026-05-23T18:08:54.6771100Z,1779559734677,1
2026-05-23T18:08:54.7116930Z,1779559734711,0
2026-05-23T18:08:54.7456520Z,1779559734745,1
2026-05-23T18:08:54.7803540Z,1779559734780,1
2026-05-23T18:08:54.8145720Z,1779559734814,1
2026-05-23T18:08:54.8486450Z,1779559734848,0
2026-05-23T18:08:54.8832280Z,1779559734883,1
2026-05-23T18:08:54.9171340Z,1779559734917,1
2026-05-23T18:08:54.9515380Z,1779559734951,1
2026-05-23T18:08:54.9859340Z,1779559734985,1
2026-05-23T18:08:55.0207920Z,1779559735020,1
2026-05-23T18:08:55.0633000Z,1779559735063,1
2026-05-23T18:08:55.1365850Z,1779559735136,2
2026-05-23T18:08:55.1402360Z,1779559735140,0
2026-05-23T18:08:55.1739410Z,1779559735173,1
2026-05-23T18:08:55.2083350Z,1779559735208,0
2026-05-23T18:08:55.2425130Z,1779559735242,1
2026-05-23T18:08:55.2768090Z,1779559735276,1
2026-05-23T18:08:55.3115290Z,1779559735311,1
2026-05-23T18:08:55.3454020Z,1779559735345,0
2026-05-23T18:08:55.3800180Z,1779559735380,1
2026-05-23T18:08:55.4143940Z,1779559735414,1
2026-05-23T18:08:55.4480390Z,1779559735448,1
2026-05-23T18:08:55.4825690Z,1779559735482,1
2026-05-23T18:08:55.5577730Z,1779559735557,2
2026-05-23T18:08:55.5623370Z,1779559735562,0
2026-05-23T18:08:55.5959740Z,1779559735595,0
2026-05-23T18:08:55.6424180Z,1779559735642,2
2026-05-23T18:08:55.6798880Z,1779559735679,1
2026-05-23T18:08:55.7186770Z,1779559735718,0
2026-05-23T18:08:55.7569960Z,1779559735756,1
2026-05-23T18:08:55.7966590Z,1779559735796,1
2026-05-23T18:08:55.8346720Z,1779559735834,1
2026-05-23T18:08:55.8719280Z,1779559735871,1
2026-05-23T18:08:55.9058600Z,1779559735905,1
2026-05-23T18:08:55.9401820Z,1779559735940,1
2026-05-23T18:08:55.9747830Z,1779559735974,0
2026-05-23T18:08:56.0085140Z,1779559736008,1
2026-05-23T18:08:56.0436120Z,1779559736043,1
2026-05-23T18:08:56.0875260Z,1779559736087,1
2026-05-23T18:08:56.1206380Z,1779559736120,1
2026-05-23T18:08:56.1634490Z,1779559736163,1
2026-05-23T18:08:56.1965650Z,1779559736196,1
2026-05-23T18:08:56.2309960Z,1779559736230,1
2026-05-23T18:08:56.2650310Z,1779559736265,1
2026-05-23T18:08:56.2996670Z,1779559736299,0
2026-05-23T18:08:56.3343880Z,1779559736334,1
2026-05-23T18:08:56.3683490Z,1779559736368,1
2026-05-23T18:08:56.4028180Z,1779559736402,1
2026-05-23T18:08:56.4371770Z,1779559736437,1
2026-05-23T18:08:56.4717600Z,1779559736471,0
2026-05-23T18:08:56.5057750Z,1779559736505,1
2026-05-23T18:08:56.5407980Z,1779559736540,1
2026-05-23T18:08:56.5757640Z,1779559736575,1
2026-05-23T18:08:56.6181730Z,1779559736618,1
2026-05-23T18:08:56.6516220Z,1779559736651,1
2026-05-23T18:08:56.6930560Z,1779559736693,1
2026-05-23T18:08:56.7261820Z,1779559736726,0
2026-05-23T18:08:56.7611470Z,1779559736761,1
2026-05-23T18:08:56.7951130Z,1779559736795,1
2026-05-23T18:08:56.8301920Z,1779559736830,1
2026-05-23T18:08:56.8640740Z,1779559736864,1
2026-05-23T18:08:56.8981270Z,1779559736898,1
2026-05-23T18:08:56.9327950Z,1779559736932,1
2026-05-23T18:08:56.9671010Z,1779559736967,0
2026-05-23T18:08:57.0019110Z,1779559737001,1
2026-05-23T18:08:57.0358380Z,1779559737035,1
2026-05-23T18:08:57.0706690Z,1779559737070,1
2026-05-23T18:08:57.1136550Z,1779559737113,1
2026-05-23T18:08:57.1872050Z,1779559737187,2
2026-05-23T18:08:57.1907600Z,1779559737190,0
2026-05-23T18:08:57.2243400Z,1779559737224,0
2026-05-23T18:08:57.2588090Z,1779559737258,1
2026-05-23T18:08:57.2931250Z,1779559737293,1
2026-05-23T18:08:57.3273210Z,1779559737327,1
2026-05-23T18:08:57.3625360Z,1779559737362,1
2026-05-23T18:08:57.3963860Z,1779559737396,1
2026-05-23T18:08:57.4309240Z,1779559737430,1
2026-05-23T18:08:57.4650320Z,1779559737465,0
2026-05-23T18:08:57.4990290Z,1779559737499,1
2026-05-23T18:08:57.5334110Z,1779559737533,1
2026-05-23T18:08:57.5677590Z,1779559737567,1
2026-05-23T18:08:57.6030840Z,1779559737603,0
2026-05-23T18:08:57.6452380Z,1779559737645,2
2026-05-23T18:08:57.6782240Z,1779559737678,0
2026-05-23T18:08:57.7207950Z,1779559737720,1
2026-05-23T18:08:57.7534080Z,1779559737753,1
2026-05-23T18:08:57.7878320Z,1779559737787,1
2026-05-23T18:08:57.8220350Z,1779559737822,1
2026-05-23T18:08:57.8560960Z,1779559737856,0
2026-05-23T18:08:57.8908640Z,1779559737890,1
2026-05-23T18:08:57.9245810Z,1779559737924,1
2026-05-23T18:08:57.9588750Z,1779559737958,1
2026-05-23T18:08:57.9936850Z,1779559737993,1
2026-05-23T18:08:58.0275580Z,1779559738027,1
2026-05-23T18:08:58.0628720Z,1779559738062,1
2026-05-23T18:08:58.0967840Z,1779559738096,0
2026-05-23T18:08:58.1398940Z,1779559738139,1
2026-05-23T18:08:58.1729060Z,1779559738172,1
2026-05-23T18:08:58.2072360Z,1779559738207,1
2026-05-23T18:08:58.2417510Z,1779559738241,1
2026-05-23T18:08:58.2756020Z,1779559738275,1
2026-05-23T18:08:58.3097900Z,1779559738309,0
2026-05-23T18:08:58.3443280Z,1779559738344,1
2026-05-23T18:08:58.3784260Z,1779559738378,1
2026-05-23T18:08:58.4131030Z,1779559738413,1
2026-05-23T18:08:58.4469690Z,1779559738446,1
2026-05-23T18:08:58.4814290Z,1779559738481,0
2026-05-23T18:08:58.5156680Z,1779559738515,1
2026-05-23T18:08:58.5496410Z,1779559738549,1
2026-05-23T18:08:58.5844710Z,1779559738584,1
2026-05-23T18:08:58.6597260Z,1779559738659,2
2026-05-23T18:08:58.6634760Z,1779559738663,0
2026-05-23T18:08:58.6972360Z,1779559738697,1
2026-05-23T18:08:58.7393360Z,1779559738739,0
2026-05-23T18:08:58.7722590Z,1779559738772,1
2026-05-23T18:08:58.8063740Z,1779559738806,1
2026-05-23T18:08:58.8412370Z,1779559738841,1
2026-05-23T18:08:58.8748310Z,1779559738874,1
2026-05-23T18:08:58.9091710Z,1779559738909,1
2026-05-23T18:08:58.9433750Z,1779559738943,1
2026-05-23T18:08:58.9774810Z,1779559738977,0
2026-05-23T18:08:59.0121630Z,1779559739012,1
2026-05-23T18:08:59.0464970Z,1779559739046,1
2026-05-23T18:08:59.0807300Z,1779559739080,1
2026-05-23T18:08:59.1146700Z,1779559739114,0
2026-05-23T18:08:59.1579310Z,1779559739157,2
2026-05-23T18:08:59.1918140Z,1779559739191,1
2026-05-23T18:08:59.2330500Z,1779559739233,0
2026-05-23T18:08:59.2659890Z,1779559739265,1
2026-05-23T18:08:59.3002290Z,1779559739300,1
2026-05-23T18:08:59.3345340Z,1779559739334,1
2026-05-23T18:08:59.3687090Z,1779559739368,1
2026-05-23T18:08:59.4029980Z,1779559739402,1
2026-05-23T18:08:59.4369920Z,1779559739436,0
2026-05-23T18:08:59.4717710Z,1779559739471,1
2026-05-23T18:08:59.5058570Z,1779559739505,1
2026-05-23T18:08:59.5399620Z,1779559739539,1
2026-05-23T18:08:59.5748480Z,1779559739574,1
2026-05-23T18:08:59.6086820Z,1779559739608,0
2026-05-23T18:08:59.6441910Z,1779559739644,1
2026-05-23T18:08:59.6867780Z,1779559739686,1
2026-05-23T18:08:59.7195800Z,1779559739719,1
2026-05-23T18:08:59.7622310Z,1779559739762,1
2026-05-23T18:08:59.7956050Z,1779559739795,1
2026-05-23T18:08:59.8297690Z,1779559739829,1
2026-05-23T18:08:59.8641520Z,1779559739864,0
2026-05-23T18:08:59.8985440Z,1779559739898,1
2026-05-23T18:08:59.9330060Z,1779559739933,1
2026-05-23T18:08:59.9670870Z,1779559739967,1
2026-05-23T18:09:00.0018430Z,1779559740001,1
2026-05-23T18:09:00.0359960Z,1779559740035,1
2026-05-23T18:09:00.0706260Z,1779559740070,1
2026-05-23T18:09:00.1060450Z,1779559740106,0
2026-05-23T18:09:00.1395890Z,1779559740139,1
2026-05-23T18:09:00.1821680Z,1779559740182,1
2026-05-23T18:09:00.2552860Z,1779559740255,2
2026-05-23T18:09:00.2588050Z,1779559740258,0
2026-05-23T18:09:00.2928450Z,1779559740292,1
2026-05-23T18:09:00.3270450Z,1779559740327,1
2026-05-23T18:09:00.3613330Z,1779559740361,0
2026-05-23T18:09:00.3955670Z,1779559740395,1
2026-05-23T18:09:00.4298910Z,1779559740429,1
2026-05-23T18:09:00.4644850Z,1779559740464,1
2026-05-23T18:09:00.4985670Z,1779559740498,0
2026-05-23T18:09:00.5332220Z,1779559740533,2
2026-05-23T18:09:00.5674430Z,1779559740567,0
2026-05-23T18:09:00.6018880Z,1779559740601,1
2026-05-23T18:09:00.6363700Z,1779559740636,1
2026-05-23T18:09:00.6719600Z,1779559740671,1
2026-05-23T18:09:00.7142340Z,1779559740714,1
2026-05-23T18:09:00.7470480Z,1779559740747,0
2026-05-23T18:09:00.7832120Z,1779559740783,2
2026-05-23T18:09:00.8245230Z,1779559740824,1
2026-05-23T18:09:00.8576320Z,1779559740857,0
2026-05-23T18:09:00.8920180Z,1779559740892,1
2026-05-23T18:09:00.9261660Z,1779559740926,1
2026-05-23T18:09:00.9609050Z,1779559740960,1
2026-05-23T18:09:00.9947750Z,1779559740994,0
2026-05-23T18:09:01.0293630Z,1779559741029,1
2026-05-23T18:09:01.0642330Z,1779559741064,1
2026-05-23T18:09:01.0982330Z,1779559741098,1
2026-05-23T18:09:01.1331280Z,1779559741133,1
2026-05-23T18:09:01.2083180Z,1779559741208,2
2026-05-23T18:09:01.2120600Z,1779559741212,0
2026-05-23T18:09:01.2460040Z,1779559741246,0
2026-05-23T18:09:01.2900740Z,1779559741290,2
2026-05-23T18:09:01.3234810Z,1779559741323,0
2026-05-23T18:09:01.3571640Z,1779559741357,1
2026-05-23T18:09:01.3916680Z,1779559741391,1
2026-05-23T18:09:01.4258610Z,1779559741425,1
2026-05-23T18:09:01.4602070Z,1779559741460,1
2026-05-23T18:09:01.4948020Z,1779559741494,0
2026-05-23T18:09:01.5290590Z,1779559741529,1
2026-05-23T18:09:01.5636150Z,1779559741563,1
2026-05-23T18:09:01.5977520Z,1779559741597,1
2026-05-23T18:09:01.6321570Z,1779559741632,0
2026-05-23T18:09:01.6664680Z,1779559741666,1
2026-05-23T18:09:01.7423800Z,1779559741742,2
2026-05-23T18:09:01.7456880Z,1779559741745,0
2026-05-23T18:09:01.7799590Z,1779559741779,1
2026-05-23T18:09:01.8232550Z,1779559741823,1
2026-05-23T18:09:01.8556420Z,1779559741855,1
2026-05-23T18:09:01.8899010Z,1779559741889,1
2026-05-23T18:09:01.9249300Z,1779559741924,1
2026-05-23T18:09:01.9586640Z,1779559741958,0
2026-05-23T18:09:01.9932580Z,1779559741993,1
2026-05-23T18:09:02.0275310Z,1779559742027,1
2026-05-23T18:09:02.0619850Z,1779559742061,1
2026-05-23T18:09:02.0960750Z,1779559742096,1
2026-05-23T18:09:02.1304910Z,1779559742130,0
2026-05-23T18:09:02.1649930Z,1779559742164,1
2026-05-23T18:09:02.1993970Z,1779559742199,1
2026-05-23T18:09:02.2424120Z,1779559742242,1
2026-05-23T18:09:02.2750020Z,1779559742275,1
2026-05-23T18:09:02.3178340Z,1779559742317,1
2026-05-23T18:09:02.3505920Z,1779559742350,1
2026-05-23T18:09:02.3846150Z,1779559742384,0
2026-05-23T18:09:02.4189470Z,1779559742418,1
2026-05-23T18:09:02.4537340Z,1779559742453,1
2026-05-23T18:09:02.4875870Z,1779559742487,1
2026-05-23T18:09:02.5223020Z,1779559742522,1
2026-05-23T18:09:02.5564770Z,1779559742556,1
2026-05-23T18:09:02.5908620Z,1779559742590,1
2026-05-23T18:09:02.6249410Z,1779559742624,0
2026-05-23T18:09:02.6594130Z,1779559742659,1
2026-05-23T18:09:02.6939860Z,1779559742693,1
2026-05-23T18:09:02.7290440Z,1779559742729,1
2026-05-23T18:09:02.7719300Z,1779559742771,0
2026-05-23T18:09:02.8042570Z,1779559742804,1
2026-05-23T18:09:02.8469870Z,1779559742846,2
2026-05-23T18:09:02.8798310Z,1779559742879,0
2026-05-23T18:09:02.9138730Z,1779559742913,1
2026-05-23T18:09:02.9480430Z,1779559742948,1
2026-05-23T18:09:02.9827730Z,1779559742982,1
2026-05-23T18:09:03.0166480Z,1779559743016,0
2026-05-23T18:09:03.0513120Z,1779559743051,1
2026-05-23T18:09:03.0853640Z,1779559743085,1
2026-05-23T18:09:03.1193410Z,1779559743119,1
2026-05-23T18:09:03.1539470Z,1779559743153,1
2026-05-23T18:09:03.1884800Z,1779559743188,1
2026-05-23T18:09:03.2230100Z,1779559743223,1
2026-05-23T18:09:03.2652620Z,1779559743265,0
2026-05-23T18:09:03.3385670Z,1779559743338,2
2026-05-23T18:09:03.3421480Z,1779559743342,0
2026-05-23T18:09:03.3758490Z,1779559743375,1
2026-05-23T18:09:03.4106870Z,1779559743410,1
2026-05-23T18:09:03.4444730Z,1779559743444,1
2026-05-23T18:09:03.4789390Z,1779559743478,1
2026-05-23T18:09:03.5134180Z,1779559743513,0
2026-05-23T18:09:03.5474740Z,1779559743547,1
2026-05-23T18:09:03.5820850Z,1779559743582,1
2026-05-23T18:09:03.6160400Z,1779559743616,1
2026-05-23T18:09:03.6503760Z,1779559743650,0
2026-05-23T18:09:03.6843140Z,1779559743684,1
2026-05-23T18:09:03.7189390Z,1779559743718,1
2026-05-23T18:09:03.7951830Z,1779559743795,2
2026-05-23T18:09:03.7990910Z,1779559743799,0
2026-05-23T18:09:03.8738740Z,1779559743873,2
2026-05-23T18:09:03.8776220Z,1779559743877,0
2026-05-23T18:09:03.9119170Z,1779559743911,1
2026-05-23T18:09:03.9454130Z,1779559743945,1
2026-05-23T18:09:03.9798720Z,1779559743979,1
2026-05-23T18:09:04.0142980Z,1779559744014,0
2026-05-23T18:09:04.0483750Z,1779559744048,1
2026-05-23T18:09:04.0828890Z,1779559744082,1
2026-05-23T18:09:04.1168640Z,1779559744116,1
2026-05-23T18:09:04.1514040Z,1779559744151,0
2026-05-23T18:09:04.1853660Z,1779559744185,1
2026-05-23T18:09:04.2203610Z,1779559744220,1
2026-05-23T18:09:04.2554160Z,1779559744255,1
2026-05-23T18:09:04.2980600Z,1779559744298,1
2026-05-23T18:09:04.3321970Z,1779559744332,1
2026-05-23T18:09:04.3738420Z,1779559744373,1
2026-05-23T18:09:04.4067710Z,1779559744406,1
2026-05-23T18:09:04.4413080Z,1779559744441,1
2026-05-23T18:09:04.4752660Z,1779559744475,0
2026-05-23T18:09:04.5099660Z,1779559744509,1
2026-05-23T18:09:04.5445380Z,1779559744544,1
2026-05-23T18:09:04.5786410Z,1779559744578,1
2026-05-23T18:09:04.6129710Z,1779559744612,1
2026-05-23T18:09:04.6470940Z,1779559744647,0
2026-05-23T18:09:04.6816930Z,1779559744681,1
2026-05-23T18:09:04.7157120Z,1779559744715,1
2026-05-23T18:09:04.7920120Z,1779559744792,2
2026-05-23T18:09:04.7978740Z,1779559744797,0
2026-05-23T18:09:04.8719670Z,1779559744871,2
2026-05-23T18:09:04.8764350Z,1779559744876,0
2026-05-23T18:09:04.9109740Z,1779559744910,1
2026-05-23T18:09:04.9444420Z,1779559744944,1
2026-05-23T18:09:04.9786930Z,1779559744978,0
2026-05-23T18:09:05.0134850Z,1779559745013,1
2026-05-23T18:09:05.0480670Z,1779559745048,1
2026-05-23T18:09:05.0821900Z,1779559745082,1
2026-05-23T18:09:05.1164080Z,1779559745116,1
2026-05-23T18:09:05.1511960Z,1779559745151,0
2026-05-23T18:09:05.1850910Z,1779559745185,1
2026-05-23T18:09:05.2195330Z,1779559745219,1
2026-05-23T18:09:05.2545340Z,1779559745254,1
2026-05-23T18:09:05.2901490Z,1779559745290,1
2026-05-23T18:09:05.3333550Z,1779559745333,1
2026-05-23T18:09:05.4064070Z,1779559745406,1
2026-05-23T18:09:05.4101190Z,1779559745410,0
2026-05-23T18:09:05.4823320Z,1779559745482,2
2026-05-23T18:09:05.4872230Z,1779559745487,0
2026-05-23T18:09:05.5214990Z,1779559745521,0
2026-05-23T18:09:05.5551630Z,1779559745555,0
2026-05-23T18:09:05.5894850Z,1779559745589,0
2026-05-23T18:09:05.6251580Z,1779559745625,0
2026-05-23T18:09:05.6650560Z,1779559745665,0
2026-05-23T18:09:05.7030370Z,1779559745703,0
2026-05-23T18:09:05.7412870Z,1779559745741,0
2026-05-23T18:09:05.7799570Z,1779559745779,0
2026-05-23T18:09:05.8248460Z,1779559745824,0
2026-05-23T18:09:05.8624700Z,1779559745862,0
2026-05-23T18:09:05.9050200Z,1779559745905,0
2026-05-23T18:09:05.9380800Z,1779559745938,0
2026-05-23T18:09:05.9726110Z,1779559745972,0
2026-05-23T18:09:06.0066500Z,1779559746006,0
2026-05-23T18:09:06.0418540Z,1779559746041,0
2026-05-23T18:09:06.0755830Z,1779559746075,0
2026-05-23T18:09:06.1101020Z,1779559746110,0
2026-05-23T18:09:06.1448000Z,1779559746144,0
2026-05-23T18:09:06.1832090Z,1779559746183,0
2026-05-23T18:09:06.2159780Z,1779559746215,0
2026-05-23T18:09:06.2544260Z,1779559746254,0
2026-05-23T18:09:06.2983920Z,1779559746298,0
2026-05-23T18:09:06.3397900Z,1779559746339,0
2026-05-23T18:09:06.3732900Z,1779559746373,0
2026-05-23T18:09:06.4076830Z,1779559746407,0
2026-05-23T18:09:06.4426660Z,1779559746442,0
2026-05-23T18:09:06.4767500Z,1779559746476,0
2026-05-23T18:09:06.5110550Z,1779559746511,0
2026-05-23T18:09:06.5449690Z,1779559746544,0
2026-05-23T18:09:06.5796000Z,1779559746579,0
2026-05-23T18:09:06.6139070Z,1779559746613,0
2026-05-23T18:09:06.6482040Z,1779559746648,0
2026-05-23T18:09:06.6826830Z,1779559746682,0
2026-05-23T18:09:06.7164860Z,1779559746716,0
2026-05-23T18:09:06.7512430Z,1779559746751,0
2026-05-23T18:09:06.7855330Z,1779559746785,0
2026-05-23T18:09:06.8614960Z,1779559746861,0
2026-05-23T18:09:06.8651350Z,1779559746865,0
2026-05-23T18:09:06.9383520Z,1779559746938,0
2026-05-23T18:09:06.9414590Z,1779559746941,0
2026-05-23T18:09:06.9751330Z,1779559746975,0
2026-05-23T18:09:07.0096330Z,1779559747009,0
2026-05-23T18:09:07.0442180Z,1779559747044,0
2026-05-23T18:09:07.0783110Z,1779559747078,0
2026-05-23T18:09:07.1130050Z,1779559747113,0
2026-05-23T18:09:07.1470370Z,1779559747147,0
2026-05-23T18:09:07.1816410Z,1779559747181,0
2026-05-23T18:09:07.2158760Z,1779559747215,0
2026-05-23T18:09:07.2500190Z,1779559747250,0
2026-05-23T18:09:07.2847740Z,1779559747284,0
2026-05-23T18:09:07.3603170Z,1779559747360,0
2026-05-23T18:09:07.3636990Z,1779559747363,0
2026-05-23T18:09:07.3976970Z,1779559747397,0
2026-05-23T18:09:07.4400170Z,1779559747440,0
2026-05-23T18:09:07.4739970Z,1779559747473,0
2026-05-23T18:09:07.5085480Z,1779559747508,0
2026-05-23T18:09:07.5503940Z,1779559747550,0
2026-05-23T18:09:07.5830390Z,1779559747583,0
2026-05-23T18:09:07.6176670Z,1779559747617,0
2026-05-23T18:09:07.6521880Z,1779559747652,0
2026-05-23T18:09:07.6863160Z,1779559747686,0
2026-05-23T18:09:07.7202910Z,1779559747720,0
2026-05-23T18:09:07.7549370Z,1779559747754,0
2026-05-23T18:09:07.7894730Z,1779559747789,0
2026-05-23T18:09:07.8239520Z,1779559747823,0
2026-05-23T18:09:07.9033150Z,1779559747903,0
2026-05-23T18:09:07.9064480Z,1779559747906,0
2026-05-23T18:09:07.9421340Z,1779559747942,0
2026-05-23T18:09:07.9819470Z,1779559747981,0
2026-05-23T18:09:08.0149970Z,1779559748014,0
2026-05-23T18:09:08.0491920Z,1779559748049,0
2026-05-23T18:09:08.0838660Z,1779559748083,0
2026-05-23T18:09:08.1178440Z,1779559748117,0
2026-05-23T18:09:08.1526420Z,1779559748152,0
2026-05-23T18:09:08.1867860Z,1779559748186,0
2026-05-23T18:09:08.2212660Z,1779559748221,0
2026-05-23T18:09:08.2556200Z,1779559748255,0
2026-05-23T18:09:08.2906630Z,1779559748290,0
2026-05-23T18:09:08.3247300Z,1779559748324,0
2026-05-23T18:09:08.3676870Z,1779559748367,0
2026-05-23T18:09:08.4413890Z,1779559748441,0
2026-05-23T18:09:08.4444880Z,1779559748444,0
2026-05-23T18:09:08.4784580Z,1779559748478,0
2026-05-23T18:09:08.5536580Z,1779559748553,0
2026-05-23T18:09:08.5566270Z,1779559748556,0
2026-05-23T18:09:08.5913030Z,1779559748591,0
2026-05-23T18:09:08.6257070Z,1779559748625,0
2026-05-23T18:09:08.6596620Z,1779559748659,0
2026-05-23T18:09:08.6944390Z,1779559748694,0
2026-05-23T18:09:08.7284790Z,1779559748728,0
2026-05-23T18:09:08.7630190Z,1779559748763,0
2026-05-23T18:09:08.7968330Z,1779559748796,0
2026-05-23T18:09:08.8316050Z,1779559748831,0
2026-05-23T18:09:08.8666510Z,1779559748866,0
2026-05-23T18:09:08.9096610Z,1779559748909,0
2026-05-23T18:09:08.9512950Z,1779559748951,0
2026-05-23T18:09:08.9863290Z,1779559748986,0
2026-05-23T18:09:09.0210050Z,1779559749021,0
2026-05-23T18:09:09.0559500Z,1779559749055,0
2026-05-23T18:09:09.0905760Z,1779559749090,0
2026-05-23T18:09:09.1248180Z,1779559749124,0
2026-05-23T18:09:09.1592950Z,1779559749159,0
2026-05-23T18:09:09.1939250Z,1779559749193,0
2026-05-23T18:09:09.2279900Z,1779559749227,0
2026-05-23T18:09:09.2628860Z,1779559749262,0
2026-05-23T18:09:09.2966320Z,1779559749296,0
2026-05-23T18:09:09.3313520Z,1779559749331,0
2026-05-23T18:09:09.4079320Z,1779559749407,0
2026-05-23T18:09:09.4133880Z,1779559749413,0
2026-05-23T18:09:09.4537320Z,1779559749453,0
2026-05-23T18:09:09.4956870Z,1779559749495,0
2026-05-23T18:09:09.5314920Z,1779559749531,0
2026-05-23T18:09:09.5680620Z,1779559749568,0
2026-05-23T18:09:09.6051180Z,1779559749605,0
2026-05-23T18:09:09.6419840Z,1779559749641,0
2026-05-23T18:09:09.6787080Z,1779559749678,0
2026-05-23T18:09:09.7158550Z,1779559749715,0
2026-05-23T18:09:09.7534760Z,1779559749753,0
2026-05-23T18:09:09.7893470Z,1779559749789,0
2026-05-23T18:09:09.8242000Z,1779559749824,0
2026-05-23T18:09:09.8591700Z,1779559749859,0
2026-05-23T18:09:09.9073420Z,1779559749907,0
2026-05-23T18:09:09.9453390Z,1779559749945,0
2026-05-23T18:09:09.9783500Z,1779559749978,0
2026-05-23T18:09:10.0128950Z,1779559750012,0
2026-05-23T18:09:10.0474020Z,1779559750047,0
2026-05-23T18:09:10.0823400Z,1779559750082,0
2026-05-23T18:09:10.1160450Z,1779559750116,0
2026-05-23T18:09:10.1501540Z,1779559750150,0
2026-05-23T18:09:10.1849340Z,1779559750184,0
2026-05-23T18:09:10.2201490Z,1779559750220,0
2026-05-23T18:09:10.2570310Z,1779559750257,0
2026-05-23T18:09:10.2940580Z,1779559750294,0
2026-05-23T18:09:10.3293230Z,1779559750329,0
2026-05-23T18:09:10.3668670Z,1779559750366,0
2026-05-23T18:09:10.4137510Z,1779559750413,0
2026-05-23T18:09:10.4564160Z,1779559750456,0
2026-05-23T18:09:10.4936540Z,1779559750493,0
2026-05-23T18:09:10.5283920Z,1779559750528,0
2026-05-23T18:09:10.5648500Z,1779559750564,0
2026-05-23T18:09:10.6001410Z,1779559750600,0
2026-05-23T18:09:10.6360180Z,1779559750636,0
2026-05-23T18:09:10.6714580Z,1779559750671,0
2026-05-23T18:09:10.7067430Z,1779559750706,0
2026-05-23T18:09:10.7418990Z,1779559750741,0
2026-05-23T18:09:10.7759050Z,1779559750775,0
2026-05-23T18:09:10.8118620Z,1779559750811,0
2026-05-23T18:09:10.8477700Z,1779559750847,0
2026-05-23T18:09:10.8837630Z,1779559750883,0
2026-05-23T18:09:10.9231040Z,1779559750923,0
2026-05-23T18:09:10.9996540Z,1779559750999,0
2026-05-23T18:09:11.0031160Z,1779559751003,0
2026-05-23T18:09:11.0372240Z,1779559751037,0
2026-05-23T18:09:11.0740590Z,1779559751074,0
2026-05-23T18:09:11.1081300Z,1779559751108,0
2026-05-23T18:09:11.1439770Z,1779559751143,0
2026-05-23T18:09:11.2147600Z,1779559751214,0
2026-05-23T18:09:11.2179180Z,1779559751217,0
2026-05-23T18:09:11.2979180Z,1779559751297,0
2026-05-23T18:09:11.3015860Z,1779559751301,0
2026-05-23T18:09:11.3396720Z,1779559751339,0
2026-05-23T18:09:11.3784230Z,1779559751378,0
2026-05-23T18:09:11.4152180Z,1779559751415,0
2026-05-23T18:09:11.4971570Z,1779559751497,0
2026-05-23T18:09:11.5008780Z,1779559751500,0
2026-05-23T18:09:11.5409390Z,1779559751540,0
2026-05-23T18:09:11.5772380Z,1779559751577,0
2026-05-23T18:09:11.6125110Z,1779559751612,0
2026-05-23T18:09:11.6461090Z,1779559751646,0
2026-05-23T18:09:11.6795780Z,1779559751679,0
2026-05-23T18:09:11.7137640Z,1779559751713,0
2026-05-23T18:09:11.7487870Z,1779559751748,0
2026-05-23T18:09:11.7840180Z,1779559751784,0
2026-05-23T18:09:11.8185180Z,1779559751818,0
2026-05-23T18:09:11.8539460Z,1779559751853,0
2026-05-23T18:09:11.8888820Z,1779559751888,0
2026-05-23T18:09:11.9235240Z,1779559751923,0
2026-05-23T18:09:11.9665340Z,1779559751966,0
2026-05-23T18:09:12.0420950Z,1779559752042,0
2026-05-23T18:09:12.0458780Z,1779559752045,0
2026-05-23T18:09:12.0826970Z,1779559752082,0
2026-05-23T18:09:12.1163980Z,1779559752116,0
2026-05-23T18:09:12.1513850Z,1779559752151,0
2026-05-23T18:09:12.1850160Z,1779559752185,0
2026-05-23T18:09:12.2183730Z,1779559752218,0
2026-05-23T18:09:12.2531280Z,1779559752253,0
2026-05-23T18:09:12.2865220Z,1779559752286,0
2026-05-23T18:09:12.3198610Z,1779559752319,0
2026-05-23T18:09:12.3533290Z,1779559752353,0
2026-05-23T18:09:12.3943500Z,1779559752394,0
2026-05-23T18:09:12.4732890Z,1779559752473,0
2026-05-23T18:09:12.4784190Z,1779559752478,0
2026-05-23T18:09:12.5254730Z,1779559752525,0
2026-05-23T18:09:12.6035730Z,1779559752603,0
2026-05-23T18:09:12.6067800Z,1779559752606,0
2026-05-23T18:09:12.6430230Z,1779559752643,0
2026-05-23T18:09:12.6910830Z,1779559752691,0
2026-05-23T18:09:12.7215210Z,1779559752721,0
2026-05-23T18:09:12.7553170Z,1779559752755,0
2026-05-23T18:09:12.7888620Z,1779559752788,0
2026-05-23T18:09:12.8222170Z,1779559752822,0
2026-05-23T18:09:12.8556820Z,1779559752855,0
2026-05-23T18:09:12.8890320Z,1779559752889,0
2026-05-23T18:09:12.9556750Z,1779559752955,0
2026-05-23T18:09:12.9585270Z,1779559752958,0
2026-05-23T18:09:13.0232670Z,1779559753023,0
2026-05-23T18:09:13.0323000Z,1779559753032,0
2026-05-23T18:09:13.0687560Z,1779559753068,0
2026-05-23T18:09:13.1025060Z,1779559753102,0
2026-05-23T18:09:13.1354470Z,1779559753135,0
2026-05-23T18:09:13.1688050Z,1779559753168,0
2026-05-23T18:09:13.2027050Z,1779559753202,0
2026-05-23T18:09:13.2391380Z,1779559753239,0
2026-05-23T18:09:13.2752070Z,1779559753275,0
2026-05-23T18:09:13.3109160Z,1779559753310,0
2026-05-23T18:09:13.3463840Z,1779559753346,0
2026-05-23T18:09:13.3818470Z,1779559753381,0
2026-05-23T18:09:13.4167480Z,1779559753416,0
2026-05-23T18:09:13.4523020Z,1779559753452,0
2026-05-23T18:09:13.4875090Z,1779559753487,0
2026-05-23T18:09:13.5225780Z,1779559753522,0
2026-05-23T18:09:13.5556740Z,1779559753555,0
2026-05-23T18:09:13.5892050Z,1779559753589,0
2026-05-23T18:09:13.6245600Z,1779559753624,0
2026-05-23T18:09:13.6595810Z,1779559753659,0
2026-05-23T18:09:13.6956640Z,1779559753695,0
2026-05-23T18:09:13.7311880Z,1779559753731,0
2026-05-23T18:09:13.7659840Z,1779559753765,0
2026-05-23T18:09:13.8011490Z,1779559753801,0
2026-05-23T18:09:13.8346670Z,1779559753834,0
2026-05-23T18:09:13.8680120Z,1779559753868,0
2026-05-23T18:09:13.9015020Z,1779559753901,0
2026-05-23T18:09:13.9351110Z,1779559753935,0
2026-05-23T18:09:13.9681890Z,1779559753968,0
2026-05-23T18:09:14.0016340Z,1779559754001,0
2026-05-23T18:09:14.0350050Z,1779559754035,0
2026-05-23T18:09:14.0690280Z,1779559754069,0
2026-05-23T18:09:14.1027230Z,1779559754102,0
2026-05-23T18:09:14.1362700Z,1779559754136,0
2026-05-23T18:09:14.1695440Z,1779559754169,0
2026-05-23T18:09:14.2030500Z,1779559754203,0
2026-05-23T18:09:14.2365000Z,1779559754236,0
2026-05-23T18:09:14.2696260Z,1779559754269,0
2026-05-23T18:09:14.3044040Z,1779559754304,0
2026-05-23T18:09:14.3391210Z,1779559754339,0
2026-05-23T18:09:14.3747430Z,1779559754374,0
2026-05-23T18:09:14.4100970Z,1779559754410,0
2026-05-23T18:09:14.4450380Z,1779559754445,0
2026-05-23T18:09:14.4783540Z,1779559754478,0
2026-05-23T18:09:14.5126220Z,1779559754512,0
2026-05-23T18:09:14.5461030Z,1779559754546,0
2026-05-23T18:09:14.5792220Z,1779559754579,0
2026-05-23T18:09:14.6130120Z,1779559754613,0
2026-05-23T18:09:14.6464800Z,1779559754646,0
2026-05-23T18:09:14.6796510Z,1779559754679,0
2026-05-23T18:09:14.7134670Z,1779559754713,0
2026-05-23T18:09:14.7467300Z,1779559754746,0
2026-05-23T18:09:14.7803490Z,1779559754780,0
2026-05-23T18:09:14.8141140Z,1779559754814,0
2026-05-23T18:09:14.8495010Z,1779559754849,0
2026-05-23T18:09:14.8848320Z,1779559754884,0
2026-05-23T18:09:14.9194760Z,1779559754919,0
2026-05-23T18:09:14.9546340Z,1779559754954,0
2026-05-23T18:09:14.9891890Z,1779559754989,0
2026-05-23T18:09:15.0249820Z,1779559755024,0
2026-05-23T18:09:15.0607070Z,1779559755060,0
2026-05-23T18:09:15.0960460Z,1779559755096,0
2026-05-23T18:09:15.1314540Z,1779559755131,0
2026-05-23T18:09:15.1660540Z,1779559755166,0
2026-05-23T18:09:15.2010820Z,1779559755201,0
2026-05-23T18:09:15.2354470Z,1779559755235,0
2026-05-23T18:09:15.2700670Z,1779559755270,0
2026-05-23T18:09:15.3035820Z,1779559755303,0
2026-05-23T18:09:15.3368910Z,1779559755336,0
2026-05-23T18:09:15.3707460Z,1779559755370,0
2026-05-23T18:09:15.4037120Z,1779559755403,0
2026-05-23T18:09:15.4370610Z,1779559755437,0
2026-05-23T18:09:15.4708500Z,1779559755470,0
2026-05-23T18:09:15.5039580Z,1779559755503,0
2026-05-23T18:09:15.5379930Z,1779559755537,0
2026-05-23T18:09:15.5716900Z,1779559755571,0
2026-05-23T18:09:15.6050140Z,1779559755605,0
2026-05-23T18:09:15.6412470Z,1779559755641,0
2026-05-23T18:09:15.6794000Z,1779559755679,0
2026-05-23T18:09:15.7185880Z,1779559755718,0
2026-05-23T18:09:15.7574720Z,1779559755757,0
2026-05-23T18:09:15.7985090Z,1779559755798,0
2026-05-23T18:09:15.8375370Z,1779559755837,0
2026-05-23T18:09:15.8756270Z,1779559755875,0
2026-05-23T18:09:15.9105890Z,1779559755910,0
2026-05-23T18:09:15.9442280Z,1779559755944,0
2026-05-23T18:09:15.9782280Z,1779559755978,0
2026-05-23T18:09:16.0118500Z,1779559756011,0
2026-05-23T18:09:16.0456260Z,1779559756045,0
2026-05-23T18:09:16.0787320Z,1779559756078,0
2026-05-23T18:09:16.1125790Z,1779559756112,0
2026-05-23T18:09:16.1454940Z,1779559756145,0
2026-05-23T18:09:16.1789490Z,1779559756178,0
2026-05-23T18:09:16.2133550Z,1779559756213,0
2026-05-23T18:09:16.2466700Z,1779559756246,0
2026-05-23T18:09:16.2804430Z,1779559756280,0
2026-05-23T18:09:16.3150040Z,1779559756315,0
2026-05-23T18:09:16.3497270Z,1779559756349,0
2026-05-23T18:09:16.3843080Z,1779559756384,0
2026-05-23T18:09:16.4176800Z,1779559756417,0
2026-05-23T18:09:16.4512590Z,1779559756451,0
2026-05-23T18:09:16.4844050Z,1779559756484,0
2026-05-23T18:09:16.5177050Z,1779559756517,0
2026-05-23T18:09:16.5513380Z,1779559756551,0
2026-05-23T18:09:16.5845530Z,1779559756584,0
2026-05-23T18:09:16.6180810Z,1779559756618,0
2026-05-23T18:09:16.6514850Z,1779559756651,0
2026-05-23T18:09:16.6846060Z,1779559756684,0
2026-05-23T18:09:16.7180910Z,1779559756718,0
2026-05-23T18:09:16.7516840Z,1779559756751,0
2026-05-23T18:09:16.7847270Z,1779559756784,0
2026-05-23T18:09:16.8183360Z,1779559756818,0
2026-05-23T18:09:16.8519920Z,1779559756851,0
2026-05-23T18:09:16.8849710Z,1779559756884,0
2026-05-23T18:09:16.9183740Z,1779559756918,0
2026-05-23T18:09:16.9520460Z,1779559756952,0
2026-05-23T18:09:16.9851590Z,1779559756985,0
2026-05-23T18:09:17.0187280Z,1779559757018,0
2026-05-23T18:09:17.0525600Z,1779559757052,0
2026-05-23T18:09:17.0867190Z,1779559757086,0
2026-05-23T18:09:17.1217770Z,1779559757121,0
2026-05-23T18:09:17.1549300Z,1779559757154,0
2026-05-23T18:09:17.2218660Z,1779559757221,0
2026-05-23T18:09:17.2288400Z,1779559757228,0
2026-05-23T18:09:17.2954870Z,1779559757295,0
2026-05-23T18:09:17.3090170Z,1779559757309,0
2026-05-23T18:09:17.3768380Z,1779559757376,0
2026-05-23T18:09:17.3804990Z,1779559757380,0
2026-05-23T18:09:17.4483740Z,1779559757448,0
2026-05-23T18:09:17.4518650Z,1779559757451,0
2026-05-23T18:09:17.5171730Z,1779559757517,0
2026-05-23T18:09:17.5292710Z,1779559757529,0
2026-05-23T18:09:17.6089210Z,1779559757608,0
2026-05-23T18:09:17.6127480Z,1779559757612,0
2026-05-23T18:09:17.6542340Z,1779559757654,0
2026-05-23T18:09:17.6924580Z,1779559757692,0
2026-05-23T18:09:17.7327570Z,1779559757732,0
2026-05-23T18:09:17.7709370Z,1779559757770,0
2026-05-23T18:09:17.8092140Z,1779559757809,0
2026-05-23T18:09:17.8500610Z,1779559757850,0
2026-05-23T18:09:17.8880830Z,1779559757888,0
2026-05-23T18:09:17.9263630Z,1779559757926,0
2026-05-23T18:09:17.9680470Z,1779559757968,0
2026-05-23T18:09:18.0059970Z,1779559758005,0
2026-05-23T18:09:18.0443740Z,1779559758044,0
2026-05-23T18:09:18.0839790Z,1779559758083,0
2026-05-23T18:09:18.1196130Z,1779559758119,0
2026-05-23T18:09:18.1559070Z,1779559758155,0
2026-05-23T18:09:18.1912190Z,1779559758191,0
2026-05-23T18:09:18.2264550Z,1779559758226,0
2026-05-23T18:09:18.2620760Z,1779559758262,0
2026-05-23T18:09:18.2976100Z,1779559758297,0
2026-05-23T18:09:18.3320030Z,1779559758332,0
2026-05-23T18:09:18.3670770Z,1779559758367,0
2026-05-23T18:09:18.4016980Z,1779559758401,0
2026-05-23T18:09:18.4358590Z,1779559758435,0
2026-05-23T18:09:18.4710040Z,1779559758471,0
2026-05-23T18:09:18.5055750Z,1779559758505,0
2026-05-23T18:09:18.5401200Z,1779559758540,0
2026-05-23T18:09:18.5759720Z,1779559758575,0
2026-05-23T18:09:18.6129390Z,1779559758612,0
2026-05-23T18:09:18.6474220Z,1779559758647,0
2026-05-23T18:09:18.6837460Z,1779559758683,0
2026-05-23T18:09:18.7187100Z,1779559758718,0
2026-05-23T18:09:18.7532460Z,1779559758753,0
2026-05-23T18:09:18.7877840Z,1779559758787,0
2026-05-23T18:09:18.8226480Z,1779559758822,0
2026-05-23T18:09:18.8583620Z,1779559758858,0
2026-05-23T18:09:18.8939010Z,1779559758893,0
2026-05-23T18:09:18.9285540Z,1779559758928,0
2026-05-23T18:09:18.9631720Z,1779559758963,0
2026-05-23T18:09:18.9975220Z,1779559758997,0
2026-05-23T18:09:19.0666580Z,1779559759066,0
2026-05-23T18:09:19.0700430Z,1779559759070,0
2026-05-23T18:09:19.1047770Z,1779559759104,0
2026-05-23T18:09:19.1756510Z,1779559759175,0
2026-05-23T18:09:19.1784790Z,1779559759178,0
2026-05-23T18:09:19.2152160Z,1779559759215,0
2026-05-23T18:09:19.2505570Z,1779559759250,0
2026-05-23T18:09:19.2854170Z,1779559759285,0
2026-05-23T18:09:19.3201040Z,1779559759320,0
2026-05-23T18:09:19.3562200Z,1779559759356,0
2026-05-23T18:09:19.3937930Z,1779559759393,0
2026-05-23T18:09:19.4299940Z,1779559759429,0
2026-05-23T18:09:19.4665360Z,1779559759466,0
2026-05-23T18:09:19.5029450Z,1779559759502,0
2026-05-23T18:09:19.5391710Z,1779559759539,0
2026-05-23T18:09:19.5756120Z,1779559759575,0
2026-05-23T18:09:19.6122600Z,1779559759612,0
2026-05-23T18:09:19.6464240Z,1779559759646,0
2026-05-23T18:09:19.6814030Z,1779559759681,0
2026-05-23T18:09:19.7160970Z,1779559759716,0
2026-05-23T18:09:19.7511170Z,1779559759751,0
2026-05-23T18:09:19.7867850Z,1779559759786,0
2026-05-23T18:09:19.8218480Z,1779559759821,0
2026-05-23T18:09:19.8563730Z,1779559759856,0
2026-05-23T18:09:19.8912410Z,1779559759891,0
2026-05-23T18:09:19.9255120Z,1779559759925,0
2026-05-23T18:09:19.9607120Z,1779559759960,0
2026-05-23T18:09:19.9948150Z,1779559759994,0
2026-05-23T18:09:20.0298020Z,1779559760029,0
2026-05-23T18:09:20.0646590Z,1779559760064,0
2026-05-23T18:09:20.0991350Z,1779559760099,0
2026-05-23T18:09:20.1342300Z,1779559760134,0
2026-05-23T18:09:20.1683990Z,1779559760168,0
2026-05-23T18:09:20.2031670Z,1779559760203,0
2026-05-23T18:09:20.2376410Z,1779559760237,0
2026-05-23T18:09:20.2726360Z,1779559760272,0
2026-05-23T18:09:20.3070980Z,1779559760307,0
2026-05-23T18:09:20.3420940Z,1779559760342,0
2026-05-23T18:09:20.4094500Z,1779559760409,0
2026-05-23T18:09:20.4125730Z,1779559760412,0
2026-05-23T18:09:20.4815650Z,1779559760481,0
2026-05-23T18:09:20.4843570Z,1779559760484,0
2026-05-23T18:09:20.5228510Z,1779559760522,0
2026-05-23T18:09:20.5576210Z,1779559760557,0
2026-05-23T18:09:20.5928730Z,1779559760592,0
2026-05-23T18:09:20.6267770Z,1779559760626,0
2026-05-23T18:09:20.6619370Z,1779559760661,0
2026-05-23T18:09:20.6967010Z,1779559760696,0
2026-05-23T18:09:20.7326910Z,1779559760732,0
2026-05-23T18:09:20.7674890Z,1779559760767,0
2026-05-23T18:09:20.8021790Z,1779559760802,0
2026-05-23T18:09:20.8367290Z,1779559760836,0
2026-05-23T18:09:20.8716340Z,1779559760871,0
2026-05-23T18:09:20.9062010Z,1779559760906,0
2026-05-23T18:09:20.9414020Z,1779559760941,0
2026-05-23T18:09:20.9755560Z,1779559760975,0
2026-05-23T18:09:21.0105570Z,1779559761010,0
2026-05-23T18:09:21.0447170Z,1779559761044,0
2026-05-23T18:09:21.0799840Z,1779559761079,0
2026-05-23T18:09:21.1144190Z,1779559761114,0
2026-05-23T18:09:21.1488400Z,1779559761148,0
2026-05-23T18:09:21.1837570Z,1779559761183,0
2026-05-23T18:09:21.2184730Z,1779559761218,0
2026-05-23T18:09:21.2533610Z,1779559761253,0
2026-05-23T18:09:21.2879230Z,1779559761287,0
2026-05-23T18:09:21.3229410Z,1779559761322,0
2026-05-23T18:09:21.3571710Z,1779559761357,0
2026-05-23T18:09:21.3919660Z,1779559761391,0
2026-05-23T18:09:21.4601610Z,1779559761460,0
2026-05-23T18:09:21.4639400Z,1779559761463,0
2026-05-23T18:09:21.4994400Z,1779559761499,0
2026-05-23T18:09:21.5353500Z,1779559761535,0
2026-05-23T18:09:21.5688910Z,1779559761568,0
2026-05-23T18:09:21.6046620Z,1779559761604,0
2026-05-23T18:09:21.6388930Z,1779559761638,0
2026-05-23T18:09:21.6741660Z,1779559761674,0
2026-05-23T18:09:21.7086090Z,1779559761708,0
2026-05-23T18:09:21.7445960Z,1779559761744,0
2026-05-23T18:09:21.7791210Z,1779559761779,0
2026-05-23T18:09:21.8141790Z,1779559761814,0
2026-05-23T18:09:21.8485990Z,1779559761848,0
2026-05-23T18:09:21.8837450Z,1779559761883,0
2026-05-23T18:09:21.9192740Z,1779559761919,0
2026-05-23T18:09:21.9554620Z,1779559761955,0
2026-05-23T18:09:21.9902070Z,1779559761990,0
2026-05-23T18:09:22.0247910Z,1779559762024,0
2026-05-23T18:09:22.0598920Z,1779559762059,0
2026-05-23T18:09:22.0965170Z,1779559762096,0
2026-05-23T18:09:22.1308030Z,1779559762130,0
2026-05-23T18:09:22.1653130Z,1779559762165,0
2026-05-23T18:09:22.2004170Z,1779559762200,0
2026-05-23T18:09:22.2346510Z,1779559762234,0
2026-05-23T18:09:22.2693260Z,1779559762269,0
2026-05-23T18:09:22.3046050Z,1779559762304,0
2026-05-23T18:09:22.3391220Z,1779559762339,0
2026-05-23T18:09:22.3741950Z,1779559762374,0
2026-05-23T18:09:22.4086270Z,1779559762408,0
2026-05-23T18:09:22.4435970Z,1779559762443,0
2026-05-23T18:09:22.4780400Z,1779559762478,0
2026-05-23T18:09:22.5132370Z,1779559762513,0
2026-05-23T18:09:22.5475050Z,1779559762547,0
2026-05-23T18:09:22.5823860Z,1779559762582,0
2026-05-23T18:09:22.6170740Z,1779559762617,0
2026-05-23T18:09:22.6519910Z,1779559762651,0
2026-05-23T18:09:22.6860880Z,1779559762686,0
2026-05-23T18:09:22.7214040Z,1779559762721,0
2026-05-23T18:09:22.7557320Z,1779559762755,0
2026-05-23T18:09:22.7904340Z,1779559762790,0
2026-05-23T18:09:22.8581100Z,1779559762858,0
2026-05-23T18:09:22.8613480Z,1779559762861,0
2026-05-23T18:09:22.9297790Z,1779559762929,0
2026-05-23T18:09:22.9327640Z,1779559762932,0
2026-05-23T18:09:22.9695540Z,1779559762969,0
2026-05-23T18:09:23.0049260Z,1779559763004,0
2026-05-23T18:09:23.0392860Z,1779559763039,0
2026-05-23T18:09:23.0744010Z,1779559763074,0
2026-05-23T18:09:23.1086780Z,1779559763108,0
2026-05-23T18:09:23.1432210Z,1779559763143,0
2026-05-23T18:09:23.1778370Z,1779559763177,0
2026-05-23T18:09:23.2126470Z,1779559763212,0
2026-05-23T18:09:23.2471640Z,1779559763247,0
2026-05-23T18:09:23.2821730Z,1779559763282,0
2026-05-23T18:09:23.3165520Z,1779559763316,0
2026-05-23T18:09:23.3513920Z,1779559763351,0
2026-05-23T18:09:23.3857580Z,1779559763385,0
2026-05-23T18:09:23.4209010Z,1779559763420,0
2026-05-23T18:09:23.4553750Z,1779559763455,0
2026-05-23T18:09:23.4904720Z,1779559763490,0
2026-05-23T18:09:23.5249610Z,1779559763524,0
2026-05-23T18:09:23.5596500Z,1779559763559,0
2026-05-23T18:09:23.5945390Z,1779559763594,0
2026-05-23T18:09:23.6291750Z,1779559763629,0
2026-05-23T18:09:23.6637320Z,1779559763663,0
2026-05-23T18:09:23.6986160Z,1779559763698,0
2026-05-23T18:09:23.7374160Z,1779559763737,0
2026-05-23T18:09:23.7781060Z,1779559763778,0
2026-05-23T18:09:23.8127950Z,1779559763812,0
2026-05-23T18:09:23.8472180Z,1779559763847,0
2026-05-23T18:09:23.8819950Z,1779559763881,0
2026-05-23T18:09:23.9171000Z,1779559763917,0
2026-05-23T18:09:23.9515850Z,1779559763951,0
2026-05-23T18:09:23.9862560Z,1779559763986,0
2026-05-23T18:09:24.0221810Z,1779559764022,0
2026-05-23T18:09:24.0555230Z,1779559764055,0
2026-05-23T18:09:24.0902520Z,1779559764090,0
2026-05-23T18:09:24.1247840Z,1779559764124,0
2026-05-23T18:09:24.1595710Z,1779559764159,0
2026-05-23T18:09:24.1944030Z,1779559764194,0
2026-05-23T18:09:24.2288010Z,1779559764228,0
2026-05-23T18:09:24.2635890Z,1779559764263,0
2026-05-23T18:09:24.2980830Z,1779559764298,0
2026-05-23T18:09:24.3331080Z,1779559764333,0
2026-05-23T18:09:24.3674650Z,1779559764367,0
2026-05-23T18:09:24.4025340Z,1779559764402,0
2026-05-23T18:09:24.4368400Z,1779559764436,0
2026-05-23T18:09:24.4718030Z,1779559764471,0
2026-05-23T18:09:24.5062580Z,1779559764506,0
2026-05-23T18:09:24.5412650Z,1779559764541,0
2026-05-23T18:09:24.5758130Z,1779559764575,0
2026-05-23T18:09:24.6106620Z,1779559764610,0
2026-05-23T18:09:24.6452240Z,1779559764645,0
2026-05-23T18:09:24.6802070Z,1779559764680,0
2026-05-23T18:09:24.7144050Z,1779559764714,0
2026-05-23T18:09:24.7487050Z,1779559764748,0
2026-05-23T18:09:24.7833270Z,1779559764783,0
2026-05-23T18:09:24.8178130Z,1779559764817,0
2026-05-23T18:09:24.8530290Z,1779559764853,0
2026-05-23T18:09:24.8871190Z,1779559764887,0
2026-05-23T18:09:24.9218110Z,1779559764921,0
2026-05-23T18:09:24.9562810Z,1779559764956,0
2026-05-23T18:09:24.9911000Z,1779559764991,0
2026-05-23T18:09:25.0258590Z,1779559765025,0
2026-05-23T18:09:25.0608630Z,1779559765060,0
2026-05-23T18:09:25.0947820Z,1779559765094,0
2026-05-23T18:09:25.1297260Z,1779559765129,0
2026-05-23T18:09:25.1643340Z,1779559765164,0
2026-05-23T18:09:25.1990170Z,1779559765199,0
2026-05-23T18:09:25.2335150Z,1779559765233,0
2026-05-23T18:09:25.2680550Z,1779559765268,0
2026-05-23T18:09:25.3027600Z,1779559765302,0
2026-05-23T18:09:25.3370980Z,1779559765337,0
2026-05-23T18:09:25.3721970Z,1779559765372,0
2026-05-23T18:09:25.4064830Z,1779559765406,0
2026-05-23T18:09:25.4415900Z,1779559765441,0
2026-05-23T18:09:25.4759700Z,1779559765475,0
2026-05-23T18:09:25.5108590Z,1779559765510,0
2026-05-23T18:09:25.5451980Z,1779559765545,0
2026-05-23T18:09:25.5799190Z,1779559765579,0
2026-05-23T18:09:25.6145810Z,1779559765614,0
2026-05-23T18:09:25.6537640Z,1779559765653,0
2026-05-23T18:09:25.6921790Z,1779559765692,0
2026-05-23T18:09:25.7322950Z,1779559765732,0
2026-05-23T18:09:25.7705860Z,1779559765770,0
2026-05-23T18:09:25.8094400Z,1779559765809,0
2026-05-23T18:09:25.8490030Z,1779559765849,0
2026-05-23T18:09:25.8846060Z,1779559765884,0
2026-05-23T18:09:25.9192210Z,1779559765919,0
2026-05-23T18:09:25.9536960Z,1779559765953,0
2026-05-23T18:09:25.9882240Z,1779559765988,0
2026-05-23T18:09:26.0232910Z,1779559766023,0
2026-05-23T18:09:26.0576710Z,1779559766057,0
2026-05-23T18:09:26.0923180Z,1779559766092,0
2026-05-23T18:09:26.1269330Z,1779559766126,0
2026-05-23T18:09:26.1617660Z,1779559766161,0
2026-05-23T18:09:26.1962360Z,1779559766196,0
2026-05-23T18:09:26.2314870Z,1779559766231,0
2026-05-23T18:09:26.2655930Z,1779559766265,0
2026-05-23T18:09:26.3004400Z,1779559766300,0
2026-05-23T18:09:26.3352550Z,1779559766335,0
2026-05-23T18:09:26.3695620Z,1779559766369,0
2026-05-23T18:09:26.4046150Z,1779559766404,0
2026-05-23T18:09:26.4394110Z,1779559766439,0
2026-05-23T18:09:26.4738370Z,1779559766473,0
2026-05-23T18:09:26.5083090Z,1779559766508,0
2026-05-23T18:09:26.5432530Z,1779559766543,0
2026-05-23T18:09:26.5776650Z,1779559766577,0
2026-05-23T18:09:26.6124280Z,1779559766612,0
2026-05-23T18:09:26.6471250Z,1779559766647,0
2026-05-23T18:09:26.6818910Z,1779559766681,0
2026-05-23T18:09:26.7161540Z,1779559766716,0
2026-05-23T18:09:26.7513050Z,1779559766751,0
2026-05-23T18:09:26.7855530Z,1779559766785,0
2026-05-23T18:09:26.8204570Z,1779559766820,0
2026-05-23T18:09:26.8547420Z,1779559766854,0
2026-05-23T18:09:26.8894860Z,1779559766889,0
2026-05-23T18:09:26.9244000Z,1779559766924,0
2026-05-23T18:09:26.9587150Z,1779559766958,0
2026-05-23T18:09:26.9936620Z,1779559766993,0
2026-05-23T18:09:27.0278020Z,1779559767027,0
2026-05-23T18:09:27.0630340Z,1779559767063,0
2026-05-23T18:09:27.0973660Z,1779559767097,0
2026-05-23T18:09:27.1322220Z,1779559767132,0
2026-05-23T18:09:27.1666800Z,1779559767166,0
2026-05-23T18:09:27.2016130Z,1779559767201,0
2026-05-23T18:09:27.2360190Z,1779559767236,0
2026-05-23T18:09:27.2711490Z,1779559767271,0
2026-05-23T18:09:27.3055280Z,1779559767305,0
2026-05-23T18:09:27.3399660Z,1779559767339,0
2026-05-23T18:09:27.3749340Z,1779559767374,0
2026-05-23T18:09:27.4091890Z,1779559767409,0
2026-05-23T18:09:27.4442840Z,1779559767444,0
2026-05-23T18:09:27.4786370Z,1779559767478,0
2026-05-23T18:09:27.5134950Z,1779559767513,0
2026-05-23T18:09:27.5478010Z,1779559767547,0
2026-05-23T18:09:27.5827210Z,1779559767582,0
2026-05-23T18:09:27.6172470Z,1779559767617,0
2026-05-23T18:09:27.6519760Z,1779559767651,0
2026-05-23T18:09:27.6866460Z,1779559767686,0
2026-05-23T18:09:27.7212130Z,1779559767721,0
2026-05-23T18:09:27.7555600Z,1779559767755,0
2026-05-23T18:09:27.7907850Z,1779559767790,0
2026-05-23T18:09:27.8248030Z,1779559767824,0
2026-05-23T18:09:27.8594550Z,1779559767859,0
2026-05-23T18:09:27.8946310Z,1779559767894,0
2026-05-23T18:09:27.9289410Z,1779559767928,0
2026-05-23T18:09:27.9638000Z,1779559767963,0
2026-05-23T18:09:27.9983590Z,1779559767998,0
2026-05-23T18:09:28.0331400Z,1779559768033,0
2026-05-23T18:09:28.0675160Z,1779559768067,0
2026-05-23T18:09:28.1025310Z,1779559768102,0
2026-05-23T18:09:28.1367320Z,1779559768136,0
2026-05-23T18:09:28.1718810Z,1779559768171,0
2026-05-23T18:09:28.2064590Z,1779559768206,0
2026-05-23T18:09:28.2411130Z,1779559768241,0
2026-05-23T18:09:28.2757680Z,1779559768275,0
2026-05-23T18:09:28.3106910Z,1779559768310,0
2026-05-23T18:09:28.3446300Z,1779559768344,0
2026-05-23T18:09:28.3795300Z,1779559768379,0
2026-05-23T18:09:28.4146840Z,1779559768414,0
2026-05-23T18:09:28.4491620Z,1779559768449,0
2026-05-23T18:09:28.4841000Z,1779559768484,0
2026-05-23T18:09:28.5183780Z,1779559768518,0
2026-05-23T18:09:28.5532630Z,1779559768553,0
2026-05-23T18:09:28.5876950Z,1779559768587,0
2026-05-23T18:09:28.6232170Z,1779559768623,0
2026-05-23T18:09:28.6573810Z,1779559768657,0
2026-05-23T18:09:28.6920260Z,1779559768692,0
2026-05-23T18:09:28.7266610Z,1779559768726,0
2026-05-23T18:09:28.7614700Z,1779559768761,0
2026-05-23T18:09:28.7958430Z,1779559768795,0
2026-05-23T18:09:28.8308610Z,1779559768830,0
2026-05-23T18:09:28.8651390Z,1779559768865,0
2026-05-23T18:09:28.8998970Z,1779559768899,0
2026-05-23T18:09:28.9347960Z,1779559768934,0
2026-05-23T18:09:28.9690160Z,1779559768969,0
2026-05-23T18:09:29.0039610Z,1779559769003,0
2026-05-23T18:09:29.0383210Z,1779559769038,0
2026-05-23T18:09:29.0734820Z,1779559769073,0
2026-05-23T18:09:29.1080450Z,1779559769108,0
2026-05-23T18:09:29.1434020Z,1779559769143,0
2026-05-23T18:09:29.1775800Z,1779559769177,0
2026-05-23T18:09:29.2124920Z,1779559769212,0
2026-05-23T18:09:29.2471720Z,1779559769247,0
2026-05-23T18:09:29.2815600Z,1779559769281,0
2026-05-23T18:09:29.3159320Z,1779559769315,0
2026-05-23T18:09:29.3507810Z,1779559769350,0
2026-05-23T18:09:29.3852190Z,1779559769385,0
2026-05-23T18:09:29.4201400Z,1779559769420,0
2026-05-23T18:09:29.4552360Z,1779559769455,0
2026-05-23T18:09:29.4894410Z,1779559769489,0
2026-05-23T18:09:29.5241070Z,1779559769524,0
2026-05-23T18:09:29.5586810Z,1779559769558,0
2026-05-23T18:09:29.5935480Z,1779559769593,0
2026-05-23T18:09:29.6277960Z,1779559769627,0
2026-05-23T18:09:29.6629140Z,1779559769662,0
2026-05-23T18:09:29.6975230Z,1779559769697,0
2026-05-23T18:09:29.7319280Z,1779559769731,0
2026-05-23T18:09:29.7665640Z,1779559769766,0
2026-05-23T18:09:29.8013070Z,1779559769801,0
2026-05-23T18:09:29.8357800Z,1779559769835,0
2026-05-23T18:09:29.8707820Z,1779559769870,0
2026-05-23T18:09:29.9050770Z,1779559769905,0
2026-05-23T18:09:29.9398740Z,1779559769939,0
2026-05-23T18:09:29.9747330Z,1779559769974,0
2026-05-23T18:09:30.0093330Z,1779559770009,0
2026-05-23T18:09:30.0443400Z,1779559770044,0
2026-05-23T18:09:30.0789130Z,1779559770078,0
2026-05-23T18:09:30.1133080Z,1779559770113,0
2026-05-23T18:09:30.1476020Z,1779559770147,0
2026-05-23T18:09:30.1824950Z,1779559770182,0
2026-05-23T18:09:30.2172030Z,1779559770217,0
2026-05-23T18:09:30.2521290Z,1779559770252,0
2026-05-23T18:09:30.2866840Z,1779559770286,0
2026-05-23T18:09:30.3213690Z,1779559770321,0
2026-05-23T18:09:30.3557050Z,1779559770355,0
2026-05-23T18:09:30.3909210Z,1779559770390,0
2026-05-23T18:09:30.4247310Z,1779559770424,0
2026-05-23T18:09:30.4594160Z,1779559770459,0
2026-05-23T18:09:30.4943170Z,1779559770494,0
2026-05-23T18:09:30.5287700Z,1779559770528,0
2026-05-23T18:09:30.5634770Z,1779559770563,0
2026-05-23T18:09:30.5982030Z,1779559770598,0
2026-05-23T18:09:30.6331450Z,1779559770633,0
2026-05-23T18:09:30.6676120Z,1779559770667,0
2026-05-23T18:09:30.7028790Z,1779559770702,0
2026-05-23T18:09:30.7367080Z,1779559770736,0
2026-05-23T18:09:30.7719060Z,1779559770771,0
2026-05-23T18:09:30.8064010Z,1779559770806,0
2026-05-23T18:09:30.8407930Z,1779559770840,0
2026-05-23T18:09:30.8752390Z,1779559770875,0
2026-05-23T18:09:30.9096870Z,1779559770909,0
2026-05-23T18:09:30.9445670Z,1779559770944,0
2026-05-23T18:09:30.9791090Z,1779559770979,0
2026-05-23T18:09:31.0138860Z,1779559771013,0
2026-05-23T18:09:31.0482860Z,1779559771048,0
2026-05-23T18:09:31.0832150Z,1779559771083,0
2026-05-23T18:09:31.1176530Z,1779559771117,0
2026-05-23T18:09:31.1529470Z,1779559771152,0
2026-05-23T18:09:31.1871770Z,1779559771187,0
2026-05-23T18:09:31.2221280Z,1779559771222,0
2026-05-23T18:09:31.2563850Z,1779559771256,0
2026-05-23T18:09:31.2914010Z,1779559771291,0
2026-05-23T18:09:31.3260260Z,1779559771326,0
2026-05-23T18:09:31.3607150Z,1779559771360,0
2026-05-23T18:09:31.3954290Z,1779559771395,0
2026-05-23T18:09:31.4304490Z,1779559771430,0
2026-05-23T18:09:31.4646800Z,1779559771464,0
2026-05-23T18:09:31.4993270Z,1779559771499,0
2026-05-23T18:09:31.5342970Z,1779559771534,0
2026-05-23T18:09:31.5684570Z,1779559771568,0
2026-05-23T18:09:31.6036460Z,1779559771603,0
2026-05-23T18:09:31.6381890Z,1779559771638,0
2026-05-23T18:09:31.6729110Z,1779559771672,0
2026-05-23T18:09:31.7074960Z,1779559771707,0
2026-05-23T18:09:31.7422100Z,1779559771742,0
2026-05-23T18:09:31.7769320Z,1779559771776,0
2026-05-23T18:09:31.8113620Z,1779559771811,0
2026-05-23T18:09:31.8459980Z,1779559771845,0
2026-05-23T18:09:31.8807060Z,1779559771880,0
2026-05-23T18:09:31.9153350Z,1779559771915,0
2026-05-23T18:09:31.9506180Z,1779559771950,0
2026-05-23T18:09:31.9846720Z,1779559771984,0
2026-05-23T18:09:32.0194790Z,1779559772019,0
2026-05-23T18:09:32.0546080Z,1779559772054,0
2026-05-23T18:09:32.0888160Z,1779559772088,0
2026-05-23T18:09:32.1236730Z,1779559772123,0
2026-05-23T18:09:32.1584990Z,1779559772158,0
2026-05-23T18:09:32.1932010Z,1779559772193,0
2026-05-23T18:09:32.2275100Z,1779559772227,0
2026-05-23T18:09:32.2624560Z,1779559772262,0
2026-05-23T18:09:32.2968150Z,1779559772296,0
2026-05-23T18:09:32.3317750Z,1779559772331,0
2026-05-23T18:09:32.3661560Z,1779559772366,0
2026-05-23T18:09:32.4008920Z,1779559772400,0
2026-05-23T18:09:32.4353700Z,1779559772435,0
2026-05-23T18:09:32.4706620Z,1779559772470,0
2026-05-23T18:09:32.5047850Z,1779559772504,0
2026-05-23T18:09:32.5397870Z,1779559772539,0
2026-05-23T18:09:32.5747750Z,1779559772574,0
2026-05-23T18:09:32.6089060Z,1779559772608,0
2026-05-23T18:09:32.6438850Z,1779559772643,0
2026-05-23T18:09:32.6946630Z,1779559772694,0
2026-05-23T18:09:32.7153680Z,1779559772715,0
2026-05-23T18:09:32.7509350Z,1779559772750,0
2026-05-23T18:09:32.7856000Z,1779559772785,0
2026-05-23T18:09:32.8199600Z,1779559772819,0
2026-05-23T18:09:32.8547190Z,1779559772854,0
2026-05-23T18:09:32.9003970Z,1779559772900,0
2026-05-23T18:09:32.9267460Z,1779559772926,0
2026-05-23T18:09:32.9635160Z,1779559772963,0
2026-05-23T18:09:32.9995680Z,1779559772999,0
2026-05-23T18:09:33.0345480Z,1779559773034,0
2026-05-23T18:09:33.0690290Z,1779559773069,0
2026-05-23T18:09:33.1040010Z,1779559773104,0
2026-05-23T18:09:33.1383420Z,1779559773138,0
2026-05-23T18:09:33.1735420Z,1779559773173,0
2026-05-23T18:09:33.2077460Z,1779559773207,0
2026-05-23T18:09:33.2426470Z,1779559773242,0
2026-05-23T18:09:33.2771620Z,1779559773277,0
2026-05-23T18:09:33.3121960Z,1779559773312,0
2026-05-23T18:09:33.3464430Z,1779559773346,0
2026-05-23T18:09:33.3813980Z,1779559773381,0
2026-05-23T18:09:33.4159560Z,1779559773415,0
2026-05-23T18:09:33.4507270Z,1779559773450,0
2026-05-23T18:09:33.4849540Z,1779559773484,0
2026-05-23T18:09:33.5198320Z,1779559773519,0
2026-05-23T18:09:33.5549000Z,1779559773554,0
2026-05-23T18:09:33.5893090Z,1779559773589,0
2026-05-23T18:09:33.6243220Z,1779559773624,0
2026-05-23T18:09:33.6588750Z,1779559773658,0
2026-05-23T18:09:33.6937750Z,1779559773693,0
2026-05-23T18:09:33.7283560Z,1779559773728,0
2026-05-23T18:09:33.7632750Z,1779559773763,0
2026-05-23T18:09:33.7975180Z,1779559773797,0
2026-05-23T18:09:33.8327370Z,1779559773832,0
2026-05-23T18:09:33.8669420Z,1779559773866,0
2026-05-23T18:09:33.9019910Z,1779559773901,0
2026-05-23T18:09:33.9365320Z,1779559773936,0
2026-05-23T18:09:33.9716010Z,1779559773971,0
2026-05-23T18:09:34.0059290Z,1779559774005,0
2026-05-23T18:09:34.0409240Z,1779559774040,0
2026-05-23T18:09:34.0754870Z,1779559774075,0
2026-05-23T18:09:34.1100980Z,1779559774110,0
2026-05-23T18:09:34.1452300Z,1779559774145,0
2026-05-23T18:09:34.1793700Z,1779559774179,0
2026-05-23T18:09:34.2145600Z,1779559774214,0
2026-05-23T18:09:34.2486720Z,1779559774248,0
2026-05-23T18:09:34.2837710Z,1779559774283,0
2026-05-23T18:09:34.3181980Z,1779559774318,0
2026-05-23T18:09:34.3529630Z,1779559774352,0
2026-05-23T18:09:34.3873460Z,1779559774387,0
2026-05-23T18:09:34.4223880Z,1779559774422,0
2026-05-23T18:09:34.4569160Z,1779559774456,0
2026-05-23T18:09:34.4915110Z,1779559774491,0
2026-05-23T18:09:34.5258890Z,1779559774525,0
2026-05-23T18:09:34.5610650Z,1779559774561,0
2026-05-23T18:09:34.5951730Z,1779559774595,0
2026-05-23T18:09:34.6299400Z,1779559774629,0
2026-05-23T18:09:34.6650630Z,1779559774665,0
2026-05-23T18:09:34.6995070Z,1779559774699,0
2026-05-23T18:09:34.7342750Z,1779559774734,0
2026-05-23T18:09:34.7685670Z,1779559774768,0
2026-05-23T18:09:34.8037400Z,1779559774803,0
2026-05-23T18:09:34.8395930Z,1779559774839,0
2026-05-23T18:09:34.8750280Z,1779559774875,0
2026-05-23T18:09:34.9096500Z,1779559774909,0
2026-05-23T18:09:34.9443170Z,1779559774944,0
2026-05-23T18:09:34.9788320Z,1779559774978,0
2026-05-23T18:09:35.0143200Z,1779559775014,0
2026-05-23T18:09:35.0505840Z,1779559775050,0
2026-05-23T18:09:35.0875460Z,1779559775087,0
2026-05-23T18:09:35.1224040Z,1779559775122,0
2026-05-23T18:09:35.1563650Z,1779559775156,0
2026-05-23T18:09:35.1917370Z,1779559775191,0
2026-05-23T18:09:35.2260490Z,1779559775226,0
2026-05-23T18:09:35.2609680Z,1779559775260,0
2026-05-23T18:09:35.2953740Z,1779559775295,0
2026-05-23T18:09:35.3299550Z,1779559775329,0
2026-05-23T18:09:35.3650510Z,1779559775365,0
2026-05-23T18:09:35.3992790Z,1779559775399,0
2026-05-23T18:09:35.4342000Z,1779559775434,0
2026-05-23T18:09:35.4684880Z,1779559775468,0
2026-05-23T18:09:35.5036340Z,1779559775503,0
2026-05-23T18:09:35.5380300Z,1779559775538,0
2026-05-23T18:09:35.5728460Z,1779559775572,0
2026-05-23T18:09:35.6086210Z,1779559775608,0
2026-05-23T18:09:35.6489730Z,1779559775648,0
2026-05-23T18:09:35.6875870Z,1779559775687,0
2026-05-23T18:09:35.7263710Z,1779559775726,0
2026-05-23T18:09:35.7665400Z,1779559775766,0
2026-05-23T18:09:35.8050560Z,1779559775805,0
2026-05-23T18:09:35.8453220Z,1779559775845,0
2026-05-23T18:09:35.8811760Z,1779559775881,0
2026-05-23T18:09:35.9156140Z,1779559775915,0
2026-05-23T18:09:35.9507740Z,1779559775950,0
2026-05-23T18:09:35.9847490Z,1779559775984,0
2026-05-23T18:09:36.0196510Z,1779559776019,0
2026-05-23T18:09:36.0544810Z,1779559776054,0
2026-05-23T18:09:36.0889200Z,1779559776088,0
2026-05-23T18:09:36.1247110Z,1779559776124,0
2026-05-23T18:09:36.1613200Z,1779559776161,0
2026-05-23T18:09:36.1957500Z,1779559776195,0
2026-05-23T18:09:36.2307650Z,1779559776230,0
2026-05-23T18:09:36.2650440Z,1779559776265,0
2026-05-23T18:09:36.2994230Z,1779559776299,0
2026-05-23T18:09:36.3342550Z,1779559776334,0
2026-05-23T18:09:36.3689460Z,1779559776368,0
2026-05-23T18:09:36.4037270Z,1779559776403,0
2026-05-23T18:09:36.4381470Z,1779559776438,0
2026-05-23T18:09:36.4731630Z,1779559776473,0
2026-05-23T18:09:36.5070170Z,1779559776507,0
2026-05-23T18:09:36.5420180Z,1779559776542,0
2026-05-23T18:09:36.5766160Z,1779559776576,0
2026-05-23T18:09:36.6113260Z,1779559776611,0
2026-05-23T18:09:36.6460160Z,1779559776646,0
2026-05-23T18:09:36.6808650Z,1779559776680,0
2026-05-23T18:09:36.7153030Z,1779559776715,0
2026-05-23T18:09:36.7516030Z,1779559776751,0
2026-05-23T18:09:36.7862930Z,1779559776786,0
2026-05-23T18:09:36.8209720Z,1779559776820,0
2026-05-23T18:09:36.8554940Z,1779559776855,0
2026-05-23T18:09:36.8904830Z,1779559776890,0
2026-05-23T18:09:36.9247730Z,1779559776924,0
2026-05-23T18:09:36.9595630Z,1779559776959,0
2026-05-23T18:09:36.9945190Z,1779559776994,0
2026-05-23T18:09:37.0287180Z,1779559777028,0
2026-05-23T18:09:37.0639090Z,1779559777063,0
2026-05-23T18:09:37.0996010Z,1779559777099,0
2026-05-23T18:09:37.1344850Z,1779559777134,0
2026-05-23T18:09:37.1705490Z,1779559777170,0
2026-05-23T18:09:37.2056400Z,1779559777205,0
2026-05-23T18:09:37.2400220Z,1779559777240,0
2026-05-23T18:09:37.2748080Z,1779559777274,0
2026-05-23T18:09:37.3092000Z,1779559777309,0
2026-05-23T18:09:37.3443340Z,1779559777344,0
2026-05-23T18:09:37.3799690Z,1779559777379,0
2026-05-23T18:09:37.4153360Z,1779559777415,0
2026-05-23T18:09:37.4496020Z,1779559777449,0
2026-05-23T18:09:37.4845130Z,1779559777484,0
2026-05-23T18:09:37.5211520Z,1779559777521,0
2026-05-23T18:09:37.5549700Z,1779559777554,0
2026-05-23T18:09:37.5914880Z,1779559777591,0
2026-05-23T18:09:37.6263330Z,1779559777626,0
2026-05-23T18:09:37.6625680Z,1779559777662,0
2026-05-23T18:09:37.6971420Z,1779559777697,0
2026-05-23T18:09:37.7321470Z,1779559777732,0
2026-05-23T18:09:37.7664290Z,1779559777766,0
2026-05-23T18:09:37.8012310Z,1779559777801,0
2026-05-23T18:09:37.8371780Z,1779559777837,0
2026-05-23T18:09:37.8721320Z,1779559777872,0
2026-05-23T18:09:37.9064860Z,1779559777906,0
2026-05-23T18:09:37.9419430Z,1779559777941,0
2026-05-23T18:09:37.9779020Z,1779559777977,0
2026-05-23T18:09:38.0126390Z,1779559778012,0
2026-05-23T18:09:38.0471070Z,1779559778047,0
2026-05-23T18:09:38.0817730Z,1779559778081,0
2026-05-23T18:09:38.1164040Z,1779559778116,0
2026-05-23T18:09:38.1510170Z,1779559778151,0
2026-05-23T18:09:38.1852830Z,1779559778185,0
2026-05-23T18:09:38.2204240Z,1779559778220,0
2026-05-23T18:09:38.2549670Z,1779559778254,0
2026-05-23T18:09:38.2893470Z,1779559778289,0
2026-05-23T18:09:38.3241980Z,1779559778324,0
2026-05-23T18:09:38.3588610Z,1779559778358,0
2026-05-23T18:09:38.3935280Z,1779559778393,0
2026-05-23T18:09:38.4280530Z,1779559778428,0
2026-05-23T18:09:38.4630860Z,1779559778463,0
2026-05-23T18:09:38.4993410Z,1779559778499,0
2026-05-23T18:09:38.5337430Z,1779559778533,0
2026-05-23T18:09:38.5694530Z,1779559778569,0
2026-05-23T18:09:38.6045770Z,1779559778604,0
2026-05-23T18:09:38.6395030Z,1779559778639,0
2026-05-23T18:09:38.6743880Z,1779559778674,0
2026-05-23T18:09:38.7088140Z,1779559778708,0
2026-05-23T18:09:38.7451410Z,1779559778745,0
2026-05-23T18:09:38.7810760Z,1779559778781,0
2026-05-23T18:09:38.8158020Z,1779559778815,0
2026-05-23T18:09:38.8509240Z,1779559778850,0
2026-05-23T18:09:38.8853870Z,1779559778885,0
2026-05-23T18:09:38.9197660Z,1779559778919,0
2026-05-23T18:09:38.9547100Z,1779559778954,0
2026-05-23T18:09:38.9894410Z,1779559778989,0
2026-05-23T18:09:39.0249860Z,1779559779024,0
2026-05-23T18:09:39.0614180Z,1779559779061,0
2026-05-23T18:09:39.0967420Z,1779559779096,0
2026-05-23T18:09:39.1316570Z,1779559779131,0
2026-05-23T18:09:39.1671310Z,1779559779167,0
2026-05-23T18:09:39.2026020Z,1779559779202,0
2026-05-23T18:09:39.2372910Z,1779559779237,0
2026-05-23T18:09:39.2721360Z,1779559779272,0
2026-05-23T18:09:39.3064540Z,1779559779306,0
2026-05-23T18:09:39.3411860Z,1779559779341,0
2026-05-23T18:09:39.3756860Z,1779559779375,0
2026-05-23T18:09:39.4107350Z,1779559779410,0
2026-05-23T18:09:39.4449150Z,1779559779444,0
2026-05-23T18:09:39.4796130Z,1779559779479,0
2026-05-23T18:09:39.5146080Z,1779559779514,0
2026-05-23T18:09:39.5487160Z,1779559779548,0
2026-05-23T18:09:39.5835330Z,1779559779583,0
2026-05-23T18:09:39.6183320Z,1779559779618,0
2026-05-23T18:09:39.6529620Z,1779559779652,0
2026-05-23T18:09:39.6874890Z,1779559779687,0
2026-05-23T18:09:39.7225940Z,1779559779722,0
2026-05-23T18:09:39.7569000Z,1779559779756,0
2026-05-23T18:09:39.7933690Z,1779559779793,0
2026-05-23T18:09:39.8278730Z,1779559779827,0
2026-05-23T18:09:39.8629890Z,1779559779862,0
2026-05-23T18:09:39.8973560Z,1779559779897,0
2026-05-23T18:09:39.9322460Z,1779559779932,0
2026-05-23T18:09:39.9665040Z,1779559779966,0
2026-05-23T18:09:40.0015950Z,1779559780001,0
2026-05-23T18:09:40.0360170Z,1779559780036,0
2026-05-23T18:09:40.0711550Z,1779559780071,0
2026-05-23T18:09:40.1054790Z,1779559780105,0
2026-05-23T18:09:40.1406630Z,1779559780140,0
2026-05-23T18:09:40.1750790Z,1779559780175,0
2026-05-23T18:09:40.2096450Z,1779559780209,0
2026-05-23T18:09:40.2446830Z,1779559780244,0
2026-05-23T18:09:40.2790520Z,1779559780279,0
2026-05-23T18:09:40.3142190Z,1779559780314,0
2026-05-23T18:09:40.3483910Z,1779559780348,0
2026-05-23T18:09:40.3844350Z,1779559780384,0
2026-05-23T18:09:40.4192190Z,1779559780419,0
2026-05-23T18:09:40.4543620Z,1779559780454,0
2026-05-23T18:09:40.4889820Z,1779559780488,0
2026-05-23T18:09:40.5236200Z,1779559780523,0
2026-05-23T18:09:40.5582820Z,1779559780558,0
2026-05-23T18:09:40.5931590Z,1779559780593,0
2026-05-23T18:09:40.6274380Z,1779559780627,0
2026-05-23T18:09:40.6625740Z,1779559780662,0
2026-05-23T18:09:40.6967380Z,1779559780696,0
2026-05-23T18:09:40.7317490Z,1779559780731,0
2026-05-23T18:09:40.7659800Z,1779559780765,0
2026-05-23T18:09:40.8010450Z,1779559780801,0
2026-05-23T18:09:40.8354660Z,1779559780835,0
2026-05-23T18:09:40.8703990Z,1779559780870,0
2026-05-23T18:09:40.9046990Z,1779559780904,0
2026-05-23T18:09:40.9395500Z,1779559780939,0
2026-05-23T18:09:40.9755710Z,1779559780975,0
2026-05-23T18:09:41.0104160Z,1779559781010,0
2026-05-23T18:09:41.0449670Z,1779559781044,0
2026-05-23T18:09:41.0798400Z,1779559781079,0
2026-05-23T18:09:41.1147410Z,1779559781114,0
2026-05-23T18:09:41.1492020Z,1779559781149,0
2026-05-23T18:09:41.1843380Z,1779559781184,0
2026-05-23T18:09:41.2189360Z,1779559781218,0
2026-05-23T18:09:41.2537010Z,1779559781253,0
2026-05-23T18:09:41.2877820Z,1779559781287,0
2026-05-23T18:09:41.3226690Z,1779559781322,0
2026-05-23T18:09:41.3568410Z,1779559781356,0
2026-05-23T18:09:41.3920200Z,1779559781392,0
2026-05-23T18:09:41.4263060Z,1779559781426,0
2026-05-23T18:09:41.4614390Z,1779559781461,0
2026-05-23T18:09:41.4960050Z,1779559781496,0
2026-05-23T18:09:41.5306710Z,1779559781530,0
2026-05-23T18:09:41.5663740Z,1779559781566,0
2026-05-23T18:09:41.6019360Z,1779559781601,0
2026-05-23T18:09:41.6359060Z,1779559781635,0
2026-05-23T18:09:41.6707550Z,1779559781670,0
2026-05-23T18:09:41.7055800Z,1779559781705,0
2026-05-23T18:09:41.7403590Z,1779559781740,0
2026-05-23T18:09:41.7748660Z,1779559781774,0
2026-05-23T18:09:41.8095420Z,1779559781809,0
2026-05-23T18:09:41.8443620Z,1779559781844,0
2026-05-23T18:09:41.8787600Z,1779559781878,0
2026-05-23T18:09:41.9140740Z,1779559781914,0
2026-05-23T18:09:41.9481250Z,1779559781948,0
2026-05-23T18:09:41.9831470Z,1779559781983,0
2026-05-23T18:09:42.0177440Z,1779559782017,0
2026-05-23T18:09:42.0526950Z,1779559782052,0
2026-05-23T18:09:42.0871710Z,1779559782087,0
2026-05-23T18:09:42.1219830Z,1779559782121,0
2026-05-23T18:09:42.1567130Z,1779559782156,0
2026-05-23T18:09:42.1929020Z,1779559782192,0
2026-05-23T18:09:42.2277160Z,1779559782227,0
2026-05-23T18:09:42.2624120Z,1779559782262,0
2026-05-23T18:09:42.2968140Z,1779559782296,0
2026-05-23T18:09:42.3317140Z,1779559782331,0
2026-05-23T18:09:42.3661030Z,1779559782366,0
2026-05-23T18:09:42.4008430Z,1779559782400,0
2026-05-23T18:09:42.4355240Z,1779559782435,0
2026-05-23T18:09:42.4700250Z,1779559782470,0
2026-05-23T18:09:42.5047350Z,1779559782504,0
2026-05-23T18:09:42.5396530Z,1779559782539,0
2026-05-23T18:09:42.5743110Z,1779559782574,0
2026-05-23T18:09:42.6086330Z,1779559782608,0
2026-05-23T18:09:42.6439190Z,1779559782643,0
2026-05-23T18:09:42.6779430Z,1779559782677,0
2026-05-23T18:09:42.7130660Z,1779559782713,0
2026-05-23T18:09:42.7476280Z,1779559782747,0
2026-05-23T18:09:42.7838650Z,1779559782783,0
2026-05-23T18:09:42.8185300Z,1779559782818,0
2026-05-23T18:09:42.8536380Z,1779559782853,0
2026-05-23T18:09:42.8876780Z,1779559782887,0
2026-05-23T18:09:42.9230160Z,1779559782923,0
2026-05-23T18:09:42.9570920Z,1779559782957,0
2026-05-23T18:09:42.9919420Z,1779559782991,0
2026-05-23T18:09:43.0265560Z,1779559783026,0
2026-05-23T18:09:43.0615430Z,1779559783061,0
2026-05-23T18:09:43.0962690Z,1779559783096,0
2026-05-23T18:09:43.1308500Z,1779559783130,0
2026-05-23T18:09:43.1655910Z,1779559783165,0
2026-05-23T18:09:43.1999690Z,1779559783199,0
2026-05-23T18:09:43.2351130Z,1779559783235,0
2026-05-23T18:09:43.2697300Z,1779559783269,0
2026-05-23T18:09:43.3045290Z,1779559783304,0
2026-05-23T18:09:43.3389340Z,1779559783338,0
2026-05-23T18:09:43.3745950Z,1779559783374,0
2026-05-23T18:09:43.4092450Z,1779559783409,0
2026-05-23T18:09:43.4447420Z,1779559783444,0
2026-05-23T18:09:43.4787800Z,1779559783478,0
2026-05-23T18:09:43.5137870Z,1779559783513,0
2026-05-23T18:09:43.5480790Z,1779559783548,0
2026-05-23T18:09:43.5831760Z,1779559783583,0
2026-05-23T18:09:43.6173650Z,1779559783617,0
2026-05-23T18:09:43.6521730Z,1779559783652,0
2026-05-23T18:09:43.6869610Z,1779559783686,0
2026-05-23T18:09:43.7215910Z,1779559783721,0
2026-05-23T18:09:43.7558000Z,1779559783755,0
2026-05-23T18:09:43.7911560Z,1779559783791,0
2026-05-23T18:09:43.8255250Z,1779559783825,0
2026-05-23T18:09:43.8604730Z,1779559783860,0
2026-05-23T18:09:43.8950890Z,1779559783895,0
2026-05-23T18:09:43.9296320Z,1779559783929,0
2026-05-23T18:09:43.9662210Z,1779559783966,0
2026-05-23T18:09:44.0011660Z,1779559784001,0
2026-05-23T18:09:44.0354000Z,1779559784035,0
2026-05-23T18:09:44.0703800Z,1779559784070,0
2026-05-23T18:09:44.1048170Z,1779559784104,0
2026-05-23T18:09:44.1395590Z,1779559784139,0
2026-05-23T18:09:44.1741990Z,1779559784174,0
2026-05-23T18:09:44.2089930Z,1779559784208,0
2026-05-23T18:09:44.2438930Z,1779559784243,0
2026-05-23T18:09:44.2781830Z,1779559784278,0
2026-05-23T18:09:44.3133540Z,1779559784313,0
2026-05-23T18:09:44.3475190Z,1779559784347,0
2026-05-23T18:09:44.3828010Z,1779559784382,0
2026-05-23T18:09:44.4171080Z,1779559784417,0
2026-05-23T18:09:44.4525250Z,1779559784452,0
2026-05-23T18:09:44.4865670Z,1779559784486,0
2026-05-23T18:09:44.5213720Z,1779559784521,0
2026-05-23T18:09:44.5558740Z,1779559784555,0
2026-05-23T18:09:44.5925450Z,1779559784592,0
2026-05-23T18:09:44.6272060Z,1779559784627,0
2026-05-23T18:09:44.6620890Z,1779559784662,0
2026-05-23T18:09:44.6965560Z,1779559784696,0
2026-05-23T18:09:44.7313510Z,1779559784731,0
2026-05-23T18:09:44.7655590Z,1779559784765,0
2026-05-23T18:09:44.8004920Z,1779559784800,0
2026-05-23T18:09:44.8351250Z,1779559784835,0
2026-05-23T18:09:44.8695480Z,1779559784869,0
2026-05-23T18:09:44.9043170Z,1779559784904,0
2026-05-23T18:09:44.9388890Z,1779559784938,0
2026-05-23T18:09:44.9736830Z,1779559784973,0
2026-05-23T18:09:45.0081140Z,1779559785008,0
2026-05-23T18:09:45.0430690Z,1779559785043,0
2026-05-23T18:09:45.0773360Z,1779559785077,0
2026-05-23T18:09:45.1121160Z,1779559785112,0
2026-05-23T18:09:45.1481740Z,1779559785148,0
2026-05-23T18:09:45.1830190Z,1779559785183,0
2026-05-23T18:09:45.2175650Z,1779559785217,0
2026-05-23T18:09:45.2862900Z,1779559785286,0
2026-05-23T18:09:45.2905600Z,1779559785290,0
2026-05-23T18:09:45.3245670Z,1779559785324,0
2026-05-23T18:09:45.3681490Z,1779559785368,0
2026-05-23T18:09:45.4072530Z,1779559785407,0
2026-05-23T18:09:45.4770180Z,1779559785477,0
2026-05-23T18:09:45.4871790Z,1779559785487,0
2026-05-23T18:09:45.5716390Z,1779559785571,0
2026-05-23T18:09:45.5749540Z,1779559785574,0
2026-05-23T18:09:45.6147590Z,1779559785614,0
2026-05-23T18:09:45.6524450Z,1779559785652,0
2026-05-23T18:09:45.6894930Z,1779559785689,0
2026-05-23T18:09:45.7283940Z,1779559785728,0
2026-05-23T18:09:45.7659300Z,1779559785765,0
2026-05-23T18:09:45.8057160Z,1779559785805,0
2026-05-23T18:09:45.8439470Z,1779559785843,0
2026-05-23T18:09:45.8840320Z,1779559785884,0
2026-05-23T18:09:45.9182970Z,1779559785918,0
2026-05-23T18:09:45.9547290Z,1779559785954,0
2026-05-23T18:09:45.9982510Z,1779559785998,0
2026-05-23T18:09:46.0281170Z,1779559786028,0
2026-05-23T18:09:46.0733020Z,1779559786073,0
2026-05-23T18:09:46.1085670Z,1779559786108,0
2026-05-23T18:09:46.1446100Z,1779559786144,0
2026-05-23T18:09:46.1790370Z,1779559786179,0
2026-05-23T18:09:46.2139820Z,1779559786213,0
2026-05-23T18:09:46.2484810Z,1779559786248,0
2026-05-23T18:09:46.2833290Z,1779559786283,0
2026-05-23T18:09:46.3177440Z,1779559786317,0
2026-05-23T18:09:46.3516120Z,1779559786351,0
2026-05-23T18:09:46.3847900Z,1779559786384,0
2026-05-23T18:09:46.4189650Z,1779559786418,0
2026-05-23T18:09:46.4538640Z,1779559786453,0
2026-05-23T18:09:46.4880230Z,1779559786488,0
2026-05-23T18:09:46.5231150Z,1779559786523,0
2026-05-23T18:09:46.5573590Z,1779559786557,0
2026-05-23T18:09:46.5964970Z,1779559786596,0
2026-05-23T18:09:46.6310860Z,1779559786631,0
2026-05-23T18:09:46.6650480Z,1779559786665,0
2026-05-23T18:09:46.6979810Z,1779559786697,0
2026-05-23T18:09:46.7327650Z,1779559786732,0
2026-05-23T18:09:46.7674660Z,1779559786767,0
2026-05-23T18:09:46.8022560Z,1779559786802,0
2026-05-23T18:09:46.8367750Z,1779559786836,0
2026-05-23T18:09:46.8707880Z,1779559786870,0
2026-05-23T18:09:46.9038580Z,1779559786903,0
2026-05-23T18:09:46.9374780Z,1779559786937,0
2026-05-23T18:09:46.9707940Z,1779559786970,0
2026-05-23T18:09:47.0042570Z,1779559787004,0
2026-05-23T18:09:47.0410260Z,1779559787041,0
2026-05-23T18:09:47.0766740Z,1779559787076,0
2026-05-23T18:09:47.1115300Z,1779559787111,0
2026-05-23T18:09:47.1463380Z,1779559787146,0
2026-05-23T18:09:47.1812330Z,1779559787181,0
2026-05-23T18:09:47.2160400Z,1779559787216,0
2026-05-23T18:09:47.2531310Z,1779559787253,0
2026-05-23T18:09:47.2885420Z,1779559787288,0
2026-05-23T18:09:47.3226220Z,1779559787322,0
2026-05-23T18:09:47.3559130Z,1779559787355,0
2026-05-23T18:09:47.3899320Z,1779559787389,0
2026-05-23T18:09:47.4249370Z,1779559787424,0
2026-05-23T18:09:47.4584770Z,1779559787458,0
2026-05-23T18:09:47.4920860Z,1779559787492,0
2026-05-23T18:09:47.5251880Z,1779559787525,0
2026-05-23T18:09:47.5586430Z,1779559787558,0
2026-05-23T18:09:47.5919580Z,1779559787591,0
2026-05-23T18:09:47.6254590Z,1779559787625,0
2026-05-23T18:09:47.6588150Z,1779559787658,0
2026-05-23T18:09:47.6924150Z,1779559787692,0
2026-05-23T18:09:47.7253380Z,1779559787725,0
2026-05-23T18:09:47.7589230Z,1779559787758,0
2026-05-23T18:09:47.7924470Z,1779559787792,0
2026-05-23T18:09:47.8260190Z,1779559787826,0
2026-05-23T18:09:47.8591200Z,1779559787859,0
2026-05-23T18:09:47.8929990Z,1779559787892,0
2026-05-23T18:09:47.9259170Z,1779559787925,0
2026-05-23T18:09:47.9611120Z,1779559787961,0
2026-05-23T18:09:47.9942510Z,1779559787994,0
2026-05-23T18:09:48.0307650Z,1779559788030,0
2026-05-23T18:09:48.0654440Z,1779559788065,0
2026-05-23T18:09:48.1005300Z,1779559788100,0
2026-05-23T18:09:48.1365240Z,1779559788136,0
2026-05-23T18:09:48.1737200Z,1779559788173,0
2026-05-23T18:09:48.2094380Z,1779559788209,0
2026-05-23T18:09:48.2464410Z,1779559788246,0
2026-05-23T18:09:48.2799100Z,1779559788279,0
2026-05-23T18:09:48.3136940Z,1779559788313,0
2026-05-23T18:09:48.3466560Z,1779559788346,0
2026-05-23T18:09:48.3804430Z,1779559788380,0
2026-05-23T18:09:48.4135330Z,1779559788413,0
2026-05-23T18:09:48.4481180Z,1779559788448,0
2026-05-23T18:09:48.4833760Z,1779559788483,0
2026-05-23T18:09:48.5182120Z,1779559788518,0
2026-05-23T18:09:48.5554740Z,1779559788555,0
2026-05-23T18:09:48.5914530Z,1779559788591,0
2026-05-23T18:09:48.6260910Z,1779559788626,0
2026-05-23T18:09:48.6623900Z,1779559788662,0
2026-05-23T18:09:48.6986230Z,1779559788698,0
2026-05-23T18:09:48.7331400Z,1779559788733,0
2026-05-23T18:09:48.7661210Z,1779559788766,0
2026-05-23T18:09:48.8012900Z,1779559788801,0
2026-05-23T18:09:48.8356640Z,1779559788835,0
2026-05-23T18:09:48.8707700Z,1779559788870,0
2026-05-23T18:09:48.9079040Z,1779559788907,0
2026-05-23T18:09:48.9464410Z,1779559788946,0
2026-05-23T18:09:48.9832700Z,1779559788983,0
2026-05-23T18:09:49.0202830Z,1779559789020,0
2026-05-23T18:09:49.0564310Z,1779559789056,0
2026-05-23T18:09:49.0909430Z,1779559789090,0
2026-05-23T18:09:49.1242550Z,1779559789124,0
2026-05-23T18:09:49.1575880Z,1779559789157,0
2026-05-23T18:09:49.1921700Z,1779559789192,0
2026-05-23T18:09:49.2254000Z,1779559789225,0
2026-05-23T18:09:49.2587480Z,1779559789258,0
2026-05-23T18:09:49.2926510Z,1779559789292,0
2026-05-23T18:09:49.3256340Z,1779559789325,0
2026-05-23T18:09:49.3590690Z,1779559789359,0
2026-05-23T18:09:49.3925640Z,1779559789392,0
2026-05-23T18:09:49.4268170Z,1779559789426,0
2026-05-23T18:09:49.4616350Z,1779559789461,0
2026-05-23T18:09:49.4964280Z,1779559789496,0
2026-05-23T18:09:49.5331220Z,1779559789533,0
2026-05-23T18:09:49.5693080Z,1779559789569,0
2026-05-23T18:09:49.6064610Z,1779559789606,0
2026-05-23T18:09:49.6448330Z,1779559789644,0
2026-05-23T18:09:49.6792440Z,1779559789679,0
2026-05-23T18:09:49.7143450Z,1779559789714,0
2026-05-23T18:09:49.7488790Z,1779559789748,0
2026-05-23T18:09:49.7840690Z,1779559789784,0
2026-05-23T18:09:49.8204160Z,1779559789820,0
2026-05-23T18:09:49.8558830Z,1779559789855,0
2026-05-23T18:09:49.8893010Z,1779559789889,0
2026-05-23T18:09:49.9229060Z,1779559789922,0
2026-05-23T18:09:49.9570730Z,1779559789957,0
2026-05-23T18:09:49.9918580Z,1779559789991,0
2026-05-23T18:09:50.0267780Z,1779559790026,0
2026-05-23T18:09:50.0631430Z,1779559790063,0
2026-05-23T18:09:50.0995510Z,1779559790099,0
2026-05-23T18:09:50.1342520Z,1779559790134,0
2026-05-23T18:09:50.1679940Z,1779559790167,0
2026-05-23T18:09:50.2034250Z,1779559790203,0
2026-05-23T18:09:50.2379660Z,1779559790237,0
2026-05-23T18:09:50.2733460Z,1779559790273,0
2026-05-23T18:09:50.3394600Z,1779559790339,0
2026-05-23T18:09:50.3484640Z,1779559790348,0
2026-05-23T18:09:50.3900340Z,1779559790390,0
2026-05-23T18:09:50.4398830Z,1779559790439,0
2026-05-23T18:09:50.4868130Z,1779559790486,0
2026-05-23T18:09:50.5424860Z,1779559790542,0
2026-05-23T18:09:50.5900490Z,1779559790590,0
2026-05-23T18:09:50.6414760Z,1779559790641,0
2026-05-23T18:09:50.7018510Z,1779559790701,0
2026-05-23T18:09:50.7370800Z,1779559790737,0
2026-05-23T18:09:50.7705420Z,1779559790770,0
2026-05-23T18:09:50.8040630Z,1779559790804,0
2026-05-23T18:09:50.8376550Z,1779559790837,0
2026-05-23T18:09:50.8711630Z,1779559790871,0
2026-05-23T18:09:50.9044800Z,1779559790904,0
2026-05-23T18:09:50.9380030Z,1779559790938,0
2026-05-23T18:09:50.9729080Z,1779559790972,0
2026-05-23T18:09:51.0080310Z,1779559791008,0
2026-05-23T18:09:51.0417380Z,1779559791041,0
2026-05-23T18:09:51.0750160Z,1779559791075,0
2026-05-23T18:09:51.1084310Z,1779559791108,0
2026-05-23T18:09:51.1417560Z,1779559791141,0
2026-05-23T18:09:51.1750180Z,1779559791175,0
2026-05-23T18:09:51.2084690Z,1779559791208,0
2026-05-23T18:09:51.2420310Z,1779559791242,0
2026-05-23T18:09:51.2752400Z,1779559791275,0
2026-05-23T18:09:51.3089320Z,1779559791308,0
2026-05-23T18:09:51.3421560Z,1779559791342,0
2026-05-23T18:09:51.3754690Z,1779559791375,0
2026-05-23T18:09:51.4088830Z,1779559791408,0
2026-05-23T18:09:51.4424360Z,1779559791442,0
2026-05-23T18:09:51.4756280Z,1779559791475,0
2026-05-23T18:09:51.5091330Z,1779559791509,0
2026-05-23T18:09:51.5426790Z,1779559791542,0
2026-05-23T18:09:51.5777170Z,1779559791577,0
2026-05-23T18:09:51.6114530Z,1779559791611,0
2026-05-23T18:09:51.6570710Z,1779559791657,0
2026-05-23T18:09:51.6907130Z,1779559791690,0
2026-05-23T18:09:51.7241350Z,1779559791724,0
2026-05-23T18:09:51.7575050Z,1779559791757,0
2026-05-23T18:09:51.7909390Z,1779559791790,0
2026-05-23T18:09:51.8243970Z,1779559791824,0
2026-05-23T18:09:51.8577010Z,1779559791857,0
2026-05-23T18:09:51.8914020Z,1779559791891,0
2026-05-23T18:09:51.9246120Z,1779559791924,0
2026-05-23T18:09:51.9578440Z,1779559791957,0
2026-05-23T18:09:51.9915850Z,1779559791991,0
2026-05-23T18:09:52.0248540Z,1779559792024,0
2026-05-23T18:09:52.0581020Z,1779559792058,0
2026-05-23T18:09:52.0918090Z,1779559792091,0
2026-05-23T18:09:52.1250590Z,1779559792125,0
2026-05-23T18:09:52.1583200Z,1779559792158,0
2026-05-23T18:09:52.1919470Z,1779559792191,0
2026-05-23T18:09:52.2271530Z,1779559792227,0
2026-05-23T18:09:52.2605490Z,1779559792260,0
2026-05-23T18:09:52.2938510Z,1779559792293,0
2026-05-23T18:09:52.3273670Z,1779559792327,0
2026-05-23T18:09:52.3608490Z,1779559792360,0
2026-05-23T18:09:52.3941700Z,1779559792394,0
2026-05-23T18:09:52.4278710Z,1779559792427,0
2026-05-23T18:09:52.4613580Z,1779559792461,0
2026-05-23T18:09:52.4943460Z,1779559792494,0
2026-05-23T18:09:52.5278640Z,1779559792527,0
2026-05-23T18:09:52.5718110Z,1779559792571,0
2026-05-23T18:09:52.6190500Z,1779559792619,0
2026-05-23T18:09:52.6529240Z,1779559792652,0
2026-05-23T18:09:52.6857920Z,1779559792685,0
2026-05-23T18:09:52.7190810Z,1779559792719,0
2026-05-23T18:09:52.7529170Z,1779559792752,0
2026-05-23T18:09:52.7860010Z,1779559792786,0
2026-05-23T18:09:52.8192820Z,1779559792819,0
2026-05-23T18:09:52.8584280Z,1779559792858,0
2026-05-23T18:09:52.8962520Z,1779559792896,0
2026-05-23T18:09:52.9293210Z,1779559792929,0
2026-05-23T18:09:52.9632230Z,1779559792963,0
2026-05-23T18:09:52.9966330Z,1779559792996,0
2026-05-23T18:09:53.0301870Z,1779559793030,0
2026-05-23T18:09:53.0638690Z,1779559793063,0
2026-05-23T18:09:53.0976300Z,1779559793097,0
2026-05-23T18:09:53.1313090Z,1779559793131,0
2026-05-23T18:09:53.1662630Z,1779559793166,0
2026-05-23T18:09:53.1995920Z,1779559793199,0
2026-05-23T18:09:53.2332270Z,1779559793233,0
2026-05-23T18:09:53.2671430Z,1779559793267,0
2026-05-23T18:09:53.3004370Z,1779559793300,0
2026-05-23T18:09:53.3337480Z,1779559793333,0
2026-05-23T18:09:53.3675890Z,1779559793367,0
2026-05-23T18:09:53.4012300Z,1779559793401,0
2026-05-23T18:09:53.4342280Z,1779559793434,0
2026-05-23T18:09:53.4682250Z,1779559793468,0
2026-05-23T18:09:53.5016620Z,1779559793501,0
2026-05-23T18:09:53.5349660Z,1779559793534,0
2026-05-23T18:09:53.5688340Z,1779559793568,0
2026-05-23T18:09:53.6025310Z,1779559793602,0
2026-05-23T18:09:53.6355560Z,1779559793635,0
2026-05-23T18:09:53.6696070Z,1779559793669,0
2026-05-23T18:09:53.7029820Z,1779559793702,0
2026-05-23T18:09:53.7364620Z,1779559793736,0
2026-05-23T18:09:53.7723180Z,1779559793772,0
2026-05-23T18:09:53.8052910Z,1779559793805,0
2026-05-23T18:09:53.8388180Z,1779559793838,0
2026-05-23T18:09:53.8726070Z,1779559793872,0
2026-05-23T18:09:53.9058160Z,1779559793905,0
2026-05-23T18:09:53.9394650Z,1779559793939,0
2026-05-23T18:09:53.9736130Z,1779559793973,0
2026-05-23T18:09:54.0069320Z,1779559794006,0
2026-05-23T18:09:54.0403550Z,1779559794040,0
2026-05-23T18:09:54.0739150Z,1779559794073,0
2026-05-23T18:09:54.1069880Z,1779559794106,0
2026-05-23T18:09:54.1405110Z,1779559794140,0
2026-05-23T18:09:54.1738560Z,1779559794173,0
2026-05-23T18:09:54.2072330Z,1779559794207,0
2026-05-23T18:09:54.2408450Z,1779559794240,0
2026-05-23T18:09:54.2743300Z,1779559794274,0
2026-05-23T18:09:54.3073530Z,1779559794307,0
2026-05-23T18:09:54.3416300Z,1779559794341,0
2026-05-23T18:09:54.3752430Z,1779559794375,0
2026-05-23T18:09:54.4084430Z,1779559794408,0
2026-05-23T18:09:54.4422220Z,1779559794442,0
2026-05-23T18:09:54.4755000Z,1779559794475,0
2026-05-23T18:09:54.5086860Z,1779559794508,0
2026-05-23T18:09:54.5422290Z,1779559794542,0
2026-05-23T18:09:54.5754690Z,1779559794575,0
2026-05-23T18:09:54.6088780Z,1779559794608,0
2026-05-23T18:09:54.6425950Z,1779559794642,0
2026-05-23T18:09:54.6761410Z,1779559794676,0
2026-05-23T18:09:54.7092210Z,1779559794709,0
2026-05-23T18:09:54.7428170Z,1779559794742,0
2026-05-23T18:09:54.7763930Z,1779559794776,0
2026-05-23T18:09:54.8094180Z,1779559794809,0
2026-05-23T18:09:54.8432180Z,1779559794843,0
2026-05-23T18:09:54.8764550Z,1779559794876,0
2026-05-23T18:09:54.9108030Z,1779559794910,0
2026-05-23T18:09:54.9445530Z,1779559794944,0
2026-05-23T18:09:54.9784860Z,1779559794978,0
2026-05-23T18:09:55.0117660Z,1779559795011,0
2026-05-23T18:09:55.0452900Z,1779559795045,0
2026-05-23T18:09:55.0789290Z,1779559795078,0
2026-05-23T18:09:55.1124930Z,1779559795112,0
2026-05-23T18:09:55.1459740Z,1779559795145,0
2026-05-23T18:09:55.1791570Z,1779559795179,0
2026-05-23T18:09:55.2152660Z,1779559795215,0
2026-05-23T18:09:55.2489210Z,1779559795248,0
2026-05-23T18:09:55.2824510Z,1779559795282,0
