t3_recv,tq_dequeue,cmd_seq,t0,t1,action_type,action_data
1779559006311,1779559006328,1,1779559006301,1779559006302,delta,"0,0.05"
1779559006317,1779559006328,2,1779559006301,1779559006307,delta,"0,0.05"
1779559006347,1779559006362,3,1779559006301,1779559006338,delta,"0,0.05"
1779559006379,1779559006405,4,1779559006301,1779559006371,delta,"0,0.05"
1779559006412,1779559006460,5,1779559006301,1779559006403,delta,"0,0.05"
1779559006443,1779559006460,6,1779559006301,1779559006435,delta,"0,0.05"
1779559006475,1779559006497,7,1779559006301,1779559006467,delta,"0,0.05"
1779559006507,1779559006536,8,1779559006301,1779559006499,delta,"0,0.05"
1779559006540,1779559006590,9,1779559006301,1779559006531,delta,"0,0.05"
1779559006571,1779559006590,10,1779559006301,1779559006563,delta,"0,0.05"
1779559006603,1779559006625,11,1779559006301,1779559006595,delta,"0,0.05"
1779559006635,1779559006665,12,1779559006301,1779559006627,delta,"0,0.05"
1779559006668,1779559006718,13,1779559006301,1779559006660,delta,"0,0.05"
1779559006701,1779559006718,14,1779559006301,1779559006693,delta,"0,0.05"
1779559006772,1779559006790,15,1779559006301,1779559006764,delta,"0,0.05"
1779559006775,1779559006790,16,1779559006301,1779559006767,delta,"0,0.05"
1779559006807,1779559006843,17,1779559006301,1779559006799,delta,"0,0.05"
1779559006847,1779559006876,18,1779559006301,1779559006839,delta,"0,0.05"
1779559006878,1779559006915,19,1779559006301,1779559006870,delta,"0,0.05"
1779559006910,1779559006915,20,1779559006301,1779559006902,delta,"0,0.05"
1779559006942,1779559006969,21,1779559006301,1779559006934,delta,"0,0.05"
1779559006974,1779559007002,22,1779559006301,1779559006966,delta,"0,0.05"
1779559007007,1779559007043,23,1779559006301,1779559006999,delta,"0,0.05"
1779559007039,1779559007043,24,1779559006301,1779559007031,delta,"0,0.05"
1779559007072,1779559007097,25,1779559006301,1779559007063,delta,"0,0.05"
1779559007103,1779559007133,26,1779559006301,1779559007095,delta,"0,0.05"
1779559007135,1779559007172,27,1779559006301,1779559007127,delta,"0,0.05"
1779559007167,1779559007172,28,1779559006301,1779559007159,delta,"0,0.05"
1779559007200,1779559007225,29,1779559006301,1779559007192,delta,"0,0.05"
1779559007232,1779559007261,30,1779559006301,1779559007224,delta,"0,0.05"
1779559007273,1779559007302,31,1779559006301,1779559007265,delta,"0,0.05"
1779559007304,1779559007356,32,1779559006301,1779559007296,delta,"0,0.05"
1779559007337,1779559007356,33,1779559006301,1779559007329,delta,"0,0.05"
1779559007376,1779559007392,34,1779559006301,1779559007368,delta,"0,0.05"
1779559007407,1779559007431,35,1779559006301,1779559007399,delta,"0,0.05"
1779559007439,1779559007485,36,1779559006301,1779559007431,delta,"0,0.05"
1779559007474,1779559007485,37,1779559006301,1779559007463,delta,"0,0.05"
1779559007504,1779559007518,38,1779559006301,1779559007495,delta,"0,0.05"
1779559007536,1779559007558,39,1779559006301,1779559007527,delta,"0,0.05"
1779559007568,1779559007610,40,1779559006301,1779559007560,delta,"0,0.05"
1779559007600,1779559007610,41,1779559006301,1779559007592,delta,"0,0.05"
1779559007633,1779559007643,42,1779559006301,1779559007624,delta,"0,0.05"
1779559007665,1779559007684,43,1779559006301,1779559007657,delta,"0,0.05"
1779559007698,1779559007737,44,1779559006301,1779559007690,delta,"0,0.05"
1779559007741,1779559007771,45,1779559006301,1779559007733,delta,"0,0.05"
1779559007775,1779559007811,46,1779559006301,1779559007766,delta,"0,0.05"
1779559007817,1779559007864,47,1779559006301,1779559007808,delta,"0,0.05"
1779559007850,1779559007864,48,1779559006301,1779559007842,delta,"0,0.05"
1779559007884,1779559007898,49,1779559006301,1779559007876,delta,"0,0.05"
1779559007919,1779559007940,50,1779559006301,1779559007911,delta,"0,0.05"
1779559007954,1779559007991,51,1779559006301,1779559007946,delta,"0,0.05"
1779559007988,1779559007992,52,1779559006301,1779559007980,delta,"0,0.05"
1779559008024,1779559008026,53,1779559006301,1779559008016,delta,"0,0.05"
1779559008060,1779559008065,54,1779559006301,1779559008052,delta,"0,0.05"
1779559008092,1779559008118,55,1779559006301,1779559008084,delta,"0,0.05"
1779559008126,1779559008151,56,1779559006301,1779559008118,delta,"0,0.05"
1779559008159,1779559008190,57,1779559006301,1779559008151,delta,"0,0.05"
1779559008194,1779559008242,58,1779559006301,1779559008185,delta,"0,0.05"
1779559008227,1779559008242,59,1779559006301,1779559008219,delta,"0,0.05"
1779559008261,1779559008275,60,1779559006301,1779559008252,delta,"0,0.05"
1779559008303,1779559008315,61,1779559006301,1779559008294,delta,"0,0.05"
1779559008335,1779559008371,62,1779559006301,1779559008327,delta,"0,0.05"
1779559008374,1779559008404,63,1779559006301,1779559008366,delta,"0,0.05"
1779559008408,1779559008444,64,1779559006301,1779559008399,delta,"0,0.05"
1779559008440,1779559008444,65,1779559006301,1779559008432,delta,"0,0.05"
1779559008473,1779559008496,66,1779559006301,1779559008465,delta,"0,0.05"
1779559008507,1779559008530,67,1779559006301,1779559008498,delta,"0,0.05"
1779559008540,1779559008570,68,1779559006301,1779559008532,delta,"0,0.05"
1779559008573,1779559008623,69,1779559006301,1779559008565,delta,"0,0.05"
1779559008606,1779559008623,70,1779559006301,1779559008598,delta,"0,0.05"
1779559008639,1779559008657,71,1779559006301,1779559008631,delta,"0,0.05"
1779559008672,1779559008696,72,1779559006301,1779559008664,delta,"0,0.05"
1779559008705,1779559008749,73,1779559006301,1779559008697,delta,"0,0.05"
1779559008739,1779559008749,74,1779559006301,1779559008731,delta,"0,0.05"
1779559008811,1779559008822,75,1779559006301,1779559008803,delta,"0,0.05"
1779559008814,1779559008822,76,1779559006301,1779559008806,delta,"0,0.05"
1779559008846,1779559008876,77,1779559006301,1779559008838,delta,"0,0.05"
1779559008887,1779559008911,78,1779559006301,1779559008878,delta,"0,0.05"
1779559008917,1779559008951,79,1779559006301,1779559008909,delta,"0,0.05"
1779559008949,1779559008951,80,1779559006301,1779559008941,delta,"0,0.05"
1779559008982,1779559009004,81,1779559006301,1779559008973,delta,"0,0.05"
1779559009015,1779559009038,82,1779559006301,1779559009007,delta,"0,0.05"
1779559009048,1779559009078,83,1779559006301,1779559009040,delta,"0,0.05"
1779559009081,1779559009130,84,1779559006301,1779559009073,delta,"0,0.05"
1779559009114,1779559009130,85,1779559006301,1779559009105,delta,"0,0.05"
1779559009147,1779559009163,86,1779559006301,1779559009139,delta,"0,0.05"
1779559009180,1779559009203,87,1779559006301,1779559009172,delta,"0,0.05"
1779559009212,1779559009255,88,1779559006301,1779559009204,delta,"0,0.05"
1779559009245,1779559009255,89,1779559006301,1779559009236,delta,"0,0.05"
1779559009316,1779559009329,90,1779559006301,1779559009308,delta,"0,0.05"
1779559009319,1779559009329,91,1779559006301,1779559009311,delta,"0,0.05"
1779559009351,1779559009384,92,1779559006301,1779559009343,delta,"0,0.05"
1779559009423,1779559009458,93,1779559006301,1779559009414,delta,"0,0.05"
1779559009426,1779559009458,94,1779559006301,1779559009417,delta,"0,0.05"
1779559009458,1779559009458,95,1779559006301,1779559009449,delta,"0,0.05"
1779559009490,1779559009510,96,1779559006301,1779559009482,delta,"0,0.05"
1779559009522,1779559009543,97,1779559006301,1779559009513,delta,"0,0.05"
1779559009554,1779559009582,98,1779559006301,1779559009546,delta,"0,0.05"
1779559009586,1779559009635,99,1779559006301,1779559009578,delta,"0,0.05"
1779559009618,1779559009635,100,1779559006301,1779559009610,delta,"0,0.05"
1779559009650,1779559009670,101,1779559006301,1779559009642,delta,"0,0.05"
1779559009682,1779559009710,102,1779559006301,1779559009674,delta,"0,0.05"
1779559009714,1779559009763,103,1779559006301,1779559009706,delta,"0,0.05"
1779559009747,1779559009763,104,1779559006301,1779559009738,delta,"0,0.05"
1779559009778,1779559009796,105,1779559006301,1779559009770,delta,"0,0.05"
1779559009820,1779559009835,106,1779559006301,1779559009812,delta,"0,0.05"
1779559009851,1779559009888,107,1779559006301,1779559009842,delta,"0,0.05"
1779559009883,1779559009888,108,1779559006301,1779559009875,delta,"0,0.05"
1779559009923,1779559009963,109,1779559006301,1779559009915,delta,"0,0.05"
1779559009954,1779559009964,110,1779559006301,1779559009945,delta,"0,0.05"
1779559009986,1779559010015,111,1779559006301,1779559009977,delta,"0,0.05"
1779559010019,1779559010049,112,1779559006301,1779559010010,delta,"0,0.05"
1779559010050,1779559010089,113,1779559006301,1779559010042,delta,"0,0.05"
1779559010082,1779559010089,114,1779559006301,1779559010074,delta,"0,0.05"
1779559010114,1779559010141,115,1779559006301,1779559010105,delta,"0,0.05"
1779559010146,1779559010175,116,1779559006301,1779559010137,delta,"0,0.05"
1779559010178,1779559010215,117,1779559006301,1779559010170,delta,"0,0.05"
1779559010211,1779559010215,118,1779559006301,1779559010202,delta,"0,0.05"
1779559010242,1779559010267,119,1779559006301,1779559010234,delta,"0,0.05"
1779559010274,1779559010300,120,1779559006301,1779559010266,delta,"0,0.05"
1779559010307,1779559010340,121,1779559006301,1779559010299,delta,"0,0.05"
1779559010348,1779559010393,122,1779559006301,1779559010339,delta,"0,0.05"
1779559010378,1779559010393,123,1779559006301,1779559010370,delta,"0,0.05"
1779559010418,1779559010427,124,1779559006301,1779559010410,delta,"0,0.05"
1779559010450,1779559010467,125,1779559006301,1779559010442,delta,"0,0.05"
1779559010482,1779559010519,126,1779559006301,1779559010473,delta,"0,0.05"
1779559010513,1779559010519,127,1779559006301,1779559010505,delta,"0,0.05"
1779559010546,1779559010552,128,1779559006301,1779559010537,delta,"0,0.05"
1779559010578,1779559010591,129,1779559006301,1779559010570,delta,"0,0.05"
1779559010610,1779559010644,130,1779559006301,1779559010602,delta,"0,0.05"
1779559010642,1779559010644,131,1779559006301,1779559010634,delta,"0,0.05"
1779559010674,1779559010678,132,1779559006301,1779559010666,delta,"0,0.05"
1779559010706,1779559010717,133,1779559006301,1779559010698,delta,"0,0.05"
1779559010738,1779559010771,134,1779559006301,1779559010730,delta,"0,0.05"
1779559010771,1779559010806,135,1779559006301,1779559010763,delta,"0,0.05"
1779559010803,1779559010806,136,1779559006301,1779559010794,delta,"0,0.05"
1779559010843,1779559010845,137,1779559006301,1779559010834,delta,"0,0.05"
1779559010873,1779559010898,138,1779559006301,1779559010865,delta,"0,0.05"
1779559010906,1779559010931,139,1779559006301,1779559010898,delta,"0,0.05"
1779559010947,1779559010970,140,1779559006301,1779559010939,delta,"0,0.05"
1779559010978,1779559011023,141,1779559006301,1779559010970,delta,"0,0.05"
1779559011010,1779559011023,142,1779559006301,1779559011002,delta,"0,0.05"
1779559011043,1779559011056,143,1779559006301,1779559011034,delta,"0,0.05"
1779559011075,1779559011095,144,1779559006301,1779559011067,delta,"0,0.05"
1779559011107,1779559011148,145,1779559006301,1779559011098,delta,"0,0.05"
1779559011139,1779559011148,146,1779559006301,1779559011131,delta,"0,0.05"
1779559011171,1779559011181,147,1779559006301,1779559011162,delta,"0,0.05"
1779559011203,1779559011220,148,1779559006301,1779559011195,delta,"0,0.05"
1779559011235,1779559011273,149,1779559006301,1779559011227,delta,"0,0.05"
1779559011267,1779559011273,150,1779559006301,1779559011259,delta,"0,0.05"
1779559011299,1779559011306,151,1779559006301,1779559011291,delta,"0,0.05"
1779559011371,1779559011397,152,1779559006301,1779559011363,delta,"0,0.05"
1779559011375,1779559011397,153,1779559006301,1779559011367,delta,"0,0.05"
1779559011407,1779559011429,154,1779559006301,1779559011399,delta,"0,0.05"
1779559011448,1779559011468,155,1779559006301,1779559011440,delta,"0,0.05"
1779559011480,1779559011521,156,1779559006301,1779559011471,delta,"0,0.05"
1779559011511,1779559011521,157,1779559006301,1779559011503,delta,"0,0.05"
1779559011543,1779559011555,158,1779559006301,1779559011535,delta,"0,0.05"
1779559011575,1779559011594,159,1779559006301,1779559011567,delta,"0,0.05"
1779559011607,1779559011646,160,1779559006301,1779559011599,delta,"0,0.05"
1779559011640,1779559011646,161,1779559006301,1779559011632,delta,"0,0.05"
1779559011672,1779559011679,162,1779559006301,1779559011663,delta,"0,0.05"
1779559011704,1779559011719,163,1779559006301,1779559011696,delta,"0,0.05"
1779559011736,1779559011771,164,1779559006301,1779559011728,delta,"0,0.05"
1779559011768,1779559011771,165,1779559006301,1779559011760,delta,"0,0.05"
1779559011801,1779559011805,166,1779559006301,1779559011793,delta,"0,0.05"
1779559011872,1779559011897,167,1779559006301,1779559011863,delta,"0,0.05"
1779559011875,1779559011897,168,1779559006301,1779559011867,delta,"0,0.05"
1779559011908,1779559011930,169,1779559006301,1779559011899,delta,"0,0.05"
1779559011949,1779559011969,170,1779559006301,1779559011941,delta,"0,0.05"
1779559011979,1779559012022,171,1779559006301,1779559011970,delta,"0,0.05"
1779559012012,1779559012022,172,1779559006301,1779559012003,delta,"0,0.05"
1779559012043,1779559012055,173,1779559006301,1779559012035,delta,"0,0.05"
1779559012076,1779559012094,174,1779559006301,1779559012068,delta,"0,0.05"
1779559012112,1779559012146,175,1779559006301,1779559012104,delta,"0,0.05"
1779559012147,1779559012179,176,1779559006301,1779559012139,delta,"0,0.05"
1779559012185,1779559012218,177,1779559006301,1779559012177,delta,"0,0.05"
1779559012221,1779559012270,178,1779559006301,1779559012212,delta,"0,0.05"
1779559012257,1779559012270,179,1779559006301,1779559012249,delta,"0,0.05"
1779559012293,1779559012303,180,1779559006301,1779559012285,delta,"0,0.05"
1779559012328,1779559012342,181,1779559006301,1779559012320,delta,"0,0.05"
1779559012371,1779559012394,182,1779559006301,1779559012362,delta,"0,0.05"
1779559012401,1779559012428,183,1779559006301,1779559012393,delta,"0,0.05"
1779559012434,1779559012468,184,1779559006301,1779559012426,delta,"0,0.05"
1779559012474,1779559012520,185,1779559006301,1779559012466,delta,"0,0.05"
1779559012505,1779559012520,186,1779559006301,1779559012497,delta,"0,0.05"
1779559012537,1779559012553,187,1779559006301,1779559012529,delta,"0,0.05"
1779559012569,1779559012592,188,1779559006301,1779559012561,delta,"0,0.05"
1779559012601,1779559012644,189,1779559006301,1779559012593,delta,"0,0.05"
1779559012633,1779559012644,190,1779559006301,1779559012625,delta,"0,0.05"
1779559012665,1779559012677,191,1779559006301,1779559012657,delta,"0,0.05"
1779559012698,1779559012717,192,1779559006301,1779559012689,delta,"0,0.05"
1779559012730,1779559012769,193,1779559006301,1779559012722,delta,"0,0.05"
1779559012762,1779559012769,194,1779559006301,1779559012754,delta,"0,0.05"
1779559012794,1779559012804,195,1779559006301,1779559012786,delta,"0,0.05"
1779559012826,1779559012843,196,1779559006301,1779559012818,delta,"0,0.05"
1779559012859,1779559012897,197,1779559006301,1779559012851,delta,"0,0.05"
1779559012901,1779559012933,198,1779559006301,1779559012893,delta,"0,0.05"
1779559012932,1779559012933,199,1779559006301,1779559012923,delta,"0,0.05"
1779559012972,1779559013024,200,1779559006301,1779559012963,delta,"0,0.05"
1779559013003,1779559013024,201,1779559006301,1779559012994,delta,"0,0.05"
1779559013035,1779559013058,202,1779559006301,1779559013026,delta,"0,0.05"
1779559013067,1779559013098,203,1779559006301,1779559013058,delta,"0,0.05"
1779559013099,1779559013152,204,1779559006301,1779559013090,delta,"0,0.05"
1779559013131,1779559013152,205,1779559006301,1779559013122,delta,"0,0.05"
1779559013163,1779559013186,206,1779559006301,1779559013154,delta,"0,0.05"
1779559013195,1779559013225,207,1779559006301,1779559013186,delta,"0,0.05"
1779559013227,1779559013277,208,1779559006301,1779559013218,delta,"0,0.05"
1779559013259,1779559013277,209,1779559006301,1779559013251,delta,"0,0.05"
1779559013292,1779559013311,210,1779559006301,1779559013283,delta,"0,0.05"
1779559013323,1779559013351,211,1779559006301,1779559013315,delta,"0,0.05"
1779559013355,1779559013404,212,1779559006301,1779559013347,delta,"0,0.05"
1779559013397,1779559013404,213,1779559006301,1779559013389,delta,"0,0.05"
1779559013428,1779559013438,214,1779559006301,1779559013420,delta,"0,0.05"
1779559013461,1779559013477,215,1779559006301,1779559013453,delta,"0,0.05"
1779559013501,1779559013531,216,1779559006301,1779559013493,delta,"0,0.05"
1779559013532,1779559013565,217,1779559006301,1779559013523,delta,"0,0.05"
1779559013564,1779559013565,218,1779559006301,1779559013555,delta,"0,0.05"
1779559013596,1779559013604,219,1779559006301,1779559013588,delta,"0,0.05"
1779559013629,1779559013656,220,1779559006301,1779559013620,delta,"0,0.05"
1779559013660,1779559013691,221,1779559006301,1779559013652,delta,"0,0.05"
1779559013693,1779559013730,222,1779559006301,1779559013684,delta,"0,0.05"
1779559013724,1779559013730,223,1779559006301,1779559013716,delta,"0,0.05"
1779559013757,1779559013784,224,1779559006301,1779559013748,delta,"0,0.05"
1779559013788,1779559013820,225,1779559006301,1779559013780,delta,"0,0.05"
1779559013821,1779559013861,226,1779559006301,1779559013812,delta,"0,0.05"
1779559013853,1779559013861,227,1779559006301,1779559013844,delta,"0,0.05"
1779559013924,1779559013948,228,1779559006301,1779559013915,delta,"0,0.05"
1779559013927,1779559013948,229,1779559006301,1779559013919,delta,"0,0.05"
1779559013960,1779559013987,230,1779559006301,1779559013952,delta,"0,0.05"
1779559014000,1779559014042,231,1779559006301,1779559013992,delta,"0,0.05"
1779559014031,1779559014042,232,1779559006301,1779559014023,delta,"0,0.05"
1779559014063,1779559014078,233,1779559006301,1779559014055,delta,"0,0.05"
1779559014095,1779559014118,234,1779559006301,1779559014087,delta,"0,0.05"
1779559014127,1779559014172,235,1779559006301,1779559014119,delta,"0,0.05"
1779559014159,1779559014172,236,1779559006301,1779559014151,delta,"0,0.05"
1779559014191,1779559014212,237,1779559006301,1779559014183,delta,"0,0.05"
1779559014223,1779559014253,238,1779559006301,1779559014215,delta,"0,0.05"
1779559014255,1779559014306,239,1779559006301,1779559014247,delta,"0,0.05"
1779559014287,1779559014306,240,1779559006301,1779559014279,delta,"0,0.05"
1779559014320,1779559014339,241,1779559006301,1779559014312,delta,"0,0.05"
1779559014352,1779559014378,242,1779559006301,1779559014343,delta,"0,0.05"
1779559014384,1779559014431,243,1779559006301,1779559014376,delta,"0,0.05"
1779559014417,1779559014431,244,1779559006301,1779559014409,delta,"0,0.05"
1779559014457,1779559014466,245,1779559006301,1779559014449,delta,"0,0.05"
1779559014527,1779559014557,246,1779559006301,1779559014518,delta,"0,0.05"
1779559014530,1779559014557,247,1779559006301,1779559014522,delta,"0,0.05"
1779559014561,1779559014591,248,1779559006301,1779559014553,delta,"0,0.05"
1779559014594,1779559014629,249,1779559006301,1779559014586,delta,"0,0.05"
1779559014626,1779559014629,250,1779559006301,1779559014618,delta,"0,0.05"
1779559014658,1779559014682,251,1779559006301,1779559014650,delta,"0,0.05"
1779559014690,1779559014718,252,1779559006301,1779559014682,delta,"0,0.05"
1779559014722,1779559014757,253,1779559006301,1779559014714,delta,"0,0.05"
1779559014754,1779559014757,254,1779559006301,1779559014746,delta,"0,0.05"
1779559014787,1779559014810,255,1779559006301,1779559014778,delta,"0,0.05"
1779559014819,1779559014843,256,1779559006301,1779559014810,delta,"0,0.05"
1779559014851,1779559014883,257,1779559006301,1779559014843,delta,"0,0.05"
1779559014883,1779559014934,258,1779559006301,1779559014875,delta,"0,0.05"
1779559014915,1779559014935,259,1779559006301,1779559014907,delta,"0,0.05"
1779559014956,1779559014968,260,1779559006301,1779559014947,delta,"0,0.05"
1779559014986,1779559015007,261,1779559006301,1779559014978,delta,"0,0.05"
1779559015018,1779559015059,262,1779559006301,1779559015010,delta,"0,0.05"
1779559015050,1779559015059,263,1779559006301,1779559015042,delta,"0,0.05"
1779559015082,1779559015092,264,1779559006301,1779559015074,delta,"0,0.05"
1779559015115,1779559015131,265,1779559006301,1779559015107,delta,"0,0.05"
1779559015146,1779559015184,266,1779559006301,1779559015138,delta,"0,0.05"
1779559015179,1779559015184,267,1779559006301,1779559015170,delta,"0,0.05"
1779559015211,1779559015218,268,1779559006301,1779559015203,delta,"0,0.05"
1779559015243,1779559015258,269,1779559006301,1779559015234,delta,"0,0.05"
1779559015275,1779559015312,270,1779559006301,1779559015266,delta,"0,0.05"
1779559015307,1779559015312,271,1779559006301,1779559015299,delta,"0,0.05"
1779559015339,1779559015347,272,1779559006301,1779559015331,delta,"0,0.05"
1779559015372,1779559015388,273,1779559006301,1779559015363,delta,"0,0.05"
1779559015404,1779559015442,274,1779559006301,1779559015396,delta,"0,0.05"
1779559015445,1779559015477,275,1779559006301,1779559015437,delta,"0,0.05"
1779559015476,1779559015478,276,1779559006301,1779559015467,delta,"0,0.05"
1779559015509,1779559015516,277,1779559006301,1779559015501,delta,"0,0.05"
1779559015548,1779559015569,278,1779559006301,1779559015540,delta,"0,0.05"
1779559015582,1779559015603,279,1779559006301,1779559015572,delta,"0,0.05"
1779559015611,1779559015642,280,1779559006301,1779559015603,delta,"0,0.05"
1779559015644,1779559015695,281,1779559006301,1779559015635,delta,"0,0.05"
1779559015676,1779559015695,282,1779559006301,1779559015667,delta,"0,0.05"
1779559015708,1779559015729,283,1779559006301,1779559015699,delta,"0,0.05"
1779559015740,1779559015768,284,1779559006301,1779559015732,delta,"0,0.05"
1779559015772,1779559015821,285,1779559006301,1779559015764,delta,"0,0.05"
1779559015804,1779559015821,286,1779559006301,1779559015796,delta,"0,0.05"
1779559015836,1779559015856,287,1779559006301,1779559015828,delta,"0,0.05"
1779559015868,1779559015895,288,1779559006301,1779559015860,delta,"0,0.05"
1779559015901,1779559015948,289,1779559006301,1779559015893,delta,"0,0.05"
1779559015972,1779559015981,290,1779559006301,1779559015964,delta,"0,0.05"
1779559015976,1779559015981,291,1779559006301,1779559015968,delta,"0,0.05"
1779559016009,1779559016021,292,1779559006301,1779559016001,delta,"0,0.05"
1779559016048,1779559016075,293,1779559006301,1779559016040,delta,"0,0.05"
1779559016080,1779559016108,294,1779559006301,1779559016072,delta,"0,0.05"
1779559016112,1779559016147,295,1779559006301,1779559016104,delta,"0,0.05"
1779559016144,1779559016147,296,1779559006301,1779559016136,delta,"0,0.05"
1779559016176,1779559016200,297,1779559006301,1779559016168,delta,"0,0.05"
1779559016208,1779559016233,298,1779559006301,1779559016200,delta,"0,0.05"
1779559016241,1779559016272,299,1779559006301,1779559016233,delta,"0,0.05"
1779559016273,1779559016325,300,1779559006301,1779559016265,delta,"0,0.05"
1779559016305,1779559016325,301,1779559006301,1779559016297,delta,"0,0.05"
1779559016337,1779559016359,302,1779559006301,1779559016329,delta,"0,0.05"
1779559016370,1779559016398,303,1779559006301,1779559016361,delta,"0,0.05"
1779559016402,1779559016451,304,1779559006301,1779559016394,delta,"0,0.05"
1779559016472,1779559016484,305,1779559006301,1779559016464,delta,"0,0.05"
1779559016477,1779559016485,306,1779559006301,1779559016469,delta,"0,0.05"
1779559016511,1779559016525,307,1779559006301,1779559016501,delta,"0,0.05"
1779559016551,1779559016578,308,1779559006301,1779559016543,delta,"0,0.05"
1779559016581,1779559016611,309,1779559006301,1779559016573,delta,"0,0.05"
1779559016613,1779559016650,310,1779559006301,1779559016605,delta,"0,0.05"
1779559016646,1779559016650,311,1779559006301,1779559016637,delta,"0,0.05"
1779559016679,1779559016703,312,1779559006301,1779559016671,delta,"0,0.05"
1779559016710,1779559016736,313,1779559006301,1779559016702,delta,"0,0.05"
1779559016742,1779559016775,314,1779559006301,1779559016734,delta,"0,0.05"
1779559016775,1779559016775,315,1779559006301,1779559016766,delta,"0,0.05"
1779559016807,1779559016828,316,1779559006301,1779559016799,delta,"0,0.05"
1779559016839,1779559016861,317,1779559006301,1779559016830,delta,"0,0.05"
1779559016871,1779559016899,318,1779559006301,1779559016863,delta,"0,0.05"
1779559016904,1779559016952,319,1779559006301,1779559016895,delta,"0,0.05"
1779559016936,1779559016952,320,1779559006301,1779559016928,delta,"0,0.05"
1779559016976,1779559016985,321,1779559006301,1779559016967,delta,"0,0.05"
1779559017007,1779559017027,322,1779559006301,1779559016999,delta,"0,0.05"
1779559017047,1779559017079,323,1779559006301,1779559017039,delta,"0,0.05"
1779559017078,1779559017079,324,1779559006301,1779559017070,delta,"0,0.05"
1779559017111,1779559017112,325,1779559006301,1779559017102,delta,"0,0.05"
1779559017142,1779559017151,326,1779559006301,1779559017134,delta,"0,0.05"
1779559017174,1779559017204,327,1779559006301,1779559017166,delta,"0,0.05"
1779559017206,1779559017237,328,1779559006301,1779559017198,delta,"0,0.05"
1779559017238,1779559017277,329,1779559006301,1779559017230,delta,"0,0.05"
1779559017271,1779559017277,330,1779559006301,1779559017262,delta,"0,0.05"
1779559017303,1779559017330,331,1779559006301,1779559017295,delta,"0,0.05"
1779559017335,1779559017364,332,1779559006301,1779559017327,delta,"0,0.05"
1779559017367,1779559017403,333,1779559006301,1779559017359,delta,"0,0.05"
1779559017399,1779559017403,334,1779559006301,1779559017391,delta,"0,0.05"
1779559017432,1779559017456,335,1779559006301,1779559017424,delta,"0,0.05"
1779559017464,1779559017489,336,1779559006301,1779559017456,delta,"0,0.05"
1779559017505,1779559017529,337,1779559006301,1779559017497,delta,"0,0.05"
1779559017536,1779559017582,338,1779559006301,1779559017527,delta,"0,0.05"
1779559017576,1779559017582,339,1779559006301,1779559017567,delta,"0,0.05"
1779559017606,1779559017616,340,1779559006301,1779559017598,delta,"0,0.05"
1779559017639,1779559017656,341,1779559006301,1779559017630,delta,"0,0.05"
1779559017671,1779559017709,342,1779559006301,1779559017663,delta,"0,0.05"
1779559017703,1779559017709,343,1779559006301,1779559017695,delta,"0,0.05"
1779559017735,1779559017743,344,1779559006301,1779559017726,delta,"0,0.05"
1779559017767,1779559017782,345,1779559006301,1779559017759,delta,"0,0.05"
1779559017799,1779559017835,346,1779559006301,1779559017791,delta,"0,0.05"
1779559017831,1779559017835,347,1779559006301,1779559017823,delta,"0,0.05"
1779559017863,1779559017869,348,1779559006301,1779559017855,delta,"0,0.05"
1779559017896,1779559017910,349,1779559006301,1779559017887,delta,"0,0.05"
1779559017927,1779559017963,350,1779559006301,1779559017919,delta,"0,0.05"
1779559017960,1779559017963,351,1779559006301,1779559017952,delta,"0,0.05"
1779559017992,1779559017998,352,1779559006301,1779559017984,delta,"0,0.05"
1779559018033,1779559018040,353,1779559006301,1779559018024,delta,"0,0.05"
1779559018063,1779559018093,354,1779559006301,1779559018055,delta,"0,0.05"
1779559018098,1779559018127,355,1779559006301,1779559018090,delta,"0,0.05"
1779559018137,1779559018168,356,1779559006301,1779559018128,delta,"0,0.05"
1779559018167,1779559018169,357,1779559006301,1779559018159,delta,"0,0.05"
1779559018199,1779559018222,358,1779559006301,1779559018191,delta,"0,0.05"
1779559018231,1779559018255,359,1779559006301,1779559018223,delta,"0,0.05"
1779559018263,1779559018294,360,1779559006301,1779559018255,delta,"0,0.05"
1779559018295,1779559018346,361,1779559006301,1779559018287,delta,"0,0.05"
1779559018328,1779559018346,362,1779559006301,1779559018319,delta,"0,0.05"
1779559018360,1779559018379,363,1779559006301,1779559018351,delta,"0,0.05"
1779559018392,1779559018418,364,1779559006301,1779559018384,delta,"0,0.05"
1779559018423,1779559018471,365,1779559006301,1779559018415,delta,"0,0.05"
1779559018456,1779559018471,366,1779559006301,1779559018447,delta,"0,0.05"
1779559018488,1779559018505,367,1779559006301,1779559018480,delta,"0,0.05"
1779559018530,1779559018544,368,1779559006301,1779559018521,delta,"0,0.05"
1779559018560,1779559018596,369,1779559006301,1779559018552,delta,"0,0.05"
1779559018593,1779559018596,370,1779559006301,1779559018585,delta,"0,0.05"
1779559018633,1779559018669,371,1779559006301,1779559018625,delta,"0,0.05"
1779559018664,1779559018669,372,1779559006301,1779559018656,delta,"0,0.05"
1779559018696,1779559018721,373,1779559006301,1779559018688,delta,"0,0.05"
1779559018728,1779559018754,374,1779559006301,1779559018720,delta,"0,0.05"
1779559018761,1779559018794,375,1779559006301,1779559018753,delta,"0,0.05"
1779559018793,1779559018794,376,1779559006301,1779559018784,delta,"0,0.05"
1779559018825,1779559018847,377,1779559006301,1779559018816,delta,"0,0.05"
1779559018857,1779559018880,378,1779559006301,1779559018848,delta,"0,0.05"
1779559018890,1779559018919,379,1779559006301,1779559018882,delta,"0,0.05"
1779559018921,1779559018974,380,1779559006301,1779559018913,delta,"0,0.05"
1779559018953,1779559018974,381,1779559006301,1779559018945,delta,"0,0.05"
1779559018986,1779559019008,382,1779559006301,1779559018977,delta,"0,0.05"
1779559019057,1779559019100,383,1779559006301,1779559019048,delta,"0,0.05"
1779559019060,1779559019100,384,1779559006301,1779559019052,delta,"0,0.05"
1779559019093,1779559019100,385,1779559006301,1779559019084,delta,"0,0.05"
1779559019132,1779559019134,386,1779559006301,1779559019124,delta,"0,0.05"
1779559019163,1779559019173,387,1779559006301,1779559019155,delta,"0,0.05"
1779559019195,1779559019225,388,1779559006301,1779559019187,delta,"0,0.05"
1779559019227,1779559019259,389,1779559006301,1779559019219,delta,"0,0.05"
1779559019260,1779559019297,390,1779559006301,1779559019251,delta,"0,0.05"
1779559019292,1779559019297,391,1779559006301,1779559019284,delta,"0,0.05"
1779559019324,1779559019349,392,1779559006301,1779559019315,delta,"0,0.05"
1779559019356,1779559019383,393,1779559006301,1779559019347,delta,"0,0.05"
1779559019388,1779559019422,394,1779559006301,1779559019379,delta,"0,0.05"
1779559019420,1779559019422,395,1779559006301,1779559019412,delta,"0,0.05"
1779559019452,1779559019474,396,1779559006301,1779559019443,delta,"0,0.05"
1779559019484,1779559019508,397,1779559006301,1779559019476,delta,"0,0.05"
1779559019555,1779559019600,398,1779559006301,1779559019547,delta,"0,0.05"
1779559019558,1779559019600,399,1779559006301,1779559019550,delta,"0,0.05"
1779559019590,1779559019600,400,1779559006301,1779559019582,delta,"0,0.05"
1779559019631,1779559019633,401,1779559006301,1779559019623,delta,"0,0.05"
1779559019662,1779559019674,402,1779559006301,1779559019653,delta,"0,0.05"
1779559019694,1779559019726,403,1779559006301,1779559019685,delta,"0,0.05"
1779559019726,1779559019727,404,1779559006301,1779559019718,delta,"0,0.05"
1779559019758,1779559019759,405,1779559006301,1779559019749,delta,"0,0.05"
1779559019790,1779559019798,406,1779559006301,1779559019782,delta,"0,0.05"
1779559019824,1779559019851,407,1779559006301,1779559019815,delta,"0,0.05"
1779559019854,1779559019884,408,1779559006301,1779559019846,delta,"0,0.05"
1779559019886,1779559019923,409,1779559006301,1779559019878,delta,"0,0.05"
1779559019918,1779559019923,410,1779559006301,1779559019910,delta,"0,0.05"
1779559019951,1779559019975,411,1779559006301,1779559019942,delta,"0,0.05"
1779559019982,1779559020009,412,1779559006301,1779559019974,delta,"0,0.05"
1779559020016,1779559020048,413,1779559006301,1779559020007,delta,"0,0.05"
1779559020049,1779559020101,414,1779559006301,1779559020040,delta,"0,0.05"
1779559020089,1779559020101,415,1779559006301,1779559020081,delta,"0,0.05"
1779559020159,1779559020176,416,1779559006301,1779559020150,delta,"0,0.05"
1779559020163,1779559020176,417,1779559006301,1779559020155,delta,"0,0.05"
1779559020194,1779559020230,418,1779559006301,1779559020186,delta,"0,0.05"
1779559020227,1779559020230,419,1779559006301,1779559020218,delta,"0,0.05"
1779559020259,1779559020266,420,1779559006301,1779559020250,delta,"0,0.05"
1779559020291,1779559020307,421,1779559006301,1779559020283,delta,"0,0.05"
1779559020323,1779559020358,422,1779559006301,1779559020315,delta,"0,0.05"
1779559020355,1779559020359,423,1779559006301,1779559020347,delta,"0,0.05"
1779559020388,1779559020393,424,1779559006301,1779559020379,delta,"0,0.05"
1779559020420,1779559020433,425,1779559006301,1779559020411,delta,"0,0.05"
1779559020451,1779559020486,426,1779559006301,1779559020443,delta,"0,0.05"
1779559020484,1779559020486,427,1779559006301,1779559020475,delta,"0,0.05"
1779559020516,1779559020519,428,1779559006301,1779559020508,delta,"0,0.05"
1779559020549,1779559020558,429,1779559006301,1779559020541,delta,"0,0.05"
1779559020592,1779559020611,430,1779559006301,1779559020584,delta,"0,0.05"
1779559020624,1779559020645,431,1779559006301,1779559020616,delta,"0,0.05"
1779559020663,1779559020685,432,1779559006301,1779559020655,delta,"0,0.05"
1779559020694,1779559020737,433,1779559006301,1779559020686,delta,"0,0.05"
1779559020726,1779559020737,434,1779559006301,1779559020718,delta,"0,0.05"
1779559020759,1779559020770,435,1779559006301,1779559020750,delta,"0,0.05"
1779559020791,1779559020810,436,1779559006301,1779559020783,delta,"0,0.05"
1779559020823,1779559020862,437,1779559006301,1779559020814,delta,"0,0.05"
1779559020855,1779559020863,438,1779559006301,1779559020846,delta,"0,0.05"
1779559020887,1779559020896,439,1779559006301,1779559020879,delta,"0,0.05"
1779559020919,1779559020935,440,1779559006301,1779559020911,delta,"0,0.05"
1779559020951,1779559020988,441,1779559006301,1779559020943,delta,"0,0.05"
1779559020983,1779559020988,442,1779559006301,1779559020974,delta,"0,0.05"
1779559021015,1779559021022,443,1779559006301,1779559021007,delta,"0,0.05"
1779559021048,1779559021061,444,1779559006301,1779559021039,delta,"0,0.05"
1779559021089,1779559021115,445,1779559006301,1779559021080,delta,"0,0.05"
1779559021119,1779559021150,446,1779559006301,1779559021111,delta,"0,0.05"
1779559021153,1779559021190,447,1779559006301,1779559021144,delta,"0,0.05"
1779559021193,1779559021243,448,1779559006301,1779559021184,delta,"0,0.05"
1779559021223,1779559021243,449,1779559006301,1779559021215,delta,"0,0.05"
1779559021255,1779559021278,450,1779559006301,1779559021247,delta,"0,0.05"
1779559021287,1779559021316,451,1779559006301,1779559021279,delta,"0,0.05"
1779559021320,1779559021369,452,1779559006301,1779559021311,delta,"0,0.05"
1779559021352,1779559021369,453,1779559006301,1779559021343,delta,"0,0.05"
1779559021384,1779559021403,454,1779559006301,1779559021376,delta,"0,0.05"
1779559021416,1779559021442,455,1779559006301,1779559021407,delta,"0,0.05"
1779559021448,1779559021495,456,1779559006301,1779559021440,delta,"0,0.05"
1779559021480,1779559021495,457,1779559006301,1779559021472,delta,"0,0.05"
1779559021512,1779559021528,458,1779559006301,1779559021504,delta,"0,0.05"
1779559021544,1779559021567,459,1779559006301,1779559021536,delta,"0,0.05"
1779559021617,1779559021620,460,1779559006301,1779559021608,delta,"0,0.05"
1779559021621,1779559021655,461,1779559006301,1779559021613,delta,"0,0.05"
1779559021652,1779559021655,462,1779559006301,1779559021644,delta,"0,0.05"
1779559021693,1779559021696,463,1779559006301,1779559021684,delta,"0,0.05"
1779559021723,1779559021749,464,1779559006301,1779559021715,delta,"0,0.05"
1779559021756,1779559021782,465,1779559006301,1779559021747,delta,"0,0.05"
1779559021788,1779559021821,466,1779559006301,1779559021779,delta,"0,0.05"
1779559021821,1779559021821,467,1779559006301,1779559021812,delta,"0,0.05"
1779559021852,1779559021873,468,1779559006301,1779559021844,delta,"0,0.05"
1779559021884,1779559021907,469,1779559006301,1779559021876,delta,"0,0.05"
1779559021916,1779559021946,470,1779559006301,1779559021908,delta,"0,0.05"
1779559021948,1779559021998,471,1779559006301,1779559021940,delta,"0,0.05"
1779559021980,1779559021998,472,1779559006301,1779559021972,delta,"0,0.05"
1779559022012,1779559022032,473,1779559006301,1779559022004,delta,"0,0.05"
1779559022045,1779559022071,474,1779559006301,1779559022037,delta,"0,0.05"
1779559022116,1779559022124,475,1779559006301,1779559022108,delta,"0,0.05"
1779559022120,1779559022124,476,1779559006301,1779559022112,delta,"0,0.05"
1779559022156,1779559022158,477,1779559006301,1779559022148,delta,"0,0.05"
1779559022197,1779559022198,478,1779559006301,1779559022188,delta,"0,0.05"
1779559022230,1779559022250,479,1779559006301,1779559022222,delta,"0,0.05"
1779559022268,1779559022284,480,1779559006301,1779559022259,delta,"0,0.05"
1779559022304,1779559022323,481,1779559006301,1779559022296,delta,"0,0.05"
1779559022339,1779559022376,482,1779559006301,1779559022331,delta,"0,0.05"
1779559022372,1779559022376,483,1779559006301,1779559022364,delta,"0,0.05"
1779559022405,1779559022409,484,1779559006301,1779559022396,delta,"0,0.05"
1779559022436,1779559022448,485,1779559006301,1779559022428,delta,"0,0.05"
1779559022469,1779559022502,486,1779559006301,1779559022460,delta,"0,0.05"
1779559022501,1779559022502,487,1779559006301,1779559022492,delta,"0,0.05"
1779559022533,1779559022535,488,1779559006301,1779559022524,delta,"0,0.05"
1779559022565,1779559022574,489,1779559006301,1779559022557,delta,"0,0.05"
1779559022606,1779559022627,490,1779559006301,1779559022597,delta,"0,0.05"
1779559022674,1779559022700,491,1779559006301,1779559022666,delta,"0,0.05"
1779559022678,1779559022701,492,1779559006301,1779559022669,delta,"0,0.05"
1779559022709,1779559022753,493,1779559006301,1779559022701,delta,"0,0.05"
1779559022742,1779559022753,494,1779559006301,1779559022733,delta,"0,0.05"
1779559022774,1779559022788,495,1779559006301,1779559022765,delta,"0,0.05"
1779559022806,1779559022827,496,1779559006301,1779559022797,delta,"0,0.05"
1779559022838,1779559022880,497,1779559006301,1779559022829,delta,"0,0.05"
1779559022870,1779559022880,498,1779559006301,1779559022862,delta,"0,0.05"
1779559022902,1779559022914,499,1779559006301,1779559022893,delta,"0,0.05"
1779559022934,1779559022954,500,1779559006301,1779559022925,delta,"0,0.05"
1779559022966,1779559023007,501,1779559006301,1779559022957,delta,"0,0.05"
1779559022999,1779559023007,502,1779559006301,1779559022990,delta,"0,0.05"
1779559023030,1779559023040,503,1779559006301,1779559023022,delta,"0,0.05"
1779559023063,1779559023079,504,1779559006301,1779559023055,delta,"0,0.05"
1779559023095,1779559023132,505,1779559006301,1779559023087,delta,"0,0.05"
1779559023135,1779559023165,506,1779559006301,1779559023127,delta,"0,0.05"
1779559023167,1779559023205,507,1779559006301,1779559023159,delta,"0,0.05"
1779559023207,1779559023258,508,1779559006301,1779559023199,delta,"0,0.05"
1779559023238,1779559023258,509,1779559006301,1779559023230,delta,"0,0.05"
1779559023270,1779559023292,510,1779559006301,1779559023262,delta,"0,0.05"
1779559023302,1779559023332,511,1779559006301,1779559023294,delta,"0,0.05"
1779559023334,1779559023385,512,1779559006301,1779559023326,delta,"0,0.05"
1779559023367,1779559023385,513,1779559006301,1779559023358,delta,"0,0.05"
1779559023398,1779559023419,514,1779559006301,1779559023390,delta,"0,0.05"
1779559023431,1779559023458,515,1779559006301,1779559023422,delta,"0,0.05"
1779559023463,1779559023511,516,1779559006301,1779559023455,delta,"0,0.05"
1779559023495,1779559023511,517,1779559006301,1779559023486,delta,"0,0.05"
1779559023527,1779559023544,518,1779559006301,1779559023519,delta,"0,0.05"
1779559023559,1779559023583,519,1779559006301,1779559023551,delta,"0,0.05"
1779559023592,1779559023636,520,1779559006301,1779559023583,delta,"0,0.05"
1779559023662,1779559023669,521,1779559006301,1779559023654,delta,"0,0.05"
1779559023666,1779559023669,522,1779559006301,1779559023658,delta,"0,0.05"
1779559023698,1779559023709,523,1779559006301,1779559023690,delta,"0,0.05"
1779559023739,1779559023761,524,1779559006301,1779559023731,delta,"0,0.05"
1779559023769,1779559023795,525,1779559006301,1779559023761,delta,"0,0.05"
1779559023802,1779559023834,526,1779559006301,1779559023793,delta,"0,0.05"
1779559023834,1779559023834,527,1779559006301,1779559023825,delta,"0,0.05"
1779559023867,1779559023887,528,1779559006301,1779559023858,delta,"0,0.05"
1779559023898,1779559023921,529,1779559006301,1779559023890,delta,"0,0.05"
1779559023930,1779559023961,530,1779559006301,1779559023922,delta,"0,0.05"
1779559023962,1779559024014,531,1779559006301,1779559023954,delta,"0,0.05"
1779559023994,1779559024014,532,1779559006301,1779559023986,delta,"0,0.05"
1779559024026,1779559024047,533,1779559006301,1779559024018,delta,"0,0.05"
1779559024058,1779559024086,534,1779559006301,1779559024050,delta,"0,0.05"
1779559024091,1779559024139,535,1779559006301,1779559024083,delta,"0,0.05"
1779559024163,1779559024174,536,1779559006301,1779559024155,delta,"0,0.05"
1779559024167,1779559024174,537,1779559006301,1779559024159,delta,"0,0.05"
1779559024200,1779559024215,538,1779559006301,1779559024192,delta,"0,0.05"
1779559024240,1779559024268,539,1779559006301,1779559024232,delta,"0,0.05"
1779559024270,1779559024302,540,1779559006301,1779559024262,delta,"0,0.05"
1779559024303,1779559024342,541,1779559006301,1779559024294,delta,"0,0.05"
1779559024335,1779559024342,542,1779559006301,1779559024326,delta,"0,0.05"
1779559024368,1779559024396,543,1779559006301,1779559024359,delta,"0,0.05"
1779559024399,1779559024429,544,1779559006301,1779559024391,delta,"0,0.05"
1779559024431,1779559024469,545,1779559006301,1779559024423,delta,"0,0.05"
1779559024463,1779559024469,546,1779559006301,1779559024455,delta,"0,0.05"
1779559024496,1779559024522,547,1779559006301,1779559024487,delta,"0,0.05"
1779559024528,1779559024555,548,1779559006301,1779559024520,delta,"0,0.05"
1779559024560,1779559024599,549,1779559006301,1779559024552,delta,"0,0.05"
1779559024592,1779559024599,550,1779559006301,1779559024584,delta,"0,0.05"
1779559024625,1779559024650,551,1779559006301,1779559024617,delta,"0,0.05"
1779559024658,1779559024683,552,1779559006301,1779559024650,delta,"0,0.05"
1779559024699,1779559024723,553,1779559006301,1779559024691,delta,"0,0.05"
1779559024768,1779559024775,554,1779559006301,1779559024760,delta,"0,0.05"
1779559024772,1779559024775,555,1779559006301,1779559024763,delta,"0,0.05"
1779559024803,1779559024809,556,1779559006301,1779559024795,delta,"0,0.05"
1779559024835,1779559024848,557,1779559006301,1779559024827,delta,"0,0.05"
1779559024868,1779559024900,558,1779559006301,1779559024859,delta,"0,0.05"
1779559024900,1779559024900,559,1779559006301,1779559024891,delta,"0,0.05"
1779559024932,1779559024934,560,1779559006301,1779559024924,delta,"0,0.05"
1779559024965,1779559024973,561,1779559006301,1779559024957,delta,"0,0.05"
1779559024996,1779559025026,562,1779559006301,1779559024988,delta,"0,0.05"
1779559025028,1779559025060,563,1779559006301,1779559025020,delta,"0,0.05"
1779559025061,1779559025099,564,1779559006301,1779559025052,delta,"0,0.05"
1779559025092,1779559025099,565,1779559006301,1779559025084,delta,"0,0.05"
1779559025125,1779559025152,566,1779559006301,1779559025117,delta,"0,0.05"
1779559025166,1779559025185,567,1779559006301,1779559025157,delta,"0,0.05"
1779559025234,1779559025278,568,1779559006301,1779559025226,delta,"0,0.05"
1779559025238,1779559025278,569,1779559006301,1779559025230,delta,"0,0.05"
1779559025270,1779559025278,570,1779559006301,1779559025262,delta,"0,0.05"
1779559025302,1779559025315,571,1779559006301,1779559025294,delta,"0,0.05"
1779559025334,1779559025354,572,1779559006301,1779559025326,delta,"0,0.05"
1779559025366,1779559025407,573,1779559006301,1779559025358,delta,"0,0.05"
1779559025399,1779559025407,574,1779559006301,1779559025390,delta,"0,0.05"
1779559025431,1779559025441,575,1779559006301,1779559025423,delta,"0,0.05"
1779559025463,1779559025480,576,1779559006301,1779559025454,delta,"0,0.05"
1779559025495,1779559025533,577,1779559006301,1779559025486,delta,"0,0.05"
1779559025527,1779559025533,578,1779559006301,1779559025519,delta,"0,0.05"
1779559025559,1779559025566,579,1779559006301,1779559025551,delta,"0,0.05"
1779559025591,1779559025606,580,1779559006301,1779559025583,delta,"0,0.05"
1779559025623,1779559025659,581,1779559006301,1779559025615,delta,"0,0.05"
1779559025656,1779559025659,582,1779559006301,1779559025647,delta,"0,0.05"
1779559025696,1779559025732,583,1779559006301,1779559025688,delta,"0,0.05"
1779559025728,1779559025733,584,1779559006301,1779559025719,delta,"0,0.05"
1779559025761,1779559025786,585,1779559006301,1779559025753,delta,"0,0.05"
1779559025801,1779559025820,586,1779559006301,1779559025793,delta,"0,0.05"
1779559025832,1779559025859,587,1779559006301,1779559025824,delta,"0,0.05"
1779559025864,1779559025912,588,1779559006301,1779559025856,delta,"0,0.05"
1779559025897,1779559025912,589,1779559006301,1779559025888,delta,"0,0.05"
1779559025929,1779559025946,590,1779559006301,1779559025920,delta,"0,0.05"
1779559025961,1779559025985,591,1779559006301,1779559025953,delta,"0,0.05"
1779559025993,1779559026039,592,1779559006301,1779559025984,delta,"0,0.05"
1779559026025,1779559026039,593,1779559006301,1779559026016,delta,"0,0.05"
1779559026057,1779559026076,594,1779559006301,1779559026049,delta,"0,0.05"
1779559026089,1779559026115,595,1779559006301,1779559026081,delta,"0,0.05"
1779559026121,1779559026168,596,1779559006301,1779559026113,delta,"0,0.05"
1779559026154,1779559026168,597,1779559006301,1779559026145,delta,"0,0.05"
1779559026225,1779559026241,598,1779559006301,1779559026217,delta,"0,0.05"
1779559026230,1779559026241,599,1779559006301,1779559026221,delta,"0,0.05"
1779559026262,1779559026294,600,1779559006301,1779559026254,delta,"0,0.05"
1779559026303,1779559026328,601,1779559006301,1779559026295,delta,"0,0.05"
1779559026334,1779559026368,602,1779559006301,1779559026325,delta,"0,0.05"
1779559026366,1779559026368,603,1779559006301,1779559026357,delta,"0,0.05"
1779559026398,1779559026421,604,1779559006301,1779559026389,delta,"0,0.05"
1779559026430,1779559026456,605,1779559006301,1779559026422,delta,"0,0.05"
1779559026462,1779559026494,606,1779559006301,1779559026454,delta,"0,0.05"
1779559026494,1779559026495,607,1779559006301,1779559026485,delta,"0,0.05"
1779559026526,1779559026547,608,1779559006301,1779559026518,delta,"0,0.05"
1779559026559,1779559026580,609,1779559006301,1779559026551,delta,"0,0.05"
1779559026590,1779559026620,610,1779559006301,1779559026582,delta,"0,0.05"
1779559026622,1779559026673,611,1779559006301,1779559026614,delta,"0,0.05"
1779559026655,1779559026673,612,1779559006301,1779559026646,delta,"0,0.05"
1779559026725,1779559026745,613,1779559006301,1779559026717,delta,"0,0.05"
1779559026729,1779559026746,614,1779559006301,1779559026721,delta,"0,0.05"
1779559026762,1779559026798,615,1779559006301,1779559026754,delta,"0,0.05"
1779559026804,1779559026831,616,1779559006301,1779559026796,delta,"0,0.05"
1779559026833,1779559026871,617,1779559006301,1779559026825,delta,"0,0.05"
1779559026865,1779559026871,618,1779559006301,1779559026857,delta,"0,0.05"
1779559026897,1779559026923,619,1779559006301,1779559026889,delta,"0,0.05"
1779559026930,1779559026957,620,1779559006301,1779559026922,delta,"0,0.05"
1779559026961,1779559026995,621,1779559006301,1779559026953,delta,"0,0.05"
1779559026994,1779559026995,622,1779559006301,1779559026986,delta,"0,0.05"
1779559027026,1779559027047,623,1779559006301,1779559027017,delta,"0,0.05"
1779559027058,1779559027081,624,1779559006301,1779559027049,delta,"0,0.05"
1779559027090,1779559027120,625,1779559006301,1779559027082,delta,"0,0.05"
1779559027122,1779559027173,626,1779559006301,1779559027113,delta,"0,0.05"
1779559027154,1779559027173,627,1779559006301,1779559027146,delta,"0,0.05"
1779559027187,1779559027207,628,1779559006301,1779559027179,delta,"0,0.05"
1779559027228,1779559027246,629,1779559006301,1779559027219,delta,"0,0.05"
1779559027259,1779559027300,630,1779559006301,1779559027250,delta,"0,0.05"
1779559027300,1779559027333,631,1779559006301,1779559027292,delta,"0,0.05"
1779559027330,1779559027333,632,1779559006301,1779559027322,delta,"0,0.05"
1779559027362,1779559027373,633,1779559006301,1779559027354,delta,"0,0.05"
1779559027394,1779559027425,634,1779559006301,1779559027386,delta,"0,0.05"
1779559027426,1779559027459,635,1779559006301,1779559027418,delta,"0,0.05"
1779559027459,1779559027459,636,1779559006301,1779559027450,delta,"0,0.05"
1779559027491,1779559027498,637,1779559006301,1779559027482,delta,"0,0.05"
1779559027523,1779559027550,638,1779559006301,1779559027514,delta,"0,0.05"
1779559027555,1779559027584,639,1779559006301,1779559027546,delta,"0,0.05"
1779559027587,1779559027624,640,1779559006301,1779559027579,delta,"0,0.05"
1779559027620,1779559027624,641,1779559006301,1779559027611,delta,"0,0.05"
1779559027651,1779559027676,642,1779559006301,1779559027643,delta,"0,0.05"
1779559027684,1779559027710,643,1779559006301,1779559027675,delta,"0,0.05"
1779559027717,1779559027750,644,1779559006301,1779559027708,delta,"0,0.05"
1779559027758,1779559027803,645,1779559006301,1779559027749,delta,"0,0.05"
1779559027789,1779559027803,646,1779559006301,1779559027780,delta,"0,0.05"
1779559027821,1779559027837,647,1779559006301,1779559027812,delta,"0,0.05"
1779559027852,1779559027876,648,1779559006301,1779559027844,delta,"0,0.05"
1779559027885,1779559027929,649,1779559006301,1779559027876,delta,"0,0.05"
1779559027918,1779559027929,650,1779559006301,1779559027908,delta,"0,0.05"
1779559027950,1779559027963,651,1779559006301,1779559027941,delta,"0,0.05"
1779559027981,1779559028003,652,1779559006301,1779559027973,delta,"0,0.05"
1779559028013,1779559028056,653,1779559006301,1779559028005,delta,"0,0.05"
1779559028046,1779559028056,654,1779559006301,1779559028037,delta,"0,0.05"
1779559028077,1779559028089,655,1779559006301,1779559028069,delta,"0,0.05"
1779559028110,1779559028130,656,1779559006301,1779559028102,delta,"0,0.05"
1779559028142,1779559028182,657,1779559006301,1779559028133,delta,"0,0.05"
1779559028174,1779559028182,658,1779559006301,1779559028166,delta,"0,0.05"
1779559028206,1779559028216,659,1779559006301,1779559028198,delta,"0,0.05"
1779559028240,1779559028255,660,1779559006301,1779559028231,delta,"0,0.05"
1779559028282,1779559028308,661,1779559006301,1779559028274,delta,"0,0.05"
1779559028313,1779559028341,662,1779559006301,1779559028305,delta,"0,0.05"
1779559028353,1779559028384,663,1779559006301,1779559028345,delta,"0,0.05"
1779559028384,1779559028384,664,1779559006301,1779559028376,delta,"0,0.05"
1779559028417,1779559028435,665,1779559006301,1779559028408,delta,"0,0.05"
1779559028449,1779559028470,666,1779559006301,1779559028440,delta,"0,0.05"
1779559028480,1779559028510,667,1779559006301,1779559028472,delta,"0,0.05"
1779559028512,1779559028563,668,1779559006301,1779559028504,delta,"0,0.05"
1779559028545,1779559028563,669,1779559006301,1779559028536,delta,"0,0.05"
1779559028576,1779559028598,670,1779559006301,1779559028568,delta,"0,0.05"
1779559028609,1779559028638,671,1779559006301,1779559028601,delta,"0,0.05"
1779559028641,1779559028690,672,1779559006301,1779559028633,delta,"0,0.05"
1779559028673,1779559028690,673,1779559006301,1779559028665,delta,"0,0.05"
1779559028706,1779559028724,674,1779559006301,1779559028697,delta,"0,0.05"
1779559028738,1779559028764,675,1779559006301,1779559028730,delta,"0,0.05"
1779559028780,1779559028818,676,1779559006301,1779559028772,delta,"0,0.05"
1779559028811,1779559028818,677,1779559006301,1779559028803,delta,"0,0.05"
1779559028845,1779559028851,678,1779559006301,1779559028836,delta,"0,0.05"
1779559028885,1779559028893,679,1779559006301,1779559028877,delta,"0,0.05"
1779559028916,1779559028944,680,1779559006301,1779559028907,delta,"0,0.05"
1779559028948,1779559028978,681,1779559006301,1779559028939,delta,"0,0.05"
1779559028980,1779559029018,682,1779559006301,1779559028972,delta,"0,0.05"
1779559029012,1779559029018,683,1779559006301,1779559029003,delta,"0,0.05"
1779559029044,1779559029072,684,1779559006301,1779559029036,delta,"0,0.05"
1779559029076,1779559029106,685,1779559006301,1779559029068,delta,"0,0.05"
1779559029109,1779559029146,686,1779559006301,1779559029100,delta,"0,0.05"
1779559029141,1779559029146,687,1779559006301,1779559029132,delta,"0,0.05"
1779559029172,1779559029198,688,1779559006301,1779559029164,delta,"0,0.05"
1779559029205,1779559029232,689,1779559006301,1779559029196,delta,"0,0.05"
1779559029237,1779559029273,690,1779559006301,1779559029229,delta,"0,0.05"
1779559029278,1779559029327,691,1779559006301,1779559029269,delta,"0,0.05"
1779559029309,1779559029327,692,1779559006301,1779559029301,delta,"0,0.05"
1779559029351,1779559029362,693,1779559006301,1779559029342,delta,"0,0.05"
1779559029382,1779559029402,694,1779559006301,1779559029373,delta,"0,0.05"
1779559029413,1779559029454,695,1779559006301,1779559029405,delta,"0,0.05"
1779559029446,1779559029455,696,1779559006301,1779559029437,delta,"0,0.05"
1779559029478,1779559029488,697,1779559006301,1779559029469,delta,"0,0.05"
1779559029510,1779559029527,698,1779559006301,1779559029502,delta,"0,0.05"
1779559029542,1779559029580,699,1779559006301,1779559029534,delta,"0,0.05"
1779559029574,1779559029580,700,1779559006301,1779559029566,delta,"0,0.05"
1779559029606,1779559029614,701,1779559006301,1779559029598,delta,"0,0.05"
1779559029638,1779559029656,702,1779559006301,1779559029630,delta,"0,0.05"
1779559029670,1779559029709,703,1779559006301,1779559029662,delta,"0,0.05"
1779559029702,1779559029709,704,1779559006301,1779559029694,delta,"0,0.05"
1779559029735,1779559029742,705,1779559006301,1779559029726,delta,"0,0.05"
1779559029776,1779559029781,706,1779559006301,1779559029767,delta,"0,0.05"
1779559029807,1779559029833,707,1779559006301,1779559029799,delta,"0,0.05"
1779559029848,1779559029866,708,1779559006301,1779559029839,delta,"0,0.05"
1779559029878,1779559029906,709,1779559006301,1779559029870,delta,"0,0.05"
1779559029911,1779559029959,710,1779559006301,1779559029902,delta,"0,0.05"
1779559029943,1779559029959,711,1779559006301,1779559029934,delta,"0,0.05"
1779559029975,1779559029992,712,1779559006301,1779559029966,delta,"0,0.05"
1779559030007,1779559030031,713,1779559006301,1779559029999,delta,"0,0.05"
1779559030039,1779559030084,714,1779559006301,1779559030031,delta,"0,0.05"
1779559030071,1779559030084,715,1779559006301,1779559030063,delta,"0,0.05"
1779559030103,1779559030117,716,1779559006301,1779559030095,delta,"0,0.05"
1779559030135,1779559030156,717,1779559006301,1779559030127,delta,"0,0.05"
1779559030168,1779559030209,718,1779559006301,1779559030159,delta,"0,0.05"
1779559030200,1779559030209,719,1779559006301,1779559030191,delta,"0,0.05"
1779559030232,1779559030242,720,1779559006301,1779559030223,delta,"0,0.05"
1779559030303,1779559030334,721,1779559006301,1779559030295,delta,"0,0.05"
1779559030307,1779559030334,722,1779559006301,1779559030298,delta,"0,0.05"
1779559030338,1779559030368,723,1779559006301,1779559030330,delta,"0,0.05"
1779559030378,1779559030407,724,1779559006301,1779559030370,delta,"0,0.05"
1779559030409,1779559030459,725,1779559006301,1779559030401,delta,"0,0.05"
1779559030441,1779559030459,726,1779559006301,1779559030433,delta,"0,0.05"
1779559030473,1779559030493,727,1779559006301,1779559030465,delta,"0,0.05"
1779559030506,1779559030533,728,1779559006301,1779559030497,delta,"0,0.05"
1779559030537,1779559030585,729,1779559006301,1779559030529,delta,"0,0.05"
1779559030570,1779559030585,730,1779559006301,1779559030561,delta,"0,0.05"
1779559030602,1779559030619,731,1779559006301,1779559030593,delta,"0,0.05"
1779559030633,1779559030658,732,1779559006301,1779559030625,delta,"0,0.05"
1779559030665,1779559030711,733,1779559006301,1779559030657,delta,"0,0.05"
1779559030698,1779559030711,734,1779559006301,1779559030689,delta,"0,0.05"
1779559030730,1779559030745,735,1779559006301,1779559030721,delta,"0,0.05"
1779559030762,1779559030785,736,1779559006301,1779559030754,delta,"0,0.05"
1779559030795,1779559030838,737,1779559006301,1779559030787,delta,"0,0.05"
1779559030836,1779559030838,738,1779559006301,1779559030827,delta,"0,0.05"
1779559030905,1779559030911,739,1779559006301,1779559030897,delta,"0,0.05"
1779559030909,1779559030911,740,1779559006301,1779559030901,delta,"0,0.05"
1779559030940,1779559030964,741,1779559006301,1779559030932,delta,"0,0.05"
1779559030972,1779559030997,742,1779559006301,1779559030964,delta,"0,0.05"
1779559031005,1779559031037,743,1779559006301,1779559030997,delta,"0,0.05"
1779559031037,1779559031090,744,1779559006301,1779559031029,delta,"0,0.05"
1779559031069,1779559031090,745,1779559006301,1779559031061,delta,"0,0.05"
1779559031101,1779559031124,746,1779559006301,1779559031093,delta,"0,0.05"
1779559031133,1779559031163,747,1779559006301,1779559031125,delta,"0,0.05"
1779559031166,1779559031216,748,1779559006301,1779559031157,delta,"0,0.05"
1779559031197,1779559031216,749,1779559006301,1779559031189,delta,"0,0.05"
1779559031230,1779559031249,750,1779559006301,1779559031222,delta,"0,0.05"
1779559031262,1779559031288,751,1779559006301,1779559031253,delta,"0,0.05"
1779559031295,1779559031341,752,1779559006301,1779559031287,delta,"0,0.05"
1779559031335,1779559031341,753,1779559006301,1779559031327,delta,"0,0.05"
1779559031367,1779559031375,754,1779559006301,1779559031358,delta,"0,0.05"
1779559031407,1779559031414,755,1779559006301,1779559031398,delta,"0,0.05"
1779559031437,1779559031467,756,1779559006301,1779559031429,delta,"0,0.05"
1779559031470,1779559031500,757,1779559006301,1779559031461,delta,"0,0.05"
1779559031502,1779559031540,758,1779559006301,1779559031493,delta,"0,0.05"
1779559031533,1779559031540,759,1779559006301,1779559031525,delta,"0,0.05"
1779559031566,1779559031593,760,1779559006301,1779559031557,delta,"0,0.05"
1779559031598,1779559031626,761,1779559006301,1779559031589,delta,"0,0.05"
1779559031631,1779559031668,762,1779559006301,1779559031622,delta,"0,0.05"
1779559031662,1779559031668,763,1779559006301,1779559031654,delta,"0,0.05"
1779559031694,1779559031721,764,1779559006301,1779559031686,delta,"0,0.05"
1779559031727,1779559031756,765,1779559006301,1779559031718,delta,"0,0.05"
1779559031759,1779559031795,766,1779559006301,1779559031750,delta,"0,0.05"
1779559031791,1779559031795,767,1779559006301,1779559031783,delta,"0,0.05"
1779559031862,1779559031881,768,1779559006301,1779559031854,delta,"0,0.05"
1779559031867,1779559031881,769,1779559006301,1779559031858,delta,"0,0.05"
1779559031898,1779559031922,770,1779559006301,1779559031890,delta,"0,0.05"
1779559031940,1779559031977,771,1779559006301,1779559031931,delta,"0,0.05"
1779559031970,1779559031977,772,1779559006301,1779559031962,delta,"0,0.05"
1779559032002,1779559032010,773,1779559006301,1779559031994,delta,"0,0.05"
1779559032034,1779559032049,774,1779559006301,1779559032026,delta,"0,0.05"
1779559032067,1779559032102,775,1779559006301,1779559032058,delta,"0,0.05"
1779559032103,1779559032135,776,1779559006301,1779559032095,delta,"0,0.05"
1779559032138,1779559032174,777,1779559006301,1779559032130,delta,"0,0.05"
1779559032175,1779559032228,778,1779559006301,1779559032166,delta,"0,0.05"
1779559032210,1779559032228,779,1779559006301,1779559032202,delta,"0,0.05"
1779559032246,1779559032262,780,1779559006301,1779559032238,delta,"0,0.05"
1779559032283,1779559032301,781,1779559006301,1779559032274,delta,"0,0.05"
1779559032318,1779559032353,782,1779559006301,1779559032310,delta,"0,0.05"
1779559032359,1779559032387,783,1779559006301,1779559032351,delta,"0,0.05"
1779559032390,1779559032426,784,1779559006301,1779559032382,delta,"0,0.05"
1779559032423,1779559032426,785,1779559006301,1779559032415,delta,"0,0.05"
1779559032464,1779559032479,786,1779559006301,1779559032455,delta,"0,0.05"
1779559032495,1779559032513,787,1779559006301,1779559032486,delta,"0,0.05"
1779559032527,1779559032551,788,1779559006301,1779559032518,delta,"0,0.05"
1779559032559,1779559032605,789,1779559006301,1779559032551,delta,"0,0.05"
1779559032591,1779559032605,790,1779559006301,1779559032583,delta,"0,0.05"
1779559032623,1779559032641,791,1779559006301,1779559032615,delta,"0,0.05"
1779559032655,1779559032680,792,1779559006301,1779559032647,delta,"0,0.05"
1779559032688,1779559032733,793,1779559006301,1779559032679,delta,"0,0.05"
1779559032720,1779559032733,794,1779559006301,1779559032712,delta,"0,0.05"
1779559032753,1779559032767,795,1779559006301,1779559032744,delta,"0,0.05"
1779559032784,1779559032806,796,1779559006301,1779559032776,delta,"0,0.05"
1779559032817,1779559032859,797,1779559006301,1779559032808,delta,"0,0.05"
1779559032850,1779559032859,798,1779559006301,1779559032842,delta,"0,0.05"
1779559032891,1779559032895,799,1779559006301,1779559032882,delta,"0,0.05"
1779559032922,1779559032933,800,1779559006301,1779559032914,delta,"0,0.05"
1779559032962,1779559032985,801,1779559006301,1779559032954,delta,"0,0.05"
1779559032993,1779559033019,802,1779559006301,1779559032985,delta,"0,0.05"
1779559033025,1779559033058,803,1779559006301,1779559033017,delta,"0,0.05"
1779559033057,1779559033058,804,1779559006301,1779559033049,delta,"0,0.05"
1779559033090,1779559033111,805,1779559006301,1779559033081,delta,"0,0.05"
1779559033121,1779559033145,806,1779559006301,1779559033113,delta,"0,0.05"
1779559033154,1779559033184,807,1779559006301,1779559033145,delta,"0,0.05"
1779559033186,1779559033238,808,1779559006301,1779559033177,delta,"0,0.05"
1779559033218,1779559033238,809,1779559006301,1779559033210,delta,"0,0.05"
1779559033250,1779559033271,810,1779559006301,1779559033242,delta,"0,0.05"
1779559033282,1779559033310,811,1779559006301,1779559033274,delta,"0,0.05"
1779559033314,1779559033363,812,1779559006301,1779559033306,delta,"0,0.05"
1779559033348,1779559033363,813,1779559006301,1779559033339,delta,"0,0.05"
1779559033389,1779559033399,814,1779559006301,1779559033381,delta,"0,0.05"
1779559033420,1779559033437,815,1779559006301,1779559033412,delta,"0,0.05"
1779559033453,1779559033490,816,1779559006301,1779559033445,delta,"0,0.05"
1779559033493,1779559033523,817,1779559006301,1779559033485,delta,"0,0.05"
1779559033524,1779559033562,818,1779559006301,1779559033515,delta,"0,0.05"
1779559033556,1779559033562,819,1779559006301,1779559033547,delta,"0,0.05"
1779559033588,1779559033616,820,1779559006301,1779559033579,delta,"0,0.05"
1779559033620,1779559033650,821,1779559006301,1779559033612,delta,"0,0.05"
1779559033652,1779559033691,822,1779559006301,1779559033644,delta,"0,0.05"
1779559033684,1779559033691,823,1779559006301,1779559033676,delta,"0,0.05"
1779559033717,1779559033745,824,1779559006301,1779559033708,delta,"0,0.05"
1779559033749,1779559033780,825,1779559006301,1779559033740,delta,"0,0.05"
1779559033781,1779559033820,826,1779559006301,1779559033772,delta,"0,0.05"
1779559033813,1779559033820,827,1779559006301,1779559033804,delta,"0,0.05"
1779559033845,1779559033872,828,1779559006301,1779559033837,delta,"0,0.05"
1779559033886,1779559033906,829,1779559006301,1779559033878,delta,"0,0.05"
1779559033917,1779559033947,830,1779559006301,1779559033908,delta,"0,0.05"
1779559033950,1779559034000,831,1779559006301,1779559033942,delta,"0,0.05"
1779559033989,1779559034000,832,1779559006301,1779559033981,delta,"0,0.05"
1779559034020,1779559034034,833,1779559006301,1779559034012,delta,"0,0.05"
1779559034052,1779559034073,834,1779559006301,1779559034044,delta,"0,0.05"
1779559034084,1779559034125,835,1779559006301,1779559034076,delta,"0,0.05"
1779559034116,1779559034125,836,1779559006301,1779559034108,delta,"0,0.05"
1779559034148,1779559034159,837,1779559006301,1779559034140,delta,"0,0.05"
1779559034181,1779559034202,838,1779559006301,1779559034172,delta,"0,0.05"
1779559034213,1779559034254,839,1779559006301,1779559034205,delta,"0,0.05"
1779559034246,1779559034254,840,1779559006301,1779559034237,delta,"0,0.05"
1779559034277,1779559034287,841,1779559006301,1779559034269,delta,"0,0.05"
1779559034310,1779559034326,842,1779559006301,1779559034301,delta,"0,0.05"
1779559034342,1779559034379,843,1779559006301,1779559034333,delta,"0,0.05"
1779559034382,1779559034412,844,1779559006301,1779559034374,delta,"0,0.05"
1779559034414,1779559034452,845,1779559006301,1779559034405,delta,"0,0.05"
1779559034453,1779559034504,846,1779559006301,1779559034445,delta,"0,0.05"
1779559034484,1779559034504,847,1779559006301,1779559034475,delta,"0,0.05"
1779559034516,1779559034538,848,1779559006301,1779559034507,delta,"0,0.05"
1779559034548,1779559034577,849,1779559006301,1779559034540,delta,"0,0.05"
1779559034580,1779559034630,850,1779559006301,1779559034572,delta,"0,0.05"
1779559034612,1779559034630,851,1779559006301,1779559034604,delta,"0,0.05"
1779559034644,1779559034663,852,1779559006301,1779559034636,delta,"0,0.05"
1779559034676,1779559034702,853,1779559006301,1779559034668,delta,"0,0.05"
1779559034708,1779559034755,854,1779559006301,1779559034700,delta,"0,0.05"
1779559034741,1779559034755,855,1779559006301,1779559034733,delta,"0,0.05"
1779559034772,1779559034788,856,1779559006301,1779559034764,delta,"0,0.05"
1779559034804,1779559034828,857,1779559006301,1779559034796,delta,"0,0.05"
1779559034837,1779559034881,858,1779559006301,1779559034828,delta,"0,0.05"
1779559034908,1779559034915,859,1779559006301,1779559034900,delta,"0,0.05"
1779559034912,1779559034915,860,1779559006301,1779559034904,delta,"0,0.05"
1779559034944,1779559034956,861,1779559006301,1779559034936,delta,"0,0.05"
1779559034984,1779559035009,862,1779559006301,1779559034975,delta,"0,0.05"
1779559035014,1779559035042,863,1779559006301,1779559035006,delta,"0,0.05"
1779559035046,1779559035081,864,1779559006301,1779559035038,delta,"0,0.05"
1779559035079,1779559035081,865,1779559006301,1779559035071,delta,"0,0.05"
1779559035111,1779559035134,866,1779559006301,1779559035103,delta,"0,0.05"
1779559035143,1779559035168,867,1779559006301,1779559035134,delta,"0,0.05"
1779559035175,1779559035207,868,1779559006301,1779559035166,delta,"0,0.05"
1779559035207,1779559035207,869,1779559006301,1779559035198,delta,"0,0.05"
1779559035240,1779559035260,870,1779559006301,1779559035231,delta,"0,0.05"
1779559035271,1779559035294,871,1779559006301,1779559035262,delta,"0,0.05"
1779559035303,1779559035333,872,1779559006301,1779559035295,delta,"0,0.05"
1779559035335,1779559035386,873,1779559006301,1779559035327,delta,"0,0.05"
1779559035368,1779559035386,874,1779559006301,1779559035359,delta,"0,0.05"
1779559035401,1779559035420,875,1779559006301,1779559035392,delta,"0,0.05"
1779559035441,1779559035459,876,1779559006301,1779559035433,delta,"0,0.05"
1779559035510,1779559035514,877,1779559006301,1779559035501,delta,"0,0.05"
1779559035513,1779559035514,878,1779559006301,1779559035505,delta,"0,0.05"
1779559035545,1779559035548,879,1779559006301,1779559035536,delta,"0,0.05"
1779559035577,1779559035589,880,1779559006301,1779559035568,delta,"0,0.05"
1779559035609,1779559035643,881,1779559006301,1779559035601,delta,"0,0.05"
1779559035641,1779559035643,882,1779559006301,1779559035633,delta,"0,0.05"
1779559035673,1779559035676,883,1779559006301,1779559035665,delta,"0,0.05"
1779559035705,1779559035715,884,1779559006301,1779559035697,delta,"0,0.05"
1779559035737,1779559035768,885,1779559006301,1779559035729,delta,"0,0.05"
1779559035770,1779559035802,886,1779559006301,1779559035761,delta,"0,0.05"
1779559035802,1779559035802,887,1779559006301,1779559035793,delta,"0,0.05"
1779559035834,1779559035843,888,1779559006301,1779559035825,delta,"0,0.05"
1779559035866,1779559035897,889,1779559006301,1779559035858,delta,"0,0.05"
1779559035899,1779559035930,890,1779559006301,1779559035891,delta,"0,0.05"
1779559035939,1779559035970,891,1779559006301,1779559035931,delta,"0,0.05"
1779559035970,1779559036023,892,1779559006301,1779559035961,delta,"0,0.05"
1779559036003,1779559036023,893,1779559006301,1779559035995,delta,"0,0.05"
1779559036043,1779559036057,894,1779559006301,1779559036034,delta,"0,0.05"
1779559036073,1779559036097,895,1779559006301,1779559036065,delta,"0,0.05"
1779559036105,1779559036149,896,1779559006301,1779559036097,delta,"0,0.05"
1779559036137,1779559036149,897,1779559006301,1779559036129,delta,"0,0.05"
1779559036170,1779559036185,898,1779559006301,1779559036162,delta,"0,0.05"
1779559036201,1779559036225,899,1779559006301,1779559036193,delta,"0,0.05"
1779559036234,1779559036278,900,1779559006301,1779559036225,delta,"0,0.05"
1779559036266,1779559036278,901,1779559006301,1779559036258,delta,"0,0.05"
1779559036298,1779559036313,902,1779559006301,1779559036290,delta,"0,0.05"
1779559036330,1779559036352,903,1779559006301,1779559036322,delta,"0,0.05"
1779559036362,1779559036405,904,1779559006301,1779559036354,delta,"0,0.05"
1779559036395,1779559036405,905,1779559006301,1779559036387,delta,"0,0.05"
1779559036436,1779559036440,906,1779559006301,1779559036428,delta,"0,0.05"
1779559036467,1779559036479,907,1779559006301,1779559036459,delta,"0,0.05"
1779559036500,1779559036532,908,1779559006301,1779559036492,delta,"0,0.05"
1779559036539,1779559036566,909,1779559006301,1779559036531,delta,"0,0.05"
1779559036570,1779559036606,910,1779559006301,1779559036562,delta,"0,0.05"
1779559036602,1779559036606,911,1779559006301,1779559036594,delta,"0,0.05"
1779559036635,1779559036659,912,1779559006301,1779559036626,delta,"0,0.05"
1779559036667,1779559036693,913,1779559006301,1779559036658,delta,"0,0.05"
1779559036699,1779559036733,914,1779559006301,1779559036691,delta,"0,0.05"
1779559036732,1779559036733,915,1779559006301,1779559036723,delta,"0,0.05"
1779559036763,1779559036785,916,1779559006301,1779559036755,delta,"0,0.05"
1779559036795,1779559036820,917,1779559006301,1779559036787,delta,"0,0.05"
1779559036828,1779559036859,918,1779559006301,1779559036819,delta,"0,0.05"
1779559036860,1779559036912,919,1779559006301,1779559036852,delta,"0,0.05"
1779559036892,1779559036912,920,1779559006301,1779559036884,delta,"0,0.05"
1779559036963,1779559036988,921,1779559006301,1779559036955,delta,"0,0.05"
1779559036967,1779559036988,922,1779559006301,1779559036959,delta,"0,0.05"
1779559037000,1779559037042,923,1779559006301,1779559036992,delta,"0,0.05"
1779559037041,1779559037042,924,1779559006301,1779559037032,delta,"0,0.05"
1779559037072,1779559037075,925,1779559006301,1779559037064,delta,"0,0.05"
1779559037103,1779559037115,926,1779559006301,1779559037095,delta,"0,0.05"
1779559037136,1779559037167,927,1779559006301,1779559037127,delta,"0,0.05"
1779559037168,1779559037201,928,1779559006301,1779559037159,delta,"0,0.05"
1779559037200,1779559037201,929,1779559006301,1779559037192,delta,"0,0.05"
1779559037232,1779559037243,930,1779559006301,1779559037224,delta,"0,0.05"
1779559037264,1779559037296,931,1779559006301,1779559037256,delta,"0,0.05"
1779559037296,1779559037296,932,1779559006301,1779559037288,delta,"0,0.05"
1779559037328,1779559037331,933,1779559006301,1779559037320,delta,"0,0.05"
1779559037361,1779559037370,934,1779559006301,1779559037353,delta,"0,0.05"
1779559037393,1779559037424,935,1779559006301,1779559037385,delta,"0,0.05"
1779559037465,1779559037496,936,1779559006301,1779559037457,delta,"0,0.05"
1779559037470,1779559037496,937,1779559006301,1779559037461,delta,"0,0.05"
1779559037501,1779559037548,938,1779559006301,1779559037493,delta,"0,0.05"
1779559037542,1779559037548,939,1779559006301,1779559037534,delta,"0,0.05"
1779559037573,1779559037581,940,1779559006301,1779559037565,delta,"0,0.05"
1779559037605,1779559037622,941,1779559006301,1779559037597,delta,"0,0.05"
1779559037637,1779559037674,942,1779559006301,1779559037629,delta,"0,0.05"
1779559037672,1779559037674,943,1779559006301,1779559037661,delta,"0,0.05"
1779559037701,1779559037708,944,1779559006301,1779559037693,delta,"0,0.05"
1779559037733,1779559037747,945,1779559006301,1779559037725,delta,"0,0.05"
1779559037765,1779559037799,946,1779559006301,1779559037757,delta,"0,0.05"
1779559037798,1779559037799,947,1779559006301,1779559037789,delta,"0,0.05"
1779559037830,1779559037834,948,1779559006301,1779559037822,delta,"0,0.05"
1779559037862,1779559037876,949,1779559006301,1779559037854,delta,"0,0.05"
1779559037894,1779559037929,950,1779559006301,1779559037886,delta,"0,0.05"
1779559037927,1779559037929,951,1779559006301,1779559037918,delta,"0,0.05"
1779559037960,1779559037962,952,1779559006301,1779559037952,delta,"0,0.05"
1779559037999,1779559038002,953,1779559006301,1779559037991,delta,"0,0.05"
1779559038069,1779559038089,954,1779559006301,1779559038061,delta,"0,0.05"
1779559038073,1779559038089,955,1779559006301,1779559038065,delta,"0,0.05"
1779559038104,1779559038128,956,1779559006301,1779559038096,delta,"0,0.05"
1779559038136,1779559038180,957,1779559006301,1779559038128,delta,"0,0.05"
1779559038168,1779559038180,958,1779559006301,1779559038160,delta,"0,0.05"
1779559038201,1779559038214,959,1779559006301,1779559038192,delta,"0,0.05"
1779559038232,1779559038256,960,1779559006301,1779559038224,delta,"0,0.05"
1779559038265,1779559038310,961,1779559006301,1779559038256,delta,"0,0.05"
1779559038297,1779559038310,962,1779559006301,1779559038288,delta,"0,0.05"
1779559038329,1779559038344,963,1779559006301,1779559038321,delta,"0,0.05"
1779559038361,1779559038384,964,1779559006301,1779559038353,delta,"0,0.05"
1779559038393,1779559038439,965,1779559006301,1779559038385,delta,"0,0.05"
1779559038426,1779559038439,966,1779559006301,1779559038417,delta,"0,0.05"
1779559038458,1779559038472,967,1779559006301,1779559038449,delta,"0,0.05"
1779559038498,1779559038511,968,1779559006301,1779559038490,delta,"0,0.05"
1779559038529,1779559038565,969,1779559006301,1779559038520,delta,"0,0.05"
1779559038562,1779559038565,970,1779559006301,1779559038554,delta,"0,0.05"
1779559038604,1779559038640,971,1779559006301,1779559038596,delta,"0,0.05"
1779559038633,1779559038640,972,1779559006301,1779559038625,delta,"0,0.05"
1779559038665,1779559038693,973,1779559006301,1779559038656,delta,"0,0.05"
1779559038697,1779559038728,974,1779559006301,1779559038688,delta,"0,0.05"
1779559038729,1779559038768,975,1779559006301,1779559038721,delta,"0,0.05"
1779559038761,1779559038768,976,1779559006301,1779559038753,delta,"0,0.05"
1779559038794,1779559038821,977,1779559006301,1779559038785,delta,"0,0.05"
1779559038825,1779559038857,978,1779559006301,1779559038817,delta,"0,0.05"
1779559038858,1779559038896,979,1779559006301,1779559038849,delta,"0,0.05"
1779559038890,1779559038896,980,1779559006301,1779559038882,delta,"0,0.05"
1779559038922,1779559038951,981,1779559006301,1779559038914,delta,"0,0.05"
1779559038954,1779559038984,982,1779559006301,1779559038946,delta,"0,0.05"
1779559039025,1779559039076,983,1779559006301,1779559039017,delta,"0,0.05"
1779559039029,1779559039076,984,1779559006301,1779559039021,delta,"0,0.05"
1779559039061,1779559039076,985,1779559006301,1779559039053,delta,"0,0.05"
1779559039101,1779559039110,986,1779559006301,1779559039093,delta,"0,0.05"
1779559039132,1779559039149,987,1779559006301,1779559039124,delta,"0,0.05"
1779559039165,1779559039202,988,1779559006301,1779559039156,delta,"0,0.05"
1779559039197,1779559039202,989,1779559006301,1779559039188,delta,"0,0.05"
1779559039229,1779559039235,990,1779559006301,1779559039221,delta,"0,0.05"
1779559039262,1779559039274,991,1779559006301,1779559039253,delta,"0,0.05"
1779559039293,1779559039326,992,1779559006301,1779559039284,delta,"0,0.05"
1779559039325,1779559039326,993,1779559006301,1779559039316,delta,"0,0.05"
1779559039357,1779559039360,994,1779559006301,1779559039349,delta,"0,0.05"
1779559039389,1779559039399,995,1779559006301,1779559039381,delta,"0,0.05"
1779559039421,1779559039452,996,1779559006301,1779559039413,delta,"0,0.05"
1779559039453,1779559039486,997,1779559006301,1779559039445,delta,"0,0.05"
1779559039525,1779559039526,998,1779559006301,1779559039516,delta,"0,0.05"
1779559039528,1779559039579,999,1779559006301,1779559039520,delta,"0,0.05"
1779559039560,1779559039579,1000,1779559006301,1779559039552,delta,"0,0.05"
1779559039602,1779559039613,1001,1779559006301,1779559039593,delta,"0,0.05"
1779559039631,1779559039653,1002,1779559006301,1779559039623,delta,"0,0.05"
1779559039663,1779559039705,1003,1779559006301,1779559039655,delta,"0,0.05"
1779559039695,1779559039705,1004,1779559006301,1779559039687,delta,"0,0.05"
1779559039727,1779559039738,1005,1779559006301,1779559039719,delta,"0,0.05"
1779559039760,1779559039778,1006,1779559006301,1779559039752,delta,"0,0.05"
1779559039792,1779559039831,1007,1779559006301,1779559039783,delta,"0,0.05"
1779559039827,1779559039831,1008,1779559006301,1779559039818,delta,"0,0.05"
1779559039860,1779559039865,1009,1779559006301,1779559039851,delta,"0,0.05"
1779559039892,1779559039904,1010,1779559006301,1779559039883,delta,"0,0.05"
1779559039923,1779559039956,1011,1779559006301,1779559039915,delta,"0,0.05"
1779559039957,1779559039990,1012,1779559006301,1779559039947,delta,"0,0.05"
1779559039988,1779559039990,1013,1779559006301,1779559039980,delta,"0,0.05"
1779559040022,1779559040030,1014,1779559006301,1779559040013,delta,"0,0.05"
1779559040062,1779559040083,1015,1779559006301,1779559040053,delta,"0,0.05"
1779559040131,1779559040158,1016,1779559006301,1779559040123,delta,"0,0.05"
1779559040134,1779559040158,1017,1779559006301,1779559040126,delta,"0,0.05"
1779559040166,1779559040212,1018,1779559006301,1779559040158,delta,"0,0.05"
1779559040198,1779559040212,1019,1779559006301,1779559040190,delta,"0,0.05"
1779559040231,1779559040246,1020,1779559006301,1779559040223,delta,"0,0.05"
1779559040263,1779559040285,1021,1779559006301,1779559040254,delta,"0,0.05"
1779559040295,1779559040338,1022,1779559006301,1779559040287,delta,"0,0.05"
1779559040327,1779559040338,1023,1779559006301,1779559040319,delta,"0,0.05"
1779559040360,1779559040372,1024,1779559006301,1779559040351,delta,"0,0.05"
1779559040391,1779559040412,1025,1779559006301,1779559040383,delta,"0,0.05"
1779559040423,1779559040465,1026,1779559006301,1779559040415,delta,"0,0.05"
1779559040455,1779559040465,1027,1779559006301,1779559040447,delta,"0,0.05"
1779559040488,1779559040498,1028,1779559006301,1779559040479,delta,"0,0.05"
1779559040521,1779559040538,1029,1779559006301,1779559040513,delta,"0,0.05"
1779559040561,1779559040591,1030,1779559006301,1779559040553,delta,"0,0.05"
1779559040592,1779559040625,1031,1779559006301,1779559040583,delta,"0,0.05"
1779559040626,1779559040665,1032,1779559006301,1779559040617,delta,"0,0.05"
1779559040665,1779559040717,1033,1779559006301,1779559040657,delta,"0,0.05"
1779559040695,1779559040717,1034,1779559006301,1779559040687,delta,"0,0.05"
1779559040728,1779559040751,1035,1779559006301,1779559040719,delta,"0,0.05"
1779559040760,1779559040791,1036,1779559006301,1779559040752,delta,"0,0.05"
1779559040792,1779559040844,1037,1779559006301,1779559040784,delta,"0,0.05"
1779559040825,1779559040844,1038,1779559006301,1779559040816,delta,"0,0.05"
1779559040856,1779559040879,1039,1779559006301,1779559040848,delta,"0,0.05"
1779559040888,1779559040918,1040,1779559006301,1779559040880,delta,"0,0.05"
1779559040922,1779559040971,1041,1779559006301,1779559040913,delta,"0,0.05"
1779559040953,1779559040971,1042,1779559006301,1779559040945,delta,"0,0.05"
1779559040985,1779559041005,1043,1779559006301,1779559040977,delta,"0,0.05"
1779559041018,1779559041045,1044,1779559006301,1779559041009,delta,"0,0.05"
1779559041059,1779559041097,1045,1779559006301,1779559041051,delta,"0,0.05"
1779559041091,1779559041097,1046,1779559006301,1779559041082,delta,"0,0.05"
1779559041123,1779559041131,1047,1779559006301,1779559041115,delta,"0,0.05"
1779559041164,1779559041171,1048,1779559006301,1779559041156,delta,"0,0.05"
1779559041194,1779559041227,1049,1779559006301,1779559041186,delta,"0,0.05"
1779559041226,1779559041227,1050,1779559006301,1779559041218,delta,"0,0.05"
1779559041259,1779559041260,1051,1779559006301,1779559041250,delta,"0,0.05"
1779559041291,1779559041299,1052,1779559006301,1779559041283,delta,"0,0.05"
1779559041323,1779559041353,1053,1779559006301,1779559041314,delta,"0,0.05"
1779559041355,1779559041387,1054,1779559006301,1779559041347,delta,"0,0.05"
1779559041387,1779559041426,1055,1779559006301,1779559041379,delta,"0,0.05"
1779559041420,1779559041427,1056,1779559006301,1779559041411,delta,"0,0.05"
1779559041452,1779559041479,1057,1779559006301,1779559041443,delta,"0,0.05"
1779559041483,1779559041513,1058,1779559006301,1779559041475,delta,"0,0.05"
1779559041516,1779559041551,1059,1779559006301,1779559041507,delta,"0,0.05"
1779559041587,1779559041604,1060,1779559006301,1779559041578,delta,"0,0.05"
1779559041590,1779559041604,1061,1779559006301,1779559041582,delta,"0,0.05"
1779559041622,1779559041637,1062,1779559006301,1779559041614,delta,"0,0.05"
1779559041693,1779559041730,1063,1779559006301,1779559041684,delta,"0,0.05"
1779559041696,1779559041730,1064,1779559006301,1779559041688,delta,"0,0.05"
1779559041728,1779559041730,1065,1779559006301,1779559041719,delta,"0,0.05"
1779559041761,1779559041763,1066,1779559006301,1779559041752,delta,"0,0.05"
1779559041792,1779559041804,1067,1779559006301,1779559041784,delta,"0,0.05"
1779559041824,1779559041857,1068,1779559006301,1779559041816,delta,"0,0.05"
1779559041857,1779559041857,1069,1779559006301,1779559041848,delta,"0,0.05"
1779559041889,1779559041891,1070,1779559006301,1779559041880,delta,"0,0.05"
1779559041921,1779559041933,1071,1779559006301,1779559041913,delta,"0,0.05"
1779559041953,1779559041986,1072,1779559006301,1779559041944,delta,"0,0.05"
1779559041985,1779559041986,1073,1779559006301,1779559041977,delta,"0,0.05"
1779559042017,1779559042020,1074,1779559006301,1779559042009,delta,"0,0.05"
1779559042050,1779559042060,1075,1779559006301,1779559042041,delta,"0,0.05"
1779559042093,1779559042115,1076,1779559006301,1779559042085,delta,"0,0.05"
1779559042166,1779559042189,1077,1779559006301,1779559042158,delta,"0,0.05"
1779559042171,1779559042189,1078,1779559006301,1779559042163,delta,"0,0.05"
1779559042207,1779559042244,1079,1779559006301,1779559042198,delta,"0,0.05"
1779559042243,1779559042244,1080,1779559006301,1779559042234,delta,"0,0.05"
1779559042278,1779559042279,1081,1779559006301,1779559042270,delta,"0,0.05"
1779559042314,1779559042320,1082,1779559006301,1779559042305,delta,"0,0.05"
1779559042348,1779559042372,1083,1779559006301,1779559042340,delta,"0,0.05"
1779559042381,1779559042405,1084,1779559006301,1779559042372,delta,"0,0.05"
1779559042412,1779559042444,1085,1779559006301,1779559042404,delta,"0,0.05"
1779559042445,1779559042497,1086,1779559006301,1779559042436,delta,"0,0.05"
1779559042477,1779559042497,1087,1779559006301,1779559042468,delta,"0,0.05"
1779559042509,1779559042533,1088,1779559006301,1779559042501,delta,"0,0.05"
1779559042541,1779559042571,1089,1779559006301,1779559042533,delta,"0,0.05"
1779559042574,1779559042624,1090,1779559006301,1779559042566,delta,"0,0.05"
1779559042615,1779559042624,1091,1779559006301,1779559042606,delta,"0,0.05"
1779559042646,1779559042657,1092,1779559006301,1779559042637,delta,"0,0.05"
1779559042686,1779559042697,1093,1779559006301,1779559042677,delta,"0,0.05"
1779559042717,1779559042749,1094,1779559006301,1779559042708,delta,"0,0.05"
1779559042748,1779559042749,1095,1779559006301,1779559042740,delta,"0,0.05"
1779559042781,1779559042783,1096,1779559006301,1779559042772,delta,"0,0.05"
1779559042812,1779559042823,1097,1779559006301,1779559042804,delta,"0,0.05"
1779559042845,1779559042875,1098,1779559006301,1779559042837,delta,"0,0.05"
1779559042877,1779559042908,1099,1779559006301,1779559042868,delta,"0,0.05"
1779559042908,1779559042949,1100,1779559006301,1779559042900,delta,"0,0.05"
1779559042941,1779559042949,1101,1779559006301,1779559042933,delta,"0,0.05"
1779559042973,1779559043001,1102,1779559006301,1779559042965,delta,"0,0.05"
1779559043005,1779559043035,1103,1779559006301,1779559042997,delta,"0,0.05"
1779559043038,1779559043074,1104,1779559006301,1779559043029,delta,"0,0.05"
1779559043070,1779559043074,1105,1779559006301,1779559043062,delta,"0,0.05"
1779559043111,1779559043127,1106,1779559006301,1779559043103,delta,"0,0.05"
1779559043142,1779559043162,1107,1779559006301,1779559043134,delta,"0,0.05"
1779559043183,1779559043201,1108,1779559006301,1779559043174,delta,"0,0.05"
1779559043213,1779559043255,1109,1779559006301,1779559043205,delta,"0,0.05"
1779559043245,1779559043255,1110,1779559006301,1779559043237,delta,"0,0.05"
1779559043277,1779559043288,1111,1779559006301,1779559043269,delta,"0,0.05"
1779559043310,1779559043329,1112,1779559006301,1779559043301,delta,"0,0.05"
1779559043342,1779559043383,1113,1779559006301,1779559043333,delta,"0,0.05"
1779559043374,1779559043383,1114,1779559006301,1779559043365,delta,"0,0.05"
1779559043406,1779559043416,1115,1779559006301,1779559043397,delta,"0,0.05"
1779559043438,1779559043456,1116,1779559006301,1779559043430,delta,"0,0.05"
1779559043470,1779559043509,1117,1779559006301,1779559043462,delta,"0,0.05"
1779559043502,1779559043509,1118,1779559006301,1779559043494,delta,"0,0.05"
1779559043534,1779559043543,1119,1779559006301,1779559043526,delta,"0,0.05"
1779559043566,1779559043583,1120,1779559006301,1779559043558,delta,"0,0.05"
1779559043638,1779559043669,1121,1779559006301,1779559043629,delta,"0,0.05"
1779559043641,1779559043669,1122,1779559006301,1779559043633,delta,"0,0.05"
1779559043673,1779559043708,1123,1779559006301,1779559043665,delta,"0,0.05"
1779559043717,1779559043761,1124,1779559006301,1779559043709,delta,"0,0.05"
1779559043754,1779559043761,1125,1779559006301,1779559043745,delta,"0,0.05"
1779559043788,1779559043795,1126,1779559006301,1779559043779,delta,"0,0.05"
1779559043820,1779559043834,1127,1779559006301,1779559043812,delta,"0,0.05"
1779559043851,1779559043887,1128,1779559006301,1779559043843,delta,"0,0.05"
1779559043884,1779559043887,1129,1779559006301,1779559043875,delta,"0,0.05"
1779559043915,1779559043921,1130,1779559006301,1779559043907,delta,"0,0.05"
1779559043948,1779559043961,1131,1779559006301,1779559043939,delta,"0,0.05"
1779559043980,1779559044015,1132,1779559006301,1779559043972,delta,"0,0.05"
1779559044013,1779559044015,1133,1779559006301,1779559044003,delta,"0,0.05"
1779559044044,1779559044048,1134,1779559006301,1779559044035,delta,"0,0.05"
1779559044077,1779559044087,1135,1779559006301,1779559044068,delta,"0,0.05"
1779559044110,1779559044141,1136,1779559006301,1779559044101,delta,"0,0.05"
1779559044149,1779559044177,1137,1779559006301,1779559044141,delta,"0,0.05"
1779559044220,1779559044269,1138,1779559006301,1779559044211,delta,"0,0.05"
1779559044223,1779559044269,1139,1779559006301,1779559044215,delta,"0,0.05"
1779559044255,1779559044269,1140,1779559006301,1779559044247,delta,"0,0.05"
1779559044287,1779559044303,1141,1779559006301,1779559044279,delta,"0,0.05"
1779559044319,1779559044343,1142,1779559006301,1779559044311,delta,"0,0.05"
1779559044351,1779559044397,1143,1779559006301,1779559044343,delta,"0,0.05"
1779559044384,1779559044397,1144,1779559006301,1779559044375,delta,"0,0.05"
1779559044416,1779559044431,1145,1779559006301,1779559044407,delta,"0,0.05"
1779559044448,1779559044471,1146,1779559006301,1779559044439,delta,"0,0.05"
1779559044480,1779559044525,1147,1779559006301,1779559044472,delta,"0,0.05"
1779559044514,1779559044525,1148,1779559006301,1779559044504,delta,"0,0.05"
1779559044545,1779559044559,1149,1779559006301,1779559044536,delta,"0,0.05"
1779559044577,1779559044600,1150,1779559006301,1779559044568,delta,"0,0.05"
1779559044610,1779559044653,1151,1779559006301,1779559044602,delta,"0,0.05"
1779559044650,1779559044653,1152,1779559006301,1779559044641,delta,"0,0.05"
1779559044682,1779559044687,1153,1779559006301,1779559044673,delta,"0,0.05"
1779559044722,1779559044728,1154,1779559006301,1779559044713,delta,"0,0.05"
1779559044753,1779559044780,1155,1779559006301,1779559044744,delta,"0,0.05"
1779559044784,1779559044813,1156,1779559006301,1779559044776,delta,"0,0.05"
1779559044816,1779559044853,1157,1779559006301,1779559044808,delta,"0,0.05"
1779559044849,1779559044853,1158,1779559006301,1779559044841,delta,"0,0.05"
1779559044881,1779559044906,1159,1779559006301,1779559044873,delta,"0,0.05"
1779559044913,1779559044939,1160,1779559006301,1779559044904,delta,"0,0.05"
1779559044945,1779559044979,1161,1779559006301,1779559044936,delta,"0,0.05"
1779559044977,1779559044979,1162,1779559006301,1779559044969,delta,"0,0.05"
1779559045009,1779559045032,1163,1779559006301,1779559045001,delta,"0,0.05"
1779559045041,1779559045065,1164,1779559006301,1779559045033,delta,"0,0.05"
1779559045074,1779559045105,1165,1779559006301,1779559045066,delta,"0,0.05"
1779559045107,1779559045157,1166,1779559006301,1779559045098,delta,"0,0.05"
1779559045178,1779559045192,1167,1779559006301,1779559045170,delta,"0,0.05"
1779559045182,1779559045192,1168,1779559006301,1779559045174,delta,"0,0.05"
1779559045214,1779559045233,1169,1779559006301,1779559045205,delta,"0,0.05"
1779559045254,1779559045287,1170,1779559006301,1779559045245,delta,"0,0.05"
1779559045284,1779559045287,1171,1779559006301,1779559045276,delta,"0,0.05"
1779559045317,1779559045321,1172,1779559006301,1779559045309,delta,"0,0.05"
1779559045349,1779559045360,1173,1779559006301,1779559045341,delta,"0,0.05"
1779559045381,1779559045413,1174,1779559006301,1779559045373,delta,"0,0.05"
1779559045414,1779559045448,1175,1779559006301,1779559045405,delta,"0,0.05"
1779559045446,1779559045448,1176,1779559006301,1779559045438,delta,"0,0.05"
1779559045478,1779559045488,1177,1779559006301,1779559045470,delta,"0,0.05"
1779559045510,1779559045541,1178,1779559006301,1779559045502,delta,"0,0.05"
1779559045542,1779559045575,1179,1779559006301,1779559045534,delta,"0,0.05"
1779559045575,1779559045575,1180,1779559006301,1779559045566,delta,"0,0.05"
1779559045607,1779559045614,1181,1779559006301,1779559045599,delta,"0,0.05"
1779559045679,1779559045700,1182,1779559006301,1779559045670,delta,"0,0.05"
1779559045683,1779559045701,1183,1779559006301,1779559045674,delta,"0,0.05"
1779559045715,1779559045740,1184,1779559006301,1779559045707,delta,"0,0.05"
1779559045755,1779559045793,1185,1779559006301,1779559045747,delta,"0,0.05"
1779559045786,1779559045793,1186,1779559006301,1779559045777,delta,"0,0.05"
1779559045818,1779559045826,1187,1779559006301,1779559045809,delta,"0,0.05"
1779559045850,1779559045865,1188,1779559006301,1779559045842,delta,"0,0.05"
1779559045882,1779559045918,1189,1779559006301,1779559045874,delta,"0,0.05"
1779559045914,1779559045918,1190,1779559006301,1779559045906,delta,"0,0.05"
1779559045946,1779559045951,1191,1779559006301,1779559045938,delta,"0,0.05"
1779559045978,1779559045990,1192,1779559006301,1779559045970,delta,"0,0.05"
1779559046011,1779559046043,1193,1779559006301,1779559046003,delta,"0,0.05"
1779559046043,1779559046043,1194,1779559006301,1779559046034,delta,"0,0.05"
1779559046075,1779559046077,1195,1779559006301,1779559046066,delta,"0,0.05"
1779559046108,1779559046118,1196,1779559006301,1779559046099,delta,"0,0.05"
1779559046179,1779559046205,1197,1779559006301,1779559046171,delta,"0,0.05"
1779559046182,1779559046205,1198,1779559006301,1779559046174,delta,"0,0.05"
1779559046215,1779559046244,1199,1779559006301,1779559046207,delta,"0,0.05"
1779559046255,1779559046296,1200,1779559006301,1779559046247,delta,"0,0.05"
1779559046286,1779559046297,1201,1779559006301,1779559046277,delta,"0,0.05"
1779559046317,1779559046330,1202,1779559006301,1779559046309,delta,"0,0.05"
1779559046350,1779559046370,1203,1779559006301,1779559046342,delta,"0,0.05"
1779559046382,1779559046423,1204,1779559006301,1779559046374,delta,"0,0.05"
1779559046414,1779559046423,1205,1779559006301,1779559046405,delta,"0,0.05"
1779559046446,1779559046457,1206,1779559006301,1779559046438,delta,"0,0.05"
1779559046478,1779559046496,1207,1779559006301,1779559046470,delta,"0,0.05"
1779559046511,1779559046549,1208,1779559006301,1779559046503,delta,"0,0.05"
1779559046542,1779559046549,1209,1779559006301,1779559046534,delta,"0,0.05"
1779559046575,1779559046582,1210,1779559006301,1779559046566,delta,"0,0.05"
1779559046608,1779559046624,1211,1779559006301,1779559046599,delta,"0,0.05"
1779559046640,1779559046676,1212,1779559006301,1779559046631,delta,"0,0.05"
1779559046672,1779559046676,1213,1779559006301,1779559046664,delta,"0,0.05"
1779559046712,1779559046749,1214,1779559006301,1779559046704,delta,"0,0.05"
1779559046743,1779559046750,1215,1779559006301,1779559046735,delta,"0,0.05"
1779559046776,1779559046803,1216,1779559006301,1779559046768,delta,"0,0.05"
1779559046816,1779559046837,1217,1779559006301,1779559046808,delta,"0,0.05"
1779559046847,1779559046878,1218,1779559006301,1779559046838,delta,"0,0.05"
1779559046879,1779559046933,1219,1779559006301,1779559046871,delta,"0,0.05"
1779559046911,1779559046933,1220,1779559006301,1779559046903,delta,"0,0.05"
1779559046943,1779559046967,1221,1779559006301,1779559046935,delta,"0,0.05"
1779559046976,1779559047007,1222,1779559006301,1779559046967,delta,"0,0.05"
1779559047008,1779559047060,1223,1779559006301,1779559046999,delta,"0,0.05"
1779559047040,1779559047060,1224,1779559006301,1779559047032,delta,"0,0.05"
1779559047072,1779559047093,1225,1779559006301,1779559047063,delta,"0,0.05"
1779559047104,1779559047134,1226,1779559006301,1779559047096,delta,"0,0.05"
1779559047136,1779559047188,1227,1779559006301,1779559047128,delta,"0,0.05"
1779559047169,1779559047188,1228,1779559006301,1779559047160,delta,"0,0.05"
1779559047210,1779559047221,1229,1779559006301,1779559047202,delta,"0,0.05"
1779559047240,1779559047261,1230,1779559006301,1779559047232,delta,"0,0.05"
1779559047274,1779559047315,1231,1779559006301,1779559047266,delta,"0,0.05"
1779559047314,1779559047315,1232,1779559006301,1779559047306,delta,"0,0.05"
1779559047345,1779559047350,1233,1779559006301,1779559047336,delta,"0,0.05"
1779559047377,1779559047390,1234,1779559006301,1779559047368,delta,"0,0.05"
1779559047409,1779559047443,1235,1779559006301,1779559047400,delta,"0,0.05"
1779559047441,1779559047443,1236,1779559006301,1779559047433,delta,"0,0.05"
1779559047473,1779559047477,1237,1779559006301,1779559047465,delta,"0,0.05"
1779559047505,1779559047516,1238,1779559006301,1779559047497,delta,"0,0.05"
1779559047537,1779559047569,1239,1779559006301,1779559047529,delta,"0,0.05"
1779559047570,1779559047603,1240,1779559006301,1779559047561,delta,"0,0.05"
1779559047601,1779559047603,1241,1779559006301,1779559047593,delta,"0,0.05"
1779559047634,1779559047642,1242,1779559006301,1779559047625,delta,"0,0.05"
1779559047666,1779559047694,1243,1779559006301,1779559047658,delta,"0,0.05"
1779559047738,1779559047768,1244,1779559006301,1779559047729,delta,"0,0.05"
1779559047741,1779559047768,1245,1779559006301,1779559047733,delta,"0,0.05"
1779559047774,1779559047821,1246,1779559006301,1779559047765,delta,"0,0.05"
1779559047815,1779559047821,1247,1779559006301,1779559047806,delta,"0,0.05"
1779559047846,1779559047855,1248,1779559006301,1779559047837,delta,"0,0.05"
1779559047877,1779559047894,1249,1779559006301,1779559047869,delta,"0,0.05"
1779559047909,1779559047947,1250,1779559006301,1779559047901,delta,"0,0.05"
1779559047941,1779559047947,1251,1779559006301,1779559047933,delta,"0,0.05"
1779559047973,1779559047981,1252,1779559006301,1779559047965,delta,"0,0.05"
1779559048005,1779559048021,1253,1779559006301,1779559047997,delta,"0,0.05"
1779559048038,1779559048074,1254,1779559006301,1779559048029,delta,"0,0.05"
1779559048071,1779559048074,1255,1779559006301,1779559048063,delta,"0,0.05"
1779559048102,1779559048108,1256,1779559006301,1779559048093,delta,"0,0.05"
1779559048134,1779559048147,1257,1779559006301,1779559048125,delta,"0,0.05"
1779559048166,1779559048200,1258,1779559006301,1779559048158,delta,"0,0.05"
1779559048237,1779559048277,1259,1779559006301,1779559048229,delta,"0,0.05"
1779559048241,1779559048277,1260,1779559006301,1779559048233,delta,"0,0.05"
1779559048274,1779559048277,1261,1779559006301,1779559048265,delta,"0,0.05"
1779559048313,1779559048330,1262,1779559006301,1779559048305,delta,"0,0.05"
1779559048344,1779559048365,1263,1779559006301,1779559048336,delta,"0,0.05"
1779559048376,1779559048405,1264,1779559006301,1779559048368,delta,"0,0.05"
1779559048408,1779559048458,1265,1779559006301,1779559048400,delta,"0,0.05"
1779559048441,1779559048458,1266,1779559006301,1779559048433,delta,"0,0.05"
1779559048473,1779559048494,1267,1779559006301,1779559048464,delta,"0,0.05"
1779559048505,1779559048534,1268,1779559006301,1779559048497,delta,"0,0.05"
1779559048537,1779559048587,1269,1779559006301,1779559048529,delta,"0,0.05"
1779559048569,1779559048587,1270,1779559006301,1779559048561,delta,"0,0.05"
1779559048601,1779559048623,1271,1779559006301,1779559048593,delta,"0,0.05"
1779559048634,1779559048664,1272,1779559006301,1779559048625,delta,"0,0.05"
1779559048666,1779559048717,1273,1779559006301,1779559048658,delta,"0,0.05"
1779559048737,1779559048752,1274,1779559006301,1779559048729,delta,"0,0.05"
1779559048741,1779559048753,1275,1779559006301,1779559048732,delta,"0,0.05"
1779559048773,1779559048794,1276,1779559006301,1779559048765,delta,"0,0.05"
1779559048813,1779559048847,1277,1779559006301,1779559048805,delta,"0,0.05"
1779559048844,1779559048847,1278,1779559006301,1779559048836,delta,"0,0.05"
1779559048876,1779559048881,1279,1779559006301,1779559048868,delta,"0,0.05"
1779559048908,1779559048921,1280,1779559006301,1779559048900,delta,"0,0.05"
1779559048941,1779559048974,1281,1779559006301,1779559048932,delta,"0,0.05"
1779559048972,1779559048974,1282,1779559006301,1779559048964,delta,"0,0.05"
1779559049005,1779559049008,1283,1779559006301,1779559048996,delta,"0,0.05"
1779559049036,1779559049047,1284,1779559006301,1779559049028,delta,"0,0.05"
1779559049069,1779559049101,1285,1779559006301,1779559049060,delta,"0,0.05"
1779559049101,1779559049101,1286,1779559006301,1779559049092,delta,"0,0.05"
1779559049133,1779559049135,1287,1779559006301,1779559049124,delta,"0,0.05"
1779559049165,1779559049174,1288,1779559006301,1779559049156,delta,"0,0.05"
1779559049197,1779559049226,1289,1779559006301,1779559049189,delta,"0,0.05"
1779559049230,1779559049260,1290,1779559006301,1779559049222,delta,"0,0.05"
1779559049270,1779559049300,1291,1779559006301,1779559049262,delta,"0,0.05"
1779559049302,1779559049354,1292,1779559006301,1779559049293,delta,"0,0.05"
1779559049335,1779559049354,1293,1779559006301,1779559049326,delta,"0,0.05"
1779559049374,1779559049387,1294,1779559006301,1779559049365,delta,"0,0.05"
1779559049405,1779559049427,1295,1779559006301,1779559049396,delta,"0,0.05"
1779559049437,1779559049479,1296,1779559006301,1779559049429,delta,"0,0.05"
1779559049469,1779559049479,1297,1779559006301,1779559049461,delta,"0,0.05"
1779559049501,1779559049513,1298,1779559006301,1779559049493,delta,"0,0.05"
1779559049533,1779559049553,1299,1779559006301,1779559049525,delta,"0,0.05"
1779559049565,1779559049606,1300,1779559006301,1779559049557,delta,"0,0.05"
1779559049598,1779559049606,1301,1779559006301,1779559049589,delta,"0,0.05"
1779559049630,1779559049640,1302,1779559006301,1779559049622,delta,"0,0.05"
1779559049662,1779559049679,1303,1779559006301,1779559049654,delta,"0,0.05"
1779559049694,1779559049733,1304,1779559006301,1779559049686,delta,"0,0.05"
1779559049727,1779559049733,1305,1779559006301,1779559049719,delta,"0,0.05"
1779559049769,1779559049805,1306,1779559006301,1779559049760,delta,"0,0.05"
1779559049800,1779559049805,1307,1779559006301,1779559049792,delta,"0,0.05"
1779559049840,1779559049858,1308,1779559006301,1779559049832,delta,"0,0.05"
1779559049871,1779559049892,1309,1779559006301,1779559049863,delta,"0,0.05"
1779559049903,1779559049931,1310,1779559006301,1779559049895,delta,"0,0.05"
1779559049935,1779559049985,1311,1779559006301,1779559049927,delta,"0,0.05"
1779559049967,1779559049985,1312,1779559006301,1779559049959,delta,"0,0.05"
1779559049999,1779559050023,1313,1779559006301,1779559049991,delta,"0,0.05"
1779559050031,1779559050061,1314,1779559006301,1779559050023,delta,"0,0.05"
1779559050063,1779559050115,1315,1779559006301,1779559050055,delta,"0,0.05"
1779559050096,1779559050115,1316,1779559006301,1779559050087,delta,"0,0.05"
1779559050128,1779559050149,1317,1779559006301,1779559050119,delta,"0,0.05"
1779559050160,1779559050189,1318,1779559006301,1779559050152,delta,"0,0.05"
1779559050192,1779559050243,1319,1779559006301,1779559050184,delta,"0,0.05"
1779559050225,1779559050243,1320,1779559006301,1779559050216,delta,"0,0.05"
1779559050297,1779559050320,1321,1779559006301,1779559050288,delta,"0,0.05"
1779559050300,1779559050320,1322,1779559006301,1779559050292,delta,"0,0.05"
1779559050332,1779559050374,1323,1779559006301,1779559050323,delta,"0,0.05"
1779559050403,1779559050408,1324,1779559006301,1779559050394,delta,"0,0.05"
1779559050406,1779559050413,1325,1779559006301,1779559050398,delta,"0,0.05"
1779559050438,1779559050447,1326,1779559006301,1779559050429,delta,"0,0.05"
1779559050470,1779559050500,1327,1779559006301,1779559050462,delta,"0,0.05"
1779559050502,1779559050533,1328,1779559006301,1779559050494,delta,"0,0.05"
1779559050535,1779559050572,1329,1779559006301,1779559050526,delta,"0,0.05"
1779559050566,1779559050573,1330,1779559006301,1779559050558,delta,"0,0.05"
1779559050599,1779559050625,1331,1779559006301,1779559050590,delta,"0,0.05"
1779559050631,1779559050658,1332,1779559006301,1779559050622,delta,"0,0.05"
1779559050662,1779559050697,1333,1779559006301,1779559050654,delta,"0,0.05"
1779559050694,1779559050697,1334,1779559006301,1779559050686,delta,"0,0.05"
1779559050727,1779559050750,1335,1779559006301,1779559050718,delta,"0,0.05"
1779559050760,1779559050785,1336,1779559006301,1779559050751,delta,"0,0.05"
1779559050799,1779559050826,1337,1779559006301,1779559050791,delta,"0,0.05"
1779559050868,1779559050879,1338,1779559006301,1779559050859,delta,"0,0.05"
1779559050872,1779559050879,1339,1779559006301,1779559050863,delta,"0,0.05"
1779559050903,1779559050915,1340,1779559006301,1779559050894,delta,"0,0.05"
1779559050935,1779559050955,1341,1779559006301,1779559050927,delta,"0,0.05"
1779559050967,1779559051008,1342,1779559006301,1779559050958,delta,"0,0.05"
1779559050999,1779559051008,1343,1779559006301,1779559050990,delta,"0,0.05"
1779559051031,1779559051042,1344,1779559006301,1779559051023,delta,"0,0.05"
1779559051063,1779559051082,1345,1779559006301,1779559051055,delta,"0,0.05"
1779559051095,1779559051135,1346,1779559006301,1779559051086,delta,"0,0.05"
1779559051128,1779559051135,1347,1779559006301,1779559051119,delta,"0,0.05"
1779559051160,1779559051168,1348,1779559006301,1779559051152,delta,"0,0.05"
1779559051192,1779559051209,1349,1779559006301,1779559051183,delta,"0,0.05"
1779559051224,1779559051263,1350,1779559006301,1779559051216,delta,"0,0.05"
1779559051256,1779559051263,1351,1779559006301,1779559051248,delta,"0,0.05"
1779559051298,1779559051337,1352,1779559006301,1779559051289,delta,"0,0.05"
1779559051328,1779559051337,1353,1779559006301,1779559051320,delta,"0,0.05"
1779559051368,1779559051390,1354,1779559006301,1779559051360,delta,"0,0.05"
1779559051399,1779559051425,1355,1779559006301,1779559051391,delta,"0,0.05"
1779559051431,1779559051464,1356,1779559006301,1779559051422,delta,"0,0.05"
1779559051463,1779559051464,1357,1779559006301,1779559051455,delta,"0,0.05"
1779559051495,1779559051519,1358,1779559006301,1779559051487,delta,"0,0.05"
1779559051527,1779559051553,1359,1779559006301,1779559051519,delta,"0,0.05"
1779559051560,1779559051595,1360,1779559006301,1779559051551,delta,"0,0.05"
1779559051592,1779559051595,1361,1779559006301,1779559051583,delta,"0,0.05"
1779559051623,1779559051648,1362,1779559006301,1779559051615,delta,"0,0.05"
1779559051656,1779559051684,1363,1779559006301,1779559051647,delta,"0,0.05"
1779559051687,1779559051724,1364,1779559006301,1779559051679,delta,"0,0.05"
1779559051719,1779559051724,1365,1779559006301,1779559051711,delta,"0,0.05"
1779559051752,1779559051776,1366,1779559006301,1779559051743,delta,"0,0.05"
1779559051822,1779559051849,1367,1779559006301,1779559051814,delta,"0,0.05"
1779559051826,1779559051849,1368,1779559006301,1779559051817,delta,"0,0.05"
1779559051857,1779559051902,1369,1779559006301,1779559051849,delta,"0,0.05"
1779559051929,1779559051936,1370,1779559006301,1779559051921,delta,"0,0.05"
1779559051933,1779559051936,1371,1779559006301,1779559051925,delta,"0,0.05"
1779559051965,1779559051975,1372,1779559006301,1779559051956,delta,"0,0.05"
1779559051997,1779559052029,1373,1779559006301,1779559051989,delta,"0,0.05"
1779559052029,1779559052029,1374,1779559006301,1779559052020,delta,"0,0.05"
1779559052061,1779559052064,1375,1779559006301,1779559052053,delta,"0,0.05"
1779559052096,1779559052104,1376,1779559006301,1779559052087,delta,"0,0.05"
1779559052134,1779559052157,1377,1779559006301,1779559052125,delta,"0,0.05"
1779559052169,1779559052191,1378,1779559006301,1779559052160,delta,"0,0.05"
1779559052205,1779559052230,1379,1779559006301,1779559052196,delta,"0,0.05"
1779559052241,1779559052283,1380,1779559006301,1779559052232,delta,"0,0.05"
1779559052276,1779559052283,1381,1779559006301,1779559052268,delta,"0,0.05"
1779559052311,1779559052316,1382,1779559006301,1779559052303,delta,"0,0.05"
1779559052353,1779559052356,1383,1779559006301,1779559052345,delta,"0,0.05"
1779559052386,1779559052409,1384,1779559006301,1779559052378,delta,"0,0.05"
1779559052425,1779559052442,1385,1779559006301,1779559052417,delta,"0,0.05"
1779559052456,1779559052482,1386,1779559006301,1779559052448,delta,"0,0.05"
1779559052488,1779559052535,1387,1779559006301,1779559052480,delta,"0,0.05"
1779559052521,1779559052535,1388,1779559006301,1779559052512,delta,"0,0.05"
1779559052552,1779559052568,1389,1779559006301,1779559052544,delta,"0,0.05"
1779559052585,1779559052608,1390,1779559006301,1779559052576,delta,"0,0.05"
1779559052617,1779559052661,1391,1779559006301,1779559052608,delta,"0,0.05"
1779559052649,1779559052661,1392,1779559006301,1779559052640,delta,"0,0.05"
1779559052681,1779559052695,1393,1779559006301,1779559052673,delta,"0,0.05"
1779559052713,1779559052734,1394,1779559006301,1779559052705,delta,"0,0.05"
1779559052745,1779559052787,1395,1779559006301,1779559052737,delta,"0,0.05"
1779559052778,1779559052787,1396,1779559006301,1779559052769,delta,"0,0.05"
1779559052811,1779559052825,1397,1779559006301,1779559052802,delta,"0,0.05"
1779559052851,1779559052864,1398,1779559006301,1779559052842,delta,"0,0.05"
1779559052882,1779559052918,1399,1779559006301,1779559052874,delta,"0,0.05"
1779559052922,1779559052951,1400,1779559006301,1779559052913,delta,"0,0.05"
1779559052953,1779559052993,1401,1779559006301,1779559052945,delta,"0,0.05"
1779559052985,1779559052993,1402,1779559006301,1779559052976,delta,"0,0.05"
1779559053018,1779559053046,1403,1779559006301,1779559053009,delta,"0,0.05"
1779559053049,1779559053080,1404,1779559006301,1779559053041,delta,"0,0.05"
1779559053082,1779559053119,1405,1779559006301,1779559053073,delta,"0,0.05"
1779559053113,1779559053119,1406,1779559006301,1779559053105,delta,"0,0.05"
1779559053145,1779559053172,1407,1779559006301,1779559053137,delta,"0,0.05"
1779559053178,1779559053206,1408,1779559006301,1779559053169,delta,"0,0.05"
1779559053210,1779559053245,1409,1779559006301,1779559053202,delta,"0,0.05"
1779559053242,1779559053245,1410,1779559006301,1779559053233,delta,"0,0.05"
1779559053274,1779559053299,1411,1779559006301,1779559053266,delta,"0,0.05"
1779559053306,1779559053334,1412,1779559006301,1779559053298,delta,"0,0.05"
1779559053347,1779559053375,1413,1779559006301,1779559053338,delta,"0,0.05"
1779559053377,1779559053428,1414,1779559006301,1779559053369,delta,"0,0.05"
1779559053410,1779559053428,1415,1779559006301,1779559053401,delta,"0,0.05"
1779559053442,1779559053462,1416,1779559006301,1779559053433,delta,"0,0.05"
1779559053474,1779559053504,1417,1779559006301,1779559053466,delta,"0,0.05"
1779559053506,1779559053558,1418,1779559006301,1779559053498,delta,"0,0.05"
1779559053547,1779559053558,1419,1779559006301,1779559053538,delta,"0,0.05"
1779559053578,1779559053594,1420,1779559006301,1779559053569,delta,"0,0.05"
1779559053610,1779559053633,1421,1779559006301,1779559053602,delta,"0,0.05"
1779559053642,1779559053686,1422,1779559006301,1779559053633,delta,"0,0.05"
1779559053674,1779559053686,1423,1779559006301,1779559053665,delta,"0,0.05"
1779559053706,1779559053720,1424,1779559006301,1779559053698,delta,"0,0.05"
1779559053738,1779559053759,1425,1779559006301,1779559053730,delta,"0,0.05"
1779559053770,1779559053812,1426,1779559006301,1779559053762,delta,"0,0.05"
1779559053805,1779559053812,1427,1779559006301,1779559053794,delta,"0,0.05"
1779559053874,1779559053884,1428,1779559006301,1779559053865,delta,"0,0.05"
1779559053877,1779559053884,1429,1779559006301,1779559053869,delta,"0,0.05"
1779559053910,1779559053937,1430,1779559006301,1779559053901,delta,"0,0.05"
1779559053950,1779559053970,1431,1779559006301,1779559053942,delta,"0,0.05"
1779559053981,1779559054009,1432,1779559006301,1779559053973,delta,"0,0.05"
1779559054013,1779559054063,1433,1779559006301,1779559054005,delta,"0,0.05"
1779559054046,1779559054063,1434,1779559006301,1779559054037,delta,"0,0.05"
1779559054078,1779559054097,1435,1779559006301,1779559054069,delta,"0,0.05"
1779559054110,1779559054136,1436,1779559006301,1779559054102,delta,"0,0.05"
1779559054142,1779559054189,1437,1779559006301,1779559054133,delta,"0,0.05"
1779559054174,1779559054189,1438,1779559006301,1779559054165,delta,"0,0.05"
1779559054206,1779559054222,1439,1779559006301,1779559054198,delta,"0,0.05"
1779559054238,1779559054262,1440,1779559006301,1779559054230,delta,"0,0.05"
1779559054270,1779559054315,1441,1779559006301,1779559054262,delta,"0,0.05"
1779559054303,1779559054315,1442,1779559006301,1779559054295,delta,"0,0.05"
1779559054374,1779559054387,1443,1779559006301,1779559054365,delta,"0,0.05"
1779559054377,1779559054387,1444,1779559006301,1779559054369,delta,"0,0.05"
1779559054410,1779559054441,1445,1779559006301,1779559054402,delta,"0,0.05"
1779559054449,1779559054476,1446,1779559006301,1779559054441,delta,"0,0.05"
1779559054480,1779559054516,1447,1779559006301,1779559054472,delta,"0,0.05"
1779559054512,1779559054516,1448,1779559006301,1779559054504,delta,"0,0.05"
1779559054544,1779559054569,1449,1779559006301,1779559054536,delta,"0,0.05"
1779559054577,1779559054605,1450,1779559006301,1779559054568,delta,"0,0.05"
1779559054609,1779559054645,1451,1779559006301,1779559054600,delta,"0,0.05"
1779559054641,1779559054645,1452,1779559006301,1779559054633,delta,"0,0.05"
1779559054673,1779559054698,1453,1779559006301,1779559054665,delta,"0,0.05"
1779559054705,1779559054732,1454,1779559006301,1779559054697,delta,"0,0.05"
1779559054737,1779559054771,1455,1779559006301,1779559054729,delta,"0,0.05"
1779559054769,1779559054772,1456,1779559006301,1779559054761,delta,"0,0.05"
1779559054802,1779559054824,1457,1779559006301,1779559054793,delta,"0,0.05"
1779559054834,1779559054860,1458,1779559006301,1779559054825,delta,"0,0.05"
1779559054867,1779559054900,1459,1779559006301,1779559054859,delta,"0,0.05"
1779559054907,1779559054955,1460,1779559006301,1779559054898,delta,"0,0.05"
1779559054976,1779559054989,1461,1779559006301,1779559054967,delta,"0,0.05"
1779559054979,1779559054989,1462,1779559006301,1779559054971,delta,"0,0.05"
1779559055010,1779559055028,1463,1779559006301,1779559055002,delta,"0,0.05"
1779559055043,1779559055081,1464,1779559006301,1779559055035,delta,"0,0.05"
1779559055075,1779559055081,1465,1779559006301,1779559055066,delta,"0,0.05"
1779559055107,1779559055115,1466,1779559006301,1779559055098,delta,"0,0.05"
1779559055139,1779559055154,1467,1779559006301,1779559055131,delta,"0,0.05"
1779559055171,1779559055208,1468,1779559006301,1779559055163,delta,"0,0.05"
1779559055203,1779559055208,1469,1779559006301,1779559055195,delta,"0,0.05"
1779559055235,1779559055247,1470,1779559006301,1779559055227,delta,"0,0.05"
1779559055267,1779559055289,1471,1779559006301,1779559055259,delta,"0,0.05"
1779559055300,1779559055342,1472,1779559006301,1779559055291,delta,"0,0.05"
1779559055334,1779559055342,1473,1779559006301,1779559055324,delta,"0,0.05"
1779559055365,1779559055375,1474,1779559006301,1779559055356,delta,"0,0.05"
1779559055405,1779559055414,1475,1779559006301,1779559055396,delta,"0,0.05"
1779559055435,1779559055467,1476,1779559006301,1779559055427,delta,"0,0.05"
1779559055475,1779559055501,1477,1779559006301,1779559055467,delta,"0,0.05"
1779559055506,1779559055540,1478,1779559006301,1779559055498,delta,"0,0.05"
1779559055538,1779559055540,1479,1779559006301,1779559055530,delta,"0,0.05"
1779559055570,1779559055592,1480,1779559006301,1779559055562,delta,"0,0.05"
1779559055602,1779559055626,1481,1779559006301,1779559055594,delta,"0,0.05"
1779559055635,1779559055665,1482,1779559006301,1779559055626,delta,"0,0.05"
1779559055666,1779559055717,1483,1779559006301,1779559055658,delta,"0,0.05"
1779559055698,1779559055717,1484,1779559006301,1779559055690,delta,"0,0.05"
1779559055731,1779559055751,1485,1779559006301,1779559055723,delta,"0,0.05"
1779559055763,1779559055790,1486,1779559006301,1779559055755,delta,"0,0.05"
1779559055795,1779559055843,1487,1779559006301,1779559055787,delta,"0,0.05"
1779559055827,1779559055843,1488,1779559006301,1779559055819,delta,"0,0.05"
1779559055860,1779559055877,1489,1779559006301,1779559055851,delta,"0,0.05"
1779559055931,1779559055970,1490,1779559006301,1779559055923,delta,"0,0.05"
1779559055934,1779559055970,1491,1779559006301,1779559055926,delta,"0,0.05"
1779559055967,1779559055970,1492,1779559006301,1779559055958,delta,"0,0.05"
1779559056006,1779559056044,1493,1779559006301,1779559055998,delta,"0,0.05"
1779559056037,1779559056044,1494,1779559006301,1779559056028,delta,"0,0.05"
1779559056069,1779559056096,1495,1779559006301,1779559056060,delta,"0,0.05"
1779559056101,1779559056130,1496,1779559006301,1779559056093,delta,"0,0.05"
1779559056133,1779559056170,1497,1779559006301,1779559056125,delta,"0,0.05"
1779559056165,1779559056170,1498,1779559006301,1779559056157,delta,"0,0.05"
1779559056197,1779559056223,1499,1779559006301,1779559056189,delta,"0,0.05"
1779559056229,1779559056257,1500,1779559006301,1779559056221,delta,"0,0.05"
1779559056261,1779559056296,1501,1779559006301,1779559056253,delta,"0,0.05"
1779559056294,1779559056297,1502,1779559006301,1779559056285,delta,"0,0.05"
1779559056326,1779559056349,1503,1779559006301,1779559056317,delta,"0,0.05"
1779559056358,1779559056382,1504,1779559006301,1779559056350,delta,"0,0.05"
1779559056429,1779559056474,1505,1779559006301,1779559056421,delta,"0,0.05"
1779559056433,1779559056474,1506,1779559006301,1779559056424,delta,"0,0.05"
1779559056467,1779559056474,1507,1779559006301,1779559056457,delta,"0,0.05"
1779559056505,1779559056508,1508,1779559006301,1779559056496,delta,"0,0.05"
1779559056536,1779559056548,1509,1779559006301,1779559056527,delta,"0,0.05"
1779559056567,1779559056600,1510,1779559006301,1779559056559,delta,"0,0.05"
1779559056600,1779559056600,1511,1779559006301,1779559056591,delta,"0,0.05"
1779559056632,1779559056634,1512,1779559006301,1779559056623,delta,"0,0.05"
1779559056664,1779559056673,1513,1779559006301,1779559056655,delta,"0,0.05"
1779559056696,1779559056725,1514,1779559006301,1779559056688,delta,"0,0.05"
1779559056728,1779559056759,1515,1779559006301,1779559056719,delta,"0,0.05"
1779559056760,1779559056798,1516,1779559006301,1779559056752,delta,"0,0.05"
1779559056792,1779559056798,1517,1779559006301,1779559056784,delta,"0,0.05"
1779559056824,1779559056851,1518,1779559006301,1779559056816,delta,"0,0.05"
1779559056857,1779559056885,1519,1779559006301,1779559056848,delta,"0,0.05"
1779559056927,1779559056978,1520,1779559006301,1779559056919,delta,"0,0.05"
1779559056930,1779559056978,1521,1779559006301,1779559056922,delta,"0,0.05"
1779559056962,1779559056978,1522,1779559006301,1779559056954,delta,"0,0.05"
1779559057002,1779559057011,1523,1779559006301,1779559056994,delta,"0,0.05"
1779559057033,1779559057050,1524,1779559006301,1779559057025,delta,"0,0.05"
1779559057065,1779559057102,1525,1779559006301,1779559057057,delta,"0,0.05"
1779559057097,1779559057102,1526,1779559006301,1779559057089,delta,"0,0.05"
1779559057130,1779559057136,1527,1779559006301,1779559057121,delta,"0,0.05"
1779559057162,1779559057175,1528,1779559006301,1779559057153,delta,"0,0.05"
1779559057194,1779559057227,1529,1779559006301,1779559057186,delta,"0,0.05"
1779559057226,1779559057227,1530,1779559006301,1779559057217,delta,"0,0.05"
1779559057258,1779559057260,1531,1779559006301,1779559057250,delta,"0,0.05"
1779559057291,1779559057299,1532,1779559006301,1779559057282,delta,"0,0.05"
1779559057322,1779559057353,1533,1779559006301,1779559057314,delta,"0,0.05"
1779559057354,1779559057387,1534,1779559006301,1779559057346,delta,"0,0.05"
1779559057387,1779559057427,1535,1779559006301,1779559057379,delta,"0,0.05"
1779559057420,1779559057427,1536,1779559006301,1779559057411,delta,"0,0.05"
1779559057460,1779559057480,1537,1779559006301,1779559057451,delta,"0,0.05"
1779559057491,1779559057514,1538,1779559006301,1779559057482,delta,"0,0.05"
1779559057532,1779559057554,1539,1779559006301,1779559057523,delta,"0,0.05"
1779559057562,1779559057607,1540,1779559006301,1779559057554,delta,"0,0.05"
1779559057595,1779559057607,1541,1779559006301,1779559057586,delta,"0,0.05"
1779559057627,1779559057640,1542,1779559006301,1779559057619,delta,"0,0.05"
1779559057659,1779559057682,1543,1779559006301,1779559057651,delta,"0,0.05"
1779559057691,1779559057736,1544,1779559006301,1779559057683,delta,"0,0.05"
1779559057723,1779559057736,1545,1779559006301,1779559057715,delta,"0,0.05"
1779559057755,1779559057769,1546,1779559006301,1779559057747,delta,"0,0.05"
1779559057787,1779559057809,1547,1779559006301,1779559057779,delta,"0,0.05"
1779559057820,1779559057862,1548,1779559006301,1779559057811,delta,"0,0.05"
1779559057852,1779559057862,1549,1779559006301,1779559057843,delta,"0,0.05"
1779559057884,1779559057896,1550,1779559006301,1779559057876,delta,"0,0.05"
1779559057916,1779559057937,1551,1779559006301,1779559057908,delta,"0,0.05"
1779559057956,1779559057990,1552,1779559006301,1779559057948,delta,"0,0.05"
1779559057987,1779559057990,1553,1779559006301,1779559057979,delta,"0,0.05"
1779559058020,1779559058024,1554,1779559006301,1779559058012,delta,"0,0.05"
1779559058060,1779559058064,1555,1779559006301,1779559058051,delta,"0,0.05"
1779559058091,1779559058117,1556,1779559006301,1779559058082,delta,"0,0.05"
1779559058123,1779559058151,1557,1779559006301,1779559058114,delta,"0,0.05"
1779559058155,1779559058191,1558,1779559006301,1779559058146,delta,"0,0.05"
1779559058187,1779559058191,1559,1779559006301,1779559058179,delta,"0,0.05"
1779559058219,1779559058244,1560,1779559006301,1779559058211,delta,"0,0.05"
1779559058251,1779559058278,1561,1779559006301,1779559058243,delta,"0,0.05"
1779559058283,1779559058318,1562,1779559006301,1779559058275,delta,"0,0.05"
1779559058316,1779559058318,1563,1779559006301,1779559058307,delta,"0,0.05"
1779559058348,1779559058370,1564,1779559006301,1779559058339,delta,"0,0.05"
1779559058380,1779559058408,1565,1779559006301,1779559058372,delta,"0,0.05"
1779559058413,1779559058448,1566,1779559006301,1779559058404,delta,"0,0.05"
1779559058452,1779559058502,1567,1779559006301,1779559058444,delta,"0,0.05"
1779559058484,1779559058502,1568,1779559006301,1779559058475,delta,"0,0.05"
1779559058523,1779559058536,1569,1779559006301,1779559058515,delta,"0,0.05"
1779559058554,1779559058575,1570,1779559006301,1779559058546,delta,"0,0.05"
1779559058586,1779559058629,1571,1779559006301,1779559058578,delta,"0,0.05"
1779559058621,1779559058629,1572,1779559006301,1779559058610,delta,"0,0.05"
1779559058650,1779559058662,1573,1779559006301,1779559058642,delta,"0,0.05"
1779559058682,1779559058701,1574,1779559006301,1779559058674,delta,"0,0.05"
1779559058714,1779559058753,1575,1779559006301,1779559058706,delta,"0,0.05"
1779559058747,1779559058754,1576,1779559006301,1779559058738,delta,"0,0.05"
1779559058778,1779559058788,1577,1779559006301,1779559058770,delta,"0,0.05"
1779559058811,1779559058827,1578,1779559006301,1779559058803,delta,"0,0.05"
1779559058842,1779559058881,1579,1779559006301,1779559058834,delta,"0,0.05"
1779559058875,1779559058881,1580,1779559006301,1779559058866,delta,"0,0.05"
1779559058907,1779559058915,1581,1779559006301,1779559058899,delta,"0,0.05"
1779559058978,1779559059008,1582,1779559006301,1779559058970,delta,"0,0.05"
1779559058981,1779559059008,1583,1779559006301,1779559058973,delta,"0,0.05"
1779559059013,1779559059041,1584,1779559006301,1779559059005,delta,"0,0.05"
1779559059053,1779559059080,1585,1779559006301,1779559059045,delta,"0,0.05"
1779559059084,1779559059133,1586,1779559006301,1779559059076,delta,"0,0.05"
1779559059116,1779559059133,1587,1779559006301,1779559059108,delta,"0,0.05"
1779559059148,1779559059166,1588,1779559006301,1779559059139,delta,"0,0.05"
1779559059180,1779559059205,1589,1779559006301,1779559059172,delta,"0,0.05"
1779559059212,1779559059258,1590,1779559006301,1779559059204,delta,"0,0.05"
1779559059244,1779559059258,1591,1779559006301,1779559059236,delta,"0,0.05"
1779559059276,1779559059291,1592,1779559006301,1779559059268,delta,"0,0.05"
1779559059308,1779559059330,1593,1779559006301,1779559059300,delta,"0,0.05"
1779559059341,1779559059384,1594,1779559006301,1779559059332,delta,"0,0.05"
1779559059373,1779559059384,1595,1779559006301,1779559059364,delta,"0,0.05"
1779559059405,1779559059420,1596,1779559006301,1779559059396,delta,"0,0.05"
1779559059437,1779559059458,1597,1779559006301,1779559059429,delta,"0,0.05"
1779559059470,1779559059512,1598,1779559006301,1779559059462,delta,"0,0.05"
1779559059510,1779559059512,1599,1779559006301,1779559059502,delta,"0,0.05"
1779559059579,1779559059586,1600,1779559006301,1779559059571,delta,"0,0.05"
1779559059582,1779559059586,1601,1779559006301,1779559059574,delta,"0,0.05"
1779559059614,1779559059638,1602,1779559006301,1779559059605,delta,"0,0.05"
1779559059646,1779559059675,1603,1779559006301,1779559059638,delta,"0,0.05"
1779559059678,1779559059714,1604,1779559006301,1779559059670,delta,"0,0.05"
1779559059711,1779559059714,1605,1779559006301,1779559059702,delta,"0,0.05"
1779559059743,1779559059767,1606,1779559006301,1779559059734,delta,"0,0.05"
1779559059775,1779559059801,1607,1779559006301,1779559059766,delta,"0,0.05"
1779559059807,1779559059840,1608,1779559006301,1779559059798,delta,"0,0.05"
1779559059839,1779559059840,1609,1779559006301,1779559059830,delta,"0,0.05"
1779559059871,1779559059893,1610,1779559006301,1779559059863,delta,"0,0.05"
1779559059903,1779559059926,1611,1779559006301,1779559059894,delta,"0,0.05"
1779559059935,1779559059965,1612,1779559006301,1779559059927,delta,"0,0.05"
1779559059967,1779559060019,1613,1779559006301,1779559059959,delta,"0,0.05"
1779559060007,1779559060019,1614,1779559006301,1779559059999,delta,"0,0.05"
1779559060038,1779559060053,1615,1779559006301,1779559060029,delta,"0,0.05"
1779559060071,1779559060093,1616,1779559006301,1779559060063,delta,"0,0.05"
1779559060110,1779559060146,1617,1779559006301,1779559060102,delta,"0,0.05"
1779559060141,1779559060146,1618,1779559006301,1779559060132,delta,"0,0.05"
1779559060173,1779559060181,1619,1779559006301,1779559060165,delta,"0,0.05"
1779559060206,1779559060220,1620,1779559006301,1779559060197,delta,"0,0.05"
1779559060238,1779559060273,1621,1779559006301,1779559060229,delta,"0,0.05"
1779559060270,1779559060273,1622,1779559006301,1779559060261,delta,"0,0.05"
1779559060302,1779559060307,1623,1779559006301,1779559060293,delta,"0,0.05"
1779559060334,1779559060346,1624,1779559006301,1779559060325,delta,"0,0.05"
1779559060366,1779559060399,1625,1779559006301,1779559060358,delta,"0,0.05"
1779559060398,1779559060399,1626,1779559006301,1779559060390,delta,"0,0.05"
1779559060430,1779559060433,1627,1779559006301,1779559060422,delta,"0,0.05"
1779559060463,1779559060472,1628,1779559006301,1779559060454,delta,"0,0.05"
1779559060503,1779559060526,1629,1779559006301,1779559060495,delta,"0,0.05"
1779559060533,1779559060559,1630,1779559006301,1779559060525,delta,"0,0.05"
1779559060567,1779559060598,1631,1779559006301,1779559060558,delta,"0,0.05"
1779559060607,1779559060651,1632,1779559006301,1779559060598,delta,"0,0.05"
1779559060637,1779559060651,1633,1779559006301,1779559060629,delta,"0,0.05"
1779559060670,1779559060685,1634,1779559006301,1779559060661,delta,"0,0.05"
1779559060701,1779559060724,1635,1779559006301,1779559060693,delta,"0,0.05"
1779559060734,1779559060777,1636,1779559006301,1779559060725,delta,"0,0.05"
1779559060766,1779559060777,1637,1779559006301,1779559060757,delta,"0,0.05"
1779559060798,1779559060810,1638,1779559006301,1779559060789,delta,"0,0.05"
1779559060830,1779559060850,1639,1779559006301,1779559060822,delta,"0,0.05"
1779559060862,1779559060903,1640,1779559006301,1779559060854,delta,"0,0.05"
1779559060894,1779559060903,1641,1779559006301,1779559060885,delta,"0,0.05"
1779559060926,1779559060936,1642,1779559006301,1779559060918,delta,"0,0.05"
1779559060959,1779559060976,1643,1779559006301,1779559060950,delta,"0,0.05"
1779559061030,1779559061063,1644,1779559006301,1779559061021,delta,"0,0.05"
1779559061033,1779559061063,1645,1779559006301,1779559061025,delta,"0,0.05"
1779559061065,1779559061103,1646,1779559006301,1779559061057,delta,"0,0.05"
1779559061105,1779559061156,1647,1779559006301,1779559061096,delta,"0,0.05"
1779559061136,1779559061156,1648,1779559006301,1779559061127,delta,"0,0.05"
1779559061168,1779559061189,1649,1779559006301,1779559061159,delta,"0,0.05"
1779559061200,1779559061229,1650,1779559006301,1779559061192,delta,"0,0.05"
1779559061232,1779559061281,1651,1779559006301,1779559061223,delta,"0,0.05"
1779559061264,1779559061281,1652,1779559006301,1779559061256,delta,"0,0.05"
1779559061296,1779559061315,1653,1779559006301,1779559061288,delta,"0,0.05"
1779559061328,1779559061354,1654,1779559006301,1779559061320,delta,"0,0.05"
1779559061361,1779559061407,1655,1779559006301,1779559061352,delta,"0,0.05"
1779559061392,1779559061407,1656,1779559006301,1779559061384,delta,"0,0.05"
1779559061424,1779559061440,1657,1779559006301,1779559061416,delta,"0,0.05"
1779559061457,1779559061480,1658,1779559006301,1779559061449,delta,"0,0.05"
1779559061490,1779559061533,1659,1779559006301,1779559061481,delta,"0,0.05"
1779559061531,1779559061533,1660,1779559006301,1779559061522,delta,"0,0.05"
1779559061561,1779559061567,1661,1779559006301,1779559061553,delta,"0,0.05"
1779559061601,1779559061607,1662,1779559006301,1779559061593,delta,"0,0.05"
1779559061632,1779559061660,1663,1779559006301,1779559061624,delta,"0,0.05"
1779559061664,1779559061693,1664,1779559006301,1779559061656,delta,"0,0.05"
1779559061696,1779559061734,1665,1779559006301,1779559061688,delta,"0,0.05"
1779559061729,1779559061734,1666,1779559006301,1779559061720,delta,"0,0.05"
1779559061761,1779559061790,1667,1779559006301,1779559061752,delta,"0,0.05"
1779559061793,1779559061824,1668,1779559006301,1779559061784,delta,"0,0.05"
1779559061825,1779559061864,1669,1779559006301,1779559061817,delta,"0,0.05"
1779559061857,1779559061864,1670,1779559006301,1779559061849,delta,"0,0.05"
1779559061889,1779559061917,1671,1779559006301,1779559061881,delta,"0,0.05"
1779559061921,1779559061950,1672,1779559006301,1779559061913,delta,"0,0.05"
1779559061954,1779559061990,1673,1779559006301,1779559061945,delta,"0,0.05"
1779559061986,1779559061990,1674,1779559006301,1779559061978,delta,"0,0.05"
1779559062019,1779559062044,1675,1779559006301,1779559062011,delta,"0,0.05"
1779559062060,1779559062078,1676,1779559006301,1779559062051,delta,"0,0.05"
1779559062093,1779559062118,1677,1779559006301,1779559062085,delta,"0,0.05"
1779559062129,1779559062172,1678,1779559006301,1779559062121,delta,"0,0.05"
1779559062170,1779559062172,1679,1779559006301,1779559062162,delta,"0,0.05"
1779559062205,1779559062207,1680,1779559006301,1779559062197,delta,"0,0.05"
1779559062241,1779559062246,1681,1779559006301,1779559062233,delta,"0,0.05"
1779559062277,1779559062299,1682,1779559006301,1779559062269,delta,"0,0.05"
1779559062313,1779559062334,1683,1779559006301,1779559062305,delta,"0,0.05"
1779559062346,1779559062373,1684,1779559006301,1779559062338,delta,"0,0.05"
1779559062378,1779559062426,1685,1779559006301,1779559062369,delta,"0,0.05"
1779559062410,1779559062426,1686,1779559006301,1779559062402,delta,"0,0.05"
1779559062443,1779559062460,1687,1779559006301,1779559062434,delta,"0,0.05"
1779559062475,1779559062502,1688,1779559006301,1779559062466,delta,"0,0.05"
1779559062507,1779559062557,1689,1779559006301,1779559062499,delta,"0,0.05"
1779559062541,1779559062557,1690,1779559006301,1779559062533,delta,"0,0.05"
1779559062580,1779559062591,1691,1779559006301,1779559062572,delta,"0,0.05"
1779559062611,1779559062631,1692,1779559006301,1779559062603,delta,"0,0.05"
1779559062652,1779559062684,1693,1779559006301,1779559062644,delta,"0,0.05"
1779559062683,1779559062684,1694,1779559006301,1779559062675,delta,"0,0.05"
1779559062715,1779559062719,1695,1779559006301,1779559062707,delta,"0,0.05"
1779559062747,1779559062758,1696,1779559006301,1779559062739,delta,"0,0.05"
1779559062779,1779559062813,1697,1779559006301,1779559062771,delta,"0,0.05"
1779559062812,1779559062813,1698,1779559006301,1779559062803,delta,"0,0.05"
1779559062843,1779559062849,1699,1779559006301,1779559062835,delta,"0,0.05"
1779559062875,1779559062889,1700,1779559006301,1779559062867,delta,"0,0.05"
1779559062908,1779559062942,1701,1779559006301,1779559062899,delta,"0,0.05"
1779559062940,1779559062942,1702,1779559006301,1779559062932,delta,"0,0.05"
1779559062972,1779559062976,1703,1779559006301,1779559062963,delta,"0,0.05"
1779559063004,1779559063016,1704,1779559006301,1779559062995,delta,"0,0.05"
1779559063037,1779559063071,1705,1779559006301,1779559063028,delta,"0,0.05"
1779559063076,1779559063108,1706,1779559006301,1779559063068,delta,"0,0.05"
1779559063108,1779559063108,1707,1779559006301,1779559063100,delta,"0,0.05"
1779559063148,1779559063201,1708,1779559006301,1779559063139,delta,"0,0.05"
1779559063178,1779559063201,1709,1779559006301,1779559063169,delta,"0,0.05"
1779559063210,1779559063234,1710,1779559006301,1779559063202,delta,"0,0.05"
1779559063242,1779559063274,1711,1779559006301,1779559063234,delta,"0,0.05"
1779559063274,1779559063274,1712,1779559006301,1779559063266,delta,"0,0.05"
1779559063306,1779559063327,1713,1779559006301,1779559063298,delta,"0,0.05"
1779559063338,1779559063360,1714,1779559006301,1779559063330,delta,"0,0.05"
1779559063371,1779559063399,1715,1779559006301,1779559063362,delta,"0,0.05"
1779559063402,1779559063452,1716,1779559006301,1779559063394,delta,"0,0.05"
1779559063435,1779559063452,1717,1779559006301,1779559063426,delta,"0,0.05"
1779559063466,1779559063486,1718,1779559006301,1779559063458,delta,"0,0.05"
1779559063499,1779559063525,1719,1779559006301,1779559063490,delta,"0,0.05"
1779559063531,1779559063578,1720,1779559006301,1779559063523,delta,"0,0.05"
1779559063602,1779559063611,1721,1779559006301,1779559063594,delta,"0,0.05"
1779559063606,1779559063611,1722,1779559006301,1779559063598,delta,"0,0.05"
1779559063638,1779559063650,1723,1779559006301,1779559063630,delta,"0,0.05"
1779559063681,1779559063703,1724,1779559006301,1779559063672,delta,"0,0.05"
1779559063711,1779559063736,1725,1779559006301,1779559063703,delta,"0,0.05"
1779559063743,1779559063776,1726,1779559006301,1779559063735,delta,"0,0.05"
1779559063775,1779559063776,1727,1779559006301,1779559063767,delta,"0,0.05"
1779559063807,1779559063829,1728,1779559006301,1779559063799,delta,"0,0.05"
1779559063840,1779559063865,1729,1779559006301,1779559063831,delta,"0,0.05"
1779559063872,1779559063904,1730,1779559006301,1779559063863,delta,"0,0.05"
1779559063904,1779559063904,1731,1779559006301,1779559063895,delta,"0,0.05"
1779559063936,1779559063957,1732,1779559006301,1779559063928,delta,"0,0.05"
1779559063968,1779559063990,1733,1779559006301,1779559063960,delta,"0,0.05"
1779559064000,1779559064031,1734,1779559006301,1779559063992,delta,"0,0.05"
1779559064032,1779559064085,1735,1779559006301,1779559064024,delta,"0,0.05"
1779559064104,1779559064118,1736,1779559006301,1779559064095,delta,"0,0.05"
1779559064107,1779559064118,1737,1779559006301,1779559064099,delta,"0,0.05"
1779559064139,1779559064162,1738,1779559006301,1779559064131,delta,"0,0.05"
1779559064210,1779559064214,1739,1779559006301,1779559064202,delta,"0,0.05"
1779559064214,1779559064215,1740,1779559006301,1779559064205,delta,"0,0.05"
1779559064245,1779559064247,1741,1779559006301,1779559064237,delta,"0,0.05"
1779559064277,1779559064287,1742,1779559006301,1779559064269,delta,"0,0.05"
1779559064310,1779559064339,1743,1779559006301,1779559064301,delta,"0,0.05"
1779559064341,1779559064373,1744,1779559006301,1779559064333,delta,"0,0.05"
1779559064374,1779559064414,1745,1779559006301,1779559064365,delta,"0,0.05"
1779559064406,1779559064415,1746,1779559006301,1779559064397,delta,"0,0.05"
1779559064437,1779559064467,1747,1779559006301,1779559064429,delta,"0,0.05"
1779559064470,1779559064501,1748,1779559006301,1779559064461,delta,"0,0.05"
1779559064501,1779559064540,1749,1779559006301,1779559064493,delta,"0,0.05"
1779559064534,1779559064540,1750,1779559006301,1779559064526,delta,"0,0.05"
1779559064566,1779559064593,1751,1779559006301,1779559064558,delta,"0,0.05"
1779559064607,1779559064626,1752,1779559006301,1779559064599,delta,"0,0.05"
1779559064676,1779559064720,1753,1779559006301,1779559064668,delta,"0,0.05"
1779559064680,1779559064720,1754,1779559006301,1779559064672,delta,"0,0.05"
1779559064712,1779559064720,1755,1779559006301,1779559064703,delta,"0,0.05"
1779559064744,1779559064754,1756,1779559006301,1779559064735,delta,"0,0.05"
1779559064776,1779559064793,1757,1779559006301,1779559064767,delta,"0,0.05"
1779559064808,1779559064846,1758,1779559006301,1779559064799,delta,"0,0.05"
1779559064840,1779559064846,1759,1779559006301,1779559064832,delta,"0,0.05"
1779559064872,1779559064879,1760,1779559006301,1779559064864,delta,"0,0.05"
1779559064905,1779559064918,1761,1779559006301,1779559064896,delta,"0,0.05"
1779559064936,1779559064971,1762,1779559006301,1779559064928,delta,"0,0.05"
1779559064968,1779559064972,1763,1779559006301,1779559064960,delta,"0,0.05"
1779559065001,1779559065005,1764,1779559006301,1779559064992,delta,"0,0.05"
1779559065032,1779559065045,1765,1779559006301,1779559065024,delta,"0,0.05"
1779559065065,1779559065098,1766,1779559006301,1779559065057,delta,"0,0.05"
1779559065098,1779559065131,1767,1779559006301,1779559065089,delta,"0,0.05"
1779559065140,1779559065171,1768,1779559006301,1779559065132,delta,"0,0.05"
1779559065170,1779559065171,1769,1779559006301,1779559065162,delta,"0,0.05"
1779559065211,1779559065224,1770,1779559006301,1779559065203,delta,"0,0.05"
1779559065242,1779559065257,1771,1779559006301,1779559065233,delta,"0,0.05"
1779559065274,1779559065297,1772,1779559006301,1779559065265,delta,"0,0.05"
1779559065306,1779559065350,1773,1779559006301,1779559065297,delta,"0,0.05"
1779559065338,1779559065350,1774,1779559006301,1779559065330,delta,"0,0.05"
1779559065370,1779559065384,1775,1779559006301,1779559065362,delta,"0,0.05"
1779559065402,1779559065424,1776,1779559006301,1779559065394,delta,"0,0.05"
1779559065434,1779559065477,1777,1779559006301,1779559065426,delta,"0,0.05"
1779559065467,1779559065477,1778,1779559006301,1779559065458,delta,"0,0.05"
1779559065499,1779559065511,1779,1779559006301,1779559065490,delta,"0,0.05"
1779559065531,1779559065552,1780,1779559006301,1779559065522,delta,"0,0.05"
1779559065563,1779559065606,1781,1779559006301,1779559065554,delta,"0,0.05"
1779559065598,1779559065606,1782,1779559006301,1779559065587,delta,"0,0.05"
1779559065637,1779559065640,1783,1779559006301,1779559065629,delta,"0,0.05"
1779559065668,1779559065680,1784,1779559006301,1779559065660,delta,"0,0.05"
1779559065707,1779559065733,1785,1779559006301,1779559065699,delta,"0,0.05"
1779559065738,1779559065768,1786,1779559006301,1779559065730,delta,"0,0.05"
1779559065770,1779559065807,1787,1779559006301,1779559065762,delta,"0,0.05"
1779559065803,1779559065807,1788,1779559006301,1779559065794,delta,"0,0.05"
1779559065835,1779559065860,1789,1779559006301,1779559065826,delta,"0,0.05"
1779559065867,1779559065894,1790,1779559006301,1779559065858,delta,"0,0.05"
1779559065899,1779559065933,1791,1779559006301,1779559065891,delta,"0,0.05"
1779559065931,1779559065933,1792,1779559006301,1779559065923,delta,"0,0.05"
1779559065963,1779559065985,1793,1779559006301,1779559065955,delta,"0,0.05"
1779559065995,1779559066020,1794,1779559006301,1779559065987,delta,"0,0.05"
1779559066028,1779559066061,1795,1779559006301,1779559066019,delta,"0,0.05"
1779559066060,1779559066061,1796,1779559006301,1779559066052,delta,"0,0.05"
1779559066093,1779559066114,1797,1779559006301,1779559066084,delta,"0,0.05"
1779559066134,1779559066147,1798,1779559006301,1779559066125,delta,"0,0.05"
1779559066165,1779559066187,1799,1779559006301,1779559066156,delta,"0,0.05"
1779559066197,1779559066240,1800,1779559006301,1779559066188,delta,"0,0.05"
1779559066229,1779559066240,1801,1779559006301,1779559066221,delta,"0,0.05"
1779559066261,1779559066276,1802,1779559006301,1779559066253,delta,"0,0.05"
1779559066293,1779559066315,1803,1779559006301,1779559066285,delta,"0,0.05"
1779559066325,1779559066368,1804,1779559006301,1779559066317,delta,"0,0.05"
1779559066358,1779559066368,1805,1779559006301,1779559066349,delta,"0,0.05"
1779559066390,1779559066402,1806,1779559006301,1779559066382,delta,"0,0.05"
1779559066422,1779559066441,1807,1779559006301,1779559066414,delta,"0,0.05"
1779559066454,1779559066494,1808,1779559006301,1779559066446,delta,"0,0.05"
1779559066486,1779559066494,1809,1779559006301,1779559066478,delta,"0,0.05"
1779559066519,1779559066527,1810,1779559006301,1779559066510,delta,"0,0.05"
1779559066551,1779559066567,1811,1779559006301,1779559066542,delta,"0,0.05"
1779559066583,1779559066620,1812,1779559006301,1779559066574,delta,"0,0.05"
1779559066615,1779559066620,1813,1779559006301,1779559066607,delta,"0,0.05"
1779559066656,1779559066693,1814,1779559006301,1779559066647,delta,"0,0.05"
1779559066687,1779559066693,1815,1779559006301,1779559066678,delta,"0,0.05"
1779559066720,1779559066746,1816,1779559006301,1779559066712,delta,"0,0.05"
1779559066761,1779559066779,1817,1779559006301,1779559066752,delta,"0,0.05"
1779559066792,1779559066819,1818,1779559006301,1779559066783,delta,"0,0.05"
1779559066824,1779559066872,1819,1779559006301,1779559066815,delta,"0,0.05"
1779559066856,1779559066873,1820,1779559006301,1779559066848,delta,"0,0.05"
1779559066888,1779559066906,1821,1779559006301,1779559066880,delta,"0,0.05"
1779559066920,1779559066945,1822,1779559006301,1779559066912,delta,"0,0.05"
1779559066952,1779559066998,1823,1779559006301,1779559066944,delta,"0,0.05"
1779559066984,1779559066998,1824,1779559006301,1779559066976,delta,"0,0.05"
1779559067017,1779559067031,1825,1779559006301,1779559067008,delta,"0,0.05"
1779559067049,1779559067070,1826,1779559006301,1779559067040,delta,"0,0.05"
1779559067081,1779559067123,1827,1779559006301,1779559067073,delta,"0,0.05"
1779559067113,1779559067123,1828,1779559006301,1779559067105,delta,"0,0.05"
1779559067184,1779559067196,1829,1779559006301,1779559067176,delta,"0,0.05"
1779559067188,1779559067196,1830,1779559006301,1779559067179,delta,"0,0.05"
1779559067221,1779559067249,1831,1779559006301,1779559067212,delta,"0,0.05"
1779559067260,1779559067284,1832,1779559006301,1779559067251,delta,"0,0.05"
1779559067291,1779559067323,1833,1779559006301,1779559067282,delta,"0,0.05"
1779559067323,1779559067323,1834,1779559006301,1779559067314,delta,"0,0.05"
1779559067355,1779559067376,1835,1779559006301,1779559067346,delta,"0,0.05"
1779559067387,1779559067411,1836,1779559006301,1779559067379,delta,"0,0.05"
1779559067419,1779559067450,1837,1779559006301,1779559067411,delta,"0,0.05"
1779559067451,1779559067504,1838,1779559006301,1779559067443,delta,"0,0.05"
1779559067483,1779559067504,1839,1779559006301,1779559067475,delta,"0,0.05"
1779559067516,1779559067539,1840,1779559006301,1779559067507,delta,"0,0.05"
1779559067548,1779559067579,1841,1779559006301,1779559067539,delta,"0,0.05"
1779559067580,1779559067633,1842,1779559006301,1779559067571,delta,"0,0.05"
1779559067612,1779559067633,1843,1779559006301,1779559067603,delta,"0,0.05"
1779559067683,1779559067707,1844,1779559006301,1779559067675,delta,"0,0.05"
1779559067687,1779559067707,1845,1779559006301,1779559067678,delta,"0,0.05"
1779559067718,1779559067761,1846,1779559006301,1779559067710,delta,"0,0.05"
1779559067759,1779559067761,1847,1779559006301,1779559067751,delta,"0,0.05"
1779559067790,1779559067798,1848,1779559006301,1779559067781,delta,"0,0.05"
1779559067822,1779559067838,1849,1779559006301,1779559067813,delta,"0,0.05"
1779559067854,1779559067891,1850,1779559006301,1779559067845,delta,"0,0.05"
1779559067886,1779559067891,1851,1779559006301,1779559067878,delta,"0,0.05"
1779559067918,1779559067925,1852,1779559006301,1779559067909,delta,"0,0.05"
1779559067950,1779559067964,1853,1779559006301,1779559067941,delta,"0,0.05"
1779559067982,1779559068017,1854,1779559006301,1779559067973,delta,"0,0.05"
1779559068014,1779559068017,1855,1779559006301,1779559068006,delta,"0,0.05"
1779559068046,1779559068051,1856,1779559006301,1779559068037,delta,"0,0.05"
1779559068078,1779559068090,1857,1779559006301,1779559068070,delta,"0,0.05"
1779559068110,1779559068143,1858,1779559006301,1779559068102,delta,"0,0.05"
1779559068181,1779559068223,1859,1779559006301,1779559068173,delta,"0,0.05"
1779559068184,1779559068224,1860,1779559006301,1779559068176,delta,"0,0.05"
1779559068216,1779559068224,1861,1779559006301,1779559068208,delta,"0,0.05"
1779559068257,1779559068274,1862,1779559006301,1779559068248,delta,"0,0.05"
1779559068287,1779559068310,1863,1779559006301,1779559068279,delta,"0,0.05"
1779559068320,1779559068351,1864,1779559006301,1779559068311,delta,"0,0.05"
1779559068351,1779559068404,1865,1779559006301,1779559068343,delta,"0,0.05"
1779559068383,1779559068404,1866,1779559006301,1779559068375,delta,"0,0.05"
1779559068415,1779559068440,1867,1779559006301,1779559068407,delta,"0,0.05"
1779559068447,1779559068480,1868,1779559006301,1779559068439,delta,"0,0.05"
1779559068480,1779559068480,1869,1779559006301,1779559068471,delta,"0,0.05"
1779559068512,1779559068533,1870,1779559006301,1779559068504,delta,"0,0.05"
1779559068543,1779559068568,1871,1779559006301,1779559068535,delta,"0,0.05"
1779559068575,1779559068607,1872,1779559006301,1779559068567,delta,"0,0.05"
1779559068607,1779559068660,1873,1779559006301,1779559068599,delta,"0,0.05"
1779559068640,1779559068660,1874,1779559006301,1779559068632,delta,"0,0.05"
1779559068673,1779559068693,1875,1779559006301,1779559068664,delta,"0,0.05"
1779559068713,1779559068733,1876,1779559006301,1779559068704,delta,"0,0.05"
1779559068743,1779559068785,1877,1779559006301,1779559068735,delta,"0,0.05"
1779559068776,1779559068785,1878,1779559006301,1779559068768,delta,"0,0.05"
1779559068816,1779559068819,1879,1779559006301,1779559068807,delta,"0,0.05"
1779559068847,1779559068858,1880,1779559006301,1779559068839,delta,"0,0.05"
1779559068879,1779559068911,1881,1779559006301,1779559068870,delta,"0,0.05"
1779559068911,1779559068945,1882,1779559006301,1779559068903,delta,"0,0.05"
1779559068943,1779559068945,1883,1779559006301,1779559068934,delta,"0,0.05"
1779559068975,1779559068984,1884,1779559006301,1779559068967,delta,"0,0.05"
1779559069007,1779559069037,1885,1779559006301,1779559068999,delta,"0,0.05"
1779559069039,1779559069070,1886,1779559006301,1779559069031,delta,"0,0.05"
1779559069071,1779559069109,1887,1779559006301,1779559069063,delta,"0,0.05"
1779559069104,1779559069109,1888,1779559006301,1779559069095,delta,"0,0.05"
1779559069136,1779559069162,1889,1779559006301,1779559069127,delta,"0,0.05"
1779559069169,1779559069195,1890,1779559006301,1779559069161,delta,"0,0.05"
1779559069209,1779559069235,1891,1779559006301,1779559069200,delta,"0,0.05"
1779559069240,1779559069289,1892,1779559006301,1779559069232,delta,"0,0.05"
1779559069279,1779559069289,1893,1779559006301,1779559069270,delta,"0,0.05"
1779559069310,1779559069324,1894,1779559006301,1779559069302,delta,"0,0.05"
1779559069342,1779559069363,1895,1779559006301,1779559069334,delta,"0,0.05"
1779559069374,1779559069416,1896,1779559006301,1779559069366,delta,"0,0.05"
1779559069406,1779559069416,1897,1779559006301,1779559069398,delta,"0,0.05"
1779559069438,1779559069453,1898,1779559006301,1779559069430,delta,"0,0.05"
1779559069471,1779559069491,1899,1779559006301,1779559069462,delta,"0,0.05"
1779559069502,1779559069545,1900,1779559006301,1779559069494,delta,"0,0.05"
1779559069535,1779559069545,1901,1779559006301,1779559069526,delta,"0,0.05"
1779559069567,1779559069579,1902,1779559006301,1779559069558,delta,"0,0.05"
1779559069599,1779559069618,1903,1779559006301,1779559069590,delta,"0,0.05"
1779559069631,1779559069670,1904,1779559006301,1779559069623,delta,"0,0.05"
1779559069663,1779559069670,1905,1779559006301,1779559069655,delta,"0,0.05"
1779559069734,1779559069745,1906,1779559006301,1779559069725,delta,"0,0.05"
1779559069737,1779559069745,1907,1779559006301,1779559069729,delta,"0,0.05"
1779559069769,1779559069801,1908,1779559006301,1779559069760,delta,"0,0.05"
1779559069809,1779559069838,1909,1779559006301,1779559069801,delta,"0,0.05"
1779559069840,1779559069878,1910,1779559006301,1779559069832,delta,"0,0.05"
1779559069872,1779559069878,1911,1779559006301,1779559069863,delta,"0,0.05"
1779559069904,1779559069932,1912,1779559006301,1779559069895,delta,"0,0.05"
1779559069936,1779559069967,1913,1779559006301,1779559069928,delta,"0,0.05"
1779559069968,1779559070007,1914,1779559006301,1779559069960,delta,"0,0.05"
1779559070000,1779559070007,1915,1779559006301,1779559069992,delta,"0,0.05"
1779559070032,1779559070061,1916,1779559006301,1779559070024,delta,"0,0.05"
1779559070065,1779559070095,1917,1779559006301,1779559070056,delta,"0,0.05"
1779559070097,1779559070135,1918,1779559006301,1779559070088,delta,"0,0.05"
1779559070129,1779559070136,1919,1779559006301,1779559070120,delta,"0,0.05"
1779559070161,1779559070189,1920,1779559006301,1779559070153,delta,"0,0.05"
1779559070193,1779559070224,1921,1779559006301,1779559070185,delta,"0,0.05"
1779559070226,1779559070264,1922,1779559006301,1779559070218,delta,"0,0.05"
1779559070266,1779559070318,1923,1779559006301,1779559070258,delta,"0,0.05"
1779559070336,1779559070352,1924,1779559006301,1779559070327,delta,"0,0.05"
1779559070339,1779559070352,1925,1779559006301,1779559070331,delta,"0,0.05"
1779559070371,1779559070392,1926,1779559006301,1779559070362,delta,"0,0.05"
1779559070403,1779559070446,1927,1779559006301,1779559070394,delta,"0,0.05"
1779559070436,1779559070446,1928,1779559006301,1779559070427,delta,"0,0.05"
1779559070467,1779559070479,1929,1779559006301,1779559070459,delta,"0,0.05"
1779559070499,1779559070519,1930,1779559006301,1779559070491,delta,"0,0.05"
1779559070531,1779559070572,1931,1779559006301,1779559070523,delta,"0,0.05"
1779559070564,1779559070572,1932,1779559006301,1779559070555,delta,"0,0.05"
1779559070595,1779559070605,1933,1779559006301,1779559070587,delta,"0,0.05"
1779559070628,1779559070645,1934,1779559006301,1779559070620,delta,"0,0.05"
1779559070660,1779559070698,1935,1779559006301,1779559070652,delta,"0,0.05"
1779559070692,1779559070698,1936,1779559006301,1779559070684,delta,"0,0.05"
1779559070726,1779559070731,1937,1779559006301,1779559070717,delta,"0,0.05"
1779559070766,1779559070771,1938,1779559006301,1779559070757,delta,"0,0.05"
1779559070797,1779559070824,1939,1779559006301,1779559070788,delta,"0,0.05"
1779559070830,1779559070858,1940,1779559006301,1779559070822,delta,"0,0.05"
1779559070869,1779559070901,1941,1779559006301,1779559070860,delta,"0,0.05"
1779559070901,1779559070901,1942,1779559006301,1779559070891,delta,"0,0.05"
1779559070932,1779559070955,1943,1779559006301,1779559070924,delta,"0,0.05"
1779559070964,1779559070991,1944,1779559006301,1779559070956,delta,"0,0.05"
1779559070996,1779559071031,1945,1779559006301,1779559070988,delta,"0,0.05"
1779559071028,1779559071031,1946,1779559006301,1779559071020,delta,"0,0.05"
1779559071061,1779559071084,1947,1779559006301,1779559071053,delta,"0,0.05"
1779559071093,1779559071119,1948,1779559006301,1779559071085,delta,"0,0.05"
1779559071125,1779559071158,1949,1779559006301,1779559071117,delta,"0,0.05"
1779559071157,1779559071158,1950,1779559006301,1779559071149,delta,"0,0.05"
1779559071190,1779559071212,1951,1779559006301,1779559071181,delta,"0,0.05"
1779559071222,1779559071246,1952,1779559006301,1779559071214,delta,"0,0.05"
1779559071262,1779559071285,1953,1779559006301,1779559071254,delta,"0,0.05"
1779559071294,1779559071338,1954,1779559006301,1779559071285,delta,"0,0.05"
1779559071333,1779559071338,1955,1779559006301,1779559071325,delta,"0,0.05"
1779559071364,1779559071372,1956,1779559006301,1779559071356,delta,"0,0.05"
1779559071397,1779559071411,1957,1779559006301,1779559071388,delta,"0,0.05"
1779559071428,1779559071463,1958,1779559006301,1779559071420,delta,"0,0.05"
1779559071461,1779559071463,1959,1779559006301,1779559071452,delta,"0,0.05"
1779559071493,1779559071497,1960,1779559006301,1779559071484,delta,"0,0.05"
1779559071524,1779559071537,1961,1779559006301,1779559071516,delta,"0,0.05"
1779559071556,1779559071590,1962,1779559006301,1779559071548,delta,"0,0.05"
1779559071589,1779559071590,1963,1779559006301,1779559071580,delta,"0,0.05"
1779559071621,1779559071624,1964,1779559006301,1779559071613,delta,"0,0.05"
1779559071653,1779559071663,1965,1779559006301,1779559071644,delta,"0,0.05"
1779559071685,1779559071716,1966,1779559006301,1779559071676,delta,"0,0.05"
1779559071717,1779559071749,1967,1779559006301,1779559071709,delta,"0,0.05"
1779559071788,1779559071789,1968,1779559006301,1779559071780,delta,"0,0.05"
1779559071793,1779559071842,1969,1779559006301,1779559071784,delta,"0,0.05"
1779559071824,1779559071842,1970,1779559006301,1779559071815,delta,"0,0.05"
1779559071865,1779559071876,1971,1779559006301,1779559071857,delta,"0,0.05"
1779559071896,1779559071918,1972,1779559006301,1779559071887,delta,"0,0.05"
1779559071928,1779559071970,1973,1779559006301,1779559071919,delta,"0,0.05"
1779559071960,1779559071970,1974,1779559006301,1779559071952,delta,"0,0.05"
1779559071992,1779559072004,1975,1779559006301,1779559071984,delta,"0,0.05"
1779559072024,1779559072043,1976,1779559006301,1779559072016,delta,"0,0.05"
1779559072056,1779559072096,1977,1779559006301,1779559072048,delta,"0,0.05"
1779559072091,1779559072096,1978,1779559006301,1779559072083,delta,"0,0.05"
1779559072126,1779559072130,1979,1779559006301,1779559072118,delta,"0,0.05"
1779559072162,1779559072169,1980,1779559006301,1779559072154,delta,"0,0.05"
1779559072200,1779559072222,1981,1779559006301,1779559072191,delta,"0,0.05"
1779559072235,1779559072256,1982,1779559006301,1779559072227,delta,"0,0.05"
1779559072270,1779559072295,1983,1779559006301,1779559072262,delta,"0,0.05"
1779559072310,1779559072348,1984,1779559006301,1779559072302,delta,"0,0.05"
1779559072344,1779559072348,1985,1779559006301,1779559072336,delta,"0,0.05"
1779559072377,1779559072382,1986,1779559006301,1779559072369,delta,"0,0.05"
1779559072417,1779559072421,1987,1779559006301,1779559072408,delta,"0,0.05"
1779559072448,1779559072474,1988,1779559006301,1779559072439,delta,"0,0.05"
1779559072480,1779559072507,1989,1779559006301,1779559072472,delta,"0,0.05"
1779559072512,1779559072546,1990,1779559006301,1779559072503,delta,"0,0.05"
1779559072544,1779559072546,1991,1779559006301,1779559072535,delta,"0,0.05"
1779559072576,1779559072600,1992,1779559006301,1779559072568,delta,"0,0.05"
1779559072608,1779559072633,1993,1779559006301,1779559072600,delta,"0,0.05"
1779559072640,1779559072673,1994,1779559006301,1779559072632,delta,"0,0.05"
1779559072672,1779559072673,1995,1779559006301,1779559072664,delta,"0,0.05"
1779559072704,1779559072726,1996,1779559006301,1779559072696,delta,"0,0.05"
1779559072737,1779559072760,1997,1779559006301,1779559072728,delta,"0,0.05"
1779559072769,1779559072801,1998,1779559006301,1779559072761,delta,"0,0.05"
1779559072811,1779559072855,1999,1779559006301,1779559072803,delta,"0,0.05"
1779559072842,1779559072855,2000,1779559006301,1779559072833,delta,"0,0.05"
1779559072881,1779559072889,2001,1779559006301,1779559072873,delta,"0,0.05"
1779559072912,1779559072928,2002,1779559006301,1779559072904,delta,"0,0.05"
1779559072945,1779559072981,2003,1779559006301,1779559072936,delta,"0,0.05"
1779559072976,1779559072981,2004,1779559006301,1779559072968,delta,"0,0.05"
1779559073009,1779559073016,2005,1779559006301,1779559073000,delta,"0,0.05"
1779559073041,1779559073056,2006,1779559006301,1779559073033,delta,"0,0.05"
1779559073073,1779559073109,2007,1779559006301,1779559073065,delta,"0,0.05"
1779559073105,1779559073109,2008,1779559006301,1779559073097,delta,"0,0.05"
1779559073137,1779559073143,2009,1779559006301,1779559073129,delta,"0,0.05"
1779559073169,1779559073182,2010,1779559006301,1779559073161,delta,"0,0.05"
1779559073201,1779559073235,2011,1779559006301,1779559073193,delta,"0,0.05"
1779559073234,1779559073235,2012,1779559006301,1779559073225,delta,"0,0.05"
1779559073266,1779559073269,2013,1779559006301,1779559073257,delta,"0,0.05"
1779559073337,1779559073363,2014,1779559006301,1779559073328,delta,"0,0.05"
1779559073340,1779559073363,2015,1779559006301,1779559073332,delta,"0,0.05"
1779559073372,1779559073397,2016,1779559006301,1779559073364,delta,"0,0.05"
1779559073412,1779559073437,2017,1779559006301,1779559073403,delta,"0,0.05"
1779559073443,1779559073489,2018,1779559006301,1779559073434,delta,"0,0.05"
1779559073475,1779559073490,2019,1779559006301,1779559073467,delta,"0,0.05"
1779559073507,1779559073523,2020,1779559006301,1779559073499,delta,"0,0.05"
1779559073540,1779559073562,2021,1779559006301,1779559073531,delta,"0,0.05"
1779559073571,1779559073615,2022,1779559006301,1779559073563,delta,"0,0.05"
1779559073604,1779559073615,2023,1779559006301,1779559073595,delta,"0,0.05"
1779559073636,1779559073649,2024,1779559006301,1779559073627,delta,"0,0.05"
1779559073668,1779559073688,2025,1779559006301,1779559073659,delta,"0,0.05"
1779559073699,1779559073741,2026,1779559006301,1779559073691,delta,"0,0.05"
1779559073733,1779559073741,2027,1779559006301,1779559073723,delta,"0,0.05"
1779559073764,1779559073775,2028,1779559006301,1779559073756,delta,"0,0.05"
1779559073835,1779559073867,2029,1779559006301,1779559073827,delta,"0,0.05"
1779559073839,1779559073867,2030,1779559006301,1779559073830,delta,"0,0.05"
1779559073870,1779559073902,2031,1779559006301,1779559073862,delta,"0,0.05"
1779559073941,1779559073942,2032,1779559006301,1779559073933,delta,"0,0.05"
1779559073944,1779559073994,2033,1779559006301,1779559073936,delta,"0,0.05"
1779559073976,1779559073994,2034,1779559006301,1779559073968,delta,"0,0.05"
1779559074008,1779559074028,2035,1779559006301,1779559074000,delta,"0,0.05"
1779559074041,1779559074067,2036,1779559006301,1779559074032,delta,"0,0.05"
1779559074073,1779559074120,2037,1779559006301,1779559074064,delta,"0,0.05"
1779559074105,1779559074120,2038,1779559006301,1779559074096,delta,"0,0.05"
1779559074137,1779559074154,2039,1779559006301,1779559074128,delta,"0,0.05"
1779559074169,1779559074194,2040,1779559006301,1779559074161,delta,"0,0.05"
1779559074201,1779559074247,2041,1779559006301,1779559074193,delta,"0,0.05"
1779559074233,1779559074247,2042,1779559006301,1779559074225,delta,"0,0.05"
1779559074265,1779559074280,2043,1779559006301,1779559074257,delta,"0,0.05"
1779559074298,1779559074321,2044,1779559006301,1779559074289,delta,"0,0.05"
1779559074338,1779559074377,2045,1779559006301,1779559074330,delta,"0,0.05"
1779559074407,1779559074413,2046,1779559006301,1779559074399,delta,"0,0.05"
1779559074411,1779559074413,2047,1779559006301,1779559074402,delta,"0,0.05"
1779559074442,1779559074453,2048,1779559006301,1779559074434,delta,"0,0.05"
1779559074475,1779559074507,2049,1779559006301,1779559074466,delta,"0,0.05"
1779559074507,1779559074507,2050,1779559006301,1779559074498,delta,"0,0.05"
1779559074539,1779559074541,2051,1779559006301,1779559074530,delta,"0,0.05"
1779559074571,1779559074580,2052,1779559006301,1779559074563,delta,"0,0.05"
1779559074604,1779559074635,2053,1779559006301,1779559074595,delta,"0,0.05"
1779559074635,1779559074671,2054,1779559006301,1779559074627,delta,"0,0.05"
1779559074668,1779559074671,2055,1779559006301,1779559074659,delta,"0,0.05"
1779559074700,1779559074712,2056,1779559006301,1779559074692,delta,"0,0.05"
1779559074732,1779559074764,2057,1779559006301,1779559074724,delta,"0,0.05"
1779559074764,1779559074765,2058,1779559006301,1779559074756,delta,"0,0.05"
1779559074796,1779559074798,2059,1779559006301,1779559074788,delta,"0,0.05"
1779559074829,1779559074837,2060,1779559006301,1779559074821,delta,"0,0.05"
1779559074869,1779559074890,2061,1779559006301,1779559074861,delta,"0,0.05"
1779559074900,1779559074924,2062,1779559006301,1779559074892,delta,"0,0.05"
1779559074933,1779559074964,2063,1779559006301,1779559074925,delta,"0,0.05"
1779559074973,1779559075017,2064,1779559006301,1779559074964,delta,"0,0.05"
1779559075004,1779559075017,2065,1779559006301,1779559074995,delta,"0,0.05"
1779559075036,1779559075050,2066,1779559006301,1779559075027,delta,"0,0.05"
1779559075068,1779559075089,2067,1779559006301,1779559075060,delta,"0,0.05"
1779559075100,1779559075143,2068,1779559006301,1779559075092,delta,"0,0.05"
1779559075135,1779559075143,2069,1779559006301,1779559075124,delta,"0,0.05"
1779559075164,1779559075176,2070,1779559006301,1779559075156,delta,"0,0.05"
1779559075196,1779559075215,2071,1779559006301,1779559075188,delta,"0,0.05"
1779559075228,1779559075268,2072,1779559006301,1779559075220,delta,"0,0.05"
1779559075260,1779559075268,2073,1779559006301,1779559075252,delta,"0,0.05"
1779559075293,1779559075301,2074,1779559006301,1779559075285,delta,"0,0.05"
1779559075327,1779559075340,2075,1779559006301,1779559075317,delta,"0,0.05"
1779559075367,1779559075394,2076,1779559006301,1779559075358,delta,"0,0.05"
1779559075397,1779559075427,2077,1779559006301,1779559075389,delta,"0,0.05"
1779559075431,1779559075467,2078,1779559006301,1779559075422,delta,"0,0.05"
1779559075470,1779559075520,2079,1779559006301,1779559075462,delta,"0,0.05"
1779559075501,1779559075520,2080,1779559006301,1779559075493,delta,"0,0.05"
1779559075533,1779559075554,2081,1779559006301,1779559075525,delta,"0,0.05"
1779559075565,1779559075595,2082,1779559006301,1779559075557,delta,"0,0.05"
1779559075597,1779559075648,2083,1779559006301,1779559075589,delta,"0,0.05"
1779559075630,1779559075648,2084,1779559006301,1779559075621,delta,"0,0.05"
1779559075662,1779559075682,2085,1779559006301,1779559075653,delta,"0,0.05"
1779559075694,1779559075721,2086,1779559006301,1779559075686,delta,"0,0.05"
1779559075726,1779559075774,2087,1779559006301,1779559075717,delta,"0,0.05"
1779559075758,1779559075774,2088,1779559006301,1779559075750,delta,"0,0.05"
1779559075791,1779559075809,2089,1779559006301,1779559075782,delta,"0,0.05"
1779559075823,1779559075848,2090,1779559006301,1779559075815,delta,"0,0.05"
1779559075863,1779559075901,2091,1779559006301,1779559075855,delta,"0,0.05"
1779559075894,1779559075901,2092,1779559006301,1779559075886,delta,"0,0.05"
1779559075934,1779559075935,2093,1779559006301,1779559075926,delta,"0,0.05"
1779559075965,1779559075974,2094,1779559006301,1779559075956,delta,"0,0.05"
1779559075997,1779559076028,2095,1779559006301,1779559075989,delta,"0,0.05"
1779559076029,1779559076063,2096,1779559006301,1779559076021,delta,"0,0.05"
1779559076061,1779559076063,2097,1779559006301,1779559076053,delta,"0,0.05"
1779559076094,1779559076102,2098,1779559006301,1779559076085,delta,"0,0.05"
1779559076126,1779559076156,2099,1779559006301,1779559076117,delta,"0,0.05"
1779559076157,1779559076192,2100,1779559006301,1779559076149,delta,"0,0.05"
1779559076190,1779559076192,2101,1779559006301,1779559076182,delta,"0,0.05"
1779559076222,1779559076232,2102,1779559006301,1779559076213,delta,"0,0.05"
1779559076254,1779559076286,2103,1779559006301,1779559076246,delta,"0,0.05"
1779559076286,1779559076320,2104,1779559006301,1779559076278,delta,"0,0.05"
1779559076318,1779559076320,2105,1779559006301,1779559076310,delta,"0,0.05"
1779559076389,1779559076414,2106,1779559006301,1779559076381,delta,"0,0.05"
1779559076393,1779559076414,2107,1779559006301,1779559076384,delta,"0,0.05"
1779559076425,1779559076447,2108,1779559006301,1779559076417,delta,"0,0.05"
1779559076464,1779559076487,2109,1779559006301,1779559076456,delta,"0,0.05"
1779559076495,1779559076539,2110,1779559006301,1779559076487,delta,"0,0.05"
1779559076527,1779559076539,2111,1779559006301,1779559076519,delta,"0,0.05"
1779559076560,1779559076573,2112,1779559006301,1779559076551,delta,"0,0.05"
1779559076592,1779559076613,2113,1779559006301,1779559076583,delta,"0,0.05"
1779559076624,1779559076666,2114,1779559006301,1779559076615,delta,"0,0.05"
1779559076656,1779559076666,2115,1779559006301,1779559076647,delta,"0,0.05"
1779559076688,1779559076700,2116,1779559006301,1779559076680,delta,"0,0.05"
1779559076720,1779559076741,2117,1779559006301,1779559076712,delta,"0,0.05"
1779559076751,1779559076795,2118,1779559006301,1779559076743,delta,"0,0.05"
1779559076784,1779559076795,2119,1779559006301,1779559076775,delta,"0,0.05"
1779559076815,1779559076828,2120,1779559006301,1779559076807,delta,"0,0.05"
1779559076886,1779559076922,2121,1779559006301,1779559076877,delta,"0,0.05"
1779559076889,1779559076922,2122,1779559006301,1779559076881,delta,"0,0.05"
1779559076922,1779559076922,2123,1779559006301,1779559076913,delta,"0,0.05"
1779559076961,1779559076999,2124,1779559006301,1779559076952,delta,"0,0.05"
1779559076992,1779559076999,2125,1779559006301,1779559076983,delta,"0,0.05"
1779559077024,1779559077053,2126,1779559006301,1779559077015,delta,"0,0.05"
1779559077056,1779559077088,2127,1779559006301,1779559077047,delta,"0,0.05"
1779559077088,1779559077126,2128,1779559006301,1779559077080,delta,"0,0.05"
1779559077120,1779559077126,2129,1779559006301,1779559077112,delta,"0,0.05"
1779559077152,1779559077179,2130,1779559006301,1779559077144,delta,"0,0.05"
1779559077185,1779559077213,2131,1779559006301,1779559077176,delta,"0,0.05"
1779559077216,1779559077252,2132,1779559006301,1779559077208,delta,"0,0.05"
1779559077249,1779559077252,2133,1779559006301,1779559077240,delta,"0,0.05"
1779559077281,1779559077306,2134,1779559006301,1779559077273,delta,"0,0.05"
1779559077313,1779559077340,2135,1779559006301,1779559077304,delta,"0,0.05"
1779559077345,1779559077380,2136,1779559006301,1779559077337,delta,"0,0.05"
1779559077378,1779559077380,2137,1779559006301,1779559077370,delta,"0,0.05"
1779559077418,1779559077433,2138,1779559006301,1779559077410,delta,"0,0.05"
1779559077449,1779559077469,2139,1779559006301,1779559077441,delta,"0,0.05"
1779559077482,1779559077509,2140,1779559006301,1779559077474,delta,"0,0.05"
1779559077521,1779559077562,2141,1779559006301,1779559077513,delta,"0,0.05"
1779559077552,1779559077562,2142,1779559006301,1779559077544,delta,"0,0.05"
1779559077584,1779559077598,2143,1779559006301,1779559077576,delta,"0,0.05"
1779559077617,1779559077638,2144,1779559006301,1779559077608,delta,"0,0.05"
1779559077648,1779559077692,2145,1779559006301,1779559077640,delta,"0,0.05"
1779559077681,1779559077692,2146,1779559006301,1779559077673,delta,"0,0.05"
1779559077712,1779559077726,2147,1779559006301,1779559077704,delta,"0,0.05"
1779559077745,1779559077766,2148,1779559006301,1779559077736,delta,"0,0.05"
1779559077777,1779559077819,2149,1779559006301,1779559077768,delta,"0,0.05"
1779559077809,1779559077819,2150,1779559006301,1779559077801,delta,"0,0.05"
1779559077841,1779559077852,2151,1779559006301,1779559077833,delta,"0,0.05"
1779559077874,1779559077894,2152,1779559006301,1779559077865,delta,"0,0.05"
1779559077906,1779559077946,2153,1779559006301,1779559077898,delta,"0,0.05"
1779559077947,1779559077980,2154,1779559006301,1779559077938,delta,"0,0.05"
1779559077978,1779559077980,2155,1779559006301,1779559077970,delta,"0,0.05"
1779559078018,1779559078019,2156,1779559006301,1779559078009,delta,"0,0.05"
1779559078048,1779559078072,2157,1779559006301,1779559078040,delta,"0,0.05"
1779559078081,1779559078105,2158,1779559006301,1779559078073,delta,"0,0.05"
1779559078113,1779559078144,2159,1779559006301,1779559078104,delta,"0,0.05"
1779559078145,1779559078197,2160,1779559006301,1779559078137,delta,"0,0.05"
1779559078177,1779559078197,2161,1779559006301,1779559078169,delta,"0,0.05"
1779559078209,1779559078231,2162,1779559006301,1779559078201,delta,"0,0.05"
1779559078241,1779559078270,2163,1779559006301,1779559078233,delta,"0,0.05"
1779559078273,1779559078323,2164,1779559006301,1779559078265,delta,"0,0.05"
1779559078306,1779559078323,2165,1779559006301,1779559078297,delta,"0,0.05"
1779559078338,1779559078356,2166,1779559006301,1779559078330,delta,"0,0.05"
1779559078370,1779559078395,2167,1779559006301,1779559078362,delta,"0,0.05"
1779559078403,1779559078448,2168,1779559006301,1779559078395,delta,"0,0.05"
1779559078443,1779559078448,2169,1779559006301,1779559078434,delta,"0,0.05"
1779559078474,1779559078483,2170,1779559006301,1779559078465,delta,"0,0.05"
1779559078507,1779559078522,2171,1779559006301,1779559078499,delta,"0,0.05"
1779559078547,1779559078575,2172,1779559006301,1779559078539,delta,"0,0.05"
1779559078577,1779559078609,2173,1779559006301,1779559078569,delta,"0,0.05"
1779559078610,1779559078648,2174,1779559006301,1779559078601,delta,"0,0.05"
1779559078642,1779559078648,2175,1779559006301,1779559078633,delta,"0,0.05"
1779559078674,1779559078701,2176,1779559006301,1779559078666,delta,"0,0.05"
1779559078706,1779559078735,2177,1779559006301,1779559078698,delta,"0,0.05"
1779559078738,1779559078774,2178,1779559006301,1779559078730,delta,"0,0.05"
1779559078770,1779559078774,2179,1779559006301,1779559078762,delta,"0,0.05"
1779559078802,1779559078827,2180,1779559006301,1779559078794,delta,"0,0.05"
1779559078834,1779559078860,2181,1779559006301,1779559078826,delta,"0,0.05"
1779559078867,1779559078899,2182,1779559006301,1779559078858,delta,"0,0.05"
1779559078899,1779559078899,2183,1779559006301,1779559078890,delta,"0,0.05"
1779559078971,1779559078987,2184,1779559006301,1779559078962,delta,"0,0.05"
1779559078973,1779559078987,2185,1779559006301,1779559078965,delta,"0,0.05"
1779559079006,1779559079027,2186,1779559006301,1779559078997,delta,"0,0.05"
1779559079038,1779559079081,2187,1779559006301,1779559079030,delta,"0,0.05"
1779559079070,1779559079081,2188,1779559006301,1779559079062,delta,"0,0.05"
1779559079102,1779559079115,2189,1779559006301,1779559079094,delta,"0,0.05"
1779559079134,1779559079154,2190,1779559006301,1779559079126,delta,"0,0.05"
1779559079166,1779559079207,2191,1779559006301,1779559079158,delta,"0,0.05"
1779559079200,1779559079207,2192,1779559006301,1779559079190,delta,"0,0.05"
1779559079231,1779559079241,2193,1779559006301,1779559079222,delta,"0,0.05"
1779559079262,1779559079280,2194,1779559006301,1779559079254,delta,"0,0.05"
1779559079295,1779559079334,2195,1779559006301,1779559079287,delta,"0,0.05"
1779559079327,1779559079334,2196,1779559006301,1779559079319,delta,"0,0.05"
1779559079359,1779559079370,2197,1779559006301,1779559079351,delta,"0,0.05"
1779559079392,1779559079409,2198,1779559006301,1779559079383,delta,"0,0.05"
1779559079462,1779559079500,2199,1779559006301,1779559079454,delta,"0,0.05"
1779559079466,1779559079500,2200,1779559006301,1779559079458,delta,"0,0.05"
1779559079498,1779559079500,2201,1779559006301,1779559079490,delta,"0,0.05"
1779559079538,1779559079541,2202,1779559006301,1779559079529,delta,"0,0.05"
1779559079568,1779559079594,2203,1779559006301,1779559079560,delta,"0,0.05"
1779559079601,1779559079628,2204,1779559006301,1779559079593,delta,"0,0.05"
1779559079633,1779559079667,2205,1779559006301,1779559079625,delta,"0,0.05"
1779559079665,1779559079667,2206,1779559006301,1779559079657,delta,"0,0.05"
1779559079697,1779559079720,2207,1779559006301,1779559079689,delta,"0,0.05"
1779559079729,1779559079754,2208,1779559006301,1779559079721,delta,"0,0.05"
1779559079761,1779559079793,2209,1779559006301,1779559079753,delta,"0,0.05"
1779559079793,1779559079846,2210,1779559006301,1779559079785,delta,"0,0.05"
1779559079825,1779559079846,2211,1779559006301,1779559079817,delta,"0,0.05"
1779559079857,1779559079879,2212,1779559006301,1779559079849,delta,"0,0.05"
1779559079890,1779559079919,2213,1779559006301,1779559079881,delta,"0,0.05"
1779559079961,1779559079973,2214,1779559006301,1779559079953,delta,"0,0.05"
1779559079965,1779559079973,2215,1779559006301,1779559079956,delta,"0,0.05"
1779559079996,1779559080009,2216,1779559006301,1779559079988,delta,"0,0.05"
1779559080036,1779559080050,2217,1779559006301,1779559080028,delta,"0,0.05"
1779559080069,1779559080104,2218,1779559006301,1779559080060,delta,"0,0.05"
1779559080101,1779559080104,2219,1779559006301,1779559080092,delta,"0,0.05"
1779559080133,1779559080138,2220,1779559006301,1779559080124,delta,"0,0.05"
1779559080165,1779559080177,2221,1779559006301,1779559080156,delta,"0,0.05"
1779559080197,1779559080229,2222,1779559006301,1779559080189,delta,"0,0.05"
1779559080229,1779559080229,2223,1779559006301,1779559080220,delta,"0,0.05"
1779559080261,1779559080263,2224,1779559006301,1779559080253,delta,"0,0.05"
1779559080293,1779559080302,2225,1779559006301,1779559080285,delta,"0,0.05"
1779559080325,1779559080355,2226,1779559006301,1779559080317,delta,"0,0.05"
1779559080357,1779559080390,2227,1779559006301,1779559080349,delta,"0,0.05"
1779559080390,1779559080390,2228,1779559006301,1779559080381,delta,"0,0.05"
1779559080422,1779559080430,2229,1779559006301,1779559080414,delta,"0,0.05"
1779559080455,1779559080484,2230,1779559006301,1779559080446,delta,"0,0.05"
1779559080495,1779559080517,2231,1779559006301,1779559080486,delta,"0,0.05"
1779559080564,1779559080612,2232,1779559006301,1779559080555,delta,"0,0.05"
1779559080567,1779559080612,2233,1779559006301,1779559080558,delta,"0,0.05"
1779559080599,1779559080612,2234,1779559006301,1779559080590,delta,"0,0.05"
1779559080631,1779559080647,2235,1779559006301,1779559080623,delta,"0,0.05"
1779559080663,1779559080688,2236,1779559006301,1779559080654,delta,"0,0.05"
1779559080695,1779559080741,2237,1779559006301,1779559080687,delta,"0,0.05"
1779559080727,1779559080741,2238,1779559006301,1779559080719,delta,"0,0.05"
1779559080759,1779559080775,2239,1779559006301,1779559080750,delta,"0,0.05"
1779559080791,1779559080814,2240,1779559006301,1779559080783,delta,"0,0.05"
1779559080823,1779559080867,2241,1779559006301,1779559080815,delta,"0,0.05"
1779559080855,1779559080867,2242,1779559006301,1779559080847,delta,"0,0.05"
1779559080887,1779559080900,2243,1779559006301,1779559080879,delta,"0,0.05"
1779559080920,1779559080940,2244,1779559006301,1779559080911,delta,"0,0.05"
1779559080951,1779559080993,2245,1779559006301,1779559080943,delta,"0,0.05"
1779559080993,1779559081026,2246,1779559006301,1779559080984,delta,"0,0.05"
1779559081024,1779559081027,2247,1779559006301,1779559081015,delta,"0,0.05"
1779559081064,1779559081068,2248,1779559006301,1779559081055,delta,"0,0.05"
1779559081094,1779559081122,2249,1779559006301,1779559081086,delta,"0,0.05"
1779559081126,1779559081156,2250,1779559006301,1779559081118,delta,"0,0.05"
1779559081158,1779559081196,2251,1779559006301,1779559081150,delta,"0,0.05"
1779559081191,1779559081196,2252,1779559006301,1779559081182,delta,"0,0.05"
1779559081223,1779559081249,2253,1779559006301,1779559081215,delta,"0,0.05"
1779559081255,1779559081284,2254,1779559006301,1779559081246,delta,"0,0.05"
1779559081287,1779559081323,2255,1779559006301,1779559081279,delta,"0,0.05"
1779559081319,1779559081323,2256,1779559006301,1779559081311,delta,"0,0.05"
1779559081351,1779559081375,2257,1779559006301,1779559081343,delta,"0,0.05"
1779559081383,1779559081409,2258,1779559006301,1779559081375,delta,"0,0.05"
1779559081415,1779559081449,2259,1779559006301,1779559081407,delta,"0,0.05"
1779559081448,1779559081449,2260,1779559006301,1779559081439,delta,"0,0.05"
1779559081519,1779559081537,2261,1779559006301,1779559081510,delta,"0,0.05"
1779559081522,1779559081537,2262,1779559006301,1779559081514,delta,"0,0.05"
1779559081553,1779559081577,2263,1779559006301,1779559081545,delta,"0,0.05"
1779559081625,1779559081629,2264,1779559006301,1779559081616,delta,"0,0.05"
1779559081628,1779559081629,2265,1779559006301,1779559081619,delta,"0,0.05"
1779559081660,1779559081663,2266,1779559006301,1779559081652,delta,"0,0.05"
1779559081692,1779559081702,2267,1779559006301,1779559081684,delta,"0,0.05"
1779559081724,1779559081755,2268,1779559006301,1779559081716,delta,"0,0.05"
1779559081756,1779559081789,2269,1779559006301,1779559081748,delta,"0,0.05"
1779559081788,1779559081789,2270,1779559006301,1779559081780,delta,"0,0.05"
1779559081821,1779559081829,2271,1779559006301,1779559081813,delta,"0,0.05"
1779559081853,1779559081882,2272,1779559006301,1779559081844,delta,"0,0.05"
1779559081884,1779559081917,2273,1779559006301,1779559081876,delta,"0,0.05"
1779559081916,1779559081917,2274,1779559006301,1779559081908,delta,"0,0.05"
1779559081949,1779559081957,2275,1779559006301,1779559081940,delta,"0,0.05"
1779559081981,1779559082012,2276,1779559006301,1779559081973,delta,"0,0.05"
1779559082021,1779559082047,2277,1779559006301,1779559082013,delta,"0,0.05"
1779559082052,1779559082085,2278,1779559006301,1779559082043,delta,"0,0.05"
1779559082086,1779559082139,2279,1779559006301,1779559082077,delta,"0,0.05"
1779559082128,1779559082139,2280,1779559006301,1779559082120,delta,"0,0.05"
1779559082162,1779559082175,2281,1779559006301,1779559082154,delta,"0,0.05"
1779559082199,1779559082213,2282,1779559006301,1779559082191,delta,"0,0.05"
1779559082235,1779559082267,2283,1779559006301,1779559082227,delta,"0,0.05"
1779559082271,1779559082303,2284,1779559006301,1779559082263,delta,"0,0.05"
1779559082306,1779559082344,2285,1779559006301,1779559082298,delta,"0,0.05"
1779559082342,1779559082344,2286,1779559006301,1779559082334,delta,"0,0.05"
1779559082374,1779559082397,2287,1779559006301,1779559082366,delta,"0,0.05"
1779559082406,1779559082431,2288,1779559006301,1779559082398,delta,"0,0.05"
1779559082438,1779559082471,2289,1779559006301,1779559082430,delta,"0,0.05"
1779559082471,1779559082523,2290,1779559006301,1779559082463,delta,"0,0.05"
1779559082541,1779559082560,2291,1779559006301,1779559082533,delta,"0,0.05"
1779559082545,1779559082560,2292,1779559006301,1779559082536,delta,"0,0.05"
1779559082577,1779559082599,2293,1779559006301,1779559082568,delta,"0,0.05"
1779559082648,1779559082651,2294,1779559006301,1779559082640,delta,"0,0.05"
1779559082652,1779559082685,2295,1779559006301,1779559082643,delta,"0,0.05"
1779559082684,1779559082685,2296,1779559006301,1779559082675,delta,"0,0.05"
1779559082716,1779559082724,2297,1779559006301,1779559082707,delta,"0,0.05"
1779559082748,1779559082777,2298,1779559006301,1779559082740,delta,"0,0.05"
1779559082780,1779559082811,2299,1779559006301,1779559082772,delta,"0,0.05"
1779559082812,1779559082850,2300,1779559006301,1779559082804,delta,"0,0.05"
1779559082845,1779559082850,2301,1779559006301,1779559082836,delta,"0,0.05"
1779559082877,1779559082903,2302,1779559006301,1779559082868,delta,"0,0.05"
1779559082909,1779559082937,2303,1779559006301,1779559082900,delta,"0,0.05"
1779559082941,1779559082977,2304,1779559006301,1779559082933,delta,"0,0.05"
1779559082974,1779559082977,2305,1779559006301,1779559082965,delta,"0,0.05"
1779559083006,1779559083030,2306,1779559006301,1779559082997,delta,"0,0.05"
1779559083046,1779559083064,2307,1779559006301,1779559083038,delta,"0,0.05"
1779559083077,1779559083104,2308,1779559006301,1779559083069,delta,"0,0.05"
1779559083110,1779559083156,2309,1779559006301,1779559083102,delta,"0,0.05"
1779559083150,1779559083156,2310,1779559006301,1779559083142,delta,"0,0.05"
1779559083181,1779559083190,2311,1779559006301,1779559083173,delta,"0,0.05"
1779559083213,1779559083230,2312,1779559006301,1779559083205,delta,"0,0.05"
1779559083246,1779559083282,2313,1779559006301,1779559083237,delta,"0,0.05"
1779559083277,1779559083282,2314,1779559006301,1779559083269,delta,"0,0.05"
1779559083310,1779559083316,2315,1779559006301,1779559083302,delta,"0,0.05"
1779559083342,1779559083355,2316,1779559006301,1779559083334,delta,"0,0.05"
1779559083374,1779559083409,2317,1779559006301,1779559083366,delta,"0,0.05"
1779559083406,1779559083409,2318,1779559006301,1779559083398,delta,"0,0.05"
1779559083439,1779559083443,2319,1779559006301,1779559083430,delta,"0,0.05"
1779559083471,1779559083483,2320,1779559006301,1779559083462,delta,"0,0.05"
1779559083503,1779559083536,2321,1779559006301,1779559083495,delta,"0,0.05"
1779559083543,1779559083570,2322,1779559006301,1779559083535,delta,"0,0.05"
1779559083574,1779559083610,2323,1779559006301,1779559083566,delta,"0,0.05"
1779559083607,1779559083610,2324,1779559006301,1779559083599,delta,"0,0.05"
1779559083647,1779559083663,2325,1779559006301,1779559083639,delta,"0,0.05"
1779559083678,1779559083697,2326,1779559006301,1779559083670,delta,"0,0.05"
1779559083710,1779559083737,2327,1779559006301,1779559083702,delta,"0,0.05"
1779559083742,1779559083790,2328,1779559006301,1779559083734,delta,"0,0.05"
1779559083774,1779559083790,2329,1779559006301,1779559083766,delta,"0,0.05"
1779559083807,1779559083824,2330,1779559006301,1779559083798,delta,"0,0.05"
1779559083839,1779559083863,2331,1779559006301,1779559083830,delta,"0,0.05"
1779559083871,1779559083916,2332,1779559006301,1779559083863,delta,"0,0.05"
1779559083903,1779559083916,2333,1779559006301,1779559083895,delta,"0,0.05"
1779559083935,1779559083950,2334,1779559006301,1779559083927,delta,"0,0.05"
1779559083967,1779559083989,2335,1779559006301,1779559083959,delta,"0,0.05"
1779559084000,1779559084043,2336,1779559006301,1779559083991,delta,"0,0.05"
1779559084071,1779559084076,2337,1779559006301,1779559084062,delta,"0,0.05"
1779559084074,1779559084076,2338,1779559006301,1779559084065,delta,"0,0.05"
1779559084106,1779559084116,2339,1779559006301,1779559084097,delta,"0,0.05"
1779559084176,1779559084203,2340,1779559006301,1779559084168,delta,"0,0.05"
1779559084180,1779559084203,2341,1779559006301,1779559084171,delta,"0,0.05"
1779559084211,1779559084244,2342,1779559006301,1779559084202,delta,"0,0.05"
1779559084243,1779559084244,2343,1779559006301,1779559084235,delta,"0,0.05"
1779559084275,1779559084296,2344,1779559006301,1779559084267,delta,"0,0.05"
1779559084307,1779559084330,2345,1779559006301,1779559084299,delta,"0,0.05"
1779559084339,1779559084370,2346,1779559006301,1779559084331,delta,"0,0.05"
1779559084371,1779559084423,2347,1779559006301,1779559084363,delta,"0,0.05"
1779559084403,1779559084424,2348,1779559006301,1779559084395,delta,"0,0.05"
1779559084435,1779559084457,2349,1779559006301,1779559084427,delta,"0,0.05"
1779559084467,1779559084497,2350,1779559006301,1779559084459,delta,"0,0.05"
1779559084500,1779559084551,2351,1779559006301,1779559084492,delta,"0,0.05"
1779559084532,1779559084551,2352,1779559006301,1779559084523,delta,"0,0.05"
1779559084565,1779559084584,2353,1779559006301,1779559084557,delta,"0,0.05"
1779559084605,1779559084624,2354,1779559006301,1779559084596,delta,"0,0.05"
1779559084636,1779559084677,2355,1779559006301,1779559084627,delta,"0,0.05"
1779559084669,1779559084677,2356,1779559006301,1779559084660,delta,"0,0.05"
1779559084708,1779559084711,2357,1779559006301,1779559084700,delta,"0,0.05"
1779559084739,1779559084749,2358,1779559006301,1779559084731,delta,"0,0.05"
1779559084771,1779559084803,2359,1779559006301,1779559084763,delta,"0,0.05"
1779559084803,1779559084803,2360,1779559006301,1779559084794,delta,"0,0.05"
1779559084835,1779559084836,2361,1779559006301,1779559084827,delta,"0,0.05"
1779559084867,1779559084875,2362,1779559006301,1779559084859,delta,"0,0.05"
1779559084899,1779559084929,2363,1779559006301,1779559084891,delta,"0,0.05"
1779559084931,1779559084962,2364,1779559006301,1779559084923,delta,"0,0.05"
1779559084963,1779559085002,2365,1779559006301,1779559084955,delta,"0,0.05"
1779559084995,1779559085002,2366,1779559006301,1779559084987,delta,"0,0.05"
1779559085028,1779559085055,2367,1779559006301,1779559085019,delta,"0,0.05"
1779559085061,1779559085089,2368,1779559006301,1779559085052,delta,"0,0.05"
1779559085101,1779559085128,2369,1779559006301,1779559085092,delta,"0,0.05"
1779559085132,1779559085181,2370,1779559006301,1779559085124,delta,"0,0.05"
1779559085171,1779559085181,2371,1779559006301,1779559085162,delta,"0,0.05"
1779559085202,1779559085215,2372,1779559006301,1779559085193,delta,"0,0.05"
1779559085234,1779559085254,2373,1779559006301,1779559085225,delta,"0,0.05"
1779559085266,1779559085307,2374,1779559006301,1779559085258,delta,"0,0.05"
1779559085298,1779559085307,2375,1779559006301,1779559085290,delta,"0,0.05"
1779559085331,1779559085341,2376,1779559006301,1779559085322,delta,"0,0.05"
1779559085362,1779559085380,2377,1779559006301,1779559085354,delta,"0,0.05"
1779559085394,1779559085433,2378,1779559006301,1779559085386,delta,"0,0.05"
1779559085426,1779559085433,2379,1779559006301,1779559085418,delta,"0,0.05"
1779559085459,1779559085466,2380,1779559006301,1779559085450,delta,"0,0.05"
1779559085491,1779559085507,2381,1779559006301,1779559085483,delta,"0,0.05"
1779559085523,1779559085561,2382,1779559006301,1779559085514,delta,"0,0.05"
1779559085556,1779559085561,2383,1779559006301,1779559085547,delta,"0,0.05"
1779559085596,1779559085634,2384,1779559006301,1779559085588,delta,"0,0.05"
1779559085628,1779559085634,2385,1779559006301,1779559085619,delta,"0,0.05"
1779559085667,1779559085687,2386,1779559006301,1779559085659,delta,"0,0.05"
1779559085698,1779559085722,2387,1779559006301,1779559085690,delta,"0,0.05"
1779559085730,1779559085761,2388,1779559006301,1779559085722,delta,"0,0.05"
1779559085762,1779559085814,2389,1779559006301,1779559085754,delta,"0,0.05"
1779559085794,1779559085814,2390,1779559006301,1779559085786,delta,"0,0.05"
1779559085826,1779559085847,2391,1779559006301,1779559085818,delta,"0,0.05"
1779559085858,1779559085886,2392,1779559006301,1779559085850,delta,"0,0.05"
1779559085891,1779559085939,2393,1779559006301,1779559085882,delta,"0,0.05"
1779559085923,1779559085939,2394,1779559006301,1779559085914,delta,"0,0.05"
1779559085955,1779559085974,2395,1779559006301,1779559085947,delta,"0,0.05"
1779559085987,1779559086013,2396,1779559006301,1779559085979,delta,"0,0.05"
1779559086019,1779559086066,2397,1779559006301,1779559086011,delta,"0,0.05"
1779559086052,1779559086066,2398,1779559006301,1779559086043,delta,"0,0.05"
1779559086123,1779559086141,2399,1779559006301,1779559086114,delta,"0,0.05"
1779559086126,1779559086141,2400,1779559006301,1779559086117,delta,"0,0.05"
1779559086158,1779559086194,2401,1779559006301,1779559086149,delta,"0,0.05"
1779559086200,1779559086228,2402,1779559006301,1779559086192,delta,"0,0.05"
1779559086230,1779559086267,2403,1779559006301,1779559086222,delta,"0,0.05"
1779559086262,1779559086267,2404,1779559006301,1779559086254,delta,"0,0.05"
1779559086294,1779559086320,2405,1779559006301,1779559086286,delta,"0,0.05"
1779559086326,1779559086353,2406,1779559006301,1779559086318,delta,"0,0.05"
1779559086359,1779559086392,2407,1779559006301,1779559086350,delta,"0,0.05"
1779559086391,1779559086392,2408,1779559006301,1779559086383,delta,"0,0.05"
1779559086423,1779559086446,2409,1779559006301,1779559086415,delta,"0,0.05"
1779559086455,1779559086480,2410,1779559006301,1779559086447,delta,"0,0.05"
1779559086487,1779559086519,2411,1779559006301,1779559086479,delta,"0,0.05"
1779559086519,1779559086572,2412,1779559006301,1779559086511,delta,"0,0.05"
1779559086552,1779559086572,2413,1779559006301,1779559086543,delta,"0,0.05"
1779559086622,1779559086645,2414,1779559006301,1779559086614,delta,"0,0.05"
1779559086626,1779559086645,2415,1779559006301,1779559086617,delta,"0,0.05"
1779559086659,1779559086698,2416,1779559006301,1779559086650,delta,"0,0.05"
1779559086698,1779559086731,2417,1779559006301,1779559086690,delta,"0,0.05"
1779559086729,1779559086731,2418,1779559006301,1779559086720,delta,"0,0.05"
1779559086761,1779559086770,2419,1779559006301,1779559086753,delta,"0,0.05"
1779559086793,1779559086824,2420,1779559006301,1779559086785,delta,"0,0.05"
1779559086825,1779559086857,2421,1779559006301,1779559086817,delta,"0,0.05"
1779559086858,1779559086897,2422,1779559006301,1779559086849,delta,"0,0.05"
1779559086890,1779559086897,2423,1779559006301,1779559086882,delta,"0,0.05"
1779559086922,1779559086950,2424,1779559006301,1779559086914,delta,"0,0.05"
1779559086954,1779559086984,2425,1779559006301,1779559086946,delta,"0,0.05"
1779559086986,1779559087025,2426,1779559006301,1779559086978,delta,"0,0.05"
1779559087018,1779559087025,2427,1779559006301,1779559087010,delta,"0,0.05"
1779559087051,1779559087078,2428,1779559006301,1779559087042,delta,"0,0.05"
1779559087122,1779559087151,2429,1779559006301,1779559087114,delta,"0,0.05"
1779559087125,1779559087151,2430,1779559006301,1779559087117,delta,"0,0.05"
1779559087158,1779559087205,2431,1779559006301,1779559087149,delta,"0,0.05"
1779559087198,1779559087205,2432,1779559006301,1779559087189,delta,"0,0.05"
1779559087229,1779559087239,2433,1779559006301,1779559087220,delta,"0,0.05"
1779559087261,1779559087278,2434,1779559006301,1779559087253,delta,"0,0.05"
1779559087293,1779559087330,2435,1779559006301,1779559087285,delta,"0,0.05"
1779559087325,1779559087331,2436,1779559006301,1779559087317,delta,"0,0.05"
1779559087357,1779559087364,2437,1779559006301,1779559087349,delta,"0,0.05"
1779559087390,1779559087405,2438,1779559006301,1779559087381,delta,"0,0.05"
1779559087422,1779559087458,2439,1779559006301,1779559087414,delta,"0,0.05"
1779559087454,1779559087458,2440,1779559006301,1779559087446,delta,"0,0.05"
1779559087486,1779559087492,2441,1779559006301,1779559087478,delta,"0,0.05"
1779559087518,1779559087532,2442,1779559006301,1779559087510,delta,"0,0.05"
1779559087551,1779559087585,2443,1779559006301,1779559087542,delta,"0,0.05"
1779559087583,1779559087585,2444,1779559006301,1779559087574,delta,"0,0.05"
1779559087616,1779559087618,2445,1779559006301,1779559087607,delta,"0,0.05"
1779559087658,1779559087659,2446,1779559006301,1779559087650,delta,"0,0.05"
1779559087689,1779559087713,2447,1779559006301,1779559087681,delta,"0,0.05"
1779559087722,1779559087747,2448,1779559006301,1779559087714,delta,"0,0.05"
1779559087762,1779559087787,2449,1779559006301,1779559087753,delta,"0,0.05"
1779559087793,1779559087840,2450,1779559006301,1779559087784,delta,"0,0.05"
1779559087825,1779559087840,2451,1779559006301,1779559087816,delta,"0,0.05"
1779559087857,1779559087873,2452,1779559006301,1779559087848,delta,"0,0.05"
1779559087889,1779559087915,2453,1779559006301,1779559087881,delta,"0,0.05"
1779559087921,1779559087967,2454,1779559006301,1779559087913,delta,"0,0.05"
1779559087953,1779559087967,2455,1779559006301,1779559087945,delta,"0,0.05"
1779559087985,1779559088000,2456,1779559006301,1779559087977,delta,"0,0.05"
1779559088017,1779559088040,2457,1779559006301,1779559088009,delta,"0,0.05"
1779559088050,1779559088094,2458,1779559006301,1779559088041,delta,"0,0.05"
1779559088082,1779559088094,2459,1779559006301,1779559088073,delta,"0,0.05"
1779559088114,1779559088127,2460,1779559006301,1779559088105,delta,"0,0.05"
1779559088147,1779559088167,2461,1779559006301,1779559088138,delta,"0,0.05"
1779559088188,1779559088222,2462,1779559006301,1779559088180,delta,"0,0.05"
1779559088220,1779559088222,2463,1779559006301,1779559088211,delta,"0,0.05"
1779559088258,1779559088297,2464,1779559006301,1779559088250,delta,"0,0.05"
1779559088290,1779559088297,2465,1779559006301,1779559088281,delta,"0,0.05"
1779559088322,1779559088350,2466,1779559006301,1779559088313,delta,"0,0.05"
1779559088353,1779559088383,2467,1779559006301,1779559088345,delta,"0,0.05"
1779559088386,1779559088424,2468,1779559006301,1779559088377,delta,"0,0.05"
1779559088418,1779559088424,2469,1779559006301,1779559088409,delta,"0,0.05"
1779559088450,1779559088477,2470,1779559006301,1779559088441,delta,"0,0.05"
1779559088482,1779559088511,2471,1779559006301,1779559088473,delta,"0,0.05"
1779559088514,1779559088551,2472,1779559006301,1779559088505,delta,"0,0.05"
1779559088546,1779559088551,2473,1779559006301,1779559088537,delta,"0,0.05"
1779559088578,1779559088604,2474,1779559006301,1779559088569,delta,"0,0.05"
1779559088610,1779559088638,2475,1779559006301,1779559088602,delta,"0,0.05"
1779559088643,1779559088677,2476,1779559006301,1779559088635,delta,"0,0.05"
1779559088683,1779559088730,2477,1779559006301,1779559088675,delta,"0,0.05"
1779559088714,1779559088730,2478,1779559006301,1779559088706,delta,"0,0.05"
1779559088754,1779559088763,2479,1779559006301,1779559088746,delta,"0,0.05"
1779559088785,1779559088803,2480,1779559006301,1779559088776,delta,"0,0.05"
1779559088817,1779559088856,2481,1779559006301,1779559088809,delta,"0,0.05"
1779559088849,1779559088856,2482,1779559006301,1779559088840,delta,"0,0.05"
1779559088881,1779559088890,2483,1779559006301,1779559088873,delta,"0,0.05"
1779559088913,1779559088930,2484,1779559006301,1779559088905,delta,"0,0.05"
1779559088945,1779559088982,2485,1779559006301,1779559088937,delta,"0,0.05"
1779559088977,1779559088983,2486,1779559006301,1779559088969,delta,"0,0.05"
1779559089009,1779559089022,2487,1779559006301,1779559089001,delta,"0,0.05"
1779559089042,1779559089060,2488,1779559006301,1779559089033,delta,"0,0.05"
1779559089073,1779559089114,2489,1779559006301,1779559089065,delta,"0,0.05"
1779559089105,1779559089114,2490,1779559006301,1779559089097,delta,"0,0.05"
1779559089138,1779559089149,2491,1779559006301,1779559089129,delta,"0,0.05"
1779559089208,1779559089243,2492,1779559006301,1779559089200,delta,"0,0.05"
1779559089212,1779559089243,2493,1779559006301,1779559089203,delta,"0,0.05"
1779559089243,1779559089277,2494,1779559006301,1779559089235,delta,"0,0.05"
1779559089314,1779559089316,2495,1779559006301,1779559089306,delta,"0,0.05"
1779559089318,1779559089370,2496,1779559006301,1779559089309,delta,"0,0.05"
1779559089350,1779559089370,2497,1779559006301,1779559089341,delta,"0,0.05"
1779559089381,1779559089403,2498,1779559006301,1779559089373,delta,"0,0.05"
1779559089413,1779559089443,2499,1779559006301,1779559089405,delta,"0,0.05"
1779559089445,1779559089496,2500,1779559006301,1779559089437,delta,"0,0.05"
1779559089478,1779559089496,2501,1779559006301,1779559089469,delta,"0,0.05"
1779559089510,1779559089530,2502,1779559006301,1779559089502,delta,"0,0.05"
1779559089541,1779559089570,2503,1779559006301,1779559089533,delta,"0,0.05"
1779559089574,1779559089623,2504,1779559006301,1779559089565,delta,"0,0.05"
1779559089606,1779559089623,2505,1779559006301,1779559089597,delta,"0,0.05"
1779559089639,1779559089656,2506,1779559006301,1779559089630,delta,"0,0.05"
1779559089671,1779559089695,2507,1779559006301,1779559089663,delta,"0,0.05"
1779559089710,1779559089748,2508,1779559006301,1779559089702,delta,"0,0.05"
1779559089741,1779559089748,2509,1779559006301,1779559089733,delta,"0,0.05"
1779559089775,1779559089783,2510,1779559006301,1779559089766,delta,"0,0.05"
1779559089814,1779559089825,2511,1779559006301,1779559089806,delta,"0,0.05"
1779559089845,1779559089879,2512,1779559006301,1779559089836,delta,"0,0.05"
1779559089877,1779559089879,2513,1779559006301,1779559089868,delta,"0,0.05"
1779559089909,1779559089913,2514,1779559006301,1779559089901,delta,"0,0.05"
1779559089941,1779559089952,2515,1779559006301,1779559089933,delta,"0,0.05"
1779559089973,1779559090005,2516,1779559006301,1779559089965,delta,"0,0.05"
1779559090005,1779559090038,2517,1779559006301,1779559089997,delta,"0,0.05"
1779559090038,1779559090038,2518,1779559006301,1779559090029,delta,"0,0.05"
1779559090070,1779559090078,2519,1779559006301,1779559090061,delta,"0,0.05"
1779559090102,1779559090131,2520,1779559006301,1779559090094,delta,"0,0.05"
1779559090134,1779559090166,2521,1779559006301,1779559090126,delta,"0,0.05"
1779559090166,1779559090206,2522,1779559006301,1779559090158,delta,"0,0.05"
1779559090206,1779559090260,2523,1779559006301,1779559090198,delta,"0,0.05"
1779559090237,1779559090260,2524,1779559006301,1779559090228,delta,"0,0.05"
1779559090270,1779559090295,2525,1779559006301,1779559090262,delta,"0,0.05"
1779559090310,1779559090333,2526,1779559006301,1779559090301,delta,"0,0.05"
1779559090340,1779559090386,2527,1779559006301,1779559090332,delta,"0,0.05"
1779559090373,1779559090386,2528,1779559006301,1779559090364,delta,"0,0.05"
1779559090405,1779559090419,2529,1779559006301,1779559090396,delta,"0,0.05"
1779559090437,1779559090458,2530,1779559006301,1779559090428,delta,"0,0.05"
1779559090469,1779559090512,2531,1779559006301,1779559090460,delta,"0,0.05"
1779559090502,1779559090512,2532,1779559006301,1779559090493,delta,"0,0.05"
1779559090533,1779559090546,2533,1779559006301,1779559090525,delta,"0,0.05"
1779559090565,1779559090585,2534,1779559006301,1779559090557,delta,"0,0.05"
1779559090597,1779559090644,2535,1779559006301,1779559090589,delta,"0,0.05"
1779559090630,1779559090644,2536,1779559006301,1779559090621,delta,"0,0.05"
1779559090662,1779559090678,2537,1779559006301,1779559090653,delta,"0,0.05"
1779559090732,1779559090772,2538,1779559006301,1779559090724,delta,"0,0.05"
1779559090735,1779559090772,2539,1779559006301,1779559090727,delta,"0,0.05"
1779559090768,1779559090772,2540,1779559006301,1779559090760,delta,"0,0.05"
1779559090808,1779559090809,2541,1779559006301,1779559090800,delta,"0,0.05"
1779559090839,1779559090847,2542,1779559006301,1779559090831,delta,"0,0.05"
1779559090871,1779559090900,2543,1779559006301,1779559090863,delta,"0,0.05"
1779559090903,1779559090934,2544,1779559006301,1779559090895,delta,"0,0.05"
1779559090935,1779559090973,2545,1779559006301,1779559090927,delta,"0,0.05"
1779559090967,1779559090974,2546,1779559006301,1779559090959,delta,"0,0.05"
1779559091000,1779559091026,2547,1779559006301,1779559090992,delta,"0,0.05"
1779559091032,1779559091061,2548,1779559006301,1779559091023,delta,"0,0.05"
1779559091064,1779559091101,2549,1779559006301,1779559091055,delta,"0,0.05"
1779559091096,1779559091101,2550,1779559006301,1779559091087,delta,"0,0.05"
1779559091128,1779559091155,2551,1779559006301,1779559091119,delta,"0,0.05"
1779559091161,1779559091189,2552,1779559006301,1779559091152,delta,"0,0.05"
1779559091231,1779559091282,2553,1779559006301,1779559091223,delta,"0,0.05"
1779559091235,1779559091282,2554,1779559006301,1779559091226,delta,"0,0.05"
1779559091268,1779559091282,2555,1779559006301,1779559091259,delta,"0,0.05"
1779559091307,1779559091316,2556,1779559006301,1779559091299,delta,"0,0.05"
1779559091338,1779559091355,2557,1779559006301,1779559091330,delta,"0,0.05"
1779559091371,1779559091411,2558,1779559006301,1779559091362,delta,"0,0.05"
1779559091402,1779559091411,2559,1779559006301,1779559091394,delta,"0,0.05"
1779559091434,1779559091447,2560,1779559006301,1779559091426,delta,"0,0.05"
1779559091467,1779559091487,2561,1779559006301,1779559091458,delta,"0,0.05"
1779559091499,1779559091542,2562,1779559006301,1779559091490,delta,"0,0.05"
1779559091531,1779559091542,2563,1779559006301,1779559091523,delta,"0,0.05"
1779559091563,1779559091576,2564,1779559006301,1779559091555,delta,"0,0.05"
1779559091595,1779559091615,2565,1779559006301,1779559091587,delta,"0,0.05"
1779559091628,1779559091668,2566,1779559006301,1779559091619,delta,"0,0.05"
1779559091661,1779559091668,2567,1779559006301,1779559091651,delta,"0,0.05"
1779559091692,1779559091702,2568,1779559006301,1779559091684,delta,"0,0.05"
1779559091725,1779559091741,2569,1779559006301,1779559091717,delta,"0,0.05"
1779559091765,1779559091794,2570,1779559006301,1779559091756,delta,"0,0.05"
1779559091796,1779559091827,2571,1779559006301,1779559091787,delta,"0,0.05"
1779559091828,1779559091866,2572,1779559006301,1779559091819,delta,"0,0.05"
1779559091860,1779559091866,2573,1779559006301,1779559091852,delta,"0,0.05"
1779559091892,1779559091919,2574,1779559006301,1779559091883,delta,"0,0.05"
1779559091924,1779559091953,2575,1779559006301,1779559091916,delta,"0,0.05"
1779559091956,1779559091993,2576,1779559006301,1779559091948,delta,"0,0.05"
1779559091988,1779559091993,2577,1779559006301,1779559091980,delta,"0,0.05"
1779559092021,1779559092046,2578,1779559006301,1779559092012,delta,"0,0.05"
1779559092053,1779559092079,2579,1779559006301,1779559092044,delta,"0,0.05"
1779559092087,1779559092118,2580,1779559006301,1779559092078,delta,"0,0.05"
1779559092123,1779559092172,2581,1779559006301,1779559092115,delta,"0,0.05"
1779559092159,1779559092172,2582,1779559006301,1779559092150,delta,"0,0.05"
1779559092195,1779559092206,2583,1779559006301,1779559092187,delta,"0,0.05"
1779559092233,1779559092246,2584,1779559006301,1779559092224,delta,"0,0.05"
1779559092273,1779559092298,2585,1779559006301,1779559092265,delta,"0,0.05"
1779559092308,1779559092332,2586,1779559006301,1779559092300,delta,"0,0.05"
1779559092348,1779559092372,2587,1779559006301,1779559092340,delta,"0,0.05"
1779559092380,1779559092425,2588,1779559006301,1779559092371,delta,"0,0.05"
1779559092412,1779559092425,2589,1779559006301,1779559092403,delta,"0,0.05"
1779559092443,1779559092459,2590,1779559006301,1779559092435,delta,"0,0.05"
1779559092476,1779559092500,2591,1779559006301,1779559092467,delta,"0,0.05"
1779559092508,1779559092553,2592,1779559006301,1779559092499,delta,"0,0.05"
1779559092540,1779559092553,2593,1779559006301,1779559092532,delta,"0,0.05"
1779559092573,1779559092587,2594,1779559006301,1779559092564,delta,"0,0.05"
1779559092604,1779559092627,2595,1779559006301,1779559092596,delta,"0,0.05"
1779559092637,1779559092680,2596,1779559006301,1779559092628,delta,"0,0.05"
1779559092668,1779559092680,2597,1779559006301,1779559092660,delta,"0,0.05"
1779559092701,1779559092714,2598,1779559006301,1779559092692,delta,"0,0.05"
1779559092733,1779559092753,2599,1779559006301,1779559092724,delta,"0,0.05"
1779559092773,1779559092805,2600,1779559006301,1779559092765,delta,"0,0.05"
1779559092804,1779559092806,2601,1779559006301,1779559092795,delta,"0,0.05"
1779559092837,1779559092840,2602,1779559006301,1779559092828,delta,"0,0.05"
1779559092876,1779559092880,2603,1779559006301,1779559092868,delta,"0,0.05"
1779559092907,1779559092933,2604,1779559006301,1779559092899,delta,"0,0.05"
1779559092940,1779559092968,2605,1779559006301,1779559092931,delta,"0,0.05"
1779559092972,1779559093008,2606,1779559006301,1779559092963,delta,"0,0.05"
1779559093004,1779559093008,2607,1779559006301,1779559092995,delta,"0,0.05"
1779559093036,1779559093062,2608,1779559006301,1779559093028,delta,"0,0.05"
1779559093068,1779559093094,2609,1779559006301,1779559093060,delta,"0,0.05"
1779559093100,1779559093134,2610,1779559006301,1779559093092,delta,"0,0.05"
1779559093132,1779559093134,2611,1779559006301,1779559093124,delta,"0,0.05"
1779559093164,1779559093187,2612,1779559006301,1779559093156,delta,"0,0.05"
1779559093196,1779559093220,2613,1779559006301,1779559093188,delta,"0,0.05"
1779559093229,1779559093260,2614,1779559006301,1779559093221,delta,"0,0.05"
1779559093300,1779559093313,2615,1779559006301,1779559093291,delta,"0,0.05"
1779559093303,1779559093313,2616,1779559006301,1779559093295,delta,"0,0.05"
1779559093335,1779559093347,2617,1779559006301,1779559093326,delta,"0,0.05"
1779559093375,1779559093388,2618,1779559006301,1779559093366,delta,"0,0.05"
1779559093405,1779559093441,2619,1779559006301,1779559093397,delta,"0,0.05"
1779559093439,1779559093441,2620,1779559006301,1779559093429,delta,"0,0.05"
1779559093470,1779559093475,2621,1779559006301,1779559093462,delta,"0,0.05"
1779559093501,1779559093516,2622,1779559006301,1779559093493,delta,"0,0.05"
1779559093536,1779559093569,2623,1779559006301,1779559093525,delta,"0,0.05"
1779559093566,1779559093569,2624,1779559006301,1779559093557,delta,"0,0.05"
1779559093598,1779559093603,2625,1779559006301,1779559093590,delta,"0,0.05"
1779559093630,1779559093643,2626,1779559006301,1779559093622,delta,"0,0.05"
1779559093661,1779559093695,2627,1779559006301,1779559093653,delta,"0,0.05"
1779559093694,1779559093695,2628,1779559006301,1779559093685,delta,"0,0.05"
1779559093726,1779559093728,2629,1779559006301,1779559093718,delta,"0,0.05"
1779559093797,1779559093820,2630,1779559006301,1779559093789,delta,"0,0.05"
1779559093800,1779559093820,2631,1779559006301,1779559093792,delta,"0,0.05"
1779559093832,1779559093855,2632,1779559006301,1779559093824,delta,"0,0.05"
1779559093902,1779559093948,2633,1779559006301,1779559093894,delta,"0,0.05"
1779559093905,1779559093949,2634,1779559006301,1779559093897,delta,"0,0.05"
1779559093937,1779559093949,2635,1779559006301,1779559093929,delta,"0,0.05"
1779559093969,1779559093985,2636,1779559006301,1779559093961,delta,"0,0.05"
1779559094001,1779559094024,2637,1779559006301,1779559093993,delta,"0,0.05"
1779559094033,1779559094077,2638,1779559006301,1779559094025,delta,"0,0.05"
1779559094066,1779559094077,2639,1779559006301,1779559094057,delta,"0,0.05"
1779559094097,1779559094110,2640,1779559006301,1779559094089,delta,"0,0.05"
1779559094130,1779559094149,2641,1779559006301,1779559094121,delta,"0,0.05"
1779559094161,1779559094203,2642,1779559006301,1779559094153,delta,"0,0.05"
1779559094194,1779559094203,2643,1779559006301,1779559094185,delta,"0,0.05"
1779559094226,1779559094236,2644,1779559006301,1779559094217,delta,"0,0.05"
1779559094258,1779559094276,2645,1779559006301,1779559094250,delta,"0,0.05"
1779559094292,1779559094329,2646,1779559006301,1779559094284,delta,"0,0.05"
1779559094332,1779559094363,2647,1779559006301,1779559094323,delta,"0,0.05"
1779559094362,1779559094363,2648,1779559006301,1779559094354,delta,"0,0.05"
1779559094396,1779559094403,2649,1779559006301,1779559094387,delta,"0,0.05"
1779559094435,1779559094456,2650,1779559006301,1779559094426,delta,"0,0.05"
1779559094465,1779559094490,2651,1779559006301,1779559094457,delta,"0,0.05"
1779559094497,1779559094530,2652,1779559006301,1779559094489,delta,"0,0.05"
1779559094530,1779559094583,2653,1779559006301,1779559094521,delta,"0,0.05"
1779559094562,1779559094583,2654,1779559006301,1779559094553,delta,"0,0.05"
1779559094594,1779559094616,2655,1779559006301,1779559094585,delta,"0,0.05"
1779559094626,1779559094655,2656,1779559006301,1779559094618,delta,"0,0.05"
1779559094659,1779559094709,2657,1779559006301,1779559094650,delta,"0,0.05"
1779559094691,1779559094709,2658,1779559006301,1779559094682,delta,"0,0.05"
1779559094723,1779559094742,2659,1779559006301,1779559094714,delta,"0,0.05"
1779559094755,1779559094782,2660,1779559006301,1779559094746,delta,"0,0.05"
1779559094788,1779559094834,2661,1779559006301,1779559094779,delta,"0,0.05"
1779559094828,1779559094834,2662,1779559006301,1779559094819,delta,"0,0.05"
1779559094858,1779559094868,2663,1779559006301,1779559094850,delta,"0,0.05"
1779559094892,1779559094907,2664,1779559006301,1779559094883,delta,"0,0.05"
1779559094932,1779559094960,2665,1779559006301,1779559094923,delta,"0,0.05"
1779559094965,1779559094994,2666,1779559006301,1779559094954,delta,"0,0.05"
1779559094994,1779559095033,2667,1779559006301,1779559094986,delta,"0,0.05"
1779559095026,1779559095033,2668,1779559006301,1779559095018,delta,"0,0.05"
1779559095059,1779559095085,2669,1779559006301,1779559095051,delta,"0,0.05"
1779559095091,1779559095119,2670,1779559006301,1779559095083,delta,"0,0.05"
1779559095123,1779559095158,2671,1779559006301,1779559095115,delta,"0,0.05"
1779559095156,1779559095158,2672,1779559006301,1779559095147,delta,"0,0.05"
1779559095188,1779559095212,2673,1779559006301,1779559095179,delta,"0,0.05"
1779559095220,1779559095246,2674,1779559006301,1779559095212,delta,"0,0.05"
1779559095253,1779559095285,2675,1779559006301,1779559095244,delta,"0,0.05"
1779559095285,1779559095285,2676,1779559006301,1779559095277,delta,"0,0.05"
1779559095326,1779559095338,2677,1779559006301,1779559095317,delta,"0,0.05"
1779559095356,1779559095372,2678,1779559006301,1779559095348,delta,"0,0.05"
1779559095391,1779559095414,2679,1779559006301,1779559095382,delta,"0,0.05"
1779559095430,1779559095468,2680,1779559006301,1779559095421,delta,"0,0.05"
1779559095460,1779559095468,2681,1779559006301,1779559095452,delta,"0,0.05"
1779559095492,1779559095502,2682,1779559006301,1779559095484,delta,"0,0.05"
1779559095525,1779559095542,2683,1779559006301,1779559095516,delta,"0,0.05"
1779559095557,1779559095594,2684,1779559006301,1779559095549,delta,"0,0.05"
1779559095589,1779559095594,2685,1779559006301,1779559095581,delta,"0,0.05"
1779559095621,1779559095628,2686,1779559006301,1779559095613,delta,"0,0.05"
1779559095653,1779559095668,2687,1779559006301,1779559095645,delta,"0,0.05"
1779559095685,1779559095721,2688,1779559006301,1779559095677,delta,"0,0.05"
1779559095717,1779559095721,2689,1779559006301,1779559095709,delta,"0,0.05"
1779559095750,1779559095755,2690,1779559006301,1779559095742,delta,"0,0.05"
1779559095782,1779559095797,2691,1779559006301,1779559095774,delta,"0,0.05"
1779559095853,1779559095885,2692,1779559006301,1779559095845,delta,"0,0.05"
1779559095856,1779559095885,2693,1779559006301,1779559095848,delta,"0,0.05"
1779559095888,1779559095924,2694,1779559006301,1779559095880,delta,"0,0.05"
1779559095928,1779559095977,2695,1779559006301,1779559095920,delta,"0,0.05"
1779559095960,1779559095977,2696,1779559006301,1779559095951,delta,"0,0.05"
1779559095992,1779559096011,2697,1779559006301,1779559095983,delta,"0,0.05"
1779559096024,1779559096051,2698,1779559006301,1779559096015,delta,"0,0.05"
1779559096056,1779559096104,2699,1779559006301,1779559096048,delta,"0,0.05"
1779559096088,1779559096104,2700,1779559006301,1779559096080,delta,"0,0.05"
1779559096121,1779559096138,2701,1779559006301,1779559096112,delta,"0,0.05"
1779559096153,1779559096178,2702,1779559006301,1779559096144,delta,"0,0.05"
1779559096185,1779559096231,2703,1779559006301,1779559096176,delta,"0,0.05"
1779559096216,1779559096231,2704,1779559006301,1779559096208,delta,"0,0.05"
1779559096249,1779559096264,2705,1779559006301,1779559096240,delta,"0,0.05"
1779559096282,1779559096304,2706,1779559006301,1779559096273,delta,"0,0.05"
1779559096352,1779559096357,2707,1779559006301,1779559096344,delta,"0,0.05"
1779559096356,1779559096357,2708,1779559006301,1779559096347,delta,"0,0.05"
1779559096388,1779559096392,2709,1779559006301,1779559096379,delta,"0,0.05"
1779559096458,1779559096484,2710,1779559006301,1779559096449,delta,"0,0.05"
1779559096461,1779559096484,2711,1779559006301,1779559096453,delta,"0,0.05"
1779559096493,1779559096518,2712,1779559006301,1779559096484,delta,"0,0.05"
1779559096525,1779559096557,2713,1779559006301,1779559096517,delta,"0,0.05"
1779559096557,1779559096557,2714,1779559006301,1779559096549,delta,"0,0.05"
1779559096589,1779559096610,2715,1779559006301,1779559096581,delta,"0,0.05"
1779559096621,1779559096643,2716,1779559006301,1779559096613,delta,"0,0.05"
1779559096653,1779559096682,2717,1779559006301,1779559096645,delta,"0,0.05"
1779559096685,1779559096735,2718,1779559006301,1779559096677,delta,"0,0.05"
1779559096717,1779559096735,2719,1779559006301,1779559096709,delta,"0,0.05"
1779559096750,1779559096768,2720,1779559006301,1779559096741,delta,"0,0.05"
1779559096782,1779559096807,2721,1779559006301,1779559096773,delta,"0,0.05"
1779559096814,1779559096860,2722,1779559006301,1779559096805,delta,"0,0.05"
1779559096847,1779559096860,2723,1779559006301,1779559096839,delta,"0,0.05"
1779559096888,1779559096894,2724,1779559006301,1779559096880,delta,"0,0.05"
1779559096919,1779559096933,2725,1779559006301,1779559096911,delta,"0,0.05"
1779559096960,1779559096986,2726,1779559006301,1779559096952,delta,"0,0.05"
1779559096990,1779559097023,2727,1779559006301,1779559096982,delta,"0,0.05"
1779559097023,1779559097023,2728,1779559006301,1779559097014,delta,"0,0.05"
1779559097055,1779559097061,2729,1779559006301,1779559097046,delta,"0,0.05"
1779559097087,1779559097114,2730,1779559006301,1779559097079,delta,"0,0.05"
1779559097119,1779559097148,2731,1779559006301,1779559097111,delta,"0,0.05"
1779559097151,1779559097188,2732,1779559006301,1779559097143,delta,"0,0.05"
1779559097183,1779559097188,2733,1779559006301,1779559097174,delta,"0,0.05"
1779559097215,1779559097241,2734,1779559006301,1779559097207,delta,"0,0.05"
1779559097247,1779559097274,2735,1779559006301,1779559097239,delta,"0,0.05"
1779559097280,1779559097313,2736,1779559006301,1779559097271,delta,"0,0.05"
1779559097311,1779559097313,2737,1779559006301,1779559097303,delta,"0,0.05"
1779559097344,1779559097366,2738,1779559006301,1779559097336,delta,"0,0.05"
1779559097385,1779559097399,2739,1779559006301,1779559097377,delta,"0,0.05"
1779559097416,1779559097438,2740,1779559006301,1779559097408,delta,"0,0.05"
1779559097449,1779559097493,2741,1779559006301,1779559097441,delta,"0,0.05"
1779559097490,1779559097493,2742,1779559006301,1779559097480,delta,"0,0.05"
1779559097520,1779559097526,2743,1779559006301,1779559097511,delta,"0,0.05"
1779559097551,1779559097566,2744,1779559006301,1779559097543,delta,"0,0.05"
1779559097583,1779559097619,2745,1779559006301,1779559097575,delta,"0,0.05"
1779559097615,1779559097619,2746,1779559006301,1779559097607,delta,"0,0.05"
1779559097648,1779559097653,2747,1779559006301,1779559097639,delta,"0,0.05"
1779559097680,1779559097693,2748,1779559006301,1779559097671,delta,"0,0.05"
1779559097711,1779559097746,2749,1779559006301,1779559097703,delta,"0,0.05"
1779559097744,1779559097746,2750,1779559006301,1779559097735,delta,"0,0.05"
1779559097776,1779559097780,2751,1779559006301,1779559097767,delta,"0,0.05"
1779559097808,1779559097819,2752,1779559006301,1779559097799,delta,"0,0.05"
1779559097840,1779559097872,2753,1779559006301,1779559097832,delta,"0,0.05"
1779559097912,1779559097950,2754,1779559006301,1779559097903,delta,"0,0.05"
1779559097915,1779559097951,2755,1779559006301,1779559097907,delta,"0,0.05"
1779559097947,1779559097951,2756,1779559006301,1779559097938,delta,"0,0.05"
1779559098018,1779559098039,2757,1779559006301,1779559098009,delta,"0,0.05"
1779559098021,1779559098039,2758,1779559006301,1779559098012,delta,"0,0.05"
1779559098052,1779559098079,2759,1779559006301,1779559098044,delta,"0,0.05"
1779559098084,1779559098132,2760,1779559006301,1779559098076,delta,"0,0.05"
1779559098116,1779559098132,2761,1779559006301,1779559098108,delta,"0,0.05"
1779559098148,1779559098166,2762,1779559006301,1779559098140,delta,"0,0.05"
1779559098181,1779559098205,2763,1779559006301,1779559098172,delta,"0,0.05"
1779559098213,1779559098259,2764,1779559006301,1779559098204,delta,"0,0.05"
1779559098245,1779559098259,2765,1779559006301,1779559098236,delta,"0,0.05"
1779559098277,1779559098293,2766,1779559006301,1779559098268,delta,"0,0.05"
1779559098309,1779559098334,2767,1779559006301,1779559098300,delta,"0,0.05"
1779559098342,1779559098387,2768,1779559006301,1779559098333,delta,"0,0.05"
1779559098377,1779559098387,2769,1779559006301,1779559098366,delta,"0,0.05"
1779559098414,1779559098421,2770,1779559006301,1779559098405,delta,"0,0.05"
1779559098445,1779559098461,2771,1779559006301,1779559098436,delta,"0,0.05"
1779559098478,1779559098514,2772,1779559006301,1779559098469,delta,"0,0.05"
1779559098517,1779559098548,2773,1779559006301,1779559098509,delta,"0,0.05"
1779559098548,1779559098548,2774,1779559006301,1779559098540,delta,"0,0.05"
1779559098580,1779559098588,2775,1779559006301,1779559098572,delta,"0,0.05"
1779559098613,1779559098641,2776,1779559006301,1779559098604,delta,"0,0.05"
1779559098644,1779559098674,2777,1779559006301,1779559098636,delta,"0,0.05"
1779559098677,1779559098716,2778,1779559006301,1779559098668,delta,"0,0.05"
1779559098708,1779559098716,2779,1779559006301,1779559098700,delta,"0,0.05"
1779559098741,1779559098770,2780,1779559006301,1779559098732,delta,"0,0.05"
1779559098773,1779559098803,2781,1779559006301,1779559098764,delta,"0,0.05"
1779559098805,1779559098843,2782,1779559006301,1779559098797,delta,"0,0.05"
1779559098837,1779559098843,2783,1779559006301,1779559098829,delta,"0,0.05"
1779559098870,1779559098896,2784,1779559006301,1779559098861,delta,"0,0.05"
1779559098903,1779559098929,2785,1779559006301,1779559098894,delta,"0,0.05"
1779559098944,1779559098970,2786,1779559006301,1779559098935,delta,"0,0.05"
1779559098975,1779559099024,2787,1779559006301,1779559098966,delta,"0,0.05"
1779559099015,1779559099024,2788,1779559006301,1779559099007,delta,"0,0.05"
1779559099046,1779559099060,2789,1779559006301,1779559099037,delta,"0,0.05"
1779559099078,1779559099101,2790,1779559006301,1779559099070,delta,"0,0.05"
1779559099110,1779559099156,2791,1779559006301,1779559099102,delta,"0,0.05"
1779559099142,1779559099156,2792,1779559006301,1779559099134,delta,"0,0.05"
1779559099175,1779559099190,2793,1779559006301,1779559099166,delta,"0,0.05"
1779559099207,1779559099229,2794,1779559006301,1779559099198,delta,"0,0.05"
1779559099239,1779559099283,2795,1779559006301,1779559099230,delta,"0,0.05"
1779559099272,1779559099283,2796,1779559006301,1779559099263,delta,"0,0.05"
1779559099303,1779559099317,2797,1779559006301,1779559099295,delta,"0,0.05"
1779559099335,1779559099357,2798,1779559006301,1779559099327,delta,"0,0.05"
1779559099367,1779559099410,2799,1779559006301,1779559099359,delta,"0,0.05"
1779559099401,1779559099410,2800,1779559006301,1779559099392,delta,"0,0.05"
1779559099444,1779559099444,2801,1779559006301,1779559099435,delta,"0,0.05"
1779559099472,1779559099484,2802,1779559006301,1779559099463,delta,"0,0.05"
1779559099505,1779559099537,2803,1779559006301,1779559099497,delta,"0,0.05"
1779559099544,1779559099570,2804,1779559006301,1779559099536,delta,"0,0.05"
1779559099576,1779559099610,2805,1779559006301,1779559099567,delta,"0,0.05"
1779559099608,1779559099610,2806,1779559006301,1779559099600,delta,"0,0.05"
1779559099640,1779559099663,2807,1779559006301,1779559099632,delta,"0,0.05"
1779559099672,1779559099697,2808,1779559006301,1779559099664,delta,"0,0.05"
1779559099704,1779559099737,2809,1779559006301,1779559099696,delta,"0,0.05"
1779559099736,1779559099737,2810,1779559006301,1779559099728,delta,"0,0.05"
1779559099768,1779559099791,2811,1779559006301,1779559099760,delta,"0,0.05"
1779559099800,1779559099825,2812,1779559006301,1779559099792,delta,"0,0.05"
1779559099833,1779559099865,2813,1779559006301,1779559099824,delta,"0,0.05"
1779559099865,1779559099865,2814,1779559006301,1779559099857,delta,"0,0.05"
1779559099898,1779559099920,2815,1779559006301,1779559099889,delta,"0,0.05"
1779559099938,1779559099954,2816,1779559006301,1779559099930,delta,"0,0.05"
1779559099969,1779559099993,2817,1779559006301,1779559099960,delta,"0,0.05"
1779559100002,1779559100046,2818,1779559006301,1779559099994,delta,"0,0.05"
1779559100045,1779559100046,2819,1779559006301,1779559100033,delta,"0,0.05"
1779559100073,1779559100080,2820,1779559006301,1779559100065,delta,"0,0.05"
1779559100105,1779559100119,2821,1779559006301,1779559100097,delta,"0,0.05"
1779559100137,1779559100172,2822,1779559006301,1779559100129,delta,"0,0.05"
1779559100170,1779559100172,2823,1779559006301,1779559100161,delta,"0,0.05"
1779559100201,1779559100205,2824,1779559006301,1779559100193,delta,"0,0.05"
1779559100233,1779559100247,2825,1779559006301,1779559100225,delta,"0,0.05"
1779559100266,1779559100299,2826,1779559006301,1779559100257,delta,"0,0.05"
1779559100298,1779559100299,2827,1779559006301,1779559100289,delta,"0,0.05"
1779559100330,1779559100335,2828,1779559006301,1779559100322,delta,"0,0.05"
1779559100362,1779559100374,2829,1779559006301,1779559100353,delta,"0,0.05"
1779559100394,1779559100427,2830,1779559006301,1779559100386,delta,"0,0.05"
1779559100465,1779559100503,2831,1779559006301,1779559100457,delta,"0,0.05"
1779559100469,1779559100503,2832,1779559006301,1779559100461,delta,"0,0.05"
1779559100501,1779559100503,2833,1779559006301,1779559100492,delta,"0,0.05"
1779559100571,1779559100589,2834,1779559006301,1779559100563,delta,"0,0.05"
1779559100574,1779559100589,2835,1779559006301,1779559100566,delta,"0,0.05"
1779559100606,1779559100629,2836,1779559006301,1779559100597,delta,"0,0.05"
1779559100638,1779559100687,2837,1779559006301,1779559100630,delta,"0,0.05"
1779559100670,1779559100687,2838,1779559006301,1779559100662,delta,"0,0.05"
1779559100702,1779559100720,2839,1779559006301,1779559100694,delta,"0,0.05"
1779559100734,1779559100760,2840,1779559006301,1779559100726,delta,"0,0.05"
1779559100766,1779559100813,2841,1779559006301,1779559100758,delta,"0,0.05"
1779559100798,1779559100813,2842,1779559006301,1779559100790,delta,"0,0.05"
1779559100831,1779559100846,2843,1779559006301,1779559100822,delta,"0,0.05"
1779559100862,1779559100885,2844,1779559006301,1779559100854,delta,"0,0.05"
1779559100895,1779559100938,2845,1779559006301,1779559100886,delta,"0,0.05"
1779559100928,1779559100938,2846,1779559006301,1779559100919,delta,"0,0.05"
1779559100969,1779559100972,2847,1779559006301,1779559100961,delta,"0,0.05"
1779559101038,1779559101064,2848,1779559006301,1779559101030,delta,"0,0.05"
1779559101042,1779559101065,2849,1779559006301,1779559101034,delta,"0,0.05"
1779559101074,1779559101098,2850,1779559006301,1779559101065,delta,"0,0.05"
1779559101106,1779559101137,2851,1779559006301,1779559101098,delta,"0,0.05"
1779559101138,1779559101190,2852,1779559006301,1779559101130,delta,"0,0.05"
1779559101171,1779559101190,2853,1779559006301,1779559101162,delta,"0,0.05"
1779559101203,1779559101223,2854,1779559006301,1779559101194,delta,"0,0.05"
1779559101235,1779559101263,2855,1779559006301,1779559101226,delta,"0,0.05"
1779559101267,1779559101316,2856,1779559006301,1779559101259,delta,"0,0.05"
1779559101299,1779559101316,2857,1779559006301,1779559101291,delta,"0,0.05"
1779559101331,1779559101349,2858,1779559006301,1779559101323,delta,"0,0.05"
1779559101363,1779559101389,2859,1779559006301,1779559101355,delta,"0,0.05"
1779559101395,1779559101442,2860,1779559006301,1779559101387,delta,"0,0.05"
1779559101427,1779559101442,2861,1779559006301,1779559101419,delta,"0,0.05"
1779559101461,1779559101476,2862,1779559006301,1779559101453,delta,"0,0.05"
1779559101501,1779559101516,2863,1779559006301,1779559101492,delta,"0,0.05"
1779559101531,1779559101569,2864,1779559006301,1779559101523,delta,"0,0.05"
1779559101565,1779559101569,2865,1779559006301,1779559101556,delta,"0,0.05"
1779559101605,1779559101605,2866,1779559006301,1779559101596,delta,"0,0.05"
1779559101637,1779559101645,2867,1779559006301,1779559101628,delta,"0,0.05"
1779559101667,1779559101698,2868,1779559006301,1779559101659,delta,"0,0.05"
1779559101699,1779559101732,2869,1779559006301,1779559101691,delta,"0,0.05"
1779559101731,1779559101732,2870,1779559006301,1779559101723,delta,"0,0.05"
1779559101763,1779559101772,2871,1779559006301,1779559101755,delta,"0,0.05"
1779559101795,1779559101826,2872,1779559006301,1779559101787,delta,"0,0.05"
1779559101827,1779559101860,2873,1779559006301,1779559101819,delta,"0,0.05"
1779559101860,1779559101860,2874,1779559006301,1779559101851,delta,"0,0.05"
1779559101891,1779559101899,2875,1779559006301,1779559101883,delta,"0,0.05"
1779559101924,1779559101953,2876,1779559006301,1779559101915,delta,"0,0.05"
1779559101957,1779559101986,2877,1779559006301,1779559101948,delta,"0,0.05"
1779559101997,1779559102025,2878,1779559006301,1779559101988,delta,"0,0.05"
1779559102027,1779559102080,2879,1779559006301,1779559102019,delta,"0,0.05"
1779559102061,1779559102080,2880,1779559006301,1779559102052,delta,"0,0.05"
1779559102103,1779559102113,2881,1779559006301,1779559102095,delta,"0,0.05"
1779559102139,1779559102153,2882,1779559006301,1779559102130,delta,"0,0.05"
1779559102174,1779559102206,2883,1779559006301,1779559102166,delta,"0,0.05"
1779559102210,1779559102240,2884,1779559006301,1779559102202,delta,"0,0.05"
1779559102245,1779559102279,2885,1779559006301,1779559102237,delta,"0,0.05"
1779559102283,1779559102333,2886,1779559006301,1779559102275,delta,"0,0.05"
1779559102318,1779559102333,2887,1779559006301,1779559102310,delta,"0,0.05"
1779559102350,1779559102367,2888,1779559006301,1779559102342,delta,"0,0.05"
1779559102382,1779559102407,2889,1779559006301,1779559102373,delta,"0,0.05"
1779559102414,1779559102459,2890,1779559006301,1779559102406,delta,"0,0.05"
1779559102485,1779559102493,2891,1779559006301,1779559102477,delta,"0,0.05"
1779559102489,1779559102493,2892,1779559006301,1779559102480,delta,"0,0.05"
1779559102521,1779559102532,2893,1779559006301,1779559102513,delta,"0,0.05"
1779559102561,1779559102585,2894,1779559006301,1779559102553,delta,"0,0.05"
1779559102592,1779559102619,2895,1779559006301,1779559102583,delta,"0,0.05"
1779559102624,1779559102659,2896,1779559006301,1779559102616,delta,"0,0.05"
1779559102656,1779559102659,2897,1779559006301,1779559102648,delta,"0,0.05"
1779559102688,1779559102712,2898,1779559006301,1779559102680,delta,"0,0.05"
1779559102721,1779559102745,2899,1779559006301,1779559102712,delta,"0,0.05"
1779559102752,1779559102784,2900,1779559006301,1779559102744,delta,"0,0.05"
1779559102784,1779559102784,2901,1779559006301,1779559102776,delta,"0,0.05"
1779559102817,1779559102837,2902,1779559006301,1779559102808,delta,"0,0.05"
1779559102849,1779559102872,2903,1779559006301,1779559102840,delta,"0,0.05"
1779559102881,1779559102912,2904,1779559006301,1779559102873,delta,"0,0.05"
1779559102912,1779559102965,2905,1779559006301,1779559102904,delta,"0,0.05"
1779559102945,1779559102965,2906,1779559006301,1779559102937,delta,"0,0.05"
1779559102978,1779559102998,2907,1779559006301,1779559102969,delta,"0,0.05"
1779559103018,1779559103037,2908,1779559006301,1779559103010,delta,"0,0.05"
1779559103089,1779559103091,2909,1779559006301,1779559103080,delta,"0,0.05"
1779559103092,1779559103124,2910,1779559006301,1779559103083,delta,"0,0.05"
1779559103123,1779559103124,2911,1779559006301,1779559103115,delta,"0,0.05"
1779559103156,1779559103164,2912,1779559006301,1779559103147,delta,"0,0.05"
1779559103188,1779559103217,2913,1779559006301,1779559103179,delta,"0,0.05"
1779559103220,1779559103251,2914,1779559006301,1779559103211,delta,"0,0.05"
1779559103253,1779559103290,2915,1779559006301,1779559103244,delta,"0,0.05"
1779559103284,1779559103290,2916,1779559006301,1779559103276,delta,"0,0.05"
1779559103316,1779559103344,2917,1779559006301,1779559103308,delta,"0,0.05"
1779559103348,1779559103377,2918,1779559006301,1779559103340,delta,"0,0.05"
1779559103380,1779559103416,2919,1779559006301,1779559103372,delta,"0,0.05"
1779559103412,1779559103416,2920,1779559006301,1779559103404,delta,"0,0.05"
1779559103445,1779559103469,2921,1779559006301,1779559103436,delta,"0,0.05"
1779559103477,1779559103503,2922,1779559006301,1779559103469,delta,"0,0.05"
1779559103518,1779559103543,2923,1779559006301,1779559103510,delta,"0,0.05"
1779559103549,1779559103597,2924,1779559006301,1779559103541,delta,"0,0.05"
1779559103583,1779559103597,2925,1779559006301,1779559103574,delta,"0,0.05"
1779559103622,1779559103630,2926,1779559006301,1779559103614,delta,"0,0.05"
1779559103653,1779559103670,2927,1779559006301,1779559103645,delta,"0,0.05"
1779559103685,1779559103723,2928,1779559006301,1779559103677,delta,"0,0.05"
1779559103717,1779559103723,2929,1779559006301,1779559103709,delta,"0,0.05"
1779559103756,1779559103757,2930,1779559006301,1779559103748,delta,"0,0.05"
1779559103788,1779559103796,2931,1779559006301,1779559103779,delta,"0,0.05"
1779559103820,1779559103848,2932,1779559006301,1779559103812,delta,"0,0.05"
1779559103852,1779559103883,2933,1779559006301,1779559103843,delta,"0,0.05"
1779559103884,1779559103922,2934,1779559006301,1779559103876,delta,"0,0.05"
1779559103916,1779559103922,2935,1779559006301,1779559103908,delta,"0,0.05"
1779559103949,1779559103975,2936,1779559006301,1779559103940,delta,"0,0.05"
1779559103981,1779559104010,2937,1779559006301,1779559103973,delta,"0,0.05"
1779559104053,1779559104104,2938,1779559006301,1779559104044,delta,"0,0.05"
1779559104063,1779559104104,2939,1779559006301,1779559104054,delta,"0,0.05"
1779559104095,1779559104104,2940,1779559006301,1779559104086,delta,"0,0.05"
1779559104135,1779559104138,2941,1779559006301,1779559104126,delta,"0,0.05"
1779559104166,1779559104177,2942,1779559006301,1779559104157,delta,"0,0.05"
1779559104198,1779559104230,2943,1779559006301,1779559104190,delta,"0,0.05"
1779559104230,1779559104263,2944,1779559006301,1779559104222,delta,"0,0.05"
1779559104262,1779559104263,2945,1779559006301,1779559104254,delta,"0,0.05"
1779559104294,1779559104302,2946,1779559006301,1779559104286,delta,"0,0.05"
1779559104326,1779559104355,2947,1779559006301,1779559104318,delta,"0,0.05"
1779559104358,1779559104390,2948,1779559006301,1779559104350,delta,"0,0.05"
1779559104391,1779559104430,2949,1779559006301,1779559104383,delta,"0,0.05"
1779559104423,1779559104430,2950,1779559006301,1779559104415,delta,"0,0.05"
1779559104456,1779559104483,2951,1779559006301,1779559104447,delta,"0,0.05"
1779559104488,1779559104517,2952,1779559006301,1779559104479,delta,"0,0.05"
1779559104560,1779559104611,2953,1779559006301,1779559104552,delta,"0,0.05"
1779559104565,1779559104611,2954,1779559006301,1779559104557,delta,"0,0.05"
1779559104597,1779559104611,2955,1779559006301,1779559104588,delta,"0,0.05"
1779559104629,1779559104645,2956,1779559006301,1779559104621,delta,"0,0.05"
1779559104661,1779559104685,2957,1779559006301,1779559104653,delta,"0,0.05"
1779559104693,1779559104739,2958,1779559006301,1779559104685,delta,"0,0.05"
1779559104725,1779559104739,2959,1779559006301,1779559104717,delta,"0,0.05"
1779559104758,1779559104773,2960,1779559006301,1779559104749,delta,"0,0.05"
1779559104790,1779559104814,2961,1779559006301,1779559104782,delta,"0,0.05"
1779559104822,1779559104867,2962,1779559006301,1779559104814,delta,"0,0.05"
1779559104854,1779559104867,2963,1779559006301,1779559104846,delta,"0,0.05"
1779559104887,1779559104901,2964,1779559006301,1779559104878,delta,"0,0.05"
1779559104918,1779559104941,2965,1779559006301,1779559104910,delta,"0,0.05"
1779559104950,1779559104996,2966,1779559006301,1779559104942,delta,"0,0.05"
1779559104983,1779559104996,2967,1779559006301,1779559104974,delta,"0,0.05"
1779559105053,1779559105069,2968,1779559006301,1779559105045,delta,"0,0.05"
1779559105056,1779559105069,2969,1779559006301,1779559105048,delta,"0,0.05"
1779559105089,1779559105123,2970,1779559006301,1779559105080,delta,"0,0.05"
1779559105128,1779559105159,2971,1779559006301,1779559105120,delta,"0,0.05"
1779559105160,1779559105200,2972,1779559006301,1779559105151,delta,"0,0.05"
1779559105191,1779559105200,2973,1779559006301,1779559105183,delta,"0,0.05"
1779559105223,1779559105254,2974,1779559006301,1779559105215,delta,"0,0.05"
1779559105255,1779559105291,2975,1779559006301,1779559105247,delta,"0,0.05"
1779559105287,1779559105291,2976,1779559006301,1779559105279,delta,"0,0.05"
1779559105320,1779559105330,2977,1779559006301,1779559105311,delta,"0,0.05"
1779559105351,1779559105383,2978,1779559006301,1779559105343,delta,"0,0.05"
1779559105384,1779559105417,2979,1779559006301,1779559105375,delta,"0,0.05"
1779559105416,1779559105417,2980,1779559006301,1779559105407,delta,"0,0.05"
1779559105447,1779559105456,2981,1779559006301,1779559105439,delta,"0,0.05"
1779559105480,1779559105509,2982,1779559006301,1779559105472,delta,"0,0.05"
1779559105512,1779559105545,2983,1779559006301,1779559105504,delta,"0,0.05"
1779559105545,1779559105585,2984,1779559006301,1779559105537,delta,"0,0.05"
1779559105585,1779559105585,2985,1779559006301,1779559105576,delta,"0,0.05"
1779559105616,1779559105637,2986,1779559006301,1779559105607,delta,"0,0.05"
1779559105649,1779559105671,2987,1779559006301,1779559105640,delta,"0,0.05"
1779559105688,1779559105712,2988,1779559006301,1779559105680,delta,"0,0.05"
1779559105720,1779559105767,2989,1779559006301,1779559105711,delta,"0,0.05"
1779559105751,1779559105767,2990,1779559006301,1779559105743,delta,"0,0.05"
1779559105783,1779559105803,2991,1779559006301,1779559105775,delta,"0,0.05"
1779559105815,1779559105841,2992,1779559006301,1779559105807,delta,"0,0.05"
1779559105847,1779559105894,2993,1779559006301,1779559105839,delta,"0,0.05"
1779559105880,1779559105894,2994,1779559006301,1779559105871,delta,"0,0.05"
1779559105911,1779559105928,2995,1779559006301,1779559105903,delta,"0,0.05"
1779559105943,1779559105969,2996,1779559006301,1779559105935,delta,"0,0.05"
1779559105976,1779559106023,2997,1779559006301,1779559105967,delta,"0,0.05"
1779559106008,1779559106023,2998,1779559006301,1779559105999,delta,"0,0.05"
1779559106041,1779559106056,2999,1779559006301,1779559106032,delta,"0,0.05"
1779559106081,1779559106095,3000,1779559006301,1779559106072,delta,"0,0.05"
1779559106111,1779559106148,3001,1779559006301,1779559106103,delta,"0,0.05"
1779559106151,1779559106181,3002,1779559006301,1779559106143,delta,"0,0.05"
1779559106182,1779559106220,3003,1779559006301,1779559106173,delta,"0,0.05"
1779559106214,1779559106220,3004,1779559006301,1779559106205,delta,"0,0.05"
1779559106246,1779559106274,3005,1779559006301,1779559106237,delta,"0,0.05"
1779559106278,1779559106309,3006,1779559006301,1779559106269,delta,"0,0.05"
1779559106311,1779559106348,3007,1779559006301,1779559106302,delta,"0,0.05"
1779559106342,1779559106348,3008,1779559006301,1779559106334,delta,"0,0.05"
1779559106374,1779559106401,3009,1779559006301,1779559106366,delta,"0,0.05"
1779559106406,1779559106435,3010,1779559006301,1779559106398,delta,"0,0.05"
1779559106438,1779559106474,3011,1779559006301,1779559106430,delta,"0,0.05"
1779559106471,1779559106474,3012,1779559006301,1779559106463,delta,"0,0.05"
1779559106503,1779559106527,3013,1779559006301,1779559106494,delta,"0,0.05"
1779559106543,1779559106561,3014,1779559006301,1779559106535,delta,"0,0.05"
1779559106575,1779559106600,3015,1779559006301,1779559106567,delta,"0,0.05"
1779559106616,1779559106654,3016,1779559006301,1779559106608,delta,"0,0.05"
1779559106685,1779559106689,3017,1779559006301,1779559106676,delta,"0,0.05"
1779559106688,1779559106689,3018,1779559006301,1779559106679,delta,"0,0.05"
1779559106720,1779559106729,3019,1779559006301,1779559106711,delta,"0,0.05"
1779559106752,1779559106782,3020,1779559006301,1779559106743,delta,"0,0.05"
1779559106783,1779559106815,3021,1779559006301,1779559106775,delta,"0,0.05"
1779559106815,1779559106855,3022,1779559006301,1779559106807,delta,"0,0.05"
1779559106848,1779559106855,3023,1779559006301,1779559106839,delta,"0,0.05"
1779559106880,1779559106908,3024,1779559006301,1779559106872,delta,"0,0.05"
1779559106911,1779559106941,3025,1779559006301,1779559106903,delta,"0,0.05"
1779559106944,1779559106980,3026,1779559006301,1779559106935,delta,"0,0.05"
1779559106976,1779559106980,3027,1779559006301,1779559106967,delta,"0,0.05"
1779559107008,1779559107033,3028,1779559006301,1779559106999,delta,"0,0.05"
1779559107040,1779559107066,3029,1779559006301,1779559107032,delta,"0,0.05"
1779559107073,1779559107106,3030,1779559006301,1779559107064,delta,"0,0.05"
1779559107113,1779559107160,3031,1779559006301,1779559107105,delta,"0,0.05"
1779559107145,1779559107160,3032,1779559006301,1779559107136,delta,"0,0.05"
1779559107184,1779559107193,3033,1779559006301,1779559107175,delta,"0,0.05"
1779559107215,1779559107233,3034,1779559006301,1779559107206,delta,"0,0.05"
1779559107246,1779559107285,3035,1779559006301,1779559107238,delta,"0,0.05"
1779559107279,1779559107286,3036,1779559006301,1779559107270,delta,"0,0.05"
1779559107311,1779559107319,3037,1779559006301,1779559107303,delta,"0,0.05"
1779559107343,1779559107360,3038,1779559006301,1779559107335,delta,"0,0.05"
1779559107375,1779559107415,3039,1779559006301,1779559107367,delta,"0,0.05"
1779559107407,1779559107415,3040,1779559006301,1779559107399,delta,"0,0.05"
1779559107439,1779559107448,3041,1779559006301,1779559107431,delta,"0,0.05"
1779559107472,1779559107488,3042,1779559006301,1779559107463,delta,"0,0.05"
1779559107503,1779559107542,3043,1779559006301,1779559107495,delta,"0,0.05"
1779559107544,1779559107575,3044,1779559006301,1779559107535,delta,"0,0.05"
1779559107613,1779559107615,3045,1779559006301,1779559107605,delta,"0,0.05"
1779559107618,1779559107669,3046,1779559006301,1779559107609,delta,"0,0.05"
1779559107651,1779559107669,3047,1779559006301,1779559107643,delta,"0,0.05"
1779559107690,1779559107703,3048,1779559006301,1779559107682,delta,"0,0.05"
1779559107722,1779559107743,3049,1779559006301,1779559107713,delta,"0,0.05"
1779559107753,1779559107796,3050,1779559006301,1779559107745,delta,"0,0.05"
1779559107786,1779559107796,3051,1779559006301,1779559107777,delta,"0,0.05"
1779559107818,1779559107830,3052,1779559006301,1779559107810,delta,"0,0.05"
1779559107850,1779559107869,3053,1779559006301,1779559107842,delta,"0,0.05"
1779559107882,1779559107923,3054,1779559006301,1779559107873,delta,"0,0.05"
1779559107914,1779559107923,3055,1779559006301,1779559107906,delta,"0,0.05"
1779559107946,1779559107958,3056,1779559006301,1779559107938,delta,"0,0.05"
1779559107978,1779559107997,3057,1779559006301,1779559107970,delta,"0,0.05"
1779559108011,1779559108050,3058,1779559006301,1779559108002,delta,"0,0.05"
1779559108043,1779559108050,3059,1779559006301,1779559108034,delta,"0,0.05"
1779559108075,1779559108084,3060,1779559006301,1779559108067,delta,"0,0.05"
1779559108108,1779559108124,3061,1779559006301,1779559108100,delta,"0,0.05"
1779559108149,1779559108178,3062,1779559006301,1779559108140,delta,"0,0.05"
1779559108180,1779559108212,3063,1779559006301,1779559108171,delta,"0,0.05"
1779559108213,1779559108252,3064,1779559006301,1779559108204,delta,"0,0.05"
1779559108252,1779559108304,3065,1779559006301,1779559108244,delta,"0,0.05"
1779559108284,1779559108304,3066,1779559006301,1779559108275,delta,"0,0.05"
1779559108316,1779559108338,3067,1779559006301,1779559108307,delta,"0,0.05"
1779559108348,1779559108377,3068,1779559006301,1779559108339,delta,"0,0.05"
1779559108380,1779559108430,3069,1779559006301,1779559108372,delta,"0,0.05"
1779559108412,1779559108430,3070,1779559006301,1779559108404,delta,"0,0.05"
1779559108444,1779559108463,3071,1779559006301,1779559108436,delta,"0,0.05"
1779559108476,1779559108503,3072,1779559006301,1779559108468,delta,"0,0.05"
1779559108508,1779559108556,3073,1779559006301,1779559108500,delta,"0,0.05"
1779559108541,1779559108556,3074,1779559006301,1779559108533,delta,"0,0.05"
1779559108573,1779559108589,3075,1779559006301,1779559108565,delta,"0,0.05"
1779559108606,1779559108628,3076,1779559006301,1779559108597,delta,"0,0.05"
1779559108646,1779559108681,3077,1779559006301,1779559108638,delta,"0,0.05"
1779559108677,1779559108681,3078,1779559006301,1779559108669,delta,"0,0.05"
1779559108717,1779559108756,3079,1779559006301,1779559108709,delta,"0,0.05"
1779559108748,1779559108756,3080,1779559006301,1779559108740,delta,"0,0.05"
1779559108781,1779559108808,3081,1779559006301,1779559108772,delta,"0,0.05"
1779559108812,1779559108844,3082,1779559006301,1779559108804,delta,"0,0.05"
1779559108845,1779559108885,3083,1779559006301,1779559108836,delta,"0,0.05"
1779559108876,1779559108885,3084,1779559006301,1779559108868,delta,"0,0.05"
1779559108909,1779559108938,3085,1779559006301,1779559108900,delta,"0,0.05"
1779559108941,1779559108972,3086,1779559006301,1779559108933,delta,"0,0.05"
1779559108973,1779559109013,3087,1779559006301,1779559108964,delta,"0,0.05"
1779559109005,1779559109013,3088,1779559006301,1779559108997,delta,"0,0.05"
1779559109037,1779559109067,3089,1779559006301,1779559109029,delta,"0,0.05"
1779559109069,1779559109107,3090,1779559006301,1779559109061,delta,"0,0.05"
1779559109102,1779559109107,3091,1779559006301,1779559109094,delta,"0,0.05"
1779559109142,1779559109147,3092,1779559006301,1779559109134,delta,"0,0.05"
1779559109173,1779559109200,3093,1779559006301,1779559109165,delta,"0,0.05"
1779559109205,1779559109233,3094,1779559006301,1779559109197,delta,"0,0.05"
1779559109246,1779559109272,3095,1779559006301,1779559109237,delta,"0,0.05"
1779559109276,1779559109325,3096,1779559006301,1779559109268,delta,"0,0.05"
1779559109309,1779559109325,3097,1779559006301,1779559109300,delta,"0,0.05"
1779559109341,1779559109359,3098,1779559006301,1779559109332,delta,"0,0.05"
1779559109373,1779559109398,3099,1779559006301,1779559109364,delta,"0,0.05"
1779559109404,1779559109451,3100,1779559006301,1779559109396,delta,"0,0.05"
1779559109437,1779559109451,3101,1779559006301,1779559109428,delta,"0,0.05"
1779559109469,1779559109484,3102,1779559006301,1779559109460,delta,"0,0.05"
1779559109501,1779559109524,3103,1779559006301,1779559109493,delta,"0,0.05"
1779559109533,1779559109577,3104,1779559006301,1779559109525,delta,"0,0.05"
1779559109565,1779559109577,3105,1779559006301,1779559109557,delta,"0,0.05"
1779559109597,1779559109610,3106,1779559006301,1779559109589,delta,"0,0.05"
1779559109668,1779559109703,3107,1779559006301,1779559109660,delta,"0,0.05"
1779559109672,1779559109703,3108,1779559006301,1779559109663,delta,"0,0.05"
1779559109742,1779559109776,3109,1779559006301,1779559109733,delta,"0,0.05"
1779559109748,1779559109776,3110,1779559006301,1779559109740,delta,"0,0.05"
1779559109786,1779559109828,3111,1779559006301,1779559109778,delta,"0,0.05"
1779559109822,1779559109828,3112,1779559006301,1779559109813,delta,"0,0.05"
1779559109858,1779559109861,3113,1779559006301,1779559109850,delta,"0,0.05"
1779559109894,1779559109901,3114,1779559006301,1779559109886,delta,"0,0.05"
1779559109930,1779559109955,3115,1779559006301,1779559109921,delta,"0,0.05"
1779559109964,1779559109988,3116,1779559006301,1779559109955,delta,"0,0.05"
1779559109998,1779559110028,3117,1779559006301,1779559109990,delta,"0,0.05"
1779559110034,1779559110081,3118,1779559006301,1779559110025,delta,"0,0.05"
1779559110068,1779559110081,3119,1779559006301,1779559110060,delta,"0,0.05"
1779559110104,1779559110114,3120,1779559006301,1779559110095,delta,"0,0.05"
1779559110136,1779559110154,3121,1779559006301,1779559110128,delta,"0,0.05"
1779559110177,1779559110207,3122,1779559006301,1779559110168,delta,"0,0.05"
1779559110207,1779559110241,3123,1779559006301,1779559110199,delta,"0,0.05"
1779559110279,1779559110281,3124,1779559006301,1779559110270,delta,"0,0.05"
1779559110282,1779559110334,3125,1779559006301,1779559110274,delta,"0,0.05"
1779559110314,1779559110334,3126,1779559006301,1779559110306,delta,"0,0.05"
1779559110346,1779559110369,3127,1779559006301,1779559110338,delta,"0,0.05"
1779559110378,1779559110409,3128,1779559006301,1779559110370,delta,"0,0.05"
1779559110411,1779559110414,3129,1779559006301,1779559110402,delta,"0,0.05"
1779559110442,1779559110462,3130,1779559006301,1779559110434,delta,"0,0.05"
1779559110474,1779559110495,3131,1779559006301,1779559110466,delta,"0,0.05"
1779559110506,1779559110534,3132,1779559006301,1779559110498,delta,"0,0.05"
1779559110539,1779559110587,3133,1779559006301,1779559110530,delta,"0,0.05"
1779559110571,1779559110587,3134,1779559006301,1779559110562,delta,"0,0.05"
1779559110603,1779559110620,3135,1779559006301,1779559110595,delta,"0,0.05"
1779559110635,1779559110660,3136,1779559006301,1779559110627,delta,"0,0.05"
1779559110668,1779559110712,3137,1779559006301,1779559110659,delta,"0,0.05"
1779559110709,1779559110712,3138,1779559006301,1779559110700,delta,"0,0.05"
1779559110778,1779559110787,3139,1779559006301,1779559110770,delta,"0,0.05"
1779559110783,1779559110787,3140,1779559006301,1779559110774,delta,"0,0.05"
1779559110814,1779559110839,3141,1779559006301,1779559110806,delta,"0,0.05"
1779559110846,1779559110873,3142,1779559006301,1779559110838,delta,"0,0.05"
1779559110879,1779559110912,3143,1779559006301,1779559110870,delta,"0,0.05"
1779559110911,1779559110912,3144,1779559006301,1779559110903,delta,"0,0.05"
1779559110943,1779559110964,3145,1779559006301,1779559110935,delta,"0,0.05"
1779559110975,1779559110998,3146,1779559006301,1779559110967,delta,"0,0.05"
1779559111040,1779559111090,3147,1779559006301,1779559111031,delta,"0,0.05"
1779559111043,1779559111090,3148,1779559006301,1779559111035,delta,"0,0.05"
1779559111075,1779559111090,3149,1779559006301,1779559111067,delta,"0,0.05"
1779559111108,1779559111124,3150,1779559006301,1779559111099,delta,"0,0.05"
