utc_iso,unix_ms,received_queue_size
2026-05-23T09:55:16.7885840Z,1779530116788,0
2026-05-23T09:55:17.4867370Z,1779530117486,0
2026-05-23T09:55:17.5348900Z,1779530117534,0
2026-05-23T09:55:17.5747260Z,1779530117574,0
2026-05-23T09:55:17.6124140Z,1779530117612,0
2026-05-23T09:55:17.6501820Z,1779530117650,0
2026-05-23T09:55:17.6872280Z,1779530117687,0
2026-05-23T09:55:17.7246850Z,1779530117724,0
2026-05-23T09:55:17.7683660Z,1779530117768,0
2026-05-23T09:55:17.8114230Z,1779530117811,0
2026-05-23T09:55:17.8491480Z,1779530117849,0
2026-05-23T09:55:17.8885380Z,1779530117888,0
2026-05-23T09:55:17.9371500Z,1779530117937,0
2026-05-23T09:55:17.9816610Z,1779530117981,0
2026-05-23T09:55:18.0251470Z,1779530118025,0
2026-05-23T09:55:18.0628880Z,1779530118062,0
2026-05-23T09:55:18.0984580Z,1779530118098,0
2026-05-23T09:55:18.1356110Z,1779530118135,0
2026-05-23T09:55:18.1724790Z,1779530118172,0
2026-05-23T09:55:18.2104720Z,1779530118210,0
2026-05-23T09:55:18.2542360Z,1779530118254,0
2026-05-23T09:55:18.2997210Z,1779530118299,0
2026-05-23T09:55:18.3378950Z,1779530118337,0
2026-05-23T09:55:18.3751060Z,1779530118375,0
2026-05-23T09:55:18.4126200Z,1779530118412,0
2026-05-23T09:55:18.4510060Z,1779530118451,0
2026-05-23T09:55:18.4882530Z,1779530118488,0
2026-05-23T09:55:18.5255000Z,1779530118525,0
2026-05-23T09:55:18.5628060Z,1779530118562,0
2026-05-23T09:55:18.6003340Z,1779530118600,0
2026-05-23T09:55:18.6395180Z,1779530118639,0
2026-05-23T09:55:18.6769750Z,1779530118676,0
2026-05-23T09:55:18.7141520Z,1779530118714,0
2026-05-23T09:55:18.7519410Z,1779530118751,0
2026-05-23T09:55:18.7961590Z,1779530118796,0
2026-05-23T09:55:18.8348700Z,1779530118834,0
2026-05-23T09:55:18.8720150Z,1779530118872,0
2026-05-23T09:55:18.9093860Z,1779530118909,0
2026-05-23T09:55:18.9470650Z,1779530118947,0
2026-05-23T09:55:18.9917130Z,1779530118991,0
2026-05-23T09:55:18.9965230Z,1779530118996,0
2026-05-23T09:55:19.0328480Z,1779530119032,0
2026-05-23T09:55:19.0995810Z,1779530119099,0
2026-05-23T09:55:19.1386290Z,1779530119138,0
2026-05-23T09:55:19.1765630Z,1779530119176,0
2026-05-23T09:55:19.2137230Z,1779530119213,0
2026-05-23T09:55:19.2510950Z,1779530119251,0
2026-05-23T09:55:19.2947660Z,1779530119294,0
2026-05-23T09:55:19.3349690Z,1779530119334,0
2026-05-23T09:55:19.3722540Z,1779530119372,0
2026-05-23T09:55:19.4094140Z,1779530119409,0
2026-05-23T09:55:19.4465260Z,1779530119446,0
2026-05-23T09:55:19.4835470Z,1779530119483,0
2026-05-23T09:55:19.5207860Z,1779530119520,0
2026-05-23T09:55:19.5579810Z,1779530119557,0
2026-05-23T09:55:19.5956390Z,1779530119595,0
2026-05-23T09:55:19.6333840Z,1779530119633,0
2026-05-23T09:55:19.6708760Z,1779530119670,0
2026-05-23T09:55:19.7081270Z,1779530119708,0
2026-05-23T09:55:19.7450170Z,1779530119745,0
2026-05-23T09:55:19.7912880Z,1779530119791,0
2026-05-23T09:55:19.8291850Z,1779530119829,0
2026-05-23T09:55:19.8662670Z,1779530119866,0
2026-05-23T09:55:19.9028450Z,1779530119902,0
2026-05-23T09:55:19.9400660Z,1779530119940,0
2026-05-23T09:55:19.9774010Z,1779530119977,0
2026-05-23T09:55:20.0142570Z,1779530120014,0
2026-05-23T09:55:20.0512480Z,1779530120051,0
2026-05-23T09:55:20.0885240Z,1779530120088,0
2026-05-23T09:55:20.1247060Z,1779530120124,0
2026-05-23T09:55:20.1624000Z,1779530120162,0
2026-05-23T09:55:20.2030530Z,1779530120203,0
2026-05-23T09:55:20.2414740Z,1779530120241,0
2026-05-23T09:55:20.2807270Z,1779530120280,0
2026-05-23T09:55:20.3240630Z,1779530120324,0
2026-05-23T09:55:20.3605420Z,1779530120360,0
2026-05-23T09:55:20.3975370Z,1779530120397,0
2026-05-23T09:55:20.4344490Z,1779530120434,0
2026-05-23T09:55:20.4714940Z,1779530120471,0
2026-05-23T09:55:20.5090870Z,1779530120509,0
2026-05-23T09:55:20.5461420Z,1779530120546,0
2026-05-23T09:55:20.5837800Z,1779530120583,0
2026-05-23T09:55:20.6216760Z,1779530120621,0
2026-05-23T09:55:20.6594680Z,1779530120659,0
2026-05-23T09:55:20.6968400Z,1779530120696,0
2026-05-23T09:55:20.7336010Z,1779530120733,0
2026-05-23T09:55:20.7715840Z,1779530120771,0
2026-05-23T09:55:20.8152620Z,1779530120815,0
2026-05-23T09:55:20.8511440Z,1779530120851,0
2026-05-23T09:55:20.8915660Z,1779530120891,0
2026-05-23T09:55:20.9318590Z,1779530120931,0
2026-05-23T09:55:20.9678740Z,1779530120967,0
2026-05-23T09:55:21.0045520Z,1779530121004,0
2026-05-23T09:55:21.0421030Z,1779530121042,0
2026-05-23T09:55:21.0782430Z,1779530121078,0
2026-05-23T09:55:21.1152000Z,1779530121115,0
2026-05-23T09:55:21.1530760Z,1779530121153,0
2026-05-23T09:55:21.1887530Z,1779530121188,0
2026-05-23T09:55:21.2261040Z,1779530121226,0
2026-05-23T09:55:21.2635340Z,1779530121263,0
2026-05-23T09:55:21.3011040Z,1779530121301,0
2026-05-23T09:55:21.3449320Z,1779530121344,0
2026-05-23T09:55:21.3852980Z,1779530121385,0
2026-05-23T09:55:21.4232620Z,1779530121423,0
2026-05-23T09:55:21.4605970Z,1779530121460,0
2026-05-23T09:55:21.4990410Z,1779530121499,0
2026-05-23T09:55:21.5369600Z,1779530121536,0
2026-05-23T09:55:21.5780280Z,1779530121578,0
2026-05-23T09:55:21.6174190Z,1779530121617,0
2026-05-23T09:55:21.6550540Z,1779530121655,0
2026-05-23T09:55:21.6924100Z,1779530121692,0
2026-05-23T09:55:21.7291360Z,1779530121729,0
2026-05-23T09:55:21.7661970Z,1779530121766,0
2026-05-23T09:55:21.8062140Z,1779530121806,0
2026-05-23T09:55:21.8503090Z,1779530121850,0
2026-05-23T09:55:21.8884700Z,1779530121888,0
2026-05-23T09:55:21.9301010Z,1779530121930,0
2026-05-23T09:55:21.9667580Z,1779530121966,0
2026-05-23T09:55:22.0039410Z,1779530122003,0
2026-05-23T09:55:22.0418370Z,1779530122041,0
2026-05-23T09:55:22.0825100Z,1779530122082,0
2026-05-23T09:55:22.1196910Z,1779530122119,0
2026-05-23T09:55:22.1569640Z,1779530122156,0
2026-05-23T09:55:22.1955440Z,1779530122195,0
2026-05-23T09:55:22.2321460Z,1779530122232,0
2026-05-23T09:55:22.2695600Z,1779530122269,0
2026-05-23T09:55:22.3073770Z,1779530122307,0
2026-05-23T09:55:22.3467980Z,1779530122346,0
2026-05-23T09:55:22.3927990Z,1779530122392,0
2026-05-23T09:55:22.4320770Z,1779530122432,0
2026-05-23T09:55:22.4823780Z,1779530122482,0
2026-05-23T09:55:22.4887430Z,1779530122488,0
2026-05-23T09:55:22.5204270Z,1779530122520,0
2026-05-23T09:55:22.6143150Z,1779530122614,0
2026-05-23T09:55:22.6193820Z,1779530122619,0
2026-05-23T09:55:22.6505090Z,1779530122650,0
2026-05-23T09:55:22.6832740Z,1779530122683,0
2026-05-23T09:55:22.7163490Z,1779530122716,0
2026-05-23T09:55:22.7492630Z,1779530122749,0
2026-05-23T09:55:22.7812670Z,1779530122781,0
2026-05-23T09:55:22.8138100Z,1779530122813,0
2026-05-23T09:55:22.8870540Z,1779530122887,0
2026-05-23T09:55:22.9328000Z,1779530122932,0
2026-05-23T09:55:22.9370320Z,1779530122937,0
2026-05-23T09:55:22.9709110Z,1779530122970,0
2026-05-23T09:55:23.0037640Z,1779530123003,0
2026-05-23T09:55:23.0368010Z,1779530123036,0
2026-05-23T09:55:23.0690820Z,1779530123069,0
2026-05-23T09:55:23.1019920Z,1779530123101,0
2026-05-23T09:55:23.1344660Z,1779530123134,0
2026-05-23T09:55:23.1674980Z,1779530123167,0
2026-05-23T09:55:23.1998120Z,1779530123199,0
2026-05-23T09:55:23.2330940Z,1779530123233,0
2026-05-23T09:55:23.2657130Z,1779530123265,0
2026-05-23T09:55:23.2981100Z,1779530123298,0
2026-05-23T09:55:23.3313840Z,1779530123331,0
2026-05-23T09:55:23.4032650Z,1779530123403,0
2026-05-23T09:55:23.4071910Z,1779530123407,0
2026-05-23T09:55:23.4773910Z,1779530123477,0
2026-05-23T09:55:23.4809100Z,1779530123480,0
2026-05-23T09:55:23.5130720Z,1779530123513,0
2026-05-23T09:55:23.5457680Z,1779530123545,0
2026-05-23T09:55:23.5778690Z,1779530123577,0
2026-05-23T09:55:23.6110530Z,1779530123611,0
2026-05-23T09:55:23.6435000Z,1779530123643,0
2026-05-23T09:55:23.6761210Z,1779530123676,0
2026-05-23T09:55:23.7085160Z,1779530123708,0
2026-05-23T09:55:23.7410190Z,1779530123741,0
2026-05-23T09:55:23.7741200Z,1779530123774,0
2026-05-23T09:55:23.8069490Z,1779530123806,0
2026-05-23T09:55:23.8392270Z,1779530123839,0
2026-05-23T09:55:23.8725300Z,1779530123872,0
2026-05-23T09:55:23.9446870Z,1779530123944,0
2026-05-23T09:55:23.9486410Z,1779530123948,0
2026-05-23T09:55:23.9821830Z,1779530123982,0
2026-05-23T09:55:24.0222550Z,1779530124022,0
2026-05-23T09:55:24.0581280Z,1779530124058,0
2026-05-23T09:55:24.0941330Z,1779530124094,0
2026-05-23T09:55:24.1306980Z,1779530124130,0
2026-05-23T09:55:24.1692300Z,1779530124169,0
2026-05-23T09:55:24.2054380Z,1779530124205,0
2026-05-23T09:55:24.2391220Z,1779530124239,0
2026-05-23T09:55:24.2718820Z,1779530124271,0
2026-05-23T09:55:24.3042890Z,1779530124304,0
2026-05-23T09:55:24.3371510Z,1779530124337,0
2026-05-23T09:55:24.3705900Z,1779530124370,0
2026-05-23T09:55:24.4037050Z,1779530124403,0
2026-05-23T09:55:24.4441040Z,1779530124444,0
2026-05-23T09:55:24.4836050Z,1779530124483,0
2026-05-23T09:55:24.5155690Z,1779530124515,0
2026-05-23T09:55:24.5465070Z,1779530124546,0
2026-05-23T09:55:24.5791520Z,1779530124579,0
2026-05-23T09:55:24.6117080Z,1779530124611,0
2026-05-23T09:55:24.6444970Z,1779530124644,0
2026-05-23T09:55:24.6776820Z,1779530124677,0
2026-05-23T09:55:24.7101050Z,1779530124710,0
2026-05-23T09:55:24.7425840Z,1779530124742,0
2026-05-23T09:55:24.7752590Z,1779530124775,0
2026-05-23T09:55:24.8075720Z,1779530124807,0
2026-05-23T09:55:24.8405310Z,1779530124840,0
2026-05-23T09:55:24.8735490Z,1779530124873,0
2026-05-23T09:55:24.9066990Z,1779530124906,0
2026-05-23T09:55:24.9477050Z,1779530124947,0
2026-05-23T09:55:24.9796510Z,1779530124979,0
2026-05-23T09:55:25.0185600Z,1779530125018,0
2026-05-23T09:55:25.0862710Z,1779530125086,0
2026-05-23T09:55:25.0892790Z,1779530125089,0
2026-05-23T09:55:25.1213680Z,1779530125121,0
2026-05-23T09:55:25.1544230Z,1779530125154,0
2026-05-23T09:55:25.1871040Z,1779530125187,0
2026-05-23T09:55:25.2195200Z,1779530125219,0
2026-05-23T09:55:25.2521520Z,1779530125252,0
2026-05-23T09:55:25.2853810Z,1779530125285,0
2026-05-23T09:55:25.3175000Z,1779530125317,0
2026-05-23T09:55:25.3502640Z,1779530125350,0
2026-05-23T09:55:25.3833820Z,1779530125383,0
2026-05-23T09:55:25.4555680Z,1779530125455,0
2026-05-23T09:55:25.4617640Z,1779530125461,0
2026-05-23T09:55:25.4957850Z,1779530125495,0
2026-05-23T09:55:25.5294540Z,1779530125529,0
2026-05-23T09:55:25.5620060Z,1779530125562,0
2026-05-23T09:55:25.5946430Z,1779530125594,0
2026-05-23T09:55:25.6276300Z,1779530125627,0
2026-05-23T09:55:25.6603490Z,1779530125660,0
2026-05-23T09:55:25.6927870Z,1779530125692,0
2026-05-23T09:55:25.7256410Z,1779530125725,0
2026-05-23T09:55:25.7581560Z,1779530125758,0
2026-05-23T09:55:25.7911050Z,1779530125791,0
2026-05-23T09:55:25.8235790Z,1779530125823,0
2026-05-23T09:55:25.8569090Z,1779530125856,0
2026-05-23T09:55:25.8892790Z,1779530125889,0
2026-05-23T09:55:25.9619050Z,1779530125961,0
2026-05-23T09:55:25.9673700Z,1779530125967,0
2026-05-23T09:55:26.0007810Z,1779530126000,0
2026-05-23T09:55:26.0386870Z,1779530126038,0
2026-05-23T09:55:26.0697610Z,1779530126069,0
2026-05-23T09:55:26.1021910Z,1779530126102,0
2026-05-23T09:55:26.1344290Z,1779530126134,0
2026-05-23T09:55:26.1681420Z,1779530126168,0
2026-05-23T09:55:26.2000820Z,1779530126200,0
2026-05-23T09:55:26.2326370Z,1779530126232,0
2026-05-23T09:55:26.2656570Z,1779530126265,0
2026-05-23T09:55:26.2982420Z,1779530126298,0
2026-05-23T09:55:26.3307330Z,1779530126330,0
2026-05-23T09:55:26.3634880Z,1779530126363,0
2026-05-23T09:55:26.3963200Z,1779530126396,0
2026-05-23T09:55:26.4295190Z,1779530126429,0
2026-05-23T09:55:26.4763820Z,1779530126476,0
2026-05-23T09:55:26.5117170Z,1779530126511,0
2026-05-23T09:55:26.5430610Z,1779530126543,0
2026-05-23T09:55:26.5756770Z,1779530126575,0
2026-05-23T09:55:26.6082510Z,1779530126608,0
2026-05-23T09:55:26.6409840Z,1779530126640,0
2026-05-23T09:55:26.6738970Z,1779530126673,0
2026-05-23T09:55:26.7070270Z,1779530126707,0
2026-05-23T09:55:26.7392100Z,1779530126739,0
2026-05-23T09:55:26.7715050Z,1779530126771,0
2026-05-23T09:55:26.8039700Z,1779530126803,0
2026-05-23T09:55:26.8369060Z,1779530126836,0
2026-05-23T09:55:26.8694560Z,1779530126869,0
2026-05-23T09:55:26.9022640Z,1779530126902,0
2026-05-23T09:55:26.9357340Z,1779530126935,0
2026-05-23T09:55:26.9687050Z,1779530126968,0
2026-05-23T09:55:27.0094470Z,1779530127009,0
2026-05-23T09:55:27.0775730Z,1779530127077,0
2026-05-23T09:55:27.0807980Z,1779530127080,0
2026-05-23T09:55:27.1135060Z,1779530127113,0
2026-05-23T09:55:27.1464260Z,1779530127146,0
2026-05-23T09:55:27.1787350Z,1779530127178,0
2026-05-23T09:55:27.2116450Z,1779530127211,0
2026-05-23T09:55:27.2443800Z,1779530127244,0
2026-05-23T09:55:27.2768000Z,1779530127276,0
2026-05-23T09:55:27.3096130Z,1779530127309,0
2026-05-23T09:55:27.3421850Z,1779530127342,0
2026-05-23T09:55:27.3746080Z,1779530127374,0
2026-05-23T09:55:27.4073780Z,1779530127407,0
2026-05-23T09:55:27.4788910Z,1779530127478,0
2026-05-23T09:55:27.4836450Z,1779530127483,0
2026-05-23T09:55:27.5174290Z,1779530127517,0
2026-05-23T09:55:27.5540960Z,1779530127554,0
2026-05-23T09:55:27.5856210Z,1779530127585,0
2026-05-23T09:55:27.6184230Z,1779530127618,0
2026-05-23T09:55:27.6509040Z,1779530127650,0
2026-05-23T09:55:27.6836320Z,1779530127683,0
2026-05-23T09:55:27.7162190Z,1779530127716,0
2026-05-23T09:55:27.7488590Z,1779530127748,0
2026-05-23T09:55:27.7816640Z,1779530127781,0
2026-05-23T09:55:27.8141920Z,1779530127814,0
2026-05-23T09:55:27.8470770Z,1779530127847,0
2026-05-23T09:55:27.8794340Z,1779530127879,0
2026-05-23T09:55:27.9120930Z,1779530127912,0
2026-05-23T09:55:27.9454650Z,1779530127945,0
2026-05-23T09:55:27.9785030Z,1779530127978,0
2026-05-23T09:55:28.0194570Z,1779530128019,0
2026-05-23T09:55:28.0564680Z,1779530128056,0
2026-05-23T09:55:28.0896480Z,1779530128089,0
2026-05-23T09:55:28.1231640Z,1779530128123,0
2026-05-23T09:55:28.1558050Z,1779530128155,0
2026-05-23T09:55:28.1881980Z,1779530128188,0
2026-05-23T09:55:28.2207750Z,1779530128220,0
2026-05-23T09:55:28.2538750Z,1779530128253,0
2026-05-23T09:55:28.2869380Z,1779530128286,0
2026-05-23T09:55:28.3194650Z,1779530128319,0
2026-05-23T09:55:28.3519950Z,1779530128351,0
2026-05-23T09:55:28.3843780Z,1779530128384,0
2026-05-23T09:55:28.4175640Z,1779530128417,0
2026-05-23T09:55:28.4502030Z,1779530128450,0
2026-05-23T09:55:28.4828170Z,1779530128482,0
2026-05-23T09:55:28.5239650Z,1779530128523,0
2026-05-23T09:55:28.5603290Z,1779530128560,0
2026-05-23T09:55:28.5933720Z,1779530128593,0
2026-05-23T09:55:28.6302680Z,1779530128630,0
2026-05-23T09:55:28.6614980Z,1779530128661,0
2026-05-23T09:55:28.6941550Z,1779530128694,0
2026-05-23T09:55:28.7269990Z,1779530128726,0
2026-05-23T09:55:28.7593320Z,1779530128759,0
2026-05-23T09:55:28.7919900Z,1779530128791,0
2026-05-23T09:55:28.8244930Z,1779530128824,0
2026-05-23T09:55:28.8574480Z,1779530128857,0
2026-05-23T09:55:28.8901100Z,1779530128890,0
2026-05-23T09:55:28.9231350Z,1779530128923,0
2026-05-23T09:55:28.9558670Z,1779530128955,0
2026-05-23T09:55:28.9883250Z,1779530128988,0
2026-05-23T09:55:29.0300860Z,1779530129030,0
2026-05-23T09:55:29.0618340Z,1779530129061,0
2026-05-23T09:55:29.1024890Z,1779530129102,0
2026-05-23T09:55:29.1689620Z,1779530129168,0
2026-05-23T09:55:29.1721460Z,1779530129172,0
2026-05-23T09:55:29.2057100Z,1779530129205,0
2026-05-23T09:55:29.2381880Z,1779530129238,0
2026-05-23T09:55:29.2708320Z,1779530129270,0
2026-05-23T09:55:29.3035530Z,1779530129303,0
2026-05-23T09:55:29.3366650Z,1779530129336,0
2026-05-23T09:55:29.3691180Z,1779530129369,0
2026-05-23T09:55:29.4016700Z,1779530129401,0
2026-05-23T09:55:29.4344890Z,1779530129434,0
2026-05-23T09:55:29.4674130Z,1779530129467,0
2026-05-23T09:55:29.5004180Z,1779530129500,0
2026-05-23T09:55:29.5337620Z,1779530129533,0
2026-05-23T09:55:29.5752550Z,1779530129575,0
2026-05-23T09:55:29.6128420Z,1779530129612,0
2026-05-23T09:55:29.6500780Z,1779530129650,0
2026-05-23T09:55:29.6810200Z,1779530129681,0
2026-05-23T09:55:29.7135820Z,1779530129713,0
2026-05-23T09:55:29.7464600Z,1779530129746,0
2026-05-23T09:55:29.7791420Z,1779530129779,0
2026-05-23T09:55:29.8119110Z,1779530129811,0
2026-05-23T09:55:29.8444270Z,1779530129844,0
2026-05-23T09:55:29.8771750Z,1779530129877,0
2026-05-23T09:55:29.9096950Z,1779530129909,0
2026-05-23T09:55:29.9425830Z,1779530129942,0
2026-05-23T09:55:29.9767810Z,1779530129976,0
2026-05-23T09:55:30.0079420Z,1779530130007,0
2026-05-23T09:55:30.0413960Z,1779530130041,0
2026-05-23T09:55:30.1181330Z,1779530130118,0
2026-05-23T09:55:30.1216660Z,1779530130121,0
2026-05-23T09:55:30.1596890Z,1779530130159,0
2026-05-23T09:55:30.1915160Z,1779530130191,0
2026-05-23T09:55:30.2236070Z,1779530130223,0
2026-05-23T09:55:30.2565970Z,1779530130256,0
2026-05-23T09:55:30.2888900Z,1779530130288,0
2026-05-23T09:55:30.3216090Z,1779530130321,0
2026-05-23T09:55:30.3539510Z,1779530130353,0
2026-05-23T09:55:30.3869380Z,1779530130386,0
2026-05-23T09:55:30.4194330Z,1779530130419,0
2026-05-23T09:55:30.4524250Z,1779530130452,0
2026-05-23T09:55:30.4848330Z,1779530130484,0
2026-05-23T09:55:30.5183370Z,1779530130518,0
2026-05-23T09:55:30.5958900Z,1779530130595,0
2026-05-23T09:55:30.6005360Z,1779530130600,0
2026-05-23T09:55:30.6379540Z,1779530130637,0
2026-05-23T09:55:30.6692300Z,1779530130669,0
2026-05-23T09:55:30.7017230Z,1779530130701,0
2026-05-23T09:55:30.7344430Z,1779530130734,0
2026-05-23T09:55:30.7675370Z,1779530130767,0
2026-05-23T09:55:30.7998890Z,1779530130799,0
2026-05-23T09:55:30.8323780Z,1779530130832,0
2026-05-23T09:55:30.8654250Z,1779530130865,0
2026-05-23T09:55:30.8978670Z,1779530130897,0
2026-05-23T09:55:30.9308490Z,1779530130930,0
2026-05-23T09:55:30.9629870Z,1779530130962,0
2026-05-23T09:55:30.9959450Z,1779530130995,0
2026-05-23T09:55:31.0287150Z,1779530131028,0
2026-05-23T09:55:31.1011020Z,1779530131101,0
2026-05-23T09:55:31.1082990Z,1779530131108,0
2026-05-23T09:55:31.1422350Z,1779530131142,0
2026-05-23T09:55:31.1750330Z,1779530131175,0
2026-05-23T09:55:31.2078310Z,1779530131207,0
2026-05-23T09:55:31.2402800Z,1779530131240,0
2026-05-23T09:55:31.2733740Z,1779530131273,0
2026-05-23T09:55:31.3060700Z,1779530131306,0
2026-05-23T09:55:31.3382650Z,1779530131338,0
2026-05-23T09:55:31.3710690Z,1779530131371,0
2026-05-23T09:55:31.4037670Z,1779530131403,0
2026-05-23T09:55:31.4368170Z,1779530131436,0
2026-05-23T09:55:31.4694990Z,1779530131469,0
2026-05-23T09:55:31.5021310Z,1779530131502,0
2026-05-23T09:55:31.5350920Z,1779530131535,0
2026-05-23T09:55:31.6074770Z,1779530131607,0
2026-05-23T09:55:31.6137720Z,1779530131613,0
2026-05-23T09:55:31.6480850Z,1779530131648,0
2026-05-23T09:55:31.6807560Z,1779530131680,0
2026-05-23T09:55:31.7131460Z,1779530131713,0
2026-05-23T09:55:31.7460050Z,1779530131746,0
2026-05-23T09:55:31.7783420Z,1779530131778,0
2026-05-23T09:55:31.8113910Z,1779530131811,0
2026-05-23T09:55:31.8439690Z,1779530131843,0
2026-05-23T09:55:31.8765480Z,1779530131876,0
2026-05-23T09:55:31.9090660Z,1779530131909,0
2026-05-23T09:55:31.9430380Z,1779530131943,0
2026-05-23T09:55:31.9740800Z,1779530131974,0
2026-05-23T09:55:32.0070800Z,1779530132007,0
2026-05-23T09:55:32.0399320Z,1779530132039,0
2026-05-23T09:55:32.1117550Z,1779530132111,0
2026-05-23T09:55:32.1184990Z,1779530132118,0
2026-05-23T09:55:32.1513770Z,1779530132151,0
2026-05-23T09:55:32.1839070Z,1779530132183,0
2026-05-23T09:55:32.2166730Z,1779530132216,0
2026-05-23T09:55:32.2490960Z,1779530132249,0
2026-05-23T09:55:32.2820720Z,1779530132282,0
2026-05-23T09:55:32.3147590Z,1779530132314,0
2026-05-23T09:55:32.3473040Z,1779530132347,0
2026-05-23T09:55:32.3794550Z,1779530132379,0
2026-05-23T09:55:32.4124310Z,1779530132412,0
2026-05-23T09:55:32.4453640Z,1779530132445,0
2026-05-23T09:55:32.4777440Z,1779530132477,0
2026-05-23T09:55:32.5104100Z,1779530132510,0
2026-05-23T09:55:32.5429320Z,1779530132542,0
2026-05-23T09:55:32.6146270Z,1779530132614,0
2026-05-23T09:55:32.6205570Z,1779530132620,0
2026-05-23T09:55:32.6544220Z,1779530132654,0
2026-05-23T09:55:32.6880840Z,1779530132688,0
2026-05-23T09:55:32.7203100Z,1779530132720,0
2026-05-23T09:55:32.7530860Z,1779530132753,0
2026-05-23T09:55:32.7861050Z,1779530132786,0
2026-05-23T09:55:32.8185920Z,1779530132818,0
2026-05-23T09:55:32.8511270Z,1779530132851,0
2026-05-23T09:55:32.8836280Z,1779530132883,0
2026-05-23T09:55:32.9169300Z,1779530132916,0
2026-05-23T09:55:32.9494000Z,1779530132949,0
2026-05-23T09:55:32.9819790Z,1779530132981,0
2026-05-23T09:55:33.0146640Z,1779530133014,0
2026-05-23T09:55:33.0475980Z,1779530133047,0
2026-05-23T09:55:33.0951500Z,1779530133095,0
2026-05-23T09:55:33.1153330Z,1779530133115,0
2026-05-23T09:55:33.1489980Z,1779530133148,0
2026-05-23T09:55:33.1895510Z,1779530133189,0
2026-05-23T09:55:33.2202880Z,1779530133220,0
2026-05-23T09:55:33.2532950Z,1779530133253,0
2026-05-23T09:55:33.2863460Z,1779530133286,0
2026-05-23T09:55:33.3189590Z,1779530133318,0
2026-05-23T09:55:33.3511730Z,1779530133351,0
2026-05-23T09:55:33.3839040Z,1779530133383,0
2026-05-23T09:55:33.4167040Z,1779530133416,0
2026-05-23T09:55:33.4493480Z,1779530133449,0
2026-05-23T09:55:33.4818580Z,1779530133481,0
2026-05-23T09:55:33.5145070Z,1779530133514,0
2026-05-23T09:55:33.5472610Z,1779530133547,0
2026-05-23T09:55:33.5801180Z,1779530133580,0
2026-05-23T09:55:33.6135680Z,1779530133613,0
2026-05-23T09:55:33.6547640Z,1779530133654,0
2026-05-23T09:55:33.6947250Z,1779530133694,0
2026-05-23T09:55:33.7260830Z,1779530133726,0
2026-05-23T09:55:33.7583640Z,1779530133758,0
2026-05-23T09:55:33.7913010Z,1779530133791,0
2026-05-23T09:55:33.8243250Z,1779530133824,0
2026-05-23T09:55:33.8568920Z,1779530133856,0
2026-05-23T09:55:33.8893830Z,1779530133889,0
2026-05-23T09:55:33.9219840Z,1779530133921,0
2026-05-23T09:55:33.9547890Z,1779530133954,0
2026-05-23T09:55:33.9873420Z,1779530133987,0
2026-05-23T09:55:34.0245500Z,1779530134024,0
2026-05-23T09:55:34.0610700Z,1779530134061,0
2026-05-23T09:55:34.0973190Z,1779530134097,0
2026-05-23T09:55:34.1418790Z,1779530134141,0
2026-05-23T09:55:34.2135960Z,1779530134213,0
2026-05-23T09:55:34.2172240Z,1779530134217,0
2026-05-23T09:55:34.2566650Z,1779530134256,0
2026-05-23T09:55:34.2899690Z,1779530134289,0
2026-05-23T09:55:34.3224660Z,1779530134322,0
2026-05-23T09:55:34.3553570Z,1779530134355,0
2026-05-23T09:55:34.3877800Z,1779530134387,0
2026-05-23T09:55:34.4202040Z,1779530134420,0
2026-05-23T09:55:34.4528010Z,1779530134452,0
2026-05-23T09:55:34.4866300Z,1779530134486,0
2026-05-23T09:55:34.5269420Z,1779530134526,0
2026-05-23T09:55:34.5579220Z,1779530134557,0
2026-05-23T09:55:34.5911100Z,1779530134591,0
2026-05-23T09:55:34.6237270Z,1779530134623,0
2026-05-23T09:55:34.7029950Z,1779530134702,0
2026-05-23T09:55:34.7078160Z,1779530134707,0
2026-05-23T09:55:34.7402760Z,1779530134740,0
2026-05-23T09:55:34.7731620Z,1779530134773,0
2026-05-23T09:55:34.8058650Z,1779530134805,0
2026-05-23T09:55:34.8381810Z,1779530134838,0
2026-05-23T09:55:34.8709000Z,1779530134870,0
2026-05-23T09:55:34.9034230Z,1779530134903,0
2026-05-23T09:55:34.9366240Z,1779530134936,0
2026-05-23T09:55:34.9689200Z,1779530134968,0
2026-05-23T09:55:35.0015150Z,1779530135001,0
2026-05-23T09:55:35.0344210Z,1779530135034,0
2026-05-23T09:55:35.0669720Z,1779530135066,0
2026-05-23T09:55:35.0995400Z,1779530135099,0
2026-05-23T09:55:35.1325860Z,1779530135132,0
2026-05-23T09:55:35.2053880Z,1779530135205,0
2026-05-23T09:55:35.2120870Z,1779530135212,0
2026-05-23T09:55:35.2460040Z,1779530135246,0
2026-05-23T09:55:35.2786150Z,1779530135278,0
2026-05-23T09:55:35.3112660Z,1779530135311,0
2026-05-23T09:55:35.3440710Z,1779530135344,0
2026-05-23T09:55:35.3767970Z,1779530135376,0
2026-05-23T09:55:35.4097470Z,1779530135409,0
2026-05-23T09:55:35.4422440Z,1779530135442,0
2026-05-23T09:55:35.4748750Z,1779530135474,0
2026-05-23T09:55:35.5075830Z,1779530135507,0
2026-05-23T09:55:35.5407840Z,1779530135540,0
2026-05-23T09:55:35.5728770Z,1779530135572,0
2026-05-23T09:55:35.6059210Z,1779530135605,0
2026-05-23T09:55:35.6392500Z,1779530135639,0
2026-05-23T09:55:35.7152170Z,1779530135715,0
2026-05-23T09:55:35.7185200Z,1779530135718,0
2026-05-23T09:55:35.7527620Z,1779530135752,0
2026-05-23T09:55:35.7849410Z,1779530135784,0
2026-05-23T09:55:35.8177040Z,1779530135817,0
2026-05-23T09:55:35.8500890Z,1779530135850,0
2026-05-23T09:55:35.8830150Z,1779530135883,0
2026-05-23T09:55:35.9155910Z,1779530135915,0
2026-05-23T09:55:35.9485980Z,1779530135948,0
2026-05-23T09:55:35.9810970Z,1779530135981,0
2026-05-23T09:55:36.0142090Z,1779530136014,0
2026-05-23T09:55:36.0476470Z,1779530136047,0
2026-05-23T09:55:36.0792160Z,1779530136079,0
2026-05-23T09:55:36.1119040Z,1779530136111,0
2026-05-23T09:55:36.1453880Z,1779530136145,0
2026-05-23T09:55:36.1954580Z,1779530136195,0
2026-05-23T09:55:36.2341110Z,1779530136234,0
2026-05-23T09:55:36.2654870Z,1779530136265,0
2026-05-23T09:55:36.2983610Z,1779530136298,0
2026-05-23T09:55:36.3306530Z,1779530136330,0
2026-05-23T09:55:36.3634590Z,1779530136363,0
2026-05-23T09:55:36.3960720Z,1779530136396,0
2026-05-23T09:55:36.4289140Z,1779530136428,0
2026-05-23T09:55:36.4613750Z,1779530136461,0
2026-05-23T09:55:36.4937800Z,1779530136493,0
2026-05-23T09:55:36.5270510Z,1779530136527,0
2026-05-23T09:55:36.5596290Z,1779530136559,0
2026-05-23T09:55:36.5920670Z,1779530136592,0
2026-05-23T09:55:36.6244430Z,1779530136624,0
2026-05-23T09:55:36.6577410Z,1779530136657,0
2026-05-23T09:55:36.7300870Z,1779530136730,0
2026-05-23T09:55:36.7342240Z,1779530136734,0
2026-05-23T09:55:36.7682320Z,1779530136768,0
2026-05-23T09:55:36.8045170Z,1779530136804,0
2026-05-23T09:55:36.8361300Z,1779530136836,0
2026-05-23T09:55:36.8683820Z,1779530136868,0
2026-05-23T09:55:36.9011360Z,1779530136901,0
2026-05-23T09:55:36.9341060Z,1779530136934,0
2026-05-23T09:55:36.9774160Z,1779530136977,0
2026-05-23T09:55:36.9991590Z,1779530136999,0
2026-05-23T09:55:37.0318050Z,1779530137031,0
2026-05-23T09:55:37.0649020Z,1779530137064,0
2026-05-23T09:55:37.0978880Z,1779530137097,0
2026-05-23T09:55:37.1300590Z,1779530137130,0
2026-05-23T09:55:37.1630760Z,1779530137163,0
2026-05-23T09:55:37.2470220Z,1779530137247,0
2026-05-23T09:55:37.2534920Z,1779530137253,2
2026-05-23T09:55:37.2905090Z,1779530137290,1
2026-05-23T09:55:37.3236410Z,1779530137323,0
2026-05-23T09:55:37.3567630Z,1779530137356,1
2026-05-23T09:55:37.3894740Z,1779530137389,1
2026-05-23T09:55:37.4581100Z,1779530137458,0
2026-05-23T09:55:37.4613930Z,1779530137461,2
2026-05-23T09:55:37.4955280Z,1779530137495,0
2026-05-23T09:55:37.5287520Z,1779530137528,1
2026-05-23T09:55:37.5617030Z,1779530137561,0
2026-05-23T09:55:37.5941500Z,1779530137594,1
2026-05-23T09:55:37.6271970Z,1779530137627,1
2026-05-23T09:55:37.6598920Z,1779530137659,0
2026-05-23T09:55:37.6936430Z,1779530137693,1
2026-05-23T09:55:37.7265410Z,1779530137726,1
2026-05-23T09:55:37.7670710Z,1779530137767,0
2026-05-23T09:55:37.8375730Z,1779530137837,1
2026-05-23T09:55:37.8413830Z,1779530137841,2
2026-05-23T09:55:37.8735670Z,1779530137873,0
2026-05-23T09:55:37.9065280Z,1779530137906,1
2026-05-23T09:55:37.9388950Z,1779530137938,0
2026-05-23T09:55:37.9713780Z,1779530137971,1
2026-05-23T09:55:38.0039260Z,1779530138003,1
2026-05-23T09:55:38.0370740Z,1779530138037,0
2026-05-23T09:55:38.0694870Z,1779530138069,1
2026-05-23T09:55:38.1023780Z,1779530138102,1
2026-05-23T09:55:38.1348310Z,1779530138134,1
2026-05-23T09:55:38.1681640Z,1779530138168,0
2026-05-23T09:55:38.2034710Z,1779530138203,1
2026-05-23T09:55:38.2459050Z,1779530138245,1
2026-05-23T09:55:38.3212360Z,1779530138321,1
2026-05-23T09:55:38.3250240Z,1779530138325,1
2026-05-23T09:55:38.3586590Z,1779530138358,0
2026-05-23T09:55:38.3916470Z,1779530138391,1
2026-05-23T09:55:38.4246290Z,1779530138424,1
2026-05-23T09:55:38.4574300Z,1779530138457,0
2026-05-23T09:55:38.4902770Z,1779530138490,1
2026-05-23T09:55:38.5306160Z,1779530138530,1
2026-05-23T09:55:38.5612940Z,1779530138561,1
2026-05-23T09:55:38.5940270Z,1779530138594,0
2026-05-23T09:55:38.6268770Z,1779530138626,1
2026-05-23T09:55:38.6598470Z,1779530138659,1
2026-05-23T09:55:38.6927290Z,1779530138692,1
2026-05-23T09:55:38.7257630Z,1779530138725,0
2026-05-23T09:55:38.7677200Z,1779530138767,1
2026-05-23T09:55:38.7987250Z,1779530138798,1
2026-05-23T09:55:38.8398660Z,1779530138839,1
2026-05-23T09:55:38.8711030Z,1779530138871,0
2026-05-23T09:55:38.9034610Z,1779530138903,1
2026-05-23T09:55:38.9367900Z,1779530138936,1
2026-05-23T09:55:38.9691320Z,1779530138969,1
2026-05-23T09:55:39.0019000Z,1779530139001,0
2026-05-23T09:55:39.0341740Z,1779530139034,1
2026-05-23T09:55:39.0669810Z,1779530139066,1
2026-05-23T09:55:39.0994110Z,1779530139099,1
2026-05-23T09:55:39.1321660Z,1779530139132,0
2026-05-23T09:55:39.1648950Z,1779530139164,1
2026-05-23T09:55:39.1980940Z,1779530139198,1
2026-05-23T09:55:39.2304800Z,1779530139230,0
2026-05-23T09:55:39.2717340Z,1779530139271,1
2026-05-23T09:55:39.3029180Z,1779530139302,1
2026-05-23T09:55:39.3800060Z,1779530139380,1
2026-05-23T09:55:39.3839990Z,1779530139383,1
2026-05-23T09:55:39.4176420Z,1779530139417,0
2026-05-23T09:55:39.4504300Z,1779530139450,1
2026-05-23T09:55:39.4838570Z,1779530139483,1
2026-05-23T09:55:39.5165740Z,1779530139516,1
2026-05-23T09:55:39.5490430Z,1779530139549,0
2026-05-23T09:55:39.5818630Z,1779530139581,1
2026-05-23T09:55:39.6142330Z,1779530139614,1
2026-05-23T09:55:39.6471300Z,1779530139647,0
2026-05-23T09:55:39.6796140Z,1779530139679,1
2026-05-23T09:55:39.7125240Z,1779530139712,0
2026-05-23T09:55:39.7850070Z,1779530139785,1
2026-05-23T09:55:39.7898590Z,1779530139789,2
2026-05-23T09:55:39.8220340Z,1779530139822,0
2026-05-23T09:55:39.8623370Z,1779530139862,0
2026-05-23T09:55:39.8937200Z,1779530139893,2
2026-05-23T09:55:39.9270480Z,1779530139927,0
2026-05-23T09:55:39.9591700Z,1779530139959,1
2026-05-23T09:55:39.9918050Z,1779530139991,0
2026-05-23T09:55:40.0241970Z,1779530140024,1
2026-05-23T09:55:40.0571840Z,1779530140057,1
2026-05-23T09:55:40.0894610Z,1779530140089,1
2026-05-23T09:55:40.1222920Z,1779530140122,0
2026-05-23T09:55:40.1546580Z,1779530140154,1
2026-05-23T09:55:40.1873900Z,1779530140187,1
2026-05-23T09:55:40.2200710Z,1779530140220,1
2026-05-23T09:55:40.2919070Z,1779530140291,0
2026-05-23T09:55:40.2955950Z,1779530140295,2
2026-05-23T09:55:40.3287430Z,1779530140328,0
2026-05-23T09:55:40.3696050Z,1779530140369,1
2026-05-23T09:55:40.4005760Z,1779530140400,0
2026-05-23T09:55:40.4332530Z,1779530140433,1
2026-05-23T09:55:40.5016820Z,1779530140501,1
2026-05-23T09:55:40.5050190Z,1779530140505,1
2026-05-23T09:55:40.5383670Z,1779530140538,0
2026-05-23T09:55:40.5714700Z,1779530140571,1
2026-05-23T09:55:40.6049350Z,1779530140604,1
2026-05-23T09:55:40.6372840Z,1779530140637,1
2026-05-23T09:55:40.6697340Z,1779530140669,0
2026-05-23T09:55:40.7023240Z,1779530140702,1
2026-05-23T09:55:40.7355320Z,1779530140735,1
2026-05-23T09:55:40.7678090Z,1779530140767,1
2026-05-23T09:55:40.8084860Z,1779530140808,0
2026-05-23T09:55:40.8780760Z,1779530140878,1
2026-05-23T09:55:40.8812280Z,1779530140881,2
2026-05-23T09:55:40.9130460Z,1779530140913,0
2026-05-23T09:55:40.9463600Z,1779530140946,0
2026-05-23T09:55:40.9784180Z,1779530140978,1
2026-05-23T09:55:41.0111410Z,1779530141011,1
2026-05-23T09:55:41.0435470Z,1779530141043,1
2026-05-23T09:55:41.0767230Z,1779530141076,0
2026-05-23T09:55:41.1088140Z,1779530141108,1
2026-05-23T09:55:41.1415390Z,1779530141141,0
2026-05-23T09:55:41.1740200Z,1779530141174,1
2026-05-23T09:55:41.2073670Z,1779530141207,1
2026-05-23T09:55:41.2395860Z,1779530141239,0
2026-05-23T09:55:41.2725610Z,1779530141272,1
2026-05-23T09:55:41.3064560Z,1779530141306,1
2026-05-23T09:55:41.3474830Z,1779530141347,1
2026-05-23T09:55:41.3785670Z,1779530141378,0
2026-05-23T09:55:41.4188710Z,1779530141418,1
2026-05-23T09:55:41.4501040Z,1779530141450,1
2026-05-23T09:55:41.4829030Z,1779530141482,1
2026-05-23T09:55:41.5231490Z,1779530141523,0
2026-05-23T09:55:41.5543800Z,1779530141554,1
2026-05-23T09:55:41.6233870Z,1779530141623,1
2026-05-23T09:55:41.6281630Z,1779530141628,1
2026-05-23T09:55:41.6614100Z,1779530141661,0
2026-05-23T09:55:41.6944730Z,1779530141694,1
2026-05-23T09:55:41.7275890Z,1779530141727,1
2026-05-23T09:55:41.7602150Z,1779530141760,1
2026-05-23T09:55:41.8322840Z,1779530141832,0
2026-05-23T09:55:41.8358340Z,1779530141835,2
2026-05-23T09:55:41.8677780Z,1779530141867,0
2026-05-23T09:55:41.9395170Z,1779530141939,1
2026-05-23T09:55:41.9430420Z,1779530141943,1
2026-05-23T09:55:41.9752780Z,1779530141975,0
2026-05-23T09:55:42.0082270Z,1779530142008,1
2026-05-23T09:55:42.0405470Z,1779530142040,1
2026-05-23T09:55:42.0730040Z,1779530142073,0
2026-05-23T09:55:42.1059500Z,1779530142105,1
2026-05-23T09:55:42.1381760Z,1779530142138,1
2026-05-23T09:55:42.1708460Z,1779530142170,1
2026-05-23T09:55:42.2035510Z,1779530142203,0
2026-05-23T09:55:42.2365750Z,1779530142236,1
2026-05-23T09:55:42.2695810Z,1779530142269,1
2026-05-23T09:55:42.3417930Z,1779530142341,0
2026-05-23T09:55:42.3457270Z,1779530142345,2
2026-05-23T09:55:42.3783540Z,1779530142378,0
2026-05-23T09:55:42.4495870Z,1779530142449,1
2026-05-23T09:55:42.4537070Z,1779530142453,1
2026-05-23T09:55:42.4876250Z,1779530142487,0
2026-05-23T09:55:42.5190590Z,1779530142519,1
2026-05-23T09:55:42.5519600Z,1779530142551,1
2026-05-23T09:55:42.5839890Z,1779530142583,0
2026-05-23T09:55:42.6170380Z,1779530142617,1
2026-05-23T09:55:42.6496090Z,1779530142649,0
2026-05-23T09:55:42.7186160Z,1779530142718,1
2026-05-23T09:55:42.7224070Z,1779530142722,2
2026-05-23T09:55:42.7561290Z,1779530142756,0
2026-05-23T09:55:42.7898080Z,1779530142789,0
2026-05-23T09:55:42.8628350Z,1779530142862,1
2026-05-23T09:55:42.8679250Z,1779530142867,2
2026-05-23T09:55:42.9393560Z,1779530142939,0
2026-05-23T09:55:42.9439290Z,1779530142943,2
2026-05-23T09:55:42.9763110Z,1779530142976,0
2026-05-23T09:55:43.0084410Z,1779530143008,0
2026-05-23T09:55:43.0414220Z,1779530143041,1
2026-05-23T09:55:43.0739150Z,1779530143073,0
2026-05-23T09:55:43.1069880Z,1779530143106,1
2026-05-23T09:55:43.1391200Z,1779530143139,1
2026-05-23T09:55:43.1717450Z,1779530143171,1
2026-05-23T09:55:43.2044990Z,1779530143204,0
2026-05-23T09:55:43.2376310Z,1779530143237,1
2026-05-23T09:55:43.2699910Z,1779530143269,1
2026-05-23T09:55:43.3027710Z,1779530143302,1
2026-05-23T09:55:43.3359130Z,1779530143335,0
2026-05-23T09:55:43.3771740Z,1779530143377,1
2026-05-23T09:55:43.4082120Z,1779530143408,1
2026-05-23T09:55:43.4495560Z,1779530143449,1
2026-05-23T09:55:43.4805990Z,1779530143480,0
2026-05-23T09:55:43.5129010Z,1779530143512,1
2026-05-23T09:55:43.5464420Z,1779530143546,1
2026-05-23T09:55:43.5808060Z,1779530143580,1
2026-05-23T09:55:43.6117140Z,1779530143611,0
2026-05-23T09:55:43.6808800Z,1779530143680,1
2026-05-23T09:55:43.6855820Z,1779530143685,1
2026-05-23T09:55:43.7169190Z,1779530143716,1
2026-05-23T09:55:43.7855030Z,1779530143785,0
2026-05-23T09:55:43.7892620Z,1779530143789,2
2026-05-23T09:55:43.8228900Z,1779530143822,0
2026-05-23T09:55:43.8646070Z,1779530143864,1
2026-05-23T09:55:43.9353820Z,1779530143935,0
2026-05-23T09:55:43.9397100Z,1779530143939,2
2026-05-23T09:55:43.9716080Z,1779530143971,0
2026-05-23T09:55:44.0048730Z,1779530144004,1
2026-05-23T09:55:44.0414930Z,1779530144041,0
2026-05-23T09:55:44.0783560Z,1779530144078,1
2026-05-23T09:55:44.1157520Z,1779530144115,1
2026-05-23T09:55:44.1516790Z,1779530144151,1
2026-05-23T09:55:44.1894880Z,1779530144189,0
2026-05-23T09:55:44.2261690Z,1779530144226,1
2026-05-23T09:55:44.2589000Z,1779530144258,1
2026-05-23T09:55:44.2919330Z,1779530144291,1
2026-05-23T09:55:44.3246880Z,1779530144324,0
2026-05-23T09:55:44.3973680Z,1779530144397,1
2026-05-23T09:55:44.4022160Z,1779530144402,2
2026-05-23T09:55:44.4349340Z,1779530144434,0
2026-05-23T09:55:44.4758920Z,1779530144475,0
2026-05-23T09:55:44.5063350Z,1779530144506,1
2026-05-23T09:55:44.5390850Z,1779530144539,1
2026-05-23T09:55:44.5720330Z,1779530144572,1
2026-05-23T09:55:44.6047210Z,1779530144604,0
2026-05-23T09:55:44.6376830Z,1779530144637,1
2026-05-23T09:55:44.6701050Z,1779530144670,1
2026-05-23T09:55:44.7027990Z,1779530144702,1
2026-05-23T09:55:44.7360160Z,1779530144736,0
2026-05-23T09:55:44.7684440Z,1779530144768,1
2026-05-23T09:55:44.8012220Z,1779530144801,1
2026-05-23T09:55:44.8339160Z,1779530144833,0
2026-05-23T09:55:44.9124010Z,1779530144912,1
2026-05-23T09:55:44.9164910Z,1779530144916,2
2026-05-23T09:55:44.9507500Z,1779530144950,0
2026-05-23T09:55:44.9912640Z,1779530144991,0
2026-05-23T09:55:45.0225410Z,1779530145022,1
2026-05-23T09:55:45.0559470Z,1779530145055,1
2026-05-23T09:55:45.0882530Z,1779530145088,1
2026-05-23T09:55:45.1208920Z,1779530145120,0
2026-05-23T09:55:45.1536960Z,1779530145153,1
2026-05-23T09:55:45.1865650Z,1779530145186,0
2026-05-23T09:55:45.2191250Z,1779530145219,1
2026-05-23T09:55:45.2517920Z,1779530145251,1
2026-05-23T09:55:45.2845260Z,1779530145284,1
2026-05-23T09:55:45.3172480Z,1779530145317,0
2026-05-23T09:55:45.3502400Z,1779530145350,1
2026-05-23T09:55:45.3831470Z,1779530145383,1
2026-05-23T09:55:45.4241190Z,1779530145424,1
2026-05-23T09:55:45.4561650Z,1779530145456,0
2026-05-23T09:55:45.4965150Z,1779530145496,1
2026-05-23T09:55:45.5276440Z,1779530145527,1
2026-05-23T09:55:45.5604350Z,1779530145560,1
2026-05-23T09:55:45.5932340Z,1779530145593,0
2026-05-23T09:55:45.6262570Z,1779530145626,1
2026-05-23T09:55:45.6584690Z,1779530145658,1
2026-05-23T09:55:45.6911280Z,1779530145691,1
2026-05-23T09:55:45.7239160Z,1779530145723,0
2026-05-23T09:55:45.7563990Z,1779530145756,1
2026-05-23T09:55:45.7890940Z,1779530145789,1
2026-05-23T09:55:45.8214550Z,1779530145821,0
2026-05-23T09:55:45.8542950Z,1779530145854,1
2026-05-23T09:55:45.8878050Z,1779530145887,0
2026-05-23T09:55:45.9281500Z,1779530145928,1
2026-05-23T09:55:45.9956030Z,1779530145995,1
2026-05-23T09:55:45.9993500Z,1779530145999,1
2026-05-23T09:55:46.0325820Z,1779530146032,1
2026-05-23T09:55:46.0659760Z,1779530146065,0
2026-05-23T09:55:46.0988030Z,1779530146098,1
2026-05-23T09:55:46.1315010Z,1779530146131,1
2026-05-23T09:55:46.1643830Z,1779530146164,0
2026-05-23T09:55:46.1975010Z,1779530146197,1
2026-05-23T09:55:46.2296880Z,1779530146229,1
2026-05-23T09:55:46.2619670Z,1779530146261,1
2026-05-23T09:55:46.2951850Z,1779530146295,0
2026-05-23T09:55:46.3276710Z,1779530146327,1
2026-05-23T09:55:46.3601830Z,1779530146360,1
2026-05-23T09:55:46.3931710Z,1779530146393,1
2026-05-23T09:55:46.4339790Z,1779530146433,0
2026-05-23T09:55:46.4649810Z,1779530146464,1
2026-05-23T09:55:46.4990840Z,1779530146499,1
2026-05-23T09:55:46.5386610Z,1779530146538,1
2026-05-23T09:55:46.5701430Z,1779530146570,0
2026-05-23T09:55:46.6027950Z,1779530146602,1
2026-05-23T09:55:46.6355180Z,1779530146635,1
2026-05-23T09:55:46.6681120Z,1779530146668,1
2026-05-23T09:55:46.7004140Z,1779530146700,0
2026-05-23T09:55:46.7331750Z,1779530146733,1
2026-05-23T09:55:46.7661400Z,1779530146766,0
2026-05-23T09:55:46.7986350Z,1779530146798,1
2026-05-23T09:55:46.8311480Z,1779530146831,1
2026-05-23T09:55:46.8638790Z,1779530146863,0
2026-05-23T09:55:46.8967160Z,1779530146896,1
2026-05-23T09:55:46.9690330Z,1779530146969,1
2026-05-23T09:55:46.9730400Z,1779530146973,1
2026-05-23T09:55:47.0064140Z,1779530147006,0
2026-05-23T09:55:47.0819170Z,1779530147081,1
2026-05-23T09:55:47.0863800Z,1779530147086,2
2026-05-23T09:55:47.1194190Z,1779530147119,0
2026-05-23T09:55:47.1526800Z,1779530147152,0
2026-05-23T09:55:47.1863850Z,1779530147186,1
2026-05-23T09:55:47.2183250Z,1779530147218,1
2026-05-23T09:55:47.2506880Z,1779530147250,1
2026-05-23T09:55:47.2835320Z,1779530147283,0
2026-05-23T09:55:47.3163760Z,1779530147316,1
2026-05-23T09:55:47.3486220Z,1779530147348,1
2026-05-23T09:55:47.3812050Z,1779530147381,1
2026-05-23T09:55:47.4142290Z,1779530147414,0
2026-05-23T09:55:47.4866760Z,1779530147486,1
2026-05-23T09:55:47.4909070Z,1779530147490,2
2026-05-23T09:55:47.5242930Z,1779530147524,0
2026-05-23T09:55:47.5641090Z,1779530147564,0
2026-05-23T09:55:47.5955080Z,1779530147595,1
2026-05-23T09:55:47.6277170Z,1779530147627,1
2026-05-23T09:55:47.6604800Z,1779530147660,1
2026-05-23T09:55:47.6932830Z,1779530147693,0
2026-05-23T09:55:47.7264510Z,1779530147726,1
2026-05-23T09:55:47.7585650Z,1779530147758,1
2026-05-23T09:55:47.7911730Z,1779530147791,0
2026-05-23T09:55:47.8240040Z,1779530147824,1
2026-05-23T09:55:47.8572370Z,1779530147857,0
2026-05-23T09:55:47.8895270Z,1779530147889,1
2026-05-23T09:55:47.9226890Z,1779530147922,1
2026-05-23T09:55:48.0002060Z,1779530148000,1
2026-05-23T09:55:48.0055780Z,1779530148005,1
2026-05-23T09:55:48.0390390Z,1779530148039,1
2026-05-23T09:55:48.0794710Z,1779530148079,0
2026-05-23T09:55:48.1103660Z,1779530148110,1
2026-05-23T09:55:48.1435300Z,1779530148143,1
2026-05-23T09:55:48.1765450Z,1779530148176,1
2026-05-23T09:55:48.2090660Z,1779530148209,0
2026-05-23T09:55:48.2417370Z,1779530148241,1
2026-05-23T09:55:48.2740810Z,1779530148274,0
2026-05-23T09:55:48.3069730Z,1779530148306,1
2026-05-23T09:55:48.3396930Z,1779530148339,1
2026-05-23T09:55:48.3722390Z,1779530148372,1
2026-05-23T09:55:48.4047020Z,1779530148404,0
2026-05-23T09:55:48.4380510Z,1779530148438,1
2026-05-23T09:55:48.4712510Z,1779530148471,1
2026-05-23T09:55:48.5112070Z,1779530148511,1
2026-05-23T09:55:48.5435790Z,1779530148543,0
2026-05-23T09:55:48.5831650Z,1779530148583,1
2026-05-23T09:55:48.6145150Z,1779530148614,1
2026-05-23T09:55:48.6473050Z,1779530148647,1
2026-05-23T09:55:48.6799340Z,1779530148679,0
2026-05-23T09:55:48.7128760Z,1779530148712,0
2026-05-23T09:55:48.7454480Z,1779530148745,2
2026-05-23T09:55:48.7782270Z,1779530148778,0
2026-05-23T09:55:48.8102990Z,1779530148810,1
2026-05-23T09:55:48.8429510Z,1779530148842,0
2026-05-23T09:55:48.8762460Z,1779530148876,1
2026-05-23T09:55:48.9084430Z,1779530148908,1
2026-05-23T09:55:48.9416670Z,1779530148941,1
2026-05-23T09:55:48.9857150Z,1779530148985,0
2026-05-23T09:55:49.0167520Z,1779530149016,1
2026-05-23T09:55:49.0923380Z,1779530149092,1
2026-05-23T09:55:49.0971320Z,1779530149097,1
2026-05-23T09:55:49.1302610Z,1779530149130,0
2026-05-23T09:55:49.1636310Z,1779530149163,1
2026-05-23T09:55:49.1970210Z,1779530149197,1
2026-05-23T09:55:49.2294380Z,1779530149229,1
2026-05-23T09:55:49.2620880Z,1779530149262,0
2026-05-23T09:55:49.2952800Z,1779530149295,1
2026-05-23T09:55:49.3283800Z,1779530149328,1
2026-05-23T09:55:49.3605630Z,1779530149360,1
2026-05-23T09:55:49.3935630Z,1779530149393,0
2026-05-23T09:55:49.4266970Z,1779530149426,1
2026-05-23T09:55:49.4597790Z,1779530149459,1
2026-05-23T09:55:49.4929410Z,1779530149492,0
2026-05-23T09:55:49.5340590Z,1779530149534,1
2026-05-23T09:55:49.6040110Z,1779530149604,1
2026-05-23T09:55:49.6082650Z,1779530149608,2
2026-05-23T09:55:49.6403090Z,1779530149640,0
2026-05-23T09:55:49.6729970Z,1779530149672,0
2026-05-23T09:55:49.7058750Z,1779530149705,1
2026-05-23T09:55:49.7384700Z,1779530149738,1
2026-05-23T09:55:49.7712530Z,1779530149771,0
2026-05-23T09:55:49.8040460Z,1779530149804,1
2026-05-23T09:55:49.8366800Z,1779530149836,1
2026-05-23T09:55:49.8692400Z,1779530149869,0
2026-05-23T09:55:49.9020590Z,1779530149902,1
2026-05-23T09:55:49.9347320Z,1779530149934,1
2026-05-23T09:55:49.9678980Z,1779530149967,0
2026-05-23T09:55:50.0012670Z,1779530150001,1
2026-05-23T09:55:50.0422510Z,1779530150042,1
2026-05-23T09:55:50.0741600Z,1779530150074,1
2026-05-23T09:55:50.1148760Z,1779530150114,0
2026-05-23T09:55:50.1820790Z,1779530150182,1
2026-05-23T09:55:50.1854740Z,1779530150185,2
2026-05-23T09:55:50.2188120Z,1779530150218,0
2026-05-23T09:55:50.2519910Z,1779530150251,0
2026-05-23T09:55:50.2854080Z,1779530150285,1
2026-05-23T09:55:50.3177830Z,1779530150317,1
2026-05-23T09:55:50.3506490Z,1779530150350,1
2026-05-23T09:55:50.3832550Z,1779530150383,0
2026-05-23T09:55:50.4158420Z,1779530150415,1
2026-05-23T09:55:50.4484730Z,1779530150448,1
2026-05-23T09:55:50.4814600Z,1779530150481,0
2026-05-23T09:55:50.5145090Z,1779530150514,1
2026-05-23T09:55:50.5547020Z,1779530150554,0
2026-05-23T09:55:50.5869350Z,1779530150586,2
2026-05-23T09:55:50.6267710Z,1779530150626,0
2026-05-23T09:55:50.6583040Z,1779530150658,1
2026-05-23T09:55:50.6907000Z,1779530150690,1
2026-05-23T09:55:50.7234520Z,1779530150723,0
2026-05-23T09:55:50.7561390Z,1779530150756,1
2026-05-23T09:55:50.7890350Z,1779530150789,1
2026-05-23T09:55:50.8213080Z,1779530150821,0
2026-05-23T09:55:50.8540990Z,1779530150854,1
2026-05-23T09:55:50.8870350Z,1779530150887,1
2026-05-23T09:55:50.9197130Z,1779530150919,1
2026-05-23T09:55:50.9523300Z,1779530150952,0
2026-05-23T09:55:50.9848810Z,1779530150984,1
2026-05-23T09:55:51.0182920Z,1779530151018,1
2026-05-23T09:55:51.0590140Z,1779530151059,1
2026-05-23T09:55:51.0899830Z,1779530151089,0
2026-05-23T09:55:51.1300160Z,1779530151130,1
2026-05-23T09:55:51.1611670Z,1779530151161,1
2026-05-23T09:55:51.1936560Z,1779530151193,1
2026-05-23T09:55:51.2629450Z,1779530151262,0
2026-05-23T09:55:51.2662390Z,1779530151266,2
2026-05-23T09:55:51.2994100Z,1779530151299,0
2026-05-23T09:55:51.3325580Z,1779530151332,1
2026-05-23T09:55:51.3658130Z,1779530151365,0
2026-05-23T09:55:51.3982750Z,1779530151398,1
2026-05-23T09:55:51.4309720Z,1779530151430,1
2026-05-23T09:55:51.4637730Z,1779530151463,0
2026-05-23T09:55:51.4968610Z,1779530151496,1
2026-05-23T09:55:51.5295760Z,1779530151529,0
2026-05-23T09:55:51.5700070Z,1779530151570,1
2026-05-23T09:55:51.6397660Z,1779530151639,1
2026-05-23T09:55:51.6431250Z,1779530151643,1
2026-05-23T09:55:51.6753310Z,1779530151675,1
2026-05-23T09:55:51.7078510Z,1779530151707,0
2026-05-23T09:55:51.7406090Z,1779530151740,1
2026-05-23T09:55:51.7732110Z,1779530151773,1
2026-05-23T09:55:51.8059680Z,1779530151805,0
2026-05-23T09:55:51.8383510Z,1779530151838,1
2026-05-23T09:55:51.8709210Z,1779530151870,1
2026-05-23T09:55:51.9037400Z,1779530151903,1
2026-05-23T09:55:51.9366440Z,1779530151936,0
2026-05-23T09:55:51.9694000Z,1779530151969,1
2026-05-23T09:55:52.0020120Z,1779530152002,1
2026-05-23T09:55:52.0347440Z,1779530152034,1
2026-05-23T09:55:52.0760430Z,1779530152076,0
2026-05-23T09:55:52.1071360Z,1779530152107,1
2026-05-23T09:55:52.1470070Z,1779530152147,1
2026-05-23T09:55:52.1783250Z,1779530152178,1
2026-05-23T09:55:52.2110640Z,1779530152211,0
2026-05-23T09:55:52.2440140Z,1779530152244,1
2026-05-23T09:55:52.2762710Z,1779530152276,1
2026-05-23T09:55:52.3458290Z,1779530152345,0
2026-05-23T09:55:52.3496080Z,1779530152349,2
2026-05-23T09:55:52.3826730Z,1779530152382,0
2026-05-23T09:55:52.4160020Z,1779530152416,1
2026-05-23T09:55:52.4490860Z,1779530152449,0
2026-05-23T09:55:52.4815630Z,1779530152481,1
2026-05-23T09:55:52.5144980Z,1779530152514,0
2026-05-23T09:55:52.5481850Z,1779530152548,1
2026-05-23T09:55:52.5889050Z,1779530152588,1
2026-05-23T09:55:52.6199260Z,1779530152619,1
2026-05-23T09:55:52.6606060Z,1779530152660,0
2026-05-23T09:55:52.6920460Z,1779530152692,2
2026-05-23T09:55:52.7246380Z,1779530152724,0
2026-05-23T09:55:52.7573300Z,1779530152757,1
2026-05-23T09:55:52.7898610Z,1779530152789,0
2026-05-23T09:55:52.8226760Z,1779530152822,1
2026-05-23T09:55:52.8553980Z,1779530152855,1
2026-05-23T09:55:52.8878170Z,1779530152887,1
2026-05-23T09:55:52.9206610Z,1779530152920,0
2026-05-23T09:55:52.9535730Z,1779530152953,1
2026-05-23T09:55:52.9860750Z,1779530152986,1
2026-05-23T09:55:53.0185570Z,1779530153018,1
2026-05-23T09:55:53.0516710Z,1779530153051,0
2026-05-23T09:55:53.1235750Z,1779530153123,1
2026-05-23T09:55:53.1271700Z,1779530153127,2
2026-05-23T09:55:53.1602090Z,1779530153160,0
2026-05-23T09:55:53.2003710Z,1779530153200,0
2026-05-23T09:55:53.2314190Z,1779530153231,1
2026-05-23T09:55:53.2642800Z,1779530153264,1
2026-05-23T09:55:53.2971170Z,1779530153297,1
2026-05-23T09:55:53.3296980Z,1779530153329,0
2026-05-23T09:55:53.3622540Z,1779530153362,1
2026-05-23T09:55:53.3951620Z,1779530153395,1
2026-05-23T09:55:53.4283420Z,1779530153428,0
2026-05-23T09:55:53.4608710Z,1779530153460,1
2026-05-23T09:55:53.4932690Z,1779530153493,0
2026-05-23T09:55:53.5262030Z,1779530153526,1
2026-05-23T09:55:53.5588940Z,1779530153558,1
2026-05-23T09:55:53.6364450Z,1779530153636,1
2026-05-23T09:55:53.6401150Z,1779530153640,1
2026-05-23T09:55:53.6747630Z,1779530153674,0
2026-05-23T09:55:53.7163810Z,1779530153716,1
2026-05-23T09:55:53.7478090Z,1779530153747,1
2026-05-23T09:55:53.7807050Z,1779530153780,0
2026-05-23T09:55:53.8134980Z,1779530153813,1
2026-05-23T09:55:53.8462760Z,1779530153846,1
2026-05-23T09:55:53.8791410Z,1779530153879,1
2026-05-23T09:55:53.9118660Z,1779530153911,0
2026-05-23T09:55:53.9443090Z,1779530153944,1
2026-05-23T09:55:53.9770780Z,1779530153977,1
2026-05-23T09:55:54.0117490Z,1779530154011,1
2026-05-23T09:55:54.0511110Z,1779530154051,0
2026-05-23T09:55:54.0862640Z,1779530154086,1
2026-05-23T09:55:54.1268090Z,1779530154126,1
2026-05-23T09:55:54.1623930Z,1779530154162,1
2026-05-23T09:55:54.2051570Z,1779530154205,0
2026-05-23T09:55:54.2402930Z,1779530154240,1
2026-05-23T09:55:54.2723520Z,1779530154272,1
2026-05-23T09:55:54.3050450Z,1779530154305,1
2026-05-23T09:55:54.3376380Z,1779530154337,0
2026-05-23T09:55:54.3702580Z,1779530154370,1
2026-05-23T09:55:54.4027910Z,1779530154402,1
2026-05-23T09:55:54.4356750Z,1779530154435,1
2026-05-23T09:55:54.4681190Z,1779530154468,0
2026-05-23T09:55:54.5375340Z,1779530154537,1
2026-05-23T09:55:54.5408810Z,1779530154540,2
2026-05-23T09:55:54.5749570Z,1779530154574,0
2026-05-23T09:55:54.6093370Z,1779530154609,0
2026-05-23T09:55:54.6512260Z,1779530154651,1
2026-05-23T09:55:54.6823640Z,1779530154682,1
2026-05-23T09:55:54.7166500Z,1779530154716,1
2026-05-23T09:55:54.7590810Z,1779530154759,0
2026-05-23T09:55:54.7900150Z,1779530154790,1
2026-05-23T09:55:54.8228390Z,1779530154822,1
2026-05-23T09:55:54.8557400Z,1779530154855,1
2026-05-23T09:55:54.8880410Z,1779530154888,0
2026-05-23T09:55:54.9204340Z,1779530154920,1
2026-05-23T09:55:54.9532550Z,1779530154953,1
2026-05-23T09:55:54.9862080Z,1779530154986,0
2026-05-23T09:55:55.0185460Z,1779530155018,1
2026-05-23T09:55:55.0508550Z,1779530155050,1
2026-05-23T09:55:55.0838890Z,1779530155083,0
2026-05-23T09:55:55.1174790Z,1779530155117,1
2026-05-23T09:55:55.1585240Z,1779530155158,1
2026-05-23T09:55:55.1898010Z,1779530155189,0
2026-05-23T09:55:55.2300840Z,1779530155230,1
2026-05-23T09:55:55.2607940Z,1779530155260,1
2026-05-23T09:55:55.2936880Z,1779530155293,1
2026-05-23T09:55:55.3264580Z,1779530155326,0
2026-05-23T09:55:55.3591200Z,1779530155359,1
2026-05-23T09:55:55.3916820Z,1779530155391,1
2026-05-23T09:55:55.4242760Z,1779530155424,1
2026-05-23T09:55:55.4579470Z,1779530155457,0
2026-05-23T09:55:55.4894420Z,1779530155489,1
2026-05-23T09:55:55.5221720Z,1779530155522,1
2026-05-23T09:55:55.5553110Z,1779530155555,1
2026-05-23T09:55:55.6314260Z,1779530155631,0
2026-05-23T09:55:55.6353840Z,1779530155635,2
2026-05-23T09:55:55.6690220Z,1779530155669,0
2026-05-23T09:55:55.7027990Z,1779530155702,1
2026-05-23T09:55:55.7435990Z,1779530155743,0
2026-05-23T09:55:55.7747820Z,1779530155774,1
2026-05-23T09:55:55.8073870Z,1779530155807,1
2026-05-23T09:55:55.8396770Z,1779530155839,1
2026-05-23T09:55:55.8725400Z,1779530155872,0
2026-05-23T09:55:55.9054790Z,1779530155905,1
2026-05-23T09:55:55.9377480Z,1779530155937,1
2026-05-23T09:55:55.9703700Z,1779530155970,0
2026-05-23T09:55:56.0031200Z,1779530156003,1
2026-05-23T09:55:56.0357920Z,1779530156035,0
2026-05-23T09:55:56.0684020Z,1779530156068,1
2026-05-23T09:55:56.1011990Z,1779530156101,1
2026-05-23T09:55:56.1729010Z,1779530156172,1
2026-05-23T09:55:56.1771740Z,1779530156177,1
2026-05-23T09:55:56.2099690Z,1779530156209,0
2026-05-23T09:55:56.2504670Z,1779530156250,1
2026-05-23T09:55:56.2812760Z,1779530156281,1
2026-05-23T09:55:56.3141650Z,1779530156314,0
2026-05-23T09:55:56.3469750Z,1779530156346,1
2026-05-23T09:55:56.3795310Z,1779530156379,1
2026-05-23T09:55:56.4119130Z,1779530156411,1
2026-05-23T09:55:56.4448430Z,1779530156444,0
2026-05-23T09:55:56.4779290Z,1779530156477,1
2026-05-23T09:55:56.5099440Z,1779530156509,1
2026-05-23T09:55:56.5422880Z,1779530156542,1
2026-05-23T09:55:56.5750530Z,1779530156575,0
2026-05-23T09:55:56.6077370Z,1779530156607,1
2026-05-23T09:55:56.6789990Z,1779530156678,1
2026-05-23T09:55:56.7236330Z,1779530156723,1
2026-05-23T09:55:56.7276410Z,1779530156727,1
2026-05-23T09:55:56.7609430Z,1779530156760,0
2026-05-23T09:55:56.7943150Z,1779530156794,1
2026-05-23T09:55:56.8276470Z,1779530156827,1
2026-05-23T09:55:56.8599580Z,1779530156859,0
2026-05-23T09:55:56.8930160Z,1779530156893,1
2026-05-23T09:55:56.9259210Z,1779530156925,1
2026-05-23T09:55:56.9577710Z,1779530156957,1
2026-05-23T09:55:56.9903250Z,1779530156990,0
2026-05-23T09:55:57.0229300Z,1779530157022,1
2026-05-23T09:55:57.0556780Z,1779530157055,1
2026-05-23T09:55:57.0884960Z,1779530157088,0
2026-05-23T09:55:57.1208390Z,1779530157120,1
2026-05-23T09:55:57.1929990Z,1779530157192,0
2026-05-23T09:55:57.1971930Z,1779530157197,2
2026-05-23T09:55:57.2290460Z,1779530157229,0
2026-05-23T09:55:57.2694310Z,1779530157269,1
2026-05-23T09:55:57.3005450Z,1779530157300,0
2026-05-23T09:55:57.3332230Z,1779530157333,1
2026-05-23T09:55:57.3659430Z,1779530157365,1
2026-05-23T09:55:57.3985020Z,1779530157398,1
2026-05-23T09:55:57.4308130Z,1779530157430,0
2026-05-23T09:55:57.4637450Z,1779530157463,1
2026-05-23T09:55:57.4964770Z,1779530157496,1
2026-05-23T09:55:57.5290700Z,1779530157529,1
2026-05-23T09:55:57.5616310Z,1779530157561,0
2026-05-23T09:55:57.5940930Z,1779530157594,1
2026-05-23T09:55:57.6271310Z,1779530157627,1
2026-05-23T09:55:57.6604080Z,1779530157660,0
2026-05-23T09:55:57.7026120Z,1779530157702,1
2026-05-23T09:55:57.7338670Z,1779530157733,1
2026-05-23T09:55:57.7762240Z,1779530157776,1
2026-05-23T09:55:57.8433110Z,1779530157843,1
2026-05-23T09:55:57.8471530Z,1779530157847,1
2026-05-23T09:55:57.8803970Z,1779530157880,0
2026-05-23T09:55:57.9135020Z,1779530157913,1
2026-05-23T09:55:57.9472450Z,1779530157947,1
2026-05-23T09:55:57.9793740Z,1779530157979,0
2026-05-23T09:55:58.0123720Z,1779530158012,1
2026-05-23T09:55:58.0446470Z,1779530158044,1
2026-05-23T09:55:58.0776010Z,1779530158077,0
2026-05-23T09:55:58.1103230Z,1779530158110,1
2026-05-23T09:55:58.1430660Z,1779530158143,0
2026-05-23T09:55:58.1761800Z,1779530158176,1
2026-05-23T09:55:58.2177780Z,1779530158217,1
2026-05-23T09:55:58.2882860Z,1779530158288,1
2026-05-23T09:55:58.2917640Z,1779530158291,1
2026-05-23T09:55:58.3239490Z,1779530158323,1
2026-05-23T09:55:58.3569270Z,1779530158356,0
2026-05-23T09:55:58.3895790Z,1779530158389,1
2026-05-23T09:55:58.4229120Z,1779530158422,0
2026-05-23T09:55:58.4553870Z,1779530158455,1
2026-05-23T09:55:58.4878810Z,1779530158487,1
2026-05-23T09:55:58.5203180Z,1779530158520,1
2026-05-23T09:55:58.5621920Z,1779530158562,0
2026-05-23T09:55:58.5854580Z,1779530158585,1
2026-05-23T09:55:58.6183420Z,1779530158618,1
2026-05-23T09:55:58.6507280Z,1779530158650,0
2026-05-23T09:55:58.6844290Z,1779530158684,1
2026-05-23T09:55:58.7253540Z,1779530158725,1
2026-05-23T09:55:58.7564420Z,1779530158756,1
2026-05-23T09:55:58.7891330Z,1779530158789,0
2026-05-23T09:55:58.8218440Z,1779530158821,1
2026-05-23T09:55:58.8544100Z,1779530158854,1
2026-05-23T09:55:58.9235030Z,1779530158923,0
2026-05-23T09:55:58.9270590Z,1779530158927,2
2026-05-23T09:55:58.9604960Z,1779530158960,0
2026-05-23T09:55:58.9937380Z,1779530158993,0
2026-05-23T09:55:59.0270290Z,1779530159027,1
2026-05-23T09:55:59.0596700Z,1779530159059,1
2026-05-23T09:55:59.0925000Z,1779530159092,1
2026-05-23T09:55:59.1253440Z,1779530159125,0
2026-05-23T09:55:59.1576360Z,1779530159157,1
2026-05-23T09:55:59.1907160Z,1779530159190,1
2026-05-23T09:55:59.2624910Z,1779530159262,1
2026-05-23T09:55:59.2665240Z,1779530159266,1
2026-05-23T09:55:59.2992490Z,1779530159299,0
2026-05-23T09:55:59.3388790Z,1779530159338,1
2026-05-23T09:55:59.3702200Z,1779530159370,1
2026-05-23T09:55:59.4030060Z,1779530159403,0
2026-05-23T09:55:59.4353670Z,1779530159435,1
2026-05-23T09:55:59.4680020Z,1779530159468,1
2026-05-23T09:55:59.5005160Z,1779530159500,1
2026-05-23T09:55:59.5330740Z,1779530159533,0
2026-05-23T09:55:59.5660390Z,1779530159566,1
2026-05-23T09:55:59.5985560Z,1779530159598,1
2026-05-23T09:55:59.6310590Z,1779530159631,0
2026-05-23T09:55:59.6641350Z,1779530159664,1
2026-05-23T09:55:59.6969550Z,1779530159696,1
2026-05-23T09:55:59.7689500Z,1779530159768,0
2026-05-23T09:55:59.7725710Z,1779530159772,2
2026-05-23T09:55:59.8055400Z,1779530159805,0
2026-05-23T09:55:59.8459840Z,1779530159845,1
2026-05-23T09:55:59.8771060Z,1779530159877,1
2026-05-23T09:55:59.9099740Z,1779530159909,0
2026-05-23T09:55:59.9790820Z,1779530159979,1
2026-05-23T09:55:59.9822220Z,1779530159982,1
2026-05-23T09:56:00.0167170Z,1779530160016,1
2026-05-23T09:56:00.0498470Z,1779530160049,0
2026-05-23T09:56:00.0829760Z,1779530160082,1
2026-05-23T09:56:00.1155050Z,1779530160115,1
2026-05-23T09:56:00.1477420Z,1779530160147,0
2026-05-23T09:56:00.1806390Z,1779530160180,1
2026-05-23T09:56:00.2136080Z,1779530160213,1
2026-05-23T09:56:00.2472670Z,1779530160247,0
2026-05-23T09:56:00.2873050Z,1779530160287,1
2026-05-23T09:56:00.3570230Z,1779530160357,1
2026-05-23T09:56:00.3603540Z,1779530160360,1
2026-05-23T09:56:00.3924970Z,1779530160392,0
2026-05-23T09:56:00.4257520Z,1779530160425,1
2026-05-23T09:56:00.4577630Z,1779530160457,1
2026-05-23T09:56:00.4905000Z,1779530160490,1
2026-05-23T09:56:00.5231390Z,1779530160523,0
2026-05-23T09:56:00.5560050Z,1779530160556,1
2026-05-23T09:56:00.5880410Z,1779530160588,1
2026-05-23T09:56:00.6205700Z,1779530160620,1
2026-05-23T09:56:00.6532870Z,1779530160653,0
2026-05-23T09:56:00.6862560Z,1779530160686,1
2026-05-23T09:56:00.7186220Z,1779530160718,1
2026-05-23T09:56:00.7522330Z,1779530160752,0
2026-05-23T09:56:00.7928930Z,1779530160792,1
2026-05-23T09:56:00.8245840Z,1779530160824,1
2026-05-23T09:56:00.8646450Z,1779530160864,1
2026-05-23T09:56:00.8958040Z,1779530160895,0
2026-05-23T09:56:00.9283180Z,1779530160928,1
2026-05-23T09:56:00.9610540Z,1779530160961,0
2026-05-23T09:56:00.9936250Z,1779530160993,1
2026-05-23T09:56:01.0624560Z,1779530161062,1
2026-05-23T09:56:01.0657190Z,1779530161065,1
2026-05-23T09:56:01.0989050Z,1779530161098,0
2026-05-23T09:56:01.1322100Z,1779530161132,1
2026-05-23T09:56:01.1657580Z,1779530161165,1
2026-05-23T09:56:01.1987620Z,1779530161198,1
2026-05-23T09:56:01.2308900Z,1779530161230,0
2026-05-23T09:56:01.2643610Z,1779530161264,1
2026-05-23T09:56:01.3045580Z,1779530161304,1
2026-05-23T09:56:01.3360550Z,1779530161336,1
2026-05-23T09:56:01.3762410Z,1779530161376,0
2026-05-23T09:56:01.4076950Z,1779530161407,1
2026-05-23T09:56:01.4398140Z,1779530161439,1
2026-05-23T09:56:01.4726480Z,1779530161472,1
2026-05-23T09:56:01.5052960Z,1779530161505,0
2026-05-23T09:56:01.5383910Z,1779530161538,1
2026-05-23T09:56:01.5707390Z,1779530161570,1
2026-05-23T09:56:01.6034020Z,1779530161603,0
2026-05-23T09:56:01.6364150Z,1779530161636,1
2026-05-23T09:56:01.6690380Z,1779530161669,0
2026-05-23T09:56:01.7016580Z,1779530161701,1
2026-05-23T09:56:01.7347920Z,1779530161734,1
2026-05-23T09:56:01.7684590Z,1779530161768,1
2026-05-23T09:56:01.8093220Z,1779530161809,0
2026-05-23T09:56:01.8403560Z,1779530161840,1
2026-05-23T09:56:01.8809200Z,1779530161880,1
2026-05-23T09:56:01.9122800Z,1779530161912,1
2026-05-23T09:56:01.9448410Z,1779530161944,0
2026-05-23T09:56:01.9777670Z,1779530161977,1
2026-05-23T09:56:02.0102380Z,1779530162010,1
2026-05-23T09:56:02.0428560Z,1779530162042,1
2026-05-23T09:56:02.1123520Z,1779530162112,0
2026-05-23T09:56:02.1155830Z,1779530162115,2
2026-05-23T09:56:02.1486710Z,1779530162148,0
2026-05-23T09:56:02.1820280Z,1779530162182,1
2026-05-23T09:56:02.2152650Z,1779530162215,0
2026-05-23T09:56:02.2483500Z,1779530162248,1
2026-05-23T09:56:02.3205100Z,1779530162320,1
2026-05-23T09:56:02.3248940Z,1779530162324,1
2026-05-23T09:56:02.3580160Z,1779530162358,0
2026-05-23T09:56:02.3984580Z,1779530162398,1
2026-05-23T09:56:02.4298290Z,1779530162429,1
2026-05-23T09:56:02.4622480Z,1779530162462,1
2026-05-23T09:56:02.4952730Z,1779530162495,0
2026-05-23T09:56:02.5282110Z,1779530162528,1
2026-05-23T09:56:02.5605970Z,1779530162560,1
2026-05-23T09:56:02.5935510Z,1779530162593,0
2026-05-23T09:56:02.6265520Z,1779530162626,1
2026-05-23T09:56:02.6591780Z,1779530162659,1
2026-05-23T09:56:02.6917430Z,1779530162691,0
2026-05-23T09:56:02.7245240Z,1779530162724,1
2026-05-23T09:56:02.7579850Z,1779530162757,1
2026-05-23T09:56:02.8304210Z,1779530162830,0
2026-05-23T09:56:02.8346490Z,1779530162834,2
2026-05-23T09:56:02.8676640Z,1779530162867,0
2026-05-23T09:56:02.9076730Z,1779530162907,1
2026-05-23T09:56:02.9390010Z,1779530162939,1
2026-05-23T09:56:02.9713570Z,1779530162971,0
2026-05-23T09:56:03.0041150Z,1779530163004,1
2026-05-23T09:56:03.0370840Z,1779530163037,1
2026-05-23T09:56:03.0694470Z,1779530163069,0
2026-05-23T09:56:03.1021110Z,1779530163102,1
2026-05-23T09:56:03.1347120Z,1779530163134,1
2026-05-23T09:56:03.2043770Z,1779530163204,1
2026-05-23T09:56:03.2080930Z,1779530163208,1
2026-05-23T09:56:03.2415330Z,1779530163241,0
2026-05-23T09:56:03.2750470Z,1779530163275,1
2026-05-23T09:56:03.3471840Z,1779530163347,1
2026-05-23T09:56:03.3505250Z,1779530163350,1
2026-05-23T09:56:03.3829860Z,1779530163382,0
2026-05-23T09:56:03.4229240Z,1779530163422,1
2026-05-23T09:56:03.4539710Z,1779530163453,1
2026-05-23T09:56:03.4868660Z,1779530163486,0
2026-05-23T09:56:03.5193220Z,1779530163519,1
2026-05-23T09:56:03.5519780Z,1779530163551,1
2026-05-23T09:56:03.5845550Z,1779530163584,1
2026-05-23T09:56:03.6174250Z,1779530163617,0
2026-05-23T09:56:03.6496850Z,1779530163649,1
2026-05-23T09:56:03.6826330Z,1779530163682,1
2026-05-23T09:56:03.7153460Z,1779530163715,0
2026-05-23T09:56:03.7477990Z,1779530163747,1
2026-05-23T09:56:03.7808320Z,1779530163780,1
2026-05-23T09:56:03.8525630Z,1779530163852,0
2026-05-23T09:56:03.8578300Z,1779530163857,2
2026-05-23T09:56:03.8900000Z,1779530163890,0
2026-05-23T09:56:03.9309310Z,1779530163930,1
2026-05-23T09:56:03.9619290Z,1779530163961,1
2026-05-23T09:56:03.9948760Z,1779530163994,0
2026-05-23T09:56:04.0314960Z,1779530164031,1
2026-05-23T09:56:04.0681630Z,1779530164068,1
2026-05-23T09:56:04.1039330Z,1779530164103,1
2026-05-23T09:56:04.1412980Z,1779530164141,0
2026-05-23T09:56:04.1774580Z,1779530164177,1
2026-05-23T09:56:04.2156090Z,1779530164215,1
2026-05-23T09:56:04.2846110Z,1779530164284,1
2026-05-23T09:56:04.2883690Z,1779530164288,1
2026-05-23T09:56:04.3218130Z,1779530164321,0
2026-05-23T09:56:04.3627800Z,1779530164362,1
2026-05-23T09:56:04.4317700Z,1779530164431,1
2026-05-23T09:56:04.4361670Z,1779530164436,1
2026-05-23T09:56:04.4680690Z,1779530164468,0
2026-05-23T09:56:04.5392880Z,1779530164539,1
2026-05-23T09:56:04.5440790Z,1779530164544,1
2026-05-23T09:56:04.5763340Z,1779530164576,1
2026-05-23T09:56:04.6089970Z,1779530164608,0
2026-05-23T09:56:04.6414030Z,1779530164641,1
2026-05-23T09:56:04.6740660Z,1779530164674,1
2026-05-23T09:56:04.7069970Z,1779530164706,0
2026-05-23T09:56:04.7395500Z,1779530164739,1
2026-05-23T09:56:04.7717720Z,1779530164771,0
2026-05-23T09:56:04.8050540Z,1779530164805,1
2026-05-23T09:56:04.8385860Z,1779530164838,1
2026-05-23T09:56:04.8799250Z,1779530164879,1
2026-05-23T09:56:04.9110280Z,1779530164911,0
2026-05-23T09:56:04.9516390Z,1779530164951,1
2026-05-23T09:56:04.9827100Z,1779530164982,1
2026-05-23T09:56:05.0152930Z,1779530165015,1
2026-05-23T09:56:05.0477660Z,1779530165047,0
2026-05-23T09:56:05.0806680Z,1779530165080,1
2026-05-23T09:56:05.1130880Z,1779530165113,1
2026-05-23T09:56:05.1458170Z,1779530165145,1
2026-05-23T09:56:05.1780390Z,1779530165178,0
2026-05-23T09:56:05.2106480Z,1779530165210,1
2026-05-23T09:56:05.2433830Z,1779530165243,1
2026-05-23T09:56:05.2765850Z,1779530165276,1
2026-05-23T09:56:05.3082310Z,1779530165308,0
2026-05-23T09:56:05.3846140Z,1779530165384,1
2026-05-23T09:56:05.3886710Z,1779530165388,1
2026-05-23T09:56:05.4227880Z,1779530165422,1
2026-05-23T09:56:05.4636450Z,1779530165463,0
2026-05-23T09:56:05.5336060Z,1779530165533,1
2026-05-23T09:56:05.5374620Z,1779530165537,1
2026-05-23T09:56:05.5695190Z,1779530165569,1
2026-05-23T09:56:05.6019810Z,1779530165601,0
2026-05-23T09:56:05.6346540Z,1779530165634,1
2026-05-23T09:56:05.6675900Z,1779530165667,1
2026-05-23T09:56:05.6999690Z,1779530165699,0
2026-05-23T09:56:05.7327300Z,1779530165732,1
2026-05-23T09:56:05.7659590Z,1779530165765,0
2026-05-23T09:56:05.7981100Z,1779530165798,1
2026-05-23T09:56:05.8308570Z,1779530165830,1
2026-05-23T09:56:05.9032330Z,1779530165903,1
2026-05-23T09:56:05.9072810Z,1779530165907,1
2026-05-23T09:56:05.9403310Z,1779530165940,0
2026-05-23T09:56:05.9806240Z,1779530165980,1
2026-05-23T09:56:06.0116270Z,1779530166011,1
2026-05-23T09:56:06.0445430Z,1779530166044,0
2026-05-23T09:56:06.0773630Z,1779530166077,1
2026-05-23T09:56:06.1098480Z,1779530166109,1
2026-05-23T09:56:06.1424880Z,1779530166142,1
2026-05-23T09:56:06.1753000Z,1779530166175,0
2026-05-23T09:56:06.2079640Z,1779530166207,1
2026-05-23T09:56:06.2407840Z,1779530166240,1
2026-05-23T09:56:06.2736240Z,1779530166273,1
2026-05-23T09:56:06.3066540Z,1779530166306,0
2026-05-23T09:56:06.3394250Z,1779530166339,1
2026-05-23T09:56:06.4115290Z,1779530166411,1
2026-05-23T09:56:06.4576150Z,1779530166457,1
2026-05-23T09:56:06.4615970Z,1779530166461,1
2026-05-23T09:56:06.5336810Z,1779530166533,0
2026-05-23T09:56:06.5376880Z,1779530166537,2
2026-05-23T09:56:06.5697770Z,1779530166569,0
2026-05-23T09:56:06.6026930Z,1779530166602,0
2026-05-23T09:56:06.6354570Z,1779530166635,1
2026-05-23T09:56:06.6679910Z,1779530166667,1
2026-05-23T09:56:06.7005860Z,1779530166700,1
2026-05-23T09:56:06.7333770Z,1779530166733,0
2026-05-23T09:56:06.7663780Z,1779530166766,1
2026-05-23T09:56:06.7989470Z,1779530166798,1
2026-05-23T09:56:06.8316410Z,1779530166831,0
2026-05-23T09:56:06.8649090Z,1779530166864,1
2026-05-23T09:56:06.8981580Z,1779530166898,0
2026-05-23T09:56:06.9392080Z,1779530166939,1
2026-05-23T09:56:07.0085280Z,1779530167008,1
2026-05-23T09:56:07.0119720Z,1779530167011,2
2026-05-23T09:56:07.0437550Z,1779530167043,0
2026-05-23T09:56:07.0768730Z,1779530167076,1
2026-05-23T09:56:07.1092790Z,1779530167109,0
2026-05-23T09:56:07.1420950Z,1779530167142,1
2026-05-23T09:56:07.1746280Z,1779530167174,0
2026-05-23T09:56:07.2075960Z,1779530167207,1
2026-05-23T09:56:07.2398560Z,1779530167239,1
2026-05-23T09:56:07.2725110Z,1779530167272,1
2026-05-23T09:56:07.3054970Z,1779530167305,0
2026-05-23T09:56:07.3383590Z,1779530167338,1
2026-05-23T09:56:07.3713800Z,1779530167371,1
2026-05-23T09:56:07.4047750Z,1779530167404,1
2026-05-23T09:56:07.4457370Z,1779530167445,0
2026-05-23T09:56:07.4766260Z,1779530167476,1
2026-05-23T09:56:07.5103100Z,1779530167510,1
2026-05-23T09:56:07.5852160Z,1779530167585,1
2026-05-23T09:56:07.5885560Z,1779530167588,1
2026-05-23T09:56:07.6218590Z,1779530167621,0
2026-05-23T09:56:07.6554310Z,1779530167655,1
2026-05-23T09:56:07.6884600Z,1779530167688,1
2026-05-23T09:56:07.7210850Z,1779530167721,0
2026-05-23T09:56:07.7535330Z,1779530167753,1
2026-05-23T09:56:07.7864300Z,1779530167786,1
2026-05-23T09:56:07.8188120Z,1779530167818,0
2026-05-23T09:56:07.8515120Z,1779530167851,1
2026-05-23T09:56:07.8842920Z,1779530167884,1
2026-05-23T09:56:07.9180520Z,1779530167918,1
2026-05-23T09:56:07.9583090Z,1779530167958,0
2026-05-23T09:56:07.9904080Z,1779530167990,1
2026-05-23T09:56:08.0301230Z,1779530168030,1
2026-05-23T09:56:08.0614910Z,1779530168061,1
2026-05-23T09:56:08.0939340Z,1779530168093,0
2026-05-23T09:56:08.1266110Z,1779530168126,1
2026-05-23T09:56:08.1591500Z,1779530168159,0
2026-05-23T09:56:08.1922690Z,1779530168192,1
2026-05-23T09:56:08.2244310Z,1779530168224,1
2026-05-23T09:56:08.2571690Z,1779530168257,1
2026-05-23T09:56:08.2895890Z,1779530168289,0
2026-05-23T09:56:08.3229120Z,1779530168322,1
2026-05-23T09:56:08.3553800Z,1779530168355,1
2026-05-23T09:56:08.3882390Z,1779530168388,1
2026-05-23T09:56:08.4210170Z,1779530168421,0
2026-05-23T09:56:08.4625050Z,1779530168462,1
2026-05-23T09:56:08.4932340Z,1779530168493,1
2026-05-23T09:56:08.5338350Z,1779530168533,1
2026-05-23T09:56:08.5648410Z,1779530168564,0
2026-05-23T09:56:08.5976840Z,1779530168597,1
2026-05-23T09:56:08.6662510Z,1779530168666,1
2026-05-23T09:56:08.6696970Z,1779530168669,1
2026-05-23T09:56:08.7033390Z,1779530168703,0
2026-05-23T09:56:08.7369280Z,1779530168736,1
2026-05-23T09:56:08.7698160Z,1779530168769,1
2026-05-23T09:56:08.8019230Z,1779530168801,1
2026-05-23T09:56:08.8344220Z,1779530168834,0
2026-05-23T09:56:08.8673840Z,1779530168867,1
2026-05-23T09:56:08.9001950Z,1779530168900,1
2026-05-23T09:56:08.9329450Z,1779530168932,0
2026-05-23T09:56:08.9742850Z,1779530168974,1
2026-05-23T09:56:09.0437860Z,1779530169043,1
2026-05-23T09:56:09.0477200Z,1779530169047,1
2026-05-23T09:56:09.0793540Z,1779530169079,0
2026-05-23T09:56:09.1120020Z,1779530169112,1
2026-05-23T09:56:09.1445070Z,1779530169144,0
2026-05-23T09:56:09.1773000Z,1779530169177,1
2026-05-23T09:56:09.2094280Z,1779530169209,1
2026-05-23T09:56:09.2420830Z,1779530169242,1
2026-05-23T09:56:09.2747180Z,1779530169274,0
2026-05-23T09:56:09.3074840Z,1779530169307,1
2026-05-23T09:56:09.3406280Z,1779530169340,1
2026-05-23T09:56:09.3725240Z,1779530169372,1
2026-05-23T09:56:09.4054470Z,1779530169405,0
2026-05-23T09:56:09.4383440Z,1779530169438,1
2026-05-23T09:56:09.4787010Z,1779530169478,1
2026-05-23T09:56:09.5103600Z,1779530169510,1
2026-05-23T09:56:09.5500870Z,1779530169550,0
2026-05-23T09:56:09.5814010Z,1779530169581,1
2026-05-23T09:56:09.6140300Z,1779530169614,1
2026-05-23T09:56:09.6472950Z,1779530169647,0
2026-05-23T09:56:09.6796830Z,1779530169679,1
2026-05-23T09:56:09.7480140Z,1779530169748,0
2026-05-23T09:56:09.7509660Z,1779530169750,2
2026-05-23T09:56:09.7844190Z,1779530169784,0
2026-05-23T09:56:09.8186380Z,1779530169818,1
2026-05-23T09:56:09.8511300Z,1779530169851,0
2026-05-23T09:56:09.8838340Z,1779530169883,1
2026-05-23T09:56:09.9165740Z,1779530169916,1
2026-05-23T09:56:09.9497860Z,1779530169949,1
2026-05-23T09:56:09.9910540Z,1779530169991,0
2026-05-23T09:56:10.0225150Z,1779530170022,1
2026-05-23T09:56:10.0622240Z,1779530170062,1
2026-05-23T09:56:10.0936180Z,1779530170093,1
2026-05-23T09:56:10.1261890Z,1779530170126,0
2026-05-23T09:56:10.1587250Z,1779530170158,1
2026-05-23T09:56:10.1915720Z,1779530170191,1
2026-05-23T09:56:10.2243590Z,1779530170224,1
2026-05-23T09:56:10.2569750Z,1779530170256,0
2026-05-23T09:56:10.2891350Z,1779530170289,1
2026-05-23T09:56:10.3217290Z,1779530170321,1
2026-05-23T09:56:10.3549220Z,1779530170354,1
2026-05-23T09:56:10.3874480Z,1779530170387,0
2026-05-23T09:56:10.4200540Z,1779530170420,1
2026-05-23T09:56:10.4528070Z,1779530170452,1
2026-05-23T09:56:10.5252140Z,1779530170525,0
2026-05-23T09:56:10.5290060Z,1779530170529,2
2026-05-23T09:56:10.5615020Z,1779530170561,0
2026-05-23T09:56:10.6015310Z,1779530170601,1
2026-05-23T09:56:10.6330580Z,1779530170633,0
2026-05-23T09:56:10.6662150Z,1779530170666,1
2026-05-23T09:56:10.6983640Z,1779530170698,0
2026-05-23T09:56:10.7313650Z,1779530170731,1
2026-05-23T09:56:10.7997370Z,1779530170799,1
2026-05-23T09:56:10.8030750Z,1779530170803,1
2026-05-23T09:56:10.8373600Z,1779530170837,0
2026-05-23T09:56:10.8702320Z,1779530170870,1
2026-05-23T09:56:10.9036630Z,1779530170903,1
2026-05-23T09:56:10.9365970Z,1779530170936,1
2026-05-23T09:56:10.9691810Z,1779530170969,0
2026-05-23T09:56:11.0028160Z,1779530171002,1
2026-05-23T09:56:11.0433180Z,1779530171043,1
2026-05-23T09:56:11.1138790Z,1779530171113,1
2026-05-23T09:56:11.1176190Z,1779530171117,1
2026-05-23T09:56:11.1497340Z,1779530171149,0
2026-05-23T09:56:11.1825750Z,1779530171182,1
2026-05-23T09:56:11.2155460Z,1779530171215,1
2026-05-23T09:56:11.2480150Z,1779530171248,0
2026-05-23T09:56:11.2808830Z,1779530171280,1
2026-05-23T09:56:11.3136600Z,1779530171313,1
2026-05-23T09:56:11.3466060Z,1779530171346,1
2026-05-23T09:56:11.3789570Z,1779530171378,0
2026-05-23T09:56:11.4115050Z,1779530171411,1
2026-05-23T09:56:11.4445550Z,1779530171444,1
2026-05-23T09:56:11.4775600Z,1779530171477,0
2026-05-23T09:56:11.5107790Z,1779530171510,1
2026-05-23T09:56:11.5519530Z,1779530171551,0
2026-05-23T09:56:11.5831260Z,1779530171583,2
2026-05-23T09:56:11.6162040Z,1779530171616,0
2026-05-23T09:56:11.6487050Z,1779530171648,1
2026-05-23T09:56:11.6817730Z,1779530171681,0
2026-05-23T09:56:11.7141480Z,1779530171714,1
2026-05-23T09:56:11.7471040Z,1779530171747,1
2026-05-23T09:56:11.7795780Z,1779530171779,1
2026-05-23T09:56:11.8125780Z,1779530171812,0
2026-05-23T09:56:11.8809220Z,1779530171880,1
2026-05-23T09:56:11.8847940Z,1779530171884,2
2026-05-23T09:56:11.9181360Z,1779530171918,0
2026-05-23T09:56:11.9513200Z,1779530171951,0
2026-05-23T09:56:11.9846260Z,1779530171984,1
2026-05-23T09:56:12.0180180Z,1779530172018,1
2026-05-23T09:56:12.0585050Z,1779530172058,0
2026-05-23T09:56:12.0897320Z,1779530172089,1
2026-05-23T09:56:12.1305540Z,1779530172130,1
2026-05-23T09:56:12.1616830Z,1779530172161,1
2026-05-23T09:56:12.1941640Z,1779530172194,1
2026-05-23T09:56:12.2269950Z,1779530172226,0
2026-05-23T09:56:12.2593490Z,1779530172259,1
2026-05-23T09:56:12.2921370Z,1779530172292,1
2026-05-23T09:56:12.3248620Z,1779530172324,0
2026-05-23T09:56:12.3575630Z,1779530172357,1
2026-05-23T09:56:12.3906010Z,1779530172390,0
2026-05-23T09:56:12.4230170Z,1779530172423,1
2026-05-23T09:56:12.4555570Z,1779530172455,1
2026-05-23T09:56:12.4885420Z,1779530172488,1
2026-05-23T09:56:12.5215060Z,1779530172521,0
2026-05-23T09:56:12.5623400Z,1779530172562,1
2026-05-23T09:56:12.5935160Z,1779530172593,1
2026-05-23T09:56:12.6337730Z,1779530172633,1
2026-05-23T09:56:12.6656780Z,1779530172665,0
2026-05-23T09:56:12.6978140Z,1779530172697,1
2026-05-23T09:56:12.7302250Z,1779530172730,1
2026-05-23T09:56:12.7626320Z,1779530172762,1
2026-05-23T09:56:12.7956160Z,1779530172795,0
2026-05-23T09:56:12.8279790Z,1779530172827,1
2026-05-23T09:56:12.8604310Z,1779530172860,1
2026-05-23T09:56:12.8932190Z,1779530172893,1
2026-05-23T09:56:12.9621700Z,1779530172962,0
2026-05-23T09:56:12.9656700Z,1779530172965,2
2026-05-23T09:56:13.0026310Z,1779530173002,0
2026-05-23T09:56:13.0328570Z,1779530173032,1
2026-05-23T09:56:13.0737150Z,1779530173073,0
2026-05-23T09:56:13.1049030Z,1779530173104,1
2026-05-23T09:56:13.1457760Z,1779530173145,1
2026-05-23T09:56:13.1764280Z,1779530173176,1
2026-05-23T09:56:13.2091460Z,1779530173209,0
2026-05-23T09:56:13.2416150Z,1779530173241,1
2026-05-23T09:56:13.2740170Z,1779530173274,1
2026-05-23T09:56:13.3071990Z,1779530173307,0
2026-05-23T09:56:13.3396570Z,1779530173339,1
2026-05-23T09:56:13.3722460Z,1779530173372,0
2026-05-23T09:56:13.4050220Z,1779530173405,1
2026-05-23T09:56:13.4379720Z,1779530173437,1
2026-05-23T09:56:13.4700820Z,1779530173470,1
2026-05-23T09:56:13.5029490Z,1779530173502,0
2026-05-23T09:56:13.5360710Z,1779530173536,1
2026-05-23T09:56:13.5767590Z,1779530173576,1
2026-05-23T09:56:13.6079740Z,1779530173607,1
2026-05-23T09:56:13.6481540Z,1779530173648,0
2026-05-23T09:56:13.6793340Z,1779530173679,1
2026-05-23T09:56:13.7119470Z,1779530173711,1
2026-05-23T09:56:13.7443700Z,1779530173744,1
2026-05-23T09:56:13.7772850Z,1779530173777,0
2026-05-23T09:56:13.8099620Z,1779530173809,1
2026-05-23T09:56:13.8427180Z,1779530173842,1
2026-05-23T09:56:13.8755040Z,1779530173875,0
2026-05-23T09:56:13.9078590Z,1779530173907,1
2026-05-23T09:56:13.9407430Z,1779530173940,1
2026-05-23T09:56:13.9734170Z,1779530173973,0
2026-05-23T09:56:14.0470650Z,1779530174047,1
2026-05-23T09:56:14.0570060Z,1779530174057,1
2026-05-23T09:56:14.0944420Z,1779530174094,1
2026-05-23T09:56:14.1362710Z,1779530174136,1
2026-05-23T09:56:14.1717660Z,1779530174171,1
2026-05-23T09:56:14.2088450Z,1779530174208,0
2026-05-23T09:56:14.2441460Z,1779530174244,1
2026-05-23T09:56:14.2769990Z,1779530174276,1
2026-05-23T09:56:14.3092500Z,1779530174309,1
2026-05-23T09:56:14.3419060Z,1779530174341,0
2026-05-23T09:56:14.3745520Z,1779530174374,1
2026-05-23T09:56:14.4079290Z,1779530174407,1
2026-05-23T09:56:14.4400710Z,1779530174440,1
2026-05-23T09:56:14.4727140Z,1779530174472,0
2026-05-23T09:56:14.5055980Z,1779530174505,1
2026-05-23T09:56:14.5386150Z,1779530174538,1
2026-05-23T09:56:14.5713730Z,1779530174571,0
2026-05-23T09:56:14.6123320Z,1779530174612,1
2026-05-23T09:56:14.6434030Z,1779530174643,1
2026-05-23T09:56:14.6841590Z,1779530174684,0
2026-05-23T09:56:14.7157500Z,1779530174715,1
2026-05-23T09:56:14.7480140Z,1779530174748,1
2026-05-23T09:56:14.7806650Z,1779530174780,0
2026-05-23T09:56:14.8134930Z,1779530174813,1
2026-05-23T09:56:14.8466050Z,1779530174846,1
2026-05-23T09:56:14.8792610Z,1779530174879,1
2026-05-23T09:56:14.9116520Z,1779530174911,0
2026-05-23T09:56:14.9445300Z,1779530174944,1
2026-05-23T09:56:14.9774570Z,1779530174977,1
2026-05-23T09:56:15.0099890Z,1779530175009,1
2026-05-23T09:56:15.0431490Z,1779530175043,0
2026-05-23T09:56:15.0763870Z,1779530175076,1
2026-05-23T09:56:15.1585830Z,1779530175158,1
2026-05-23T09:56:15.1618090Z,1779530175161,1
2026-05-23T09:56:15.1954070Z,1779530175195,0
2026-05-23T09:56:15.2285820Z,1779530175228,1
2026-05-23T09:56:15.2615240Z,1779530175261,1
2026-05-23T09:56:15.2941010Z,1779530175294,1
2026-05-23T09:56:15.3266510Z,1779530175326,0
2026-05-23T09:56:15.3595150Z,1779530175359,1
2026-05-23T09:56:15.3922680Z,1779530175392,1
2026-05-23T09:56:15.4248600Z,1779530175424,1
2026-05-23T09:56:15.4578970Z,1779530175457,0
2026-05-23T09:56:15.4902700Z,1779530175490,1
2026-05-23T09:56:15.5231430Z,1779530175523,1
2026-05-23T09:56:15.5562540Z,1779530175556,0
2026-05-23T09:56:15.5885420Z,1779530175588,1
2026-05-23T09:56:15.6298420Z,1779530175629,0
2026-05-23T09:56:15.6617720Z,1779530175661,2
2026-05-23T09:56:15.7019230Z,1779530175701,0
2026-05-23T09:56:15.7332220Z,1779530175733,1
2026-05-23T09:56:15.7660720Z,1779530175766,1
2026-05-23T09:56:15.7987950Z,1779530175798,1
2026-05-23T09:56:15.8312710Z,1779530175831,0
2026-05-23T09:56:15.8644200Z,1779530175864,1
2026-05-23T09:56:15.8972290Z,1779530175897,0
2026-05-23T09:56:15.9293690Z,1779530175929,1
2026-05-23T09:56:15.9621390Z,1779530175962,1
2026-05-23T09:56:15.9961740Z,1779530175996,1
2026-05-23T09:56:16.0273330Z,1779530176027,0
2026-05-23T09:56:16.0598550Z,1779530176059,1
2026-05-23T09:56:16.0927580Z,1779530176092,1
2026-05-23T09:56:16.1376140Z,1779530176137,1
2026-05-23T09:56:16.1685190Z,1779530176168,0
2026-05-23T09:56:16.2450540Z,1779530176245,1
2026-05-23T09:56:16.2490580Z,1779530176249,2
2026-05-23T09:56:16.2824700Z,1779530176282,0
2026-05-23T09:56:16.3154920Z,1779530176315,0
2026-05-23T09:56:16.3484670Z,1779530176348,1
2026-05-23T09:56:16.3809420Z,1779530176380,1
2026-05-23T09:56:16.4135870Z,1779530176413,1
2026-05-23T09:56:16.4466240Z,1779530176446,0
2026-05-23T09:56:16.4792350Z,1779530176479,1
2026-05-23T09:56:16.5116400Z,1779530176511,1
2026-05-23T09:56:16.5443290Z,1779530176544,0
2026-05-23T09:56:16.5776200Z,1779530176577,1
2026-05-23T09:56:16.6494820Z,1779530176649,1
2026-05-23T09:56:16.6530510Z,1779530176653,1
2026-05-23T09:56:16.6853890Z,1779530176685,1
2026-05-23T09:56:16.7578010Z,1779530176757,0
2026-05-23T09:56:16.7610790Z,1779530176761,2
2026-05-23T09:56:16.7930610Z,1779530176793,0
2026-05-23T09:56:16.8260480Z,1779530176826,0
2026-05-23T09:56:16.8587240Z,1779530176858,1
2026-05-23T09:56:16.8913570Z,1779530176891,0
2026-05-23T09:56:16.9244250Z,1779530176924,1
2026-05-23T09:56:16.9573240Z,1779530176957,1
2026-05-23T09:56:16.9893440Z,1779530176989,1
2026-05-23T09:56:17.0219700Z,1779530177021,0
2026-05-23T09:56:17.0546930Z,1779530177054,1
2026-05-23T09:56:17.0879300Z,1779530177087,1
2026-05-23T09:56:17.1202850Z,1779530177120,1
2026-05-23T09:56:17.1614170Z,1779530177161,0
2026-05-23T09:56:17.2314410Z,1779530177231,1
2026-05-23T09:56:17.2355110Z,1779530177235,2
2026-05-23T09:56:17.2675020Z,1779530177267,0
2026-05-23T09:56:17.3001050Z,1779530177300,0
2026-05-23T09:56:17.3694640Z,1779530177369,1
2026-05-23T09:56:17.3726450Z,1779530177372,2
2026-05-23T09:56:17.4067820Z,1779530177406,0
2026-05-23T09:56:17.4394510Z,1779530177439,0
2026-05-23T09:56:17.4725740Z,1779530177472,1
2026-05-23T09:56:17.5052310Z,1779530177505,1
2026-05-23T09:56:17.5379350Z,1779530177537,1
2026-05-23T09:56:17.5704840Z,1779530177570,0
2026-05-23T09:56:17.6034800Z,1779530177603,1
2026-05-23T09:56:17.6365220Z,1779530177636,1
2026-05-23T09:56:17.6765630Z,1779530177676,0
2026-05-23T09:56:17.7077350Z,1779530177707,1
2026-05-23T09:56:17.7476510Z,1779530177747,1
2026-05-23T09:56:17.7790570Z,1779530177779,1
2026-05-23T09:56:17.8117540Z,1779530177811,0
2026-05-23T09:56:17.8441910Z,1779530177844,1
2026-05-23T09:56:17.8773800Z,1779530177877,0
2026-05-23T09:56:17.9107080Z,1779530177910,1
2026-05-23T09:56:17.9425710Z,1779530177942,1
2026-05-23T09:56:17.9754850Z,1779530177975,1
2026-05-23T09:56:18.0080590Z,1779530178008,0
2026-05-23T09:56:18.0407230Z,1779530178040,1
2026-05-23T09:56:18.0732940Z,1779530178073,1
2026-05-23T09:56:18.1064100Z,1779530178106,0
2026-05-23T09:56:18.1389620Z,1779530178138,1
2026-05-23T09:56:18.2118070Z,1779530178211,1
2026-05-23T09:56:18.2156920Z,1779530178215,1
2026-05-23T09:56:18.2485240Z,1779530178248,0
2026-05-23T09:56:18.2890330Z,1779530178289,1
2026-05-23T09:56:18.3198560Z,1779530178319,1
2026-05-23T09:56:18.3525750Z,1779530178352,1
2026-05-23T09:56:18.4212260Z,1779530178421,0
2026-05-23T09:56:18.4242690Z,1779530178424,2
2026-05-23T09:56:18.4581310Z,1779530178458,0
2026-05-23T09:56:18.4910950Z,1779530178491,1
2026-05-23T09:56:18.5240550Z,1779530178524,0
2026-05-23T09:56:18.5570080Z,1779530178557,1
2026-05-23T09:56:18.5891490Z,1779530178589,0
2026-05-23T09:56:18.6221510Z,1779530178622,1
2026-05-23T09:56:18.6927500Z,1779530178692,1
2026-05-23T09:56:18.6964470Z,1779530178696,1
2026-05-23T09:56:18.7289170Z,1779530178728,0
2026-05-23T09:56:18.7691370Z,1779530178769,1
2026-05-23T09:56:18.8002170Z,1779530178800,1
2026-05-23T09:56:18.8331150Z,1779530178833,1
2026-05-23T09:56:18.8661730Z,1779530178866,0
2026-05-23T09:56:18.8984760Z,1779530178898,1
2026-05-23T09:56:18.9311060Z,1779530178931,1
2026-05-23T09:56:18.9641850Z,1779530178964,1
2026-05-23T09:56:18.9966610Z,1779530178996,0
2026-05-23T09:56:19.0292920Z,1779530179029,1
2026-05-23T09:56:19.0618840Z,1779530179061,1
2026-05-23T09:56:19.0947900Z,1779530179094,0
2026-05-23T09:56:19.1274830Z,1779530179127,1
2026-05-23T09:56:19.1604440Z,1779530179160,1
2026-05-23T09:56:19.1938660Z,1779530179193,0
2026-05-23T09:56:19.2344930Z,1779530179234,1
2026-05-23T09:56:19.3050050Z,1779530179305,1
2026-05-23T09:56:19.3086920Z,1779530179308,1
2026-05-23T09:56:19.3409350Z,1779530179340,1
2026-05-23T09:56:19.3734900Z,1779530179373,0
2026-05-23T09:56:19.4065980Z,1779530179406,1
2026-05-23T09:56:19.4391180Z,1779530179439,0
2026-05-23T09:56:19.5085390Z,1779530179508,1
2026-05-23T09:56:19.5117950Z,1779530179511,2
2026-05-23T09:56:19.5454460Z,1779530179545,0
2026-05-23T09:56:19.5783010Z,1779530179578,0
2026-05-23T09:56:19.6113930Z,1779530179611,1
2026-05-23T09:56:19.6440710Z,1779530179644,1
2026-05-23T09:56:19.6773330Z,1779530179677,1
2026-05-23T09:56:19.7178590Z,1779530179717,0
2026-05-23T09:56:19.7498160Z,1779530179749,1
2026-05-23T09:56:19.7900520Z,1779530179790,1
2026-05-23T09:56:19.8215630Z,1779530179821,1
2026-05-23T09:56:19.8543180Z,1779530179854,0
2026-05-23T09:56:19.8875890Z,1779530179887,1
2026-05-23T09:56:19.9195040Z,1779530179919,1
2026-05-23T09:56:19.9525190Z,1779530179952,1
2026-05-23T09:56:19.9848810Z,1779530179984,0
2026-05-23T09:56:20.0181920Z,1779530180018,1
2026-05-23T09:56:20.0505520Z,1779530180050,1
2026-05-23T09:56:20.0833370Z,1779530180083,0
2026-05-23T09:56:20.1160880Z,1779530180116,1
2026-05-23T09:56:20.1485140Z,1779530180148,0
2026-05-23T09:56:20.1815730Z,1779530180181,1
2026-05-23T09:56:20.2542550Z,1779530180254,1
2026-05-23T09:56:20.2586120Z,1779530180258,1
2026-05-23T09:56:20.2907680Z,1779530180290,0
2026-05-23T09:56:20.3316800Z,1779530180331,1
2026-05-23T09:56:20.3630710Z,1779530180363,1
2026-05-23T09:56:20.3963080Z,1779530180396,1
2026-05-23T09:56:20.4278980Z,1779530180427,0
2026-05-23T09:56:20.4607800Z,1779530180460,1
2026-05-23T09:56:20.4935000Z,1779530180493,1
2026-05-23T09:56:20.5263080Z,1779530180526,1
2026-05-23T09:56:20.5586180Z,1779530180558,0
2026-05-23T09:56:20.5915920Z,1779530180591,1
2026-05-23T09:56:20.6240440Z,1779530180624,1
2026-05-23T09:56:20.6568800Z,1779530180656,0
2026-05-23T09:56:20.6897050Z,1779530180689,1
2026-05-23T09:56:20.7617700Z,1779530180761,1
2026-05-23T09:56:20.8067800Z,1779530180806,1
2026-05-23T09:56:20.8102500Z,1779530180810,1
2026-05-23T09:56:20.8438640Z,1779530180843,0
2026-05-23T09:56:20.8772690Z,1779530180877,1
2026-05-23T09:56:20.9097750Z,1779530180909,1
2026-05-23T09:56:20.9424530Z,1779530180942,0
2026-05-23T09:56:20.9758120Z,1779530180975,1
2026-05-23T09:56:21.0081230Z,1779530181008,1
2026-05-23T09:56:21.0405830Z,1779530181040,0
2026-05-23T09:56:21.0734040Z,1779530181073,1
2026-05-23T09:56:21.1062710Z,1779530181106,1
2026-05-23T09:56:21.1385710Z,1779530181138,0
2026-05-23T09:56:21.1712640Z,1779530181171,1
2026-05-23T09:56:21.2044420Z,1779530181204,1
2026-05-23T09:56:21.2764890Z,1779530181276,1
2026-05-23T09:56:21.2798750Z,1779530181279,1
2026-05-23T09:56:21.3120570Z,1779530181312,0
2026-05-23T09:56:21.3527040Z,1779530181352,1
2026-05-23T09:56:21.3836060Z,1779530181383,1
2026-05-23T09:56:21.4166170Z,1779530181416,0
2026-05-23T09:56:21.4488600Z,1779530181448,1
2026-05-23T09:56:21.4817220Z,1779530181481,1
2026-05-23T09:56:21.5144150Z,1779530181514,0
2026-05-23T09:56:21.5477130Z,1779530181547,1
2026-05-23T09:56:21.5799960Z,1779530181579,0
2026-05-23T09:56:21.6126080Z,1779530181612,1
2026-05-23T09:56:21.6447190Z,1779530181644,1
2026-05-23T09:56:21.7145890Z,1779530181714,1
2026-05-23T09:56:21.7183450Z,1779530181718,1
2026-05-23T09:56:21.7509970Z,1779530181750,0
2026-05-23T09:56:21.7912570Z,1779530181791,1
2026-05-23T09:56:21.8625630Z,1779530181862,1
2026-05-23T09:56:21.8662310Z,1779530181866,1
2026-05-23T09:56:21.8980530Z,1779530181898,0
2026-05-23T09:56:21.9314710Z,1779530181931,1
2026-05-23T09:56:21.9642500Z,1779530181964,1
2026-05-23T09:56:21.9969770Z,1779530181996,0
2026-05-23T09:56:22.0294180Z,1779530182029,1
2026-05-23T09:56:22.0618810Z,1779530182061,1
2026-05-23T09:56:22.0944050Z,1779530182094,1
2026-05-23T09:56:22.1270810Z,1779530182127,0
2026-05-23T09:56:22.1595950Z,1779530182159,1
2026-05-23T09:56:22.1924940Z,1779530182192,1
2026-05-23T09:56:22.2248560Z,1779530182224,0
2026-05-23T09:56:22.2585050Z,1779530182258,1
2026-05-23T09:56:22.2993240Z,1779530182299,0
2026-05-23T09:56:22.3312440Z,1779530182331,2
2026-05-23T09:56:22.3712770Z,1779530182371,0
2026-05-23T09:56:22.4022980Z,1779530182402,1
2026-05-23T09:56:22.4353390Z,1779530182435,1
2026-05-23T09:56:22.4677090Z,1779530182467,1
2026-05-23T09:56:22.5004580Z,1779530182500,0
2026-05-23T09:56:22.5338600Z,1779530182533,1
2026-05-23T09:56:22.5657980Z,1779530182565,0
2026-05-23T09:56:22.5982950Z,1779530182598,1
2026-05-23T09:56:22.6309960Z,1779530182630,1
2026-05-23T09:56:22.6642920Z,1779530182664,1
2026-05-23T09:56:22.6965740Z,1779530182696,0
2026-05-23T09:56:22.7291940Z,1779530182729,1
2026-05-23T09:56:22.8071570Z,1779530182807,1
2026-05-23T09:56:22.8111190Z,1779530182811,1
2026-05-23T09:56:22.8444220Z,1779530182844,0
2026-05-23T09:56:22.8841580Z,1779530182884,1
2026-05-23T09:56:22.9167520Z,1779530182916,1
2026-05-23T09:56:22.9497640Z,1779530182949,1
2026-05-23T09:56:22.9829750Z,1779530182982,0
2026-05-23T09:56:23.0159530Z,1779530183015,1
2026-05-23T09:56:23.0484700Z,1779530183048,1
2026-05-23T09:56:23.0809770Z,1779530183080,1
2026-05-23T09:56:23.1135660Z,1779530183113,0
2026-05-23T09:56:23.1466230Z,1779530183146,1
2026-05-23T09:56:23.1790790Z,1779530183179,1
2026-05-23T09:56:23.2115240Z,1779530183211,1
2026-05-23T09:56:23.2444410Z,1779530183244,0
2026-05-23T09:56:23.2780820Z,1779530183278,1
2026-05-23T09:56:23.3184140Z,1779530183318,1
2026-05-23T09:56:23.3496000Z,1779530183349,1
2026-05-23T09:56:23.3901020Z,1779530183390,0
2026-05-23T09:56:23.4217730Z,1779530183421,1
2026-05-23T09:56:23.4543160Z,1779530183454,1
2026-05-23T09:56:23.4883860Z,1779530183488,1
2026-05-23T09:56:23.5305150Z,1779530183530,0
2026-05-23T09:56:23.5612410Z,1779530183561,1
2026-05-23T09:56:23.5938300Z,1779530183593,1
2026-05-23T09:56:23.6267880Z,1779530183626,0
2026-05-23T09:56:23.6595310Z,1779530183659,1
2026-05-23T09:56:23.6922440Z,1779530183692,1
2026-05-23T09:56:23.7252300Z,1779530183725,0
2026-05-23T09:56:23.7581450Z,1779530183758,1
2026-05-23T09:56:23.8298010Z,1779530183829,1
2026-05-23T09:56:23.8741270Z,1779530183874,1
2026-05-23T09:56:23.8780860Z,1779530183878,1
2026-05-23T09:56:23.9112330Z,1779530183911,0
2026-05-23T09:56:23.9444460Z,1779530183944,1
2026-05-23T09:56:23.9776040Z,1779530183977,0
2026-05-23T09:56:24.0102880Z,1779530184010,1
2026-05-23T09:56:24.0436250Z,1779530184043,1
2026-05-23T09:56:24.0803700Z,1779530184080,1
2026-05-23T09:56:24.1172700Z,1779530184117,0
2026-05-23T09:56:24.1536050Z,1779530184153,1
2026-05-23T09:56:24.1902410Z,1779530184190,1
2026-05-23T09:56:24.2267270Z,1779530184226,1
2026-05-23T09:56:24.2656280Z,1779530184265,0
2026-05-23T09:56:24.2991320Z,1779530184299,1
2026-05-23T09:56:24.3395530Z,1779530184339,1
2026-05-23T09:56:24.3707720Z,1779530184370,1
2026-05-23T09:56:24.4035560Z,1779530184403,0
2026-05-23T09:56:24.4365110Z,1779530184436,1
2026-05-23T09:56:24.4687980Z,1779530184468,1
2026-05-23T09:56:24.5017050Z,1779530184501,1
2026-05-23T09:56:24.5341320Z,1779530184534,0
2026-05-23T09:56:24.5672490Z,1779530184567,1
2026-05-23T09:56:24.5994590Z,1779530184599,1
2026-05-23T09:56:24.6323400Z,1779530184632,1
2026-05-23T09:56:24.6648290Z,1779530184664,0
2026-05-23T09:56:24.6977280Z,1779530184697,1
2026-05-23T09:56:24.7302600Z,1779530184730,1
2026-05-23T09:56:24.7626460Z,1779530184762,0
2026-05-23T09:56:24.7960630Z,1779530184796,1
2026-05-23T09:56:24.8292760Z,1779530184829,0
2026-05-23T09:56:24.8701190Z,1779530184870,1
2026-05-23T09:56:24.9021650Z,1779530184902,1
2026-05-23T09:56:24.9772570Z,1779530184977,1
2026-05-23T09:56:24.9809980Z,1779530184980,2
2026-05-23T09:56:25.0140940Z,1779530185014,0
2026-05-23T09:56:25.0476260Z,1779530185047,0
2026-05-23T09:56:25.0807910Z,1779530185080,1
2026-05-23T09:56:25.1132820Z,1779530185113,1
2026-05-23T09:56:25.1462460Z,1779530185146,0
2026-05-23T09:56:25.1788590Z,1779530185178,1
2026-05-23T09:56:25.2112390Z,1779530185211,1
2026-05-23T09:56:25.2441200Z,1779530185244,0
2026-05-23T09:56:25.2768310Z,1779530185276,1
2026-05-23T09:56:25.3094500Z,1779530185309,1
2026-05-23T09:56:25.3814680Z,1779530185381,1
2026-05-23T09:56:25.3853640Z,1779530185385,1
2026-05-23T09:56:25.4175950Z,1779530185417,0
2026-05-23T09:56:25.4579710Z,1779530185457,1
2026-05-23T09:56:25.4890750Z,1779530185489,1
2026-05-23T09:56:25.5216350Z,1779530185521,0
2026-05-23T09:56:25.5543680Z,1779530185554,1
2026-05-23T09:56:25.5873230Z,1779530185587,1
2026-05-23T09:56:25.6195040Z,1779530185619,1
2026-05-23T09:56:25.6523070Z,1779530185652,0
2026-05-23T09:56:25.6848390Z,1779530185684,1
2026-05-23T09:56:25.7180010Z,1779530185718,1
2026-05-23T09:56:25.7501700Z,1779530185750,0
2026-05-23T09:56:25.7828730Z,1779530185782,1
2026-05-23T09:56:25.8159820Z,1779530185815,0
2026-05-23T09:56:25.8872700Z,1779530185887,1
2026-05-23T09:56:25.8914810Z,1779530185891,2
2026-05-23T09:56:25.9247610Z,1779530185924,0
2026-05-23T09:56:25.9651490Z,1779530185965,1
2026-05-23T09:56:25.9964100Z,1779530185996,1
2026-05-23T09:56:26.0288360Z,1779530186028,0
2026-05-23T09:56:26.0983860Z,1779530186098,1
2026-05-23T09:56:26.1019200Z,1779530186101,1
2026-05-23T09:56:26.1355790Z,1779530186135,0
2026-05-23T09:56:26.1685350Z,1779530186168,1
2026-05-23T09:56:26.2017630Z,1779530186201,1
2026-05-23T09:56:26.2342860Z,1779530186234,0
2026-05-23T09:56:26.2670450Z,1779530186267,1
2026-05-23T09:56:26.2992120Z,1779530186299,1
2026-05-23T09:56:26.3715070Z,1779530186371,1
2026-05-23T09:56:26.3762190Z,1779530186376,1
2026-05-23T09:56:26.4081760Z,1779530186408,0
2026-05-23T09:56:26.4490230Z,1779530186449,1
2026-05-23T09:56:26.4800380Z,1779530186480,1
2026-05-23T09:56:26.5128950Z,1779530186512,0
2026-05-23T09:56:26.5456000Z,1779530186545,1
2026-05-23T09:56:26.5781450Z,1779530186578,1
2026-05-23T09:56:26.6105610Z,1779530186610,1
2026-05-23T09:56:26.6430620Z,1779530186643,0
2026-05-23T09:56:26.6762680Z,1779530186676,1
2026-05-23T09:56:26.7086840Z,1779530186708,1
2026-05-23T09:56:26.7412910Z,1779530186741,1
2026-05-23T09:56:26.7740280Z,1779530186774,0
2026-05-23T09:56:26.8067890Z,1779530186806,1
2026-05-23T09:56:26.8401640Z,1779530186840,0
2026-05-23T09:56:26.8733560Z,1779530186873,1
2026-05-23T09:56:26.9141090Z,1779530186914,1
2026-05-23T09:56:26.9846010Z,1779530186984,1
2026-05-23T09:56:26.9888160Z,1779530186988,1
2026-05-23T09:56:27.0207280Z,1779530187020,0
2026-05-23T09:56:27.0536220Z,1779530187053,1
2026-05-23T09:56:27.0863770Z,1779530187086,0
2026-05-23T09:56:27.1187500Z,1779530187118,1
2026-05-23T09:56:27.1874680Z,1779530187187,1
2026-05-23T09:56:27.1904690Z,1779530187190,1
2026-05-23T09:56:27.2239390Z,1779530187223,0
2026-05-23T09:56:27.2572940Z,1779530187257,1
2026-05-23T09:56:27.2905010Z,1779530187290,1
2026-05-23T09:56:27.3228410Z,1779530187322,1
2026-05-23T09:56:27.3562270Z,1779530187356,0
2026-05-23T09:56:27.3889150Z,1779530187388,1
2026-05-23T09:56:27.4298360Z,1779530187429,1
2026-05-23T09:56:27.4613490Z,1779530187461,1
2026-05-23T09:56:27.5015260Z,1779530187501,0
2026-05-23T09:56:27.5332260Z,1779530187533,1
2026-05-23T09:56:27.5658410Z,1779530187565,1
2026-05-23T09:56:27.5985120Z,1779530187598,1
2026-05-23T09:56:27.6310920Z,1779530187631,0
2026-05-23T09:56:27.6641310Z,1779530187664,1
2026-05-23T09:56:27.6968700Z,1779530187696,1
2026-05-23T09:56:27.7293180Z,1779530187729,0
2026-05-23T09:56:27.7621390Z,1779530187762,1
2026-05-23T09:56:27.7951980Z,1779530187795,0
2026-05-23T09:56:27.8279290Z,1779530187827,1
2026-05-23T09:56:27.8608340Z,1779530187860,1
2026-05-23T09:56:27.8939530Z,1779530187893,1
2026-05-23T09:56:27.9345880Z,1779530187934,0
2026-05-23T09:56:27.9663970Z,1779530187966,1
2026-05-23T09:56:28.0076740Z,1779530188007,1
2026-05-23T09:56:28.0387730Z,1779530188038,1
2026-05-23T09:56:28.0710600Z,1779530188071,0
2026-05-23T09:56:28.1039110Z,1779530188103,1
2026-05-23T09:56:28.1365110Z,1779530188136,1
2026-05-23T09:56:28.1689860Z,1779530188168,1
2026-05-23T09:56:28.2385690Z,1779530188238,0
2026-05-23T09:56:28.2415580Z,1779530188241,2
2026-05-23T09:56:28.2756070Z,1779530188275,0
2026-05-23T09:56:28.3083250Z,1779530188308,1
2026-05-23T09:56:28.3415630Z,1779530188341,0
2026-05-23T09:56:28.3746660Z,1779530188374,1
2026-05-23T09:56:28.4474910Z,1779530188447,1
2026-05-23T09:56:28.4509210Z,1779530188450,1
2026-05-23T09:56:28.4841660Z,1779530188484,0
2026-05-23T09:56:28.5244000Z,1779530188524,1
2026-05-23T09:56:28.5559940Z,1779530188555,1
2026-05-23T09:56:28.5883240Z,1779530188588,1
2026-05-23T09:56:28.6211200Z,1779530188621,0
2026-05-23T09:56:28.6538900Z,1779530188653,1
2026-05-23T09:56:28.6869390Z,1779530188686,1
2026-05-23T09:56:28.7193760Z,1779530188719,0
2026-05-23T09:56:28.7522380Z,1779530188752,1
2026-05-23T09:56:28.7851370Z,1779530188785,0
2026-05-23T09:56:28.8175970Z,1779530188817,1
2026-05-23T09:56:28.8501970Z,1779530188850,1
2026-05-23T09:56:28.8834540Z,1779530188883,1
2026-05-23T09:56:28.9258740Z,1779530188925,0
2026-05-23T09:56:28.9569090Z,1779530188956,1
2026-05-23T09:56:28.9895990Z,1779530188989,1
2026-05-23T09:56:29.0231780Z,1779530189023,1
2026-05-23T09:56:29.0640130Z,1779530189064,0
2026-05-23T09:56:29.0952870Z,1779530189095,1
2026-05-23T09:56:29.1276990Z,1779530189127,1
2026-05-23T09:56:29.1602390Z,1779530189160,1
2026-05-23T09:56:29.1927900Z,1779530189192,0
2026-05-23T09:56:29.2257310Z,1779530189225,1
2026-05-23T09:56:29.2943230Z,1779530189294,1
2026-05-23T09:56:29.2982500Z,1779530189298,1
2026-05-23T09:56:29.3314780Z,1779530189331,0
2026-05-23T09:56:29.3650020Z,1779530189365,1
2026-05-23T09:56:29.3983970Z,1779530189398,1
2026-05-23T09:56:29.4315280Z,1779530189431,0
2026-05-23T09:56:29.4715800Z,1779530189471,1
2026-05-23T09:56:29.5416910Z,1779530189541,1
2026-05-23T09:56:29.5453650Z,1779530189545,1
2026-05-23T09:56:29.5769170Z,1779530189576,1
2026-05-23T09:56:29.6096850Z,1779530189609,0
2026-05-23T09:56:29.6423260Z,1779530189642,1
2026-05-23T09:56:29.6749600Z,1779530189674,1
2026-05-23T09:56:29.7076300Z,1779530189707,0
2026-05-23T09:56:29.7402110Z,1779530189740,1
2026-05-23T09:56:29.7728320Z,1779530189772,0
2026-05-23T09:56:29.8057430Z,1779530189805,1
2026-05-23T09:56:29.8380460Z,1779530189838,1
2026-05-23T09:56:29.8708410Z,1779530189870,1
2026-05-23T09:56:29.9038340Z,1779530189903,0
2026-05-23T09:56:29.9372750Z,1779530189937,1
2026-05-23T09:56:29.9773570Z,1779530189977,1
2026-05-23T09:56:30.0091040Z,1779530190009,1
2026-05-23T09:56:30.0491480Z,1779530190049,0
2026-05-23T09:56:30.0806760Z,1779530190080,1
2026-05-23T09:56:30.1132090Z,1779530190113,1
2026-05-23T09:56:30.1461860Z,1779530190146,1
2026-05-23T09:56:30.1784960Z,1779530190178,0
2026-05-23T09:56:30.2112430Z,1779530190211,1
2026-05-23T09:56:30.2434770Z,1779530190243,1
2026-05-23T09:56:30.2761870Z,1779530190276,0
2026-05-23T09:56:30.3087540Z,1779530190308,1
2026-05-23T09:56:30.3775390Z,1779530190377,1
2026-05-23T09:56:30.3805980Z,1779530190380,1
2026-05-23T09:56:30.4142010Z,1779530190414,0
2026-05-23T09:56:30.4482510Z,1779530190448,1
2026-05-23T09:56:30.4891480Z,1779530190489,0
2026-05-23T09:56:30.5213060Z,1779530190521,2
2026-05-23T09:56:30.5616910Z,1779530190561,0
2026-05-23T09:56:30.5925740Z,1779530190592,1
2026-05-23T09:56:30.6254420Z,1779530190625,0
2026-05-23T09:56:30.6581100Z,1779530190658,1
2026-05-23T09:56:30.6908670Z,1779530190690,1
2026-05-23T09:56:30.7235320Z,1779530190723,1
2026-05-23T09:56:30.7562580Z,1779530190756,0
2026-05-23T09:56:30.7887810Z,1779530190788,1
2026-05-23T09:56:30.8214590Z,1779530190821,1
2026-05-23T09:56:30.8541830Z,1779530190854,1
2026-05-23T09:56:30.8873310Z,1779530190887,0
2026-05-23T09:56:30.9198060Z,1779530190919,1
2026-05-23T09:56:30.9530400Z,1779530190953,1
2026-05-23T09:56:30.9941030Z,1779530190994,0
2026-05-23T09:56:31.0260170Z,1779530191026,1
2026-05-23T09:56:31.0658090Z,1779530191065,1
2026-05-23T09:56:31.0972040Z,1779530191097,1
2026-05-23T09:56:31.1296450Z,1779530191129,1
2026-05-23T09:56:31.1625470Z,1779530191162,0
2026-05-23T09:56:31.1953980Z,1779530191195,1
2026-05-23T09:56:31.2278520Z,1779530191227,1
2026-05-23T09:56:31.2604300Z,1779530191260,0
2026-05-23T09:56:31.2930330Z,1779530191293,1
2026-05-23T09:56:31.3253480Z,1779530191325,0
2026-05-23T09:56:31.3578350Z,1779530191357,1
2026-05-23T09:56:31.3904500Z,1779530191390,1
2026-05-23T09:56:31.4670510Z,1779530191467,1
2026-05-23T09:56:31.4710690Z,1779530191471,1
2026-05-23T09:56:31.5044020Z,1779530191504,0
2026-05-23T09:56:31.5453300Z,1779530191545,1
2026-05-23T09:56:31.5776980Z,1779530191577,1
2026-05-23T09:56:31.6105750Z,1779530191610,0
2026-05-23T09:56:31.6436360Z,1779530191643,1
2026-05-23T09:56:31.6769130Z,1779530191676,1
2026-05-23T09:56:31.7095300Z,1779530191709,1
2026-05-23T09:56:31.7421600Z,1779530191742,0
2026-05-23T09:56:31.7748660Z,1779530191774,1
2026-05-23T09:56:31.8077910Z,1779530191807,1
2026-05-23T09:56:31.8406290Z,1779530191840,1
2026-05-23T09:56:31.8732100Z,1779530191873,0
2026-05-23T09:56:31.9060790Z,1779530191906,1
2026-05-23T09:56:31.9388570Z,1779530191938,1
2026-05-23T09:56:32.0114350Z,1779530192011,0
2026-05-23T09:56:32.0151930Z,1779530192015,1
2026-05-23T09:56:32.0481030Z,1779530192048,1
2026-05-23T09:56:32.0886600Z,1779530192088,1
2026-05-23T09:56:32.1202010Z,1779530192120,1
2026-05-23T09:56:32.1526240Z,1779530192152,0
2026-05-23T09:56:32.1856860Z,1779530192185,1
2026-05-23T09:56:32.2181400Z,1779530192218,1
2026-05-23T09:56:32.2507310Z,1779530192250,0
2026-05-23T09:56:32.2835080Z,1779530192283,1
2026-05-23T09:56:32.3160910Z,1779530192316,0
2026-05-23T09:56:32.3488150Z,1779530192348,1
2026-05-23T09:56:32.3814020Z,1779530192381,1
2026-05-23T09:56:32.4140510Z,1779530192414,1
2026-05-23T09:56:32.4471080Z,1779530192447,0
2026-05-23T09:56:32.5196180Z,1779530192519,1
2026-05-23T09:56:32.5645680Z,1779530192564,2
2026-05-23T09:56:32.5682350Z,1779530192568,0
2026-05-23T09:56:32.6018640Z,1779530192601,0
2026-05-23T09:56:32.6354780Z,1779530192635,1
2026-05-23T09:56:32.6679190Z,1779530192667,1
2026-05-23T09:56:32.7008060Z,1779530192700,1
2026-05-23T09:56:32.7333680Z,1779530192733,0
2026-05-23T09:56:32.7663520Z,1779530192766,1
2026-05-23T09:56:32.7987630Z,1779530192798,1
2026-05-23T09:56:32.8315120Z,1779530192831,1
2026-05-23T09:56:32.8642780Z,1779530192864,0
2026-05-23T09:56:32.8969670Z,1779530192896,1
2026-05-23T09:56:32.9296850Z,1779530192929,1
2026-05-23T09:56:32.9623330Z,1779530192962,0
2026-05-23T09:56:33.0347590Z,1779530193034,1
2026-05-23T09:56:33.0383730Z,1779530193038,2
2026-05-23T09:56:33.0708660Z,1779530193070,0
2026-05-23T09:56:33.1422730Z,1779530193142,0
2026-05-23T09:56:33.1456890Z,1779530193145,2
2026-05-23T09:56:33.1773350Z,1779530193177,0
2026-05-23T09:56:33.2100070Z,1779530193210,1
2026-05-23T09:56:33.2425490Z,1779530193242,0
2026-05-23T09:56:33.2755960Z,1779530193275,1
2026-05-23T09:56:33.3079630Z,1779530193307,0
2026-05-23T09:56:33.3406760Z,1779530193340,1
2026-05-23T09:56:33.3732640Z,1779530193373,1
2026-05-23T09:56:33.4061210Z,1779530193406,1
2026-05-23T09:56:33.4386450Z,1779530193438,0
2026-05-23T09:56:33.4713840Z,1779530193471,1
2026-05-23T09:56:33.5045170Z,1779530193504,1
2026-05-23T09:56:33.5450590Z,1779530193545,1
2026-05-23T09:56:33.5767370Z,1779530193576,0
2026-05-23T09:56:33.6099510Z,1779530193609,1
2026-05-23T09:56:33.6843160Z,1779530193684,1
2026-05-23T09:56:33.6875500Z,1779530193687,1
2026-05-23T09:56:33.7210110Z,1779530193721,0
2026-05-23T09:56:33.7543350Z,1779530193754,1
2026-05-23T09:56:33.7877750Z,1779530193787,1
2026-05-23T09:56:33.8200990Z,1779530193820,1
2026-05-23T09:56:33.8528530Z,1779530193852,0
2026-05-23T09:56:33.8856640Z,1779530193885,1
2026-05-23T09:56:33.9178920Z,1779530193917,1
2026-05-23T09:56:33.9506570Z,1779530193950,0
2026-05-23T09:56:33.9833850Z,1779530193983,1
2026-05-23T09:56:34.0589460Z,1779530194058,0
2026-05-23T09:56:34.0627680Z,1779530194062,2
2026-05-23T09:56:34.0986320Z,1779530194098,1
2026-05-23T09:56:34.1394770Z,1779530194139,0
2026-05-23T09:56:34.1738600Z,1779530194173,1
2026-05-23T09:56:34.2101910Z,1779530194210,1
2026-05-23T09:56:34.2458330Z,1779530194245,1
2026-05-23T09:56:34.2782110Z,1779530194278,0
2026-05-23T09:56:34.3106680Z,1779530194310,1
2026-05-23T09:56:34.3431790Z,1779530194343,1
2026-05-23T09:56:34.3762250Z,1779530194376,1
2026-05-23T09:56:34.4082520Z,1779530194408,0
2026-05-23T09:56:34.4407710Z,1779530194440,1
2026-05-23T09:56:34.4737420Z,1779530194473,1
2026-05-23T09:56:34.5454390Z,1779530194545,0
2026-05-23T09:56:34.5513290Z,1779530194551,2
2026-05-23T09:56:34.5830500Z,1779530194583,0
2026-05-23T09:56:34.6236060Z,1779530194623,1
2026-05-23T09:56:34.6557120Z,1779530194655,1
2026-05-23T09:56:34.6956480Z,1779530194695,0
2026-05-23T09:56:34.7268900Z,1779530194726,1
2026-05-23T09:56:34.7595000Z,1779530194759,0
2026-05-23T09:56:34.8289190Z,1779530194828,1
2026-05-23T09:56:34.8323200Z,1779530194832,1
2026-05-23T09:56:34.8663410Z,1779530194866,0
2026-05-23T09:56:34.8990880Z,1779530194899,1
2026-05-23T09:56:34.9325000Z,1779530194932,1
2026-05-23T09:56:34.9649880Z,1779530194964,1
2026-05-23T09:56:34.9976840Z,1779530194997,0
2026-05-23T09:56:35.0303410Z,1779530195030,1
2026-05-23T09:56:35.1019320Z,1779530195101,1
2026-05-23T09:56:35.1059050Z,1779530195105,1
2026-05-23T09:56:35.1387560Z,1779530195138,0
2026-05-23T09:56:35.1793910Z,1779530195179,1
2026-05-23T09:56:35.2106250Z,1779530195210,1
2026-05-23T09:56:35.2432150Z,1779530195243,1
2026-05-23T09:56:35.2762130Z,1779530195276,0
2026-05-23T09:56:35.3084490Z,1779530195308,1
2026-05-23T09:56:35.3411150Z,1779530195341,1
2026-05-23T09:56:35.3739510Z,1779530195373,1
2026-05-23T09:56:35.4065230Z,1779530195406,0
2026-05-23T09:56:35.4390290Z,1779530195439,1
2026-05-23T09:56:35.4717420Z,1779530195471,1
2026-05-23T09:56:35.5043710Z,1779530195504,0
2026-05-23T09:56:35.5376280Z,1779530195537,1
2026-05-23T09:56:35.6095600Z,1779530195609,1
2026-05-23T09:56:35.6134890Z,1779530195613,1
2026-05-23T09:56:35.6467450Z,1779530195646,0
2026-05-23T09:56:35.6862490Z,1779530195686,1
2026-05-23T09:56:35.7173920Z,1779530195717,1
2026-05-23T09:56:35.7502830Z,1779530195750,1
2026-05-23T09:56:35.7829250Z,1779530195782,0
2026-05-23T09:56:35.8161260Z,1779530195816,1
2026-05-23T09:56:35.8844470Z,1779530195884,1
2026-05-23T09:56:35.8880010Z,1779530195888,1
2026-05-23T09:56:35.9215580Z,1779530195921,0
2026-05-23T09:56:35.9548110Z,1779530195954,1
2026-05-23T09:56:35.9883790Z,1779530195988,0
2026-05-23T09:56:36.0207660Z,1779530196020,1
2026-05-23T09:56:36.0540870Z,1779530196054,1
2026-05-23T09:56:36.0878870Z,1779530196087,1
2026-05-23T09:56:36.1281650Z,1779530196128,0
2026-05-23T09:56:36.1982980Z,1779530196198,1
2026-05-23T09:56:36.2017240Z,1779530196201,2
2026-05-23T09:56:36.2340310Z,1779530196234,0
2026-05-23T09:56:36.2669380Z,1779530196266,0
2026-05-23T09:56:36.2994260Z,1779530196299,1
2026-05-23T09:56:36.3322670Z,1779530196332,1
2026-05-23T09:56:36.3649740Z,1779530196364,1
2026-05-23T09:56:36.3982000Z,1779530196398,0
2026-05-23T09:56:36.4305920Z,1779530196430,1
2026-05-23T09:56:36.4631260Z,1779530196463,1
2026-05-23T09:56:36.4962740Z,1779530196496,1
2026-05-23T09:56:36.5290930Z,1779530196529,0
2026-05-23T09:56:36.5619790Z,1779530196561,1
2026-05-23T09:56:36.5956860Z,1779530196595,1
2026-05-23T09:56:36.6364960Z,1779530196636,0
2026-05-23T09:56:36.6682040Z,1779530196668,1
2026-05-23T09:56:36.7081540Z,1779530196708,0
2026-05-23T09:56:36.7395680Z,1779530196739,2
2026-05-23T09:56:36.7723300Z,1779530196772,0
2026-05-23T09:56:36.8050710Z,1779530196805,1
2026-05-23T09:56:36.8383020Z,1779530196838,0
2026-05-23T09:56:36.8710480Z,1779530196871,1
2026-05-23T09:56:36.9393100Z,1779530196939,1
2026-05-23T09:56:36.9428300Z,1779530196942,1
2026-05-23T09:56:36.9770120Z,1779530196977,0
2026-05-23T09:56:37.0096710Z,1779530197009,1
2026-05-23T09:56:37.0425060Z,1779530197042,1
2026-05-23T09:56:37.0761900Z,1779530197076,1
2026-05-23T09:56:37.1478600Z,1779530197147,0
2026-05-23T09:56:37.1512260Z,1779530197151,2
2026-05-23T09:56:37.1833620Z,1779530197183,0
2026-05-23T09:56:37.2169170Z,1779530197216,1
2026-05-23T09:56:37.2487670Z,1779530197248,0
2026-05-23T09:56:37.2819560Z,1779530197281,1
2026-05-23T09:56:37.3146700Z,1779530197314,1
2026-05-23T09:56:37.3475810Z,1779530197347,0
2026-05-23T09:56:37.3798870Z,1779530197379,1
2026-05-23T09:56:37.4125240Z,1779530197412,0
2026-05-23T09:56:37.4455650Z,1779530197445,1
2026-05-23T09:56:37.4784290Z,1779530197478,1
2026-05-23T09:56:37.5108670Z,1779530197510,1
2026-05-23T09:56:37.5432940Z,1779530197543,0
2026-05-23T09:56:37.5763900Z,1779530197576,1
2026-05-23T09:56:37.6483140Z,1779530197648,1
2026-05-23T09:56:37.6517320Z,1779530197651,1
2026-05-23T09:56:37.6843530Z,1779530197684,0
2026-05-23T09:56:37.7249850Z,1779530197724,1
2026-05-23T09:56:37.7563590Z,1779530197756,1
2026-05-23T09:56:37.7892560Z,1779530197789,1
2026-05-23T09:56:37.8216580Z,1779530197821,0
2026-05-23T09:56:37.8541200Z,1779530197854,1
2026-05-23T09:56:37.8869410Z,1779530197886,1
2026-05-23T09:56:37.9197660Z,1779530197919,0
2026-05-23T09:56:37.9524200Z,1779530197952,1
2026-05-23T09:56:38.0216650Z,1779530198021,1
2026-05-23T09:56:38.0253540Z,1779530198025,1
2026-05-23T09:56:38.0587350Z,1779530198058,0
2026-05-23T09:56:38.0925880Z,1779530198092,1
2026-05-23T09:56:38.1646000Z,1779530198164,1
2026-05-23T09:56:38.1684020Z,1779530198168,1
2026-05-23T09:56:38.2016430Z,1779530198201,0
2026-05-23T09:56:38.2407710Z,1779530198240,1
2026-05-23T09:56:38.2720800Z,1779530198272,1
2026-05-23T09:56:38.3046320Z,1779530198304,1
2026-05-23T09:56:38.3377980Z,1779530198337,0
2026-05-23T09:56:38.3704310Z,1779530198370,1
2026-05-23T09:56:38.4027590Z,1779530198402,0
2026-05-23T09:56:38.4359120Z,1779530198435,1
2026-05-23T09:56:38.4682250Z,1779530198468,1
2026-05-23T09:56:38.5010140Z,1779530198501,1
2026-05-23T09:56:38.5334660Z,1779530198533,0
2026-05-23T09:56:38.5663830Z,1779530198566,1
2026-05-23T09:56:38.5992410Z,1779530198599,1
2026-05-23T09:56:38.6712380Z,1779530198671,1
2026-05-23T09:56:38.6752200Z,1779530198675,1
2026-05-23T09:56:38.7081600Z,1779530198708,0
2026-05-23T09:56:38.7486650Z,1779530198748,1
2026-05-23T09:56:38.7795830Z,1779530198779,1
2026-05-23T09:56:38.8121870Z,1779530198812,0
2026-05-23T09:56:38.8448890Z,1779530198844,1
2026-05-23T09:56:38.8780490Z,1779530198878,1
2026-05-23T09:56:38.9099070Z,1779530198909,1
2026-05-23T09:56:38.9425670Z,1779530198942,0
2026-05-23T09:56:38.9761240Z,1779530198976,1
2026-05-23T09:56:39.0083110Z,1779530199008,1
2026-05-23T09:56:39.0408500Z,1779530199040,0
2026-05-23T09:56:39.1103030Z,1779530199110,1
2026-05-23T09:56:39.1139810Z,1779530199113,1
2026-05-23T09:56:39.1474980Z,1779530199147,1
2026-05-23T09:56:39.1876920Z,1779530199187,0
2026-05-23T09:56:39.2584590Z,1779530199258,1
2026-05-23T09:56:39.2619700Z,1779530199261,2
2026-05-23T09:56:39.2941250Z,1779530199294,0
2026-05-23T09:56:39.3272880Z,1779530199327,0
2026-05-23T09:56:39.3594750Z,1779530199359,1
2026-05-23T09:56:39.3921020Z,1779530199392,1
2026-05-23T09:56:39.4245380Z,1779530199424,1
2026-05-23T09:56:39.4576080Z,1779530199457,0
2026-05-23T09:56:39.4899580Z,1779530199489,1
2026-05-23T09:56:39.5230890Z,1779530199523,0
2026-05-23T09:56:39.5559450Z,1779530199555,1
2026-05-23T09:56:39.5881780Z,1779530199588,1
2026-05-23T09:56:39.6209690Z,1779530199620,1
2026-05-23T09:56:39.6541670Z,1779530199654,0
2026-05-23T09:56:39.6951140Z,1779530199695,1
2026-05-23T09:56:39.7267400Z,1779530199726,1
2026-05-23T09:56:39.7665950Z,1779530199766,0
2026-05-23T09:56:39.7978350Z,1779530199797,1
2026-05-23T09:56:39.8304900Z,1779530199830,1
2026-05-23T09:56:39.8634270Z,1779530199863,1
2026-05-23T09:56:39.8963000Z,1779530199896,0
2026-05-23T09:56:39.9284400Z,1779530199928,1
2026-05-23T09:56:39.9606400Z,1779530199960,0
2026-05-23T09:56:39.9936330Z,1779530199993,1
2026-05-23T09:56:40.0265900Z,1779530200026,1
2026-05-23T09:56:40.0586860Z,1779530200058,1
2026-05-23T09:56:40.0915590Z,1779530200091,0
2026-05-23T09:56:40.1239860Z,1779530200123,1
2026-05-23T09:56:40.2028700Z,1779530200202,1
2026-05-23T09:56:40.2078630Z,1779530200207,1
2026-05-23T09:56:40.2420520Z,1779530200242,0
2026-05-23T09:56:40.2829060Z,1779530200282,1
2026-05-23T09:56:40.3142970Z,1779530200314,1
2026-05-23T09:56:40.3472460Z,1779530200347,1
2026-05-23T09:56:40.3797400Z,1779530200379,0
2026-05-23T09:56:40.4126150Z,1779530200412,1
2026-05-23T09:56:40.4455630Z,1779530200445,1
2026-05-23T09:56:40.4784120Z,1779530200478,1
2026-05-23T09:56:40.5121090Z,1779530200512,0
2026-05-23T09:56:40.5530560Z,1779530200553,1
2026-05-23T09:56:40.5841930Z,1779530200584,1
2026-05-23T09:56:40.6173260Z,1779530200617,1
2026-05-23T09:56:40.6500840Z,1779530200650,0
2026-05-23T09:56:40.7227360Z,1779530200722,1
2026-05-23T09:56:40.7268430Z,1779530200726,2
2026-05-23T09:56:40.7589930Z,1779530200758,0
2026-05-23T09:56:40.7999720Z,1779530200799,0
2026-05-23T09:56:40.8311680Z,1779530200831,1
2026-05-23T09:56:40.8640120Z,1779530200864,1
2026-05-23T09:56:40.8971280Z,1779530200897,1
2026-05-23T09:56:40.9295850Z,1779530200929,0
2026-05-23T09:56:40.9621650Z,1779530200962,1
2026-05-23T09:56:40.9949340Z,1779530200994,1
2026-05-23T09:56:41.0279680Z,1779530201027,0
2026-05-23T09:56:41.0602810Z,1779530201060,1
2026-05-23T09:56:41.0929690Z,1779530201092,0
2026-05-23T09:56:41.1258500Z,1779530201125,1
2026-05-23T09:56:41.1594730Z,1779530201159,1
2026-05-23T09:56:41.2311410Z,1779530201231,1
2026-05-23T09:56:41.2776770Z,1779530201277,1
2026-05-23T09:56:41.2816570Z,1779530201281,1
2026-05-23T09:56:41.3156940Z,1779530201315,0
2026-05-23T09:56:41.3485900Z,1779530201348,1
2026-05-23T09:56:41.3819070Z,1779530201381,1
2026-05-23T09:56:41.4144440Z,1779530201414,1
2026-05-23T09:56:41.4475800Z,1779530201447,0
2026-05-23T09:56:41.4798720Z,1779530201479,1
2026-05-23T09:56:41.5124420Z,1779530201512,0
2026-05-23T09:56:41.5455590Z,1779530201545,1
2026-05-23T09:56:41.5779000Z,1779530201577,1
2026-05-23T09:56:41.6106260Z,1779530201610,1
2026-05-23T09:56:41.6434230Z,1779530201643,0
2026-05-23T09:56:41.6768970Z,1779530201676,1
2026-05-23T09:56:41.7186170Z,1779530201718,1
2026-05-23T09:56:41.7488710Z,1779530201748,1
2026-05-23T09:56:41.7816890Z,1779530201781,0
2026-05-23T09:56:41.8154070Z,1779530201815,1
2026-05-23T09:56:41.8560190Z,1779530201856,1
2026-05-23T09:56:41.8872410Z,1779530201887,1
2026-05-23T09:56:41.9196660Z,1779530201919,0
2026-05-23T09:56:41.9523640Z,1779530201952,1
2026-05-23T09:56:41.9859860Z,1779530201985,1
2026-05-23T09:56:42.0177300Z,1779530202017,0
2026-05-23T09:56:42.0503940Z,1779530202050,1
2026-05-23T09:56:42.0832410Z,1779530202083,0
2026-05-23T09:56:42.1165670Z,1779530202116,1
2026-05-23T09:56:42.1483020Z,1779530202148,1
2026-05-23T09:56:42.1820570Z,1779530202182,1
2026-05-23T09:56:42.2149770Z,1779530202214,0
2026-05-23T09:56:42.2563960Z,1779530202256,1
2026-05-23T09:56:42.2870940Z,1779530202287,1
2026-05-23T09:56:42.3290560Z,1779530202329,1
2026-05-23T09:56:42.3966760Z,1779530202396,0
2026-05-23T09:56:42.4003880Z,1779530202400,2
2026-05-23T09:56:42.4342320Z,1779530202434,0
2026-05-23T09:56:42.4677110Z,1779530202467,1
2026-05-23T09:56:42.5003420Z,1779530202500,0
2026-05-23T09:56:42.5330150Z,1779530202533,1
2026-05-23T09:56:42.5662000Z,1779530202566,1
2026-05-23T09:56:42.5984170Z,1779530202598,1
2026-05-23T09:56:42.6313080Z,1779530202631,0
2026-05-23T09:56:42.6638800Z,1779530202663,1
2026-05-23T09:56:42.6968460Z,1779530202696,1
2026-05-23T09:56:42.7298110Z,1779530202729,0
2026-05-23T09:56:42.7704450Z,1779530202770,1
2026-05-23T09:56:42.8021300Z,1779530202802,1
2026-05-23T09:56:42.8421390Z,1779530202842,1
2026-05-23T09:56:42.8735520Z,1779530202873,1
2026-05-23T09:56:42.9063050Z,1779530202906,0
2026-05-23T09:56:42.9387530Z,1779530202938,1
2026-05-23T09:56:42.9711980Z,1779530202971,1
2026-05-23T09:56:43.0040130Z,1779530203004,0
2026-05-23T09:56:43.0368140Z,1779530203036,1
2026-05-23T09:56:43.0694750Z,1779530203069,0
2026-05-23T09:56:43.1018170Z,1779530203101,1
2026-05-23T09:56:43.1344330Z,1779530203134,1
2026-05-23T09:56:43.1672490Z,1779530203167,1
2026-05-23T09:56:43.1995780Z,1779530203199,0
2026-05-23T09:56:43.2323600Z,1779530203232,1
2026-05-23T09:56:43.2732630Z,1779530203273,1
2026-05-23T09:56:43.3054220Z,1779530203305,1
2026-05-23T09:56:43.3448620Z,1779530203344,0
2026-05-23T09:56:43.3769060Z,1779530203376,1
2026-05-23T09:56:43.4089370Z,1779530203408,1
2026-05-23T09:56:43.4774730Z,1779530203477,1
2026-05-23T09:56:43.4805780Z,1779530203480,1
2026-05-23T09:56:43.5140340Z,1779530203514,0
2026-05-23T09:56:43.5473990Z,1779530203547,1
2026-05-23T09:56:43.5802860Z,1779530203580,1
2026-05-23T09:56:43.6127800Z,1779530203612,0
2026-05-23T09:56:43.6456170Z,1779530203645,1
2026-05-23T09:56:43.6781290Z,1779530203678,1
2026-05-23T09:56:43.7107830Z,1779530203710,0
2026-05-23T09:56:43.7435980Z,1779530203743,1
2026-05-23T09:56:43.7844640Z,1779530203784,1
2026-05-23T09:56:43.8546770Z,1779530203854,1
2026-05-23T09:56:43.8584660Z,1779530203858,1
2026-05-23T09:56:43.8905100Z,1779530203890,0
2026-05-23T09:56:43.9231590Z,1779530203923,1
2026-05-23T09:56:43.9560620Z,1779530203956,1
2026-05-23T09:56:43.9884750Z,1779530203988,0
2026-05-23T09:56:44.0239480Z,1779530204023,1
2026-05-23T09:56:44.0594580Z,1779530204059,0
2026-05-23T09:56:44.0979080Z,1779530204097,1
2026-05-23T09:56:44.1340300Z,1779530204134,1
2026-05-23T09:56:44.1702250Z,1779530204170,1
2026-05-23T09:56:44.2067380Z,1779530204206,1
2026-05-23T09:56:44.2436910Z,1779530204243,0
2026-05-23T09:56:44.2779550Z,1779530204277,1
2026-05-23T09:56:44.3181970Z,1779530204318,1
2026-05-23T09:56:44.3877630Z,1779530204387,1
2026-05-23T09:56:44.3911920Z,1779530204391,1
2026-05-23T09:56:44.4234250Z,1779530204423,1
2026-05-23T09:56:44.4565680Z,1779530204456,0
2026-05-23T09:56:44.4890200Z,1779530204489,1
2026-05-23T09:56:44.5582540Z,1779530204558,1
2026-05-23T09:56:44.5618780Z,1779530204561,1
2026-05-23T09:56:44.5957970Z,1779530204595,0
2026-05-23T09:56:44.6288560Z,1779530204628,1
2026-05-23T09:56:44.6620420Z,1779530204662,1
2026-05-23T09:56:44.6944540Z,1779530204694,0
2026-05-23T09:56:44.7276180Z,1779530204727,1
2026-05-23T09:56:44.7601940Z,1779530204760,0
2026-05-23T09:56:44.8355120Z,1779530204835,1
2026-05-23T09:56:44.8405270Z,1779530204840,2
2026-05-23T09:56:44.8740670Z,1779530204874,0
2026-05-23T09:56:44.9146880Z,1779530204914,1
2026-05-23T09:56:44.9461970Z,1779530204946,1
2026-05-23T09:56:44.9785730Z,1779530204978,0
2026-05-23T09:56:45.0113660Z,1779530205011,1
2026-05-23T09:56:45.0442190Z,1779530205044,0
2026-05-23T09:56:45.0768610Z,1779530205076,1
2026-05-23T09:56:45.1094400Z,1779530205109,1
2026-05-23T09:56:45.1419900Z,1779530205141,1
2026-05-23T09:56:45.1750810Z,1779530205175,0
2026-05-23T09:56:45.2079930Z,1779530205207,1
2026-05-23T09:56:45.2403820Z,1779530205240,1
2026-05-23T09:56:45.2735160Z,1779530205273,1
2026-05-23T09:56:45.3459090Z,1779530205345,0
2026-05-23T09:56:45.3495950Z,1779530205349,2
2026-05-23T09:56:45.3821490Z,1779530205382,0
2026-05-23T09:56:45.4227870Z,1779530205422,1
2026-05-23T09:56:45.4540340Z,1779530205454,0
2026-05-23T09:56:45.4869160Z,1779530205486,1
2026-05-23T09:56:45.5194800Z,1779530205519,1
2026-05-23T09:56:45.5523950Z,1779530205552,1
2026-05-23T09:56:45.6212610Z,1779530205621,0
2026-05-23T09:56:45.6249130Z,1779530205624,2
2026-05-23T09:56:45.6584400Z,1779530205658,0
2026-05-23T09:56:45.6914430Z,1779530205691,0
2026-05-23T09:56:45.7247330Z,1779530205724,1
2026-05-23T09:56:45.7576050Z,1779530205757,0
2026-05-23T09:56:45.7908110Z,1779530205790,1
2026-05-23T09:56:45.8337000Z,1779530205833,1
2026-05-23T09:56:45.8647720Z,1779530205864,1
2026-05-23T09:56:45.9367580Z,1779530205936,1
2026-05-23T09:56:45.9405770Z,1779530205940,1
2026-05-23T09:56:45.9727740Z,1779530205972,0
2026-05-23T09:56:46.0065310Z,1779530206006,1
2026-05-23T09:56:46.0382450Z,1779530206038,1
2026-05-23T09:56:46.0710340Z,1779530206071,0
2026-05-23T09:56:46.1035810Z,1779530206103,1
2026-05-23T09:56:46.1363670Z,1779530206136,1
2026-05-23T09:56:46.1687590Z,1779530206168,0
2026-05-23T09:56:46.2016860Z,1779530206201,1
2026-05-23T09:56:46.2340720Z,1779530206234,1
2026-05-23T09:56:46.2677100Z,1779530206267,1
2026-05-23T09:56:46.2999280Z,1779530206299,0
2026-05-23T09:56:46.3423880Z,1779530206342,1
2026-05-23T09:56:46.3735910Z,1779530206373,1
2026-05-23T09:56:46.4068970Z,1779530206406,1
2026-05-23T09:56:46.4469980Z,1779530206446,0
2026-05-23T09:56:46.4783680Z,1779530206478,1
2026-05-23T09:56:46.5110140Z,1779530206511,1
2026-05-23T09:56:46.5436210Z,1779530206543,1
2026-05-23T09:56:46.5762320Z,1779530206576,0
2026-05-23T09:56:46.6090300Z,1779530206609,1
2026-05-23T09:56:46.6786080Z,1779530206678,1
2026-05-23T09:56:46.6829890Z,1779530206682,1
2026-05-23T09:56:46.7168050Z,1779530206716,0
2026-05-23T09:56:46.7496390Z,1779530206749,1
2026-05-23T09:56:46.7834660Z,1779530206783,0
2026-05-23T09:56:46.8164760Z,1779530206816,1
2026-05-23T09:56:46.8587570Z,1779530206858,1
2026-05-23T09:56:46.8893800Z,1779530206889,1
2026-05-23T09:56:46.9297890Z,1779530206929,0
2026-05-23T09:56:46.9611680Z,1779530206961,1
2026-05-23T09:56:46.9935390Z,1779530206993,1
2026-05-23T09:56:47.0264230Z,1779530207026,0
2026-05-23T09:56:47.0588650Z,1779530207058,1
2026-05-23T09:56:47.0917930Z,1779530207091,1
2026-05-23T09:56:47.1245670Z,1779530207124,1
2026-05-23T09:56:47.1576050Z,1779530207157,0
2026-05-23T09:56:47.1897710Z,1779530207189,1
2026-05-23T09:56:47.2222030Z,1779530207222,1
2026-05-23T09:56:47.2549960Z,1779530207254,1
2026-05-23T09:56:47.2879230Z,1779530207287,0
2026-05-23T09:56:47.3205560Z,1779530207320,1
2026-05-23T09:56:47.3616700Z,1779530207361,1
2026-05-23T09:56:47.3926890Z,1779530207392,1
2026-05-23T09:56:47.4325120Z,1779530207432,0
2026-05-23T09:56:47.4640160Z,1779530207464,1
2026-05-23T09:56:47.4967300Z,1779530207496,1
2026-05-23T09:56:47.5290400Z,1779530207529,1
2026-05-23T09:56:47.5614350Z,1779530207561,0
2026-05-23T09:56:47.5942360Z,1779530207594,1
2026-05-23T09:56:47.6270700Z,1779530207627,1
2026-05-23T09:56:47.6595120Z,1779530207659,0
2026-05-23T09:56:47.6921920Z,1779530207692,1
2026-05-23T09:56:47.7611430Z,1779530207761,0
2026-05-23T09:56:47.7647460Z,1779530207764,2
2026-05-23T09:56:47.7979150Z,1779530207797,0
2026-05-23T09:56:47.8314020Z,1779530207831,1
2026-05-23T09:56:47.9042310Z,1779530207904,0
2026-05-23T09:56:47.9081030Z,1779530207908,2
2026-05-23T09:56:47.9409950Z,1779530207940,0
2026-05-23T09:56:47.9815110Z,1779530207981,1
2026-05-23T09:56:48.0124230Z,1779530208012,0
2026-05-23T09:56:48.0454230Z,1779530208045,1
2026-05-23T09:56:48.0778660Z,1779530208077,1
2026-05-23T09:56:48.1103750Z,1779530208110,1
2026-05-23T09:56:48.1433100Z,1779530208143,0
2026-05-23T09:56:48.1761840Z,1779530208176,1
2026-05-23T09:56:48.2081850Z,1779530208208,1
2026-05-23T09:56:48.2410040Z,1779530208241,1
2026-05-23T09:56:48.2737550Z,1779530208273,0
2026-05-23T09:56:48.3063580Z,1779530208306,1
2026-05-23T09:56:48.3388680Z,1779530208338,0
2026-05-23T09:56:48.4107740Z,1779530208410,1
2026-05-23T09:56:48.4141590Z,1779530208414,2
2026-05-23T09:56:48.4467790Z,1779530208446,0
2026-05-23T09:56:48.4867740Z,1779530208486,1
2026-05-23T09:56:48.5179180Z,1779530208517,0
2026-05-23T09:56:48.5504790Z,1779530208550,1
2026-05-23T09:56:48.5833470Z,1779530208583,0
2026-05-23T09:56:48.6162930Z,1779530208616,1
2026-05-23T09:56:48.6484850Z,1779530208648,1
2026-05-23T09:56:48.6811340Z,1779530208681,1
2026-05-23T09:56:48.7135910Z,1779530208713,0
2026-05-23T09:56:48.7468390Z,1779530208746,1
2026-05-23T09:56:48.7794470Z,1779530208779,1
2026-05-23T09:56:48.8481710Z,1779530208848,1
2026-05-23T09:56:48.8517720Z,1779530208851,1
2026-05-23T09:56:48.8864160Z,1779530208886,0
2026-05-23T09:56:48.9271700Z,1779530208927,1
2026-05-23T09:56:48.9976780Z,1779530208997,1
2026-05-23T09:56:49.0013840Z,1779530209001,1
2026-05-23T09:56:49.0336690Z,1779530209033,0
2026-05-23T09:56:49.0665680Z,1779530209066,1
2026-05-23T09:56:49.0992120Z,1779530209099,1
2026-05-23T09:56:49.1318820Z,1779530209131,0
2026-05-23T09:56:49.1647050Z,1779530209164,1
2026-05-23T09:56:49.1977680Z,1779530209197,1
2026-05-23T09:56:49.2301930Z,1779530209230,1
2026-05-23T09:56:49.2625950Z,1779530209262,0
2026-05-23T09:56:49.2954530Z,1779530209295,1
2026-05-23T09:56:49.3282580Z,1779530209328,1
2026-05-23T09:56:49.3612390Z,1779530209361,0
2026-05-23T09:56:49.3945970Z,1779530209394,1
2026-05-23T09:56:49.4368580Z,1779530209436,0
2026-05-23T09:56:49.4675760Z,1779530209467,2
2026-05-23T09:56:49.5094570Z,1779530209509,0
2026-05-23T09:56:49.5406640Z,1779530209540,1
2026-05-23T09:56:49.5732620Z,1779530209573,0
2026-05-23T09:56:49.6061010Z,1779530209606,1
2026-05-23T09:56:49.6384380Z,1779530209638,1
2026-05-23T09:56:49.6714800Z,1779530209671,1
2026-05-23T09:56:49.7042100Z,1779530209704,0
2026-05-23T09:56:49.7371460Z,1779530209737,1
2026-05-23T09:56:49.7696440Z,1779530209769,1
2026-05-23T09:56:49.8027060Z,1779530209802,1
2026-05-23T09:56:49.8356690Z,1779530209835,0
2026-05-23T09:56:49.8681940Z,1779530209868,1
2026-05-23T09:56:49.9452910Z,1779530209945,1
2026-05-23T09:56:49.9491270Z,1779530209949,1
2026-05-23T09:56:49.9826380Z,1779530209982,0
2026-05-23T09:56:50.0161480Z,1779530210016,1
2026-05-23T09:56:50.0488460Z,1779530210048,1
2026-05-23T09:56:50.0817500Z,1779530210081,0
2026-05-23T09:56:50.1141630Z,1779530210114,1
2026-05-23T09:56:50.1472850Z,1779530210147,1
2026-05-23T09:56:50.1798670Z,1779530210179,0
2026-05-23T09:56:50.2126040Z,1779530210212,1
2026-05-23T09:56:50.2457290Z,1779530210245,1
2026-05-23T09:56:50.2782400Z,1779530210278,0
2026-05-23T09:56:50.3107290Z,1779530210310,1
2026-05-23T09:56:50.3432580Z,1779530210343,1
2026-05-23T09:56:50.3764100Z,1779530210376,1
2026-05-23T09:56:50.4095530Z,1779530210409,0
2026-05-23T09:56:50.4496590Z,1779530210449,1
2026-05-23T09:56:50.4811780Z,1779530210481,1
2026-05-23T09:56:50.5209330Z,1779530210520,1
2026-05-23T09:56:50.5522650Z,1779530210552,0
2026-05-23T09:56:50.5848010Z,1779530210584,1
2026-05-23T09:56:50.6175520Z,1779530210617,1
2026-05-23T09:56:50.6502230Z,1779530210650,1
2026-05-23T09:56:50.6826830Z,1779530210682,0
2026-05-23T09:56:50.7153240Z,1779530210715,1
2026-05-23T09:56:50.7477070Z,1779530210747,1
2026-05-23T09:56:50.7801650Z,1779530210780,0
2026-05-23T09:56:50.8130510Z,1779530210813,1
2026-05-23T09:56:50.8460040Z,1779530210846,0
2026-05-23T09:56:50.8785690Z,1779530210878,1
2026-05-23T09:56:50.9123210Z,1779530210912,1
2026-05-23T09:56:50.9521700Z,1779530210952,1
2026-05-23T09:56:51.0275200Z,1779530211027,0
2026-05-23T09:56:51.0312130Z,1779530211031,2
2026-05-23T09:56:51.0645780Z,1779530211064,0
2026-05-23T09:56:51.0983030Z,1779530211098,1
2026-05-23T09:56:51.1306490Z,1779530211130,0
2026-05-23T09:56:51.1635400Z,1779530211163,1
2026-05-23T09:56:51.1964760Z,1779530211196,1
2026-05-23T09:56:51.2288710Z,1779530211228,1
2026-05-23T09:56:51.2612200Z,1779530211261,0
2026-05-23T09:56:51.2940860Z,1779530211294,1
2026-05-23T09:56:51.3267690Z,1779530211326,1
2026-05-23T09:56:51.3590030Z,1779530211359,0
2026-05-23T09:56:51.3916240Z,1779530211391,1
2026-05-23T09:56:51.4244130Z,1779530211424,0
2026-05-23T09:56:51.4672810Z,1779530211467,1
2026-05-23T09:56:51.4972920Z,1779530211497,1
2026-05-23T09:56:51.5381460Z,1779530211538,1
2026-05-23T09:56:51.5691390Z,1779530211569,0
2026-05-23T09:56:51.6017450Z,1779530211601,1
2026-05-23T09:56:51.6343240Z,1779530211634,1
2026-05-23T09:56:51.6672800Z,1779530211667,1
2026-05-23T09:56:51.6997830Z,1779530211699,0
2026-05-23T09:56:51.7324600Z,1779530211732,1
2026-05-23T09:56:51.7651110Z,1779530211765,1
2026-05-23T09:56:51.7978350Z,1779530211797,0
2026-05-23T09:56:51.8303890Z,1779530211830,1
2026-05-23T09:56:51.8628290Z,1779530211862,1
2026-05-23T09:56:51.8957500Z,1779530211895,0
2026-05-23T09:56:51.9289750Z,1779530211928,1
2026-05-23T09:56:51.9693870Z,1779530211969,1
2026-05-23T09:56:52.0014710Z,1779530212001,0
2026-05-23T09:56:52.0413690Z,1779530212041,1
2026-05-23T09:56:52.1083140Z,1779530212108,1
2026-05-23T09:56:52.1120130Z,1779530212112,1
2026-05-23T09:56:52.1458000Z,1779530212145,1
2026-05-23T09:56:52.1786090Z,1779530212178,0
2026-05-23T09:56:52.2118480Z,1779530212211,1
2026-05-23T09:56:52.2440150Z,1779530212244,1
2026-05-23T09:56:52.2770560Z,1779530212277,0
2026-05-23T09:56:52.3100690Z,1779530212310,1
2026-05-23T09:56:52.3419660Z,1779530212341,1
2026-05-23T09:56:52.3747460Z,1779530212374,1
2026-05-23T09:56:52.4075260Z,1779530212407,0
2026-05-23T09:56:52.4402930Z,1779530212440,1
2026-05-23T09:56:52.5119270Z,1779530212511,1
2026-05-23T09:56:52.5156920Z,1779530212515,1
2026-05-23T09:56:52.5477410Z,1779530212547,0
2026-05-23T09:56:52.5878690Z,1779530212587,1
2026-05-23T09:56:52.6190130Z,1779530212619,1
2026-05-23T09:56:52.6517190Z,1779530212651,1
2026-05-23T09:56:52.6848090Z,1779530212684,0
2026-05-23T09:56:52.7173790Z,1779530212717,1
2026-05-23T09:56:52.7498740Z,1779530212749,1
2026-05-23T09:56:52.7822140Z,1779530212782,0
2026-05-23T09:56:52.8146260Z,1779530212814,1
2026-05-23T09:56:52.8479550Z,1779530212847,0
2026-05-23T09:56:52.8805350Z,1779530212880,1
2026-05-23T09:56:52.9131060Z,1779530212913,1
2026-05-23T09:56:52.9464360Z,1779530212946,1
2026-05-23T09:56:53.0183280Z,1779530213018,0
2026-05-23T09:56:53.0222150Z,1779530213022,2
2026-05-23T09:56:53.0556430Z,1779530213055,0
2026-05-23T09:56:53.0960510Z,1779530213096,1
2026-05-23T09:56:53.1274610Z,1779530213127,0
2026-05-23T09:56:53.1600660Z,1779530213160,1
2026-05-23T09:56:53.2284700Z,1779530213228,1
2026-05-23T09:56:53.2326230Z,1779530213232,1
2026-05-23T09:56:53.2661350Z,1779530213266,0
2026-05-23T09:56:53.2991150Z,1779530213299,1
2026-05-23T09:56:53.3323740Z,1779530213332,1
2026-05-23T09:56:53.3656000Z,1779530213365,1
2026-05-23T09:56:53.3982440Z,1779530213398,0
2026-05-23T09:56:53.4309700Z,1779530213430,1
2026-05-23T09:56:53.4642320Z,1779530213464,1
2026-05-23T09:56:53.4981230Z,1779530213498,0
2026-05-23T09:56:53.5382380Z,1779530213538,1
2026-05-23T09:56:53.6086230Z,1779530213608,1
2026-05-23T09:56:53.6118920Z,1779530213611,1
2026-05-23T09:56:53.6441930Z,1779530213644,1
2026-05-23T09:56:53.6772620Z,1779530213677,0
2026-05-23T09:56:53.7095230Z,1779530213709,1
2026-05-23T09:56:53.7423000Z,1779530213742,1
2026-05-23T09:56:53.7752910Z,1779530213775,0
2026-05-23T09:56:53.8080480Z,1779530213808,1
2026-05-23T09:56:53.8406370Z,1779530213840,0
2026-05-23T09:56:53.8734520Z,1779530213873,1
2026-05-23T09:56:53.9064930Z,1779530213906,1
2026-05-23T09:56:53.9389000Z,1779530213938,1
2026-05-23T09:56:53.9720150Z,1779530213972,0
2026-05-23T09:56:54.0063510Z,1779530214006,1
2026-05-23T09:56:54.0499680Z,1779530214049,1
2026-05-23T09:56:54.0849950Z,1779530214084,1
2026-05-23T09:56:54.1266590Z,1779530214126,0
2026-05-23T09:56:54.1603970Z,1779530214160,1
2026-05-23T09:56:54.1988980Z,1779530214198,1
2026-05-23T09:56:54.2348540Z,1779530214234,1
2026-05-23T09:56:54.2688080Z,1779530214268,0
2026-05-23T09:56:54.3374430Z,1779530214337,1
2026-05-23T09:56:54.3408880Z,1779530214340,2
2026-05-23T09:56:54.3748020Z,1779530214374,0
2026-05-23T09:56:54.4082490Z,1779530214408,0
2026-05-23T09:56:54.4411610Z,1779530214441,1
2026-05-23T09:56:54.4743090Z,1779530214474,1
2026-05-23T09:56:54.5464790Z,1779530214546,1
2026-05-23T09:56:54.5498950Z,1779530214549,1
2026-05-23T09:56:54.5820470Z,1779530214582,0
2026-05-23T09:56:54.6538400Z,1779530214653,1
2026-05-23T09:56:54.6573760Z,1779530214657,1
2026-05-23T09:56:54.6893030Z,1779530214689,0
2026-05-23T09:56:54.7221500Z,1779530214722,1
2026-05-23T09:56:54.7546340Z,1779530214754,1
2026-05-23T09:56:54.7875180Z,1779530214787,1
2026-05-23T09:56:54.8197980Z,1779530214819,0
2026-05-23T09:56:54.8526130Z,1779530214852,1
2026-05-23T09:56:54.8854070Z,1779530214885,1
2026-05-23T09:56:54.9175910Z,1779530214917,1
2026-05-23T09:56:54.9505290Z,1779530214950,0
2026-05-23T09:56:54.9835740Z,1779530214983,1
2026-05-23T09:56:55.0165590Z,1779530215016,1
2026-05-23T09:56:55.0590710Z,1779530215059,0
2026-05-23T09:56:55.1277170Z,1779530215127,1
2026-05-23T09:56:55.1312180Z,1779530215131,2
2026-05-23T09:56:55.1633880Z,1779530215163,0
2026-05-23T09:56:55.1964000Z,1779530215196,1
2026-05-23T09:56:55.2288500Z,1779530215228,0
2026-05-23T09:56:55.2615780Z,1779530215261,1
2026-05-23T09:56:55.2938410Z,1779530215293,0
2026-05-23T09:56:55.3273510Z,1779530215327,1
2026-05-23T09:56:55.3591200Z,1779530215359,1
2026-05-23T09:56:55.4286550Z,1779530215428,0
2026-05-23T09:56:55.4317760Z,1779530215431,2
2026-05-23T09:56:55.4659920Z,1779530215465,0
2026-05-23T09:56:55.4992610Z,1779530215499,1
2026-05-23T09:56:55.5395010Z,1779530215539,0
2026-05-23T09:56:55.5710230Z,1779530215571,1
2026-05-23T09:56:55.6114430Z,1779530215611,1
2026-05-23T09:56:55.6812400Z,1779530215681,1
2026-05-23T09:56:55.6848530Z,1779530215684,1
2026-05-23T09:56:55.7168170Z,1779530215716,0
2026-05-23T09:56:55.7496620Z,1779530215749,1
2026-05-23T09:56:55.7824480Z,1779530215782,1
2026-05-23T09:56:55.8147040Z,1779530215814,0
2026-05-23T09:56:55.8476360Z,1779530215847,1
2026-05-23T09:56:55.8801400Z,1779530215880,1
2026-05-23T09:56:55.9125140Z,1779530215912,1
2026-05-23T09:56:55.9454450Z,1779530215945,0
2026-05-23T09:56:55.9779250Z,1779530215977,1
2026-05-23T09:56:56.0110730Z,1779530216011,1
2026-05-23T09:56:56.0440180Z,1779530216044,1
2026-05-23T09:56:56.0842300Z,1779530216084,0
2026-05-23T09:56:56.1536800Z,1779530216153,1
2026-05-23T09:56:56.1575030Z,1779530216157,2
2026-05-23T09:56:56.1894820Z,1779530216189,0
2026-05-23T09:56:56.2222670Z,1779530216222,0
2026-05-23T09:56:56.2547540Z,1779530216254,1
2026-05-23T09:56:56.2878000Z,1779530216287,1
2026-05-23T09:56:56.3204580Z,1779530216320,0
2026-05-23T09:56:56.3532140Z,1779530216353,1
2026-05-23T09:56:56.3860270Z,1779530216386,0
2026-05-23T09:56:56.4183930Z,1779530216418,1
2026-05-23T09:56:56.4510940Z,1779530216451,1
2026-05-23T09:56:56.5287130Z,1779530216528,1
2026-05-23T09:56:56.5326280Z,1779530216532,1
2026-05-23T09:56:56.5669150Z,1779530216566,0
2026-05-23T09:56:56.6077120Z,1779530216607,1
2026-05-23T09:56:56.6776280Z,1779530216677,1
2026-05-23T09:56:56.6814750Z,1779530216681,2
2026-05-23T09:56:56.7135470Z,1779530216713,0
2026-05-23T09:56:56.7467130Z,1779530216746,0
2026-05-23T09:56:56.7788560Z,1779530216778,1
2026-05-23T09:56:56.8115170Z,1779530216811,0
2026-05-23T09:56:56.8444250Z,1779530216844,2
2026-05-23T09:56:56.8773280Z,1779530216877,0
2026-05-23T09:56:56.9096570Z,1779530216909,1
2026-05-23T09:56:56.9421470Z,1779530216942,0
2026-05-23T09:56:56.9747890Z,1779530216974,1
2026-05-23T09:56:57.0082940Z,1779530217008,1
2026-05-23T09:56:57.0403250Z,1779530217040,1
2026-05-23T09:56:57.0737990Z,1779530217073,0
2026-05-23T09:56:57.1158890Z,1779530217115,1
2026-05-23T09:56:57.1467570Z,1779530217146,1
2026-05-23T09:56:57.1880310Z,1779530217188,1
2026-05-23T09:56:57.2191930Z,1779530217219,0
2026-05-23T09:56:57.2517430Z,1779530217251,1
2026-05-23T09:56:57.2846310Z,1779530217284,1
2026-05-23T09:56:57.3177860Z,1779530217317,1
2026-05-23T09:56:57.3501710Z,1779530217350,0
2026-05-23T09:56:57.3823270Z,1779530217382,1
2026-05-23T09:56:57.4149110Z,1779530217414,1
2026-05-23T09:56:57.4479810Z,1779530217447,0
2026-05-23T09:56:57.4806810Z,1779530217480,1
2026-05-23T09:56:57.5132620Z,1779530217513,0
2026-05-23T09:56:57.5465480Z,1779530217546,1
2026-05-23T09:56:57.6245930Z,1779530217624,1
2026-05-23T09:56:57.6288650Z,1779530217628,1
2026-05-23T09:56:57.6627640Z,1779530217662,1
2026-05-23T09:56:57.7038810Z,1779530217703,1
2026-05-23T09:56:57.7349410Z,1779530217734,1
2026-05-23T09:56:57.7684000Z,1779530217768,0
2026-05-23T09:56:57.8011050Z,1779530217801,1
2026-05-23T09:56:57.8336850Z,1779530217833,0
2026-05-23T09:56:57.8671410Z,1779530217867,1
2026-05-23T09:56:57.8993720Z,1779530217899,1
2026-05-23T09:56:57.9321840Z,1779530217932,0
2026-05-23T09:56:57.9649640Z,1779530217964,1
2026-05-23T09:56:57.9982870Z,1779530217998,1
2026-05-23T09:56:58.0303890Z,1779530218030,1
2026-05-23T09:56:58.0635200Z,1779530218063,0
2026-05-23T09:56:58.0971040Z,1779530218097,1
2026-05-23T09:56:58.1385240Z,1779530218138,1
2026-05-23T09:56:58.1703840Z,1779530218170,1
2026-05-23T09:56:58.2115450Z,1779530218211,0
2026-05-23T09:56:58.2424210Z,1779530218242,1
2026-05-23T09:56:58.2750030Z,1779530218275,1
2026-05-23T09:56:58.3082300Z,1779530218308,1
2026-05-23T09:56:58.3408770Z,1779530218340,0
2026-05-23T09:56:58.3741170Z,1779530218374,1
2026-05-23T09:56:58.4064380Z,1779530218406,1
2026-05-23T09:56:58.4392300Z,1779530218439,0
2026-05-23T09:56:58.4719440Z,1779530218471,1
2026-05-23T09:56:58.5047840Z,1779530218504,0
2026-05-23T09:56:58.5373920Z,1779530218537,1
2026-05-23T09:56:58.5706500Z,1779530218570,1
2026-05-23T09:56:58.6037170Z,1779530218603,1
2026-05-23T09:56:58.6451680Z,1779530218645,0
2026-05-23T09:56:58.7187500Z,1779530218718,1
2026-05-23T09:56:58.7224670Z,1779530218722,2
2026-05-23T09:56:58.7567140Z,1779530218756,0
2026-05-23T09:56:58.7898910Z,1779530218789,0
2026-05-23T09:56:58.8226440Z,1779530218822,1
2026-05-23T09:56:58.8555810Z,1779530218855,1
2026-05-23T09:56:58.8882690Z,1779530218888,1
2026-05-23T09:56:58.9206860Z,1779530218920,0
2026-05-23T09:56:58.9540780Z,1779530218954,1
2026-05-23T09:56:58.9869190Z,1779530218986,1
2026-05-23T09:56:59.0192350Z,1779530219019,1
2026-05-23T09:56:59.0516010Z,1779530219051,0
2026-05-23T09:56:59.0847050Z,1779530219084,1
2026-05-23T09:56:59.1181130Z,1779530219118,1
2026-05-23T09:56:59.1588870Z,1779530219158,0
2026-05-23T09:56:59.1896810Z,1779530219189,1
2026-05-23T09:56:59.2298100Z,1779530219229,1
2026-05-23T09:56:59.2614080Z,1779530219261,1
2026-05-23T09:56:59.2941980Z,1779530219294,0
2026-05-23T09:56:59.3266480Z,1779530219326,1
2026-05-23T09:56:59.3589700Z,1779530219358,0
2026-05-23T09:56:59.3915160Z,1779530219391,1
2026-05-23T09:56:59.4242100Z,1779530219424,1
2026-05-23T09:56:59.4571170Z,1779530219457,1
2026-05-23T09:56:59.4896610Z,1779530219489,0
2026-05-23T09:56:59.5220920Z,1779530219522,1
2026-05-23T09:56:59.5547960Z,1779530219554,1
2026-05-23T09:56:59.5880020Z,1779530219588,0
2026-05-23T09:56:59.6208720Z,1779530219620,1
2026-05-23T09:56:59.6619010Z,1779530219661,1
2026-05-23T09:56:59.6927840Z,1779530219692,1
2026-05-23T09:56:59.7330380Z,1779530219733,0
2026-05-23T09:56:59.8011980Z,1779530219801,1
2026-05-23T09:56:59.8050940Z,1779530219805,2
2026-05-23T09:56:59.8382670Z,1779530219838,0
2026-05-23T09:56:59.8715020Z,1779530219871,0
2026-05-23T09:56:59.9046500Z,1779530219904,1
2026-05-23T09:56:59.9375090Z,1779530219937,1
2026-05-23T09:56:59.9700610Z,1779530219970,0
2026-05-23T09:57:00.0028840Z,1779530220002,1
2026-05-23T09:57:00.0362700Z,1779530220036,1
2026-05-23T09:57:00.0687940Z,1779530220068,0
2026-05-23T09:57:00.1019010Z,1779530220101,1
2026-05-23T09:57:00.1348670Z,1779530220134,1
2026-05-23T09:57:00.1762640Z,1779530220176,1
2026-05-23T09:57:00.2070350Z,1779530220207,0
2026-05-23T09:57:00.2496790Z,1779530220249,1
2026-05-23T09:57:00.2806380Z,1779530220280,1
2026-05-23T09:57:00.3133000Z,1779530220313,1
2026-05-23T09:57:00.3460210Z,1779530220346,0
2026-05-23T09:57:00.3785450Z,1779530220378,1
2026-05-23T09:57:00.4108810Z,1779530220410,1
2026-05-23T09:57:00.4436410Z,1779530220443,1
2026-05-23T09:57:00.4762590Z,1779530220476,0
2026-05-23T09:57:00.5086180Z,1779530220508,1
2026-05-23T09:57:00.5413780Z,1779530220541,0
2026-05-23T09:57:00.5740270Z,1779530220574,1
2026-05-23T09:57:00.6073560Z,1779530220607,1
2026-05-23T09:57:00.6397830Z,1779530220639,0
2026-05-23T09:57:00.6814430Z,1779530220681,1
2026-05-23T09:57:00.7129120Z,1779530220712,1
2026-05-23T09:57:00.7527530Z,1779530220752,1
2026-05-23T09:57:00.7839290Z,1779530220783,0
2026-05-23T09:57:00.8168810Z,1779530220816,1
2026-05-23T09:57:00.8857930Z,1779530220885,1
2026-05-23T09:57:00.8892020Z,1779530220889,1
2026-05-23T09:57:00.9229100Z,1779530220922,0
2026-05-23T09:57:00.9558870Z,1779530220955,1
2026-05-23T09:57:00.9890950Z,1779530220989,1
2026-05-23T09:57:01.0215870Z,1779530221021,1
2026-05-23T09:57:01.0539250Z,1779530221053,0
2026-05-23T09:57:01.0868920Z,1779530221086,1
2026-05-23T09:57:01.1195190Z,1779530221119,1
2026-05-23T09:57:01.1529970Z,1779530221152,0
2026-05-23T09:57:01.1928320Z,1779530221192,1
2026-05-23T09:57:01.2620130Z,1779530221262,0
2026-05-23T09:57:01.2654380Z,1779530221265,2
2026-05-23T09:57:01.2972940Z,1779530221297,0
2026-05-23T09:57:01.3302780Z,1779530221330,1
2026-05-23T09:57:01.3628290Z,1779530221362,0
2026-05-23T09:57:01.3954690Z,1779530221395,1
2026-05-23T09:57:01.4279020Z,1779530221427,1
2026-05-23T09:57:01.4606920Z,1779530221460,0
2026-05-23T09:57:01.4933760Z,1779530221493,1
2026-05-23T09:57:01.5264400Z,1779530221526,1
2026-05-23T09:57:01.5586120Z,1779530221558,0
2026-05-23T09:57:01.5912650Z,1779530221591,1
2026-05-23T09:57:01.6241750Z,1779530221624,1
2026-05-23T09:57:01.6571420Z,1779530221657,0
2026-05-23T09:57:01.6901800Z,1779530221690,1
2026-05-23T09:57:01.7306920Z,1779530221730,1
2026-05-23T09:57:01.7627470Z,1779530221762,1
2026-05-23T09:57:01.8030130Z,1779530221803,0
2026-05-23T09:57:01.8344670Z,1779530221834,1
2026-05-23T09:57:01.8675920Z,1779530221867,1
2026-05-23T09:57:01.8998460Z,1779530221899,1
2026-05-23T09:57:01.9329010Z,1779530221932,0
2026-05-23T09:57:02.0014250Z,1779530222001,1
2026-05-23T09:57:02.0050280Z,1779530222005,2
2026-05-23T09:57:02.0382510Z,1779530222038,0
2026-05-23T09:57:02.0716130Z,1779530222071,0
2026-05-23T09:57:02.1049300Z,1779530222104,1
2026-05-23T09:57:02.1379370Z,1779530222137,1
2026-05-23T09:57:02.1707800Z,1779530222170,1
2026-05-23T09:57:02.2044370Z,1779530222204,0
2026-05-23T09:57:02.2444410Z,1779530222244,1
2026-05-23T09:57:02.2761830Z,1779530222276,1
2026-05-23T09:57:02.3167280Z,1779530222316,1
2026-05-23T09:57:02.3483470Z,1779530222348,0
2026-05-23T09:57:02.3811810Z,1779530222381,1
2026-05-23T09:57:02.4135160Z,1779530222413,1
2026-05-23T09:57:02.4467140Z,1779530222446,0
2026-05-23T09:57:02.4794960Z,1779530222479,1
2026-05-23T09:57:02.5119580Z,1779530222511,0
2026-05-23T09:57:02.5447530Z,1779530222544,1
2026-05-23T09:57:02.5779030Z,1779530222577,1
2026-05-23T09:57:02.6105080Z,1779530222610,1
2026-05-23T09:57:02.6430340Z,1779530222643,0
2026-05-23T09:57:02.6761250Z,1779530222676,1
2026-05-23T09:57:02.7093420Z,1779530222709,1
2026-05-23T09:57:02.7500090Z,1779530222750,1
2026-05-23T09:57:02.7807830Z,1779530222780,0
2026-05-23T09:57:02.8135100Z,1779530222813,1
2026-05-23T09:57:02.8466370Z,1779530222846,1
2026-05-23T09:57:02.8792360Z,1779530222879,1
2026-05-23T09:57:02.9116700Z,1779530222911,0
2026-05-23T09:57:02.9446670Z,1779530222944,1
2026-05-23T09:57:02.9773940Z,1779530222977,1
2026-05-23T09:57:03.0099080Z,1779530223009,0
2026-05-23T09:57:03.0785360Z,1779530223078,1
2026-05-23T09:57:03.0815580Z,1779530223081,1
2026-05-23T09:57:03.1153470Z,1779530223115,1
2026-05-23T09:57:03.1482450Z,1779530223148,0
2026-05-23T09:57:03.1817700Z,1779530223181,1
2026-05-23T09:57:03.2153710Z,1779530223215,0
2026-05-23T09:57:03.2555830Z,1779530223255,1
2026-05-23T09:57:03.2874440Z,1779530223287,1
2026-05-23T09:57:03.3274080Z,1779530223327,1
2026-05-23T09:57:03.3589470Z,1779530223358,1
2026-05-23T09:57:03.3912200Z,1779530223391,1
2026-05-23T09:57:03.4236340Z,1779530223423,0
2026-05-23T09:57:03.4567140Z,1779530223456,1
2026-05-23T09:57:03.4893130Z,1779530223489,0
2026-05-23T09:57:03.5217370Z,1779530223521,1
2026-05-23T09:57:03.5545050Z,1779530223554,1
2026-05-23T09:57:03.5870100Z,1779530223587,1
2026-05-23T09:57:03.6199000Z,1779530223619,0
2026-05-23T09:57:03.6526490Z,1779530223652,1
2026-05-23T09:57:03.6857670Z,1779530223685,1
2026-05-23T09:57:03.7185210Z,1779530223718,0
2026-05-23T09:57:03.7595990Z,1779530223759,1
2026-05-23T09:57:03.7905490Z,1779530223790,1
2026-05-23T09:57:03.8310390Z,1779530223831,0
2026-05-23T09:57:03.8627480Z,1779530223862,1
2026-05-23T09:57:03.8948410Z,1779530223894,1
2026-05-23T09:57:03.9279880Z,1779530223927,0
2026-05-23T09:57:03.9606550Z,1779530223960,1
2026-05-23T09:57:03.9934930Z,1779530223993,1
2026-05-23T09:57:04.0304600Z,1779530224030,1
2026-05-23T09:57:04.0669390Z,1779530224066,0
2026-05-23T09:57:04.1428050Z,1779530224142,1
2026-05-23T09:57:04.1466710Z,1779530224146,2
2026-05-23T09:57:04.1835840Z,1779530224183,0
2026-05-23T09:57:04.2211780Z,1779530224221,1
2026-05-23T09:57:04.2938940Z,1779530224293,1
2026-05-23T09:57:04.2976270Z,1779530224297,1
2026-05-23T09:57:04.3302340Z,1779530224330,0
2026-05-23T09:57:04.3706630Z,1779530224370,1
2026-05-23T09:57:04.4017580Z,1779530224401,1
2026-05-23T09:57:04.4340770Z,1779530224434,0
2026-05-23T09:57:04.4668820Z,1779530224466,1
2026-05-23T09:57:04.4993650Z,1779530224499,1
2026-05-23T09:57:04.5319200Z,1779530224531,0
2026-05-23T09:57:04.5644060Z,1779530224564,1
2026-05-23T09:57:04.5973240Z,1779530224597,1
2026-05-23T09:57:04.6302170Z,1779530224630,0
2026-05-23T09:57:04.6623380Z,1779530224662,1
2026-05-23T09:57:04.6949980Z,1779530224694,1
2026-05-23T09:57:04.7291510Z,1779530224729,0
2026-05-23T09:57:04.7699870Z,1779530224769,1
2026-05-23T09:57:04.8008060Z,1779530224800,1
2026-05-23T09:57:04.8414310Z,1779530224841,1
2026-05-23T09:57:04.8727000Z,1779530224872,1
2026-05-23T09:57:04.9052290Z,1779530224905,0
2026-05-23T09:57:04.9378100Z,1779530224937,1
2026-05-23T09:57:04.9705070Z,1779530224970,1
2026-05-23T09:57:05.0034140Z,1779530225003,0
2026-05-23T09:57:05.0361170Z,1779530225036,1
2026-05-23T09:57:05.0684990Z,1779530225068,0
2026-05-23T09:57:05.1011030Z,1779530225101,1
2026-05-23T09:57:05.1337460Z,1779530225133,1
2026-05-23T09:57:05.1664640Z,1779530225166,1
2026-05-23T09:57:05.2355980Z,1779530225235,0
2026-05-23T09:57:05.2391450Z,1779530225239,2
2026-05-23T09:57:05.2723680Z,1779530225272,0
2026-05-23T09:57:05.3127920Z,1779530225312,1
2026-05-23T09:57:05.3839290Z,1779530225383,0
2026-05-23T09:57:05.3882110Z,1779530225388,2
2026-05-23T09:57:05.4205210Z,1779530225420,0
2026-05-23T09:57:05.4534840Z,1779530225453,1
2026-05-23T09:57:05.4862420Z,1779530225486,0
2026-05-23T09:57:05.5186210Z,1779530225518,1
2026-05-23T09:57:05.5517380Z,1779530225551,1
2026-05-23T09:57:05.5844250Z,1779530225584,1
2026-05-23T09:57:05.6173170Z,1779530225617,0
2026-05-23T09:57:05.6492740Z,1779530225649,1
2026-05-23T09:57:05.6816690Z,1779530225681,1
2026-05-23T09:57:05.7144540Z,1779530225714,0
2026-05-23T09:57:05.7475680Z,1779530225747,1
2026-05-23T09:57:05.7874200Z,1779530225787,1
2026-05-23T09:57:05.8576550Z,1779530225857,1
2026-05-23T09:57:05.8610720Z,1779530225861,1
2026-05-23T09:57:05.8929700Z,1779530225892,0
2026-05-23T09:57:05.9260360Z,1779530225926,1
2026-05-23T09:57:05.9583030Z,1779530225958,1
2026-05-23T09:57:05.9911320Z,1779530225991,0
2026-05-23T09:57:06.0238130Z,1779530226023,1
2026-05-23T09:57:06.0567990Z,1779530226056,0
2026-05-23T09:57:06.0892910Z,1779530226089,1
2026-05-23T09:57:06.1219510Z,1779530226121,1
2026-05-23T09:57:06.1546970Z,1779530226154,1
2026-05-23T09:57:06.1876880Z,1779530226187,0
2026-05-23T09:57:06.2200130Z,1779530226220,1
2026-05-23T09:57:06.2962740Z,1779530226296,1
2026-05-23T09:57:06.3012420Z,1779530226301,1
2026-05-23T09:57:06.3353830Z,1779530226335,0
2026-05-23T09:57:06.3756740Z,1779530226375,1
2026-05-23T09:57:06.4074790Z,1779530226407,1
2026-05-23T09:57:06.4402160Z,1779530226440,1
2026-05-23T09:57:06.4729840Z,1779530226472,0
2026-05-23T09:57:06.5060590Z,1779530226506,1
2026-05-23T09:57:06.5391300Z,1779530226539,1
2026-05-23T09:57:06.5710980Z,1779530226571,1
2026-05-23T09:57:06.6035190Z,1779530226603,0
2026-05-23T09:57:06.6365620Z,1779530226636,1
2026-05-23T09:57:06.6692790Z,1779530226669,1
2026-05-23T09:57:06.7020930Z,1779530226702,0
2026-05-23T09:57:06.7347100Z,1779530226734,1
2026-05-23T09:57:06.7680350Z,1779530226768,0
2026-05-23T09:57:06.8404060Z,1779530226840,1
2026-05-23T09:57:06.8447110Z,1779530226844,2
2026-05-23T09:57:06.8770160Z,1779530226877,0
2026-05-23T09:57:06.9185780Z,1779530226918,0
2026-05-23T09:57:06.9497820Z,1779530226949,2
2026-05-23T09:57:06.9824190Z,1779530226982,0
2026-05-23T09:57:07.0155980Z,1779530227015,1
2026-05-23T09:57:07.0480920Z,1779530227048,0
2026-05-23T09:57:07.0810270Z,1779530227081,1
2026-05-23T09:57:07.1138750Z,1779530227113,1
2026-05-23T09:57:07.1464380Z,1779530227146,1
2026-05-23T09:57:07.1789120Z,1779530227178,0
2026-05-23T09:57:07.2115880Z,1779530227211,1
2026-05-23T09:57:07.2444090Z,1779530227244,1
2026-05-23T09:57:07.2774070Z,1779530227277,1
2026-05-23T09:57:07.3492110Z,1779530227349,0
2026-05-23T09:57:07.3935870Z,1779530227393,2
2026-05-23T09:57:07.3983530Z,1779530227398,1
2026-05-23T09:57:07.4318400Z,1779530227431,0
2026-05-23T09:57:07.4651330Z,1779530227465,0
2026-05-23T09:57:07.4981570Z,1779530227498,1
2026-05-23T09:57:07.5306170Z,1779530227530,1
2026-05-23T09:57:07.5641900Z,1779530227564,1
2026-05-23T09:57:07.5964090Z,1779530227596,0
2026-05-23T09:57:07.6285680Z,1779530227628,1
2026-05-23T09:57:07.6614460Z,1779530227661,1
2026-05-23T09:57:07.6941930Z,1779530227694,0
2026-05-23T09:57:07.7273390Z,1779530227727,1
2026-05-23T09:57:07.7595850Z,1779530227759,1
2026-05-23T09:57:07.7925420Z,1779530227792,1
2026-05-23T09:57:07.8641450Z,1779530227864,0
2026-05-23T09:57:07.8679710Z,1779530227867,1
2026-05-23T09:57:07.9009290Z,1779530227900,1
2026-05-23T09:57:07.9406910Z,1779530227940,1
2026-05-23T09:57:07.9721270Z,1779530227972,1
2026-05-23T09:57:08.0048280Z,1779530228004,0
2026-05-23T09:57:08.0375720Z,1779530228037,0
2026-05-23T09:57:08.0705940Z,1779530228070,1
2026-05-23T09:57:08.1035710Z,1779530228103,1
2026-05-23T09:57:08.1359460Z,1779530228135,1
2026-05-23T09:57:08.1684680Z,1779530228168,0
2026-05-23T09:57:08.2011250Z,1779530228201,1
2026-05-23T09:57:08.2336240Z,1779530228233,1
2026-05-23T09:57:08.2665110Z,1779530228266,1
2026-05-23T09:57:08.2993370Z,1779530228299,0
2026-05-23T09:57:08.3710120Z,1779530228371,1
2026-05-23T09:57:08.3752010Z,1779530228375,2
2026-05-23T09:57:08.4075320Z,1779530228407,0
2026-05-23T09:57:08.4474720Z,1779530228447,0
2026-05-23T09:57:08.5203650Z,1779530228520,1
2026-05-23T09:57:08.5235890Z,1779530228523,2
2026-05-23T09:57:08.5575450Z,1779530228557,0
2026-05-23T09:57:08.5906570Z,1779530228590,0
2026-05-23T09:57:08.6233980Z,1779530228623,1
2026-05-23T09:57:08.6562300Z,1779530228656,1
2026-05-23T09:57:08.6888540Z,1779530228688,1
2026-05-23T09:57:08.7214310Z,1779530228721,0
2026-05-23T09:57:08.7540680Z,1779530228754,1
2026-05-23T09:57:08.7867980Z,1779530228786,1
2026-05-23T09:57:08.8195220Z,1779530228819,0
2026-05-23T09:57:08.8526130Z,1779530228852,1
2026-05-23T09:57:08.8931770Z,1779530228893,0
2026-05-23T09:57:08.9623040Z,1779530228962,2
2026-05-23T09:57:08.9669410Z,1779530228966,1
2026-05-23T09:57:08.9988970Z,1779530228998,0
2026-05-23T09:57:09.0318390Z,1779530229031,1
2026-05-23T09:57:09.0641230Z,1779530229064,1
2026-05-23T09:57:09.0970450Z,1779530229097,0
2026-05-23T09:57:09.1295540Z,1779530229129,1
2026-05-23T09:57:09.1623110Z,1779530229162,0
2026-05-23T09:57:09.1948050Z,1779530229194,1
2026-05-23T09:57:09.2279640Z,1779530229227,1
2026-05-23T09:57:09.2601610Z,1779530229260,1
2026-05-23T09:57:09.2929530Z,1779530229292,0
2026-05-23T09:57:09.3257830Z,1779530229325,1
2026-05-23T09:57:09.3588540Z,1779530229358,1
2026-05-23T09:57:09.3996070Z,1779530229399,1
2026-05-23T09:57:09.4315390Z,1779530229431,0
2026-05-23T09:57:09.4722620Z,1779530229472,1
2026-05-23T09:57:09.5423640Z,1779530229542,1
2026-05-23T09:57:09.5810410Z,1779530229581,1
2026-05-23T09:57:09.5855310Z,1779530229585,1
2026-05-23T09:57:09.6187820Z,1779530229618,0
2026-05-23T09:57:09.6520860Z,1779530229652,1
2026-05-23T09:57:09.6849210Z,1779530229684,1
2026-05-23T09:57:09.7180370Z,1779530229718,0
2026-05-23T09:57:09.7504990Z,1779530229750,1
2026-05-23T09:57:09.7830030Z,1779530229783,1
2026-05-23T09:57:09.8159930Z,1779530229815,1
2026-05-23T09:57:09.8487300Z,1779530229848,0
2026-05-23T09:57:09.9212800Z,1779530229921,1
2026-05-23T09:57:09.9256970Z,1779530229925,1
2026-05-23T09:57:09.9580800Z,1779530229958,1
2026-05-23T09:57:09.9989000Z,1779530229998,0
2026-05-23T09:57:10.0296730Z,1779530230029,1
2026-05-23T09:57:10.0622850Z,1779530230062,1
2026-05-23T09:57:10.0950020Z,1779530230095,0
2026-05-23T09:57:10.1281760Z,1779530230128,1
2026-05-23T09:57:10.1604850Z,1779530230160,1
2026-05-23T09:57:10.1932440Z,1779530230193,1
2026-05-23T09:57:10.2262070Z,1779530230226,0
2026-05-23T09:57:10.2586770Z,1779530230258,1
2026-05-23T09:57:10.2911860Z,1779530230291,0
2026-05-23T09:57:10.3240280Z,1779530230324,1
2026-05-23T09:57:10.3572560Z,1779530230357,1
2026-05-23T09:57:10.4300740Z,1779530230430,1
2026-05-23T09:57:10.4342860Z,1779530230434,1
2026-05-23T09:57:10.4671740Z,1779530230467,0
2026-05-23T09:57:10.5077130Z,1779530230507,1
2026-05-23T09:57:10.5387920Z,1779530230538,1
2026-05-23T09:57:10.5715070Z,1779530230571,0
2026-05-23T09:57:10.6041590Z,1779530230604,1
2026-05-23T09:57:10.6374050Z,1779530230637,1
2026-05-23T09:57:10.7065660Z,1779530230706,1
2026-05-23T09:57:10.7100490Z,1779530230710,1
2026-05-23T09:57:10.7436510Z,1779530230743,0
2026-05-23T09:57:10.7770920Z,1779530230777,1
2026-05-23T09:57:10.8100390Z,1779530230810,1
2026-05-23T09:57:10.8427280Z,1779530230842,0
2026-05-23T09:57:10.8761700Z,1779530230876,1
2026-05-23T09:57:10.9094770Z,1779530230909,1
2026-05-23T09:57:10.9502570Z,1779530230950,1
2026-05-23T09:57:11.0203800Z,1779530231020,0
2026-05-23T09:57:11.0241240Z,1779530231024,2
2026-05-23T09:57:11.0567610Z,1779530231056,0
2026-05-23T09:57:11.0891440Z,1779530231089,1
2026-05-23T09:57:11.1216450Z,1779530231121,0
2026-05-23T09:57:11.1546810Z,1779530231154,1
2026-05-23T09:57:11.1876960Z,1779530231187,1
2026-05-23T09:57:11.2202180Z,1779530231220,0
2026-05-23T09:57:11.2528120Z,1779530231252,1
2026-05-23T09:57:11.2860510Z,1779530231286,1
2026-05-23T09:57:11.3185000Z,1779530231318,0
2026-05-23T09:57:11.3512940Z,1779530231351,1
2026-05-23T09:57:11.3841190Z,1779530231384,1
2026-05-23T09:57:11.4177900Z,1779530231417,0
2026-05-23T09:57:11.4591650Z,1779530231459,1
2026-05-23T09:57:11.4910220Z,1779530231491,1
2026-05-23T09:57:11.5311630Z,1779530231531,1
2026-05-23T09:57:11.5628310Z,1779530231562,1
2026-05-23T09:57:11.5955000Z,1779530231595,0
2026-05-23T09:57:11.6280420Z,1779530231628,1
2026-05-23T09:57:11.6609170Z,1779530231660,1
2026-05-23T09:57:11.6935480Z,1779530231693,0
2026-05-23T09:57:11.7625720Z,1779530231762,1
2026-05-23T09:57:11.7658070Z,1779530231765,2
2026-05-23T09:57:11.7992210Z,1779530231799,0
2026-05-23T09:57:11.8324280Z,1779530231832,0
2026-05-23T09:57:11.8655630Z,1779530231865,1
2026-05-23T09:57:11.8982250Z,1779530231898,1
2026-05-23T09:57:11.9704350Z,1779530231970,1
2026-05-23T09:57:11.9739090Z,1779530231973,1
2026-05-23T09:57:12.0073420Z,1779530232007,0
2026-05-23T09:57:12.0469830Z,1779530232046,1
2026-05-23T09:57:12.0782560Z,1779530232078,1
2026-05-23T09:57:12.1107720Z,1779530232110,0
2026-05-23T09:57:12.1436030Z,1779530232143,1
2026-05-23T09:57:12.1768360Z,1779530232176,1
2026-05-23T09:57:12.2088580Z,1779530232208,1
2026-05-23T09:57:12.2415050Z,1779530232241,0
2026-05-23T09:57:12.2741760Z,1779530232274,1
2026-05-23T09:57:12.3072930Z,1779530232307,0
2026-05-23T09:57:12.3398590Z,1779530232339,1
2026-05-23T09:57:12.3723510Z,1779530232372,1
2026-05-23T09:57:12.4055850Z,1779530232405,0
2026-05-23T09:57:12.4773890Z,1779530232477,1
2026-05-23T09:57:12.4809050Z,1779530232480,2
2026-05-23T09:57:12.5136620Z,1779530232513,0
2026-05-23T09:57:12.5537670Z,1779530232553,0
2026-05-23T09:57:12.5848840Z,1779530232584,1
2026-05-23T09:57:12.6179140Z,1779530232617,1
2026-05-23T09:57:12.6507410Z,1779530232650,1
2026-05-23T09:57:12.6827990Z,1779530232682,0
2026-05-23T09:57:12.7157550Z,1779530232715,1
2026-05-23T09:57:12.7479400Z,1779530232747,1
2026-05-23T09:57:12.7805990Z,1779530232780,0
2026-05-23T09:57:12.8499130Z,1779530232849,1
2026-05-23T09:57:12.8532790Z,1779530232853,2
2026-05-23T09:57:12.8873270Z,1779530232887,0
2026-05-23T09:57:12.9204420Z,1779530232920,0
2026-05-23T09:57:12.9934510Z,1779530232993,1
2026-05-23T09:57:12.9976540Z,1779530232997,2
2026-05-23T09:57:13.0303300Z,1779530233030,0
2026-05-23T09:57:13.0713610Z,1779530233071,0
2026-05-23T09:57:13.1023940Z,1779530233102,1
2026-05-23T09:57:13.1348440Z,1779530233134,1
2026-05-23T09:57:13.1675900Z,1779530233167,1
2026-05-23T09:57:13.2001420Z,1779530233200,0
2026-05-23T09:57:13.2329170Z,1779530233232,1
2026-05-23T09:57:13.2655120Z,1779530233265,1
2026-05-23T09:57:13.2980360Z,1779530233298,0
2026-05-23T09:57:13.3307600Z,1779530233330,1
2026-05-23T09:57:13.3632340Z,1779530233363,1
2026-05-23T09:57:13.3963800Z,1779530233396,0
2026-05-23T09:57:13.4288650Z,1779530233428,1
2026-05-23T09:57:13.5010850Z,1779530233501,1
2026-05-23T09:57:13.5061300Z,1779530233506,1
2026-05-23T09:57:13.5395080Z,1779530233539,0
2026-05-23T09:57:13.5796520Z,1779530233579,1
2026-05-23T09:57:13.6106560Z,1779530233610,1
2026-05-23T09:57:13.6435190Z,1779530233643,1
2026-05-23T09:57:13.6762930Z,1779530233676,0
2026-05-23T09:57:13.7086470Z,1779530233708,1
2026-05-23T09:57:13.7428120Z,1779530233742,1
2026-05-23T09:57:13.7780730Z,1779530233778,1
2026-05-23T09:57:13.8126660Z,1779530233812,0
2026-05-23T09:57:13.8467070Z,1779530233846,1
2026-05-23T09:57:13.9144810Z,1779530233914,1
2026-05-23T09:57:13.9181340Z,1779530233918,1
2026-05-23T09:57:13.9526710Z,1779530233952,0
2026-05-23T09:57:13.9944170Z,1779530233994,1
2026-05-23T09:57:14.0699610Z,1779530234069,1
2026-05-23T09:57:14.0757130Z,1779530234075,1
2026-05-23T09:57:14.1129660Z,1779530234112,0
2026-05-23T09:57:14.1496020Z,1779530234149,1
2026-05-23T09:57:14.1855840Z,1779530234185,1
2026-05-23T09:57:14.2218790Z,1779530234221,1
2026-05-23T09:57:14.2556530Z,1779530234255,0
2026-05-23T09:57:14.2878170Z,1779530234287,1
2026-05-23T09:57:14.3204000Z,1779530234320,1
2026-05-23T09:57:14.3532010Z,1779530234353,1
2026-05-23T09:57:14.3863710Z,1779530234386,0
2026-05-23T09:57:14.4187580Z,1779530234418,1
2026-05-23T09:57:14.4520880Z,1779530234452,1
2026-05-23T09:57:14.4856990Z,1779530234485,1
2026-05-23T09:57:14.5265760Z,1779530234526,0
2026-05-23T09:57:14.5574230Z,1779530234557,1
2026-05-23T09:57:14.5985740Z,1779530234598,1
2026-05-23T09:57:14.6298290Z,1779530234629,1
2026-05-23T09:57:14.6622210Z,1779530234662,0
2026-05-23T09:57:14.6949300Z,1779530234694,1
2026-05-23T09:57:14.7280510Z,1779530234728,1
2026-05-23T09:57:14.7604930Z,1779530234760,0
2026-05-23T09:57:14.7932650Z,1779530234793,1
2026-05-23T09:57:14.8261990Z,1779530234826,0
2026-05-23T09:57:14.8586380Z,1779530234858,1
2026-05-23T09:57:14.8916070Z,1779530234891,1
2026-05-23T09:57:14.9242770Z,1779530234924,1
2026-05-23T09:57:14.9581170Z,1779530234958,0
2026-05-23T09:57:15.0381550Z,1779530235038,1
2026-05-23T09:57:15.0419890Z,1779530235041,2
2026-05-23T09:57:15.0764840Z,1779530235076,0
2026-05-23T09:57:15.1168110Z,1779530235116,0
2026-05-23T09:57:15.1480470Z,1779530235148,1
2026-05-23T09:57:15.1815200Z,1779530235181,1
2026-05-23T09:57:15.2141350Z,1779530235214,1
2026-05-23T09:57:15.2475880Z,1779530235247,0
2026-05-23T09:57:15.2797600Z,1779530235279,1
2026-05-23T09:57:15.3126110Z,1779530235312,1
2026-05-23T09:57:15.3456360Z,1779530235345,1
2026-05-23T09:57:15.3783120Z,1779530235378,0
2026-05-23T09:57:15.4113380Z,1779530235411,1
2026-05-23T09:57:15.4440180Z,1779530235444,0
2026-05-23T09:57:15.4769150Z,1779530235476,1
2026-05-23T09:57:15.5104080Z,1779530235510,1
2026-05-23T09:57:15.5509790Z,1779530235550,0
2026-05-23T09:57:15.5824040Z,1779530235582,1
2026-05-23T09:57:15.6150070Z,1779530235615,1
2026-05-23T09:57:15.6482530Z,1779530235648,1
2026-05-23T09:57:15.6812190Z,1779530235681,0
2026-05-23T09:57:15.7134540Z,1779530235713,1
2026-05-23T09:57:15.7460310Z,1779530235746,1
2026-05-23T09:57:15.7785860Z,1779530235778,1
2026-05-23T09:57:15.8114310Z,1779530235811,0
2026-05-23T09:57:15.8439750Z,1779530235843,1
2026-05-23T09:57:15.8770460Z,1779530235877,1
2026-05-23T09:57:15.9093040Z,1779530235909,1
2026-05-23T09:57:15.9421600Z,1779530235942,0
2026-05-23T09:57:15.9750460Z,1779530235975,1
2026-05-23T09:57:16.0083090Z,1779530236008,1
2026-05-23T09:57:16.0495690Z,1779530236049,0
2026-05-23T09:57:16.1227840Z,1779530236122,1
2026-05-23T09:57:16.1263110Z,1779530236126,2
2026-05-23T09:57:16.1593140Z,1779530236159,0
2026-05-23T09:57:16.1926940Z,1779530236192,1
2026-05-23T09:57:16.2257370Z,1779530236225,0
2026-05-23T09:57:16.2579790Z,1779530236257,1
2026-05-23T09:57:16.2909690Z,1779530236290,1
2026-05-23T09:57:16.3233660Z,1779530236323,0
2026-05-23T09:57:16.3561420Z,1779530236356,1
2026-05-23T09:57:16.3885720Z,1779530236388,0
2026-05-23T09:57:16.4211330Z,1779530236421,1
2026-05-23T09:57:16.4537080Z,1779530236453,1
2026-05-23T09:57:16.4871940Z,1779530236487,1
2026-05-23T09:57:16.5200080Z,1779530236520,0
2026-05-23T09:57:16.5616720Z,1779530236561,1
2026-05-23T09:57:16.5923840Z,1779530236592,1
2026-05-23T09:57:16.6325180Z,1779530236632,1
2026-05-23T09:57:16.6639120Z,1779530236663,0
2026-05-23T09:57:16.6967240Z,1779530236696,1
2026-05-23T09:57:16.7290800Z,1779530236729,1
2026-05-23T09:57:16.7618990Z,1779530236761,1
2026-05-23T09:57:16.7946400Z,1779530236794,0
2026-05-23T09:57:16.8274370Z,1779530236827,1
2026-05-23T09:57:16.8598620Z,1779530236859,1
2026-05-23T09:57:16.8924550Z,1779530236892,0
2026-05-23T09:57:16.9256020Z,1779530236925,1
2026-05-23T09:57:16.9575850Z,1779530236957,1
2026-05-23T09:57:16.9906050Z,1779530236990,0
2026-05-23T09:57:17.0233620Z,1779530237023,1
2026-05-23T09:57:17.0648310Z,1779530237064,1
2026-05-23T09:57:17.0962950Z,1779530237096,1
2026-05-23T09:57:17.1364370Z,1779530237136,0
2026-05-23T09:57:17.2032980Z,1779530237203,1
2026-05-23T09:57:17.2066700Z,1779530237206,1
2026-05-23T09:57:17.2400300Z,1779530237240,1
2026-05-23T09:57:17.2731390Z,1779530237273,0
2026-05-23T09:57:17.3069050Z,1779530237306,1
2026-05-23T09:57:17.3392660Z,1779530237339,1
2026-05-23T09:57:17.3719900Z,1779530237371,0
2026-05-23T09:57:17.4044830Z,1779530237404,1
2026-05-23T09:57:17.4372820Z,1779530237437,1
2026-05-23T09:57:17.4695550Z,1779530237469,1
2026-05-23T09:57:17.5021050Z,1779530237502,0
2026-05-23T09:57:17.5358030Z,1779530237535,1
2026-05-23T09:57:17.5761760Z,1779530237576,1
2026-05-23T09:57:17.6080640Z,1779530237608,1
2026-05-23T09:57:17.6477210Z,1779530237647,0
2026-05-23T09:57:17.6790380Z,1779530237679,1
2026-05-23T09:57:17.7113590Z,1779530237711,1
2026-05-23T09:57:17.7440710Z,1779530237744,1
2026-05-23T09:57:17.7767720Z,1779530237776,0
2026-05-23T09:57:17.8092600Z,1779530237809,1
2026-05-23T09:57:17.8415910Z,1779530237841,1
2026-05-23T09:57:17.8744230Z,1779530237874,0
2026-05-23T09:57:17.9071920Z,1779530237907,1
2026-05-23T09:57:17.9399010Z,1779530237939,0
2026-05-23T09:57:17.9723790Z,1779530237972,1
2026-05-23T09:57:18.0054290Z,1779530238005,1
2026-05-23T09:57:18.0382260Z,1779530238038,1
2026-05-23T09:57:18.0790540Z,1779530238079,0
2026-05-23T09:57:18.1099690Z,1779530238109,1
2026-05-23T09:57:18.1499100Z,1779530238149,1
2026-05-23T09:57:18.1812600Z,1779530238181,1
2026-05-23T09:57:18.2142660Z,1779530238214,0
2026-05-23T09:57:18.2832630Z,1779530238283,1
2026-05-23T09:57:18.2867230Z,1779530238286,2
2026-05-23T09:57:18.3202710Z,1779530238320,0
2026-05-23T09:57:18.3533630Z,1779530238353,0
2026-05-23T09:57:18.3868610Z,1779530238386,1
2026-05-23T09:57:18.4193220Z,1779530238419,1
2026-05-23T09:57:18.4519590Z,1779530238451,1
2026-05-23T09:57:18.4846790Z,1779530238484,0
2026-05-23T09:57:18.5179930Z,1779530238517,1
2026-05-23T09:57:18.5510500Z,1779530238551,1
2026-05-23T09:57:18.5911460Z,1779530238591,0
2026-05-23T09:57:18.6608310Z,1779530238660,1
2026-05-23T09:57:18.6641430Z,1779530238664,2
2026-05-23T09:57:18.6965370Z,1779530238696,0
2026-05-23T09:57:18.7293400Z,1779530238729,1
2026-05-23T09:57:18.7616650Z,1779530238761,0
2026-05-23T09:57:18.7943840Z,1779530238794,1
2026-05-23T09:57:18.8271940Z,1779530238827,0
2026-05-23T09:57:18.8598710Z,1779530238859,1
2026-05-23T09:57:18.8928130Z,1779530238892,1
2026-05-23T09:57:18.9255910Z,1779530238925,0
2026-05-23T09:57:18.9581420Z,1779530238958,1
2026-05-23T09:57:18.9907310Z,1779530238990,1
2026-05-23T09:57:19.0235930Z,1779530239023,1
2026-05-23T09:57:19.0566930Z,1779530239056,0
2026-05-23T09:57:19.0975090Z,1779530239097,1
2026-05-23T09:57:19.1292400Z,1779530239129,1
2026-05-23T09:57:19.1696210Z,1779530239169,1
2026-05-23T09:57:19.2012460Z,1779530239201,0
2026-05-23T09:57:19.2340380Z,1779530239234,1
2026-05-23T09:57:19.2668260Z,1779530239266,1
2026-05-23T09:57:19.2993570Z,1779530239299,1
2026-05-23T09:57:19.3695490Z,1779530239369,0
2026-05-23T09:57:19.3725690Z,1779530239372,2
2026-05-23T09:57:19.4065030Z,1779530239406,0
2026-05-23T09:57:19.4395490Z,1779530239439,1
2026-05-23T09:57:19.4726840Z,1779530239472,0
2026-05-23T09:57:19.5056200Z,1779530239505,1
2026-05-23T09:57:19.5382400Z,1779530239538,1
2026-05-23T09:57:19.5714100Z,1779530239571,0
2026-05-23T09:57:19.6434680Z,1779530239643,1
2026-05-23T09:57:19.6472900Z,1779530239647,1
2026-05-23T09:57:19.6803340Z,1779530239680,1
2026-05-23T09:57:19.7205780Z,1779530239720,0
2026-05-23T09:57:19.7517810Z,1779530239751,1
2026-05-23T09:57:19.7846050Z,1779530239784,1
2026-05-23T09:57:19.8173730Z,1779530239817,1
2026-05-23T09:57:19.8502340Z,1779530239850,0
2026-05-23T09:57:19.8829590Z,1779530239882,1
2026-05-23T09:57:19.9159190Z,1779530239915,0
2026-05-23T09:57:19.9483380Z,1779530239948,1
2026-05-23T09:57:19.9810680Z,1779530239981,1
2026-05-23T09:57:20.0136960Z,1779530240013,1
2026-05-23T09:57:20.0466130Z,1779530240046,0
2026-05-23T09:57:20.0794800Z,1779530240079,1
2026-05-23T09:57:20.1514010Z,1779530240151,1
2026-05-23T09:57:20.1551680Z,1779530240155,1
2026-05-23T09:57:20.1878170Z,1779530240187,0
2026-05-23T09:57:20.2280250Z,1779530240228,1
2026-05-23T09:57:20.2591620Z,1779530240259,1
2026-05-23T09:57:20.2917190Z,1779530240291,1
2026-05-23T09:57:20.3243310Z,1779530240324,0
2026-05-23T09:57:20.3574920Z,1779530240357,1
2026-05-23T09:57:20.4258950Z,1779530240425,1
2026-05-23T09:57:20.4292520Z,1779530240429,1
2026-05-23T09:57:20.4629200Z,1779530240462,0
2026-05-23T09:57:20.4965190Z,1779530240496,1
2026-05-23T09:57:20.5366930Z,1779530240536,1
2026-05-23T09:57:20.5683070Z,1779530240568,1
2026-05-23T09:57:20.6407380Z,1779530240640,0
2026-05-23T09:57:20.6451130Z,1779530240645,2
2026-05-23T09:57:20.6770370Z,1779530240677,0
2026-05-23T09:57:20.7484520Z,1779530240748,1
2026-05-23T09:57:20.7521340Z,1779530240752,1
2026-05-23T09:57:20.7843980Z,1779530240784,0
2026-05-23T09:57:20.8172760Z,1779530240817,1
2026-05-23T09:57:20.8496270Z,1779530240849,1
2026-05-23T09:57:20.8821080Z,1779530240882,0
2026-05-23T09:57:20.9145640Z,1779530240914,1
2026-05-23T09:57:20.9475820Z,1779530240947,1
2026-05-23T09:57:20.9805400Z,1779530240980,0
2026-05-23T09:57:21.0160000Z,1779530241016,1
2026-05-23T09:57:21.0507270Z,1779530241050,0
2026-05-23T09:57:21.0868090Z,1779530241086,1
2026-05-23T09:57:21.1612870Z,1779530241161,1
2026-05-23T09:57:21.1662060Z,1779530241166,1
2026-05-23T09:57:21.2089790Z,1779530241208,1
2026-05-23T09:57:21.2432070Z,1779530241243,1
2026-05-23T09:57:21.2759030Z,1779530241275,0
2026-05-23T09:57:21.3110970Z,1779530241311,1
2026-05-23T09:57:21.3465490Z,1779530241346,1
2026-05-23T09:57:21.3816880Z,1779530241381,1
2026-05-23T09:57:21.4164600Z,1779530241416,0
2026-05-23T09:57:21.4490760Z,1779530241449,1
2026-05-23T09:57:21.5187990Z,1779530241518,1
2026-05-23T09:57:21.5228570Z,1779530241522,1
2026-05-23T09:57:21.5574290Z,1779530241557,0
2026-05-23T09:57:21.5909630Z,1779530241590,1
2026-05-23T09:57:21.6390820Z,1779530241639,1
2026-05-23T09:57:21.6659220Z,1779530241665,1
2026-05-23T09:57:21.6991070Z,1779530241699,0
2026-05-23T09:57:21.7392830Z,1779530241739,1
2026-05-23T09:57:21.7700000Z,1779530241770,1
2026-05-23T09:57:21.8025980Z,1779530241802,1
2026-05-23T09:57:21.8357600Z,1779530241835,0
2026-05-23T09:57:21.8681290Z,1779530241868,1
2026-05-23T09:57:21.9002750Z,1779530241900,0
2026-05-23T09:57:21.9330710Z,1779530241933,1
2026-05-23T09:57:21.9656960Z,1779530241965,1
2026-05-23T09:57:21.9982660Z,1779530241998,1
2026-05-23T09:57:22.0310070Z,1779530242031,0
2026-05-23T09:57:22.0634400Z,1779530242063,1
2026-05-23T09:57:22.0964150Z,1779530242096,1
2026-05-23T09:57:22.1287640Z,1779530242128,1
2026-05-23T09:57:22.1619940Z,1779530242161,0
2026-05-23T09:57:22.2025930Z,1779530242202,1
2026-05-23T09:57:22.2716960Z,1779530242271,1
2026-05-23T09:57:22.2753510Z,1779530242275,1
2026-05-23T09:57:22.3069970Z,1779530242306,0
2026-05-23T09:57:22.3739940Z,1779530242373,1
2026-05-23T09:57:22.3796640Z,1779530242379,1
2026-05-23T09:57:22.4156700Z,1779530242415,1
2026-05-23T09:57:22.4861860Z,1779530242486,0
